15207 7001 23519 23364 25979 11295 19718 14514 17674 15138 542 14844 29305 16205 29832 6958 31479 7797 29480 32093 27906 27486 28338 32249 13052 28820 30481 9079 11726 29624 11467 30480 20804 15379 27679 26134 18861 4381 5404 27947 5265 7546 5472 11725 6199 14573 15805 30121 13060 21595 23117 8789 18958 22019 30621 30099 29800 24377 29415 12988 21935 1052 15569 15223 21082 20167 6852 183 10103 2360 23345 25916 7857 22254 31861 893 2554 20620 10165 28943 29756 25485 21739 3578 12451 15148 30316 13730 15673 22287 23545 8783 7080 15619 21329 28671 6948 26539 20988 3275 17895 15431 28050 17279 30349 18058 18130 3832 30798 12645 2577 12272 25888 4911 19140 6740 29608 5553 18725 4364 15533 10233 32086 20990 30821 5943 29221 18128 19062 27432 26375 19137 16472 16059 21424 9225 18610 8001 27926 2222 25446 25558 25052 2742 10336 12393 21335 18633 21234 20651 28789 12764 20352 2187 11344 5823 582 23414 416 14703 2864 19221 1912 14399 30346 9666 7304 22462 28940 485 5852 17253 10019 8398 11963 13648 2479 23134 11434 23127 25495 22456 19894 11920 11867 32672 11058 2094 22343 9429 4579 27353 2809 27879 25063 24977 29333 28265 11529 27082 
6983 24979 5776 7380 10148 15814 14829 7034 2487 11006 32225 26201 10236 12209 2651 7895 32416 14980 16009 24733 18153 23772 14262 6229 24919 26163 12597 10144 4433 20511 1442 565 23215 1877 13148 17924 30824 20758 32625 17712 31736 24324 5694 14899 10356 27509 19417 13320 15941 4345 1648 11561 16413 31210 10224 6153 11806 2587 15609 29913 20119 29831 1101 1526 14701 27922 10939 12274 20160 4065 18915 21896 19939 29377 10425 10504 25560 16005 18049 9351 20174 7484 22973 13382 24148 14345 32383 27513 31567 11125 4610 11980 14208 31034 25179 18716 14229 31123 9531 6072 10460 18175 6553 20312 9487 806 438 13884 27848 29265 23166 14912 362 3431 28383 3589 29804 23042 12834 9483 21521 29034 6547 19015 19521 10959 2587 26648 12855 24319 31427 417 18714 18980 22182 3077 22000 3104 24887 13930 29731 12351 17831 14446 17231 31922 1283 20999 18203 30985 13147 31943 17963 28328 14849 17373 636 26457 4160 29563 9096 7892 22646 13753 909 23070 24988 25431 21153 5620 5127 14940 28814 283 26725 30981 5916 16173 3654 13688 1902 13353 6772 5585 30328 2817 15991 13140 31351 7125 21457 10556 2095 27004 18447 22194 26157 32523 831 22788 
26521 12108 30849 23995 31468 31658 5907 29116 9437 7804 24944 29180 11030 32365 21649 6152 15787 30554 3300 30581 20963 12464 30347 8680 17768 18136 32465 8788 9905 3612 13375 13008 15696 16971 15036 14127 8511 9979 25805 4854 26517 9220 15115 25047 2944 15870 7266 19991 9924 26369 27022 16980 9068 15170 30294 23117 14332 7848 25769 19952 31076 20666 18332 29001 6335 10651 14121 12384 20346 10332 31807 5778 19688 1253 9487 13196 30915 18825 4427 9292 11955 26815 12594 31962 26525 20096 27803 27830 3157 25167 17082 19116 8441 5421 20807 15729 1618 5013 6306 15863 8630 30069 19883 23888 11840 5713 30580 14883 27060 14850 14581 12590 18578 13268 635 13276 26664 20714 23246 21053 7262 3585 20441 21455 6021 26398 21063 12572 26207 23168 16706 19003 20247 22394 10481 15048 20758 22052 6913 11253 7366 25696 14346 11702 30568 29860 26052 18311 22635 27745 21872 27732 11667 24298 8823 8612 19333 31735 27120 24531 12871 23421 5570 12623 14809 14562 15901 12185 15708 28165 25514 11518 15107 2920 32018 15477 25605 5628 347 12311 16475 22248 23116 13128 28239 9912 19115 25100 18886 18131 1520 23784 31943 29859 17077 3871 20485 22881 23070 23780 
23714 11039 755 10728 20860 7717 9112 22174 797 1706 18219 4083 26612 17516 26330 1180 1136 26720 13624 9166 27062 25402 219 4034 9015 25221 31660 3930 13752 26249 27584 17589 17558 19870 13995 12657 30657 31524 20601 22952 19857 8186 9072 18023 25267 28942 20209 9740 9832 28669 2717 200 28685 28009 27771 26036 23825 24196 23560 20154 19508 20737 23128 7413 30985 31089 25562 3526 14799 7039 4446 5728 20785 613 15457 3889 5556 3673 2761 11241 10114 23615 26211 26651 9891 24974 12803 22787 22546 2772 2123 4393 2138 28639 30917 8651 2169 24910 27352 31948 10378 31308 16034 11155 32384 30020 17099 10064 301 3917 17647 11203 5376 28787 14756 15808 8215 7083 15899 8800 27053 8574 15158 17662 28407 18089 11297 19485 15080 14673 6499 26861 5887 24510 1152 5502 2470 518 19941 17169 2212 24467 25010 23044 8989 8816 15214 22809 9087 11516 18013 12840 4722 21337 17115 29886 19454 17847 31935 18257 31221 16032 14120 28990 1479 14164 3984 30818 4664 13234 28304 30139 6878 26269 11167 29342 18267 17563 14050 22740 24492 15929 17595 6012 15269 7907 7252 9978 7254 5992 23657 25775 32154 2000 13761 19694 5532 17371 4769 11684 
4584 16121 1292 27951 15340 27682 1467 4415 20466 16229 30128 4020 23591 20386 4617 29265 29783 13819 28023 20936 3945 25695 23933 17603 3218 16254 11046 20478 4635 31520 17810 10516 30749 20744 31675 13017 27175 21511 27559 4701 1060 22181 14504 9770 30223 26695 3419 18078 4461 2428 29409 21716 12441 16212 13881 5788 15657 7082 20262 27472 14336 16758 20298 15956 25538 24180 6436 13656 6081 22429 15494 32252 8975 23642 2147 25552 11812 28155 10521 4774 20655 24464 8643 19314 23230 987 23884 1052 14885 10391 11248 636 5727 23717 17279 8290 31699 16150 16719 18184 14359 7445 22836 31285 13736 11521 7378 18473 18413 18200 18051 8273 15235 9224 19065 9015 27331 2838 21766 9165 16720 5330 11755 13086 19373 30080 17785 26879 20809 17699 16155 18104 32382 21888 11395 28 25220 16041 32315 2328 293 13365 19919 21312 29176 25411 26881 20540 8972 26111 15518 3846 7319 25418 7153 19821 20069 9108 6462 6757 16009 30389 4799 31972 3721 28219 17445 19901 6061 11497 2536 21538 19772 20841 22558 28102 32695 1604 32412 24913 31970 24162 16786 27107 16407 17297 4051 13603 28398 13001 3951 1155 14980 21340 2452 15445 32322 26417 22856 23964 
15259 27753 18097 9352 18718 24995 27833 11467 27355 18907 31625 11201 13999 20494 23558 22347 14915 11790 6588 12680 8985 3598 49 14444 3939 25889 6444 11029 28111 16838 15836 28775 8866 16971 32221 25094 12073 18087 4137 515 30215 21265 28720 21758 14664 19865 9755 8189 24943 19668 3199 8583 786 3232 2403 26705 12853 26929 23006 6070 14423 14227 27334 18376 3234 34 23580 30216 12270 23836 12093 15471 16075 3253 17668 8555 18480 15154 11346 30485 18263 28029 13926 18286 18942 4099 7057 20462 12640 11629 2404 31274 7020 16342 2212 25719 6613 2477 30607 30257 7609 7917 15567 3878 11016 27879 24594 1051 5846 9951 17877 9467 6494 26565 16338 32333 26458 11286 20560 8720 23227 12793 15077 7679 1057 13332 242 16792 10178 23962 8662 17268 14681 18215 25348 14257 14223 5440 22582 1349 26656 18439 32027 2371 101 12126 14648 2640 8303 16018 13251 5500 8944 16592 26002 11217 9647 14657 1185 12998 4087 9448 13546 3999 17280 10525 31240 24824 17030 13756 28638 29417 11666 30340 12411 22049 30811 1662 11336 25056 31426 10890 28872 21650 15192 8856 23594 16242 3331 9632 8015 22732 18427 2226 3902 8667 30908 15628 3479 31790 
6995 16914 8779 16977 4119 17395 11304 10630 28642 17651 20431 6158 21171 16999 19068 17449 491 2834 27910 3712 4354 15541 8032 3673 21770 29009 29673 6379 7431 18235 16945 3867 14264 22836 548 18417 20134 7942 27900 1172 11261 18563 9416 23466 19122 11113 12591 25988 19562 13699 17585 9680 7819 9294 9187 17992 22105 32526 15179 7359 7390 20834 32705 31028 2636 12421 26106 28514 31890 32048 13540 18595 5162 2760 12945 14704 21353 778 25279 6966 10237 9256 24758 9726 2626 21033 620 14604 1619 8085 27095 13034 18752 14676 25976 1911 2762 7373 3371 25077 17765 11580 30128 9997 2475 25822 24585 18262 11260 9352 19342 15255 18728 6040 32674 17962 31630 17645 1097 4975 22873 13543 20188 17683 9372 1436 11804 30103 19333 24094 2033 8058 9366 20053 23422 12031 27113 5180 16656 26429 28665 6900 20889 31359 22003 1938 11645 29509 28592 15789 20856 9612 15803 11644 24958 31668 24071 16796 7789 26124 6080 12018 4722 29164 2112 3233 25669 16953 18758 26253 14363 29122 32612 4775 24317 17479 593 13472 28049 4463 16718 28555 25859 6093 22320 12393 30487 6583 12542 29245 4076 12674 32759 25803 10388 3459 8794 17066 19435 4424 
17397 24785 1096 18081 26983 1888 22802 68 18216 23041 9473 17181 15507 14675 30392 19959 15666 32706 7207 29909 11099 32730 13245 8301 8010 1908 22527 2635 15193 21636 25021 8396 1397 7488 7978 6805 19931 3421 29523 1484 18529 32470 1874 8122 16584 18853 10662 17457 23021 6649 9020 1544 22004 13879 10033 31037 27223 13717 8436 20654 26445 26005 20518 18921 12703 10992 14461 26357 14871 4844 5859 20608 25456 23468 23576 30262 22652 19732 2959 7483 8239 22999 26342 14953 46 15383 20444 22784 25244 20880 13146 32227 29525 1469 4427 20106 24626 27784 30386 534 19191 10524 3076 25049 27115 16085 17777 16528 8079 24616 12664 14635 1620 27347 20178 3983 32151 7228 2514 161 7365 12910 15037 30548 3083 16928 16361 19098 5026 14605 7434 5294 10936 25838 6471 14952 3368 31939 17455 3043 17463 1026 6335 24113 16223 10837 21594 21882 31953 3862 4486 29895 32242 446 21813 14006 5694 20887 9302 32344 5940 31761 31670 5202 24482 25417 32460 4288 29225 30938 22740 26650 4922 12438 15692 13122 31413 7075 29750 16786 18194 32383 16604 6275 18890 32507 24660 7755 32481 27208 14251 7011 31553 15694 9212 22369 28936 7852 12664 12359 
19333 4356 30894 24768 16368 28018 10702 9431 41 28198 2045 31116 15754 2652 16728 9215 20914 6323 26379 13836 22627 7082 27794 24078 16432 1471 17284 7083 24031 29925 13784 6273 12070 8538 10725 29713 29102 27788 6442 13413 21810 28867 2080 8032 24578 24008 14388 12452 3266 28127 23933 22270 13734 19467 8976 9279 20782 7181 20302 26896 31378 19893 4774 7137 11853 10695 24983 23812 14174 3789 11816 4344 31914 27591 32235 26123 4904 23136 21882 29906 10362 8885 13208 28532 21044 7570 17138 7095 8247 13358 5212 28826 21264 20159 7302 28121 3485 26382 1703 22319 5988 29340 18655 22265 25514 19679 24268 29663 939 10892 20195 1151 21401 30701 9692 25864 14994 13419 4845 24970 2110 27027 16756 9909 27446 32748 32544 9182 10336 24754 947 21322 15293 500 18630 3877 12028 24559 25860 18156 6896 4992 1838 9056 21786 31468 20776 23614 15657 18951 6181 22033 24388 6017 22857 16647 29050 28420 2267 23174 16069 29111 31403 11971 4524 18996 23622 26365 8484 19153 10964 226 3551 15293 16507 7857 9716 9424 25820 20623 15772 16928 13473 16300 23661 13758 12023 24831 28562 22926 6471 22207 6232 2559 21466 31157 22073 6529 708 17559 
57 13918 24014 9363 30690 23562 30630 27647 9799 11578 24803 30418 32273 31964 6518 16714 28615 15262 27803 14610 31190 6002 32314 31316 31429 8017 3065 17107 17058 5291 5644 30746 5751 25656 6759 15650 24584 28429 13296 17484 3271 28677 9899 26741 12488 2171 4905 27870 11326 17420 3488 16969 29824 27179 7732 14044 14272 7565 13239 15310 21787 21146 24494 32146 26118 23451 21643 12112 23012 815 1419 10552 8424 17613 25266 23316 25150 32248 27674 10674 15702 6888 763 15708 26674 17764 4878 30494 22166 28254 11128 7145 24212 9981 24848 8211 27122 15140 7598 21327 24910 9331 11285 6305 11995 2564 22709 16824 6320 20926 8654 14178 27252 12215 22669 4683 13606 10696 597 4806 18933 28311 23347 32740 6146 15444 2345 25772 12225 18872 598 17575 443 5983 28651 28231 30608 7827 5082 6256 16604 21422 2596 9759 18392 7001 25430 27522 30314 5614 12448 24929 31073 597 10083 3538 20024 30928 29500 11000 19200 7137 7516 30286 20188 24988 29656 14799 28305 23788 3159 5774 12432 6860 20420 9966 23358 12700 28043 7425 7464 6509 16221 8471 22922 3486 22502 15780 21294 16416 9959 30973 16258 29665 19657 28305 13883 4310 6550 2651 
31154 8119 26221 7124 3582 30745 8709 20806 31946 10349 13679 32326 29442 580 12238 27451 20984 29889 20687 3852 22894 30170 10352 15152 16733 14887 15098 31461 12113 19793 1205 1822 22473 29373 29870 26788 26404 20689 4627 18373 20029 24309 32146 21237 10833 15604 25457 31339 29082 32534 14715 7120 5429 31625 4334 19586 31528 18373 16088 20789 13295 27464 27504 6071 18204 25188 30744 17031 10854 7254 11971 27253 26321 18948 13784 24858 27959 25288 2641 14521 21805 19049 31752 3498 29902 16494 27050 26337 607 5294 16998 18368 11182 6613 2578 2739 25391 18294 29524 28588 8001 7021 24975 4854 17544 21335 21540 8729 14241 24231 7104 9516 6609 6023 20007 25545 26598 6805 4570 21403 3869 27170 17544 31824 21985 32750 16491 2470 2795 29038 15145 31755 19958 7010 13031 6903 13603 17959 26455 12179 8965 16851 17983 26020 4369 23764 7257 4499 30559 30569 32255 6451 9039 2258 16978 29383 28239 27432 8157 30283 30080 14470 1289 30861 14432 9689 31118 18978 29731 19493 1987 4152 24783 16689 29997 25727 26076 16672 28122 19245 15700 12802 5562 1030 18196 29565 2754 24946 20463 3189 25949 7414 32042 5328 10919 32713 3169 32105 32386 17365 
8576 9936 18291 32646 19874 32366 29539 19192 21504 8247 19844 10141 5706 18893 1618 19411 32635 10497 31034 19513 32042 1374 17079 5296 80 27530 10490 150 9559 23283 31645 13872 16406 2154 1217 17301 24805 8735 32445 20620 29012 12551 27114 24877 5578 12610 23539 26951 9188 19984 6572 32756 15368 22063 12540 30224 4994 10691 2712 9862 28395 20017 29574 1562 23194 12397 30969 8639 11372 28163 25999 11725 19615 11629 27654 11359 13864 31938 6876 4405 27365 1906 22253 29379 18646 10987 4424 22977 901 8876 14099 20421 26508 17313 14347 31352 11517 8210 5661 18296 18851 20644 24401 23191 9756 3942 32068 20733 7772 640 15301 14028 12503 26600 22917 23897 14025 5317 6745 29113 11751 9595 20208 31165 25207 31098 3921 26210 25527 26913 18265 15444 18302 22419 4126 32067 17449 27900 8411 416 8132 4069 22851 20893 5128 5495 26272 19684 22798 18503 30501 4133 7950 17273 11618 31659 7622 27252 20800 879 25322 30062 8889 14139 9295 10203 3269 18489 11823 14368 24507 497 11330 27297 26273 28180 28347 23052 19055 21492 7205 20019 32763 25969 25779 19672 15166 10387 6421 23595 8569 9637 31354 14127 12149 16723 32465 11531 30429 32085 
9039 17706 12426 8405 10771 21414 28547 6598 23360 15769 32206 25463 4574 24023 32074 25138 13574 865 21901 8182 29395 5281 9802 21908 17348 4921 11135 3261 6042 17704 4128 16879 10784 9214 4907 8597 12742 6629 3231 31419 17398 3256 462 2112 24180 19141 6824 11256 25941 30669 21958 8275 2071 2473 16614 8478 32408 4876 26844 8928 16626 20231 31807 24537 12416 29393 13491 13819 26357 14712 2788 29107 3259 2905 26200 1595 9317 1533 11801 17900 14557 3177 10087 3582 1414 595 14948 27727 27984 28091 29966 11369 9425 30555 7156 1562 21103 15856 18792 510 19251 17355 4933 5938 12833 24524 2684 4306 2075 27813 10507 25597 2985 14184 701 30262 23883 19176 19001 20359 16178 7029 25665 26917 8604 7619 13594 664 27945 17267 24011 675 17209 28453 10961 9164 28931 16557 12528 18712 26667 10183 30895 1644 13898 21186 12058 23335 24257 16002 25204 18535 4936 8452 31689 20250 6419 31023 27703 14736 28746 30128 27817 24349 12031 8179 32248 27180 31032 21244 10122 15242 13663 28444 26244 29793 19535 18378 15394 1709 21288 262 20308 13497 4340 22812 17614 3530 31130 24350 22202 17158 28513 26781 29600 4562 21840 29530 7269 4823 
31980 3017 600 28232 32744 20527 22437 26649 19548 10601 17645 11131 20884 26825 17048 22041 1463 31641 21414 9126 26432 27720 23854 6109 17583 4384 1677 16065 10380 4052 24450 5367 21533 29369 23650 27196 10198 27497 32766 15928 25424 30799 2992 29281 20742 6322 21329 31221 28642 10567 9089 20551 23164 602 20924 23980 27290 32425 7969 7425 13634 23602 840 18926 31197 21025 12171 6071 10306 26055 4082 12547 15741 23877 22651 13112 14561 27383 28038 23319 27835 4608 31067 23402 13158 1196 6577 12596 8278 30561 32748 8149 19995 5041 3414 25730 12530 11450 31425 17806 954 27377 8886 26091 3502 15874 23057 20960 1250 10080 28966 18306 2524 4257 12133 7623 10487 12823 14245 27653 4000 10436 31199 7779 31237 10601 25582 9565 16253 22044 7227 29336 24174 11909 2758 7476 8934 20698 7491 8466 20753 23630 8599 10313 10982 1144 3444 23245 17859 23534 8607 8219 10953 6062 8001 17777 23084 30238 12997 30800 25747 24165 25338 28013 29658 17461 19167 558 22836 26535 3064 18438 32001 29395 19446 11553 9920 2458 11070 8644 7928 6412 1755 21473 577 16145 25778 9297 28182 27796 470 8780 10285 21491 26556 29834 12840 21735 25791 18605 
16283 12907 26752 17828 17573 17662 30523 8282 28090 13100 4612 26224 29213 12822 26518 11873 29026 22798 15268 32452 21902 30574 8604 6432 11175 24145 26654 3305 14782 9090 27565 23876 18804 18334 5423 12300 6078 7501 32468 13375 10320 12140 12779 21024 19828 11852 31183 11016 31297 13326 30195 5056 12478 23728 13752 7435 4274 12299 16233 14752 18162 229 12568 20834 21214 18094 94 3510 1481 30775 690 20233 7164 20666 13779 22251 24423 22594 26971 19652 13096 5904 21677 29316 3918 7525 15781 24928 30729 30791 11164 31347 26075 30992 18482 10617 2466 4321 12175 9221 31883 9396 18830 3173 30413 788 32565 7641 3919 23060 3436 30680 10062 17587 22347 28180 7695 18899 13394 28936 16980 15527 24928 5371 25624 23149 6497 17700 7321 7176 12815 6747 2718 21907 9189 16372 14127 1074 5135 10092 3233 5351 2632 1999 27651 28916 98 12217 21557 28185 14155 16884 24807 1970 4302 25966 2355 28642 24688 2765 22534 16706 3667 19063 2 24549 20867 1474 7276 18422 23953 20599 17206 32696 24010 19568 30900 8739 15072 20323 26226 30791 17519 22508 5778 24369 20830 24513 27886 16629 5670 3455 28081 29322 25140 23295 20950 25217 29811 8383 
15324 24618 18124 21145 13893 20631 23683 16120 8415 3139 10377 32713 2112 21387 12260 21499 9928 25742 24123 26354 511 18494 18351 18617 12885 26560 6683 13900 27460 5489 24313 19793 32238 28051 14195 1805 8722 11588 11825 11296 12836 3164 27749 17226 4956 9871 14120 27792 13002 22516 15197 4268 19813 28775 16066 21285 2470 20192 9376 29948 29064 21196 10126 15732 20224 2581 32158 309 28827 18930 8339 17635 28990 11792 30014 17644 9704 18643 17240 1514 23769 17298 10802 10233 1881 17204 32314 24137 5497 14818 12591 14676 5541 21357 25530 17712 20698 25308 8130 16266 17191 26703 13812 26803 11790 978 13322 22252 19265 25542 16269 20544 3898 11897 10423 31628 5519 25336 26740 23202 21565 13729 20538 29162 6189 5048 12774 13169 2789 4810 2143 17730 11269 10175 14647 24746 8160 2001 31193 26347 28173 17994 12396 24320 8063 7258 10969 20876 21061 32212 16350 29645 30818 13756 16092 28172 18773 18132 29608 3417 1418 1290 232 32472 22885 4801 11472 5022 28309 10994 12726 8030 14627 23030 14403 14739 1241 12034 10194 19830 11403 22159 20716 3887 17327 31902 14982 23672 6188 17883 23232 31863 31446 846 12405 30858 18102 9996 25156 8120 
27723 22090 24805 474 15626 6985 3303 18306 13669 31310 24445 6579 18114 25398 22063 24653 14222 23680 29238 14469 1847 4822 23442 13143 31002 17318 14329 32618 19800 2747 16680 30824 2812 8539 31547 32492 28068 23470 31716 29765 7531 628 31082 27909 24049 19742 11374 30971 14025 29280 24946 7076 1954 740 17053 11445 6647 25786 20786 8727 28190 28952 24668 28538 29936 8982 8895 6676 27338 15889 30224 30732 6301 148 1358 6412 30419 17680 29101 31346 25356 15188 14287 25609 16273 11527 3062 22818 27275 17996 7322 35 7359 15568 30680 19849 16845 29423 17639 20753 2566 1153 30422 3212 22309 27597 15810 17078 9015 4864 25378 22150 1789 25340 12339 10170 28457 23478 30435 18977 23807 3499 14874 31503 10237 17809 4643 32397 4873 6595 2723 9866 26910 18757 29960 22718 3289 24037 7987 6401 18428 518 28526 12435 4441 23113 16656 20339 5684 2139 13120 629 8810 6000 4134 27167 18630 4055 28921 19251 19368 5680 23934 11056 8346 21862 26652 13513 359 9926 32516 26326 22266 7341 25481 14529 19026 1058 27308 2431 9221 12402 10667 3827 11825 23368 9634 13802 12633 4323 339 31488 24532 6635 20522 774 29780 29023 20022 8544 
19479 22957 29303 14986 15848 18937 28098 2839 18246 28651 18406 22226 15374 11869 29632 25924 24890 27264 13775 8856 28767 364 25355 20762 20959 9362 11086 20460 11974 31906 17767 929 1160 9890 18734 21899 12172 10104 21005 28846 31511 29620 11111 21896 15408 1336 18534 10412 7998 19965 1631 1385 24697 7682 29651 13602 304 29083 31843 13464 21406 18194 10396 11250 3198 28758 21362 13992 11487 6490 20337 24836 9764 1194 30441 23832 14556 8080 21444 17904 28660 4381 26973 31882 9335 23787 14078 8801 7919 1320 11594 18236 31324 395 19540 14286 25745 26465 30448 15345 21867 13748 32243 1329 30186 29235 17901 22743 19731 1409 28273 29799 28688 6818 3429 13153 10973 10497 27777 4544 24501 17739 3069 9661 31643 11598 25219 16691 31834 10900 8435 25475 11337 30158 17583 9799 17172 25386 232 26094 26106 19816 532 2435 11677 24655 2271 2243 20277 12159 29744 5001 9028 19924 12872 22482 28981 13043 11730 6000 18252 5164 9605 1947 1859 21974 16574 2340 23183 26726 24863 31723 18740 20065 16097 27801 2452 23392 21211 7812 21808 26541 3935 25563 24531 7812 1842 4120 12615 4906 8738 4794 10775 6313 26435 1518 5306 6384 3966 29552 
13311 19012 30993 7244 15360 31139 20389 11377 28353 831 12780 5707 8599 23764 16911 17673 7565 32129 2720 1660 1219 26274 29467 27508 6543 26344 24260 12105 21791 14602 25337 11133 1381 30003 13013 312 27722 9000 26038 13025 21762 30639 19711 3266 7510 23306 27760 12774 29603 30867 28472 7005 30554 22288 13622 667 17681 12547 3810 26727 22101 14633 21464 11178 23477 15827 30584 5844 28987 11471 18299 26518 23270 13080 21039 14496 12176 15426 22675 16404 12138 7503 16455 14778 27888 23502 26482 25340 4190 16294 26396 759 12806 8974 22248 11451 9870 5028 19382 25715 11559 17512 14718 4768 30513 1116 16791 22439 23023 14265 1778 30208 6853 7826 31893 30225 13792 4650 22885 549 51 7762 19999 134 26671 4510 2618 31954 11085 6962 26677 18415 18113 28270 23937 21291 1652 10044 5544 409 24635 6902 13196 4359 24589 10056 30302 16060 10456 30169 16921 3726 8743 23252 22007 7713 30781 30460 8146 23329 14522 9951 26678 3427 13757 27428 31559 26233 18844 32403 14957 15861 22694 3309 17117 17141 27368 3948 27206 8242 19445 23984 12001 9958 18319 7862 15173 15154 26830 14030 30230 11032 29298 7602 7628 5960 24683 17232 3885 21331 
2296 25654 24834 28586 27115 14134 8735 26184 6743 754 23568 12537 75 14914 9588 7054 11066 24732 16286 23123 7633 18555 22683 20360 3204 20224 18711 980 20706 19972 15042 31581 15410 1907 734 22073 22833 28347 22348 27078 27975 17741 14210 28255 14483 13721 20048 3791 27105 11458 19289 7022 12882 22271 5653 6675 992 19889 22732 1395 21958 21715 2503 1646 15169 4324 27757 23304 15177 13696 983 4221 10170 19060 1303 1218 16197 2804 5256 20570 8274 27924 23568 3042 9952 13529 32561 7924 29721 22195 20578 31243 6100 8412 11609 8951 9540 24334 30265 27138 557 8415 25452 52 14030 23679 5856 10752 4848 6014 6500 21579 23183 7306 7758 15617 3554 24009 14289 20425 32097 17418 27978 6686 13842 12674 293 21781 14013 4905 5015 22126 19684 17231 9097 17630 27536 15005 17197 16340 27155 31338 13001 3588 10072 5199 1286 31493 19651 5387 7969 30098 1053 21769 23718 24043 9425 1003 4840 20851 29415 24494 22785 8070 1147 29241 28132 9744 8174 716 20603 20638 27707 28974 8659 16629 19929 11245 27761 5919 13396 19149 14525 29667 6827 15361 3076 13299 5440 22969 1716 16961 10092 26440 12230 27928 1144 2950 21298 8919 
10654 13677 31658 20067 22748 23172 9783 6639 4966 19926 32414 9554 299 8274 15674 29394 5099 21148 11791 15128 26752 21926 14737 12671 14424 21589 32346 16704 17895 30679 13718 24816 23793 20600 10566 361 27283 5584 18740 12356 31136 7220 10653 12536 12397 17586 13827 30579 25862 6158 4006 16237 31029 27515 15761 2087 5125 18141 25355 2472 13400 16811 1412 23304 9181 6075 26581 30279 988 27007 14429 17227 20460 30638 15947 32275 8858 2609 2687 32015 4953 32093 29878 5542 32668 10418 11430 14809 4257 127 4623 4121 12129 24795 157 27289 26942 20115 31741 608 11402 30700 12878 20155 7122 15121 29004 25401 18812 31479 32256 1224 3787 31751 20889 30706 8660 1714 8645 28812 16529 7387 27845 7994 10230 17422 16658 31995 22935 29180 13819 25416 21204 15025 5873 3184 20000 4428 11679 10822 32685 31302 5410 31298 28590 19952 23113 23930 19511 2112 7446 12079 3241 255 29601 5704 19136 10888 19235 25772 8922 22728 29037 7758 10477 7220 14455 9546 21999 19064 10076 382 17415 29543 27297 23198 26929 15023 20136 12676 17565 7517 3189 31070 11683 7594 31007 1961 26753 9878 28735 29783 17931 32696 1034 9933 16769 11745 20726 11031 
24245 2392 11096 28869 14593 27779 9293 10766 16873 1475 32002 5819 21558 24872 32607 25339 29241 13061 26681 12296 28162 23360 2028 12518 28535 14108 6369 6329 14895 18447 15259 13968 29820 10258 8263 18177 21129 12427 16243 8008 28214 10921 18107 31095 20072 3199 23903 17245 24922 22948 27721 9233 16677 25787 19143 26324 8248 14358 14335 9567 7742 28689 5900 10176 14847 15997 14874 31585 20525 30235 5829 12245 14533 19266 31768 8326 15545 29630 25854 28638 4661 4966 5936 30475 2896 22675 5553 13800 10237 12675 3003 23281 804 4334 17779 28454 5510 2231 28332 10250 30284 14643 1933 15072 19351 1252 20190 25950 14111 13168 23227 5403 24457 18648 16279 16851 11753 947 22693 19520 14153 13823 10037 24141 24154 5785 10656 30021 677 4400 4269 1294 22246 26311 26105 8433 8853 24987 11107 21181 17216 9057 7536 15368 27653 25713 4870 1832 22613 25209 16227 8585 24788 18296 14643 17173 32383 21727 17232 13531 16714 9721 8649 2507 31810 14434 30751 14129 6163 6186 24291 12915 18887 9018 17846 15612 25839 10595 2131 13027 31947 23457 25565 27363 11329 18927 7388 19716 9226 8072 9853 14448 8715 30412 7973 26007 23434 11563 27560 4521 
1972 24054 14265 24878 24336 21329 28301 11449 9072 25048 14809 4368 23334 19789 9233 21079 24807 10836 15078 4596 9921 11577 30677 7388 19643 18705 21366 16268 7536 23641 5871 24036 1529 30949 6030 2602 1820 22052 16318 17747 23964 10631 1969 19000 4168 3805 18106 24939 27217 17633 24945 12196 25004 9618 24523 23177 28160 15444 13204 23419 17626 6365 25275 7051 3887 2256 24006 9709 1089 30086 27171 428 32667 28149 25517 21162 20166 13839 21568 30584 25053 28176 24148 7617 22812 29798 8664 7407 24015 10489 30254 22364 31817 29694 28534 20701 21878 3231 24442 30085 26407 16530 252 17183 16399 19142 1618 18899 11525 17621 4049 11941 22352 19917 22454 9764 3628 32527 24628 5916 29981 9695 15027 3577 15328 8566 22740 5564 16777 4414 20299 12364 10666 5201 930 10356 3991 8658 13274 12091 2487 8625 3926 19087 29808 27051 23704 21196 27634 2380 18264 8657 19313 7222 30737 1828 20559 24125 7068 20895 27440 16203 13991 28594 22258 9004 32757 32095 22994 9968 21121 19638 2103 22069 8808 29123 21457 31605 18931 25805 17612 15963 13959 14034 24254 4173 25394 32292 13401 15800 8639 27075 7497 21973 3456 3773 23822 17952 8037 13541 
24242 8664 547 11672 13143 15812 10797 8447 15755 30254 3598 19831 16981 21085 19218 4266 31910 6810 15789 15489 32270 3039 4147 1857 29664 18741 20448 16285 8661 10056 32130 1294 29108 9344 13124 16709 3295 13719 13529 7984 17772 24563 9632 9303 9745 23176 9222 28877 20558 16733 17815 18736 24202 9885 16703 9802 12316 6910 4572 15986 8810 12868 5985 12622 952 26193 13085 14324 12851 21933 2808 7398 1598 11408 19306 8685 25134 31374 8518 17603 26817 18918 7581 279 6541 27275 28027 25843 2704 13390 1675 30055 1560 29459 28091 11786 13762 11309 32566 30340 24735 8691 4172 9125 8402 25468 4063 31859 3532 5984 13532 30901 13021 4911 2885 32205 17314 26926 17801 22597 7949 30193 4084 6764 29731 23216 11839 14964 23499 19685 21057 13642 30243 21047 10306 20561 6610 2585 25577 31403 12123 31277 2544 11717 30927 32155 24468 23343 28254 5139 15072 27921 6249 3254 10487 4116 16012 5948 5413 4442 6061 18270 5420 21898 4629 4507 22067 2922 11613 7574 17927 30235 31196 28443 22780 24891 4858 31468 8841 9887 11890 6991 30805 17287 2369 30751 22600 15121 19955 10095 14582 28038 22156 8802 28229 11335 23448 757 13016 19553 
5961 23707 9259 7679 23347 8515 12460 25472 26792 14306 13427 17082 27656 6709 11146 3868 24562 25996 22353 20602 32118 19165 24544 15139 31996 5849 1166 17058 19626 2639 20017 31122 15067 23273 6929 6226 16398 28500 2224 5041 32328 15611 29991 522 3551 28003 430 24490 23035 11595 17811 11876 5389 8698 14331 26381 4882 12786 31804 19957 7478 19619 11318 7280 1181 2547 14826 22051 10842 9784 10381 2994 7100 31184 16867 4840 31391 27167 8462 16238 12373 27006 2984 5126 26650 9829 16577 7694 11991 21790 20928 2308 28632 396 9872 32127 18667 28494 14574 17805 3272 5476 27141 29546 6251 30161 4527 19968 26622 17023 26622 14831 23678 28543 24681 11115 20804 13760 28723 2360 15420 2362 20472 30853 546 19038 2092 23990 21840 22491 8735 16783 12920 4314 2156 1195 8999 5677 5946 12360 31879 1586 21830 28803 2983 11664 22687 7388 12525 32502 3513 21781 662 23270 1987 8190 18377 11653 24201 27792 11351 30025 28677 113 8885 29567 28844 3177 10706 6354 17367 2601 805 29954 3781 28755 21721 23631 6195 15184 19037 26160 11023 25737 17253 13667 15902 28118 27894 23137 19628 3069 11682 18673 9602 4529 10616 15703 4769 30756 
32457 14273 5044 32539 15088 5744 14032 8040 31551 16239 27423 10070 23623 13595 18666 20113 12529 868 21176 498 30898 25748 5349 6487 29092 296 24437 24151 30134 29010 2010 7860 17361 4998 19073 25289 7833 9880 4494 2391 14881 6070 15420 11414 22707 2564 27071 6977 27332 19871 5669 12063 7077 9047 14762 8130 4027 27936 22074 31628 21266 11914 28951 16675 16177 19911 1432 9970 28908 14165 5024 30898 4535 21971 3719 21197 12626 25912 14856 26960 9312 5144 10451 26965 13472 32633 3201 31306 9083 16953 24071 32114 17263 8378 29352 7718 8630 27900 24515 13968 15477 19705 27522 24120 13746 22350 2946 22276 31234 15801 28975 3632 4181 31188 15322 19464 24320 16922 8803 29841 2761 3927 11719 24355 11894 7329 17138 24359 10683 940 20386 6504 9213 5869 18068 7253 8245 5819 1310 18373 19710 29529 15648 31526 30438 9696 11261 14690 23174 16355 25914 11264 10457 21992 796 26144 29079 3265 16175 32038 8375 8374 1176 3775 3871 12842 19160 29519 13489 27563 15354 25530 32389 24241 21587 12856 30045 3684 16698 25250 6010 19990 30883 16030 26103 294 23706 21187 1469 10622 2924 24698 18089 8841 26863 24459 12639 25031 26749 27965 
23140 24882 6560 4293 1269 11570 2420 90 11060 19962 28128 10102 15918 25633 20401 23656 32390 2893 21254 15233 22930 20756 16504 18388 18367 30879 9215 8185 30663 24244 23348 30497 8418 20877 29767 3696 18317 12989 9546 2531 19673 8207 27638 26189 3018 24005 2997 10111 4182 3326 31839 5066 6027 21210 7765 13885 28593 1017 12736 26936 13579 31501 27645 2355 9652 24443 26353 15695 17839 9980 28383 23095 26785 10323 24289 14529 29813 22022 5864 19393 22397 15736 29962 2503 24540 12322 19147 14270 2892 22078 12929 23111 13936 32686 28913 5051 21550 21333 31914 7637 25966 18626 24862 26060 31763 4300 13180 23150 16826 19852 26938 11405 1166 24514 22620 16471 31369 29217 10326 19389 22360 11070 17715 2191 13128 30475 20617 23163 28202 11357 15190 10938 24319 18522 17178 16642 4461 18420 4114 11209 7244 25281 5903 8440 13724 23963 9886 24885 1306 11517 13739 28166 19404 27479 1510 26851 7237 21246 9439 7726 970 22219 2172 14778 16373 28923 4590 26946 26206 18186 8348 32444 7946 32063 32523 29587 20205 13177 30816 27688 12811 13886 21790 20153 16372 29101 588 18382 14554 22777 3676 19950 31391 15725 28208 5700 17370 12842 31493 10922 
6496 30451 29356 27048 15482 17440 30687 2750 7267 26038 1572 14635 27548 11400 4078 14335 7981 16178 843 21363 11308 29548 31122 19598 5016 13760 22375 29669 9811 599 2494 3607 30301 21648 20297 25524 11706 13088 6115 31971 13584 16 22984 27742 1654 19549 6514 10097 11909 25993 26207 14014 2455 26490 1392 12921 14393 10587 9015 8047 2283 19982 6140 27858 19875 12995 2724 8177 26454 10726 8752 27867 9663 24199 31051 31121 25944 29595 17816 25583 28627 6269 16096 12888 22300 17030 11666 17073 18355 25654 29703 20944 7404 25420 21049 24235 9140 11243 31922 3394 20167 6637 4027 15059 24465 27552 931 2528 16484 16626 7973 28444 25012 9804 23696 23674 12550 4780 1421 382 4523 21081 6646 19276 22368 2363 6949 423 27519 7374 2819 21474 20423 2773 3752 7631 14908 4907 25898 27722 15290 13175 7172 18221 7761 9949 31441 5667 29105 28346 8132 16465 7718 27374 26945 12412 24546 2314 17550 32036 11908 3289 12898 25403 31982 16779 27760 8172 30280 24936 32704 15649 7944 6057 21433 21062 21760 11726 8139 12861 5356 9263 8532 25160 13698 25405 9475 2912 31134 2905 30088 31041 4773 26678 28971 14700 5314 2854 30937 25171 
9304 16865 28865 26093 26087 2251 15291 10679 25662 25054 24565 1137 18285 7894 28471 6501 2297 26894 19167 1167 3720 21851 16630 15777 19815 4192 24847 1335 23539 32294 18258 1933 8561 18938 22474 23572 10129 30725 16887 23812 31784 11152 13461 4589 22790 5770 31536 556 25151 19783 1248 3973 28086 9306 19362 4561 5157 22820 554 7097 5786 4909 15200 20309 3976 18543 12940 23930 17755 29415 26461 1078 12514 5266 28693 31496 20179 19842 22273 5602 5424 7885 28731 247 29328 18279 20284 7507 17877 15367 11792 2552 20255 29297 8609 12942 23357 21450 16081 6763 29982 6369 12254 29374 13950 11647 990 18596 16268 6173 29820 21784 26568 32348 1773 4020 9412 23711 22454 9001 6838 20083 31638 25373 28489 1376 7777 10266 12919 24085 13730 14788 11416 20717 27515 24656 21464 24320 21464 32013 15032 9350 14097 4354 6530 13819 4113 28075 19000 32280 2780 4976 15451 28562 2058 19367 15531 32458 7596 9444 28859 24323 17724 496 14917 17685 13736 5602 1637 30789 12186 3669 10210 405 3976 29772 4308 21699 32168 8406 5591 740 28069 5812 29765 18466 15265 25634 27041 12372 24217 5934 7073 2906 18871 28332 12620 10015 26970 11875 
27071 16729 19910 12767 4785 32713 14169 2104 4281 31916 10300 1400 6614 25800 18650 23919 30764 3899 29500 21285 28827 31935 22792 1038 25466 9769 26376 13870 6385 21762 25432 3268 12711 7966 29247 23095 8986 17050 5005 13150 6653 9481 5343 27613 31477 30061 31488 26620 10404 16694 18011 20516 20459 31823 30391 23287 13276 19818 25081 26115 133 3280 22596 8234 25337 12770 4167 17382 26290 9892 5214 4844 16818 16332 11633 18670 32740 18230 21978 26460 20858 16586 24063 19441 29255 25835 23829 6355 2012 7576 11178 6949 15567 30802 11089 5161 16122 11486 17288 11434 29665 19484 18890 9084 28103 5016 24111 8302 31224 14719 22377 5540 31150 2999 7786 24870 23778 5532 8613 19179 31241 25858 18977 25578 21019 18680 8571 25771 14341 19163 18578 15669 18051 28998 15833 21830 2933 12739 1893 19900 1387 22488 7501 12816 22586 15930 24142 5539 28783 14552 12448 9620 23507 25348 11436 589 21741 29340 18860 13658 12955 6966 28964 2557 18890 22242 15292 19316 12766 22841 26969 9965 32174 26803 6407 24916 4541 7843 7569 14962 14417 30153 23832 23823 30566 21325 23910 24272 27100 11612 28414 22061 24159 9927 6804 23930 20424 25742 17265 7502 
1737 1333 664 4320 18935 1894 13849 4145 29284 16504 24386 18367 11482 25116 26877 1911 26771 31314 17439 13767 3085 32035 3869 20372 28419 32406 18747 6957 22874 22620 7872 14742 551 19043 32131 29998 26024 10170 28070 10431 31641 667 15728 13923 12564 23461 15642 3747 7942 10268 24006 10089 1651 17333 6245 4909 4417 12481 27494 23078 32243 15565 12278 2156 12849 8011 9308 30634 13011 22992 27674 6662 23806 245 1860 4042 12522 7203 776 16811 26726 31120 17575 9211 20820 22302 1657 9934 8455 7745 2843 2598 6558 25403 15177 7549 2010 13922 28586 22146 28323 28917 24336 12527 3538 3979 10407 23759 2711 20476 7952 21630 19991 28690 10762 10832 31369 3515 30531 21121 17434 3091 21737 21645 31797 10171 2681 4496 19325 24891 29952 30186 8032 25742 29558 26160 4361 12219 31531 9873 22034 19472 12837 2687 11678 6139 16637 20091 26033 7768 29315 7630 32469 25203 28889 11308 28428 1229 12091 205 15707 24563 25730 31016 26218 24538 31474 16211 27990 9348 19011 5207 185 24240 5955 495 23721 11680 26710 11798 26026 23138 29069 20598 9716 14640 6621 6306 12613 31286 16906 5194 25075 18812 6467 11924 1013 17421 24238 29296 
6913 23152 21812 4666 9831 8489 24826 25238 4833 3741 31047 8319 18932 1909 17841 28115 21381 346 23517 12944 25 25305 4326 19304 21205 30598 11563 31313 23602 4341 27876 16400 20583 31872 23122 7984 25038 25271 4977 15752 28635 5183 1950 5255 24691 7641 9248 20726 26553 2996 29251 31019 11109 1393 10657 332 10005 23563 8884 21893 9325 28461 28985 31570 12529 18772 11943 27534 30619 21316 3130 18065 2185 3852 13710 3404 17024 5889 32301 11916 9024 15120 20968 17500 16347 19912 13740 17810 17279 16168 15572 18956 25293 19358 13087 12876 2292 15834 27159 529 28884 31602 23964 32474 25800 22659 5134 18829 26762 15556 7179 6358 24914 6050 12313 4806 3241 4172 28297 12715 23483 5866 24716 12092 22505 4456 25228 2160 15565 13400 25527 20266 10333 32620 10864 12091 18614 6365 364 31158 22064 8460 22856 23898 526 27092 27823 11415 12581 29974 3798 15420 18859 25796 26023 12500 28555 23190 10801 2452 8985 977 19408 32296 31994 21480 29701 25021 3481 31302 31109 5863 3172 21702 19076 22487 24448 3415 31490 7827 781 5575 21653 15252 7509 13230 15455 29743 4713 30815 9382 25459 16390 11692 1791 13360 8729 30891 5624 22374 
2925 17416 3959 23447 10290 13413 1091 31107 5723 5568 17398 2598 2149 30060 2771 26012 3439 5776 10494 8845 947 28122 23008 31900 26860 7186 12355 23981 18314 16672 7037 32762 7381 8125 15299 1995 26525 24211 27138 17356 5464 22642 11401 15463 17917 8132 29409 17475 21675 2881 15321 26246 31928 3896 19705 16130 9866 23555 3715 19999 30331 31999 27663 8881 10540 30290 8044 12450 26792 4285 1277 22032 25781 31305 24217 5350 9862 5069 12095 16881 23058 10100 7250 11237 16085 23477 7180 6307 5639 1666 29904 14675 25088 23750 22495 12796 5776 11209 4112 20248 10921 1312 21474 20 666 7842 4721 16808 11892 9986 31910 16043 4937 28766 4595 26771 7317 21733 16197 21646 3341 17391 6704 19548 23694 29291 28727 29853 28464 11519 17665 27066 2216 12920 22257 8866 3892 14269 26025 8861 220 18776 25703 15142 2296 3176 25365 1196 17154 2222 29096 245 24270 23751 26768 20674 7030 3137 20007 18143 10255 19959 26929 30606 5368 5204 32109 7386 12812 20862 24913 22035 19640 19993 8055 25267 4123 22051 23607 10761 30347 14647 31013 965 4062 26002 27460 7575 23242 20011 32422 27892 1594 25699 9489 13757 9218 18186 5160 9671 
28701 9529 25744 7452 9836 31222 9903 3903 9970 20824 13011 927 23842 32070 10600 27116 29870 28633 4047 20646 29491 4121 25050 9057 19487 19839 2920 2108 30285 99 3979 3407 3141 31196 9081 27201 12857 712 23978 4348 5139 19412 32163 12668 28292 562 8107 1244 13253 2571 10982 1173 22570 30043 24976 14764 11857 567 22091 31736 10231 32527 15125 11270 10024 4479 27034 3617 26268 14714 13305 5204 16503 22217 10414 31250 13208 12791 26605 1664 23770 4464 27857 10884 4520 23145 24412 4503 23741 715 23326 590 14047 6127 13696 16853 5165 16189 23463 8859 10418 15098 5303 19130 3278 6177 4744 17453 8990 12326 12652 25328 22197 10810 6200 32107 31084 30709 212 28787 6605 25549 5087 16355 29100 6170 32630 14554 28320 17426 9769 8924 22462 30920 10581 32144 27873 7035 29874 112 11221 15282 13099 17809 29622 25719 22787 26283 25735 10221 208 29987 29601 15070 24492 23493 15656 14114 8382 262 16070 11024 1787 18024 3925 23625 32594 5985 14828 26279 6381 22440 11494 20648 13250 20997 10605 1291 21754 5766 1328 6184 7440 15230 26040 18209 11624 32219 536 28818 9249 3661 10508 10978 5999 10818 3978 4313 17293 18495 
23231 16062 7381 5876 21335 28256 12872 4995 30980 11337 32651 20669 1440 24420 5955 11536 9683 30008 18037 24214 22934 26115 391 23360 26297 9603 16403 17543 17427 19604 21037 21488 2075 16287 32458 14484 31846 7856 14039 28329 31335 18114 14938 21278 18515 18802 2798 20016 13490 21087 9207 4002 8615 26432 24870 24565 11438 4065 12149 2192 3937 20922 28433 26583 26698 20007 1561 20584 21492 26429 25411 29823 28556 29332 14247 8958 13670 8118 31687 26074 28463 22737 31914 30960 1476 4746 5378 29818 30715 11013 23205 17997 24434 24576 18238 5038 29364 9135 1657 13656 5625 15065 31382 26025 25426 20273 17880 20318 31806 15054 21645 2809 12194 21465 5185 25590 699 5985 11065 19783 16657 1027 29025 4115 4622 11391 28252 7476 17263 27748 6122 13423 27627 10362 26936 2097 23425 21072 23861 15774 20505 17789 5913 523 15652 9679 23385 30258 30827 367 3612 31141 9789 6096 15504 19489 10697 19801 6483 18414 4862 24835 6547 19281 13843 13046 22406 15636 19533 15634 1004 20907 4194 21494 19697 12271 22821 11054 30867 11017 32247 11668 23936 20954 12905 26595 17488 29739 28491 10860 10291 11213 8261 11233 18445 8811 25434 18444 19011 30858 
16043 247 14963 19229 18226 5831 707 13860 1863 32319 13892 9429 2625 15434 9511 9372 16041 7248 20507 8306 21411 2895 9948 15650 5716 15202 18054 16731 14020 28231 31296 5324 18343 32753 30570 10909 19438 25923 13003 29755 24608 1689 23495 19846 13775 1474 2700 27923 13224 12780 21949 20748 17605 9958 9243 16845 26951 24406 29186 21403 22304 24340 17607 30333 3233 1600 6523 2247 25950 22680 2122 30306 16349 15546 926 21493 23847 10383 3540 22093 27037 4445 3768 6108 9059 14729 23741 2949 2889 27806 31835 30067 24508 12953 18400 8713 10630 10177 3003 6035 14179 5198 14768 18044 20426 5710 15707 7102 26535 7078 26636 27852 30319 1977 8610 12366 3297 4666 13358 26487 21822 23264 6275 10544 3462 14157 11271 7665 13801 2468 12754 21613 19371 891 649 14911 2927 19873 24286 89 7223 26454 8975 26472 26778 20139 10264 24849 11368 13767 9541 24463 7091 2703 23352 6946 7563 25151 32475 3832 5534 16499 19046 11937 13490 6207 20140 13692 1315 27588 26270 30941 12366 15621 21662 14236 14586 15056 16263 15821 25708 509 27640 20999 31873 5165 32415 23123 7944 1347 9548 4514 16754 27620 18645 6651 16312 31244 1362 23272 
26881 12017 14834 12642 1499 19387 14103 14124 8825 1310 942 1372 12237 8111 29217 1723 9005 14879 12966 18091 20169 28617 12829 26273 32094 10603 5207 30531 11626 23218 14414 22640 15755 4956 6365 2558 434 22564 450 16211 17374 29066 2257 12029 4413 23274 22458 17590 23403 26417 11400 1023 28790 15517 23773 27456 15125 8002 26419 21347 13653 1407 23498 24871 20352 20035 25499 32507 26038 3354 27635 32644 23929 12454 7195 12510 308 148 10135 9705 9432 10673 16157 28806 8947 29620 21392 23553 15727 13425 12885 16375 3706 25552 11329 25007 3101 16570 22636 15665 93 13 11150 17435 6489 26616 7401 8796 27162 32519 3101 5978 18850 15578 17237 25600 12428 24704 7925 14043 18900 26566 14765 31337 28621 25845 4461 24997 25943 9372 20722 26085 7338 26115 32057 32549 7686 13587 30198 404 1349 17039 22739 28784 23740 27904 21800 23796 31046 25298 22679 2492 17981 12770 27021 3244 1562 25010 32518 27890 32474 27609 32488 17823 16516 5711 18959 15022 31412 15703 22265 982 20629 30473 31751 18182 27277 17541 32191 1460 1438 424 13427 27662 16116 28252 2702 5362 16463 25029 7297 22007 27520 32495 1237 32602 24792 8674 15428 8650 
21360 1077 30150 12443 19183 30924 16244 6672 6517 27458 11711 12001 12753 32361 23575 25734 12995 28158 25948 18420 20730 8756 27858 10523 28506 4799 431 5283 6133 31386 2809 9301 8955 14770 2704 10357 22161 16126 16186 21177 20003 23413 15991 3984 30474 29181 11791 16783 2123 28959 25596 26869 10358 25163 15558 9532 20769 17066 2238 9213 2627 18170 26091 20140 10343 9201 5444 25874 27148 32050 2962 14649 8850 1342 27097 1267 14086 3990 8314 32382 5905 4643 17486 13499 3645 14633 1811 32135 12455 5170 1007 15310 14880 17545 9344 25786 29066 19154 17183 31947 21480 30717 20538 23810 5406 20182 19277 1986 10857 6063 14038 30904 15430 8107 21351 3415 12735 2398 32017 23354 25301 30154 13702 4449 23420 26468 23122 14574 30031 4714 7156 22640 23680 22521 18500 1081 30901 17350 23467 26894 1629 165 26748 10432 6171 6268 26783 12068 13348 29496 24131 5868 10646 9962 6832 6318 12614 17161 552 16221 4451 4610 30606 18832 24675 17269 23987 23171 26403 2786 8706 23287 24727 29255 21134 10654 24322 16371 2382 22239 10804 17984 22604 16964 23506 8209 6513 22404 22365 9880 14512 8462 28945 8703 5287 27532 21561 16584 31463 28510 
13941 10128 19822 12659 19505 21151 4695 11923 5541 30516 18363 8976 17191 23619 30373 24349 6382 27638 3366 2575 9933 25714 7453 1771 27390 15434 19772 27204 1779 4396 18578 16932 701 29438 16750 8044 6010 31630 8130 22634 5012 2876 18201 15959 29141 5614 17089 12499 28535 8062 7879 24760 19399 27121 18099 28363 141 28643 30900 25637 29535 29722 24414 12435 11180 30057 26995 22687 25949 22999 9362 12357 8228 20734 12686 21377 4097 8487 9576 26464 2982 9291 23170 26794 26863 12111 12623 16886 16185 25969 7889 29828 24456 7172 25786 7053 5495 18889 16106 18361 11822 31127 18006 28644 21111 15739 20767 8150 28085 25043 16555 13114 9546 2390 9035 8858 1144 3763 12091 4677 19228 21667 10935 14572 27602 3118 6095 10802 10136 30549 259 32550 28312 20192 13477 5191 28410 5839 29062 11319 3661 23019 3396 32543 30752 10125 5719 29236 15065 237 16516 704 22816 20541 22255 28961 30785 12605 4085 29546 10308 20276 23641 5909 20518 3141 3378 15538 25971 21795 19783 24735 27535 26490 3145 31934 27561 30890 17621 22712 30369 17560 21252 26092 31816 14982 7840 13107 17768 30874 3233 8981 25422 2344 2281 7221 8169 7952 4922 7513 
29182 3376 7897 20329 23917 21238 140 18533 14908 4588 10133 8233 5095 7783 28953 23723 25977 29806 28387 31134 4700 18097 16208 25418 11127 22934 7816 24167 6067 3183 8376 17650 30735 18301 13356 4995 20580 29093 27971 6128 10688 1456 22668 12221 13997 7648 11160 15049 17136 6557 25991 22621 20456 6994 952 14395 29863 22509 1143 866 29471 26668 31977 27654 3074 30709 31751 17377 2194 31209 18945 31008 17567 17895 2130 32272 6435 24619 6913 14904 7510 7988 14391 1865 7589 10144 14966 11754 21722 2327 21227 25667 23521 13788 27941 2698 2854 651 13271 3289 30046 31542 26369 16721 11402 19838 31430 13145 8311 9086 25548 25838 866 2298 19489 1659 7453 9629 27111 22630 5649 29469 16039 3052 10416 31993 546 12246 13584 17579 29740 25123 13442 22087 6302 28158 198 1696 13955 6957 13565 17098 22919 2242 31210 18589 24880 19326 14979 26094 17587 13458 11488 20172 25359 23182 9109 18820 8691 25381 30997 22064 29683 23544 13130 12467 5 3400 22936 18920 2243 30080 20126 4143 30207 30683 13936 12109 23489 28034 6602 3928 16052 26006 10607 9514 18872 15001 558 7974 27589 24009 30263 1456 3717 1507 8740 16569 31387 15938 
23756 18892 23395 19136 25172 13869 19189 12060 10777 1358 17204 19907 20150 19680 26397 5401 1235 10466 9135 31675 1127 28330 4781 25240 9439 22852 20093 5411 27242 29055 14284 6061 13464 18364 21749 29362 18540 3842 25918 3895 25341 16974 5933 9255 15721 31944 22822 16498 29867 31951 10615 3966 13618 23357 6891 13162 165 31898 6892 30366 17549 32072 9567 10356 3494 23389 13158 7153 1114 15377 15503 26044 26215 30739 7823 14562 8176 16826 8254 2567 8202 3842 24498 5345 22369 6015 14696 1630 21501 19613 21753 9391 8695 2655 29116 19112 5997 25718 6295 17929 9073 7840 24045 18707 21272 17937 19895 30817 19120 26188 25956 569 1680 14124 25458 12120 12111 7223 23254 7583 6034 7130 26686 32416 18714 20150 794 6495 21714 2856 29671 23735 24377 7319 16899 1780 3952 10450 8777 3082 5048 13214 14950 775 26191 1776 15989 15254 14541 18781 32599 17756 21938 4134 2598 10884 5156 28803 20117 12631 27867 28792 25236 16234 25559 5809 2153 30395 2448 1366 5293 31657 3286 3420 32002 6902 7839 13396 30895 26173 29308 25701 27550 22593 14273 16372 19852 13786 15827 3621 29099 20504 23480 14722 23688 17602 24765 12260 9284 19077 
4677 18016 5686 27157 28070 29734 25668 13796 23609 3710 1493 9613 6382 26483 25800 12112 11525 3448 29077 31586 26127 28979 15560 7520 17472 18928 28901 17671 6412 25572 2529 15116 6387 5339 12164 14729 8118 5541 21552 23738 7470 19193 15872 8484 22710 1661 7252 8948 2121 112 19554 132 9238 32135 14877 27268 21124 26358 6442 20341 14067 23446 25330 20083 4002 26837 16027 6096 21891 16634 12369 27647 15508 29982 2417 13337 13808 12370 8237 26152 16544 30601 10523 12046 11122 19494 3059 22930 6567 877 25247 28996 16229 14211 14673 1919 23141 3205 13038 20030 8900 25565 24831 6847 29015 1857 31735 4809 7358 1280 16941 25032 30033 16305 10839 12005 27598 6678 16410 24256 22501 12283 29781 14404 4387 17627 20235 10744 182 3616 3616 16216 8906 22274 1844 31837 20746 16818 9361 32412 5373 26092 31901 30160 23180 25615 27695 17074 1965 30126 30367 7835 27278 2136 31271 6738 64 26430 19018 858 27355 7743 6510 5692 22859 31811 20959 13582 4496 20076 6120 12560 30724 24039 32654 23692 27099 14672 25746 9484 25709 1264 8744 18874 6081 5014 9950 12899 26292 6956 24155 16714 11190 24551 15998 23544 21209 29100 24312 22567 
20658 31111 26095 560 30627 1058 31955 7462 17854 9174 1067 12694 18250 4343 3313 12903 2530 12888 25292 25304 12762 12885 32441 24314 24876 21831 26769 5214 6201 32708 17881 25908 16406 5590 20339 4978 31598 13079 7093 18134 677 19402 32199 28070 9499 15310 9304 11968 8925 28085 8029 10334 1601 30383 18768 4733 18771 11576 21290 29063 21688 22115 2859 19012 23161 687 26123 2992 30327 19943 3672 6133 9899 3000 16327 30635 24893 31386 15162 27601 3538 18183 13478 27289 22802 15701 7847 15485 24612 666 23393 2051 23909 19020 932 3369 22429 24593 11443 22793 31103 26672 2490 2593 4218 21103 20547 20189 1052 18254 13369 27094 3705 17750 20238 22481 32296 3432 25901 4259 18277 617 23508 207 16278 5120 19412 806 32174 4333 27779 1065 5425 17841 31724 32757 14116 3042 15533 206 27557 21969 7832 5788 24191 3672 14147 26450 22628 586 1316 13402 31404 12636 5534 2754 2778 9846 12885 15799 3499 10463 31146 26091 4888 12434 14114 10463 16865 17753 23653 19141 11368 15483 28938 28967 21312 22087 9893 2938 9581 8762 8833 5425 28839 10336 31541 6183 22822 16894 4722 19760 20520 8332 16849 19023 5190 7953 31324 27709 
1484 28841 20413 19699 26667 17633 10801 24135 2090 1461 31996 16723 23538 5136 22533 4457 23944 2173 26655 29 13049 8957 13850 25234 2544 4610 32003 19894 30256 16932 151 12496 24259 8845 7617 30947 20473 19720 11853 27976 10960 16283 17175 26502 21241 1617 14287 8473 23262 10241 22985 1238 9874 18444 17397 21468 19677 6461 25636 4062 6155 18760 2106 18287 9017 19818 3226 11928 15980 11506 21158 24912 3963 16988 18656 21134 26901 15825 8711 14345 2549 28050 10041 2001 24321 324 23076 29233 23382 11074 14860 23650 15759 2677 17499 22879 8724 26992 16937 13051 25746 21976 8532 22373 20697 14949 25597 5028 2344 21843 23111 28055 20588 24483 7228 9432 1000 15961 24363 5608 26840 3373 16559 24284 7002 26564 1389 32134 11164 32088 27096 25158 24572 22509 1388 1316 21751 18721 8651 26924 13431 18681 23427 2556 8603 21584 251 28369 24979 8587 17889 18965 32116 14717 29371 24759 10621 8609 9718 15355 13852 22508 10643 19370 10697 18562 26254 28138 14642 6058 10033 419 7896 32470 10123 1581 5932 16465 8958 26798 307 6675 18970 22642 4334 17129 10510 27582 17333 28567 31853 3555 4776 27615 21840 25925 1505 1491 6066 11084 
5749 19966 16526 16133 31231 6454 12549 11856 3250 30194 32729 28515 7650 26546 32482 1315 25640 1894 25453 18507 19999 14728 6097 27397 31425 7127 3001 11308 19034 32178 17695 3387 23680 12679 28879 22752 21436 29930 26206 23207 6898 304 10659 23623 8515 2123 5819 15332 8323 6925 12350 5645 11918 10809 22832 18191 1596 6837 22593 11579 633 11673 1792 3332 12083 3807 14898 16434 9797 6109 26380 21896 23680 29647 6911 6854 7164 28311 15677 25646 17461 6533 10534 25832 12278 27818 18209 614 7044 24024 30179 4794 10439 11465 5899 22350 28968 31568 15519 31353 13303 8816 32753 1166 25950 5182 15305 23179 21657 23204 21567 30932 20634 29291 19414 13451 10586 14392 24859 12809 933 71 23293 7965 13135 17949 26721 21653 14092 6040 8053 22525 22399 115 13536 8565 22517 32291 27031 268 24183 21199 1489 17865 17009 2891 13599 13799 3071 19205 28210 23296 26906 438 4465 23706 10626 5213 11 627 26787 23392 9450 13054 21900 15128 8024 13975 13971 19617 28688 22733 20328 17594 7768 25721 3379 26712 8159 31882 27251 10935 17005 10628 26571 20094 20137 27126 2907 7632 4919 13421 15532 17618 23721 743 25121 7543 16219 2464 
19401 13032 9956 13522 28581 12626 18866 18487 16816 16093 18632 7620 1621 26897 27402 18465 3501 29053 6167 1007 25040 17243 23136 15212 30470 28554 32547 27668 26559 2618 20423 20811 28687 15098 11182 26837 2853 20006 30176 4748 28693 19099 17440 2999 1548 16812 30310 28396 22089 30114 32656 26058 25815 29984 26159 26079 1347 16213 24019 8524 11810 15124 14545 25864 8904 3360 759 694 16978 9607 3772 4114 16264 5602 18099 3975 27901 31616 8307 20549 14800 29930 10180 13789 4556 17205 12282 121 28660 16584 30146 8517 14337 4445 30534 13799 19334 13431 17093 19294 29639 10249 10775 849 20144 13489 30056 7472 8495 11181 27353 22716 9536 8110 29395 5563 24357 28330 24668 16695 13374 8154 7419 9491 29211 23060 663 9213 14057 27121 6746 29339 28964 29455 24329 14264 5801 16049 27025 21346 31058 18703 22167 31512 10251 9761 16156 32315 31762 24252 17061 4400 28886 24597 8457 25528 8098 19865 21272 24778 3429 15635 24271 4726 13457 22705 17561 14220 20920 6875 4356 25004 18134 4640 12968 4385 30679 8734 8340 6634 28871 18378 2756 12308 25126 31088 28664 14964 16907 14722 3436 18139 5894 22954 29972 8748 9753 12834 32158 8052 
10312 27991 14286 28481 2050 19743 9030 19009 23239 30987 29131 19652 14647 7948 24148 20384 26271 21833 21183 15298 3040 22895 15094 23032 3494 5119 10086 18238 3400 12444 22685 12752 26566 27915 7418 18793 1733 21957 1184 2911 31856 7812 11231 1520 12440 22809 10162 1656 25980 30461 13958 6711 29617 21830 11753 21434 30401 17791 6818 2713 24544 8316 10212 26256 18485 32760 27208 12070 23213 3369 13108 29584 1440 4387 24221 15863 22023 1536 14993 6934 4120 7444 26095 5812 25656 17321 7247 21529 6407 2118 30739 11874 13976 11883 30041 15053 15644 6795 30131 20684 22240 17527 24384 28705 6440 15117 23827 20311 23798 2095 4282 20335 8058 4073 13862 9165 7489 7109 31555 18807 984 17961 5881 20632 15765 16281 4575 15220 28474 15296 14606 30350 13593 14585 22909 4578 1976 25842 27716 20110 693 28859 5808 16649 14397 17984 19307 28946 31053 22258 23219 31019 25420 15736 24169 18885 3775 1593 17866 27251 12552 19933 25507 4594 20054 23614 29822 12595 1888 16567 31335 1675 26085 487 25133 16219 9026 4232 30371 4085 10488 10484 9109 3363 21241 9229 7961 20655 16878 14259 17450 7745 20985 23294 30813 27872 198 2836 32033 8982 
8906 27626 14448 30538 14082 29417 31189 16076 10282 11564 28111 25676 7257 21995 14900 1455 5467 9104 8306 18677 14200 6997 6241 8724 24799 31957 30780 10086 23570 12920 8526 13898 18806 7501 18920 2035 10074 11660 17201 1252 18144 10115 24719 22543 26869 23183 6627 23806 21551 30063 1934 25931 17263 12591 5326 19262 5914 27752 15972 4432 18078 19449 26904 22503 1347 28476 18931 17564 12626 31160 18195 30171 13753 30360 13784 20981 11994 19402 25575 13325 10001 15440 15166 16129 30871 28932 29163 15975 14908 21340 20364 25923 26726 17633 17079 26788 20093 9020 22005 6678 28843 30413 16078 20863 14765 26237 1757 6925 641 10062 15742 19095 18619 26709 9623 24037 1797 23200 14261 22061 10917 27710 8357 22583 29345 21441 23664 15056 19136 9892 17671 28729 12106 2303 5205 13153 26129 2446 8752 7910 26134 21173 24999 28731 32735 32654 25503 4533 6699 24340 5132 13178 15089 30471 22276 27056 21975 10261 32072 32561 9266 29960 5504 4516 9937 27005 32157 22428 3854 12287 21681 7829 16594 27834 7087 26797 4187 6753 24115 4956 4327 15446 28538 10916 11146 5876 25950 26430 16338 17787 26391 1657 7562 1544 10700 20840 16855 6242 20189 27977 
23148 8900 18965 20970 22978 1183 12361 30416 13606 17032 20118 12773 5576 10796 13816 21814 28577 4617 17262 12890 13767 14492 29931 13522 16614 25507 23734 6369 10333 5679 12167 9707 29625 3483 29493 15682 18137 11262 16843 15376 24227 20894 32215 15371 24566 31369 17753 12049 24494 11090 24568 10838 18817 8144 15387 824 9155 7357 1585 8079 3761 28675 27131 19539 16257 31866 13985 11738 16534 10589 1073 26531 30697 18168 21815 12940 8455 6302 30831 27874 16678 15256 23583 10488 29059 10142 353 15430 10180 27560 30868 10203 8703 3462 6278 26871 20146 7810 19130 7121 7133 8944 21311 11052 22798 27637 5403 7528 5897 5605 13229 30466 15154 9942 20066 25295 23584 20926 11476 19673 31485 30269 21018 23158 7358 12730 13172 26269 14846 12361 20460 6671 1010 451 29919 26953 8435 17760 12932 3923 25325 20482 16491 10350 27775 12125 23887 7779 18305 7710 18880 22788 28660 10724 14851 6014 13821 27548 22889 31293 31829 25599 30289 13254 29301 26206 2953 9440 24309 2260 10378 17576 18891 29501 5608 25050 11929 12490 31035 12024 18769 21936 762 26338 1972 24357 3082 5404 31754 16565 15445 13566 19559 21195 5937 19924 24692 24438 6613 8161 
24917 32707 13566 23113 28467 1576 5105 347 29531 23730 13473 20214 4103 30557 21702 19006 13827 21076 32177 26870 19779 6174 31385 25583 21229 5967 27540 12945 29229 18704 25230 4346 6938 21771 29535 32547 12368 15155 26209 8107 17653 24217 13168 21989 3109 24148 465 3088 23717 13397 7493 3771 23267 21913 7132 24471 27088 8991 9748 16372 15293 8926 7902 16417 3945 21254 572 24656 4637 4920 16809 17048 845 23116 4 3000 7835 10543 10581 9776 8694 29787 5085 8966 14491 10396 9103 22711 28565 21028 28727 7651 18922 28109 13486 10281 2148 8653 3691 9438 22243 8990 11039 19196 14466 41 26933 8053 19510 6350 22755 14320 23095 17046 24976 22393 30375 1910 4935 31361 27558 9028 19029 15698 11118 29964 19320 22340 15134 10531 10201 29137 19042 20282 10380 16792 24409 31227 22174 21379 5513 1178 1320 11579 8245 21062 22342 31766 3582 13151 2389 17489 838 4517 27994 26701 9599 29551 16804 22359 26544 14445 26715 2251 3064 15363 20297 10980 2915 25335 3602 16456 20060 25142 2525 15367 7771 20888 3452 26657 18152 23946 31517 17801 16364 10422 18933 17549 17546 31481 12434 6820 7886 18652 8099 15988 22601 21925 30269 887 
15367 13537 15788 5034 15416 16963 4779 263 50 5970 9028 14993 22014 3608 32334 5552 20199 7445 11855 16722 15723 29145 21322 3749 7239 886 29864 21192 9919 13028 29882 2302 27808 12364 28564 12359 27531 22972 17878 5775 15098 1958 30234 32226 22375 8458 14747 15888 27084 20705 5285 5246 12579 15126 13854 20272 12903 8653 23552 12425 22182 25739 2630 10939 6321 5271 24722 10126 18418 10804 3199 31682 846 32397 28381 14089 19498 9809 6132 6344 30013 12838 12717 7833 20952 27808 23546 3523 24967 30384 13158 19799 19440 7621 3475 13103 23905 30256 19120 9549 3394 4893 32159 24384 8347 26603 30195 21382 1324 383 19815 17807 3609 29316 27501 22967 32208 4859 14277 27151 12500 17842 24064 32225 29091 4910 9371 20457 24241 9102 6695 6523 29203 28041 24838 23337 15920 10629 18340 21961 19451 15 5420 31707 28286 30733 30468 7620 6722 20644 30696 9116 157 13809 23434 31856 24757 21511 3737 26905 15496 29342 31453 21767 12512 6236 2015 915 2513 23811 2891 3129 11356 4999 15272 11174 2833 25777 11710 1453 29800 3814 24111 21196 13917 16964 14045 22601 26099 19952 17527 4000 11883 11551 24976 4786 30521 13013 19897 29734 
17739 19490 13710 16114 8947 10630 14986 3780 28642 19567 21681 11390 8316 14406 2315 15034 23506 30557 23711 10431 17700 1951 10273 7459 16399 31128 22862 32045 18988 6272 5010 8587 31335 9509 32134 5349 2445 1990 24337 1633 2985 6641 15463 26160 23991 871 10038 25028 11811 20125 7866 9286 15181 13847 16102 30925 17741 10010 29291 20507 25337 8565 11984 26944 2263 1278 2471 6598 17199 595 30858 7053 10680 25063 20422 237 32415 3683 27586 12472 30926 16394 14173 19120 29494 3742 6169 31385 12339 18952 19422 16286 17484 23380 635 21429 17546 7271 11866 27109 27937 25232 27256 12855 5400 20150 6391 7461 3736 8430 7130 18109 5550 11735 19656 29472 20986 12363 15216 24742 29780 9141 23043 27865 14091 14121 21941 17729 18956 11393 17774 5611 14062 18050 20677 4693 22120 27469 32679 17890 19013 21576 3872 30138 30261 18692 7569 4063 468 4054 27099 4153 23738 14109 27960 13063 22436 18377 13464 15062 1376 1845 377 22923 5804 10821 22114 29781 30766 28066 26157 1823 8067 24421 29720 31869 9529 9100 19052 3274 14727 31862 15058 1549 27575 20765 32464 6450 28797 12858 1966 5769 5299 967 15909 14853 30689 9481 2872 15525 
26651 32539 9841 31416 25534 2995 29502 26963 4921 4650 21315 4390 21949 15476 8387 13808 14037 29969 5898 28011 29598 270 6335 29627 29046 26772 16442 17161 11631 30660 20730 11193 29544 8062 31405 1967 30911 25000 27524 11642 9330 4487 16709 12489 8555 11598 8454 5286 18287 15779 842 18083 12694 28974 5634 21675 2878 33 9038 17293 7286 9089 32606 10359 22100 23718 30510 11182 26190 12049 1542 588 11126 14339 226 19362 19637 11629 29152 30085 27152 12303 24955 29524 534 19000 3198 29621 19034 31980 11006 6276 7157 7753 29472 31929 396 21837 11461 27327 23850 8866 19941 24204 11062 5443 17656 29242 21737 328 22926 7783 17080 27392 31191 31324 13995 31222 10353 4697 26157 30646 2121 571 29151 20981 10561 19302 27758 15554 3122 30737 28464 15530 22559 25179 8500 22027 15772 4051 32756 3868 30481 15645 15552 12666 14410 31847 17581 31482 7858 7274 1127 510 14101 17630 3558 7150 17890 425 1185 17790 5015 13146 23665 24558 7933 3917 28013 22596 27377 13017 10910 24164 19902 31196 11028 27822 17445 10900 10418 26481 2310 2969 13022 5136 28322 7913 16163 25189 30574 28117 6858 24503 31397 23120 15963 15948 10446 8132 
20892 20679 28866 8667 29082 9741 32197 11028 10488 25034 19751 343 5949 26564 20025 12063 5633 21044 3489 19074 6633 26162 6321 10121 27869 5016 1210 19127 19740 32714 31170 3270 28278 16553 21334 31414 28545 18291 4670 13628 9142 26606 3802 19298 840 31165 7717 3196 30571 20087 6656 2578 32120 5145 27707 29689 10700 1026 13186 1658 18457 6019 17345 6952 4883 8496 25700 13297 12579 24910 5063 4415 9558 176 2994 5023 13476 27078 10974 4621 27202 20873 26592 11382 19796 12331 10256 28243 17139 31324 26096 16621 27545 25092 14144 11348 387 10045 30673 16548 5896 21656 15191 13649 17892 19830 562 25742 14232 16007 13821 23896 5650 15220 25889 6711 31742 27999 15592 9387 15907 5060 23222 16296 31151 13904 22500 10782 32209 6112 20729 3068 9140 756 29371 10608 31387 29595 547 7225 29935 31811 21038 5232 31435 3267 7710 2322 22370 6848 24189 24976 1129 6431 12179 8817 4951 25157 25583 14700 15717 17658 12822 26041 6959 28171 4492 18526 18367 17601 30790 18397 21312 18094 6383 30298 22826 10601 18990 32469 886 536 13644 5526 32611 962 4924 6092 9324 18850 11639 6089 29588 3560 1927 17854 22912 2186 6599 30642 
7247 26299 8762 2459 15993 29890 4122 2260 22246 21420 15133 7586 3444 5600 14236 18573 4670 25502 27356 26168 11592 11588 22047 2024 29111 26870 31924 25481 21878 12874 566 24085 6476 32400 28247 23303 30493 3541 606 25058 13975 709 3764 27192 7634 10706 32099 8031 28130 15764 10658 15157 9400 8269 14769 24503 6691 23278 32740 18252 23832 6963 20585 28927 15405 1842 12392 30352 12642 16050 30263 2548 26482 8109 20025 2596 32246 15424 22767 17546 19429 9383 19949 10503 8902 9220 13074 14757 30028 30660 31232 7343 16206 28849 20042 31435 3548 9902 22961 25302 28559 14351 31935 22707 8259 3551 26743 29654 31688 1508 13930 16430 22187 20066 11896 16504 31395 6025 27731 3384 3476 411 3336 3412 31913 9434 28315 24387 5109 21079 15391 31381 4357 15940 23846 10833 23686 12163 9147 21945 29387 1608 27566 10229 23661 10775 11658 20132 25697 11670 6515 24460 5035 30836 15165 10539 29297 20559 13106 17359 8761 25593 21438 32766 16052 10745 23451 30992 18944 23214 5510 11441 1023 20821 17403 7231 19157 31970 14354 4419 8769 23060 6634 30550 29390 21572 880 15662 31687 6565 16777 1327 26936 25004 16760 31291 13250 6350 14516 25937 
28769 18800 25639 277 21321 7923 28758 10032 8140 24928 32395 10220 5973 24411 24197 22519 30592 31571 16565 21316 23175 12613 10761 21053 23820 6016 22452 15314 27977 4129 32400 5838 6755 2422 20287 27956 32597 1412 30930 32690 16280 4085 27364 6619 9831 18006 14540 18532 19393 1210 21647 8703 19590 28784 7272 31271 6355 8621 11732 14998 5200 5463 31788 12514 14951 13827 7927 10485 27511 10953 31187 13399 32306 9968 270 10171 17047 9210 1950 25750 17006 29768 10818 27486 2725 5014 16607 24083 8640 21810 22616 2253 32070 101 28847 12903 11630 2817 23384 9787 22803 11153 31704 21887 27414 19817 9597 22645 28174 31225 4584 251 26929 29040 22820 15643 5912 23739 8621 30801 14640 19232 30056 9997 1855 29143 4076 6328 1326 14329 31428 31621 8177 11871 1352 15338 19547 7943 7914 19517 3413 9698 4967 4864 19900 3196 27346 21376 17927 11924 17951 14131 19850 24043 16593 23405 31306 27711 775 24389 23080 28466 80 6881 29454 15731 7503 16088 14542 9952 2431 21123 15676 13706 28 23156 4823 3472 11299 10018 18 6159 5317 6014 6508 21570 25520 9733 18815 3879 2109 11180 16542 12874 30362 2029 14495 3208 31941 23452 
15568 1759 18082 28901 13092 10562 7690 6233 8519 31147 6737 5031 1288 7458 5123 7997 29660 18224 30060 6273 17110 7972 23063 31691 28987 481 28598 6201 12938 30082 5858 30264 28919 5149 17862 18014 18854 17598 20021 7715 21166 13234 15808 7352 1002 6635 13944 23006 475 14736 13511 6546 29578 21620 21793 6694 17216 7340 9798 18387 7380 23600 10395 6312 30497 23342 10046 30429 12024 9781 14544 1623 20299 13731 3813 27479 16577 26547 23958 21607 21832 27685 24411 31145 12569 18571 9963 25273 19852 16785 27828 14848 15299 17038 395 17077 11827 30355 10896 26382 32001 35 21803 22241 5802 2847 32735 25953 27971 28816 32539 16110 17034 24113 31620 7348 15663 11238 29000 14668 12621 7125 15234 7185 6912 25800 17853 32204 14567 32505 13909 31331 5450 24611 29286 16694 26839 26326 7379 17889 28407 2740 30575 30554 32441 21200 11422 6016 17253 7917 11132 4531 27746 575 30764 12427 695 19756 18477 27765 23527 11044 32021 24625 28583 27788 21251 2551 27465 2466 24807 22484 25788 21279 17518 23362 14038 24944 14260 7493 6408 13529 13630 23928 8041 9260 8948 32076 12732 1644 31268 14113 10842 29281 10075 20001 15515 19231 22441 5393 
21016 2399 29838 27919 3282 26011 29683 11550 31078 26469 23419 2171 18253 15769 27179 4974 18013 29023 24408 16675 14968 30505 7139 25248 21200 5592 10526 5308 10701 3126 27980 9412 1673 18306 5451 6241 3370 15498 29731 11886 13025 28698 24680 24079 11067 17671 13775 32444 5782 6102 30119 13650 15703 9540 27199 27377 1145 15220 990 6118 31568 13474 23287 23071 11949 26088 14271 11527 19002 11916 7268 5119 11902 13069 7586 2268 9938 24749 8345 25649 3505 30468 32072 26120 21194 9980 12966 22325 14548 13701 25089 9151 8805 3237 13218 17345 30172 25933 13084 10688 2640 11356 7618 2454 554 24058 6738 24905 8154 28417 25054 31928 20887 22173 3619 1291 2157 16418 14588 7023 14759 28187 3250 3145 1943 25311 3516 1250 25451 26136 30094 9044 11820 15214 12436 30876 1689 32379 22137 23010 1035 27892 9308 18459 7165 19312 13223 31050 24044 23536 1527 13569 2303 7846 26795 28342 12758 20048 9849 28691 29592 24519 26688 22921 30784 29748 12918 2356 20517 9118 11452 13174 4632 29685 11470 11842 6666 18551 10486 10666 21665 26370 7763 31389 11966 10482 28883 27533 5201 28501 8785 9357 7348 11783 1227 8265 15581 12228 28228 2576 
5471 19800 7483 20415 5719 203 4579 21578 25470 9991 32395 7456 13283 11389 1476 12686 6006 14513 24571 24599 9136 20311 29089 12904 10016 4418 30684 4506 6030 25555 24639 3637 3019 12087 7440 21516 24810 137 27778 12330 19842 29421 20825 20540 14730 22396 19700 2583 24037 17479 22758 12080 24393 14896 634 30023 24474 2454 11563 27525 20854 12571 11737 30580 18652 10569 16179 12218 31664 8490 9585 26711 10549 2389 29845 9254 31052 11089 6078 1516 4794 7116 7714 23300 15609 31536 19081 4412 25991 21337 4987 31626 11983 30886 24450 17140 12920 26518 14448 30286 9739 12512 11850 446 7600 28769 28605 24739 32548 21932 24549 31986 21376 5680 18240 520 4747 17192 23956 16972 6665 12358 8198 16749 12592 10012 353 2872 32201 23578 1419 20142 29225 18987 32456 28033 12867 6464 14759 9240 31418 14420 63 10347 27586 9302 23980 3443 10426 20103 18613 31763 16324 3444 24448 16990 18718 2290 578 656 3451 14734 15299 9915 3041 29633 20673 20267 15035 18373 20913 19931 21509 21762 11681 2453 19060 7770 12228 231 28205 11990 3697 8417 19900 21072 16281 8836 21935 13084 31144 31865 3881 31560 24810 25242 5049 11657 22566 5100 
2685 13648 251 30884 31678 20007 29829 2559 30030 24054 30684 31993 5618 29832 17917 24253 3122 232 15125 21212 8416 777 12922 19367 1520 25381 27772 13023 3020 9065 3285 11696 18996 11476 26164 4237 4208 1187 18003 16110 9192 29777 5092 6116 8070 15694 16057 30022 12970 15510 5583 30174 12667 25104 17841 2924 2393 28090 1270 30754 28347 19158 10545 14181 29577 2395 25695 9663 5268 30886 9866 15454 14416 18410 24570 6553 18527 23698 12797 30843 22450 8350 7770 23009 12776 3391 30600 11381 7489 11353 17419 8933 19673 14337 18550 17016 28288 15539 20953 27133 27628 8903 29419 27517 23411 3618 32407 9543 5048 1213 21731 15126 31823 9021 18296 21862 10551 27690 15014 7889 18792 21423 9726 26400 20623 25582 5627 11239 29266 23476 22894 3478 669 18726 27003 14294 21981 23902 17760 14699 6275 29317 21297 23972 7885 32244 23068 15882 6405 11311 19892 5493 5821 28783 14988 26926 5282 26156 15028 21451 15791 26380 12959 30739 5406 9633 9974 26911 10720 2752 21497 9355 8166 4617 13760 15339 21662 18897 21699 29372 9068 9530 26046 8753 5423 25739 22419 4327 17356 6579 29732 8059 27762 16103 25254 29572 15847 2336 3107 25544 
6283 16874 24461 158 16824 11411 3222 18896 8142 30202 2395 6591 25249 10385 18706 19765 162 31993 558 27684 14890 602 10054 18208 21180 1218 15956 10492 20844 11887 15581 4345 5489 13411 25036 27300 27324 5371 858 11247 16798 22773 7496 825 31147 28883 24256 2335 5101 10816 21636 4787 6868 5499 19690 23492 3932 409 24261 24410 8552 27561 22011 9961 25059 26493 10721 5005 4155 8330 22302 4760 31826 22285 18865 17994 14011 13833 30575 455 1282 6020 8147 25362 24107 31938 31962 27300 13365 14070 4716 22983 20620 26609 8843 7471 9015 24543 26362 4941 23185 5474 10421 2015 12531 8971 10286 5961 21065 29361 10765 25432 9331 13209 13157 7414 30803 10997 26810 5797 22141 13379 6587 16166 13106 1332 15454 9310 19653 21256 24957 2547 21906 27503 8649 30794 18456 18603 9989 4830 15996 6803 2454 5425 16400 15789 12620 7607 1768 28477 22225 23403 19757 2153 30909 21277 27523 7711 24156 23702 15900 31966 31965 9140 3150 26032 30377 578 13416 24169 7657 32517 29225 1117 24585 15661 1063 16569 11618 111 26626 12254 31058 10401 21955 2400 32582 13873 32655 2494 28509 8237 21310 25775 12599 27059 14104 10418 14008 11806 
20050 14717 15670 17736 16199 24828 22777 151 14712 29505 11915 13403 7051 19152 15010 19336 17333 2284 21557 17203 24201 30410 17787 32497 14613 8598 30839 21351 4457 6558 4540 20891 29411 10015 8730 5327 13740 7847 2759 2259 24736 28045 30292 26 9498 2712 13339 7136 22574 24637 23751 8456 15942 9672 29828 23898 598 20221 28529 2748 28001 30172 26978 32189 16821 20580 810 25880 5222 23010 9877 15651 29718 27813 5926 9303 11297 11216 21960 24088 29723 5768 10313 2550 2976 17173 24533 2357 32571 29079 23741 21862 11168 20471 11369 14731 11141 10875 12231 18591 24182 32636 32725 22711 17168 9003 4030 32615 29267 4499 19550 1366 29531 20590 18385 5642 23319 16872 30506 22478 14089 28136 8659 25915 7508 26294 26214 25256 12531 30808 18724 26988 11494 14639 11235 992 30085 23466 9290 32322 24539 24534 24738 12375 426 17574 29156 3459 371 1506 29324 4424 20705 27704 19097 2595 15847 2824 19893 7743 26985 10438 9987 29966 27566 5455 18166 30416 3332 25109 32524 17289 4997 23106 6888 8404 31473 31807 9485 1020 28286 3132 14200 6545 12802 21118 12249 18168 20112 16128 7472 29925 7166 14153 10123 28124 16083 3430 23494 10915 
14806 20271 25322 1714 26828 14091 191 3858 27743 17976 5596 16245 27089 15199 17192 32580 747 27305 4023 25274 10424 15776 29155 20178 7219 20783 5228 19823 12108 27303 9917 7255 16608 13877 6898 28562 19883 23952 30191 32038 2804 31812 7076 27165 5693 2037 11597 13741 20137 24327 920 31772 6219 24920 25605 2178 22752 1054 1515 25195 14219 10138 27033 3044 19479 22606 12680 14722 29190 29167 13543 4714 28734 32680 8698 4250 21637 7300 3648 30230 25268 28879 12663 19322 7150 5927 3055 29048 11185 20908 21067 20107 27552 4069 7729 28134 14548 16365 18313 22423 20651 1079 15298 16115 26997 22480 6264 8523 5834 11613 24266 23683 22513 19416 25289 18633 12968 20765 29646 29125 22584 12355 31054 23971 30948 15969 31905 3287 24102 14246 26665 17614 17285 12503 7169 19642 3939 9842 32231 27903 27059 26166 19691 1414 27854 25166 18282 4865 24881 20155 12586 31461 19929 10806 7758 23380 31389 18659 20177 30525 29437 382 10730 29011 19016 2542 14225 30697 16746 4060 6645 5314 18452 6250 23321 10041 22211 14159 6455 32764 7252 29481 5849 14958 28177 21358 8129 29720 14630 31499 29799 21721 21867 32042 21131 19611 27724 20864 15077 18009 
7452 1238 29710 19487 25749 5388 9679 16952 6392 13477 11357 16253 2698 24461 972 873 28364 20339 14004 22705 30489 21451 32233 18428 7218 25099 3137 12560 12295 20993 24426 27266 18171 23455 26666 11300 32399 27994 7965 26180 27649 9533 2706 10063 19199 17002 7053 13608 5723 2917 2460 25749 3594 26497 8372 13552 7701 5491 30760 23531 28122 15157 7963 13541 381 8095 30170 10117 22532 30856 10649 30736 3176 20233 5349 11798 6553 5379 28491 28694 23994 10060 31639 2282 29399 15670 22635 18108 23927 26810 3521 4518 24239 8075 15178 7910 15330 13753 25995 32463 29871 15757 30825 1574 23964 32110 30207 11217 25050 22813 18964 20201 21305 15357 150 99 12007 15896 32610 1192 26656 26650 22060 15252 28919 17556 5730 6081 26850 20910 11483 7780 2239 19259 8857 918 8100 1008 19493 25165 593 19287 23473 21437 11775 32467 18796 21178 20198 178 6273 20123 17318 29469 18943 14554 13659 7822 5475 25001 25679 8895 30871 16410 25689 940 32150 15280 12655 24039 12059 4323 27521 9885 20884 15958 3656 5511 2944 26651 2550 3892 29691 14057 3292 21732 29805 760 5126 28227 5957 4479 11162 8418 31224 20672 25082 16236 1149 5679 
15076 9998 4183 32372 3690 5914 8905 28902 9369 19855 17408 14502 3767 15773 11346 28548 15102 29522 23386 6423 21503 23771 26258 6454 24893 26103 3730 5371 3496 18348 20617 31503 29449 28815 28690 23461 18033 12438 14718 12941 15887 11385 21684 9689 1948 5549 19192 23801 14626 21897 19458 960 32218 3212 14121 698 24046 21312 21022 17244 20219 32557 16849 12452 1838 26440 21174 21252 11190 403 29527 9835 17156 23999 14494 14546 30653 7707 19104 6815 8537 7580 29619 27081 25473 8885 26962 16141 2599 8446 614 5893 17302 8483 8482 836 18838 4497 6173 22549 31336 11530 8153 8907 1771 26328 30484 20914 6417 3245 15417 15673 10506 6406 32531 28760 3079 27618 15831 28528 15912 28750 459 31033 7389 10970 7212 1180 27886 10539 5889 31928 24748 541 31742 1160 23623 4177 20295 5170 7547 25039 31669 28440 13163 21979 19676 25002 22329 17504 663 31681 25121 21413 7728 19294 20293 31620 13073 2330 7062 9921 23060 875 3236 5303 23854 12455 20774 27260 13799 29554 5159 4546 11930 17343 20569 16037 19659 13138 132 12041 29790 22903 21593 7395 5302 15118 19103 24704 14020 18451 981 20574 17127 8595 8533 28518 16982 18308 
30874 27021 14507 25409 27890 9788 2500 20752 9907 28064 9906 15854 16894 19238 12446 18937 15183 29494 28507 25633 8645 22475 2151 20394 30165 12866 1373 23659 4173 29998 31842 21542 27335 14211 6287 15610 28242 31564 19319 19732 4828 20910 21884 28203 27557 17104 18878 24658 22583 32752 2758 18866 30290 516 2292 23612 6306 23891 28702 3779 2889 21245 334 25340 17518 32223 12859 1757 13568 16434 31386 18662 19856 6017 4772 31403 138 5818 14089 5140 8788 24928 16695 13806 17043 15393 1792 32299 1566 8458 3586 5136 20491 8830 8377 21234 26477 23285 6601 6804 27170 30971 2010 22393 19491 1727 3736 27787 1782 29644 17055 27592 29567 17318 15339 2030 22332 14112 21563 4424 12186 21290 28592 304 31452 19147 8241 1709 17636 11624 6566 4988 16344 32372 13262 32510 15656 1592 21980 5940 11035 31598 16233 6348 27335 30893 6381 4093 29746 26682 1797 5984 5710 8652 16949 22700 32633 25332 20053 29104 18301 15007 13123 23165 10785 15425 29299 4524 30967 25495 31621 25635 30216 25526 18899 894 7911 24860 12162 25136 23847 9841 2474 3071 31099 22774 422 26056 18685 15012 24886 9967 18962 25347 6167 2364 2272 293 161 3266 
21898 22579 19118 18449 8682 13503 25276 15397 10425 111 17746 7229 12089 20127 27458 15649 9993 118 27012 15010 5783 16556 18646 26794 29510 14787 20366 11060 25681 17587 8510 13840 9337 5095 31212 592 16083 13449 20251 4456 15189 11069 26264 4532 25330 25371 25168 4051 11819 4454 26628 6274 28942 6384 640 15290 31289 4346 23010 19741 2161 16075 21740 27006 21660 16368 27538 16261 22198 15283 11659 18216 10289 9993 5464 10173 29573 14903 2927 29739 2184 29844 3221 4045 2646 6387 1405 26081 23599 15711 21260 11229 19072 22999 9261 21629 29625 23612 4215 2640 27126 11032 22604 936 24790 528 5124 17343 19770 15420 17938 3599 2739 18169 12617 13153 31794 8867 28510 752 22239 39 9862 17802 29489 19217 14888 23250 23930 31239 12055 7457 21085 21467 25144 13585 10685 7321 18425 29640 31987 21543 20390 5216 9879 23061 21596 2953 26202 19734 3188 28579 3433 22031 23482 28271 19255 30942 6267 21523 27205 7300 7828 30320 4935 26245 14368 15071 32370 27715 31675 10177 14492 21810 3743 6791 29230 11501 20283 14404 7587 1677 18536 5378 2820 14880 2155 20076 20426 7425 917 11778 27393 8774 30074 11276 17632 21631 25567 23118 
15355 26546 25234 10916 27429 15975 12396 1563 24270 18921 15869 6946 28800 14319 26833 7726 24358 29461 28049 24981 32484 25946 30875 9947 2376 32406 32125 5518 11216 25327 27533 31726 21558 12731 14422 25750 27574 30380 14168 11112 26261 24144 11658 21591 31367 23258 11978 19356 8183 17597 28837 19751 3444 10548 3892 11753 5644 17554 8022 25984 32733 6727 2238 15484 18441 4758 14465 15326 12394 12252 17619 16004 17016 2293 9172 26303 14236 12891 11863 17089 712 28344 26704 15138 4388 27949 32527 30130 14532 28651 30171 32377 18469 12152 21171 18411 14246 7179 4784 18796 27625 22042 18483 7085 8359 28938 30102 18733 11043 9239 1373 28342 30187 13518 17917 3066 1293 17140 11798 11157 2656 18653 28087 26761 28213 7557 448 475 27071 11421 12585 1360 22024 24462 6017 27319 20865 1906 20535 10608 4016 32151 302 6767 5800 3718 30704 19925 32639 22668 27435 19638 19150 9985 23504 26851 11466 848 15950 32157 2244 29016 31638 5543 933 9388 32727 5635 27288 29318 2817 7875 17399 194 28122 9481 14141 3834 19937 25843 7945 20913 31117 23891 16435 21165 19160 29405 1199 25145 7503 29252 27146 7104 8065 21846 15707 28734 8068 11164 
23011 12949 18245 20583 19498 25733 29385 15708 9962 29429 14845 22543 11331 20663 27398 16209 5325 3300 11284 24579 2601 10474 2780 3739 26613 28986 8250 32428 2330 16644 16646 20784 27981 21612 16672 22028 3540 10927 18927 19106 10150 22892 32544 19002 17145 10435 15778 14616 19303 1497 28551 27302 29522 9592 18190 25400 13726 29347 24219 12062 28806 15116 31332 19472 28507 8959 8974 25923 13393 16649 10151 4784 18933 18062 822 8308 27841 9292 11449 5121 27329 1102 6396 32265 28742 20695 29859 10312 29971 15207 26787 537 32069 31376 13387 14107 6106 12057 11235 2289 6629 6447 5465 19434 30921 3884 24916 28917 29055 16674 8938 25197 7518 24337 23291 15084 24497 25603 809 9586 8396 29556 26352 24546 14768 16372 25957 32061 4189 10859 16120 8306 25300 29812 16006 5573 10758 5570 6683 21952 30340 17772 24949 2179 24129 6272 5355 14801 13692 28080 10002 12617 15160 2476 7582 16222 24984 22265 27187 24043 28978 15604 2522 14216 21721 15666 8195 18509 32593 18439 602 21387 1956 966 2736 5562 7682 23159 31642 2746 12028 25458 26685 22206 13707 25970 24320 19650 3335 29737 18165 16784 26699 27509 12888 17814 15979 16885 4120 13845 
3921 21664 21380 1286 5767 31177 21787 7468 22782 8444 13319 29415 9945 28341 23751 23125 30979 30179 8232 26517 30536 7507 6728 4800 1541 20256 5934 31000 15990 27474 28945 14826 8612 24719 14884 28978 14181 31790 7760 30168 23331 6348 12003 31551 28289 17774 27346 11261 28315 10983 10692 14145 30206 14121 18510 27598 25826 12514 9084 17501 20180 16720 17049 8927 25705 18208 23325 14110 22073 6822 7151 13435 18667 27281 20219 26496 21146 30881 3992 1774 8702 29272 30240 3515 17076 4314 8678 14817 13190 3129 28379 699 7943 6210 32654 19670 3397 3050 23021 10629 11233 22637 23355 1784 4194 2608 12494 22431 12577 10719 9680 31914 31495 5601 30131 17910 24994 22579 7090 10074 19920 17310 1686 30019 12954 20073 14503 1628 22657 1241 15556 10383 18077 18951 13281 2052 12237 7090 9265 10554 14756 17709 18119 5675 26112 15788 15446 23688 16278 30042 13577 11630 11706 5437 345 19750 4066 27009 16849 27989 16809 19773 10549 9058 27769 15974 5021 8896 8172 6583 20430 26239 18769 3257 5683 14777 6513 13362 30040 29192 17457 9095 29582 121 15086 21208 2775 3720 30363 29345 19451 27450 2338 15531 13194 18061 22966 3285 665 29765 
27336 27758 21028 23387 9163 14732 25699 13221 596 19146 18147 16936 19168 10792 393 21361 14743 28012 22748 10051 958 8613 8036 28830 726 13609 27834 21157 30744 4242 19321 2045 2256 28388 23957 11661 7894 27203 6105 5592 32297 20436 22683 9498 2256 21052 19848 28466 5292 30021 21063 30069 25730 2879 25148 21442 10481 17049 24294 7065 19961 3293 12843 8826 17808 10518 29138 9820 3612 8531 7175 18675 5584 26553 14991 28485 5018 21468 12169 15193 13055 17650 11663 718 1687 26578 1511 27462 14414 17685 31851 10079 30234 11021 1 17926 23499 19454 29756 25821 16303 26076 14861 19694 10776 14510 13888 19369 27634 19514 13197 4390 6053 9152 20644 5780 14677 28989 26630 18365 13831 5670 32376 2138 3427 7263 171 24092 25983 16880 10532 32682 8658 29732 2932 11627 12331 19333 30912 9405 19726 5642 22457 16439 30953 22852 6140 26999 9372 4465 12824 22292 18983 28352 20497 5829 10279 18345 18542 7684 1105 27954 14161 23131 1113 8694 17093 13162 2226 14762 13437 32555 8960 19526 26513 9925 29265 24398 10654 4268 11155 29206 23105 30015 14531 26157 1219 3450 8772 8549 13968 21308 10448 29773 28881 4981 19176 3645 6596 10719 
8176 19041 15472 1115 12998 10591 27130 13133 4396 24550 18776 27987 26400 24612 14184 16408 8233 18347 21702 9597 13408 27003 25707 18610 22305 9973 17425 11518 13651 21068 14279 6395 11742 16322 4782 22515 28463 12365 784 32569 9551 25081 27425 12785 12964 9891 12297 30161 2123 7668 3244 20954 21095 8569 20967 23922 28704 17390 12645 1370 14582 2594 25023 25006 15757 16429 21930 12806 17068 29406 4645 20275 15047 24209 7743 31300 27078 14599 19736 2343 5090 4041 840 24382 17900 10251 14474 5675 14869 24148 23194 1938 24433 1856 6772 18633 13255 5983 11225 29353 12406 2129 10010 4059 27119 25111 9156 2319 25523 19497 10701 28809 13810 260 6076 23400 17472 17957 17188 18533 14622 22576 32444 7276 23514 14478 25460 22256 1990 21279 6418 7289 19963 21233 30281 26772 21573 5986 4345 13520 15481 16388 17826 24717 6734 6488 21968 9589 15674 15916 14189 14248 30720 12683 32401 31891 19446 21077 227 25105 21112 17089 190 30785 30662 19131 601 2827 6528 8763 31556 7857 12254 9656 13926 30952 23830 30639 6075 24427 3521 25324 14518 9480 11516 16115 10408 17617 21967 18828 24070 29475 14480 1619 16079 7624 11687 32755 24285 6596 
32353 16462 20268 12261 2104 32249 4044 11658 25383 29222 7410 24942 6597 29431 13891 8546 4688 7797 14617 12102 23734 5749 15347 29098 20900 30943 14308 22460 10806 11143 5076 32062 5013 6069 10698 17898 20543 7990 4779 11732 26315 6431 15882 689 4675 13791 12033 19066 28913 8393 21797 4250 7370 28770 13705 30871 15701 18333 30814 31196 17657 14651 29766 1857 30145 17879 15024 5410 18913 8576 18386 8796 25228 18999 20460 31791 22760 20502 18812 31906 27058 21876 10267 26389 26920 31947 29229 11421 27733 14659 15204 24657 4287 28421 27325 18868 11431 2646 16824 29973 11759 23793 19112 26015 3583 22535 16108 5935 2218 32621 3563 27111 8796 13612 26470 21421 17183 30336 23956 3853 18069 7581 7727 23992 17592 13570 1919 30808 9977 10015 19087 9424 4182 16875 14887 32293 14385 2884 15405 19508 588 12618 9088 13337 3816 18699 15125 19030 15543 16012 25217 2459 29343 19088 21673 15557 9669 32633 13867 31493 20341 29580 32264 16876 9710 29980 26898 20722 26121 5953 16837 26084 12088 23437 31945 18160 29900 11359 22117 29667 19130 2548 15941 22517 7111 13259 7576 882 2130 2096 24404 6029 12181 10669 29727 1057 11904 7409 30768 28734 
31331 21171 23072 17524 16974 9817 5668 4191 25292 30149 17126 26378 6678 969 2057 15843 1996 29387 18885 22829 8732 13384 27042 25501 2566 32182 22823 1372 789 32099 18623 20216 4621 14267 22060 14900 21799 9384 12669 5918 24988 20853 27945 11113 441 2580 25893 14818 7764 29890 13356 17625 22963 25558 17629 4943 10444 10216 3064 2619 22425 1771 13989 13336 29765 27534 17865 21581 20922 17150 29855 28022 8186 6944 20247 2920 5141 30487 31155 2745 11439 12834 21542 13021 2360 4032 18889 30851 27150 21291 31983 18052 14413 14938 17199 30527 17729 7628 6666 26491 9711 31242 9726 4853 22832 14657 10176 30703 10212 6392 10814 22410 6526 24716 28416 19005 25587 4133 460 25389 25324 19716 31121 9678 6617 20944 19831 26126 11084 18525 31806 16705 15846 32287 3592 20259 25895 24892 18372 19111 5315 22292 7434 1647 147 21728 22362 21795 7599 24020 16825 9005 27648 3699 30344 16488 5316 20188 7190 12083 3995 29992 30872 29500 15846 1573 16283 7240 15120 29727 14890 12793 554 1202 26690 32188 3046 29377 10580 2611 15814 22713 23726 10732 10291 10461 9008 23732 353 15457 8515 18587 4350 24210 17502 17198 5342 3713 8602 7855 
1859 25482 10297 8 11826 12643 8841 14076 12214 14320 20624 32018 29672 26651 8019 19955 26709 267 17127 25316 13218 8207 24378 7977 18200 1985 1927 18289 31354 31023 13587 563 20730 1220 30167 5546 12315 21590 10124 14197 1404 23738 2289 3388 25785 10445 3724 10390 24762 6103 18947 30522 21035 26073 10151 2704 21194 13458 2307 20590 18298 31850 14551 16587 15063 12560 5106 24659 5757 32645 21181 947 31065 23312 3781 26622 15709 11674 18267 9720 2937 7407 21387 11585 4465 8471 23613 29840 17749 4899 3230 8591 9887 20822 14157 5035 1860 31352 5653 7979 7712 4561 30948 26921 2319 10910 13516 25786 22590 31200 3680 21301 24678 30783 7533 23635 23368 25228 11983 19127 3709 2071 20665 6404 6697 7723 3404 12687 27760 23723 5091 13878 16317 14076 5593 25210 12864 24166 45 31959 31734 17015 4710 8186 25965 20823 227 19704 7841 1039 30447 8470 17795 31902 12697 8202 24921 8737 20797 5975 15438 13335 1581 16897 31887 27127 18357 3222 15755 28067 30231 3209 27905 28808 13422 15372 24527 27987 26187 27518 23384 20911 421 129 4733 10321 28883 25470 7376 3211 20275 25358 6830 19210 3155 25105 7669 12100 26368 26126 
16643 7128 14243 29622 1133 24553 8025 6790 5399 9519 2706 26748 25234 7933 2756 18439 17779 8895 19145 28329 28416 7918 27708 21872 3823 10098 32324 13344 14706 18117 14507 6101 15760 19695 3900 1307 13271 28625 14791 19227 18347 1558 21010 27464 6547 20557 11577 6187 21266 13136 11462 6083 27086 5295 17376 21947 25223 2989 28089 9115 23842 2335 11755 31427 2477 26972 12117 13666 14711 17446 25038 22031 22173 25547 10694 26851 2188 3409 24162 7808 4474 31171 16814 31051 20202 19633 16062 31797 13563 3586 16388 4801 20764 3950 23415 16294 26395 27682 5815 11733 4856 9269 10288 30295 29580 21607 15469 22083 3062 28901 27859 18331 17631 16204 30638 9203 15427 24651 8262 29716 22469 28653 4301 12411 19410 1975 9081 9866 2949 2869 15799 18232 7090 17360 14796 32183 13025 20349 28293 5675 29261 30096 9825 18351 25069 31946 24462 13434 13908 18723 26981 21178 24422 19415 9409 19753 24849 1987 9117 2519 17900 23646 32028 8787 15435 23519 28850 18625 9627 4429 23185 28426 14851 4746 25967 31881 2147 32654 24817 19341 2757 7306 85 3965 29652 18402 30618 14529 11061 3081 7281 14227 9433 21075 6690 21039 13336 8209 11805 16254 
30964 26102 6069 19282 21877 10239 28764 27649 8287 15962 31761 28265 11093 8077 18761 5657 27761 10198 14247 26071 11268 17299 22091 26404 17857 15390 23517 13994 32590 24658 28488 16594 31631 29138 17685 25285 26821 23729 17836 10805 8186 10067 32601 28921 23191 84 24391 938 18410 4949 20467 14885 28740 20356 10891 30885 19632 30785 9030 6889 8548 20865 7282 19371 15788 9905 25616 10133 5208 31416 27873 29834 11667 16563 513 18469 21564 15974 19327 3466 17481 11914 14451 20424 5459 16532 15412 13944 7811 13298 9640 21831 8453 32597 12781 24870 32011 13909 5140 11599 2142 4604 9934 19668 8993 12318 13099 28884 30358 25483 29790 28893 13130 11329 21496 7600 96 12660 15430 645 3735 7592 4391 27469 24871 10410 30443 22898 24349 3431 27876 24079 15058 12968 19969 22425 15564 18296 28484 7160 8035 6601 7861 23192 25012 11747 23555 1865 4591 2085 29197 5974 9716 7918 29404 30168 14310 24849 7915 32700 10741 12411 8755 2241 29283 11249 9995 24137 2252 15806 31606 21745 14375 22916 7342 11716 4096 22528 22886 23653 30325 32380 7062 294 27413 1687 30303 28809 1635 27970 15990 1930 4185 23844 24292 21447 15074 3122 20013 30952 
27283 3365 32335 17705 18894 10957 7076 9611 20456 7312 6915 21197 11299 14253 22532 30117 25137 28240 19998 30668 16883 2974 2839 26508 15326 18040 7198 22659 19651 22533 23422 11587 24472 20061 17124 25368 27877 10405 8459 31443 5045 1860 695 19508 11594 26148 27316 30024 12805 11286 31746 3458 2456 12152 13268 20940 23665 5949 24944 22553 32033 11248 13469 29981 28930 17307 11107 23954 29900 14760 8485 4895 26472 2406 27656 23341 1740 24909 22570 3770 27760 3111 31629 23228 21980 9041 20710 19913 21041 25133 1938 14495 28895 14259 22944 17829 17394 29837 9419 28812 1381 3034 28466 3723 4116 29177 14129 487 18068 22166 5027 20954 22920 16541 31985 24400 6235 11351 2876 15720 22576 15747 15559 16364 8202 9925 24891 31176 23071 24441 27129 6396 1950 31557 13520 27794 26769 15303 26241 8194 13431 29321 30121 18689 4879 267 16999 30121 22979 8202 21284 14659 28430 16394 9810 3393 24098 22314 4101 2449 26442 2240 1295 7481 19320 1996 7971 31430 7428 9253 3275 4924 16067 14536 11883 15000 2700 9508 3092 7974 10951 24091 21511 18067 31422 30118 19112 16610 6628 16428 12624 2954 19649 2088 5570 8322 14199 31619 1614 17418 
26905 1298 26123 13015 16280 17805 6232 21399 14970 14929 24120 7211 11954 10545 6516 30972 14769 24811 25024 22852 11884 20041 13090 7057 20043 8485 14779 9452 1132 15450 12271 6354 7235 2544 17662 7446 20805 11246 16568 16833 1380 17847 20763 20641 31136 15555 8574 17381 7752 12306 6394 4796 30497 18769 26206 15707 14512 5771 14805 12317 30627 22718 32308 21824 658 30967 29809 7552 1686 1306 13384 12998 15917 27122 28608 20657 5625 19596 20980 14071 14039 3236 15562 4519 884 32662 2637 15267 9540 5259 17522 4424 23623 26672 614 7241 15350 31043 2361 9926 1925 32148 17778 3492 30250 10685 28427 24464 23310 20335 31207 13475 9215 13643 30092 7236 7368 23300 30422 23082 12410 19977 14828 3945 10950 8099 11568 23631 8254 17937 11214 21381 5218 27956 21315 4560 2916 27110 32490 28912 17423 2310 10113 15460 19181 20562 8710 17376 14822 20100 15135 15046 32385 10871 18326 30865 28136 6529 15304 2973 24877 24908 17185 20788 13919 30613 9317 18690 2364 9019 32593 1116 5259 26216 12779 19389 2005 19135 23866 2078 8485 13461 17807 12553 8841 29778 30864 21943 9952 17998 8175 25073 28347 11460 9471 1011 3039 15927 10939 32034 
23010 25576 23925 27485 6558 16557 29694 18774 5812 19535 13639 3850 2233 12516 31236 32313 6382 14648 22251 17596 23792 15694 31401 20400 28991 7463 11791 8838 1775 19021 20703 6444 29599 21863 7043 5901 21601 1334 5447 22268 14105 23011 26378 18562 29640 16270 15926 11496 3416 28573 7906 20024 29263 26208 2785 27412 26667 17410 32430 14203 8696 30029 4143 22435 26187 19795 29101 13689 21766 25696 18529 15266 20512 22773 8379 27296 6316 14003 16358 24526 25949 30453 18637 12814 20952 31539 695 18259 4120 20126 28879 6118 32506 14555 26559 28130 2297 23594 17398 7187 21291 29033 18594 4501 27742 25456 25462 2904 15375 11033 10514 2512 3853 1220 3701 18292 31749 28732 5703 23082 10286 8820 10543 3100 28918 23674 5799 8983 30339 11591 411 15180 2383 15113 28627 8255 1245 1464 23338 21588 27875 28711 19535 10570 2878 31541 25381 13274 405 17853 14749 12934 11168 21270 7975 31191 31810 18721 25063 2769 22489 4081 23606 23723 30524 2739 26524 1383 10644 26783 12967 10379 169 31523 15249 27091 3776 9737 9587 23219 5692 3063 12515 29456 5215 29127 20925 6818 6536 17399 19751 3957 9253 5917 13738 14028 15836 10235 7527 9339 
13539 28231 6875 4291 5816 21113 1055 22600 29687 14032 11 24068 21420 21379 14685 2434 4335 21056 8311 10006 31450 23651 23888 185 8240 9539 20800 8667 31157 25281 5916 30226 3788 20424 681 10651 12240 24327 8794 32389 19997 23849 31775 8747 17658 20223 5684 1134 2076 32647 10099 236 13380 12892 31520 24619 18545 8522 25575 22562 28187 29700 22147 26718 20368 20903 15051 1182 27832 3311 19280 21246 9863 6902 14753 14210 13756 30324 489 21161 17380 31389 28929 18737 13613 5059 5046 11507 12611 28536 9979 28435 10065 2934 9492 21095 31328 7328 10613 19306 21798 29111 25770 21622 1855 10542 23252 27884 13880 32284 696 29734 13513 29230 8690 27108 9854 20322 4960 16592 17032 32488 20007 9576 22580 15955 14655 9679 23345 18662 4616 32709 23247 17190 23446 1599 13229 30530 32218 11282 8199 646 22036 8380 2119 12155 10942 32440 15226 14240 31066 22599 9279 1408 32339 7063 7685 21647 15030 8440 9343 17389 32008 3341 10345 1193 6999 32395 16333 16451 1235 23809 4769 14895 27253 16175 8761 28999 32149 7084 6892 21664 15094 17756 28401 17941 10076 17651 23496 12684 22282 25321 23534 30271 19609 16265 5462 13351 10750 12591 
29533 15834 1037 16656 2239 2610 25042 10428 18093 15614 6174 2056 11327 18361 29268 16750 21801 7837 9696 1672 12738 27224 19851 12001 23860 29791 15745 18184 24024 10880 21090 27368 6158 10901 26623 22754 31683 4727 14817 11958 21196 14481 10990 28129 9206 14119 12245 18471 28011 20923 11070 19835 22305 3755 16123 22792 1047 5793 30961 8870 10913 8180 25506 30518 11682 18646 6537 21844 10196 1361 32340 6679 6352 23943 3151 2068 23057 14336 12116 14163 31850 23201 25381 6777 22366 26407 15533 23836 30127 18132 5674 2147 5641 31287 21403 17911 21309 31404 8050 28753 26904 30490 5225 6997 25465 21494 1340 29609 10991 10037 20233 10642 4742 16047 15611 3111 29143 18520 30063 1245 21597 25247 3900 4229 12140 31416 4243 15931 23436 22390 21553 20427 17097 6961 23106 782 1475 15015 6504 28239 4419 9736 26758 12692 10816 30413 26304 21706 27375 27884 5434 20597 6862 22583 28420 24816 12269 12418 6185 11884 26990 22465 6816 12308 29781 13121 4020 17050 14922 4473 32211 28771 26114 25060 15996 11677 381 11006 28076 5374 26500 31097 1368 9986 13272 734 14794 7988 1403 16034 9470 28972 23817 14783 20064 484 20089 132 526 19431 
8489 8717 16846 29008 13127 9482 30927 2520 14288 2575 31699 3758 14590 17512 16567 10327 20140 4971 15205 19283 13545 9949 11267 746 12535 19918 12298 6693 29236 11273 6700 4855 23105 21468 4297 28558 20134 5152 2193 29040 14811 19223 10842 6725 24237 23347 2524 30387 27577 16866 19732 15954 23557 13419 6931 21251 3019 22883 7231 5000 3297 3028 24171 10686 17392 13519 16380 9415 24704 23700 6155 9861 20510 30373 3362 10204 32694 20421 8753 21972 22096 28505 29749 7791 25598 12882 24667 21407 6759 26431 28663 830 13214 31833 20762 29211 28281 15245 10833 24074 17265 10686 18920 24327 21797 29711 1520 26177 19018 7868 20723 22040 27564 4431 29744 8563 31967 22459 31172 29023 11491 7794 2849 26380 12258 11176 18605 26154 6037 4844 10639 16305 5933 14406 19709 22596 6963 13468 561 12596 31529 267 18354 30081 1357 6348 5306 27396 13642 28162 2992 12869 23117 18673 25267 9958 6557 7982 21656 31352 16910 24380 7119 17384 16326 15743 7467 20732 23775 5610 29937 12466 24976 12572 7247 26459 27165 2907 31209 23554 19714 26585 30856 27431 12089 55 24786 29299 18811 1835 12767 7829 212 20165 859 3977 26973 1972 27849 24660 
4225 17814 12737 1684 24252 26780 17250 20611 1866 21394 29223 10708 23475 23907 30658 31410 16805 17400 11212 28581 10371 6223 28488 186 12253 12676 5155 7102 676 27974 1268 1487 16652 23858 26845 25464 25064 5540 6808 13423 11093 14747 14811 2570 32130 14234 27728 2079 17437 23146 25973 8917 25870 11287 5517 30259 13 4750 18427 15509 27604 611 27095 21301 26069 24851 23916 1386 18210 1504 27518 28917 31250 23130 5052 32205 17739 11777 19135 28503 23624 14295 17500 31671 32248 22563 19496 22288 30234 25685 22827 10119 14868 19669 3953 18058 19290 19675 13039 5098 8989 17496 25170 12904 22431 18137 3117 26632 23450 635 9390 19830 25439 16032 22596 28119 6966 23021 2989 15885 12485 22640 22201 18690 1579 27520 5159 1861 18404 10694 11834 18316 19083 17442 10538 3777 28106 32270 21325 12808 13757 23686 15957 12515 27577 22184 11223 61 2897 20577 4214 27836 10573 19326 24137 19113 24767 4708 16774 896 13621 8212 14365 31120 12541 1090 30991 12011 28777 9272 24774 28359 18958 14567 4574 11508 5155 23507 5596 18622 18314 29277 16468 28650 7791 373 2769 17052 13424 10350 11103 20888 29910 31012 1852 8323 19484 24848 19811 5114 
21990 6152 9661 27598 134 20465 19165 27482 15761 32 25153 2907 13029 6725 4102 23986 14020 24902 21635 27831 10607 16694 5227 28837 8175 9995 17228 45 7367 28892 29917 10952 28384 26802 17128 6866 4749 2763 16886 14655 22370 11051 4033 15820 26293 29802 11817 20024 13183 22782 17684 7060 25983 17944 28706 23658 2731 21793 13860 20075 16001 9853 16279 2224 24358 14459 13246 8965 6163 29441 6754 8746 24536 15351 31265 9019 12544 1470 10716 9514 7278 11272 21846 2515 19025 12081 6567 30880 2085 16253 24491 14980 11152 13749 14798 1216 6378 27838 14910 22363 30250 14706 2345 30350 14184 6002 30289 12120 11754 21850 5938 22418 21243 5502 21449 4217 11357 5515 1493 1507 20340 13718 19292 31770 31576 19033 1264 30853 2571 7922 13737 17149 31327 7422 26009 22259 8853 3274 31017 28914 19283 3693 9161 18216 2050 29745 22850 1718 29754 23104 6570 1048 1795 6994 2408 17503 31875 16193 28742 14895 8137 23026 13821 1481 25401 6595 14077 10216 12209 8853 32051 21287 13985 16629 18585 13677 26202 17784 29943 3244 6835 28148 31783 3978 6620 14875 15961 28455 24855 2662 3832 11273 28877 31682 6516 21170 10756 23536 14101 10308 
9974 28862 12369 3498 26486 20204 28240 1723 14934 20500 2671 12652 22556 7856 20405 8743 28111 10672 10264 29938 13002 32008 5815 6318 32220 32567 23713 4073 14430 20702 10178 24990 25756 1281 14050 3192 24726 27713 8301 21226 2787 14834 24612 9774 496 3670 6697 20564 858 18136 10330 1589 16150 12871 26496 22606 3511 21059 29778 25297 27182 29701 13756 32697 1021 17745 14394 30109 22406 28683 12414 12201 9272 1228 20782 25020 4211 7046 17211 19768 26289 13161 6139 24619 19715 21641 16728 29943 10829 7354 17493 11045 16170 27538 17616 24459 18010 6578 28069 21944 20945 825 3658 28623 6616 16037 28220 5102 17291 3712 13474 27368 1139 21522 4043 424 8173 11271 12123 10948 2436 7757 24846 15451 7091 28069 14965 8733 15611 30493 15491 32451 1657 12867 31917 14510 24742 11478 26882 28506 17983 14317 23300 18981 28203 31528 24214 9036 10033 10829 22332 12943 7673 9243 8396 16296 1120 5626 9153 15794 10009 19174 27424 19376 22545 13235 6083 13154 12687 17165 16057 27050 27935 29488 7732 31785 31219 28986 10804 18622 4137 4133 4087 2575 24288 10334 14332 32508 23039 18481 21371 21694 21786 22407 19217 32734 23087 27133 19948 7697 
2953 7481 8740 17491 10295 3789 10229 11492 24204 306 16738 24639 7879 15656 21649 27765 1886 28735 22457 10991 18708 3276 26180 526 32043 20050 31446 26771 18906 20922 28081 4190 31540 20284 28163 8126 25418 31494 29630 5213 9303 3264 27156 16918 1218 1259 31012 17782 25291 20930 13346 28682 28867 23664 21347 20307 908 29960 24061 18353 16324 14163 28044 12790 21691 22215 24111 31818 21331 24634 8380 28058 264 16726 3688 6348 2909 30498 27131 31275 10411 30654 32440 10453 9565 11769 19715 24052 23619 14676 5633 1144 25160 9921 4537 2242 18313 27481 7030 23073 22655 4119 14748 19627 20744 26887 32594 31804 27978 22027 10171 3560 20948 26928 14746 2762 9577 20370 9565 27385 21855 2618 11869 4756 31505 31138 16095 19801 27319 7412 22388 17980 21266 24931 2574 28126 14845 3852 5704 28856 25501 2898 5598 25906 1459 11099 10786 7808 18889 5825 26274 29552 8304 19626 31596 18640 4580 32176 8814 28469 31727 3926 30864 7714 15687 6107 31029 22986 10429 1786 15479 26081 6906 17260 15156 9501 29235 218 19979 2442 4878 28178 31203 8704 19084 14698 21765 27431 13169 17195 16554 17423 25958 14720 30477 2913 26482 2349 29064 12341 
7562 5973 9509 19777 25121 59 29382 23211 6285 13339 7360 26639 17604 12335 15726 19758 18231 23020 11041 8632 10221 30935 4154 30692 3620 401 1792 26310 540 8294 31078 2123 25781 19054 18791 15119 23476 21362 11479 9837 7108 23960 3434 12784 1551 4351 22890 20141 25457 29297 12440 24757 27748 14499 26469 20437 16014 26862 6941 2847 6344 31987 2033 14040 21923 6645 23400 10859 18794 6962 15491 7220 1912 25921 13826 20641 20728 17451 15769 10223 26303 14722 19673 25186 28155 13871 18407 13899 16732 23753 25785 24188 24971 10014 8755 30428 29270 1641 4368 13377 6125 30995 28754 21088 3667 12558 16370 132 24935 25680 15375 5316 32024 29635 20356 17308 15558 18571 18108 28335 24632 14690 10429 11118 15037 7204 30997 7312 5610 4392 11260 17738 20669 21249 24712 28734 24091 724 20756 11213 15871 13616 29732 17427 2065 17830 4782 16462 13623 14438 1058 11418 13157 12805 2779 28123 5982 4511 19912 15652 19662 5228 1291 21388 13430 31192 7144 25243 22474 20523 23704 18758 29776 23012 13338 17318 16493 24761 15902 1433 5458 23333 11817 2783 15041 2254 3220 5515 17714 7254 8167 2957 1131 29411 6462 13671 2359 5848 21400 8139 
9110 10859 28423 26807 10419 24661 12310 9688 11801 21805 18756 12454 18177 16318 29193 23474 14669 5304 24935 20184 17512 21092 7337 22655 9876 30561 27263 24833 26847 8290 30815 27322 19576 20253 4781 20041 19819 32469 12658 1324 274 13582 30324 25558 24952 2737 24537 19097 1366 9684 9551 11278 4319 9054 24980 19346 4880 11626 28035 31774 10288 24861 2562 17989 14819 23495 30120 18640 894 8950 32639 1231 15658 25509 25063 28440 5015 19992 18497 29974 19994 11448 24224 2223 9691 7473 14097 20084 17142 32466 31367 28802 18984 25674 23828 22139 28629 31418 26789 9368 24981 8420 16880 6060 29948 29902 32696 22274 24434 11847 6894 2626 4834 32154 15000 2697 1696 9761 15241 10134 13352 32759 23987 24016 15653 21774 18407 31968 11778 13643 17686 31387 31146 17830 11612 25688 18336 17856 27209 24444 26142 9248 21223 339 19886 28331 8734 30286 12886 27455 28495 3496 12261 353 30269 4261 18411 730 28458 23200 15879 5320 9912 31466 31191 10656 23960 22274 18888 28197 12210 19011 17495 1173 17935 26113 28954 10645 636 31882 4069 20004 14039 17929 25321 20730 29556 9337 23674 32287 751 11932 2827 26110 12153 4700 25245 28381 26973 16469 
24450 12177 29683 26277 6083 2980 296 24090 29264 29592 24861 29790 27619 2761 5588 4214 11843 24137 27005 3180 4519 17070 7959 21018 11799 30790 1941 22181 31895 20503 12177 18946 19046 9349 5304 23040 11602 31738 17424 15026 9328 25028 7934 3756 10166 13589 27805 22117 30990 23220 10127 19061 28103 4438 18199 29570 15723 12073 16374 20609 31227 12630 29884 28068 7331 13225 21653 23991 6664 29452 13822 10706 7334 7293 23397 17305 26704 23298 4270 16104 21859 1759 14355 28499 24201 19555 3072 142 29582 32677 18780 17349 8130 1923 22232 30244 23771 26666 10513 7360 29644 933 29941 18030 8426 29682 24780 31737 6696 26011 2298 14311 8043 27296 4796 5584 13406 2559 30296 8480 27855 19311 2449 18500 14704 30566 32574 7782 6799 30225 15036 13951 15444 1267 9147 3360 25238 26590 21865 13315 12604 13267 8113 24002 1147 4308 28339 8470 3051 12124 21396 9441 15764 3163 16294 14994 13024 32543 14786 4637 2150 2350 3718 11223 11551 32599 13824 16299 23332 13442 19862 18122 3371 17077 19158 3112 1353 25897 9691 7736 25767 15662 29902 7126 24920 24029 5631 7401 25195 3911 2787 17956 17145 28377 11039 25209 28161 23308 2779 6738 
23095 21636 32014 26176 13538 4220 4552 2449 17851 24400 15104 23993 15394 14573 15048 13546 13628 258 8237 4204 14267 31358 23809 3895 3177 21657 11556 11338 14022 10847 9651 4977 26843 7736 15059 17049 32102 3540 31452 16365 23113 16226 4218 25638 3402 12363 8930 2425 11952 12295 32336 6531 91 28221 13251 22076 5881 1859 15277 4381 16469 26130 14391 2838 31108 23798 12769 1384 30334 25628 20591 30119 19355 26185 19420 7745 6835 30511 9828 869 30953 23592 7759 18181 1743 27664 13535 11682 1093 23928 2139 15971 9259 6049 22654 12171 16971 32754 23629 17395 30229 5885 14467 21086 1518 3406 6807 7432 25487 22750 15331 8417 22422 2995 23799 23004 202 14306 17918 10771 19717 11405 16138 22365 29629 3515 25012 31245 8320 22882 28585 26816 18654 10447 21289 1749 3375 23352 3670 282 15407 18720 17632 32004 21741 11405 11924 2901 7300 6482 18150 570 17960 889 18199 13894 881 28976 17364 16188 27962 9027 24249 763 19637 19750 7744 31648 18830 30707 26718 1009 16804 13090 10303 13040 32353 26672 8756 18035 3249 23775 17191 22079 29981 14883 11265 25742 21135 31878 8539 9001 32593 20927 4389 16514 31671 20547 11176 13938 
16566 14294 9787 23619 25510 4016 17056 20074 27272 3120 15326 29462 14401 8322 14867 14940 16376 21172 9854 13124 9236 21163 18316 29994 8503 24535 4204 7986 22948 16400 19583 24244 7548 29273 21057 22737 20222 29509 26890 15637 13650 26151 7907 12450 4886 688 23513 1251 32002 446 14203 1579 20393 11080 32650 20844 4007 4298 27234 10849 6630 23575 14281 24591 10915 22574 32396 31273 7421 12437 18021 870 27568 14133 27301 23981 1765 29959 17427 15289 21268 31382 11435 18299 23071 16408 2596 9449 13352 23821 13350 11647 20772 28067 29369 25914 11642 16328 24853 15530 1810 21205 4886 5167 3297 10151 27714 11340 4541 26225 15005 1937 29043 17269 9730 6330 605 17227 14134 29945 21269 1516 13911 8409 18359 4313 13610 31885 15148 1633 18485 3371 28034 15939 300 28942 1306 27101 3083 8199 31019 27489 18618 17374 25857 31757 233 8304 25506 9168 2314 11306 29440 13771 5907 6760 4176 26121 6829 7372 5569 25867 12457 2930 31484 28668 48 26400 23611 13768 7490 19336 641 20125 26985 32099 18258 30527 16824 12549 4327 5966 11504 2281 32217 4346 9166 14263 17469 27580 6489 23838 13734 32184 31303 12678 12425 27456 1682 26762 
18807 9939 12912 31711 22523 11609 12617 30878 12839 16300 13186 13982 11154 24192 7020 25757 19234 5774 6309 23636 27594 18184 19621 23112 11353 27919 28955 28248 25444 26714 29151 692 1843 29809 5741 7094 10917 31959 21721 5518 7782 21254 32712 21953 27245 23664 20280 15688 6933 4770 17011 20970 2723 25812 23365 15718 12115 27397 28119 17682 8232 7366 14494 15433 19269 22804 12471 16584 30875 27325 25731 23024 4987 15580 1036 5800 26291 1203 21426 24065 28373 26393 25016 32733 1487 11256 21074 3330 6240 32402 25729 8781 20333 19458 12506 22871 2840 21281 25705 22080 20143 25680 3071 19572 16361 26731 15408 24101 6525 14248 7067 29489 2811 14571 29717 10974 13512 29543 23676 11902 12422 10466 12643 27124 4134 30413 0 12007 17185 4822 23731 25678 12779 15261 1614 26604 13048 16205 7015 18138 5391 6039 11758 8852 4512 6132 26998 13093 22844 27822 17761 2195 11172 14688 14369 1849 24678 19649 28480 27892 5759 16400 21802 8087 11335 15733 19551 2835 32438 27944 10834 4366 688 29279 18692 27272 31343 9048 21313 21451 26453 26044 12524 28446 7543 14703 28522 17696 10331 28148 15406 2636 23380 146 3219 13834 14022 4654 10648 29546 
30410 1831 12737 25024 10403 8960 7425 22588 20758 7486 10497 24160 2841 13941 1309 17497 28159 24495 15990 2305 10144 21661 13113 23236 29678 32109 11748 13283 20496 12521 11918 8584 3887 11173 2150 3222 2637 16507 2095 2581 21512 26300 17110 1293 23341 32542 24815 6266 1820 25095 16647 7639 21524 16810 8209 9779 3797 30402 3405 30563 178 9935 24331 13512 1875 21662 24963 12188 27487 9239 19341 28417 8516 13133 2766 32309 20888 26496 22720 23845 26546 16187 10428 30340 5749 26465 4361 2642 12458 3064 25188 31046 12142 8284 3697 26510 9479 30184 31297 17657 2993 134 28062 22476 28047 10184 28226 13673 18058 13833 22557 1893 1292 6802 10754 3779 27167 6010 19969 31094 12559 27496 25665 23773 22791 27185 20419 6653 23204 20821 18233 15092 31038 20910 3170 6456 18126 19182 26020 24090 11049 2699 19209 16891 4818 17276 17474 14978 23499 21840 19515 7560 23890 5405 924 21010 15052 12175 32582 23847 26475 3823 19745 2442 28138 16161 14948 18285 2596 27296 7507 15966 23814 13078 11800 8145 7116 30249 20807 19793 496 9790 18784 20083 6035 30359 3185 31408 28046 11654 24016 22865 29428 2403 20375 1203 9816 8397 27342 21388 
10985 3952 30105 25707 23764 24030 22053 7898 1782 31599 1822 3031 17198 7068 23781 12966 13020 12965 10042 20807 12267 24345 28684 14839 14711 26695 6930 6873 25377 26117 17524 6861 8214 10150 13481 5661 12515 27080 4635 1351 18622 32674 12871 17005 6840 11803 20830 14848 25777 1283 7952 26629 8192 89 21638 18504 20896 9348 23570 31216 25299 14738 30886 26431 12615 3009 18935 2643 19458 20233 31100 30565 32686 31514 10886 8195 24816 24012 7713 29163 18743 5086 25135 31212 32577 3803 6397 1970 22760 16075 23176 25955 26139 22696 6390 30640 32716 23711 9659 25663 13771 23219 11753 20256 12498 14295 6254 21406 11787 20741 27765 21464 7354 2859 11459 30540 817 31136 21189 5044 8259 2660 3107 13452 7327 503 9212 10288 25241 9526 31487 6736 9293 5616 25447 6387 23601 8610 17125 10777 30021 2673 21812 31847 11855 20745 9087 26788 14531 9155 30688 27096 12130 28671 9366 2407 25434 31520 15728 9755 8154 12690 29320 18106 10595 21426 19252 1801 24373 12676 14993 2444 14170 28595 16360 20821 27774 31409 8706 2932 31179 11391 13327 23662 31095 19554 16668 21900 19314 15693 17999 18077 22213 18689 24179 6444 5422 16441 710 2879 
1878 7468 5263 30248 28304 3747 30635 22274 6376 5444 7774 25361 12680 1614 28533 8425 28295 14259 17575 27766 10666 21248 29703 24433 18890 11659 22720 20229 11805 31590 30515 23044 8392 26726 31414 20568 19840 9622 22815 21054 27149 11734 4951 27058 31503 18852 22918 4041 17550 9028 32678 12295 16392 4081 6893 4360 27511 7500 13832 17153 4330 30673 29340 14577 5691 27920 31694 19850 7174 6720 9778 27495 3503 3752 7713 30886 12112 30295 20710 28983 25734 4554 7407 8190 17339 11628 15131 26050 24874 5570 16726 5809 4930 5818 16258 2760 31629 23514 2489 13273 3038 4751 8831 11765 18174 6550 14153 4100 344 14690 28211 1038 18405 4104 25358 17685 8303 30634 23753 1335 27405 10702 15106 13605 21643 5746 16983 10894 30539 25764 32231 3803 4687 27606 11569 15201 23061 7057 19159 4864 11556 1971 9819 7594 6455 19151 12233 29370 25598 15691 19898 4882 26103 6208 3179 9136 2975 11002 26255 21626 14024 11920 13244 18270 15817 7834 26531 13638 17053 6727 31386 8943 17543 32572 4941 18346 21579 49 19595 16291 13379 19609 24976 23101 21482 22087 8663 32040 21987 21686 14879 32729 29910 11713 26267 24906 31518 14881 19223 21074 
6448 17403 2868 11870 22112 4738 31479 28399 12620 24698 3872 7799 2287 29177 17593 19926 15190 1564 30157 6460 6384 32500 11295 31055 5506 23043 25116 6021 30029 12363 31252 8574 411 17429 4767 5186 15403 3026 19820 25532 13624 2236 6737 21323 20817 19471 6114 13974 28949 26573 29652 9694 15871 24229 9474 31542 10611 26956 28265 13610 32275 7021 30155 20947 3008 6777 2888 26024 20923 9227 17670 15626 24760 20097 12671 166 7818 21022 2695 25158 6155 8229 321 570 17637 17398 19414 15399 31297 10927 27492 29363 2464 9082 7680 18533 19268 12809 2825 16625 15807 20052 1182 24719 6893 12437 23237 8345 2347 13765 3389 4357 17585 26249 11432 26543 26308 2452 26990 18847 18230 8060 9704 28777 22942 27614 13843 17910 31068 25712 1697 7289 17170 31623 29673 6723 23871 32500 8590 14329 31412 18926 31673 31833 17560 3440 13323 5086 5795 10835 24303 9943 16193 23127 16036 6701 29090 8124 662 26956 20179 25593 27481 27853 14762 26987 14207 18174 10673 18639 13966 29141 9441 1345 24550 32006 31192 2708 8750 4271 3782 8861 8978 560 26784 16621 28946 4894 21192 16918 1282 30254 17605 28499 4824 26271 3684 25489 2206 27367 
5612 25943 2534 2551 14133 15478 5103 28785 15992 11062 22317 15065 2442 4451 26637 13044 14132 16263 5126 32420 25580 3617 23919 30782 17949 9947 16256 10795 6109 24230 30435 2516 24653 4622 15478 27270 29033 4852 3150 14140 16771 12497 13496 12517 1820 4657 16201 117 9269 3636 11607 25183 23378 30932 19917 59 20051 12663 32580 23447 18156 12446 18606 2314 6065 27713 27812 23747 5133 14459 28166 1123 31372 21294 2988 3207 8966 4250 22027 18247 4246 18680 6583 25548 15804 25093 24003 23210 13411 30218 26513 14613 25294 24729 30395 20870 27361 7212 4084 30125 28418 24321 14974 29908 4925 4096 14913 29230 30270 3243 13473 22182 3895 16672 1393 5807 10312 13126 19083 5275 20541 2243 5249 15058 13862 15970 21391 6607 1684 1974 13881 10889 12242 32193 16062 25775 3026 5784 2208 19056 15306 31152 20 3120 26155 20914 29785 7631 8223 32158 6365 17263 20160 19494 14665 22663 11446 24617 15777 171 691 18004 2883 21528 535 19163 22013 5396 15783 17140 29349 17886 4702 18706 24871 638 25886 7199 27296 20347 3618 27564 10719 18953 7778 30314 14108 3383 21236 18402 8141 7785 27156 21704 19357 10369 28847 2129 32311 14849 
25994 22634 32757 29798 19526 27507 19309 1582 19109 29805 19697 27115 7961 12126 4439 15003 10145 30939 901 22587 1079 9883 16066 24293 6896 3521 7017 30589 18246 19969 18476 4854 21552 12900 20802 1450 31903 29440 19628 8183 20380 22532 21327 27513 5818 29557 18797 6459 13056 23238 32442 23116 9248 16618 23121 9667 17076 2200 14272 1338 10884 11299 7757 10850 27754 25169 6660 1035 31179 17244 16574 1922 4553 1445 26104 21373 24933 12464 17159 8355 30199 12950 3513 29722 23772 1906 19848 15905 9271 29368 22417 2971 11997 14946 31000 726 602 32522 20993 5469 10464 5661 24490 32604 31824 23422 13923 25784 31651 13876 14933 26946 18214 2322 9985 18410 14912 27239 17751 17848 21986 754 670 14344 20688 1889 32631 20900 25515 22455 13593 488 6443 625 32011 1272 24055 32232 14149 31967 3811 28909 5837 12061 12635 24170 15996 31939 5721 18350 7570 18203 7954 12952 6339 15216 29031 14779 21912 10053 17120 12692 3779 1651 8920 12388 29849 3142 2648 26771 967 7031 16417 22971 30681 22778 4342 30430 1438 17250 32438 22754 18775 18974 31324 21441 24389 8803 28930 27678 26466 24897 5497 4428 6657 4855 10705 31224 22087 24950 
20689 15826 27462 16947 21506 19270 22698 15642 16694 11501 15906 27268 2281 27314 19405 22532 3575 25236 6449 14785 7116 13521 30642 30008 2958 27813 5726 17199 16286 27286 17 31811 29418 23677 18654 4014 22139 29511 24284 26423 21207 4486 18614 28130 1625 26891 8509 2264 25950 23078 10918 1531 18261 25178 16147 2028 11618 23151 18000 27370 422 30378 13762 15144 28316 15410 11068 1532 29403 3989 30649 13559 14243 2237 4684 7213 16492 4307 25732 11008 7172 16992 7237 6606 16991 18746 21 21468 28984 9445 31900 20116 7549 10373 5073 27408 25307 20463 2131 19474 6599 29385 1768 18702 14985 22102 15677 23253 22437 16445 15421 12690 17603 21991 25872 17469 20533 5708 28954 21228 293 1982 8833 11534 11695 8836 32667 18247 31065 5139 12739 24700 20048 11957 13619 20375 29888 5729 11976 3552 20731 5722 27442 25241 19638 6191 2334 15256 378 20722 30807 21837 19772 28346 21535 16112 15389 18290 29087 19380 8760 20518 20079 125 18325 380 27561 6834 18520 17824 25279 15589 4379 17197 32215 26945 9173 8804 9558 31441 20289 18306 30 20297 31632 5131 17032 23037 1329 3258 20904 9488 6801 12163 4054 20337 28008 5077 10465 9307 
24871 20799 16287 28612 11325 22117 4244 1113 8937 28487 26475 30899 3011 19898 16365 13832 26686 25613 23921 20700 6914 1015 30790 31441 13660 110 22106 29845 18198 9844 30668 7847 31602 1634 7462 30220 8714 2646 8527 25684 16109 25796 31998 13404 23226 16526 358 29068 10492 9364 17984 30641 29356 15170 31824 30677 1764 31934 1195 16468 4321 11560 17331 2284 14586 28792 29140 30947 13634 8400 5757 25353 24728 21506 22307 606 993 26038 18341 32091 15792 19329 29651 14674 25225 13430 20245 9557 6397 9787 2858 3128 5099 22553 27999 23294 6114 18889 24139 5184 18414 4664 1511 3852 1507 14127 6120 22502 26097 13092 5417 31911 1138 27195 12912 17501 32168 19123 3788 19643 3681 32567 8843 11321 18404 29171 2577 28317 58 2175 3165 1939 25661 12045 7095 9639 10171 7912 20933 6448 13263 4494 30664 26966 29109 28645 12772 31390 3374 12832 10039 29179 13178 30778 9659 22751 15192 20171 3006 27351 1804 1917 10021 13679 11611 17725 17196 1461 13506 26532 15199 15074 18083 11639 32093 17229 18812 28318 32559 22872 21839 687 3829 5 7829 29731 13741 26772 10186 2097 13788 7060 26001 21791 22004 26290 5746 47 5172 29053 
1797 32602 8087 22803 26871 19278 31567 18118 1827 7337 27498 14105 18140 31284 31008 31962 9345 1441 3132 5003 20867 4535 18939 1623 13253 9885 18217 19604 18772 11182 26311 20766 29052 8795 12849 14898 11145 4989 5860 28577 23236 907 11031 10888 26945 16876 27881 2369 1610 3514 27077 24093 17258 8449 28809 32296 6776 30054 27241 24375 16784 31190 9863 13642 10496 14632 9106 28092 13397 27652 28715 1431 12884 7509 1187 1823 5781 26235 18789 11492 26594 28716 15120 5361 4555 7375 19345 31153 1948 11753 31874 30644 29651 19389 17679 980 19984 22182 3589 32684 387 9392 7081 31704 16559 8746 4212 15089 19039 3934 9973 3085 24297 2440 6645 20790 24613 7461 28386 7585 4609 27481 10578 20620 10095 301 4749 11736 12397 8103 7431 18652 14457 16695 11479 3299 6978 20889 12650 24590 17000 31562 18833 30961 27334 651 22296 3020 377 10358 16613 6075 5296 29706 20863 4511 12992 10570 8274 4494 823 20727 23668 25014 1010 15805 16193 6107 7092 22308 25522 16034 10901 16802 10177 24197 31241 3411 18152 17049 16380 7014 11675 30179 15280 4665 30841 32025 18873 20725 29875 25372 17722 28981 25035 15921 12594 12659 12800 684 
10729 19608 10827 6615 817 5547 31529 29226 19566 29731 8690 14905 10873 3690 25918 26290 4395 30777 21406 25532 9292 19361 31123 1547 23485 13893 31657 683 13728 25527 31913 4036 11659 20479 3810 1295 28288 18527 7025 8420 19195 25357 16838 12708 23577 15750 24428 16902 25637 14036 6214 1506 24519 10171 23017 30034 23036 633 23206 8610 12504 121 27550 16164 20321 29261 32610 18433 20524 24323 12929 25914 25937 20520 14212 15459 32326 27055 16495 8532 29977 15249 21826 3678 15546 573 14678 30264 1939 21469 2742 30435 27151 22045 32061 12447 19651 18719 12620 2117 23218 17919 20399 9438 7966 12983 4518 15672 20046 19614 28697 18777 19243 5578 23714 15304 2194 14998 11858 2869 10080 27401 2754 1825 4582 11581 20651 18137 5009 10021 32149 16825 229 28311 19744 5879 25515 20858 24519 31116 26428 31314 27818 26905 19700 24156 7197 14665 26368 19021 10074 30384 11378 11358 551 3768 25986 8739 3874 19224 9113 7699 25302 14485 8628 20944 22712 30418 8664 26243 7451 29028 26958 16753 692 8487 30627 14838 28046 29865 20276 32361 15299 24800 3490 6623 18640 10244 27368 18444 10791 16155 32209 1538 3320 17929 31452 3742 22354 17264 
20625 9231 14919 14602 3643 22498 26810 12571 23580 14877 8510 16287 15394 10166 20516 14540 553 28145 22194 25649 32318 28818 21414 32656 8654 32431 29424 32585 29558 23821 21370 27710 30620 22177 14524 15539 26213 248 4403 29183 6692 31482 32318 9456 23203 32694 16639 29476 17511 2117 9268 26546 8301 2936 25183 2091 21239 24332 293 9509 12089 16816 26224 17011 15578 17957 6118 19138 24659 13998 11061 9985 5215 1252 19571 27574 22443 5082 26784 20749 28797 19476 8423 13143 31811 17824 21066 30699 4269 32764 16075 1545 13694 6269 5150 21771 28960 1360 19292 19737 6805 3054 16689 3588 32135 14083 29940 3556 2865 24590 4143 17428 4924 4011 5373 2205 16118 30060 27198 2191 11042 17815 3768 8023 32394 20507 25826 12372 32361 5849 32405 20967 23037 15080 855 10846 24648 3978 19287 934 7741 12295 6391 7678 30581 32396 31131 15878 12141 25821 20304 5844 8853 20762 19581 28106 6084 16394 9757 27629 22894 6816 25488 2559 3059 26958 27055 5078 7392 27568 19000 13630 11762 12824 27471 23551 28396 30388 19385 30882 25147 11023 9348 25288 16367 11576 17144 30225 17798 6427 14373 12101 24992 21480 7218 7364 656 16598 31878 9664 
29736 32111 24190 1499 23167 12937 3799 19286 18945 32750 14003 27788 22017 5141 2270 22825 3419 2033 17765 12363 15849 23100 32434 1384 12725 17280 2633 29250 22139 5432 7363 27019 25499 525 16540 21999 17094 1001 14351 1692 27769 27225 1497 11094 56 2703 31877 19654 27594 15952 23172 2707 26596 22870 21107 3708 1123 5477 11856 29707 10334 4973 16572 30568 25205 10207 27261 3062 30740 22388 3184 5740 16099 11053 9680 28379 11357 6948 12596 29840 4638 18416 5435 18756 4172 12697 21125 12085 8839 6269 27307 20222 15641 18060 17360 12547 30856 31133 5435 10117 13701 25237 9361 1948 9951 919 9772 11071 4017 7992 5756 13230 1378 27283 3113 19568 19423 11523 28256 6498 7762 1091 18530 2223 5063 24833 18856 28575 1074 2248 8492 4129 12753 32077 4637 7199 11182 911 26137 21906 6790 25382 23239 332 17216 24173 7074 18498 6457 6185 28449 23713 28852 29408 19393 18213 6492 5971 829 30235 1476 28048 19322 26086 30802 22148 17527 18091 29895 13529 14311 30346 20083 12161 16144 2601 11007 6042 1070 31662 30417 13426 7100 30331 22437 6046 17232 10192 29727 25922 15751 16584 20797 17416 18318 21472 24084 766 2482 30415 
7491 4679 1589 20130 1393 11237 25828 4675 3233 19658 25102 18252 25589 38 5091 8407 7670 29209 9407 6743 11036 19761 13172 19576 5179 32395 26032 1056 27361 7336 16255 19640 4277 23441 28561 10655 31643 10654 28475 14049 1219 13555 30731 10502 1728 13407 7381 32535 14322 29007 19697 6365 12179 4223 17641 12345 8575 11743 17717 24263 23614 3494 15194 25761 553 32326 21836 11652 31516 9235 106 15343 4628 5941 5381 22690 24450 7873 515 20562 5590 27957 25019 6021 8897 8287 5415 25191 11562 16843 4102 12124 16889 13097 8115 18137 29188 9540 18104 31569 4002 12789 871 22965 31530 17701 5616 17292 31651 26866 5137 25479 19065 23575 21779 8152 10361 17359 12445 12629 19735 13833 23960 1184 32302 15318 11606 2219 19637 13389 3299 17744 32061 27012 17688 25093 29958 3356 10146 10649 28077 9157 18123 12230 1263 12195 32084 25169 8571 6958 8171 3425 16811 27316 26068 31853 25884 13005 16145 27132 7783 21177 21519 26566 29537 20290 18045 1527 19446 358 7116 19881 19350 13467 8422 22030 14703 742 32613 11150 25252 5436 24871 5274 573 15694 16064 9364 12050 19604 31907 32150 8714 15933 19302 23923 5974 16736 7007 11460 
27311 4614 12134 6926 5378 16464 17373 31663 27351 27446 29345 1833 10228 5899 1153 13954 7808 24057 22807 19159 2203 19571 9007 9563 32038 26911 30564 3035 23871 10746 3334 24408 26469 3831 19224 19892 19140 31764 9202 9406 26611 1024 11301 24487 6044 1516 20527 16762 29737 22098 14153 6653 27204 25597 13160 3217 32475 11039 2867 26386 25616 7258 9472 711 17381 23983 6203 30655 5549 2187 1156 14333 17295 20168 20106 31725 13412 16062 19302 2978 21012 13332 228 531 20381 2431 7439 27927 17701 29117 18405 23024 3962 31135 21524 20542 9093 12937 12610 2365 19764 24288 11841 29181 21523 14668 10171 21365 9340 29701 3443 32058 19879 19829 684 10298 14104 25100 20197 14155 21319 15883 25975 17306 24055 7895 16355 8792 13562 31373 17627 20704 10179 12666 3072 17964 20188 641 12358 12798 15474 6903 31419 2659 3555 29900 11597 8965 30431 12205 19504 24666 14910 24699 22071 10285 9492 27565 9890 7444 28772 11255 3725 3899 22265 28416 30431 26786 11879 9758 22484 4166 16466 1403 13673 24019 15347 23296 17508 19658 10189 20059 31815 27021 25744 19698 27977 26325 31596 2514 23848 18559 30961 21406 10447 16218 23930 32308 17697 12829 
21754 15036 19181 5236 15181 5341 9441 7247 8350 4079 13637 14893 26206 28939 19521 16919 12631 30663 25235 11602 16975 24852 8440 17095 6762 12556 18089 5787 11187 28025 31269 6635 19016 21559 16191 2312 16104 31261 15768 30170 14028 12527 19438 27898 10305 32071 13088 27113 26002 28729 14170 21499 32730 18200 11643 6032 20147 5204 8135 5246 16223 8582 27018 16269 11417 6605 32726 16320 12592 27578 25712 10699 14422 12432 25245 14736 29824 28732 30375 258 7050 4896 29150 22905 20525 95 9227 8146 11232 6810 23930 20708 2833 784 15972 6544 29534 16408 8288 27408 23611 2547 16973 30801 20922 23755 25444 20909 26550 31225 17050 29159 23455 31138 29714 23035 28550 10107 9135 19873 22309 17647 7701 3807 6940 549 14526 30583 17873 14637 21829 22309 30054 8082 7141 23941 32253 12252 11361 5700 23440 7034 32520 24381 22425 18393 2752 6229 15290 32719 11128 15404 13130 19942 30816 19582 485 8691 2165 5089 11703 17429 29487 6194 3860 28795 9043 1538 28168 10401 29005 24037 25681 25893 2150 5972 7118 53 9673 21813 2317 22570 4565 26313 21635 5291 28906 20470 18553 10257 27594 28258 21637 6233 16720 4866 17336 11871 13886 8097 
3077 4057 31582 14268 19296 11410 23564 27057 13003 2364 5703 21889 15519 27914 13784 8980 3739 11239 22441 31410 26241 2267 31385 28144 28465 8862 14914 7027 3822 19077 27810 25162 5256 22985 26242 14166 27887 11473 28076 19478 28424 8130 7817 20812 26508 31494 9900 22095 12935 28726 18529 6860 18914 21879 18662 16465 19172 25879 14407 21815 5977 23143 10046 5811 26089 29784 22511 12478 16031 22061 7915 327 28334 376 12057 23325 31940 4615 20828 30905 5758 12997 28885 28294 11439 31325 30665 3291 16171 5280 7897 1207 13607 3767 24173 19225 11489 871 5807 30041 12995 22837 6520 4558 26983 12740 31619 22567 21754 27012 19474 31802 10059 14668 29720 4819 20309 18156 11309 11787 18283 21845 31454 19190 11386 8379 167 26971 5981 9071 26977 23123 27138 23081 30781 4814 21670 23067 32677 27652 2733 27302 29621 9942 5821 26640 17238 916 25414 10243 27011 18237 4207 8218 29778 21604 26555 27726 25595 22640 10154 12009 3663 7941 22602 16773 645 1752 12011 28709 24257 13778 557 16653 5160 13027 22592 20131 14240 32486 30346 30240 13032 16513 19314 16758 18365 18262 26025 17145 11354 15358 23280 32646 20729 30140 28829 23320 14106 29378 
21961 11365 8818 19260 9707 30523 9153 21410 32402 23505 31166 31847 19018 29460 4887 5256 8330 25446 28328 939 9597 23580 5751 6665 23477 15528 4953 10695 12327 24698 10995 12808 25079 3623 12925 12968 15206 23728 515 28558 26029 24548 8359 12563 5 16997 7953 6328 22473 1977 1875 6466 18160 17688 11255 6295 28876 27904 4602 31226 10205 31149 24586 1357 5958 4586 12942 7175 19772 28588 7943 4681 15023 12983 1948 3007 28236 14197 11793 5796 11227 28429 24488 3031 18310 14251 29440 17550 1353 16267 32149 11564 7884 25272 20882 2515 6739 7701 30804 2592 26930 15194 15065 1498 31631 2198 24279 24766 14578 26232 20914 26491 10564 30123 8083 8507 13880 11611 3307 924 19143 16499 23909 9096 8150 5979 23162 8057 25232 18840 11412 11495 1830 19565 26132 15055 31498 5064 16323 12865 12836 17627 15540 29686 20417 19914 768 15422 15783 296 29617 30337 21760 16956 24628 16261 9460 29009 15177 5399 5348 21474 28275 10835 9522 31053 21473 792 26575 16629 32480 32197 15473 3812 25050 31087 6026 16615 11688 12011 30148 6458 14299 21611 10820 25586 25638 20343 531 5718 9608 14890 2628 16060 32128 19476 22074 18228 25913 11927 
10466 23274 4494 125 32242 7692 30339 28610 597 27766 29743 7396 29923 25557 22038 24318 25467 7918 23716 5621 6546 13734 7413 30305 31513 31576 15012 5545 4203 6886 25557 1739 31331 4148 13872 440 15898 25874 950 13382 11168 7373 7289 12821 382 10621 15757 14543 4148 3681 29751 11513 2204 25228 18261 15149 3336 6716 7291 3932 14506 18706 26279 16857 32078 21868 14874 15398 6577 7658 31437 6239 9018 9779 30657 15502 6805 9069 22031 19801 14705 25726 3541 4583 2982 15559 13856 22387 2345 115 32668 10269 5279 22323 24392 21367 18295 20042 11494 572 16167 29090 1807 7526 28717 13200 14104 21371 2755 6352 32177 3299 10981 5213 27916 1045 16460 32677 17223 13530 14467 24904 4388 4750 4656 11350 30236 28189 65 14981 10941 10081 5388 5189 6235 15330 23518 20082 3896 20111 22285 15892 12512 22875 31309 27444 6136 14251 3843 24996 20838 23954 26082 19332 24410 19105 30555 2555 20325 24230 20851 9312 9838 24306 4973 11092 10666 6360 28819 5358 28166 8250 29062 25547 4047 10522 25507 30838 1520 7890 11082 3588 29535 17345 7690 29473 2945 27327 21685 27082 26190 23372 24958 16615 20799 31356 20879 1500 1289 7430 
15307 25947 24371 12164 11557 15664 11148 1428 22720 14339 6067 5548 28886 12052 5917 21844 22553 24692 20070 23585 5553 31608 529 28797 24243 30618 23727 5320 15462 14870 15968 23110 23898 6845 18231 11237 10472 22514 28146 12468 24851 17079 29028 11679 7602 1311 13006 8634 17097 3386 32094 31351 252 21344 29886 28595 10148 18721 30431 30592 21826 23724 10113 7307 16366 21150 9657 5197 8221 16844 25007 18753 3152 15122 15969 31140 8896 28466 14990 2341 17234 16555 27184 25240 20294 25235 10146 14030 22688 24252 27627 21120 27789 30977 22925 23383 29388 31397 13976 25328 21067 14991 18833 199 32528 10828 20767 32377 32707 23712 18377 17250 25818 13276 9802 24567 25241 8582 11539 322 5185 4442 14276 3472 32583 19466 1419 11327 1829 2117 23327 7387 11738 7425 7028 27325 26646 17483 13205 5352 20991 1066 18600 30396 32616 8794 13109 18535 5797 7826 14985 26556 582 13229 24645 2991 15917 27127 28283 1965 19520 15515 9250 8286 7209 3121 29893 22693 18057 10086 27106 31055 31867 12957 7415 3617 2559 20632 30616 8211 24880 32699 9032 20777 6885 24497 6452 23024 10894 28533 22566 24465 29094 31737 9553 28417 26580 27967 16142 22810 
4070 21400 25150 24095 11281 13939 21167 1239 30225 3656 8728 6171 22337 13347 32352 6732 8340 23810 18300 25639 6027 21134 11839 14613 30903 13583 20016 23708 9946 27018 27924 20990 17734 5075 10330 4748 2535 16959 29480 26159 4431 11519 6593 8083 17021 4572 10199 31757 22523 26492 12382 12410 15729 31447 27843 6251 17916 22067 5892 16922 21212 10264 13148 15175 23217 22118 25618 3919 17386 21874 6079 3583 19319 17914 3566 21476 30335 2839 23306 27030 10357 7911 7055 10460 1786 10854 20962 3742 29391 36 17883 31208 13311 13015 11665 16942 10776 21663 25560 23854 4728 5994 10615 2577 31186 28613 24386 27217 28917 8694 9379 19833 25183 5632 9204 23476 13181 6052 30030 4532 5875 30980 5705 7026 2546 24056 11453 15378 1181 10743 1594 5650 7564 30570 10844 19802 10022 20850 11701 17185 32416 20851 6325 30003 9980 22801 4166 12681 2143 19107 3361 21515 18529 23070 25939 30269 18744 9032 24533 20159 24144 16286 16257 13102 12301 28607 24475 2926 13145 27914 14074 9001 26764 25397 5563 19839 2230 31583 24966 20323 26963 19759 19528 25434 19513 8764 4166 3762 23096 1311 13415 6719 22347 19531 7847 14089 4003 11404 28400 15451 
20603 31547 19482 5093 4304 5411 30135 32014 31876 5585 31628 27534 1503 4443 14132 6234 31969 9145 29570 19277 6157 23405 8496 21667 1373 10545 2703 10772 24232 23682 12552 16719 2778 8064 344 26720 14045 25704 27733 28516 5431 25371 5749 10685 3937 25237 2575 4733 20066 18903 11714 24220 2473 8863 13289 18117 7968 11223 18027 5796 11411 5550 3153 15201 2167 22624 7890 2369 18583 31694 17495 16973 25218 6908 2338 14941 6101 7837 18573 5840 26961 1717 28813 13775 19939 11917 9851 5814 16050 10641 24860 10984 5998 11287 3640 28643 960 8587 26473 31971 15332 11262 11744 5286 23530 25567 32581 28149 8362 30778 22076 2133 17723 1438 14986 30015 25612 12546 8539 13936 12130 28182 18249 31734 912 22756 5340 9574 1906 15779 7332 29499 26543 26538 5963 2269 24713 18386 29445 30165 2198 29380 20751 12656 4631 6218 28554 13589 10516 18665 31790 30537 19699 12952 8587 4743 90 16172 27782 14433 6548 9254 17669 27479 30274 16555 24609 26129 5824 7232 29219 18568 22268 3294 9513 19581 19848 21086 12677 27935 11588 8946 30596 13306 14684 7189 9107 208 22409 23145 12003 13445 21182 25042 27414 26821 24545 23024 16821 22193 
20036 57 26885 15277 3228 27181 21954 5716 20958 23877 25168 26910 13433 13765 11915 24986 22841 16705 6734 6593 21367 31658 9927 15555 13586 981 10075 18962 22988 21004 25023 23031 18487 9073 31396 26166 21768 1226 25188 21318 13330 17516 25287 22521 1107 8536 7600 2805 15622 23705 9284 6551 15722 9241 18562 21043 19319 24355 32664 25466 27317 15083 23005 32159 32012 21809 22632 20118 14854 5927 25687 12148 30247 25093 10005 2554 4914 7305 18099 25612 30879 15947 24947 25697 7744 10415 17302 22783 6945 28566 16920 19619 18583 28238 26223 15399 19031 30871 7734 18189 27146 31128 31225 23755 25856 32320 16356 17218 10954 18113 27398 5299 10386 24517 5298 19000 19199 6156 16608 32616 31422 27374 26165 23881 515 17927 9297 3278 17441 4035 18100 13903 23203 9362 381 3969 31939 22977 28361 31262 13125 10126 14342 6037 30918 14025 15233 4290 31295 28450 10791 16576 30583 10323 19650 22967 16922 5675 27622 14452 24516 13999 10383 26721 13564 17009 6744 5222 13544 2651 12803 21381 93 11826 6040 7094 31739 16371 22346 1834 28705 28489 928 21812 12455 13316 30217 5446 29972 28774 91 1950 1724 5043 31815 497 4492 23294 26663 12105 
1963 1871 6349 29974 5691 10894 5131 28731 836 11021 29718 16687 13744 2817 26404 27229 14759 32261 4005 31543 15605 27514 31284 18025 7248 31538 18473 23797 18969 11858 385 21389 25145 16729 1963 6953 14087 4402 9291 12444 7836 9137 7998 24077 15908 8190 809 5381 24451 4944 23757 17974 13679 28055 8493 31705 30117 12727 15667 11158 4063 3832 12047 32026 31180 28760 21149 7978 18472 25713 18933 3841 7596 16668 5191 2353 15604 24766 3954 19930 9449 21827 32078 27844 26264 22316 8842 25954 27328 12034 9137 24271 18189 17914 18676 3157 4938 5531 29073 21166 14192 31669 693 3895 5926 18154 11589 17354 6212 15092 7329 19474 25276 940 15560 15708 11370 5537 32416 1224 6115 10277 20350 20462 21273 19980 25234 32488 21144 22401 31380 29483 279 14777 26614 20535 24270 2849 25572 30382 32154 32428 1681 13893 30849 3844 16640 26842 24629 17936 2099 20371 27419 2323 20794 24832 6548 3238 7329 28164 8582 249 32716 1581 28626 19593 16763 57 17207 2586 29264 20497 7878 13959 7958 990 6014 20658 1380 7226 20849 17523 2680 9739 28848 11122 12584 7507 25733 28478 7259 31956 25548 13302 11546 18924 16395 14001 25689 32607 
10434 25058 12617 659 25501 3611 23642 27692 10708 8010 22178 21074 15652 7926 3551 15119 20261 16109 8016 15220 13123 28919 23599 8320 18974 11190 20671 12721 29806 27469 13789 30290 11861 32051 6172 6110 18922 12267 2291 15138 868 15255 16683 7994 10495 16707 13657 24985 17442 9861 25728 25147 28078 32558 6489 5407 13465 31824 12603 26188 116 12412 17613 30725 22512 10096 24474 1813 728 1043 22820 18852 15295 9303 30473 23290 8841 14021 13453 13531 10417 19799 14438 6342 1479 7053 13348 30604 4102 10517 567 13560 18044 32244 27930 21176 26860 24480 18262 22094 32634 7527 13255 11565 2687 28258 2009 29609 26785 208 1997 26998 31266 23894 25017 3294 29454 9802 18043 10043 4104 25038 2368 26862 7031 24770 23967 30285 13114 21182 93 20061 13455 13347 14695 4765 20143 24406 30902 21868 604 1866 21168 7691 17858 615 29687 8649 31116 19473 15156 23935 13658 30160 26730 5486 30823 1874 20946 7719 19355 31057 11815 25183 27839 7617 24333 15965 32540 7166 25184 23120 12184 3492 30 31347 21725 24107 12615 21153 7963 12710 22001 26858 8375 2436 16288 10998 6361 28146 19368 16833 21758 3830 30608 32391 14079 32536 7883 29108 
27265 19069 21803 2193 10777 26620 26338 7277 12504 28456 28052 19158 8649 19791 3580 10305 11475 15539 24748 12389 1548 9522 15966 7810 4130 9640 5717 1802 29810 13083 4251 3035 31336 22299 10370 20624 28539 21759 21226 25513 29402 27545 12201 22475 29664 30729 4718 31690 6793 31073 11068 32314 11378 4486 3174 28408 9748 15971 30149 21639 32072 16791 18070 19601 26115 4202 26288 5267 25599 16 15092 10948 28075 15475 26671 5777 24730 22670 19011 2076 26974 5317 15260 2667 15383 1024 10562 25749 7059 16599 7269 27583 5167 22879 18134 11484 29867 329 22094 14422 18447 16926 20559 10874 4182 21899 9602 18583 22180 1331 19083 31517 19618 26462 11974 20725 28143 23127 32197 28098 26919 30154 11785 14585 18762 16172 31853 4399 4781 23648 26668 4865 3450 27503 9321 14032 24091 13309 1586 4387 13344 30480 17367 3413 4871 24632 29255 23851 4303 27044 11578 13430 9433 5876 14527 4514 1381 5862 12858 15208 32298 31374 6868 21856 31501 20991 27629 3252 14739 30336 9641 25550 21185 16508 18230 21575 29937 17141 15159 11776 24576 21078 14377 10644 3208 16224 25749 28020 22364 2902 13638 26080 7527 15404 29109 10914 12629 21084 3331 14762 
11497 4446 17203 7118 3305 21803 24480 20128 19808 16839 15019 18005 19550 6668 8900 23197 14927 11454 23267 13458 21695 8807 1012 30624 5693 11243 2535 2026 26533 4576 15723 25802 16739 27898 27039 6244 1892 10000 31275 20439 24501 31688 13445 1768 16084 13846 7322 20844 14213 21646 18099 6177 25037 9026 7557 26118 14758 13582 21444 7553 29920 13959 7064 16575 1700 7537 30698 14655 22244 16393 9430 2355 15157 3380 32343 10412 23880 9795 31445 15041 16223 2801 11879 11912 12923 16004 7057 17965 10688 28919 29592 15269 23897 31794 3449 7756 379 31852 25588 9400 19486 1053 20780 5635 20242 19814 7524 26857 5259 6994 13711 13996 2791 17187 3646 22884 11610 20572 14760 14877 21852 5003 25527 1478 3813 32490 24623 1155 15673 1282 23702 4030 30481 31850 12506 16259 23421 26366 726 886 9877 8842 15879 23640 18645 25762 5529 12263 31067 4335 19130 24483 12533 32049 29858 1989 27976 3565 32027 27873 641 23561 22399 20380 23806 18514 29446 27643 23682 11181 11877 19532 14024 8784 29841 19853 23972 14485 15644 2242 6153 21475 3900 32411 5721 21015 14065 24572 32308 25500 2642 25751 6054 31505 31418 3374 30611 8258 31367 19921 
1397 15518 15654 10276 13348 18735 8843 14541 30596 28401 16351 8342 11966 9926 23384 13024 29268 3763 8111 32655 2171 3270 16904 12438 3814 28758 23178 11520 16993 29154 15303 9335 2313 26731 13129 12409 778 25495 23368 23251 24457 27445 22206 17816 2462 25648 19472 9378 4227 30576 29476 23801 22937 14901 20292 11035 16478 8696 18376 20004 22607 10676 17188 12287 19812 28548 30816 19465 20906 7414 17724 19046 1 16203 31299 12283 25560 12782 24657 19850 18369 23012 3167 1510 14371 7558 13865 4072 2478 24710 8669 25192 29597 30464 29875 12357 1607 27054 5674 7691 8705 23693 30996 20749 2444 12904 31374 16029 23598 11617 13889 15949 30292 1046 2978 9651 7514 28421 26704 17746 6167 19920 22685 26129 10548 22884 28911 31488 20264 9099 19313 31047 5765 12451 23020 28165 18428 10624 11384 28432 8049 15222 10472 7021 11441 297 22600 4389 31440 24273 22929 15109 2854 3942 9201 9633 19001 383 12180 6367 11802 20391 10491 13246 26956 31732 32231 16250 9214 15683 11524 20854 6227 5785 25556 28128 2398 30696 30377 17698 23482 17412 23139 6873 26219 28366 15214 10682 28196 31182 6413 6993 13287 22022 270 25953 16771 31560 16828 7389 
20733 12687 18857 21782 12121 20566 25009 28167 18693 23044 8621 11999 4343 16048 8697 15013 12909 25665 29854 5404 5027 29168 6367 11623 26644 20292 5982 21176 1845 19306 17302 24391 9741 6061 11043 10843 32078 3480 19994 4926 2012 4593 10551 19396 4995 20048 28067 29384 8148 11183 32712 497 10317 11167 11190 1208 681 587 22146 3540 25577 15818 23785 14826 6149 24448 13006 30436 15933 22894 3222 26325 17103 24449 32095 15882 30325 27672 22993 9929 5249 10956 16834 15693 16873 24454 15053 31904 9433 24576 29186 12447 12801 2637 32335 1561 7699 654 3107 20240 28977 27305 4249 14841 22943 21572 27574 10867 14952 4314 18328 22530 22998 908 32156 2954 10395 30137 29359 19764 30053 2542 28593 12574 27850 5973 22080 19302 26106 12572 13500 8556 9236 14006 22725 18641 13299 9718 24717 13790 24470 19199 30704 11323 12351 23861 30226 5035 14749 12991 2717 30485 3487 19750 18820 17176 22266 16479 20736 3928 10551 4379 17279 4259 11805 4114 3468 20189 29383 30814 12664 24914 3903 345 24471 3566 19290 19159 31742 21244 21741 20031 1552 2110 24196 20189 30592 9341 4699 3354 7037 25831 2614 32557 21274 13541 14919 19781 18641 9050 
25422 10412 24969 25134 3066 32561 2395 7790 11426 11200 12552 27889 10996 20562 2402 3534 28347 21055 7815 21631 11673 31045 29401 8495 30178 20794 28893 31421 15850 28800 7287 32764 24173 8888 23255 16642 26859 1738 8217 6769 15146 2033 14673 2397 30832 9097 10429 1714 18025 9900 26099 5464 21314 29201 1352 13781 20692 1978 5976 27656 26191 8036 29841 18503 8865 3667 9955 31575 20534 9222 8569 25276 840 30483 13379 22158 15528 30885 30806 24083 8310 31084 25654 14211 9594 14384 1098 7058 110 15783 642 10132 22957 5055 27340 23344 9711 25589 5034 31853 13716 21254 3977 31717 4984 665 30885 25693 16066 27809 7723 24888 30865 11458 29199 3047 6672 27797 26510 20018 18405 14450 2639 6839 12938 11659 17371 4453 16312 1351 11491 31388 2908 16032 32665 2270 15441 8317 9321 23215 15889 24645 29180 17963 27860 20982 28100 28787 26728 9084 14915 7346 3988 18423 9362 20090 8487 12214 31709 1660 357 9010 9741 31900 8818 26797 3385 13365 28937 28611 25496 12870 17947 18031 22184 21699 21219 27436 5344 8140 9551 28156 23357 11706 9640 20384 27438 4997 32351 31388 19177 27738 28225 12343 32308 16847 2536 28030 25342 21762 
7543 25809 1594 27436 10637 30886 8974 13631 12652 14371 13737 28050 30494 6272 946 7125 18425 23227 28532 13497 28518 1835 23463 15823 31638 22906 6039 30550 2514 6547 18105 1660 5814 24201 5985 15945 4067 10499 5829 19738 6526 6046 10442 17355 13195 6258 29733 2937 2102 14970 19497 4432 27609 32717 28825 24788 28675 13187 28585 11294 2850 13359 6129 377 4341 18537 5958 24478 15386 14302 12069 13547 13809 16735 12500 5699 7834 12117 25568 30501 5244 8263 3972 12968 4061 22615 5960 32036 15509 2591 4037 11123 17134 4903 6571 4693 26806 30201 20358 28336 18194 32266 27458 3136 7870 27246 31669 25916 11801 2113 10950 27441 16443 1286 32359 24889 4723 19470 16521 18293 2472 18382 28173 1143 30657 6669 16569 16586 20868 22840 6038 30415 859 26811 25996 25521 9048 25759 11996 27660 15289 28512 2050 4258 29359 7745 12153 32431 31204 14968 23495 425 7660 3929 7882 25582 27399 3362 12884 16837 12320 6802 23282 18521 20590 7330 18209 22624 24430 20233 3614 21071 24554 7484 31270 4184 8861 7689 9255 6904 19461 5439 31038 13954 26262 10599 20981 26207 4393 6244 14405 24046 12203 12109 16217 7023 3565 170 29920 9548 
7883 23318 30897 18314 7239 15216 10667 13031 25744 6640 11474 318 15598 18106 20395 472 24025 12738 3776 9929 22647 17575 20638 3112 10795 14697 29270 20485 12697 8218 27972 8991 12729 7690 17878 10724 11608 29937 30400 13236 32048 7565 27057 28138 18099 30382 7403 4759 27698 26173 7986 14061 15222 17263 6597 7851 26564 9402 19553 24922 22938 20686 17847 24564 6873 20196 12616 28040 14997 900 4375 16846 30711 27710 7589 28502 28908 19212 17582 24861 13147 8739 10479 16852 4590 7680 4362 22634 22188 19811 16823 24004 15042 3651 9377 29569 14372 30698 3073 28451 19171 12559 6002 30233 25707 27016 25501 25521 25460 13300 4684 15176 12065 12093 15691 10153 18655 21518 21889 6322 23087 15460 16254 1832 21185 21140 14821 4360 7957 6258 4609 1226 23834 16962 15127 26811 7100 2406 23476 30131 18728 31533 5827 17032 815 25436 414 29883 27337 28179 2627 25986 25643 27047 19263 29677 2257 4858 7499 24975 27049 31967 8021 14731 16475 1521 23353 14341 27038 18089 23058 30749 8129 14875 13225 7779 28899 32117 5607 22906 13691 409 8100 31233 19248 12427 16509 4285 18944 13309 15785 6760 21279 25660 15494 9142 22424 12307 7982 9471 
26308 10803 4748 25774 14062 3670 4598 26653 21343 14313 21736 25898 8075 3768 26760 26729 25008 16032 29673 31614 2312 17488 11302 13768 24598 25616 32068 16872 25697 32113 32645 14367 14971 14390 17809 20263 2811 5377 18850 32138 21074 5944 20680 17264 27020 28108 9085 17871 4295 24935 7133 9314 5340 6971 19544 12697 933 2226 30894 27813 15200 15902 6793 13815 26438 13739 24552 18912 18509 6301 20051 14230 20951 15795 7527 25541 18339 11388 17786 25562 12551 26033 267 8509 20263 5344 22065 31789 1763 493 24 6962 22327 25721 9201 22622 1227 20211 6022 6083 26647 14132 5388 22327 12746 22033 29304 7107 9637 26295 1304 9855 17783 19001 18763 1919 25616 24288 20653 25598 21973 1398 26227 15118 29621 27128 25667 27109 19502 17399 25150 9036 29357 26211 615 1474 11975 7232 3801 28821 28440 25087 25729 14999 20988 7605 22957 14518 26276 31191 13956 4005 6212 676 20195 15733 22335 25006 21542 26389 25822 3173 30507 18196 13712 11351 10692 27200 16814 28035 21578 16206 19874 18935 25457 7492 12378 3408 23098 21614 12557 5202 16615 25405 29126 22818 24985 15210 18470 22757 24707 20958 1071 24218 21182 19809 9421 19072 1100 31532 
28146 11963 13780 25268 17940 18012 8774 26527 8789 24665 7835 13519 22875 16175 29414 4872 5741 13004 13213 18576 17131 24335 11638 294 21931 17772 21671 18915 12576 16320 27182 16290 4729 20964 6805 1580 25258 2582 23109 14012 24711 21277 30700 3868 7460 24464 1810 20258 7814 7839 6180 28702 18520 10262 30045 17197 30135 15906 25220 5435 15508 11884 21782 20511 2099 5166 17652 12734 4411 20087 15541 16041 22464 14402 4950 32289 9052 9722 1598 9578 25544 25361 31659 15625 27160 19347 11225 25828 28477 1651 11549 4915 30459 13709 4424 29393 11520 5234 12523 13486 15765 3424 6426 13078 24899 6408 32410 2823 18732 13919 26198 8946 23390 5082 13526 14733 12990 18549 1828 22170 4001 27395 12013 24792 27372 26421 29479 10062 29744 32344 27918 548 17280 19392 24336 1541 6869 5344 202 15885 11923 4597 16735 5596 18083 18424 12459 6268 17571 5152 26628 7143 15563 25674 15026 13774 30993 24146 14642 15576 28302 15241 4854 2419 2298 2748 16020 238 1948 26915 602 20902 18803 14768 14325 3792 21103 16855 27693 27768 12092 4448 15064 9088 21426 30604 13651 2596 27976 8843 6863 5967 23778 8293 5932 29201 9672 20999 24826 7732 
23100 6698 12834 30977 22312 9694 5320 8583 10369 22816 22424 16987 1467 3660 22206 13314 20014 9209 12630 1877 843 23416 12298 834 7812 27090 8950 25514 30038 19190 27009 89 12299 27694 21506 25447 29239 7638 28223 11091 15753 16889 23497 14949 16189 9271 16314 24744 347 3729 24706 15500 28728 25063 25038 17236 27399 2587 1311 26373 15241 31559 12180 17990 5162 7336 25097 27021 11557 2162 18193 9788 9339 21440 29103 10132 5186 1586 3156 11770 19728 21443 8571 31320 31139 14156 6194 9669 12556 26646 10781 25624 1126 18799 7679 12597 8328 14814 16722 9613 29202 29029 8338 14781 15895 14075 8632 32677 23071 31477 20142 16536 14826 5719 16203 15184 13394 7274 29734 15967 14341 19190 15485 23502 26631 32370 1965 24567 25331 12386 26717 12960 31793 7256 28500 10230 9608 12363 29037 4097 30886 17805 11378 24206 21832 28279 15114 20402 28272 5728 3482 17480 16915 2799 7270 8513 17520 23789 9112 22149 16841 7714 14888 17780 3115 19956 16355 4992 2552 14282 7925 17861 5659 15170 26435 24902 22292 16180 7513 7737 16309 29760 2499 29496 6471 19517 30171 29646 9211 16109 27797 31720 29908 18969 31647 14826 29197 6380 28362 20464 
16468 27297 17675 10330 23492 22288 32092 14151 13644 27483 30011 5480 18055 27372 12424 2684 15401 16639 11125 12 6701 3073 23382 25264 25478 22009 3342 22092 32547 28114 13717 3643 12234 2907 20741 27698 6076 24440 29848 32279 10448 14386 8204 21340 7491 22592 24550 1687 16231 9033 19143 19325 3809 14804 8544 29135 31938 10086 20448 2829 25316 32547 17497 7454 30931 5777 24792 7490 6295 11072 28144 2864 7952 32357 30073 20173 26239 10541 6473 18673 4091 9506 8335 6699 25426 18377 2926 1343 4636 941 9857 5355 30376 9610 1645 3497 17049 1048 18769 15036 8890 6967 6495 14844 5999 15419 17807 20274 3122 22609 13408 2180 13193 19791 9282 30997 16410 5363 3717 1427 10965 17213 26045 23782 18394 8797 18096 22942 13936 16021 8533 810 4635 8079 27963 19979 22110 5916 14414 23780 15680 13753 15662 24933 5580 15899 7456 7262 5250 9530 24993 19059 1438 14385 3727 15377 27910 19433 1219 14933 3367 14490 9297 21503 22508 25147 7191 9063 1646 4020 25645 2497 21973 32598 1546 24868 4388 20070 4288 8262 10739 22006 12982 6871 19497 5562 28349 26696 23427 13046 32230 3127 6425 11047 15848 29771 19771 11976 10992 785 
14921 1844 31392 3775 6831 13371 8423 12067 26047 8899 32434 1293 23020 8221 22952 13153 11713 14508 20832 32657 31367 10034 7130 25193 26166 28032 1682 28872 12016 29872 12637 17582 23757 22750 10505 10835 2647 18868 25253 16586 22054 21891 26615 9717 979 14493 13294 23523 20678 13100 31513 15689 16045 22574 28959 2745 13324 1304 15986 1577 801 6813 10386 29776 14688 55 9849 19213 31901 8427 25673 14489 5603 1175 24293 17985 8294 25008 4702 11774 30713 2074 20229 13926 29081 11460 17472 5525 16384 24224 31254 11266 13759 2586 17546 14813 5666 26018 3418 11474 10921 12930 10215 16267 4712 17516 5406 19696 9293 31396 15922 22850 12821 22258 19179 12234 25232 31553 11507 8613 7744 2455 11042 32230 32042 11797 12428 18519 11290 18291 5772 8209 12353 7202 14363 16889 8461 13247 29853 32423 30718 28077 28309 32366 9993 4428 5328 5652 18900 25386 22198 6414 29748 5593 28914 24162 3617 16824 27670 17471 4351 13319 32449 5025 15194 12324 20468 10685 8695 14820 8674 3627 29489 31544 28494 18155 9724 26882 9039 15673 27526 29449 8541 10401 17865 2352 10952 29387 6763 21756 26599 7880 12893 29249 5803 10293 6228 6205 1675 1688 
3993 15760 25983 20866 12070 6136 26294 17842 25909 31436 11723 12048 20395 24055 20442 755 26527 14293 26386 31351 10749 24580 24787 22948 24559 26630 21034 25433 3199 20177 15339 1336 4023 3144 2104 124 10339 4224 7772 24695 21808 25676 2792 30301 30332 19124 10605 1935 27493 20333 23039 8323 27789 15750 20955 687 8632 11108 32681 28577 29331 17780 11553 29897 6954 12743 8851 24591 12848 19689 4547 2923 8826 257 9317 32741 18101 27363 7600 6320 24011 14753 17590 11649 7418 5701 823 21977 17976 10888 12100 29887 11450 25563 28598 12465 19170 14516 21852 16359 24579 6339 32002 24944 27652 26450 872 14413 8584 15151 28360 714 10800 3596 18227 22648 16177 14982 3685 5595 14406 17623 12207 5294 21444 465 28065 16960 10970 18416 26075 5169 20048 30693 1219 9685 25932 28982 31869 23299 30968 18478 29737 4695 15604 26754 19230 31986 25788 26201 28077 17427 23661 21579 12261 12450 29172 22627 11132 14896 8866 24317 11788 27517 24818 5546 32610 18481 14100 2098 17426 15777 14068 8823 22518 12196 23081 22185 15153 8054 21325 11240 20003 1873 18246 31286 21710 16705 19884 1649 13183 480 10839 18627 24160 13194 24091 26832 32285 23327 
25383 21832 11898 27642 25892 27084 21470 19649 28208 10072 28433 6471 11145 7406 6075 10127 20047 3381 19196 73 6571 19125 15048 29205 11857 29465 10342 5344 15929 9687 31853 8490 3003 12188 14593 17794 9807 5133 6594 757 2252 23934 19901 10013 20751 17022 26938 9820 15627 2103 32707 27030 22739 24564 32 29423 10069 5425 8037 4934 5242 5473 5245 737 19184 24881 8966 16609 9671 17700 5422 5865 20453 22761 13986 25066 19551 8007 28331 20148 28521 16284 12880 12941 20405 24606 16031 6607 1003 5000 25097 27068 6692 21234 22720 23079 11774 28180 24128 26490 20996 26537 30500 9756 31207 31854 12764 24775 5938 18989 18528 13438 20712 8297 9725 28678 31132 27472 5094 12337 10328 14479 27799 22160 32287 25516 19508 13372 14403 25160 9843 14155 15370 28910 8683 14625 15868 6066 18728 15756 24717 4864 4941 24237 3175 24708 176 15210 1441 27042 7520 25983 14375 8672 14852 29914 15024 4566 13259 15065 23311 22146 24087 4538 31473 24573 30354 209 28278 19620 14082 9247 32204 5188 23474 10131 28526 9344 28442 10781 12768 14958 30297 380 11680 21815 15106 24235 2761 29077 3714 5497 13635 30403 7207 17671 26754 1203 26871 29932 
26289 5542 5322 13628 23837 20094 19991 20325 895 3279 14714 27378 29497 15402 10780 30713 8570 25469 2938 19279 15593 24742 16210 7815 7465 4404 5243 11689 23455 2018 4407 8813 9873 14360 5308 1497 21044 21118 1728 9443 30184 23230 19107 22033 16515 1112 22976 31690 11239 9737 31444 26999 21445 7060 10267 22417 11585 2220 27233 26347 26128 6092 24073 13569 25537 16268 23016 30165 20167 22585 32432 16635 25241 19356 27935 22732 31225 8271 25428 29459 17135 19716 16421 20132 1434 4681 390 10979 30784 9268 13430 10525 4464 31206 24027 11055 15996 6832 1160 20895 32694 29712 29121 32675 15132 8981 30788 29758 20304 11633 24573 22385 10111 30079 20969 23758 21897 13125 8241 28897 2895 24768 14096 28225 1750 12078 31170 8601 32648 5419 5897 29167 15549 2159 24921 66 26603 2931 21355 5055 18380 2085 20174 30887 21156 14035 11765 27976 22716 32597 13450 3411 11175 3731 2098 28412 20391 27898 29825 24814 31803 11162 17538 15059 30031 15599 297 26945 9208 24957 13281 2660 9448 10433 28308 3405 21510 13515 4688 19595 26403 15303 5027 423 3477 32211 7552 11665 22334 6321 15248 2692 14141 16500 19296 13231 12500 15552 22256 27914 
25610 3897 20806 22287 4754 3253 18609 15092 7585 24583 19191 4919 2154 8877 27417 3355 9766 32370 27532 22191 7674 19078 23041 7015 1015 10807 16835 11721 19933 377 16321 3191 7325 11606 11265 21380 14439 31032 22528 16274 4069 25315 31543 26486 10367 20606 14232 14174 11261 19965 25289 17195 904 32097 4428 29917 7777 17895 13380 32193 31625 171 10172 11217 25767 32039 13751 16112 11945 27469 5297 11781 1228 31152 12336 16447 7801 12331 32329 28762 15354 21122 31517 22148 17051 27847 12469 10152 6951 13317 11065 19050 5036 23691 11863 17517 24518 25965 21278 16228 30197 22351 4991 22763 24766 5984 12072 1172 20628 29017 1130 10992 18653 21189 30276 15334 19572 27564 15956 178 10341 29513 9044 6979 26171 18015 28577 5806 28896 8181 13504 18607 25045 5623 3201 14252 31239 9805 23607 2903 12850 23588 2521 12965 2997 7210 22306 16066 16057 3173 27104 22166 14351 11768 18176 32676 18472 2368 22600 31928 6212 17447 25617 15075 9382 7332 27822 24436 32760 30717 26378 2412 24414 6935 16970 24123 30067 23979 16692 17687 16443 4857 17554 1730 20387 20988 29665 5965 9201 29303 3614 2398 2260 17172 24630 14600 11020 14539 20171 16383 
15095 27754 12868 28180 10890 6998 17033 18775 30176 15989 32130 3605 11182 22045 7150 8083 31435 22159 4245 26489 6727 28221 19662 11756 10260 11649 4965 27419 29795 19204 19213 18352 3359 2321 12892 5654 13587 6002 17573 12362 18749 19358 28232 28615 4982 11416 3886 1268 32368 1576 19664 21600 25379 19493 9233 28563 12167 22409 5263 32273 8908 4824 7300 16998 26963 32234 19776 18581 1913 23234 29460 29535 25441 23359 10604 10865 4911 6308 32182 2498 27831 688 19629 6351 3654 19363 4216 21026 17110 21993 22306 13193 3956 5131 28344 18802 24956 20258 2046 28877 3649 31892 2947 6600 30019 69 11682 24944 24659 28521 4004 13245 26488 26290 23967 4156 13169 8125 6061 31937 17944 27905 126 25486 20543 23174 28674 21951 6066 14933 29699 31701 18226 16180 29796 26697 27032 18990 17313 26806 15822 14106 15043 24501 2486 27337 3489 734 31789 31974 17231 5483 22716 6659 10799 6962 19777 2254 22712 30572 27577 24987 18898 28008 5361 17476 6229 22277 1097 12148 378 5205 16819 28623 9619 25118 6930 15902 2639 8781 29964 18460 4721 9629 30410 8854 29605 12578 5221 30487 21963 30731 30720 3079 14803 27569 22049 9759 20484 32259 
26706 4894 30373 23940 17501 7706 23400 19500 31182 11055 2201 11691 10352 25255 11210 10514 3644 11538 7965 24718 25278 11639 32495 29054 26309 1022 12043 19828 21443 7235 6126 16000 30323 3055 7031 9076 26376 13219 31405 27777 7301 23332 14593 3486 18176 23075 21317 11101 14214 27371 1665 25383 27247 13443 29400 17197 30543 25610 8747 31306 9207 7374 4004 2233 18890 15800 23128 29735 25786 24557 28573 7038 30920 21449 23597 11719 15942 1251 10590 1594 29457 15378 29639 16291 26816 8001 10301 17408 9595 13494 23182 32157 26919 30353 16277 23651 6771 439 9768 27198 28223 8396 18663 9822 24 11983 9300 14110 10627 4841 3629 29792 20951 32624 6318 19030 21680 8671 5245 15298 12104 26241 811 18217 6298 13081 30832 10865 1048 30078 17348 1793 32618 23037 19656 18110 23106 20138 18279 6070 23065 1259 30822 9278 6276 15373 1052 30940 8125 23718 27396 7447 20905 11127 23538 4712 29227 11541 12212 32060 18882 31026 31210 19922 19675 5982 24693 28554 31571 2592 3225 27377 3059 9323 20708 2699 21402 5649 6704 29300 29614 35 6339 24246 15671 4056 26397 27462 18643 24639 7421 26885 23686 12619 13569 20949 4880 23415 20100 23339 
21234 20879 15393 12491 7721 7104 20751 7865 10700 26171 21839 17343 18950 11705 31179 31 17011 6509 8614 167 16975 17097 8798 4660 26139 29427 25842 18323 9327 24645 13285 16390 280 9706 2532 4496 25564 25019 3635 16373 28186 22891 30650 31008 3650 547 3842 9485 19959 3342 16832 20483 7169 6030 18809 6444 5422 23643 13259 7997 4089 11598 25752 26020 23181 8929 3781 25874 10386 20916 9870 17923 21125 24863 6154 22358 9837 12330 21749 2394 11546 2703 2852 11096 23152 24382 6175 8581 23022 18186 1394 24355 17789 9240 7711 17142 17108 18347 6586 28046 9325 20863 30452 24144 25659 2835 17563 619 3191 31766 13858 21284 2352 22534 18790 32181 3761 820 20790 12303 20468 29192 6897 31908 8253 9776 2547 16357 14553 19436 21387 1208 18441 17999 16972 13943 2946 21312 903 15685 30209 1106 24349 26117 5776 30876 21656 2756 7829 18075 1667 4851 32151 8030 28635 16640 8116 23009 1000 15292 28745 12782 27014 28316 24249 16868 9302 4144 11814 22444 28892 7589 29485 2246 2795 31818 12501 22727 14026 28523 26802 23135 4546 19616 26194 25728 22549 21376 471 8273 4760 29406 5674 25362 12409 4056 19180 8119 15495 6885 
23700 18300 26498 8440 19597 15604 10072 16895 3366 9804 28746 23431 16340 21856 1929 17857 30055 2082 26608 16926 7135 25996 5811 22291 17137 8263 23281 23046 21078 7917 25083 1887 19067 17697 32710 31662 31190 19051 13234 17435 1674 10016 25157 5706 32256 10061 27072 26574 12545 6466 16794 257 10840 14987 7869 31473 24041 918 7004 24212 22232 17309 7420 16679 13656 24133 19972 21047 16677 24986 23168 29793 31605 8648 6304 6274 9312 5943 30942 861 2754 24464 17851 25082 30020 21060 27768 13972 24360 5482 10478 6890 7111 17019 17550 10114 19591 22707 12350 19447 3668 32482 30330 19791 20765 15455 11071 14575 29196 32565 26898 5165 29040 2189 27880 794 22770 1144 21314 3435 24817 13279 20985 26622 10877 21108 2729 19898 10076 10066 6935 20079 29785 18318 10610 18535 12777 28787 12427 11697 8147 28290 26304 24650 6317 9304 28750 14114 8440 10300 6679 18454 25207 26796 26310 14726 402 14592 29323 14533 17280 16002 10016 24982 31165 14911 19224 17660 20310 26055 23578 32435 6984 29394 21506 30777 1007 27410 2728 1408 23088 11438 22860 524 11875 21315 18578 8451 14294 5666 21508 18036 1222 6657 18872 32226 12693 20562 14882 6170 
20986 13096 7445 24838 16886 29748 3655 1121 4049 4994 16730 23787 27511 8648 27664 16050 5665 8461 22493 31905 23749 408 9630 23028 13213 23372 31648 20954 4374 6324 11116 4735 13438 31452 22259 12257 4818 2182 29356 13509 13192 32658 26280 1172 25476 2511 20888 18078 8054 22920 17002 8312 17541 21746 10739 15431 2028 24753 1387 5610 9055 24533 6793 23479 9921 29150 19898 28692 30337 10648 4738 8591 8356 31360 25195 3409 21068 25778 13900 14528 12580 21551 25828 11577 17508 30403 9562 1213 17606 17062 17444 8728 5640 18988 8952 32205 5239 4469 25149 24774 27956 28507 6349 22297 8980 30163 30320 21911 29308 24176 3182 5947 32170 12921 3798 17963 31202 27771 298 25850 11107 5609 14151 94 29957 27825 9207 5976 8039 2552 32534 16934 15429 1355 27521 6097 19038 18251 666 9792 28859 2253 21702 17763 1571 22479 24076 1623 12720 28002 27804 9130 19603 24393 4337 20880 7950 4011 10307 19239 3194 17410 30502 29077 27832 11041 8239 16490 29925 5735 5565 28214 626 31059 9474 5046 28472 28665 9879 8058 26162 27605 5301 5287 207 25660 13714 15320 26692 7666 14232 5014 6623 18729 1646 18757 7698 16557 2646 31416 
19483 1534 24606 27757 27433 23548 25887 20955 5001 23839 26483 13969 8727 9226 23687 3448 28713 3141 5161 7127 9371 537 1464 28898 12540 25250 1896 26301 9015 150 14578 12696 21265 27889 16250 30639 9723 24904 1635 18766 21982 19594 5936 6937 18809 28071 133 19445 12931 27608 5081 22061 17542 16871 3388 13086 29182 10357 18016 8589 29834 24689 27818 15389 17340 9560 9907 461 18884 17851 555 28781 11838 29890 23388 8383 32185 802 3811 2296 14646 4433 28837 9867 14306 25044 21721 21158 21538 21641 5598 25307 14038 26168 10772 27894 813 24009 32222 24096 22606 2490 28928 5368 29906 10685 6069 17867 21153 25231 17881 11741 31940 28700 1798 25964 25774 2327 5177 3256 20314 12215 4544 32232 10900 24632 28973 7848 11815 8450 27381 9560 3404 15061 29313 27631 12832 15784 8364 26782 7583 18217 6913 32509 9236 28144 21046 3081 22402 13644 18463 4811 29348 26391 992 7985 13734 18849 30613 10733 30258 29275 5397 6572 27180 10514 32497 4463 19234 8405 24422 9232 500 31008 1870 15760 4776 15754 24598 27487 13948 12911 17276 10540 23034 3849 20360 24801 4660 20502 21279 758 980 16374 4162 27814 7341 19079 90 15800 
13123 10653 19887 13496 11742 26915 5330 12050 28802 30738 24265 5938 11530 18937 26609 28572 25732 19984 26090 5464 14178 14991 1093 18760 6236 28893 5656 28470 16385 11539 19970 21643 15524 24962 13817 30428 27879 25006 18964 2837 8260 27313 11373 14147 29729 26672 15318 32735 13941 7773 10073 32127 18980 23062 7494 31358 16638 1060 19306 30965 32440 18483 4700 29579 26770 4851 2485 11898 31055 5085 25293 32262 10650 14676 13530 29999 22245 10708 21684 513 18407 11899 13086 31474 11507 11532 10887 18880 9580 8258 6314 22976 23717 24715 25360 10082 7417 21411 7604 24932 12857 5708 9309 966 18591 81 25977 24016 16010 7959 3916 31355 9780 738 27815 27830 28717 17514 32066 24975 12772 5562 15247 3076 19816 17942 7584 18689 16401 2925 3766 32011 9734 30042 19868 6525 21704 16769 18820 31865 4746 28870 6804 8717 27303 14480 15831 4791 25093 5053 14333 32511 7884 16527 31705 28670 18384 7507 30877 18713 28192 5565 13956 31492 17521 14210 1896 27053 2476 19474 18142 24568 25405 19708 13499 25182 9616 27925 32753 22993 3060 13443 23362 8473 23798 16840 23246 6901 22669 25423 20339 2041 23365 13066 26176 21187 23552 22520 22396 14714 
17086 12553 43 5448 32369 11868 11076 4893 10541 21608 13808 8858 19360 13650 5734 25034 17254 22900 22498 3716 29834 20053 21574 25202 23036 3866 22354 22927 26705 29852 4076 14441 32615 27535 4900 15220 19499 20633 17659 11816 25626 21965 12819 15048 19978 6723 13232 32224 9328 16322 22273 17782 21835 18593 10199 15227 22890 16266 20058 18722 15092 31057 23644 22987 10091 10799 14822 3601 28666 11482 6259 31134 6564 24057 1073 17262 22090 32018 24781 12207 28477 18138 31035 27378 32455 18792 4556 2758 12036 8808 4173 8477 13213 10890 15493 26509 20806 1388 11789 29423 1741 11978 30476 30407 22150 23625 26796 329 15207 22931 8588 19872 3606 27079 2498 15513 1287 8253 23091 23638 6533 32302 10824 12275 20477 11106 26515 23676 13747 18158 28857 20415 1037 30771 29277 14504 14373 12938 21816 16508 22250 9318 8491 25563 21109 2494 17355 9210 23412 23226 13636 652 1290 31692 23248 27365 30479 20648 26821 12294 19552 14323 30110 517 15680 2784 28816 11662 20978 24300 9081 16331 2503 10227 31600 16204 8246 3552 10722 6587 27476 12129 18572 3563 18657 29946 30088 23162 8807 21182 10958 32558 853 24534 3822 10573 7725 32194 32585 29665 
32611 938 9489 8227 6780 17815 22964 8403 3166 20447 9859 32036 27283 19885 25328 19223 1957 31007 15881 954 22909 26335 31112 6572 9820 14530 20831 7249 9313 2116 25960 8690 5362 11066 20384 24377 9944 9488 28650 26882 15658 22611 493 1230 32715 7260 22008 17831 27041 3626 27077 3638 10712 1999 12589 24087 26643 24502 3648 9198 117 31352 6427 27429 393 19901 2180 28025 31670 29985 18670 20555 30014 5849 11694 690 23603 26735 22758 12477 23606 29282 20836 14624 10723 5276 28193 32542 30674 28597 10910 8269 27591 13312 8949 13641 15443 13611 17815 26949 28660 30254 19758 10377 19256 10254 20633 18018 29236 27192 7480 8234 22108 14949 6461 31334 20968 15126 3593 2047 5605 24517 21205 5957 10077 24976 21944 24554 10603 32433 16888 14583 29839 4668 994 13748 14255 9013 13174 23216 21998 8253 21355 9131 20318 24184 23899 19128 30695 32758 11229 32600 25973 14115 13031 15044 6259 4379 2541 29034 4915 20777 25622 16991 17976 7149 8595 11174 4945 20478 30553 15617 3135 24078 7691 14994 8818 15312 32521 23627 26231 3472 20672 4757 24389 1684 1213 7276 5240 16931 11997 8599 7297 18992 23828 10066 1912 28848 6536 21454 
30957 18180 17966 13551 2147 30107 30928 1197 8397 838 5412 9765 9868 707 21661 10778 32278 21787 11807 23056 23645 6683 31072 1357 19805 13260 13716 10230 25618 5079 17266 23096 22145 7594 30882 31329 23884 15500 15930 30471 28640 6422 9348 899 26808 10476 7722 14019 14924 20602 14702 30937 18652 2821 7291 31121 18580 14424 24239 30048 8183 7750 29707 12131 10683 31900 30258 20521 27879 10453 23920 16426 4351 30539 1452 106 11301 15874 31819 4785 13006 169 26592 2002 30994 9553 24912 28697 3316 32742 27610 22497 357 10592 22366 21860 24891 5441 1253 12323 276 16356 32011 23038 17921 31059 30783 20082 8384 10248 10155 32212 6855 11384 7098 8087 32216 4377 26311 27999 17096 9436 10595 12897 15738 4915 6584 15476 10606 1025 9667 21485 21243 1371 27205 1785 32020 5949 13075 31613 23697 23828 32674 28973 790 8392 27493 29777 18326 1574 10242 23302 1397 26972 22225 16099 30608 7917 16737 27820 2568 1042 17625 3562 9005 3487 14385 24741 20203 2410 7860 19378 13695 4510 32469 1352 21279 25043 23743 21508 28204 4504 24841 32320 9843 28498 16971 22366 9897 8455 11625 2227 683 18238 7265 3342 14947 12594 32346 6928 
3711 413 6653 28071 19421 6244 19803 23539 22783 17990 26148 12700 22378 10625 23599 28098 26652 30381 20540 3538 18554 24219 6932 15728 32676 17079 8831 30469 11600 19676 21327 20370 31782 25423 28645 6131 28760 21806 27946 8467 5520 29469 19803 11602 28100 18335 14628 20367 30818 11668 22770 28253 16932 21566 24104 22804 31737 25803 29569 31940 28825 32401 19203 23052 16831 23637 9851 6806 26344 145 11786 23274 3128 16122 9429 31086 6094 32154 32706 2293 3696 20799 8164 24016 3323 25173 13573 31693 11475 10147 14368 30630 8315 21811 26175 14322 13766 32240 847 18667 139 24500 31375 9532 20756 7253 15918 22662 15176 13988 25385 6860 15580 1538 8095 11709 1407 14674 22417 32529 9717 22383 24337 25208 12200 31623 19206 22525 15641 27275 9962 21118 13842 3159 3631 1993 9719 1462 23950 14356 30679 10998 21649 16091 29420 16526 22111 32120 24413 13019 11105 16312 31270 22890 7825 25681 15557 17816 3071 16040 13823 23227 13333 23362 13536 26502 21638 11254 25590 1707 26773 11755 12859 6367 22479 10075 17248 9647 966 31959 21656 28001 7839 18672 18930 28035 25414 25173 27926 31008 16936 16999 3288 25608 14725 11848 15214 7552 8980 11788 
32105 22813 7603 20035 3548 18554 23285 2660 23133 9450 8034 8805 15915 21247 11017 5082 11675 12639 4845 6626 19698 3754 8604 26689 2185 21274 26228 18346 18502 17064 8945 23949 9096 19866 5478 18084 28206 13008 2452 17143 15963 17949 14573 30816 8742 30651 13204 15334 30876 21646 72 20391 30598 21743 14802 30268 18152 24779 4924 25116 9202 27847 7716 9352 18545 27613 18939 29874 22428 16003 30297 23956 7864 12846 1258 18979 8413 28324 11537 4165 9870 31240 19661 26399 2524 17831 12706 27626 24362 3691 1558 4602 24528 23383 1603 14235 1176 13189 31448 31744 30499 14085 1191 14402 12267 1437 13114 2587 24225 31651 24974 6563 12401 3126 22051 29929 26269 30 16180 18931 20383 2920 17490 16657 16508 13310 22861 16874 26089 14328 7710 2343 11323 15603 23943 8807 17930 16945 306 14933 26860 2556 3522 11944 11505 13406 18780 24825 25155 14041 8562 26273 20186 31823 24431 3140 2711 27381 26604 17741 23789 31589 26941 25185 7471 26532 22525 11420 31996 14579 32227 3970 30480 4114 22403 28609 20050 18552 458 30770 8168 30406 26702 6249 24358 13841 2244 26053 5625 11309 10582 22464 24255 426 23926 18724 6487 28960 4574 2180 
29161 27484 19713 4257 25634 7663 22461 4021 19920 9378 2763 6122 4612 9915 19258 1904 23060 21192 3532 6218 5411 26961 3490 3414 30756 2370 18294 16803 30812 29239 29316 27283 23289 20017 20918 21798 16735 19555 29869 25203 30742 5040 22424 3434 20287 18987 513 8396 10543 12729 15982 13723 9668 32293 15322 26252 20142 28395 23006 28081 7933 17810 22425 29897 29142 7844 20622 22294 32345 3977 2306 25307 7529 25585 14070 5171 25177 17503 26388 11229 17858 4735 32156 17135 29078 28377 17014 27682 7894 22652 31844 32719 15208 3779 26885 31986 23521 20055 31576 11542 2229 6533 11411 31310 29642 31933 3265 2932 21074 28682 738 30186 8066 26264 1688 3836 16410 25227 852 3995 1988 15093 6684 29985 2781 12617 3132 22824 29204 8259 29516 29183 16386 4761 1442 27759 25069 21296 30338 20810 28948 12872 1309 14347 18323 13470 24030 1101 7336 32273 7283 18470 3711 26551 10156 31672 3219 17199 576 31728 18142 9756 26942 32102 5717 15906 4206 30106 23348 5261 20741 5466 30670 14265 4606 26326 28867 15954 29765 12591 13207 22068 12045 12022 10932 5737 10283 28603 9682 30691 29383 8359 25696 26751 20539 696 30855 4647 16940 2059 
27390 8224 31770 25848 15082 14415 6238 14019 31779 9818 12870 2282 24132 4277 24633 21365 5262 9397 18135 15623 26286 23968 18946 18057 18235 19436 21071 1728 27915 8222 12790 10612 21204 23689 19733 17236 22065 27099 23003 22985 15829 12764 24279 22666 8848 15474 22775 14312 12832 26926 31981 14964 8108 8653 23178 19599 14620 10875 14737 31661 4288 25773 18432 10158 20757 5812 29186 10411 15658 14665 2778 31276 21897 27753 2774 29472 12255 27364 31670 15269 3918 30884 23806 3854 15826 13931 14372 360 10381 3730 5659 14414 9095 14507 12769 30458 32343 23170 13821 4432 19738 1964 25544 12289 25819 17633 8745 15314 16054 15452 19616 14181 20773 22918 20601 27854 10294 28311 28824 11198 10596 2119 22132 23413 9684 11792 26458 1636 15230 5690 12154 4053 22520 18636 19732 21259 18302 18931 17851 4858 20705 24891 30065 10339 6766 4750 2389 20342 4106 5610 13956 7975 32001 26183 30381 2144 16608 10913 12935 1664 1404 4875 20151 24100 24146 30359 7158 10181 4058 2339 1907 28524 1685 19385 3480 6487 7402 15659 8032 2903 20821 13591 2537 27187 8626 24144 5733 13766 7990 9488 21678 509 3696 29669 519 14694 29407 3803 26517 15606 
2601 8498 25398 4635 25704 15492 16262 26265 1722 17461 31892 6999 31145 23958 21520 26302 25108 15773 29577 32330 25293 27262 15271 18959 13212 14159 28501 18971 1634 12949 3996 25743 287 23239 16292 1592 12265 23656 9539 8184 9458 28263 26900 18379 3081 23052 14182 22660 18959 20083 4602 24469 18441 31492 2677 25509 21753 23185 17331 7814 32726 13530 14648 12143 11791 24280 28137 24502 30943 12164 6374 574 10282 9427 23208 19337 8505 13718 17206 30859 23525 17730 7081 7206 22643 17843 28072 9601 18369 5220 30464 21045 18692 19033 569 19767 9543 23711 18397 18751 12788 6736 16261 882 24508 12972 17412 5453 23288 30529 27356 8933 16659 28839 26123 13368 26558 8495 6018 25927 32640 1495 21589 17208 6242 26647 6481 10771 20334 9673 14530 13533 2206 21638 13615 28111 10801 15613 9586 20934 10558 25949 450 4360 30043 9060 17315 15357 2201 12706 10667 15081 18640 19868 20358 8134 17008 28987 18595 16222 26010 18187 10749 9306 16168 2409 20429 14923 23623 27967 15959 16754 12048 3549 28361 780 1722 14710 24475 20224 651 9572 11664 27241 8161 21232 24232 2060 23794 20924 17781 20517 28510 5298 13973 16527 6766 31385 4401 5047 
4117 1020 17924 17746 19361 28832 15498 10955 7175 20412 19811 723 1343 298 11392 16545 13718 32186 2031 13396 21042 29022 21966 9211 3963 7679 4986 10834 17327 25363 24331 29299 27085 24452 31246 19378 26837 18443 26586 786 16199 31175 23226 17029 1916 15801 2095 32688 19852 21017 22289 20867 13228 24724 12179 28869 16242 21197 25684 31528 4894 6443 19914 8032 7468 5059 24988 28657 32514 13829 18652 4153 8632 29990 21449 11430 29459 1970 21042 14216 16644 31891 22754 2394 9488 1126 23698 5682 28016 8824 910 21666 17152 12755 947 19240 19193 17885 26507 6844 2340 10174 856 27458 27694 11395 22005 19942 9988 3206 29810 12106 8175 4535 6242 24463 20529 32591 13414 23478 27638 30198 108 7307 17455 32506 10455 869 15949 26815 23096 24982 32601 3183 20094 6200 11078 27302 17444 6281 11864 26174 30902 22051 21660 8862 20637 226 13999 1760 1174 22893 24096 5958 26102 23063 5902 7816 18004 20212 7939 7060 31904 26334 4189 13281 24151 11426 6606 5725 25059 24367 32349 3265 9130 15200 28306 25129 18231 20983 16952 2852 32120 6666 14722 55 14828 15317 383 7095 11002 29804 28598 2582 30280 8067 4871 14219 20528 10056 
18000 5212 30326 31521 15725 20416 18007 2019 32105 6224 4585 26591 32641 24297 2775 8070 13833 31106 1102 17879 20962 19953 18695 17144 29337 21166 202 6049 20064 11336 7388 11593 5537 31279 3920 27227 4531 5542 15132 19251 27131 21919 21611 8247 26992 18346 16624 5648 16283 14569 10198 19470 6552 25127 4512 24708 20706 17110 17865 4093 4795 18133 14609 21228 8671 31692 27316 731 9983 7279 6032 28023 16962 1316 8208 6567 28889 1234 30540 1944 17283 18930 4092 17590 14069 17422 30548 1223 12766 6607 29258 20640 2971 6902 25114 16409 20994 24491 3739 16397 9764 12434 4423 18532 14423 9250 19236 7746 8821 28222 19223 1502 32720 13191 25949 6743 10941 27202 15121 28698 8468 3908 12708 22051 14242 29936 22029 16666 10320 20615 21034 18418 3966 21355 10126 1481 1289 29432 27759 8963 1848 25569 30075 1352 30820 9171 28175 15732 26762 4092 21225 30321 4178 28489 28273 18934 11465 9781 126 31535 9675 10417 22468 11911 29429 5020 5164 11795 5095 21635 15555 23056 19487 24592 135 10784 11108 31897 28467 12355 10064 17459 9630 23479 31146 15374 8297 24239 9424 31404 1058 28994 5008 11735 28979 18779 2137 21965 10207 4535 
1328 13005 12928 22201 6292 13493 7311 22720 9402 25237 8109 7887 20039 25620 32634 24387 7281 25193 24585 25634 6347 26120 28221 672 18907 3602 23429 2069 9485 20348 6128 10060 30531 30197 10261 3408 8021 18155 27314 3200 20689 10035 27583 11664 6385 16108 22309 29868 20087 32647 22871 14691 18430 14459 7502 14728 14344 1215 19425 1440 19162 11601 28609 24076 12944 22239 25268 4077 452 24633 22713 31177 19197 2361 9834 25511 1100 9763 15154 4600 29701 32446 25536 8521 18082 11494 331 27235 17835 4571 30094 25881 9535 10872 27941 21350 12628 16235 21749 17405 25406 21232 17584 19650 30561 22296 7662 12459 28827 13883 6403 14705 2403 28593 6877 21694 29496 12345 4371 23125 21735 14526 31416 30473 24744 15936 27551 17785 14323 17280 9897 20526 23135 8400 5875 30374 6164 28925 7334 11644 17801 5581 5276 10329 7375 6045 29432 31328 29335 16501 30033 19377 6148 19117 17134 10344 32278 24132 1176 17812 28748 12329 21500 7624 17983 29441 21779 18647 17664 15857 26185 23786 8920 19171 22615 26029 17308 24594 28998 25562 14466 24345 22360 23821 7784 27553 12558 27864 17948 28278 1768 27869 31203 6175 4222 23583 5753 5244 32537 2274 
29572 5799 19213 1934 4080 18771 22371 14234 22477 18667 6050 26507 29110 4817 25465 23640 8588 6701 4133 25712 23080 27825 7972 22051 19223 30931 4435 5214 10831 23454 21596 17294 29509 6979 11585 4408 24417 21506 22753 3031 26272 27692 26240 22991 24962 28465 11092 27414 14867 30134 23080 1750 26369 20802 1543 22790 31282 11344 21975 22273 7875 27047 875 23922 27313 29380 26953 1198 8751 1009 26236 22263 6864 18596 6054 107 25321 4211 21602 19726 25821 12485 2531 14886 5519 19547 4245 3668 16025 19298 6179 20735 26446 24119 18743 30693 17414 9203 29994 10521 5483 7119 26555 2636 20166 21496 23442 23176 29736 15593 9831 26211 15799 6317 3948 32151 20281 3356 26978 22104 21284 20594 25232 25193 7909 11234 14862 14616 12791 28285 3870 21505 10118 17659 14402 8171 10388 12061 1998 9762 6086 3702 7690 24107 31584 11150 7096 5346 16299 13518 27819 21450 19577 11018 5951 3543 13402 27777 1832 10542 30589 29434 10810 7116 21988 2832 6015 16339 4260 25068 9111 10097 20155 14682 29376 30081 84 4795 30394 3734 22324 23679 16134 9745 24332 12932 14499 4939 31835 9200 4550 6091 21565 15324 15817 27465 12215 24108 31935 30489 
6137 32347 27194 580 19213 14861 28699 19984 27173 23680 24918 16608 24282 25401 679 27467 11499 13331 11576 1035 2030 23641 11440 4462 21362 2697 3253 15944 7973 9876 11628 13562 31854 26186 32034 6606 3514 13940 11258 27392 25102 20057 28504 8767 28350 16047 7534 14451 10154 6451 11778 19979 31947 27709 9095 4114 25529 27749 3179 25458 1900 2169 1165 32209 25315 1637 19714 1599 32238 14703 17482 13455 27245 18282 15089 10873 24993 17392 7620 28793 15251 5384 2425 15510 26923 7355 24757 19775 10711 862 18348 2836 32537 20036 26887 19603 1013 22191 9970 20665 15892 6344 19950 31905 20260 3866 26587 623 17734 12044 12237 16879 20456 26012 924 1421 24924 13776 14343 5279 29994 23063 31170 26300 7834 32461 4608 26637 9905 29142 32751 20913 16959 6689 22486 11105 8822 26217 21378 32573 30253 19107 10224 17582 3212 10759 10346 1766 29673 7522 341 29224 26239 18537 50 20291 18537 5306 4818 7089 2902 6251 18698 17321 14611 14997 24682 3728 565 20330 21214 20289 1480 15191 13505 7501 22425 25504 25478 708 17070 27966 31438 23066 29291 28822 28299 23940 5038 10281 26943 12427 2238 10154 7625 26297 20200 6870 21014 8074 
4709 29238 19745 27696 2764 14760 26836 5523 817 1079 6527 11063 7507 25557 29543 30391 26976 1108 15989 21119 5679 7426 10598 12914 13861 18916 30826 31688 507 5973 30853 4480 26187 7349 22926 30135 20078 23816 29322 21262 29286 15017 28389 24551 8460 10873 6804 30713 14775 21019 6654 21623 15751 7061 30018 320 31164 27708 22486 17305 31123 22199 10006 11534 18888 6408 13643 16119 6936 4271 21607 20249 26281 26681 9320 16010 9772 4450 26661 24598 26030 31037 12176 13813 27312 14385 21613 16115 31105 9739 18068 23338 21570 26901 23062 15771 18822 575 20114 32287 4814 20669 1305 5446 18010 9973 26335 1816 1462 25371 3948 1173 9561 8103 15561 15481 25968 18469 17401 29861 20255 23688 13243 7136 16326 2511 4159 20413 8195 16678 9684 9304 28895 559 3147 736 26401 12152 783 2800 16226 6001 2489 4491 25153 16590 10127 6301 2958 9724 20056 6522 19110 12936 19023 11434 11680 31542 28390 21131 19843 10440 17210 20764 3193 3295 6114 28061 26103 25042 6214 26376 22043 4023 6008 7862 23184 13689 20808 18836 21389 30797 4951 10205 19093 15085 14199 18235 8745 32195 2756 13884 22091 1008 16063 23276 19980 24440 12772 14826 
24378 14774 14733 20989 23274 28906 19021 31960 12433 24035 32249 30234 3352 15535 7397 9285 5220 12415 29168 11331 28014 13448 17117 25390 11339 3828 5610 3060 3337 30812 12213 21845 14235 27426 16470 1181 4704 18406 3253 25294 5602 610 21127 18444 28204 2121 2518 11113 20176 3978 79 3734 32522 21132 2815 21367 18975 8138 11591 19873 16273 3107 19172 26954 18895 12861 29562 13681 8607 31387 6998 6849 12492 24453 20683 2855 27552 26405 12765 14967 485 8704 4389 16086 13672 31978 31038 15031 15822 29870 15948 25330 32699 16364 23261 14877 3685 30866 12415 3680 23887 27262 15101 5059 16889 32006 10159 8191 7930 21968 15189 6817 16310 3900 21466 18435 31328 16633 17738 17814 17499 27599 1260 12242 12364 4413 12230 24180 31347 3938 19740 11520 32562 27574 2810 24737 28473 27438 634 17077 28001 7476 31738 11597 21388 25966 10674 7448 10882 11271 11711 4961 27141 25973 1607 20025 24362 14674 26275 11392 7324 1434 20217 30818 24864 2977 18285 22834 27062 1392 1599 6668 14487 27931 16395 17286 23034 5912 6488 6044 24516 9869 18867 16272 3724 24084 6330 13336 17667 8064 20433 15153 13873 31953 2825 17285 15039 13553 4987 25871 
9552 23275 22649 1538 25199 28027 16392 26894 19389 774 15976 2078 7089 11326 15670 6061 2170 14350 21085 11051 27188 9971 24883 21115 20584 7316 5854 23972 1207 10066 14454 599 11193 13882 16847 27920 25210 23855 10364 31570 30499 30487 17954 18660 4406 4444 6371 22103 1412 23431 10388 18978 2086 22527 19949 23277 21163 11242 8470 14131 23973 20055 11890 21914 8491 20407 25532 31394 9831 21034 1315 1023 19577 8096 17794 23096 32640 2066 22462 22594 28323 16814 24073 18538 12601 28282 9728 4477 12283 30971 15023 30365 7945 29021 9440 26613 3264 893 1696 23105 3021 14141 29239 23221 17295 13193 11322 20257 10974 13256 32181 2820 24664 17764 31668 18171 15571 10805 20341 18810 31363 2951 2208 31114 7889 18439 22943 4692 11162 20740 2936 30878 32245 6081 5015 16030 27911 5989 2382 15387 27853 28516 6807 26754 18877 15802 15629 21492 19870 31739 26460 30541 12528 15202 26229 23785 14013 128 664 13999 6738 21517 6931 17906 26538 10574 30370 10913 18776 26958 3892 12628 4625 8055 17114 10017 16245 6373 25091 20793 15989 19540 1414 1413 4635 25303 23753 27368 24671 30230 27691 1195 20782 9225 11999 21687 22493 20596 2390 12703 
25883 5722 12664 727 27309 6568 24055 13790 16528 26361 8039 8534 5684 24916 31755 19065 25912 25443 3397 2386 13175 19131 4172 6775 22896 17942 10219 11273 27523 17655 15869 12374 3624 11955 6078 14860 32664 25825 6990 4905 6136 31313 22651 301 18901 28046 8364 31123 1912 16037 1019 18594 25395 4036 19065 14030 14267 4591 10137 4868 24154 14470 27715 21684 31350 4748 592 7123 19746 0 31148 16227 16274 24783 8033 3589 6926 31082 23807 24420 23834 16099 27698 8879 15484 5195 5813 2604 4610 4452 32565 32179 11778 29756 17764 12636 30109 238 22735 30322 3301 32262 4620 15730 20504 1397 4953 27123 25164 21823 394 1287 15803 9710 23880 24096 18535 30998 22270 20381 23980 19653 26963 21530 18438 12243 6939 13173 4837 2561 1825 29231 7428 20435 4458 6421 13318 25015 18062 19713 31172 20106 23255 9 16186 6805 16804 18610 9814 29492 762 22582 18099 29128 31497 24754 19256 12014 16127 31534 30500 8274 22731 3427 12438 9268 10746 25837 3066 27454 20153 9961 27225 16096 11232 18730 8625 7536 29098 11574 4639 24729 22340 9184 32391 27280 3600 9378 26798 23836 19002 18660 11330 16183 16670 3914 1222 10045 27620 19172 
20693 13782 16911 22850 10930 27698 3541 17598 4461 31113 18364 23408 24506 2626 8819 24267 6647 5671 17262 14389 16696 24976 29453 4861 17908 29671 14064 5469 21450 4485 15966 2381 25667 8190 12717 21146 8179 2936 2664 13894 6712 26409 32567 11290 11738 22895 1666 11650 26613 24088 29324 20301 30779 17088 26852 5024 20404 20637 21440 25437 22203 18678 3713 28291 12593 12499 5306 4491 78 13690 9402 17918 21639 3911 14681 7696 31226 2259 1595 5718 18120 30517 20882 14443 5741 17675 17474 18240 20113 4366 17187 19385 19109 15003 2631 28389 30496 22649 632 14798 8848 14810 30810 298 8571 19379 32520 11441 7674 23985 30499 25847 6392 6473 13981 23548 28233 18706 30224 31619 27312 26798 18428 16415 17923 18564 13435 21228 23671 19075 1970 21891 11391 13801 23382 29370 27282 15948 26293 13428 24787 18478 12948 8620 10424 20137 1031 22140 19144 7497 5689 13918 18751 18731 11214 12238 6123 4261 859 29775 16644 5805 22144 14947 30836 3187 12468 24261 1662 19330 32434 32550 25076 88 8915 31416 11143 13333 16710 5518 2641 32140 15061 2317 7148 20565 14084 30740 29070 25951 4949 4276 27176 19712 29427 18326 11212 2945 29434 9235 
26000 22262 21382 22753 28143 14864 27831 15207 9244 17927 24768 27935 11348 23736 8805 5813 3705 22309 14742 32366 15773 10437 8313 18789 9905 14809 21951 24383 9876 28649 9141 12960 10829 17416 31115 10901 1816 18017 16573 31074 4997 21753 26768 2529 22944 15696 12003 17880 26702 1539 1116 1594 5974 2486 5220 8756 13467 13856 13208 16629 8833 3759 6543 25378 29995 29082 19550 22421 17358 7355 8544 8961 26731 31827 30217 46 32125 31695 28191 16457 14547 1046 3254 21659 9440 15605 13305 8895 20727 29880 2289 26847 1435 27700 14549 9861 31744 12029 26280 17783 20765 13044 30718 8118 12656 28259 20016 21674 28935 26867 19087 20144 31289 32514 2698 22780 12044 9216 16806 10126 1582 27426 21457 6549 22074 13630 20538 4997 28468 17033 25426 8723 21 32011 31558 31415 10711 15446 13011 2397 6192 20983 13847 3554 14318 28435 25493 20304 59 15915 4901 2765 24394 5600 22929 4534 10111 2813 10536 18852 30032 26117 18032 30702 8395 29724 21257 19552 27210 27063 31141 20525 20349 2175 12659 18791 16412 22742 1384 11050 10473 30592 30699 25212 2998 24491 6849 13846 25778 25468 1873 8343 29964 13478 16109 26340 20941 19367 30771 6284 
29568 30048 32011 27138 23470 24388 9949 23511 23936 18066 24631 30789 21372 28701 12745 20063 30963 1354 21170 5482 8614 5691 14954 23070 22692 22462 16350 26651 18369 11525 3784 11384 17707 4608 31524 624 13434 14706 31823 29329 21701 16854 7245 24857 7570 20045 25672 24306 8806 13575 29231 32669 26340 16270 1865 30577 15703 16758 3870 24905 20780 506 9633 32008 20421 30702 19842 21432 16892 26124 14043 5390 7205 11884 17454 18971 31739 3386 13486 23784 29251 18987 25237 22791 15216 27543 24395 8353 1464 20135 6264 2839 4654 19509 3176 23274 19959 18216 3322 24663 23125 14069 9761 714 30039 28043 8493 17929 14592 7247 16581 27621 22842 19248 16999 30476 28375 8685 29059 32302 19231 2064 22408 11757 25235 32377 5976 21364 12947 17962 16585 19946 9819 11565 4446 12501 3269 14004 28972 17009 30338 621 20944 19073 25380 20561 7490 24206 20816 23367 17291 31697 27046 1523 17346 7622 4363 10527 22590 3967 8139 29992 21573 30771 18150 20475 999 23163 24221 26291 31817 30700 23710 27713 10465 26380 2554 28868 30197 7547 14079 21913 13930 27346 23336 19529 849 12729 26459 290 3841 30783 29589 15670 32500 20589 3007 5894 8348 11732 
25788 25087 13976 3606 18020 28710 31666 607 24191 7579 13213 2893 22098 10184 8211 17829 25966 16092 27999 24401 2732 21016 22483 16079 17571 25432 24628 27583 4860 30213 32233 25408 16840 13192 527 31678 30669 29829 1147 29176 23979 17027 7663 5427 24319 16081 16643 27403 1242 12865 10254 17943 25919 18055 5887 14421 26516 4728 26685 9553 17821 3005 7652 28521 21091 1509 32090 22029 27064 11467 12384 27809 19660 5085 6173 4892 5907 16189 26376 10836 2066 25621 28459 11194 13293 7313 19258 4346 30115 14504 7358 15738 32609 29173 10565 18943 3439 11897 9240 24672 24539 10161 4012 6127 13534 29402 31721 19775 21871 1409 4749 26135 15384 30854 9947 17335 24677 10724 30514 17260 31245 10026 8188 27841 6869 15893 9599 29246 9715 707 15443 16609 17733 18694 15710 18264 8972 17566 28342 3557 32271 5660 32066 14864 27255 14463 7595 3799 27306 13233 10180 20576 28521 18617 20199 13019 16379 31073 21316 16887 32610 30055 8006 19299 24934 24845 21614 9709 1911 12079 18575 21033 19241 4239 7271 17823 18893 29763 19482 7158 24509 20845 20142 7388 6337 21592 798 12959 12162 23505 16773 3373 13143 15537 12207 23147 8870 12304 31598 29135 
16741 26893 2458 14960 7461 15259 23370 866 3058 11113 20171 8593 6221 2994 9723 7613 27915 9360 21212 26539 26881 30955 15649 28923 20471 24065 17002 27727 12982 19658 25403 13424 9675 17656 14243 3586 15618 29196 20113 25197 13094 19402 27648 13091 16177 3863 28781 20536 19360 30345 19464 16016 25761 21472 22858 3417 2831 3345 14183 16788 16181 31132 8911 22496 16139 11298 13576 4956 21693 15123 26122 8635 31532 31031 26345 13901 27453 2595 28964 27012 3045 1692 19156 23701 14449 18436 28285 4661 11290 10492 29998 32385 555 412 28973 13567 21764 28978 4185 19510 28600 28485 22574 5065 27484 3926 30617 29711 25771 8979 30721 26185 22068 29121 2757 10142 6681 5481 30237 10394 29743 11414 12482 5273 11378 12628 15747 6795 27342 24326 20665 28185 14309 15851 15695 12465 4768 2552 29931 11443 27434 18743 31743 26747 27632 26717 12887 28276 22552 15540 13760 27886 15214 28819 10922 25878 17538 9249 31567 14892 11368 9829 28405 21265 3361 14157 19688 23713 7240 19767 7280 31464 19454 13536 20455 7919 28767 23544 21159 16235 15812 6869 10453 31066 18404 8207 23703 28823 20698 5355 30032 11557 24589 8301 9023 18762 10074 8932 30785 25183 
9259 30538 31215 11149 16737 18317 27417 6153 13862 7647 16560 6396 5645 11649 7814 18880 24567 4176 31285 12857 30219 20068 26223 12286 3468 28479 13753 28343 16820 29503 22328 28468 986 24824 22067 27153 23661 10952 12591 9982 14228 12856 11358 2483 20710 29900 25834 30740 23584 24345 8948 6609 21723 288 8746 14105 27597 13351 24310 13111 24252 6064 26972 29234 1879 23025 28146 28104 21419 23467 11381 27242 8174 10326 6710 26992 27028 30692 21739 8965 5883 11223 16451 552 2163 3928 29348 29109 24763 10028 20738 10526 10324 28666 31408 29668 18479 31590 27390 4486 25119 32301 29723 19399 10232 23729 11564 19954 8396 7832 13793 6924 5111 11716 20649 14129 28771 17562 11358 27828 31772 17400 7768 28428 5500 15311 13073 19585 7781 11089 9754 30037 19280 11959 8524 15186 28033 31527 3524 7933 9309 12474 20455 19820 5010 26002 26098 13528 26174 27429 303 26548 22041 10703 4545 6935 26987 9590 31603 32247 30383 12389 14773 8809 22101 4232 24912 5201 7663 8712 28677 10000 17077 6708 9158 21336 4447 20972 28844 20897 26140 10109 29986 4608 3628 12035 16612 31757 29201 5483 23329 1761 11422 9536 6510 32237 16554 5662 28727 11231 
31244 6998 6781 25375 20435 30379 12586 16137 14750 12719 27634 14807 1521 30662 18063 14514 31942 24819 5695 11571 17721 2289 19383 7950 18585 8880 521 30661 8526 1920 23418 32139 30320 6436 12533 10216 23618 30864 21991 14180 5179 26981 874 1424 27767 19612 13542 8620 12254 18440 2702 29734 6017 22508 5019 10222 48 31210 2131 13961 11305 1549 28684 19904 17984 31145 7597 18776 19447 220 30408 21278 16944 19061 15607 20957 6214 9152 31322 1046 24615 16830 15045 9821 4453 29578 20672 16303 29332 16872 23844 30798 11561 7910 18002 22066 18855 21482 27529 19759 30409 14683 23974 20974 9431 27524 26133 31667 28840 5198 19963 17695 27126 13814 25934 1143 3466 18722 27116 26246 15880 21612 6566 14088 32057 28387 1744 1650 8820 1055 7969 11952 14679 31252 19990 21637 309 5388 19288 17381 16341 12779 16536 25218 13895 21339 12618 3475 12262 21002 6646 5321 4737 4057 21854 21213 13552 1667 23148 11180 20147 4555 10407 7258 21328 4158 21524 12432 5548 16132 29136 14473 6805 19874 28749 8032 24764 27672 6628 6138 10374 32629 15669 1982 12743 23573 29135 14454 25625 11794 2591 8037 15398 2351 726 3796 7207 6314 3428 21774 
2290 21055 26903 28564 10657 10590 1549 2775 17138 13765 29275 734 25805 10128 1742 9712 13086 7868 7754 21502 21575 20811 15657 7899 28242 31829 28175 15917 3594 8086 23802 26177 28116 8519 10431 11016 95 7611 2619 17240 28161 24822 6138 19416 29732 28497 23212 1357 7167 28901 15741 23937 14570 16936 3492 13347 5473 14315 2270 16476 4510 16886 18314 30812 8523 19499 16478 1652 21884 29544 4402 25088 9146 18543 8501 128 25517 215 1714 29228 13275 23214 16232 1327 17235 11230 29015 31307 806 15102 25549 6175 11770 32676 17316 27121 1161 14741 26954 19361 28440 10882 13671 11749 19644 15026 11005 22183 23342 832 2170 20501 4328 4956 15615 10959 13261 15859 49 29992 30534 11508 14812 16098 10178 18747 23470 4220 1689 19337 3667 5132 23105 13388 13164 5470 28447 22395 26985 7595 17642 13109 31150 24171 3905 1953 17010 1527 25276 4981 32003 277 13835 3100 26829 2667 19692 31487 24048 15601 24323 13456 13464 16696 31684 8132 1198 3230 5274 16235 4206 9808 7133 24521 19607 20000 8867 9554 8356 32390 26408 26213 22164 1397 1213 30083 27723 31469 28326 12910 21275 2296 14247 29668 23777 2103 9818 32248 17946 12465 
22237 10399 3706 26862 9999 7219 1120 7399 29939 6502 6791 9679 6941 32488 15915 26129 19446 6420 5522 4859 9123 28785 26071 9324 21936 14044 1374 31924 31019 14552 13376 17677 25856 24695 26288 8473 3111 23067 17411 24985 12946 2514 17212 6847 5866 23334 5090 16392 17532 6190 30725 25053 16775 7562 11177 12029 12259 12878 26640 19492 19281 4261 16868 28974 24182 11166 24564 9080 29990 31799 17445 28690 7603 31115 12403 23998 31039 12167 11227 15929 31660 19589 17426 449 3708 19539 14530 13579 8677 23226 16044 18059 17906 31054 27965 14636 12886 10200 14299 19363 454 6652 9436 16601 13399 29836 24482 22633 26276 8638 20662 18020 32691 15295 26800 6156 5281 22588 14847 23642 7356 5010 27016 23148 6808 18058 19504 27299 14686 7987 17599 17973 31443 31926 23914 15874 965 749 9366 12877 441 7498 18443 3333 18430 31870 31112 4585 2667 29271 24928 18510 13306 29412 19257 10424 14042 31710 29381 18387 16954 29107 4296 14324 23773 16983 18371 15319 20980 17352 3385 3759 24114 13103 8689 14601 1860 18782 10357 23523 11460 14146 10830 14288 27788 18188 30800 31883 14522 2130 21772 2303 22051 23848 26794 5500 7221 21335 25274 1169 
1445 29503 26653 25980 25091 18971 17453 17082 10701 23854 27335 16376 12388 23467 14791 22787 18685 20293 3483 23063 4967 23316 3568 16550 13161 5177 9598 2248 25691 18887 25162 26383 27284 15599 32572 32328 22613 14258 15212 29965 11843 4777 25010 9073 4818 29650 2746 24587 32408 21300 22982 28003 12527 30487 16030 32188 9442 3566 15259 29637 8321 18982 23414 10116 17826 9065 32069 22332 12368 1000 2101 17857 11268 7715 4563 29778 30490 4573 7713 20346 8707 1248 14053 18891 9094 21323 10595 3688 4779 29020 16803 22130 6170 4563 25989 15898 22355 17585 22143 28747 76 6327 30744 30355 7448 10296 14385 30136 12091 31836 11730 1012 7318 11871 30893 28953 3508 396 32557 24767 22100 23900 26691 17648 20739 32470 28231 28372 27276 10411 7899 25290 6083 13396 22594 3230 19557 13285 28059 22531 8189 30491 13849 3928 16577 21409 30955 2122 10704 5546 13949 5972 19101 20895 3899 2417 15890 18680 12865 27986 19539 8853 3349 7329 21696 21244 11292 21350 30047 28896 1750 2273 3869 23331 3249 32126 15696 12776 30899 23054 2744 16185 29494 16442 10815 30445 29270 20367 21906 411 26274 4286 4735 15634 10546 31753 24541 7411 8891 12047 
8032 26 17359 28352 23347 27527 31396 12220 2669 17376 32757 32004 14049 5277 23904 30574 8939 9628 28166 25379 13205 21103 6407 23863 20400 17903 9035 12083 4424 11560 2106 32154 25763 12698 30550 3325 31466 815 8729 1625 12223 10758 29424 17980 16925 5519 24077 16791 3438 7619 15490 22130 28789 10358 11838 2034 20988 29998 5414 9327 9847 31690 927 16128 8340 3686 13903 28360 28259 18511 29893 11895 9685 15924 17547 26990 19569 9956 14126 3400 23550 27876 30865 9594 20162 4095 24022 16922 30637 16598 6573 979 30317 26567 10319 15767 8527 6956 7221 28593 7136 26414 13628 11609 3851 8003 30353 27830 2446 27680 1194 10583 122 6669 11818 21362 13 16568 504 23632 31421 1551 2822 20385 9742 18892 22442 21295 825 28047 279 6496 24758 6799 9847 11834 6337 28940 1871 2688 10418 3069 12766 26824 1232 25940 25681 5722 10502 6625 13492 16680 7661 25639 6454 4727 25621 32540 2918 12427 8841 14269 881 2438 940 29526 281 22629 17344 1998 18802 1971 30115 12162 21612 5383 16367 14254 6791 22516 4404 17905 9450 28713 712 23250 25865 19942 27865 8998 22986 15011 26429 22885 6959 32387 14191 12918 13085 21665 
10523 2919 1481 2711 10155 28229 3087 27320 8718 4450 30276 26429 3078 552 4889 5027 13994 585 31052 32074 11639 17616 11848 18489 15063 17620 32641 20690 7311 12796 23396 26888 19328 8334 22367 18894 8915 30773 3169 1942 2465 23498 18330 28860 11871 4303 4912 4526 9362 32273 19215 12872 11590 22573 21407 32019 9000 25792 20053 15064 13698 123 5053 32216 12802 10086 9784 5784 1771 15184 29433 24148 919 12312 20889 23324 24653 8648 10069 13806 15041 3127 26004 2011 27912 20156 5020 14441 16777 26619 31040 275 19255 16645 6589 20141 25466 984 20951 17692 10566 2783 28539 28539 15398 22507 24657 25340 22999 5539 27602 28459 32432 23252 7673 8502 12730 26425 27069 800 28296 4614 32194 8995 11870 29210 26761 28048 26395 22922 17591 6314 22664 7244 16413 4685 30679 10591 27894 19378 10377 10456 18041 6730 29723 12250 24682 26831 11454 5385 15181 15563 3652 21200 14893 5341 16503 16098 18870 16356 30181 1109 20420 18159 28842 336 22598 5983 29680 3538 12360 4640 272 8637 7464 3922 1961 5807 31080 25431 2936 7317 29076 10794 1492 13706 23072 2543 11347 8799 31257 19951 5226 14957 29339 1909 4550 10387 13952 7661 
122 3533 13548 3997 11267 18924 20528 8523 13906 3164 11151 8570 774 22699 5400 27467 24158 4707 12700 11445 9932 31683 15405 9791 10337 652 27357 887 18300 31294 27587 1142 13090 24194 177 18034 1761 23187 5991 18904 7374 2427 26711 3140 17487 25643 24069 17046 10695 32656 30031 23346 17237 28137 17522 2931 17376 18556 26982 12449 18029 10966 1758 8658 3807 13461 30942 28882 20950 21710 9504 14647 10463 2584 14925 6892 4233 13350 1018 21425 10231 8008 22120 12671 9911 29008 2969 20153 7001 1172 29181 5955 6520 20734 32587 12026 2709 8588 19060 27247 23543 7903 5974 9209 8236 10173 30133 4049 28534 2623 26123 18805 27197 20620 22135 19773 10657 4752 3542 22174 5343 19698 12097 17679 22596 25632 12767 24940 1251 26880 17740 7216 21800 4619 3885 11005 2155 11449 6864 3719 31640 24987 14761 4187 21987 1591 17230 15469 8450 9752 9842 13989 27651 16992 15338 24228 18603 12335 24570 18758 22672 25121 17569 24262 17277 31734 20490 26241 13664 14670 18361 11490 4348 22181 17264 6693 5191 13291 21076 16588 7080 3389 31032 15968 8220 9373 5296 1781 24090 30961 22234 32384 23263 5488 12880 30784 21581 32430 2259 9691 
18415 23195 29890 13934 28790 177 4767 30601 8483 32017 24735 16328 6827 28051 22458 18624 5685 29613 18707 3937 1584 26495 31565 1011 30367 19916 20169 24829 19858 28682 17642 7874 17014 25895 19495 23818 8410 4140 10283 25918 8938 26473 22201 3538 19842 24831 8712 2282 9109 27130 27543 11580 2447 25853 31010 17551 18274 4169 27541 2540 3076 4036 7421 23133 30738 30595 5785 17363 20185 31291 361 32560 12797 27784 32638 19006 14137 15770 29523 16730 11610 14963 14618 10126 21093 13790 5877 13026 25422 7653 363 12214 3255 31924 14762 26042 183 8819 29702 22717 1749 11616 24487 26707 8637 1700 24431 22019 9152 5109 27309 6810 20700 5732 17444 17085 32702 18925 7718 27811 13769 1570 12043 15159 5965 20372 26235 32046 13467 20368 28873 10447 10066 3827 9892 26877 28470 12631 23941 8214 23812 10154 11204 30453 21195 13166 23868 32727 22027 27880 24786 23251 13640 27654 679 8902 32442 3726 31519 30050 21011 10425 11515 26381 9640 21003 21051 9112 27293 25971 29928 5774 21021 28593 14954 10557 20763 28503 14850 6651 28435 22850 2692 26923 13899 18492 23868 10429 27978 16155 1617 18388 13837 20669 24525 32371 3301 9903 943 5033 
895 17065 23315 8106 247 2504 5433 3203 5949 2968 21551 21163 1957 23475 27724 16308 30810 23719 10623 8112 12118 26935 6057 23227 21472 10199 6382 16002 21652 7595 30861 21888 1030 28469 9927 17884 22116 15568 11900 6608 4231 9042 1831 17845 17860 24470 4660 4571 13869 9146 13486 22291 26257 7745 988 31898 19314 8503 22548 4566 15860 11695 17254 15292 7290 20036 25327 23082 19614 27253 16318 18063 23319 28665 28274 29650 30809 12415 20931 27375 5931 32675 22842 28449 16590 24339 9358 8602 13908 4527 30319 8021 26557 20010 29581 32574 18985 26025 13388 27223 24799 11124 13874 21225 10787 17457 5147 5924 12418 29102 30152 3005 17084 16139 12769 15377 17502 32231 25867 30736 28099 10913 4124 9889 11046 5448 29752 23009 6036 25942 19945 15953 27929 1592 6022 12175 19659 10813 8955 4518 29629 11194 9564 31656 26646 20153 24291 4973 750 10768 27491 18618 3718 17270 25701 6558 13018 5941 22683 13834 32753 23065 8415 4050 20899 21269 12343 1809 13959 19891 23992 31044 4849 21037 9296 25296 17924 7409 9934 16734 30631 6790 88 30672 7404 10960 28721 14094 11653 1477 12295 20787 19379 2660 2935 11871 25780 4477 29860 8072 
14050 207 31333 17900 6505 18242 21642 30123 21541 19823 9672 19890 19102 32766 16069 151 25935 18094 29867 13728 19755 4464 22930 24579 20621 3004 27835 18790 9152 19655 2259 32103 15893 2182 18627 26978 6137 14855 30475 13319 15194 13287 9480 30897 13828 31994 18838 1567 12279 2691 27120 19149 1761 16582 12234 29333 20143 29002 28668 975 22159 14775 8898 19727 27020 30701 26716 548 23251 19756 8171 6128 11323 27408 19299 1962 26745 31316 28296 8694 28895 756 24942 18963 2972 27148 28755 29267 1247 28394 23674 5550 10302 19147 5732 6140 18406 26775 1477 29318 16702 15835 32082 17322 7764 9689 15722 27201 4621 9375 28178 10985 24952 12151 8435 6905 30286 29805 15429 25239 4916 8332 20879 32565 14667 14524 18075 21357 29422 32690 32512 31362 29008 19738 15038 29997 18279 17207 10035 2978 179 31008 19550 25108 19641 17531 11557 15890 17326 22813 720 8925 9921 391 18359 14625 6525 2121 19321 14844 18784 2558 32404 13474 29747 29246 20534 12723 15534 28792 20917 22212 13780 32399 28429 28375 16347 26083 1319 8726 26324 10465 22784 15519 18398 29084 1824 28369 3915 14640 14286 8054 5915 18290 559 7712 28221 6208 23453 15101 
1934 10122 11545 7547 3787 30222 20814 14828 19712 25588 13101 19602 15 7898 1556 22498 32295 8026 4188 13873 7772 20099 29599 26219 18047 15538 29712 6022 8756 2380 18550 9946 10772 12922 10131 30362 23511 7545 15243 15308 12476 4013 30182 28613 27762 5373 30347 7784 11379 29335 6440 16912 14254 28589 5779 21303 18673 18311 7052 23724 30027 12305 19823 21777 2210 27089 2045 4875 15436 21823 21237 9843 28927 18705 7260 27555 14483 26459 19697 19786 26971 20945 25196 11724 21582 5862 8257 5988 16718 12241 9028 1753 25199 3991 3366 21515 14931 17713 24889 14378 27484 21753 30530 26780 12720 32095 27428 10904 7000 13805 30205 1254 30959 27593 20144 12038 7493 1336 16298 661 3461 8952 8967 14782 12908 18624 6304 27464 6289 8051 31019 3277 3492 11827 16430 6656 18866 256 9656 9195 21041 7108 20592 10651 6171 1186 22624 21934 15563 14472 19943 12785 11775 9445 9012 5732 4674 20763 23537 16755 32525 5855 12177 2146 26522 5063 26375 19665 25392 31874 18321 30354 25968 4036 1599 10798 12690 16818 9188 18949 12017 7296 30635 12922 9391 2459 24845 21200 9404 2658 8249 9134 3129 12745 3758 3712 26174 823 26254 32489 
6943 10961 8464 14282 3794 22930 7926 31176 16908 30343 18533 22747 28468 27009 5348 7268 13987 300 8454 25382 29475 11323 19157 17843 29169 13723 30100 20033 17066 25008 11126 27407 21052 29629 27689 4386 116 29143 25036 4049 1120 8815 19349 3737 14099 30100 14259 25950 3996 24543 16980 6582 11981 18486 1299 7426 30367 15777 2104 23990 3562 20823 12366 22154 6656 13201 4419 8263 7310 24089 480 23568 32178 9309 32276 8174 18905 31484 16196 30505 28095 16953 27688 15368 31894 32141 7021 12530 15518 22297 11231 23732 4803 21038 25409 13484 873 24875 13602 25398 11404 30159 14669 27331 12648 16018 27524 4911 15395 29796 30880 23674 9843 1488 28519 11785 30478 6957 30500 18121 32250 18966 16701 25692 29886 10727 18373 9551 17752 26394 3695 26937 5222 9205 16201 10067 22201 27547 21966 10925 28061 22969 30954 5182 1647 80 22903 12426 4206 6313 3944 6435 22401 2486 16990 11827 19042 21994 8767 11883 3081 13040 25252 10469 4274 7798 14121 29967 31413 32486 25389 28965 23522 26952 3059 14874 23702 2368 31298 8342 17070 2880 3445 16692 32442 13247 14062 4156 30429 15874 24188 16476 7894 18268 31522 30635 19985 4426 20786 22960 
20528 320 14337 13725 23308 4081 15 26509 24498 1880 3696 19735 10623 16878 11071 31760 11016 32474 10669 28216 21720 7926 26580 19310 9169 27201 14883 26888 3105 21400 9292 17712 4546 8896 15335 11432 27684 19594 29218 14193 3984 773 6461 29888 27159 28256 13910 3635 21714 16977 4204 11988 12436 24766 8991 15996 6177 20272 17188 16283 31306 3053 9083 22741 11451 9713 20846 18580 6538 9634 8543 32405 736 29001 9235 22820 20024 3628 12279 3664 23243 6191 8619 21772 26266 7242 13529 10839 2583 18635 30160 5419 24886 25229 22012 4672 10404 26295 3238 9186 27441 6517 18257 7005 163 30547 27728 32728 7465 32609 22354 15072 31966 18943 16489 27645 13053 1236 31352 23810 25400 6303 9616 6941 21667 1936 31527 26514 5325 2556 18668 22606 32259 16033 25417 14988 30101 7467 5189 13603 12185 29594 16948 27477 19028 17882 9906 171 25805 32108 1901 20781 5854 14745 16061 31325 32388 32204 12026 26212 16599 32624 25092 28193 21877 9466 2762 5080 21352 29197 6246 2553 27325 22334 25021 3739 1038 17757 26114 32137 25658 31761 12389 4207 18909 197 13321 8033 20753 17210 3604 3232 17814 21444 21683 23349 6727 5377 12001 12560 
28769 20776 19045 14514 25499 1572 31868 23440 2349 528 3519 17693 748 21804 26925 2596 31475 14583 15764 21486 9312 12434 7349 5384 269 18149 7977 7999 27550 1881 19257 5584 12661 6178 9069 9666 10895 11271 25323 30896 17638 24679 27570 23322 19933 6903 24373 28604 2962 5381 6756 13034 20487 16996 32483 6270 7306 26052 19646 13390 1084 7710 26624 28648 11795 16560 16574 9230 29133 12645 11768 31422 13153 4808 4919 1789 13514 12714 3680 15822 32603 32266 4747 20965 8214 27977 24675 32201 18030 20971 13405 32319 6834 9652 6484 5098 16593 29514 27018 31849 27769 7925 26825 30435 11135 14408 30519 27196 8532 6288 16345 21205 25653 31264 6808 26048 27832 25484 18217 8128 7414 9725 8158 14407 17144 5121 8092 808 31754 32354 24085 14864 14527 19066 25414 18568 17188 18401 19080 13046 6993 16843 25840 20478 7152 10377 28789 15595 25879 32177 18607 21243 30770 3358 20904 1374 27232 6646 1052 3481 16228 9303 19269 11501 15639 32219 2953 23208 27387 16745 22544 16103 18471 17495 3207 18917 16967 8765 16999 21275 13039 3909 19046 14756 3993 2616 8653 5627 31992 15945 11902 22871 11773 14711 29512 23361 2611 14383 30171 30598 
20154 6358 6922 5977 32740 13180 10436 20690 5636 27109 13092 15840 18068 31137 26908 8870 15993 20239 21574 11957 12455 5911 9165 11387 7161 10564 22765 31793 8402 31985 22463 18755 9775 17232 16883 24905 15058 17699 29178 23716 11206 28157 12655 3654 3200 30401 14870 6177 29173 5302 30591 18477 15439 16608 23099 19420 227 6575 2586 26413 14855 13734 23640 18852 29960 6061 82 1784 25015 25169 27705 21102 861 8187 11003 14556 32119 23828 16411 15447 23988 14213 22004 5619 4209 6833 18742 25431 16867 6128 18941 10312 407 6764 26969 26341 19569 8327 23880 31205 31293 12377 674 25472 6715 11449 13312 1896 4816 30058 32478 3397 26458 348 24914 27851 19685 14753 339 14265 500 15486 11109 4613 26821 8122 1545 12698 6454 6920 28675 9022 8346 18103 21685 24695 6124 6179 22575 1776 2155 7194 23270 19887 19226 15858 7027 7752 17763 27590 30235 12437 26656 9092 24952 19929 10672 3760 13057 6209 258 22637 4660 7557 22181 10012 25327 16894 6156 24952 31755 19966 19961 24879 12852 13329 859 1866 31142 4326 5486 32362 25701 31653 5641 6413 15835 26973 11698 8646 19840 14871 23208 20405 5315 7127 7662 17790 13104 3057 
18681 20181 4700 6962 5793 32030 10391 9341 15321 4641 19087 29246 31696 15896 19459 8133 31052 8926 27736 5746 14021 14492 10474 1974 2105 4543 17320 32491 11293 19292 30012 31378 16003 1021 15728 29300 15813 3175 12452 661 11938 12231 6834 20607 25746 17894 212 7024 3329 26296 8808 2495 25876 21429 31379 5829 23277 9764 19003 18948 21776 12085 27927 25133 32138 28989 18955 24775 15861 16207 12235 10587 2364 10435 14663 26169 18605 4788 10560 17454 21720 26371 11487 14962 12564 28790 21644 32514 1401 11830 13792 31104 5542 26732 28601 23690 6333 2975 7026 23897 27931 6913 16511 12014 19621 82 3644 30606 5719 31084 11480 16799 19686 27462 32671 24268 9676 26766 5590 5246 14103 6235 612 28803 23351 11884 2110 16652 15537 27122 7682 13878 28675 12328 12820 12697 3330 28593 20157 26420 7156 29068 24203 21632 31850 31478 12957 2963 31809 23666 4387 30379 24944 18461 9874 2215 22594 9469 11432 22758 30191 4246 10464 4613 26622 17435 25418 12194 13642 8116 10344 2240 6798 20734 9585 18277 12161 4625 15939 14166 23401 103 17735 21963 14067 28323 32372 24784 16650 18058 10905 21220 22640 2920 13637 11347 32619 15336 14949 15201 
1028 10510 15000 18616 28402 26116 15106 13924 8003 642 3318 30819 23889 10805 23154 14993 6159 343 28576 21625 5731 10351 10120 15222 12467 22261 15282 21125 27214 32016 10245 11447 1807 26344 31746 9380 15157 23484 17801 7625 26079 9502 14693 30047 14692 10368 18083 16792 31181 22665 12815 21383 27453 20040 9174 2754 11888 25255 25020 12529 24317 8308 16982 27860 21359 17862 9693 5059 11341 2000 22188 1827 23146 10767 13056 30657 4820 7875 28103 2795 15150 27160 27302 12184 22352 19396 5553 7895 14893 12101 30890 19325 14939 1060 21518 29801 14156 11536 11808 8617 23201 2559 16028 17273 31505 6690 696 8620 828 29769 8471 19354 23169 7799 11308 13810 12472 24456 32200 25195 14071 6867 5418 21662 21095 29222 28979 30282 20252 20909 21464 3276 30401 29768 20944 27825 9875 4451 2176 26865 7290 22497 6536 541 22913 21135 5314 5936 21710 11458 19242 23517 22706 11717 4871 10468 16712 12126 21149 12344 7584 31845 26604 2706 18536 21291 11761 3747 671 15663 15010 10486 13716 31774 31358 15104 14416 9923 74 28312 14031 24416 10478 30714 5565 6054 18895 11624 13604 24610 1333 26641 28155 20780 4569 9497 28188 19457 4446 30050 
19501 25223 240 13941 10747 25286 20691 23647 27101 7054 9723 1032 27010 4266 31622 28086 11490 29184 9345 2796 18699 30224 23476 14748 26848 2760 828 20063 17080 30505 24119 333 25431 790 5232 2535 10276 12044 23596 9607 11588 2508 8744 32581 1189 13120 11727 23529 15151 12059 25710 19364 23395 29792 25470 27866 24210 24865 28874 13779 18276 24427 29611 16127 15095 17935 21335 8049 4336 31486 9690 26024 7667 21015 22397 8337 4658 9348 1062 8009 26315 32451 25477 23836 27496 16459 25572 2269 10435 27114 18544 27579 860 32193 72 6192 8919 5492 31894 5377 17461 27721 10945 19664 5256 6139 15946 20336 8877 29196 8135 29491 30961 30392 25232 17287 7601 31864 16190 14153 26680 25033 140 17325 29842 5856 11692 30724 23402 1969 1012 11671 899 24160 18914 29400 25950 21539 21669 835 14639 4831 11335 23259 19517 5564 16792 29070 26228 517 20579 16425 20487 27389 13765 23157 5274 26119 24601 1521 23053 21000 25332 24017 29474 12149 28976 10892 13480 27724 24261 20405 30445 14711 11010 13265 601 7926 27756 1660 17971 32699 25088 19776 30848 22497 10787 16203 32690 21597 31690 21347 15051 14695 3069 8380 10556 15760 3886 31897 
10558 18853 11975 29671 28670 7521 25895 13797 25550 14987 11312 3527 18430 6369 8873 7541 16952 12749 4992 28495 12221 118 5870 24112 16524 20282 11577 31934 11638 23326 29692 16583 22277 20298 23504 18482 16672 26064 8214 17409 29049 7945 25630 15090 32669 7138 26668 24662 15510 25366 4942 7387 29487 9927 4349 13698 13200 10193 8219 24789 3104 8834 29013 28952 1506 2142 17501 1142 1125 11020 24725 27185 27905 6505 27085 13543 18096 9315 25473 30759 15888 11035 14460 4988 16582 4595 12993 18161 32274 26576 18129 3834 7337 21223 18464 499 1834 19219 17594 7976 7419 9105 12106 17839 22710 17905 30028 31654 2630 30975 19148 30436 30207 5976 23478 6296 12222 14963 28284 10147 14648 16128 32174 8548 10256 30979 7873 5728 10353 29384 7218 24462 16618 30532 4242 28474 23939 29968 9453 10142 1838 7369 16083 10068 5509 5836 7994 26159 1115 27640 28417 23819 26548 17193 11628 19631 16660 5514 20665 20940 27455 6665 2202 25207 20597 2364 19053 31705 32093 5226 21304 21465 7009 18711 12497 9508 14358 21262 20327 14566 11181 18792 2710 16557 15028 3731 32116 5123 1239 21270 2242 21151 29100 15295 19027 32111 15876 31637 7580 21997 
11593 12003 12543 13320 19465 16888 22360 6731 31361 13377 9799 17432 28886 21037 25312 6791 21694 19700 15610 25210 13669 8857 2410 5327 20860 2142 21767 8426 32170 26917 18152 32592 906 3444 31921 18977 7919 9279 24901 2933 28989 1535 11575 16005 29272 26689 15649 3269 8239 13260 28074 12877 26112 20156 22782 9523 1576 20390 14986 17056 12874 26569 5959 22347 8731 22385 25231 2059 10503 24653 8233 675 32639 2266 12239 29748 12851 27602 1708 6066 20832 14756 25593 15740 1542 24566 12267 16486 32048 370 24843 19604 138 24457 7677 14726 6517 1380 18986 2416 22164 10371 22081 28083 19174 350 14264 29502 1993 15276 24496 19727 24414 6247 7993 11886 7234 2901 30912 28523 29356 30885 147 18538 31349 25377 3801 17912 20402 13375 8658 12510 8124 10881 22000 12824 22672 12748 20450 11978 27301 6294 12592 12830 2946 20185 7120 1845 14532 18932 24093 15555 5283 18166 13380 30218 7577 21631 16247 28875 27123 9959 18238 27693 13763 24022 12832 11509 3295 8911 13827 2184 29191 24631 28050 7618 13266 971 24778 5467 28932 14439 30220 8693 12492 24184 32307 22322 22196 11885 28928 17727 26644 4427 29933 16884 11924 32695 3942 28476 
17464 27747 32410 25845 6138 20935 25812 12746 23901 32136 23655 7830 29217 20794 31676 19579 27674 18825 26416 19932 16762 7628 22158 12977 13521 24620 4395 8399 18393 31584 2475 29334 12196 5896 28209 20878 25411 17604 28144 16881 27294 12172 25874 30956 16683 28408 6826 16100 29126 29494 8694 20721 3863 19610 14265 16148 28164 2823 21217 6107 22617 3529 29850 25895 30722 3657 20075 6379 20228 27629 7032 1405 3841 28262 3567 18680 32463 21732 18674 27887 32395 8155 32575 17964 8932 24776 7611 25748 4716 27024 31689 13255 24435 17737 30102 6899 1496 14864 2629 22831 6919 24088 29472 25195 23507 18837 5873 10716 4224 22127 10712 25477 10076 31146 21646 20820 19659 25615 687 20701 32021 27268 13694 17396 5198 27733 27005 29395 14650 14866 12687 25828 10475 593 12521 16459 4906 23714 11340 8851 31851 24748 9206 8341 28193 29529 5203 1831 15107 18846 17570 20531 32755 886 22370 4155 23052 11426 27799 30449 32104 2569 10356 455 15119 19488 17754 29569 2933 12517 15665 11263 29750 24980 11433 3781 22250 20726 31990 14366 21659 2781 25136 32220 21989 24472 8321 20864 5347 28038 14208 1806 29755 5565 23328 10070 2490 29070 27623 19885 
30335 19281 15608 18132 1285 1483 10604 12928 29567 27454 26328 17511 20425 30212 7359 23667 3427 15422 14524 23923 32059 8616 28940 4450 30518 27850 29728 19314 4204 269 14387 5468 21914 28247 31955 27003 14537 316 26071 6996 14281 17489 12604 26263 19398 20857 20570 28345 7315 6562 9210 1124 736 31466 16121 22135 20279 31244 24514 19031 8441 13755 27219 17905 21904 19546 20381 22137 19605 1689 6520 26013 15528 9387 12679 4945 4349 27167 14502 16629 8369 4314 5885 19512 23363 12090 17763 21337 2926 26966 27813 18629 28375 21570 6384 24679 3548 17334 4330 27871 24568 28778 11133 22541 30058 28994 32373 6179 828 25867 15756 13126 16792 29238 3378 19080 20613 22357 5680 9955 11190 26641 13677 29211 14113 22945 2702 28345 3691 25930 22995 6832 27575 25796 31324 6584 10613 22063 7497 30907 18564 20260 19469 29147 919 20915 11096 11777 807 25650 5477 2718 28529 30796 3934 21616 22753 32196 6701 10851 12184 17538 14775 22691 8840 22458 16818 3559 2367 31427 24912 24358 27302 923 11676 7768 29841 30572 2153 20888 10125 23350 15794 1117 9398 1555 32042 29730 20243 11707 26501 14211 7198 24633 29532 19160 30066 10862 13252 1163 
15735 16652 14611 29334 11173 5851 2021 14001 31640 20625 11056 1495 9891 18160 13585 24878 4027 27197 15196 23038 30059 15285 25973 3633 28835 21938 7367 19436 984 18659 15666 10919 11797 1758 4330 21884 17748 7171 1410 28295 32316 15607 1365 27432 11937 28920 27623 9260 6153 19419 6068 15826 4873 5740 9731 27329 30133 22486 16301 4656 22546 20982 7728 9983 32666 25372 11725 9391 12525 20680 32504 15441 18288 29773 9331 8208 15814 22677 7798 26974 15978 18364 13799 7929 17778 28696 23937 5764 11985 13505 15596 1750 5316 13999 3326 32044 20766 22842 29965 26944 26002 1650 29794 252 15543 31814 30497 10130 31244 3059 9077 25275 6799 5945 15211 32107 22050 19575 30109 14073 26832 17022 7540 24319 5192 9995 28565 16044 16942 16252 9286 21468 13286 15885 15320 20363 18974 10472 2972 8179 12889 2245 21378 6517 13586 20364 5607 11778 6631 30482 11487 3066 27866 24016 9969 9438 10640 19323 9952 18758 23320 22758 27917 16193 32248 6160 16299 13123 24476 15065 32379 14439 22600 26592 18293 19389 21359 18606 11089 6773 29002 11101 20739 1459 17365 20197 18094 11162 10894 29288 20890 29266 7924 28792 5237 12487 16388 4346 23563 9352 
24527 9675 24218 10838 13324 5492 5071 17134 7479 7482 4193 29896 14780 3033 29845 13982 14682 26386 19516 26776 11184 30592 15111 27439 586 6253 5630 22365 20748 19872 11271 15282 26738 29410 7601 24645 31271 22517 14014 17273 5584 21763 21449 6628 15732 7178 15836 9773 9267 10538 11908 11338 12336 23077 12022 25558 29561 19923 29617 15641 11448 8364 7511 17299 18713 18788 3291 4007 414 17768 20307 13358 8614 3110 23446 31863 2324 22046 9604 2701 24320 5980 28827 7176 21343 17859 7182 10407 23414 4560 3140 5998 26011 23173 7875 3524 22599 27172 7879 8238 32227 23426 29887 4810 9670 7633 29905 7520 11285 22485 16540 31615 27112 14822 6978 10603 2539 26416 23826 782 24823 2388 23146 27803 1677 24901 7542 32225 23023 2268 12073 10637 4461 20795 12228 17203 29491 31363 30566 6245 10357 8203 25920 16460 31280 24616 32347 8472 22231 3540 18929 28168 14003 13591 29443 21451 20122 28975 31602 9255 1581 12577 3976 16159 1120 27480 94 16862 13844 12761 24173 22812 6515 6819 7021 14478 29253 31394 29153 22861 22774 29172 31557 27963 30193 19726 32758 29551 21927 30521 5411 5659 18948 12789 14381 19763 28434 4828 15787 26249 
2758 3411 15885 48 9925 16182 11272 12499 9005 19479 31675 31657 29387 25061 14790 29995 3436 29624 25643 5909 30394 6380 23742 12057 11627 17959 13332 4422 17590 24745 16330 20284 5640 7927 3240 28832 4389 9487 13513 17731 16214 3031 9436 27933 17121 24737 26193 19632 13434 30995 8023 26514 16598 29199 21280 21947 22843 11014 9327 31869 14330 6726 2223 31546 17670 20947 5423 7483 11547 973 18210 21511 21607 22482 2789 1594 9443 24523 1949 30434 17092 13348 24933 15940 24142 14743 17391 21938 16777 1958 15687 32578 24492 14313 16223 2600 30718 9597 21386 27240 17715 20514 16714 22386 5313 27835 8641 31721 6586 10781 134 27225 30812 5172 29793 24141 13081 2721 396 11814 23167 18231 17152 23198 5842 28013 17576 3148 21810 20187 18431 1906 132 1431 19746 27547 29540 30335 23324 12702 3268 29934 6573 1521 20033 11656 31344 12603 8350 11862 12571 24205 16362 16920 22339 2030 27901 9213 14223 18094 1606 4073 12906 4660 20684 24231 23331 16761 18381 21307 13628 21086 902 6844 18007 8080 23768 18563 32177 20548 14676 5886 6215 10230 29124 30782 28862 18147 9858 19414 31155 19969 20172 7549 10214 12744 16481 466 14269 32133 
6195 2471 11907 18199 8251 11693 8326 6406 7983 10279 32715 18440 24157 20431 28010 31284 11230 21736 24219 3129 24647 5811 27182 20090 15419 305 32541 14384 18327 5177 18036 2077 2262 29725 19955 1212 12928 19866 26694 11497 8400 1408 8090 12370 18978 15827 4001 11944 24442 29559 16261 1383 8231 22944 32577 4179 30477 24072 24656 20512 10169 499 19940 10863 14417 32736 26376 11120 31168 17217 18280 8803 19653 959 14558 26001 14435 3073 15072 25465 3916 16495 12000 19982 6550 19285 271 8181 26664 7419 22432 26970 1468 8701 18922 25674 11351 474 8281 29627 9121 31326 8497 28826 17756 21011 17734 5814 28754 3962 29164 32586 17529 14344 19925 19671 10322 25038 17547 22098 16962 22510 7126 16309 12914 10330 14076 16281 11630 30960 29042 23105 1299 11298 20515 24825 29166 28253 2491 31847 28312 15453 30652 27601 27755 26331 32370 27012 26808 13292 11759 7174 2616 12048 275 5616 31220 5125 13730 30208 30078 2400 13190 18741 11892 17043 8973 23641 19524 27576 27581 6574 8856 32696 9042 29672 5846 25338 16166 5447 12294 15775 17607 32337 13275 12456 29451 9628 4005 6486 27286 32365 8208 19798 13277 2700 19682 5266 26194 10369 
29515 23632 8581 14327 6733 6322 9445 30238 9485 1438 11854 11481 18341 13143 29524 4359 15037 29892 4999 4382 32113 30232 3089 15419 21824 9344 19827 21246 3246 28631 24442 21851 31228 27660 14901 14153 6909 2873 3910 26923 22830 9210 1429 16805 25555 26623 6933 10678 15668 15792 13704 31978 4046 2889 24154 1205 24255 7102 881 31080 15168 27101 19699 28691 8273 27478 1251 10048 13947 5813 12210 19642 11963 13777 13564 16047 25012 18527 28462 6787 24712 32675 4781 2091 27964 30893 18798 10903 8883 16469 27771 14417 15279 7124 5602 4204 2544 26002 15967 31936 25866 8873 10967 31832 24676 21041 31162 4718 818 15624 19025 13242 14649 6084 21603 10517 1486 9999 11307 26706 23924 13083 28798 5711 29438 17443 16581 669 20909 352 11345 25108 3401 19042 32702 12036 24081 20786 4570 30652 4241 7734 1619 7802 26733 12886 30662 3270 3376 21038 3588 12294 6414 12401 19479 30171 10208 15391 1829 11231 21535 1920 29305 25850 384 5400 30768 12345 28458 17600 9356 27838 20351 6136 29949 25181 18993 26083 679 32133 18524 21842 10820 6858 16664 4836 28400 26333 32740 28129 3654 14619 15352 27742 23209 19266 18336 18473 24133 14380 
27944 26230 17980 4585 3856 11185 1173 5870 11623 3401 18114 7477 23375 2856 31928 2584 15253 27047 30342 21802 3335 4049 9416 22377 16981 20836 15549 12015 1709 30189 21451 24459 16944 21135 26550 21993 25635 30851 1878 27780 393 7315 18051 7989 18762 27380 10681 12967 20615 6406 7222 19596 29725 24670 12407 862 22830 23010 29039 14830 23984 12243 21124 22372 30202 6283 15128 13481 22209 7281 31264 20468 20674 31468 26915 32209 31617 2762 12785 3825 15844 20567 4840 20828 12817 14942 24113 26328 140 24943 29866 13775 14277 11792 7335 2143 17666 8608 18006 23829 18950 20151 11306 17762 29868 11617 29713 20139 21758 27124 29181 8941 29896 26561 25089 19648 24069 25064 26434 16462 31562 27850 25739 21501 24582 1116 22448 27295 9292 25218 25613 12560 2076 28314 2117 17007 7514 9107 20760 4555 11420 5229 26422 14707 22569 9144 29791 21988 16699 4189 27082 29727 12382 6345 16886 18718 32564 27042 162 19227 1813 17066 1067 30828 26150 18396 3193 24799 6242 15821 19217 20847 9842 21094 14781 15349 21153 29411 3195 21790 1653 20337 24172 12456 271 3513 13335 14963 17125 18361 20177 16326 12233 24021 29283 8218 31232 26295 7229 21076 
17216 15506 14124 19714 22621 15237 14756 29086 28383 9441 1704 20830 2607 8040 3934 28067 30368 691 26445 19228 31890 22684 25613 20306 2816 15236 21863 6387 22444 23070 24152 4261 1916 27379 32758 8097 1551 31667 31303 15055 18419 28394 19762 23618 31756 31620 30008 31017 4565 24263 22969 9392 32334 21096 31947 23682 6229 28298 21012 16111 495 18666 13702 14191 1898 23041 6025 19071 4509 13172 32633 1440 2085 22601 4834 6346 8068 29744 14097 4154 25617 31559 25780 6669 23107 16141 5111 28333 22191 25590 15209 20234 29218 1803 5141 8710 18611 17837 22739 1276 26010 32413 10350 22870 23691 13656 24653 10972 24993 32722 17492 23341 13714 12605 23607 1111 930 20005 17711 7377 16652 21116 25013 12337 27928 27700 11926 1026 9746 2075 7325 14386 14035 21112 32099 30692 5974 28126 3388 19532 4835 17192 10110 25047 15692 1393 5815 23617 11340 6668 7925 1829 9937 22523 14718 19420 21913 19503 6758 30486 21124 10253 6657 23371 5095 9758 19171 30365 6189 6112 12043 24582 1692 6590 19051 18227 3243 17805 16375 28920 30776 27071 4349 29154 14591 11487 16655 11730 31809 16604 323 26871 3689 13909 28720 6004 13090 19774 28319 27272 
28722 11010 16961 14349 21717 10472 28493 7903 2300 25040 1090 13910 9467 30004 29122 10518 18435 8360 23364 5011 4590 29169 13525 12130 5247 25812 1589 25689 29544 16549 17931 813 5805 14615 3023 419 22857 27229 11493 3512 26248 1720 18502 17885 15485 28460 15495 20060 26298 13302 10545 19021 19895 11698 28456 30805 7496 26180 20280 12541 20405 5328 8323 17588 868 9984 16664 27703 8286 14449 30623 1446 18695 1403 9084 31732 30942 25415 1877 16277 3352 2411 26713 25471 23511 24631 31236 10932 13118 566 31186 585 6397 26781 12363 4106 8498 3700 26619 336 31183 31972 20970 5862 25473 7570 27681 6165 22953 27121 27218 779 18035 12250 17675 9227 17775 28305 22921 21888 10112 15241 8570 23747 25522 29154 23968 18366 26511 27505 12876 3764 22078 4271 26465 12813 31972 23878 16208 25280 13153 13415 17240 16381 15758 28946 7109 7303 19641 4463 18246 27694 32443 781 16409 11500 30174 15640 10027 17418 13784 7017 32236 10507 7022 10914 21546 6259 6981 26720 30050 11551 19844 21461 9349 29953 26609 21826 12497 31496 29324 14281 23051 14581 6489 29428 2135 7329 1251 7234 1624 7449 26169 23900 2317 29000 7144 5182 527 31866 
31761 19917 15258 1378 29781 8496 29864 31674 27241 8463 18283 25137 22210 28674 5878 5302 26456 24989 4180 8877 27626 20196 22691 28558 22332 7222 2619 19795 15461 23254 29374 1183 27266 2953 23015 8381 30230 15184 6726 10417 22544 29006 29822 28381 13431 21134 6433 21306 23025 22447 20214 4209 31206 15865 26601 6844 6246 3779 3795 15229 27958 12492 22514 22600 24215 28760 21339 30703 2713 3645 19342 1495 25675 23095 17992 30884 27921 22353 21169 5836 23005 26768 11084 20318 16321 7572 3976 18963 2931 343 30565 16517 16909 13267 28666 3936 6665 31868 28317 17889 9120 30423 22561 28447 8282 15743 9470 819 3903 5188 5667 17088 10563 17724 26800 29360 2870 27173 11224 9836 24045 3508 1757 17275 19309 2134 8228 31418 27501 112 30669 30432 28545 21487 4848 11838 15687 15879 22662 27761 29385 1620 23112 27788 4745 7063 21697 25196 15914 24068 21929 24382 32332 29235 15811 30323 2331 30322 25530 5987 14919 30808 4242 27378 13357 16954 30518 26601 17540 32072 23142 23485 6168 14225 26768 525 21678 32764 17683 27308 16732 26542 31517 6632 15603 14688 29061 2716 25243 15013 16172 9100 9445 12259 29556 16245 8007 12193 20115 21432 
30651 20172 9218 465 27354 7830 9243 20789 12804 23443 19193 28455 25895 5049 12502 6583 8622 10122 1610 20013 9010 4489 14116 15935 7578 5352 5449 5154 18743 19824 12556 5052 9835 7551 10087 27262 10664 21071 13057 2609 26992 26345 25260 14963 28218 13557 22896 19840 11037 29391 25757 26666 31462 24821 16685 22631 7932 14 21130 951 11692 24294 12620 25448 18804 24462 19475 11575 20291 31246 1854 2186 22843 153 4690 19220 21892 13448 363 13647 27651 25298 26388 26466 2480 15993 9171 5980 8657 29544 1728 595 6877 10618 11013 76 28610 23757 29691 20916 1576 14846 13139 21274 17591 11329 3591 19688 32090 2800 7615 4040 16679 1073 1339 8522 9872 21826 29887 17129 20931 11924 20447 6009 12494 14950 6115 2271 20792 22823 23255 20279 387 24631 10926 20406 9733 11987 164 29856 23614 9079 7550 25071 28357 9105 1134 10300 1617 16574 15565 13798 12928 8229 30807 4935 9450 15939 22334 25129 15108 31015 28552 25447 2022 3244 3533 22061 15887 24682 20808 12520 11324 4255 13086 25692 20229 5129 18199 27128 5216 20833 30472 16670 2771 25997 12185 3386 31325 1086 22264 32340 7235 19155 19848 20422 29169 10815 3501 2425 
15585 8881 13053 25916 20038 14410 11708 8926 27357 10953 26803 5135 14482 5501 23844 17789 22483 13748 4346 22790 20964 22175 23869 29714 27731 10628 19285 3217 28412 932 17750 31912 15511 28952 2028 31291 13975 19735 19903 31693 24044 3086 31555 23367 21617 1153 29671 1912 20222 11579 4588 32014 23409 5412 9265 19223 14413 24659 2930 30014 23568 4069 24068 31701 10259 10852 25783 10647 2062 4293 32413 6820 7563 1094 5716 31347 31668 30669 5829 30676 24395 17861 1482 12620 14985 24301 15948 24792 32023 19690 29481 32709 26036 22137 25387 29020 13436 30259 17155 8291 24459 2720 18203 14995 30683 10479 8429 3650 26786 11332 6090 22899 9825 5277 11731 29097 7740 9213 2575 21622 29330 498 19711 28669 6361 30004 15595 28839 707 25521 3926 25433 19740 31856 23520 8606 5989 4674 18919 8849 1486 10931 2909 29979 21277 9420 5000 23197 9417 22139 22947 6854 7001 1001 19916 32752 11981 19022 27852 17309 17421 26452 23112 27741 21607 7016 11792 16921 3028 485 1071 29115 25316 9430 15419 30813 12648 22269 9327 20064 10654 11547 22278 3928 7782 27425 21429 31465 25474 321 18960 26146 6686 15333 6036 21275 11738 181 13793 20304 
25811 29132 21752 6481 23405 20207 7646 15986 9418 4449 3463 5143 24638 18063 12484 28087 15355 22791 9475 31592 19530 17286 5035 32454 30870 16367 23211 1242 10795 20657 1003 21719 5855 19116 21788 31516 31574 26505 7066 364 27052 9581 6619 4675 9339 22199 26010 28920 29528 2814 3145 17456 4322 20559 12348 20428 19065 16012 31724 30681 1528 23802 17554 7042 22108 27865 894 2176 4736 6554 28073 25926 8278 6193 1466 13601 1144 1033 32265 18222 1921 23227 5826 31420 8330 17053 26891 8784 21741 17360 23760 25070 10025 22960 32708 22988 12302 27392 5839 14385 23487 14191 21830 6289 21997 25999 20207 9927 3471 13236 23274 23233 5983 31354 19433 24676 10471 12404 28571 552 4243 3069 656 28959 18939 581 17199 4837 17225 24208 5490 10763 30218 5330 3688 25755 20767 10000 4491 4025 27590 3206 19673 17967 32749 24600 16995 31979 22114 18008 13531 24710 622 26411 11319 19366 1354 23123 22121 27561 22222 29783 14214 19674 14382 10077 26126 31365 9839 17019 11744 11117 6600 11576 2584 7287 5254 19150 13070 14699 12984 32442 25831 3478 6146 18600 24582 1422 30117 14081 24381 21441 29724 2502 15551 24110 30503 12832 25445 5477 
7867 17255 9243 20235 1525 26880 693 29296 20390 31448 8252 22128 14084 25471 20982 4650 1758 281 16697 30471 5486 10298 11232 31107 11347 2473 24004 15382 32109 28112 9151 2495 6859 31650 32543 4576 5459 32296 17493 22116 15176 27778 4473 15348 2281 13042 25740 11575 15760 13015 13048 31034 30085 9519 27905 22829 17721 5410 20034 30938 6777 14291 18089 1362 22536 12742 21756 10811 16513 19976 10887 13768 29222 32187 8439 28249 26984 2666 13190 2097 20876 32610 18628 5884 19323 20760 25527 5325 12774 14402 31311 10779 22475 24438 21355 20178 30168 28357 4343 16425 25876 6992 9229 24820 6885 11427 24983 20008 15168 3545 10343 12201 2972 7729 11977 2413 6775 28472 3936 15261 5727 22341 22107 3348 27390 25771 8882 4192 10467 29027 25033 14516 11003 31156 16864 622 29588 17545 16211 2033 15078 32742 27813 664 24722 16845 4022 6224 30391 17333 22009 5554 15844 23360 17830 22270 23980 6541 5950 1940 9343 7051 20805 1590 14275 16750 4404 5550 17341 29678 30361 6659 8205 18425 2695 14043 10553 22034 22373 13423 21384 4325 1043 20062 14461 28322 9854 1076 32242 21618 22759 28541 29684 14190 22857 32244 21525 31691 20432 5680 
15114 7028 24307 28784 14543 3827 8649 19892 25080 18324 16379 25594 9929 30882 27284 18725 4116 1001 14230 8685 31761 6530 15327 9892 4923 14663 16306 6205 26071 9382 21696 21404 7332 8743 6093 25679 24350 29158 22124 26104 13487 14007 12901 16873 3502 12892 14066 11219 13274 2423 6654 23975 18750 17385 8623 5300 22473 26271 13513 2726 31020 1300 28097 29282 4034 1264 20485 29283 145 15363 6850 28581 29794 22924 29597 16125 7978 2290 21569 21513 28744 28385 10907 27762 538 30106 4665 9024 21511 309 8762 23516 23087 5689 18609 25459 19049 26232 482 16853 12992 25828 28071 5215 27070 17159 11001 5898 22602 2451 12503 12051 13837 32355 23032 19363 16763 22273 32749 8653 1360 23191 29770 8406 2 20055 22423 19585 2963 13417 17590 21879 29564 22197 930 16182 32433 6289 6250 22249 13215 9729 5725 20086 28478 18022 21715 3745 15093 28490 16055 2062 31136 8868 7272 6597 32694 22566 31278 1561 23469 14060 3594 18299 32091 13093 84 19378 26383 11208 27113 23419 11512 14143 20788 30995 15305 28736 6431 24768 5500 31986 19180 12947 30703 19657 30982 24988 6779 4339 4897 176 2628 27081 19692 9382 709 18641 16544 2787 
25422 29587 31874 1358 22603 24490 26896 6232 17883 3953 13338 11995 29387 15176 19213 23636 29693 17491 20563 22615 962 7319 105 15730 13719 9019 26835 30083 25741 2108 21600 10423 9151 1169 18012 16292 25644 11250 22826 1166 17804 5009 26387 26467 19424 27816 13656 26228 15678 32485 12868 23187 15500 13804 23550 18655 28556 16291 2021 28600 15311 8513 23696 4230 3247 18107 19605 16701 13770 12107 30939 22509 29273 6740 18558 6265 27295 2801 17193 22747 16106 12321 12931 8499 26971 6661 16745 16089 3900 714 29940 10783 23800 5614 25 23111 25792 30843 5698 10898 13821 22856 25856 25798 4271 19947 18664 2739 10502 32636 13988 13437 7188 4304 17157 14741 30727 15291 23325 2407 26767 31778 22786 392 9434 27047 12241 11826 6950 18960 17972 29504 26721 4947 11880 26294 23741 2354 21526 8686 23495 12112 6424 9941 13920 11376 15985 13193 16956 4531 4254 2353 28152 29900 8371 27691 4718 27135 15255 27103 8810 25554 13222 6136 18933 32694 6684 10252 7119 31158 24228 12108 15310 12776 19790 7566 5495 20803 841 13648 32008 28742 8618 18987 20145 7244 3499 9298 28115 3169 2634 25467 6674 19348 9317 15999 18342 13645 15475 20255 
