13077 11526 34 14966 3783 18927 12819 17304 21132 10697 825 14651 23178 28569 25208 6600 13898 19343 9327 14346 31482 22390 10667 11722 15112 14468 26821 20889 1999 1623 26205 26241 12383 5104 16917 20223 16831 7227 23388 10489 5232 17023 30824 27496 18051 3952 23258 8049 27031 27 354 15617 26516 17101 22063 7309 25031 18480 23050 6173 2857 29251 4587 12689 21991 9596 11750 31851 7801 8974 28860 23740 23329 28766 125 26638 1663 21542 22137 28027 23955 28351 24966 7690 32339 19244 26577 2674 32557 6662 26569 24113 1650 31268 18169 27120 24683 782 8338 25621 26910 13912 11973 31502 14633 11237 28156 12052 14638 503 14486 30376 20965 30727 27682 15061 25789 28793 14274 14 22980 6583 15438 26610 10316 28899 32378 23346 2338 25466 24990 1837 17341 19500 4588 29092 13588 9312 4986 23046 16585 22303 14649 13 25507 9904 27768 29199 14747 14797 9940 22133 13923 8241 11895 6502 26261 32527 21738 27147 5305 1518 22504 8668 15519 21865 63 31724 18611 14909 22952 28576 5228 16877 32729 32491 7025 27993 30174 32576 13489 25297 31928 5578 20960 31890 1026 23704 6418 7392 24876 27151 27716 32033 13193 22988 31745 6902 12902 23829 27652 14487 6116 22611 31104 22172 28466 32677 2685 30873 15445 27893 24664 13231 30029 13156 14777 23851 3164 19390 6192 8214 4251 19480 1501 31749 21843 19493 4413 26571 29286 6449 11616 27288 12976 11484 32625 27288 21539 7715 23661 17334 25284 6885 16162 18563 20696 19366 20804 28377 31804 19710 15363 29640 9674 2431 12752 6262 31235 12131 27983 20186 13186 12743 8808 31096 7397 10761 7826 24539 12523 29388 22023 22511 28786 15973 28634 30050 11064 30788 8273 5222 29914 15849 7888 22745 19127 10659 22956 28751 23115 16071 24322 1298 27122 19785 11815 2337 19869 24842 
1055 8709 19764 16177 10548 18383 1684 27065 3019 10968 8893 31635 32186 6060 4837 5014 31080 7264 6454 27362 21041 13139 24777 25329 1566 11756 16904 2365 19186 12833 28857 2883 21402 23698 20836 29445 13393 10417 7805 19756 28045 19083 12514 3186 5176 2944 32142 18517 16387 20768 25994 13731 8039 23348 15040 5791 6798 21926 1443 27317 26380 8587 18431 15673 26179 11060 15715 18463 763 7564 92 22906 10420 19485 14697 3898 29507 11861 5227 12565 32257 24264 9991 4083 16446 2246 27012 4840 16511 24169 9482 16533 28464 2936 22331 19559 30783 22987 31489 2061 24783 8384 31050 25676 17271 22919 20013 7709 30517 9379 6318 28545 32512 22999 23185 11879 14567 17165 5786 15079 16995 24914 4757 23505 15475 20480 31139 7084 10307 20101 10975 7 19410 1927 3048 11227 32152 14563 12386 28552 25265 28469 11652 23101 19922 12115 32087 2656 23180 2641 21670 26309 20382 12460 28926 30325 8053 30575 10022 26440 27255 14073 22586 13265 26935 5552 7379 15038 9497 11535 27726 12969 15812 19241 1500 25401 20297 15513 4828 17163 24871 15459 290 2363 4396 27770 9709 32686 25717 30109 11059 29448 16131 6711 28737 4080 12861 32360 27401 2987 23248 5850 6097 32391 28322 25092 32558 1678 6426 13846 8381 12511 11894 22184 31552 23677 6865 2088 13190 30100 12073 2935 7419 28067 7278 31062 875 31706 30680 23515 15569 13229 19584 30622 23695 4089 2871 20504 13648 31968 284 25252 20433 16679 2335 32643 10976 26132 23775 1905 20033 2252 29265 26200 29198 8360 2394 24173 23159 23505 20397 25585 7303 5545 6136 4825 32450 7734 29114 13180 21643 3462 4590 31964 28943 26668 11468 20323 16343 26875 12556 12004 9855 8031 30837 23027 715 12303 26619 15818 21010 14571 21670 9968 30498 3495 23892 21386 27456 21390 
2217 26070 10050 18410 30279 23079 31267 22250 11477 16832 24478 14277 26894 32252 14733 28673 20951 24726 4523 1976 16930 4330 8381 24516 24528 8266 1487 19090 22224 7562 14071 18345 9190 24123 19527 11159 20164 25728 29996 7572 22025 22751 22004 24497 2738 12627 7571 25860 31197 5808 17692 7962 9649 14930 15875 23356 1011 18216 29996 28500 22778 15311 31003 18533 12791 8350 4013 8697 20547 2073 27641 4698 1012 18071 9310 8826 30671 26494 1240 14061 13133 9647 19943 30558 9741 28202 13138 92 24221 10237 12096 21551 23876 4493 32460 28147 9800 27655 2648 26553 30130 4019 1970 24022 28276 23198 21229 28729 23669 24635 12535 14863 995 9227 27600 32258 12205 32526 22068 25543 1244 24382 4047 29788 27454 2045 28636 23625 16825 19132 19895 20678 19171 1395 3670 26185 30989 615 9855 17353 26794 20435 12404 4514 26000 29442 492 17222 956 21405 31269 27533 10633 26776 29584 24171 18405 6808 23767 16851 3434 2359 6491 27094 1309 24078 26255 19596 26676 24046 9823 20339 13315 22386 27128 2527 31415 30874 28129 18536 8793 1924 8666 30235 252 30170 22869 26709 12687 31429 26106 15367 23864 237 23115 15144 30285 26808 23016 31951 6343 17159 15820 5997 3348 16927 17632 29813 14833 6286 10817 14019 2323 29218 21116 7280 3663 26043 15196 22708 9229 1608 31344 14094 11126 20567 8256 31045 3660 32319 17430 6722 31700 9963 8207 6633 7241 27468 8728 31555 14068 3600 24168 7878 30508 11995 15976 29925 29233 27675 4735 12208 15231 5945 12016 21204 10965 16546 17053 227 14131 4328 29313 31797 11030 19080 7566 16488 30077 7548 8241 5413 30433 19747 6076 22201 2645 18676 10622 23141 19709 5718 30273 492 9742 20103 5930 29751 5229 9829 21487 8591 19367 31942 16798 32138 10582 5789 21632 23907 
17545 24462 17708 20959 7710 14248 23346 8940 13057 15691 5048 8976 28816 31167 11172 21824 13481 725 21826 6850 1276 21223 7794 15333 26465 27837 2391 21515 2074 19194 14487 9415 1711 27499 2314 32374 28566 1078 13708 4115 441 20337 4507 21787 12272 10742 5817 28980 31039 10350 4279 22653 10596 4356 19166 18334 31040 17485 14902 17757 5828 22518 22460 1910 15085 8886 1996 20785 17202 21932 7615 26796 21989 32325 32391 2340 6124 1060 9702 11622 16743 6111 1483 28115 30972 3486 15158 21780 28348 20590 7521 7879 21242 6160 15350 24836 8180 3957 15356 17117 17331 13853 14951 31366 23300 9706 22049 25103 21263 24965 7409 13004 26913 6492 30004 25466 17953 13992 20732 10126 24924 24693 18854 16319 22207 23459 31419 14292 138 7188 19330 14011 26282 24986 16839 26805 14670 27774 12262 3261 7021 2843 6875 16647 9490 9381 29098 22735 22804 9733 16002 21209 26275 4484 18206 6645 16133 32254 2652 3545 8470 6946 13887 15778 5063 25609 18250 21746 24194 15538 7118 19507 17467 5576 19947 10985 32496 14927 11252 551 21394 472 6429 13932 31519 28594 11528 22604 19121 11345 6311 13281 10066 26566 8822 15843 31953 13733 4248 22355 6235 32600 30061 27059 28009 26899 18356 31613 11864 24721 31903 31932 24164 4577 2324 2118 10089 19703 8601 2735 17134 18047 9489 32304 32358 23476 7941 23349 31994 15354 14070 18008 103 21992 19501 18602 3089 19642 14580 28782 24780 25743 5132 7516 30773 17728 9861 7342 6856 29599 26993 19782 6629 28131 16154 29506 19752 2806 24695 5570 10493 1864 24688 12783 23154 25304 25553 31780 28092 16250 14831 31666 13661 31117 2763 21806 8033 1916 2248 291 14483 14688 15338 24227 20218 8597 1415 11584 22646 21286 20800 32083 3093 29921 26063 23979 8088 12763 2248 9338 
17874 16473 2726 20858 5921 8474 16392 22231 31508 7082 7377 17482 19301 10071 28477 5993 9422 17171 6151 29466 15550 24468 571 32471 15831 29473 10340 7583 30385 8764 7335 13721 3614 6874 29452 6416 16459 10310 31612 78 22916 22212 13195 1719 17461 18572 30304 3331 19195 5102 9558 21444 28870 23732 2404 30959 29211 10075 2990 13329 23027 15491 28122 14289 31752 7113 28199 30730 1325 5267 23457 17457 20825 7572 20045 3627 11661 14730 169 14351 26459 17331 16237 18269 32673 16023 14328 17326 31230 31521 21518 19842 19502 1612 501 10595 18907 10236 24520 15568 10161 14917 4083 20181 12453 12045 760 2932 23944 18761 7623 11366 18404 19137 1922 10437 6015 24285 6372 27228 3172 26310 10150 10117 28322 26415 29150 29662 17784 4318 17663 21074 6799 24928 22541 21973 6737 20221 16119 2174 4853 3245 14283 28055 28832 16198 17372 20263 6095 16016 25102 10509 17312 19868 19682 26918 6155 32018 24369 4858 19342 24555 24096 21689 31826 4950 29914 8482 10107 18234 23078 29769 30802 30793 26763 5723 9528 29592 6584 5656 28750 30475 16386 31738 24849 28261 11242 8570 6571 729 17012 4855 12890 17575 28564 10307 7411 26204 17343 21937 24665 10800 32744 28496 21689 27477 32479 29546 2744 9894 19005 1188 28819 818 5291 28891 31427 30716 23591 32688 18628 4420 14478 25136 15898 14651 29017 18050 18857 15061 23394 31378 14490 7129 26175 12512 24380 5092 22290 20713 29928 14369 30386 17274 31346 17469 28990 23421 25131 24179 9112 24760 5430 4412 15685 30368 9376 6873 25855 23807 28869 20314 26871 20968 18170 5472 8622 1806 19700 24115 11255 16752 21566 10822 21745 24397 12520 4114 31350 27333 21201 9050 10985 23922 19074 21040 5047 15199 2000 23970 22946 27902 6800 28155 2794 17916 31374 13971 22691 2171 
5790 17075 25202 7608 1536 25733 22430 27899 16130 22212 27768 11609 29367 14340 25613 20354 14659 9815 27903 68 25777 13610 5557 15605 13265 13072 23716 23512 31468 23129 24223 14912 17682 15542 2726 17538 3575 10132 29797 15440 14470 28769 3316 28287 9449 25155 9731 13129 16256 4764 3350 2264 3391 8253 11359 7883 19889 22994 8657 2655 3596 22422 28190 10404 3918 22095 1567 8423 32336 14028 11333 17593 1567 23594 16369 100 29638 5860 15985 10603 12693 2362 27178 27551 18659 2671 19167 5090 21738 13377 25158 25125 8535 18273 23949 19930 15155 21848 30059 28188 1371 31942 20154 31666 21113 2643 31476 14968 32092 27970 5186 11744 2035 1545 264 31771 31870 18315 29805 28178 6967 27261 18990 30993 11478 20204 14819 12645 29674 18314 25805 824 17256 8046 15998 29280 3765 24354 28951 23822 25744 22902 24032 21718 29490 17584 26326 29810 3451 24975 17315 2952 12974 20985 20142 18169 2437 24016 16325 25410 23323 1905 7404 1870 6048 28842 2330 32001 15216 9831 6810 15064 22163 27082 7936 5742 12024 6107 15366 14170 16965 3499 19352 32314 11086 7692 29547 10530 27021 32151 29819 16039 21286 6151 29090 32570 8775 998 7095 29110 11445 9663 5841 21930 7957 22662 20747 25323 3023 23049 22855 21028 3681 4358 26870 11960 10749 2947 3713 12377 16486 781 10132 6690 1538 16185 17193 16457 3352 2463 8833 4579 15189 21084 6039 933 19123 22356 15990 14824 18951 2659 10916 5375 9023 31641 26488 12082 28394 5169 22890 23519 19950 8450 25339 16119 1984 28606 12948 29737 5302 19553 19155 32362 2641 24933 16122 15649 15599 29785 30019 28371 19709 20637 12501 27350 27161 13393 34 6863 19165 22584 12360 464 1946 25873 11500 4854 29264 1513 9223 18924 12169 3202 1384 15426 6646 5565 31132 17336 
4506 22131 12588 7266 15252 12738 5225 15695 27166 19763 2712 20813 32435 28329 3680 11300 27405 27347 21127 8423 14447 20529 177 23029 26597 28077 609 12516 12428 6253 13829 15061 6971 25155 15682 671 31033 3836 6038 21526 24146 18871 6861 26081 32053 26507 21611 12846 14765 31800 6812 1786 25241 7083 16269 18166 19780 24170 19879 11981 16887 27169 16411 26597 5475 18822 28474 27049 27866 26645 25771 12401 12836 18274 17888 10861 18230 10229 5871 2825 19571 29439 11843 15292 9576 543 24225 23778 3343 27923 25123 17513 21089 26765 12389 3495 10304 24241 25075 30748 10996 27479 3406 25108 18135 9124 13616 13511 22314 285 31353 23802 29575 21117 6186 8642 13083 6580 27253 13823 16775 15564 12478 22370 26579 19273 882 25587 4171 21136 27470 18149 30622 22495 28724 3753 1011 10370 14027 22212 11200 30271 12547 25827 3578 29764 18157 32729 23792 30492 24185 19996 7109 1598 15167 13519 7898 15988 8621 1870 15708 14944 32605 1814 9694 27805 7482 21366 12352 30351 18296 3677 19712 11269 12320 4690 32632 4921 19681 18495 27343 28785 22400 20794 446 22002 26682 22087 31539 21603 14264 31381 5366 12061 3024 18472 29070 23644 1601 32268 14872 10031 14495 1306 4650 30709 20972 11174 30433 19796 13205 4919 31847 11615 10784 13014 9516 19580 18168 3729 27915 21185 25905 19361 22475 12161 8142 23359 15730 19195 20207 31991 28297 31569 32384 5475 13967 3776 1809 12619 28619 20605 6161 21962 26944 26492 31727 21239 28416 3827 23819 30113 7287 2189 2724 29295 10503 22838 31670 4477 3741 31191 18254 23598 24694 15047 8678 32244 19076 16722 22259 25173 191 29050 10015 20715 27042 8353 30433 25081 31839 32608 23174 4109 24482 5297 19740 14525 14441 20130 7661 30668 27311 8181 16736 2340 18064 27901 7591 29987 
31147 14026 25906 16580 23752 28745 28140 32048 29239 6414 21231 15624 5078 30860 13497 9985 12230 7029 199 3179 7328 5819 19058 29507 32466 5860 3530 6586 16994 20267 9239 29095 18436 17333 20549 29109 4894 31597 18597 23753 24432 1544 10922 24256 8373 24913 31200 7822 13900 11343 8005 11146 15000 12685 1065 20374 3888 9566 20569 22618 22139 9492 19081 30369 16628 27616 5888 23090 24863 6953 26623 10131 9773 8114 30378 2477 7808 24517 20959 1677 2371 8790 4307 6849 5854 155 22127 25718 15342 21327 31108 20966 13947 17001 2180 27129 14057 26104 30849 24149 9651 29563 17567 30459 12267 5471 6040 1205 423 12553 17764 929 3710 3005 10964 26678 386 5555 26507 7481 8699 29386 1633 23948 29467 12522 30973 27108 24961 22627 11973 15892 12106 28730 9125 10383 11107 22146 25643 30839 15306 19500 25949 15518 26164 32452 12656 17699 29295 12028 8809 24123 11762 21289 8416 30434 21869 31601 1016 29346 21847 18456 11033 3279 18334 19005 32317 5525 23735 11868 435 19485 29826 18509 10858 16093 22785 27849 21486 30847 8349 7044 30594 20169 12503 28699 22740 16428 27268 22330 28266 31187 17143 23819 29283 13520 15884 21994 9898 20127 24413 31837 17216 11491 31626 22388 23712 7029 30655 30404 10184 8769 7568 15282 176 26598 31294 10202 2276 21232 5687 8672 32030 27171 24556 16241 14351 15256 23549 22474 10634 15718 21584 30711 21915 1155 21021 12128 10620 6320 32123 12301 14546 18459 5390 8129 23239 28969 27399 10745 17609 7222 5182 9395 30579 26757 10534 18883 10655 11696 22390 9300 29679 22580 24212 31949 9715 15387 23434 14536 22207 24334 17402 23539 9242 7368 12373 24169 28371 8450 28959 24035 22545 31221 9983 17442 7794 26601 26287 7885 5849 25114 11105 31684 32309 9206 24892 24711 29807 1878 
16961 23256 4787 21836 3394 22611 1288 9164 5964 3165 22992 17568 19514 30945 21098 26476 27673 25381 24342 9916 17058 8160 3677 27547 18889 606 24857 4395 20989 18806 14011 5179 20356 829 16169 20649 12725 24865 30498 7885 6796 13364 10082 16968 32472 14020 23248 27310 24946 29659 30290 21546 3217 15412 30318 30724 24032 19685 671 92 26430 5340 22927 2545 5097 16145 4237 46 31924 1392 16466 14305 22312 18648 26433 6361 10163 24623 20139 1424 27932 24505 20688 588 32657 11647 24253 13115 79 18325 12689 23429 17723 27063 24 27395 28870 14444 18789 1525 4260 4643 19150 29611 31258 22052 7926 18686 8049 28408 14546 29863 2785 11566 18668 10287 6381 28399 19061 6891 5403 27046 1987 14026 25907 28752 20952 7856 21175 21815 31289 19082 3508 12124 28703 22755 5120 19412 25377 15311 1691 3688 29508 5684 8878 17036 28902 19023 17210 99 6181 16393 13958 19065 10535 12193 25887 7428 16387 13050 23337 15981 32415 10248 24804 9710 14131 6972 6021 12192 18548 5068 5940 31981 11145 16670 11297 25734 8 18059 4882 4841 15607 21235 994 3653 1782 32047 23738 17434 19061 17726 7581 32314 3945 18384 6210 20819 19480 15873 25316 12315 13622 20860 27576 7091 7844 6100 22157 20779 30025 23194 12061 26275 32642 24617 12418 17983 14998 10983 22798 9371 17121 29562 4536 16212 29153 8752 19406 14874 1256 1292 12984 19154 22846 20769 3903 3588 9103 6995 17164 29372 2840 2405 12800 9088 28212 4723 21440 7060 14246 22863 5499 8617 6762 1825 12635 6280 18978 22853 1801 24273 22332 1334 29752 25003 4691 453 17463 10808 16798 15521 30018 19186 30284 11476 17282 23709 31100 4148 25350 2817 29117 25571 13639 16543 19615 2665 3210 23391 31226 2527 25651 23151 2125 23214 10369 25760 2190 4379 
6994 5104 990 12510 9615 14667 22593 23826 698 29274 22832 9673 16780 26129 9062 26416 11059 25650 27582 20493 17003 20702 30313 21056 30661 2584 31943 32501 938 27291 32543 16629 14588 10497 144 17148 31038 32462 19075 27266 9168 3918 9645 10196 13454 6653 1071 18790 7506 17155 22963 24640 18158 17999 23173 6552 10421 7307 27020 13316 8737 1739 17925 1729 8776 30090 13915 19648 27270 2639 25927 30153 8519 28503 16321 16966 3308 1386 5507 21439 22959 23769 25409 1122 13392 16746 17043 11531 6653 3877 13300 29270 26105 11235 1094 16535 5594 2687 11951 17956 9482 26455 16539 24035 24967 17888 4709 735 14514 15029 31487 10264 6287 16949 21248 27420 7687 3150 8060 2319 29211 0 31324 25948 15375 26338 13021 27811 21279 9491 20226 1460 21906 25438 21811 15340 5373 8479 26621 2736 4147 29541 28408 14509 31226 3589 28344 7152 10002 27830 20602 28909 11508 6546 25002 17951 16607 4933 25 404 16289 22867 9631 20912 30394 7189 27556 9091 2811 2727 4604 22039 9677 16302 17929 12119 14059 1847 7365 19930 28371 13433 15696 13452 32288 22449 15723 11796 2266 32213 32159 29507 6518 17497 21968 27009 1839 13472 5732 8093 29914 3543 16781 15484 4484 11638 19858 31358 12557 30207 9867 866 14205 13684 6219 22133 28196 14790 19693 23254 29724 28406 12896 9353 23436 31803 29662 7220 833 12273 19723 27961 28638 28142 14018 23547 4929 10266 28226 9830 20013 2200 7093 2925 21004 21426 29354 16773 9994 27503 914 305 28456 9271 16131 5217 20967 15377 11218 19995 22667 20091 13562 1125 10244 7950 17512 25044 11299 13491 963 6303 19854 17679 15658 27791 8989 11363 1943 11687 19231 23922 25481 17320 29294 15536 19070 24881 13553 7336 32336 21696 2134 5506 22978 25527 9047 8764 418 12518 
26049 11052 3339 30666 21485 10007 12131 24657 18080 20189 12833 25264 15223 6591 15621 2740 1277 2376 8930 21326 29135 22188 29947 16066 19988 1369 10883 15979 1395 16924 19778 17410 24767 23318 32139 25821 4835 11970 27941 17519 10370 2381 13621 29271 1352 17668 1480 30480 12233 19130 31149 16564 28547 14384 30583 4046 18665 30928 26812 17758 4457 18141 12356 7380 587 10925 5172 1411 25233 9662 22433 30458 14106 30158 27433 28195 4571 26488 15467 17314 2644 11864 26817 3261 12910 19550 742 999 23174 10229 9361 26667 12217 25272 13043 11434 18590 27017 16955 4989 16729 19409 6832 27215 32278 10617 5373 1249 7665 13017 25458 12095 31902 912 6358 5666 13459 18917 6952 6886 2791 19865 13988 25563 1522 21015 31822 9398 5646 1195 25580 26806 9085 49 13390 18696 12780 25105 26149 30090 1588 3135 16960 27384 17933 31379 8862 1106 18011 23209 15563 15243 9187 25086 24887 3329 31577 4961 14894 29646 22540 24661 27309 19240 23995 32253 15597 13679 11462 704 7411 28479 23722 15688 2703 22609 21044 8753 5283 18972 28061 11143 24114 17828 28100 10729 8088 3067 21342 2742 32399 32217 10389 28424 1848 694 26169 27956 21016 17702 6280 19566 8997 5863 20664 25088 808 31118 1670 1018 11939 4263 20775 21986 21021 25871 26062 12960 19857 18902 12913 2679 8572 30902 16261 31887 28133 19726 5641 14399 22582 4286 30942 2765 31246 12382 23358 6856 27383 27721 12164 25207 29185 1987 23079 6834 13305 24611 22864 14602 20785 30923 17772 20616 23432 20937 9610 25309 24065 14822 8254 19810 2913 13440 15332 22553 8447 14428 4152 12693 25166 14760 13173 30423 22597 5726 12083 20893 14543 1631 19705 23470 24462 14012 20152 8728 23784 15952 3 21738 6726 31677 9187 21630 760 10698 15932 17124 8875 8342 
7269 5784 30718 7683 26308 13910 16037 12775 30769 23243 1801 2081 27536 12732 2407 22416 19381 20922 8419 21905 31510 3337 5461 9461 10213 20973 17804 30352 32525 32422 9229 23281 6200 11803 1470 23798 19398 9022 3752 20286 13546 27089 2088 21302 5671 9047 31853 12069 6572 12994 16137 23484 30585 20367 23705 7632 25108 14820 19202 14355 12788 11464 8411 29446 13671 22456 19395 32473 4387 22502 6535 21208 15820 6595 2581 2681 12484 22345 9589 13084 21222 10818 28433 5559 11609 20429 8559 26813 26177 18319 28869 12864 732 31105 11185 18770 28229 16477 17032 6070 12902 6667 24627 18030 30838 15046 23937 8016 29017 25513 1937 7699 9809 11140 10534 24232 8337 29006 23924 9072 25062 16563 27209 25012 30186 31149 7411 23200 778 22961 21386 25334 1093 16605 9455 10923 29117 6650 8674 91 19869 13120 860 7321 2268 18 26079 18314 32319 23619 12180 9436 5985 23308 5165 9152 28650 5981 6641 13138 8325 642 16940 17245 29332 5541 22423 3653 7201 24543 8421 31219 32219 22622 4602 171 30651 8207 26397 13915 29480 32407 15970 27706 30808 4037 16858 17721 17378 10208 27568 16128 12928 20341 4553 16325 8709 3131 7780 31443 20281 4844 32247 20364 19241 22140 5484 31761 11231 9759 8813 10665 7660 8641 11175 24686 15548 3188 405 22294 20056 31189 30101 7689 11486 2304 25193 3788 16956 19083 15009 17046 32442 20174 15207 11457 28860 3140 5569 472 26971 27515 27012 976 21050 28158 32086 27067 17781 5971 9029 7634 32710 20471 14192 4455 23891 14354 4661 16751 32259 13744 8214 19807 20971 20936 11215 26484 12156 17974 19197 25620 8770 3820 1388 23768 17061 32623 14303 8486 25650 25990 5812 14229 15014 32144 21606 14973 11809 6244 10468 29009 30097 17174 29585 32460 5113 18643 13997 10112 
7619 25421 26988 30335 14680 10897 9567 16085 13207 3927 2177 16662 1400 22840 14563 9439 59 5502 2162 23547 2546 4695 28638 22597 12535 3400 26651 10573 16710 11169 13862 26470 8369 4499 16541 6505 25701 22095 4909 1476 15225 31039 16827 73 1422 25880 17492 24296 3625 5088 9502 20487 4328 28712 12298 32057 12842 16053 27411 25739 23566 26536 13454 13161 18329 9945 31076 21393 27845 30797 22215 22034 32356 31002 19555 2269 8281 25452 17816 8247 13165 1573 13878 16938 26186 21002 248 15115 7651 12288 14282 1434 31941 17506 3587 5393 32691 31570 6266 19508 23662 6734 6667 28324 7830 22580 445 4817 27702 13570 19970 4994 16053 21087 5263 22258 28447 27417 20303 673 5715 30171 8089 21037 21637 18034 30041 4464 23708 31084 25169 14056 19001 2185 1815 29381 8102 27645 9020 22754 16851 22347 29892 6084 19053 13829 24120 23405 21093 4262 21538 24043 7756 6921 20894 28860 6487 15572 21657 15688 27885 7843 17833 8430 1754 30618 23785 5846 5660 31772 25805 13964 9765 10306 30232 32552 11490 16722 32290 12943 17736 24473 8 2929 13493 3640 26310 5166 8042 21817 10329 19176 19582 2732 7424 9053 7976 14152 2840 6911 29753 1477 3439 15779 17651 18258 4402 31680 9752 28048 18630 13328 13674 22402 9714 13329 23134 30965 12453 4094 12787 23396 140 24202 9988 16275 22609 16307 28183 29080 22446 15310 3690 30372 32079 15161 21615 29452 12285 4944 18579 24686 12953 7573 27731 16396 411 1015 5469 16989 20076 25955 7021 20239 23847 2967 13569 1723 4607 28421 2158 12630 17721 5494 10793 23402 13492 26049 15435 21726 31634 3283 19777 26172 20382 17075 31382 12481 28763 11231 9604 26619 31979 18230 17516 5089 18418 13971 28654 6197 26861 31958 16911 14184 11980 9593 12012 12908 24372 29074 
18884 18075 11710 12948 13196 5312 30682 9635 7688 10797 31734 12018 6346 30118 7194 17583 6099 8456 22656 3444 204 23162 11807 19667 4715 27225 18114 27928 18200 25940 21533 4948 18518 29211 30570 21347 2856 14928 17626 22011 23302 19445 4423 6646 14015 518 19987 3718 29190 8465 14158 14303 18005 14554 10843 6290 30487 21794 1539 24679 20534 18357 22579 10941 32682 32489 3713 23763 18594 1481 17895 7834 15361 10419 10099 25781 20300 7144 7631 9760 24764 28049 31494 25982 8181 31627 29346 31608 16287 1504 17308 1254 16855 3985 11765 14708 9289 18424 23001 28161 30048 8807 4278 8789 18452 15819 7916 22881 8036 24027 27739 11454 1227 21569 16084 3090 18687 22836 19449 10710 11677 11222 3644 8795 6770 30515 15746 6606 11044 32193 18482 10898 30116 28651 29434 19146 21185 14373 13945 21174 12450 11743 17363 13968 24852 24194 4350 15808 3586 18187 32654 11762 28755 15108 10247 1544 9654 14614 1959 18906 22149 1521 25369 1422 14122 16308 22810 66 28902 24330 6812 3257 10103 2997 28270 25176 32198 23346 2266 23561 28881 5823 21249 12925 32102 4128 11535 29831 9529 22392 26059 17717 29736 14980 19818 4664 19580 14419 12201 7424 12993 30932 4437 22953 8704 3682 10904 943 16988 30645 19694 16933 10604 28789 31711 16641 19177 6309 24816 7311 20006 841 29964 17727 17477 17394 15921 22067 2539 26376 16028 7813 19029 3080 30430 14928 24765 15711 25171 28158 17387 23517 26734 27521 3751 18884 18221 15927 30637 31774 1155 21684 20110 6103 16504 9277 6343 4676 1875 26628 14966 25360 2778 22688 29463 27376 10219 18390 31278 32001 5427 21590 812 23137 19972 7630 25483 4865 17688 20714 30337 267 13265 30981 10512 25718 13794 13332 7779 19959 29388 22576 16752 4864 23930 19603 25108 718 574 21679 
20021 32677 12648 30705 21566 21131 18972 26625 18421 11065 32343 21153 3114 30138 8305 3524 18297 18220 3284 24075 5373 14466 3672 2183 25220 29245 20680 12890 9489 13526 25972 4515 22329 24284 19344 15450 23070 22274 9694 11822 900 24451 27425 19169 2969 16684 10243 12532 4200 13692 14482 17757 18385 17226 24676 8456 14061 18825 19129 20698 16928 13301 21662 19776 19328 2526 19505 8347 17454 21629 22249 4984 7129 9107 31802 22333 15463 10197 15409 25725 23713 290 13768 12053 4411 3391 19617 3971 12408 19568 30387 20035 4439 18547 29198 21826 7348 27778 29794 15410 32743 1059 30912 31351 23691 20210 18678 27523 20353 6079 17713 7097 29732 4188 21580 12301 26615 30759 6309 16171 13333 15749 8263 26845 18289 1932 29733 14703 12773 26439 21300 3696 8545 5741 24006 14019 1778 16404 6245 24214 15080 17875 7545 24630 16147 8478 11816 5600 17617 15713 17892 29732 24480 29103 2932 12935 16247 16147 13366 13660 10536 3021 21003 3508 6302 27281 5700 8631 27387 19368 16194 23257 9618 3440 7360 23037 28817 26492 23391 9861 20187 18062 31706 5328 19257 17196 12441 23928 4400 8662 22607 14555 17286 10040 21308 15812 22009 8041 12404 20574 13491 14198 19692 8899 25996 13473 16866 6657 13806 12416 31884 22930 8395 24463 18680 11037 17714 30122 27358 16978 10254 14981 5483 3560 27379 1335 19462 23326 11458 1148 8298 29044 11376 946 29978 30367 14498 32538 918 13149 27359 28323 3384 32514 26694 12692 8713 31601 20936 5429 32145 32032 20901 13358 24199 15283 12305 29232 28688 26545 21321 7923 23131 14842 8991 23833 26184 24362 11911 27289 19062 17503 5575 18440 20483 8853 7513 11544 24946 7730 23878 10584 32160 28047 1476 11910 32537 21861 24160 8219 9090 31549 10467 11828 23702 30278 14517 4973 20248 11451 
20096 1409 4365 11521 8776 25797 21964 22994 25531 32091 3597 11369 3625 25543 12296 1066 2859 18029 7650 7123 20494 7101 5657 23762 10427 31140 17834 19607 29622 2154 27405 23369 12842 32659 31484 6935 15333 9985 25036 10085 30465 2445 6853 28630 19831 19777 30459 32020 11511 18869 2625 22148 31356 1805 19978 4274 5347 21561 18585 26937 2278 1249 1463 20621 29593 23278 20936 21458 31557 12236 17760 25470 1461 18365 25962 8330 7302 23990 18734 11788 17543 7098 28448 13989 2262 23056 11335 12867 2789 32508 29414 31707 5422 22096 27945 10369 24354 11418 14310 3363 10351 21274 6594 5553 7995 1536 2469 30834 22071 14692 3477 25352 3446 17276 10132 11233 3826 28688 7167 1488 25884 7010 14175 26204 8218 16145 7624 7211 27581 22262 24416 609 823 14551 29057 20088 12004 10624 32379 14167 17996 2780 16422 262 19154 10861 15985 30984 2620 26385 6098 23017 14254 31668 18763 12237 19871 28406 5856 27385 20361 992 400 25663 1063 16404 9691 5470 27213 3275 29402 10771 14107 30532 19579 8241 19677 339 30920 18048 6314 8040 3126 17245 4707 23128 3551 15504 4475 17069 20008 17392 304 3434 11484 30384 25319 1913 18621 6112 17357 6282 14906 6722 4429 3703 14694 24087 22427 25436 23783 25221 18116 2999 9987 32133 6896 3856 1605 31146 16612 27468 20234 22322 19023 6701 9075 11567 16581 581 3089 29250 3450 32638 21566 19411 4338 17646 12249 5010 5204 3868 26707 2280 24580 20089 31613 20202 25447 5982 16361 23487 22114 30962 23754 12548 13066 2400 24752 26240 9276 23119 19772 19944 3880 16733 24971 18572 28154 28272 26230 2988 9182 24856 31450 12951 22165 30917 6369 2841 23625 9687 2721 10300 5599 20407 14935 4000 11504 22081 8451 25152 16298 20339 9670 28046 3284 25570 19569 30598 
18222 10514 7770 22673 3810 10224 16724 2031 31281 2609 18323 29205 1855 8502 21372 13533 2821 8815 21748 20282 28255 26487 25964 4076 24315 3073 5894 3112 13130 8040 4166 11088 13825 31445 10455 27071 19052 17449 23101 23865 15843 20644 29565 20459 11237 32307 7794 16471 18503 22645 4232 18903 24018 8971 8165 17397 31978 16152 3393 32237 16577 4502 4442 7276 4916 25531 8937 2675 6236 15758 10882 12206 30989 1136 2213 12475 16738 578 5596 8918 11914 8084 3715 32401 17144 27497 11127 15772 32592 24421 7238 20539 31336 28332 13759 97 8363 9743 4217 16045 1261 4695 16751 19147 21245 6420 13973 19353 1304 12249 32205 18317 19428 25037 20191 10101 3714 14497 28336 13294 2038 18337 3886 18451 32698 28906 5322 29221 19445 20147 28194 21289 13112 9357 27437 21048 5856 25616 12430 10817 27485 27245 20846 29843 7859 24314 30989 31418 23130 19211 3132 17349 30209 29576 14795 30440 7707 76 7795 12361 10516 26002 12423 26164 12955 24005 15866 24091 22193 8880 14165 22454 16686 8378 27553 8139 6902 17703 31262 17993 16887 9206 15190 17806 15929 841 12339 11623 20376 26141 23039 10662 30113 28259 2246 9214 21375 6605 21591 15374 978 25617 7599 12695 6747 9397 1217 17849 31670 20440 20196 20983 16529 8164 22997 12250 10776 29785 3800 6050 6998 12828 7536 8998 17511 28977 9729 29737 26870 12241 13166 15845 31025 28853 22000 31386 15920 19072 28092 15219 7937 4371 24841 10029 15252 17950 43 30104 28138 11047 28786 2979 4663 2394 4668 27289 1127 21708 5380 12873 3315 6228 14543 25687 9008 28397 32752 1045 15670 31862 5390 11171 19009 4031 24154 16983 23337 1565 32532 12256 17251 22784 23931 29846 31383 7243 24020 24546 29531 8239 14768 17023 13350 18610 190 27836 310 28051 9827 23409 
13772 6603 28354 21995 24053 20317 8858 15398 30916 15830 21227 27824 3237 3791 6095 31589 16824 20468 23435 1711 17102 30329 10541 9828 32415 17047 18837 4061 26303 13418 1400 31327 7809 21781 19199 20861 1235 5049 25686 26713 21884 24765 7220 4986 6735 31199 28880 15510 30661 19161 17859 8523 23801 9886 5566 17147 6805 12056 21300 25432 21204 7375 14477 3046 28540 27002 10320 21502 5193 19517 26928 13031 17253 14240 25273 6998 26990 4798 5986 22779 17563 13863 13008 27963 31095 10104 30294 19082 143 24426 24874 18941 18737 29204 3069 29411 22507 29433 18003 10731 7364 1122 17071 10093 11291 1983 19464 22524 27991 29351 7188 16926 19524 1301 18025 5242 21152 14415 7432 15993 20123 30266 1687 23093 479 25176 3354 6753 14845 16967 4823 29527 27208 2582 23684 21228 29893 31517 16285 17964 25243 24186 26049 14291 25649 31958 15062 5260 19243 4813 512 28358 28344 11860 12567 11615 8548 17154 30336 4954 454 20630 23454 11615 14856 20623 1479 17697 10727 11332 30605 6133 2901 7510 26908 25895 10981 19088 20899 15094 29701 18521 15029 709 3583 4920 26426 8193 17179 7591 27188 18058 23071 620 4466 1499 18012 448 12975 12486 10643 14635 24556 11665 12253 549 30456 28156 12940 21091 23429 4685 16279 8775 29244 12189 7104 17534 15086 15093 14858 1978 28999 20067 25192 2435 27244 8659 11185 18491 28532 32511 19297 10083 9411 19689 18885 15005 24680 13826 21941 14513 5789 26368 3748 14474 19141 23563 23911 17346 2583 19332 6320 7323 28102 7776 19969 27678 17886 30781 1205 3971 12993 23860 9940 1521 14457 30516 18223 7281 6367 18904 10972 1676 30966 23664 6427 31990 9314 11140 27720 31721 6251 27818 662 18599 15817 7781 8398 11701 13548 19033 23718 32042 29714 4548 6 19367 45 12237 
25885 4101 3452 23023 27808 22521 12624 19624 31655 3121 2138 18782 29198 17062 27883 13150 9682 21764 14063 1938 19764 7640 10699 11484 28058 6438 31314 14483 28289 11119 12090 29037 23789 12803 32591 21584 26488 17114 5799 20231 28002 9963 10594 30912 20115 32668 5626 10717 5308 20738 4845 23492 1941 5050 1502 11728 89 16251 11178 4022 4444 5722 13949 23869 4393 32357 20638 6309 9500 5342 19705 7971 11319 30685 11267 29800 17086 19646 22713 464 18209 12450 22457 25437 15234 4525 13267 6827 30466 9493 19165 19672 30569 12811 26298 27573 23679 32012 22816 20211 3718 25664 10191 6637 4290 15980 32761 1638 5442 25735 12237 24464 29457 13450 7678 24384 5667 20832 6426 5119 20429 3650 453 25019 11531 6211 9258 24641 30892 7487 406 634 9632 18772 10271 6934 16921 19767 17946 27781 11251 15011 1674 5174 10122 10779 24709 9943 20561 16095 24808 28166 25689 1423 28071 26326 9432 909 17001 5316 21787 16535 26759 23432 5354 11888 10415 8055 32594 32529 30562 7971 19961 13417 4409 7208 23217 16230 13042 14273 17391 7592 19238 24165 3793 26154 19325 12101 22433 13313 31602 22625 28970 29941 12678 5675 13800 2562 29212 12092 14683 8575 29170 26664 10764 12104 7120 28552 30932 31487 6093 22848 29286 9300 19134 31824 31996 14058 28652 7215 16760 18501 2614 22293 26196 10381 1064 31732 26001 21910 32349 32645 7192 3256 4392 17231 13305 493 20631 26772 14572 18118 22308 9539 7809 31933 17860 27055 10847 642 15769 436 6015 10766 12579 1895 5247 32037 29374 8056 20891 697 22188 5731 5923 21499 5542 2749 11306 11410 8683 27826 22202 2503 5780 27034 21744 9140 28060 2841 4463 32546 8171 19535 245 28426 3918 6898 8491 5275 23874 1242 20989 21580 7911 17767 3510 27352 28075 28035 
25233 20072 24819 18975 26214 32058 21646 11480 14087 29056 10295 7193 20444 11186 15649 31684 24691 11481 24038 22197 28948 28960 21683 19378 31132 30467 24679 5790 415 4352 5900 15357 29605 31573 10683 5989 13412 19465 11889 8539 15813 24012 19856 28164 1036 21053 6235 16119 28212 11849 3091 11452 7057 4757 7103 30366 18429 20523 9181 11796 16799 14349 4773 15714 2103 1775 7974 25387 31211 22906 14211 25643 12937 1634 11346 6885 18552 14845 24470 12415 13187 15797 3694 25458 16381 11126 5179 19077 10095 4735 5617 181 30880 16715 8062 27175 16443 17134 442 1941 5549 11944 21871 22751 30123 29323 12557 31860 4135 18152 14520 15392 6604 8128 14412 7683 13475 32637 23704 15650 21347 17201 23268 19938 11804 28255 5850 24412 17051 2512 19889 15701 24312 3654 14007 13049 6566 29036 30681 20516 11973 14314 13506 26216 22890 1477 32649 9571 32263 1110 28448 29471 13620 9795 12167 23838 17307 16279 5996 13888 27310 15810 27354 30016 14500 21439 15827 32162 9080 28266 3548 30427 32514 7268 31884 27078 19192 14051 18278 1028 14505 14136 26201 1196 20991 13805 23626 20880 18813 20363 8212 8549 32318 18665 12294 10913 25243 21319 2301 22538 2653 5973 6993 11270 17738 21248 17609 10755 31349 11151 13772 30596 23634 15798 17231 25454 26708 15736 5429 7735 31027 5171 21224 19668 22751 29242 2394 22008 19140 18712 30896 13052 31998 29439 28961 21807 1075 31421 6101 14576 31357 8166 22577 27784 19990 27233 23212 10583 3046 11033 16674 31385 1238 9226 23817 3889 14577 12911 22010 5738 6279 26522 11013 25475 25408 28254 17037 4916 10197 29669 2536 15958 30489 27293 1918 29254 25939 6062 11845 31150 16107 31547 575 17037 3069 31198 22626 4613 14507 5852 24957 13391 5706 5211 9051 4381 31135 25395 11536 23284 
16071 31512 5598 24412 25761 23302 13468 29669 13040 17913 28462 15495 18368 19352 26402 1789 3800 13023 11671 12438 11397 22833 25406 18127 18089 25631 8886 10473 28928 15924 21150 18746 29946 18122 31868 14241 27066 12902 18624 28007 656 19721 4025 5071 8540 19199 28806 29871 4275 19650 15427 10172 19175 21887 29526 7197 7696 15547 17860 10990 16509 10224 32271 27355 763 17131 29591 9735 32617 9082 31102 31298 23734 32445 20943 12524 2454 15022 14342 30820 31091 22463 5646 8895 17361 20112 23344 12715 19520 12338 16849 8296 25338 30981 17266 25198 7244 11189 26882 4822 11295 10099 14551 21455 18849 8191 5336 26460 14942 6154 28889 26645 11618 27341 12947 23399 25691 24618 32218 25994 236 6850 13741 18143 22845 13643 19728 18408 3649 21522 32745 24902 3942 12699 23079 26375 27873 23285 22063 4368 14325 23413 19095 27364 6360 26615 28576 13364 26436 1720 19148 13213 12296 12375 14071 3725 16528 10539 19930 3070 24897 1223 31104 23170 2732 4555 7570 16644 23791 14956 14738 14228 29384 13087 32570 19270 27993 10845 2719 13739 2051 29583 24431 3795 18552 30131 7620 1126 20685 5651 28965 25352 6200 11052 26491 20057 1580 11953 4034 2680 13695 25791 30770 32570 6322 13319 3031 23896 4259 17471 15516 5302 7621 20916 3212 966 27868 21013 30596 5430 15359 23188 6349 7697 24238 6668 26793 27432 825 11939 2192 27854 19360 14044 30298 5641 11722 17712 3670 18763 20885 17112 16561 22955 9267 10822 28949 25777 22274 15151 16340 31627 26352 107 6876 1462 4615 1818 24655 30683 16733 15500 19521 18451 16108 21800 31376 1235 29168 11760 27628 18070 12925 17919 22037 27257 10945 30781 5275 8137 28602 17160 16718 19034 3952 7102 22907 25037 5684 21298 19194 9956 27423 31865 28917 19685 20661 21632 21576 12465 
2566 5208 19984 24175 25563 7373 15365 16505 4799 19631 18289 347 18880 12165 4573 31978 6130 18947 14670 2351 30548 15407 25261 22921 26357 599 25362 19336 32148 17886 1254 5673 20592 3983 12520 21376 29719 9293 13500 6460 2201 19015 29778 26665 20681 25537 15753 15120 27797 30360 3937 543 7960 24469 21639 20131 29920 31843 17222 14186 18592 8264 14526 27523 15118 20004 15460 17576 28109 25853 18786 12851 21872 6346 22006 6815 29187 26556 30132 13498 25285 23553 26999 10205 27193 22041 8760 2791 30808 2362 22547 9900 360 24130 28896 27955 28906 31098 10222 14215 31429 4973 4947 2413 24730 5200 9464 5788 16867 22755 1741 29691 18431 25118 516 28527 5023 1611 29093 17131 15043 14838 24925 11955 14708 28215 8300 11923 19747 11805 21652 26328 12768 7451 7372 30157 31376 12936 26006 6877 21534 29796 25583 1315 3595 26466 26554 27743 24636 20247 10460 17930 16108 21005 26504 30477 11684 7498 18176 17208 23798 32364 27101 23150 535 4870 1679 5848 3494 15368 5593 619 5800 15424 14657 12748 30087 29634 3333 25368 11692 15032 22827 22863 29918 7419 14138 21666 6465 23903 6416 4470 3130 23130 8747 32183 9315 9751 4008 18089 7234 23753 18171 22487 3396 28686 23359 11776 32496 8661 4957 20005 15866 21714 20029 23276 31822 28797 27867 30100 1913 27359 8530 8314 25901 21559 21784 5986 7791 7787 23977 4175 25644 23110 355 14789 31721 21307 15325 14580 15108 15495 3537 27329 5809 15426 18767 30749 28524 4578 10653 13087 2784 23362 3574 22410 26766 18042 6846 4026 32192 23913 16371 11192 8329 28129 529 28991 146 28477 30378 753 31351 16712 6720 28496 25453 6329 22408 22062 25531 20876 6311 30455 4590 28232 1911 5222 26479 7957 8105 29360 131 21263 32433 23749 27330 20809 16953 28904 
13672 8590 27893 25988 27670 16554 29354 15785 21593 4631 10237 30380 25313 24778 16993 22822 25189 12622 3279 31244 29915 31746 3903 4180 1585 21572 3871 31569 10426 227 3055 17387 17529 32587 12863 14473 19041 32616 20770 31237 16796 2824 16791 14516 11297 17524 5072 22759 19937 17442 17634 219 13814 15821 17574 5417 16372 22663 6417 8373 19409 8296 30880 7112 30709 12697 16542 9591 13249 27499 2958 16315 28642 22247 28897 31111 1176 19162 19912 9013 2317 25302 25680 27552 21974 14016 10046 29130 8579 22596 4037 901 11489 556 24476 8694 4985 11355 25773 23247 29461 14231 22042 6579 3665 13033 31868 21338 16118 23581 1427 3616 4125 869 28269 3065 17518 15478 5430 29483 6617 20977 10600 6483 15148 13 18609 15526 20351 31093 14655 6147 16169 29742 29430 226 30451 22335 20513 23864 1488 883 18273 11571 7477 19553 18949 3532 18331 20353 29878 25146 16715 12068 32417 20972 31013 2082 13207 4205 18136 5374 19865 12149 15459 18063 3334 22855 1669 4885 443 11422 5173 22658 2704 15370 29144 6165 12807 13571 19715 555 29091 10053 15816 27824 29377 29501 10882 16244 18544 27146 18103 21650 24221 31685 21031 15705 17260 7084 23243 18433 18989 8688 7015 11516 19470 4233 1104 11200 8508 24234 28501 5451 31910 22538 13120 23556 28841 31858 25198 28856 29115 31591 32281 32486 32538 29944 17167 5731 21259 2947 2468 14046 30151 20053 1520 4333 16134 32592 564 4812 19465 8607 2248 4725 15009 32567 27872 14697 22779 30520 11257 260 13110 9820 12385 5952 30249 7720 25942 30863 19091 22250 2428 17289 2358 21216 2865 11186 2198 17808 24153 17816 14617 19593 15646 30180 27257 4838 11304 13577 7588 1804 28190 23094 11023 23211 24730 24931 26167 16994 32714 31361 17439 7416 30797 20 273 17921 
8537 13828 8187 22899 5501 16476 9642 12982 16348 18580 9068 30860 9989 26723 5242 28495 5702 4369 3724 14425 6957 7625 3836 1096 21210 17595 16290 1857 27850 6441 23245 16823 22265 12628 17584 20460 26937 12502 21973 8420 10579 22595 24027 4828 15326 20716 24900 4396 24923 14820 12807 22383 7767 30414 12240 8090 8487 13612 6296 4125 10482 23900 22678 18579 9277 27029 6146 4511 17335 7987 30436 26507 21660 14307 20848 31663 16519 30995 15417 8893 26000 26239 23597 17727 5324 6400 27983 16184 26129 26214 31559 6075 31493 14634 28908 29125 25917 19431 7909 15292 29955 10900 16176 16099 5964 29549 6565 21180 12097 19142 18405 501 12809 7577 19732 8702 1647 2582 2733 20170 12008 22885 12120 2077 6242 15329 18356 26351 30951 19872 13104 279 19317 539 22507 25980 4297 622 28479 11787 919 28296 948 14050 9031 21082 16006 280 8654 30421 29629 11233 8977 26345 8263 23160 6550 711 30928 22703 13946 27354 6512 6125 11116 278 12519 8637 26233 5285 29913 9964 2139 2701 2717 28274 21119 31110 27913 19088 1280 8142 17621 5421 12932 28921 11317 21313 25266 32165 14571 9889 9144 13103 18417 30526 14245 28211 24224 29790 14435 16552 6730 13332 4003 1777 26869 6267 30338 17430 10994 9502 8077 1466 22455 29468 21363 29098 10289 19196 21118 28555 25343 27658 9629 26854 16538 25462 10648 20569 31607 27750 3227 26202 22751 1286 32642 16098 19863 27028 9811 6660 2386 9539 23293 6088 9528 25806 23328 23322 27594 13726 11041 1997 11101 25167 27505 14418 30910 18644 5255 15522 17356 30646 12757 22503 12023 3710 1572 22539 32600 32327 3804 21879 27397 19316 32044 7562 3143 17777 16273 20621 540 1815 31664 15278 22997 6860 12627 5969 6266 5878 16566 17590 6299 15484 32750 31374 22175 390 
32468 23694 11356 6582 5621 20614 7300 29723 29488 16948 25190 9851 23472 7277 13418 19088 11396 23996 287 20837 20644 7693 7732 18021 30695 23513 6452 5084 30434 22086 21798 18404 7830 19114 29091 15727 10029 13964 3821 11181 24531 23173 23800 866 26481 15423 3088 6195 12906 22312 25852 24652 29882 4610 16803 10875 16475 14628 19759 7213 32588 17826 29235 3457 13527 17348 14576 17126 8358 18586 16794 28066 15591 6757 690 20900 10593 4718 27079 32574 19577 21987 11143 4772 2069 25125 25752 7787 8314 21933 11710 15215 25858 32754 7861 13692 6177 27194 11448 2397 10263 32088 25807 11714 28204 30286 4714 10613 7439 25021 6869 6995 5723 19789 25535 11886 3451 16270 27696 8680 3257 466 140 14152 31897 20577 23776 12244 11038 30487 31603 7681 3221 17110 9800 22267 12446 2358 22361 22030 3395 13017 31934 7381 11803 28140 28460 8174 28682 22652 27480 25398 8260 4152 4155 4260 29797 31588 24050 21662 22060 25173 4399 31652 25880 3889 970 25286 16497 19266 10293 3929 674 19881 24414 22068 2448 21278 2293 21075 13179 24105 31107 24276 32270 32656 28321 10134 25860 8048 28380 32661 27874 28319 24785 10628 5532 14995 7437 23239 14388 14506 12582 9749 7641 8154 6606 29463 11028 23331 31260 2005 7847 19521 27221 21214 9688 13010 18089 21036 23974 24519 31089 26651 28527 14586 3471 4702 24845 28671 20952 7952 19545 10287 17351 10810 9344 21730 11388 10 18894 19772 14634 19668 1833 2247 16304 21034 20987 31882 14105 14699 7404 25702 18023 29426 10567 17318 30673 18869 9117 27341 900 21623 26734 12341 18365 3221 16231 186 13597 13384 5948 1303 27256 15342 16334 11234 522 24489 9936 18047 5526 19441 30936 671 26527 18305 12617 31434 21165 20638 10679 31172 2882 22707 11762 29999 5434 17089 
6268 30294 14660 354 765 20952 26227 19843 12573 30933 27327 4537 317 25678 18755 11067 2921 29120 9304 8660 21677 27270 29583 31887 27743 1231 9350 15233 8065 18690 8065 8833 9278 13747 5307 544 18630 6251 939 7675 22075 3844 29215 2125 16970 15594 25444 30615 2320 12895 30438 6628 3354 3573 22195 11580 15891 16928 19020 28954 30069 14255 5359 9466 30173 18690 24291 31865 16027 30548 11524 8233 7323 24001 13926 9605 58 9565 21358 409 25395 1677 24272 23936 22609 8143 7966 13399 22785 27762 22436 9159 4813 6674 11890 5718 13290 15797 15205 30227 3168 1979 14917 12119 29484 10542 26566 17585 19752 16989 21222 5429 16473 10672 18809 11003 4901 30721 13445 23842 19485 23688 505 25275 28507 19944 15268 12836 9418 16000 20312 23431 21784 23620 29590 9915 9987 22015 9464 14957 11766 31264 29563 6420 13334 296 10205 15957 18384 32627 14475 7508 16127 2467 9703 17462 12378 28055 11826 7544 25476 240 1198 3995 24545 18653 4843 32714 18148 30410 13332 30205 20005 14618 12723 1968 15422 28962 10653 5076 6683 21331 7549 11594 23102 3306 21987 25699 24246 22845 14272 6958 17896 7680 17888 18760 24926 23750 22515 25384 28735 31727 27957 11684 12660 5607 30052 32157 16264 9269 11936 11804 9500 31018 22643 21008 7735 19416 5812 12485 28303 19134 15799 15750 13741 22239 2232 2901 5394 13359 6717 1877 32128 15895 14643 14049 8524 23382 25257 27307 24881 30671 9127 3085 30189 7339 8818 13231 604 30409 25655 26066 18523 26914 17593 22624 23081 1578 7345 11712 7363 14946 28601 9468 20268 14854 22943 12962 23626 19514 28174 14075 24182 17226 10540 16214 15341 12560 4580 850 28122 15192 682 8202 5163 26096 21649 3168 11937 5921 13052 22886 26007 29881 20214 15990 22698 20504 1672 13665 
27178 5574 13915 11903 28551 2150 4821 20181 3314 17523 16840 27877 15660 20645 6604 29528 7886 31999 19126 2849 32226 31296 28328 16678 11113 30967 15572 24230 847 2756 17338 5592 5560 30820 9441 22085 11303 15448 24910 18210 30434 5907 6155 29844 1806 30356 20713 2149 301 2386 22337 22913 28868 30936 25262 30755 26359 26085 24154 30121 6070 17656 542 12233 31220 15220 20793 32488 324 892 15384 30507 25150 27697 32000 4525 12636 23482 19871 10685 28154 1301 11142 1251 18100 28488 8567 29457 14895 10098 30322 17902 14977 3715 23443 13226 15864 28926 2013 14554 23426 12976 10303 3504 18750 25328 13798 11841 2308 8895 9709 27676 13875 28225 8745 8220 11923 7140 31735 8201 11481 22542 21082 25121 30558 5869 10561 21963 6445 31886 10420 12856 22576 8949 8593 11761 14814 27213 27100 615 31737 28909 13223 908 20002 22577 31344 7687 29448 21837 18102 17412 10385 26306 26046 180 32686 10128 3132 31646 24714 14878 11948 4904 10431 5198 13979 22304 30238 25506 24903 22092 12586 20802 5537 21988 7527 16289 8565 15240 4293 22104 7342 15885 2528 19156 14859 11733 10969 1133 18125 27770 9597 25958 18507 4154 8831 25665 17838 10550 16139 6361 28764 4634 10764 23560 23257 6990 7078 1254 1686 32483 25579 24116 21923 3478 23974 4556 15275 17970 2555 26797 190 10046 15850 16357 20689 22846 6581 6011 22084 10045 19828 3629 23284 31236 4718 31846 27964 23913 32687 6583 29011 12960 2332 28582 1949 26408 3144 27907 29777 12165 26334 32022 11493 31843 19155 11375 5829 15410 24452 18906 18185 2111 8746 8624 18720 31022 19058 29427 20935 8082 30173 21451 30281 25612 5453 11565 20060 31163 4909 23911 22716 17366 11267 8892 5876 937 18534 29340 31755 23536 32248 9046 4997 1105 14711 18127 14665 27597 
32522 16486 1523 32647 1558 26501 13196 25220 19019 3259 32045 6591 10198 31344 27995 20283 3240 31997 27675 30792 27733 23572 23490 30971 5276 13510 2574 15245 15660 14786 15675 22895 21352 16301 7766 7943 17514 21877 4996 12950 22993 25511 8597 9739 27661 4245 12585 25232 1592 16502 4340 13184 2207 32335 12877 2864 4767 10556 24626 8697 403 7984 31153 29532 15410 22248 9232 8885 22050 10062 21740 13397 3423 14467 31773 23246 6530 7277 2622 30127 22800 10249 30479 31221 19854 22467 7493 17178 6764 8171 27100 16967 17901 32417 20784 19960 22931 10354 20169 30088 4368 17619 6551 3663 7734 22845 8425 21553 1479 28400 17566 30909 9626 22477 9713 19811 19458 2631 19147 23797 21137 26463 25007 19697 258 8969 16721 11592 3909 26615 4846 27111 4252 16166 3615 3594 15111 29744 30276 29062 32458 12208 16165 29447 10951 11305 15734 15241 24930 25902 2090 32636 2522 23687 27295 22833 10672 3695 18763 4688 767 198 27555 31026 11049 11786 19105 4779 4836 15056 9425 30644 2120 16715 7124 9843 2073 19176 22309 11228 6424 2772 23275 29541 8798 5185 2635 8046 6489 19332 20057 3205 25627 16010 28968 27571 12476 31331 28076 3230 19098 10721 13578 340 28851 27353 20599 18713 30534 21610 10438 16853 5477 23528 2865 2119 4750 20694 10565 16372 29718 8010 25239 20761 8930 12732 5712 7832 17996 30301 5173 14505 18664 11155 7288 25545 6610 46 23307 9650 21340 1697 8569 13027 15397 22203 5245 9695 22009 20538 10393 26774 27061 8046 21585 19016 2052 27312 14315 23534 18009 14121 1392 9807 16241 21288 17410 13808 18047 25953 9870 14930 13655 2786 12384 28208 10431 25346 4442 19559 20462 13410 10501 7849 16386 21474 5626 21781 2418 4511 5471 10461 769 722 21093 30878 18002 24382 7698 4074 
13074 15098 15059 4939 28033 29417 14880 22379 22161 27564 13439 17703 21232 28449 16856 15856 11845 7647 6179 23140 26338 30746 24528 22651 8314 25536 9731 32381 5857 28397 19158 28203 19892 6896 28454 23134 25995 28479 25138 5535 17537 10456 2067 29067 6670 8023 29346 9353 3834 4072 4940 18500 30899 2766 19680 32147 4951 31098 13967 27358 20928 32178 22798 2085 12855 22755 653 30311 16119 4320 19998 28366 13476 16358 29175 19319 5005 18007 32287 23283 4577 22591 15558 19935 17521 624 21708 3654 29942 23010 24557 15259 17717 15131 19589 3641 4555 292 22153 3787 25552 634 5611 26654 9680 3269 26447 14227 21592 28327 8994 12521 10520 15064 9214 21662 27941 115 10859 14916 10107 26218 957 29027 27276 22344 6213 1959 4183 19720 3501 28460 24871 21279 5174 19345 20030 24223 11534 19624 11643 25393 29192 12644 27810 6200 1932 2860 10576 27079 31900 21359 23249 31542 29352 16955 8982 26976 13777 1285 21523 31213 1144 12430 8082 17340 8635 16433 28649 7751 12094 17084 2666 28949 28074 5248 13038 6688 14092 22339 2839 27522 17165 29997 32280 9341 1773 26178 24889 29008 28729 27409 5343 32631 492 22732 1262 28760 14306 261 24318 7752 24234 2270 339 21953 29895 5942 31891 31897 14622 19437 12747 21820 10453 32502 27570 27974 9272 13357 3981 27173 3917 11924 2283 12511 17348 19931 26216 5677 9480 1093 31659 21955 7844 11900 9895 9795 16578 28356 3780 28638 28422 4364 20972 21620 4056 1853 25485 26436 5141 19273 31633 18355 20347 6239 26201 31153 4575 14898 28545 2508 3972 7679 19331 25286 32420 10526 19254 25569 27650 26893 21103 474 4740 11938 8608 5350 25513 26007 30196 12419 26961 13919 25704 12761 15166 1099 1098 8558 9746 19395 31617 24477 17218 15457 26055 28564 13023 3182 
7949 18507 20980 11023 25832 27572 11554 15117 15044 15034 24990 3867 17016 11788 22231 6922 30469 29803 4633 10341 25409 6389 15398 28018 10472 6575 19690 8313 23703 27720 16184 1561 6466 4086 23286 11554 25198 14978 2937 26822 6678 2091 8621 18506 28153 5548 12025 13210 19330 12467 29519 3184 32762 26363 14997 23228 22747 6206 29176 31749 1650 5772 6209 12701 28331 30619 2733 15216 11028 27124 28846 1678 29379 16323 20559 32274 32620 2562 5752 31644 18850 19137 31029 24561 24935 10710 28393 31229 17232 13119 1488 6571 176 12638 2346 1440 24023 3749 29706 27313 23427 2074 252 11600 4676 11302 10947 6423 16559 23067 2786 476 24554 11047 11687 28587 11329 17395 19702 7022 17587 1884 13657 30498 2996 20207 23986 26388 10168 1319 28105 9588 13856 3191 24292 27344 10281 17012 12931 13845 1411 18207 16640 20411 31498 15573 26825 20328 24519 12903 2834 26978 3166 31563 4781 26693 27901 919 3536 29095 30338 2260 14604 24164 1720 32035 14504 20577 5032 21905 23442 11191 8330 29216 3550 25677 3806 3557 12924 2749 20288 31081 21284 26120 13501 8803 26382 13135 31842 19557 10612 30177 9626 24929 9268 20866 1169 4524 9110 11483 23141 3461 7633 23236 22289 9512 18846 23220 16587 2129 11946 29727 10650 26970 24312 27414 9756 20310 20423 32468 10561 19373 8598 10850 4705 25579 459 21582 23704 5831 32344 32614 19631 24297 8106 31257 4988 16375 19553 27040 12429 1967 11874 23393 24927 28520 28779 24312 4357 11142 4709 27135 15577 25211 27886 24082 24981 18670 28820 5894 1648 13850 11491 8374 26848 25476 32701 25959 20511 3998 20838 8230 31363 29065 5421 25501 10481 27470 31257 16356 23561 18740 27781 15814 29042 7136 10081 26060 25335 7827 19822 21469 14280 27303 24984 14954 10201 9669 17738 18126 
26522 870 14748 15536 29422 1384 3699 21063 30666 30635 14111 18911 1100 20146 29551 29986 15424 12546 385 2885 11583 9660 28649 6924 23671 7637 31636 7967 2185 9999 24727 25854 24676 16956 32186 2068 21583 6407 11242 30529 13004 22347 512 14379 15679 8491 1057 9733 4006 26326 15521 16553 7799 19455 6474 1809 11629 8155 10999 31355 17006 24462 4721 21106 27954 29597 18679 2565 26679 2208 28521 14915 20849 12065 19186 4038 10148 18148 3621 19971 6505 23349 30488 12582 3647 31350 16029 28250 15418 13648 27144 9226 9514 12370 23126 6181 11257 15817 1401 26406 2422 666 27584 5505 25776 11069 25152 25442 6765 23829 6851 19680 8004 4520 27411 23055 23848 9666 7004 30083 32541 21829 29062 10067 3031 14311 7418 31032 20005 12576 30843 27752 15173 28765 10984 27913 14319 28738 29609 17877 15959 23211 17665 9029 515 19953 6531 29569 24552 5539 2401 30613 27416 3540 30464 8835 22300 6706 12170 2794 17160 16238 25242 24539 27996 26102 29871 14706 4938 14105 2751 23070 14437 14161 27853 145 4799 12161 8869 5322 5257 27147 19706 25233 19360 19888 25598 21399 21403 6958 13365 8902 19132 1980 31661 11541 13898 14761 8154 24976 28266 4945 6917 17144 28345 20019 29908 23214 22363 9462 6639 2789 1372 17695 11247 32670 15488 31386 6696 3489 11215 13407 9679 3676 6249 29121 27399 5106 910 7638 5022 22581 20533 1171 14995 17980 23476 28620 14282 14409 22973 31237 6924 27290 27516 6867 19031 20694 16610 28201 21425 7511 6936 18786 30273 22926 28895 3729 527 19774 23063 28963 6078 30696 15556 8893 18968 31954 9944 118 9974 25070 4580 22728 2300 14813 15104 8469 13123 13322 18619 5552 21663 21549 29204 16446 9278 15145 28542 16519 11719 31648 14275 2262 18951 29394 13183 384 12611 14176 
16912 28169 10837 16513 20577 18700 8987 31067 20059 31598 10573 8472 23567 17472 31540 30124 27190 10420 31333 5645 22869 14370 29964 18348 13725 25562 12055 17862 30001 11989 21357 15575 25192 7346 24239 6281 30141 16574 3980 15646 15344 23263 26725 19285 10222 11665 19481 59 17639 27579 13622 2051 11311 23418 8942 25317 30407 20886 3060 7141 7726 19837 27425 10921 19130 6825 22183 17242 31887 2002 4776 11029 24412 787 26032 19683 17587 7677 19063 30474 21261 12556 28039 26320 14041 13297 9008 564 6316 17551 9920 27016 13953 20183 21649 13063 9747 22963 11629 20352 32023 26534 24281 19552 32463 689 8645 25553 15841 7677 24758 22342 28694 27159 25786 20091 14452 28224 16023 9126 5 22024 5633 10805 22593 7581 28099 9339 30305 19332 7308 14181 21093 22658 17459 30355 8328 31867 3425 4250 23444 13305 16886 30382 2088 15832 9035 3469 16937 31983 29746 11882 18730 16654 1175 14953 25960 5778 30819 16588 32572 21451 6017 2202 17225 4270 12834 20379 21295 9625 24968 19196 4373 13492 3038 18064 25904 27169 14888 29632 18952 11969 16923 24722 6114 31898 21538 7581 5150 44 3833 26802 16997 14781 4321 2856 9836 7844 32016 18724 14801 2964 27227 569 12541 16585 31659 28909 23448 3043 28458 28955 18228 2182 3391 23764 12444 28390 24337 9099 9225 16272 18880 18396 6363 16810 10515 16100 4042 28806 27377 24736 27128 745 9942 10299 26889 3579 1618 6685 10918 18236 4926 2260 2358 25116 14623 16883 29711 30665 15902 20315 5843 7203 30874 20808 12372 28226 18181 1314 14694 21794 9691 28619 11568 13323 2998 18462 10158 9762 29145 15291 20009 14783 13125 22289 8641 22952 20585 29902 6637 10291 26565 4424 4784 25240 15966 17058 8300 14313 12059 18780 594 8565 17599 23787 25143 6255 11107 31367 
28839 31867 19542 18467 23707 22552 32476 11181 9801 5936 922 25891 25730 31115 28833 3654 9742 23848 29317 23455 23678 17241 16346 394 30189 3496 5585 4728 2551 20091 6493 31411 3034 14229 7812 20584 13884 29446 21631 23519 31577 4007 11301 21005 17204 14265 8012 313 23502 13558 7945 3327 13758 3408 1096 27909 3497 23479 26680 3511 12549 24342 20586 26250 11304 23326 16445 1693 13263 26691 17857 2471 16687 19874 31530 1322 6627 17247 26623 18008 1852 15959 16447 32715 29429 20588 27683 4307 8565 3245 21843 14989 6306 24953 28507 8832 24442 12228 17723 12168 4678 25824 13731 28330 22110 23145 6029 9797 9356 25040 13072 19763 13494 22752 1820 18115 28594 8016 3431 3496 10090 18234 22819 24823 3585 26963 525 21798 23490 21862 6107 17453 13634 15267 30622 32027 25739 26604 21862 6647 30746 19385 5788 25017 12606 10270 4478 30696 7059 27650 8924 9129 17429 28735 19410 18997 20891 27612 19299 7514 1769 20498 13348 28106 11684 29086 8950 31050 14515 10482 9370 10650 3402 15192 29754 16513 25764 3839 22675 2320 15490 12072 1652 16331 30025 9289 11932 2352 5848 10416 4332 20000 1142 7377 5717 22274 3923 7171 13777 5392 28001 29794 5594 426 15890 1242 24522 3952 15773 30075 17324 12227 31086 22245 18433 28992 32567 4885 29331 27755 13764 22300 3940 7077 13469 2523 29566 3952 19811 32113 27406 5665 16359 3101 8715 18870 14675 4170 2729 9522 19461 4719 17839 4189 26308 163 22975 11583 17783 2718 6407 12926 5372 13273 849 3992 18576 613 2487 29752 24966 20313 4220 17240 9922 12240 18365 17823 11564 11330 18537 19973 3057 27357 15981 27613 28999 11550 10050 27109 12954 3933 26569 13144 1983 28150 6030 28154 24836 12435 6211 24258 3099 27672 2673 17808 14060 6585 26000 30355 
10777 11020 4814 23292 26222 7558 24061 22543 9799 21272 17897 23771 14140 11770 14140 31515 12702 17708 13121 11644 5933 13251 9635 22828 2013 26815 15893 32469 1747 22101 29747 16006 12639 13429 16246 30846 15148 16227 29880 14851 7906 7290 28895 23961 2978 25386 27018 5417 23341 29936 22347 4741 32589 15402 4425 1598 15811 17002 31137 32205 13182 18091 30980 21927 19621 28492 25891 17710 7957 28902 14041 1723 24676 7907 8126 598 16265 17918 20336 2945 23598 18177 29205 2734 457 32459 15962 28257 30952 2282 24573 25339 20767 17874 9881 1042 31971 7653 25357 11181 28067 20419 24492 24547 21029 17368 21364 31833 18460 5693 22581 31363 25456 10376 30472 26032 20939 5103 5576 28743 4518 28284 13300 19318 20969 8573 10003 12130 14487 2946 25300 28493 27647 3592 29874 7044 5995 25159 14063 9391 12049 13868 16373 16986 32073 23100 15995 7187 23010 13921 6351 12497 5716 8517 1407 4473 30777 21871 1683 10515 132 21237 1080 26695 21049 17600 1943 10163 30393 16104 29215 4083 14766 15079 1552 21595 14005 30587 25353 25035 5124 4911 24072 21793 19098 14388 32537 12612 8274 17986 20073 14526 16873 12569 25651 5744 32150 30416 11396 15789 5149 30630 18369 22261 18502 13123 827 7729 1821 786 10248 24493 23126 20467 29025 17620 17548 13942 9206 13574 22023 27074 27655 18769 2636 31629 15789 14394 14652 9429 9415 7124 31512 920 17787 340 31114 3271 15436 32602 10241 28687 9168 30232 26503 28479 26274 799 27995 26108 27650 18862 26466 2869 24761 24530 20822 401 26057 17452 13839 32053 27542 24070 1645 21543 17576 7469 3419 2712 20181 11255 20311 6879 32036 9047 17025 32244 26594 2514 18975 5906 775 17188 7497 15839 11589 28798 26869 25372 7973 14884 30867 8030 20310 28427 18297 7764 29860 18895 
13234 3504 1568 4652 15524 11281 3925 7814 19282 14065 5537 16188 5262 10350 16128 10124 18909 25220 11799 27953 20736 16889 4182 9340 1018 32116 18317 15118 2476 29794 10766 25222 9024 504 7300 15255 15253 17802 31355 29344 6229 23816 12883 8116 8885 2999 5925 10200 11337 11902 9881 29377 4738 5218 17071 25886 10416 16903 6567 12330 26283 26358 5244 20434 6101 14093 12538 15430 23771 26291 15868 11850 6087 2954 30780 21481 24769 19947 21934 27750 27569 9127 13608 12493 29479 10027 9070 24379 7236 6047 11386 24394 4042 6815 2638 28875 27106 6100 31522 5747 29926 30762 21759 18152 10928 26689 9222 13384 1840 1245 3626 14753 5865 4793 8369 25339 31755 9934 22540 21621 16634 30533 3046 8507 16697 1273 22267 31014 20016 2811 22614 10130 28894 14657 22783 11832 5859 31111 2261 8622 30473 19466 11008 16316 26503 1940 31032 18149 12147 27206 16444 5174 8380 15647 15438 10899 1526 31584 9703 9408 14122 16999 10738 29939 6028 20497 30832 25938 24628 27542 6034 3746 11732 31514 26589 19686 11897 30833 12129 2562 13586 26432 28863 24203 9068 31525 32078 26173 18573 18961 23252 22940 20562 3635 2452 20149 16095 15734 7699 3781 27936 31687 8310 1696 18723 22257 27256 22823 7733 19619 9249 6846 1834 9282 24100 7000 16996 12543 29359 30945 5956 4479 14681 21548 20722 5141 31974 8755 19571 24968 6425 21671 515 12071 6504 4988 8702 28956 18115 20801 2140 25954 12281 32736 11843 17204 9246 23845 13239 11387 1824 12500 7353 17015 10980 25632 1705 30713 20777 24872 17038 21377 21148 31752 18821 15941 18045 18411 14096 12294 6534 4539 25652 1907 25647 6664 15966 14606 155 2010 23397 17442 24649 3165 27172 32709 30674 12839 27775 24307 5011 25589 14008 8014 968 14174 5044 29926 17948 2428 
19170 16271 13663 20126 11617 5081 30138 1684 7783 13069 1397 7589 27693 16126 14018 28028 6412 15542 13376 4458 24171 24270 24390 29347 20874 24416 5192 20513 324 18634 12222 21351 30281 27975 27940 4106 19273 27702 13443 13564 21937 11493 19754 5873 5875 14797 1338 1484 30634 26032 30576 19030 16715 19572 11173 28354 27673 11833 16028 2733 23394 27085 15661 31890 26422 16689 10525 16304 23457 13545 20581 23820 31242 14316 4323 28503 29791 25106 6630 24517 9391 16585 20506 6759 2090 29295 12774 10973 23484 23213 16355 8651 11200 18192 26775 6355 9635 18839 27209 5444 15493 27483 11203 1877 10820 7844 118 30747 1244 25759 1747 24311 32118 15507 11051 31961 17539 30190 28612 3586 9701 15592 14905 18342 22774 23271 23706 25568 30319 19463 16304 32143 29897 30573 30804 20451 12945 12238 32184 2859 19788 1051 4287 28936 19868 4039 12193 8151 16204 26824 16144 2801 16707 20465 30985 2709 1119 20015 16933 7328 11073 24251 25316 22934 25369 21458 26819 29273 29924 3542 5029 5118 6055 16826 18792 3971 20155 16942 29818 12274 26000 7328 10728 5289 8334 6743 6744 24750 22680 23913 16121 4186 9213 13017 1437 13526 8279 9719 24569 10560 20888 11112 28613 24151 9752 7895 21915 31674 15106 514 636 31942 14245 6726 8391 32699 28317 27397 22615 4008 20719 139 19896 10374 22211 17988 11696 6192 5587 17217 26375 28658 11904 2601 31541 16732 26974 31103 32517 29059 22152 32205 4283 3898 17559 9044 24876 30213 16449 27272 2261 1606 31030 24714 10906 1390 16436 13742 17928 14580 12193 681 27903 6892 19302 13964 26134 14986 11211 32081 17262 12274 30263 16090 3647 24861 2951 20850 9937 30867 8364 13029 30033 15720 20934 12139 9064 18153 22982 29190 5609 27305 30358 24610 4747 8529 20602 31475 32292 21223 
9842 25017 28109 30190 18470 21193 24686 32548 12465 18388 12743 13560 20263 8588 24538 15228 24774 4422 8289 29843 13786 25714 9339 14760 9706 10412 5683 16123 31593 20810 17619 27818 26960 18218 3109 23256 9667 22660 8729 2184 11402 11311 22140 23958 1820 32315 9788 2030 15107 21936 15523 13850 14697 23790 16479 17001 26887 24459 17339 14040 6275 32473 12723 15696 11459 28730 5820 16476 3375 5216 6781 4813 10399 16342 30097 25971 23833 28758 31827 23959 5102 19380 21860 8822 26966 27575 20325 3891 13507 12106 22061 23431 8630 31101 19354 17637 10351 22160 29094 12290 4013 21347 16594 25280 10894 12948 5512 6045 17699 20623 548 10605 20424 25515 18815 28393 5668 32488 23339 31403 7130 22864 866 26587 7091 3472 30854 27399 2953 29512 5765 17065 8067 31025 19368 22816 25393 1734 13595 18169 26327 3111 281 28898 13523 31067 28219 9991 19592 23944 8821 23734 30058 3579 18763 26635 27544 10391 4688 24749 12978 20558 20416 10733 14565 5093 12034 16328 26906 27693 13785 25729 2829 13814 14686 29429 18654 7480 3132 13498 19911 10232 12095 22428 6917 13956 23386 21626 31839 13317 11465 10077 13065 26969 6718 5695 11627 4005 19585 22432 14176 4964 8208 14614 31731 19419 1329 12150 13843 28765 17925 25188 18627 10272 11862 2888 25285 23449 10729 18958 31037 20737 436 2313 31760 17407 4298 12877 9171 11360 14680 23312 8936 21219 29946 20813 4037 28063 12648 8494 26650 11219 30032 29583 22360 24176 25211 13371 7780 363 18873 27037 20840 28704 21738 3464 357 29528 8699 7252 8504 27416 23709 31314 12616 7304 12504 25183 4793 7516 24740 3206 10852 8696 15642 17163 31659 15977 23025 16146 17060 27118 206 6550 17367 21076 26786 2232 1122 22626 4151 4819 22234 5135 26051 23374 28097 28223 26001 3088 
25484 11681 32492 23706 10470 11548 31354 19967 27555 17845 30776 23068 13880 3764 26842 14435 15373 30113 24117 23213 9016 4734 432 22541 19402 28682 31028 9946 1769 2563 15773 15261 27938 3964 31174 12837 14087 14535 27462 22821 14210 21637 24811 14054 574 16793 11009 6863 5712 9748 14420 2128 528 652 19608 29075 8173 13983 8138 5433 18634 17034 8522 6524 6709 25148 14222 4045 1452 9169 26984 16772 5700 10536 10849 18952 27231 10580 3724 25011 19224 24174 7060 26625 11544 21493 3372 21754 22862 29019 28119 3099 30750 18325 28285 5053 6461 30246 13366 6625 18009 7256 3599 7495 13002 3845 22856 20174 21079 17000 28199 1989 9643 11594 5848 16237 30532 12338 23834 25194 23857 17547 14970 7815 438 25589 21039 10401 31292 6955 23487 22247 29462 14952 24063 31925 17749 785 3097 18581 21963 11562 5372 21749 23817 21909 11242 9933 17851 1828 8333 11293 29833 10290 28288 12891 12189 10626 32117 8087 9546 4151 12516 14406 9113 19983 4310 28418 11129 21844 30789 31731 12905 21729 6799 26620 25560 22449 16304 4987 14997 22839 16406 5908 7106 15202 12148 26682 31536 20565 20565 21382 29617 16400 4101 9242 27487 8538 23504 17188 27694 17697 11495 4456 7435 1846 13957 29474 21311 10748 22675 26020 13241 5463 21462 21215 11021 32698 17710 17372 1576 30079 14475 30124 9915 32505 9592 11787 409 12933 22429 6679 21857 14839 32303 29776 20856 31851 17813 24271 28256 1894 17955 6443 4987 27809 22866 20511 18135 17258 15033 15602 2834 16239 27168 9473 6544 17631 26220 1876 31526 9281 23411 17098 17683 788 10106 13394 18258 27344 1589 5818 11238 4097 26788 31730 10553 28822 5698 28165 31438 31442 15385 1862 338 6663 8403 4691 25960 11184 15793 10113 23644 7712 7443 22103 8094 4250 31233 23753 
6543 22599 32272 6431 32191 28336 20166 7645 18692 30685 11500 22810 5833 16277 17867 15717 29740 5653 16087 12128 6608 3852 11395 3382 23106 7620 27767 21976 25846 9215 26279 28791 1724 14328 23110 13171 28119 23011 23176 30063 24982 31477 15730 27893 24835 11361 12403 20877 14689 4064 30659 20050 11621 6369 13717 19772 552 4021 31813 31631 8905 25079 16018 17558 12462 24270 4397 8076 10170 21328 27144 16738 5425 2118 13047 24623 21363 10431 31556 31139 8201 23148 13892 4417 401 13143 20297 23489 11152 157 16879 20575 8632 3806 31897 9154 16138 30883 29576 14292 12695 29601 8494 16492 224 21904 6742 1486 16034 22732 31297 5297 2973 30241 1139 19349 956 26138 22279 16883 20758 17137 25245 19276 32154 16341 27249 29796 5714 32294 3343 26 23814 32170 12933 32437 18265 4429 27576 13643 20446 11910 11306 7417 28399 2243 31049 15073 18568 30062 27245 32327 16324 10371 29860 30522 12337 20048 13527 16945 16349 17627 28847 12402 3949 10881 12453 23786 19896 220 3887 23390 25630 7651 29032 11412 13770 26774 1519 13971 3351 31167 18472 12320 7700 10124 6586 24981 14185 4551 24208 1667 20414 2741 5115 39 10113 31784 13060 22091 15676 4100 8639 20818 29117 4802 22137 27828 14279 8545 16053 21507 28973 15613 2804 1609 17724 14729 19623 30615 30528 31707 28883 1584 941 4844 25141 18888 282 15864 810 27514 19753 22222 8706 26113 10099 10018 23179 4185 10168 24021 2863 7680 24963 4731 29246 17947 32140 27728 10552 16384 18040 13764 18322 17601 32004 23478 25327 18146 32491 20915 25931 17907 30667 20431 171 10716 3243 25287 3048 32217 29811 3017 25276 11836 30918 9390 28543 1309 23001 22718 27270 26339 26689 16430 27269 453 26167 7949 14820 25172 4177 24635 15933 19816 510 27747 6773 3936 
7858 32128 10648 1039 8255 25474 1691 4395 32605 18768 12184 8727 4009 32503 23796 11916 25526 9062 15129 25452 2479 23450 5702 27515 24706 25648 22920 4475 10170 2924 22337 28156 20917 23623 23979 634 4873 809 5539 17362 7624 31231 23943 3375 27807 3270 4590 11409 23503 30140 20448 19813 28084 22815 2255 3905 28898 13897 2014 25211 23048 13768 13642 12946 32707 7291 32487 21025 29281 8516 30368 15336 7835 30084 10716 22705 24386 29973 12910 9129 13966 27641 15453 30216 3067 5636 21141 31854 11010 23389 12241 6048 16662 32263 20139 30487 21565 826 16268 16918 30492 26801 28374 16665 760 8825 31691 13059 26358 19601 11227 30224 11164 11928 8877 22677 27479 17709 4425 25892 8532 6969 32039 14281 29158 18807 16326 4525 7710 28605 28860 16482 10961 11645 9080 9211 10584 11379 2623 3024 7793 18338 15115 22893 24988 19464 9538 24467 31653 9807 20017 15365 4483 28606 25633 7466 17043 20864 14442 26189 32072 5530 7278 18975 32000 12954 14512 22675 14761 23030 29448 32255 1869 3554 6075 30128 32682 22503 21677 22233 25287 4086 10723 9867 17970 13785 828 26895 8616 3902 21186 29385 2076 28032 2402 31133 19836 28567 32516 4803 7658 11542 1931 13497 16899 27247 16520 31203 19267 14504 4478 9225 3454 2636 2895 3710 2124 1025 19162 21908 4071 19157 18068 15299 24968 27750 14591 25371 26729 21906 28209 1157 24599 20590 13777 6718 19001 9599 14050 31902 11214 5263 15115 19331 29660 30170 11166 28746 7010 20025 623 8269 21273 12486 2962 29478 23095 29099 217 12601 17463 8130 6827 31439 16417 18621 20716 26636 27210 20481 19765 3635 1019 2767 5544 3383 16430 22632 17335 1637 2182 17302 1199 11712 1415 23501 13168 19020 16757 30192 11938 16672 26783 23106 14956 6650 5086 4715 13892 18986 
13962 4333 10932 2779 23949 25890 11748 18634 22961 17896 11660 25456 7985 1505 2672 25037 7319 7997 9368 18594 10463 29688 16542 23826 1398 6609 21928 10004 7940 1626 31674 21177 8591 16456 19223 30663 28450 4807 26730 26742 5030 9924 15564 584 25979 32710 2825 9976 11021 23314 16903 16189 30390 10315 828 28771 30099 9205 31916 29681 2351 22685 27 17508 13377 10352 16767 23817 10103 8143 1474 28955 6016 25070 957 25826 8181 27237 32211 8755 1378 6336 16685 11092 1849 1322 2772 12886 22588 22441 32702 6115 31020 12905 7229 4440 20857 10411 20861 3825 17101 123 12065 13475 26222 1686 11929 14845 30607 21877 25526 15374 30688 8853 24798 2010 9257 4346 17162 25021 20561 32635 32233 27415 24308 28823 24966 28888 23721 22597 3798 28096 15466 12341 12370 21802 27656 2236 27426 445 30886 9499 24699 8257 30976 9157 3974 16492 29026 23715 3760 26550 28036 14541 19670 3900 23739 22124 19249 18761 31692 11919 1515 3775 19640 9794 17181 13921 6056 29957 16881 22279 14735 12201 11209 28449 8294 24066 17513 6839 17945 7415 21022 29146 18579 4987 17189 19309 7289 21819 3668 15825 12167 12621 6398 16464 23183 12211 23702 28588 20458 26898 24250 31466 5209 12958 7512 5351 11128 27157 24131 19797 22542 14141 283 22394 5117 17882 26167 14721 174 13928 20972 32268 30718 10812 5211 22642 10511 13066 11747 32622 23905 24293 8365 20871 24509 7900 2661 25574 11674 22640 20970 7794 4326 19509 4066 24141 20991 12218 22698 4442 21832 8228 29465 22962 13457 719 18704 16499 27551 22761 24733 8634 32720 30828 917 29565 10002 12372 18401 17497 29773 20972 24855 26061 27485 30445 20765 27164 26055 2685 12064 10436 26760 23752 22492 1754 8923 24420 6772 2313 19299 14225 19080 24490 1882 16337 8217 3138 
20836 3452 2842 3486 15350 15913 19147 21279 24749 28150 25838 8930 30607 28905 22577 27429 1730 8504 11581 15114 4862 16793 13636 12712 13930 12957 24617 31608 21938 20225 1070 7078 17944 27614 10761 12917 22021 21204 25964 21727 1902 9471 1705 32072 1436 14517 16927 28250 10949 25705 2702 19331 9291 18899 26195 2345 5683 13299 20430 19490 27321 27547 12373 20274 10046 20743 20598 5668 6798 8049 9480 21446 28763 22540 18610 17326 1723 22978 12969 28459 5777 4912 75 13445 19380 18658 8380 17711 26887 13180 24405 22224 6494 30321 8494 31348 13256 31788 4285 28665 4322 10019 5515 2511 19653 16427 19635 899 22080 7207 20792 24083 4988 12105 7283 20933 9383 17189 3382 22255 29149 16065 30811 24873 3099 21574 10256 17000 23399 18161 5839 14650 16812 15284 13183 3597 30741 8376 15557 767 16551 22894 22208 21216 15803 3569 10023 4539 16954 5408 29436 17030 21810 1435 10631 1593 16023 26220 28194 9275 17429 19844 2958 31926 30186 31346 18566 11653 27114 18919 7694 29491 17818 7681 8195 3697 32572 31768 4995 14499 21808 5265 17045 25653 24164 2876 16443 27110 6445 9618 19092 15471 1185 12546 16856 30162 27774 28652 32114 6187 7464 12596 19386 9909 31984 27188 5262 18963 26612 23760 20866 17106 3583 22138 8996 9791 30370 25104 27518 1088 18077 7632 19926 23105 26368 11693 28880 932 14478 6477 13058 11117 10127 11573 13915 12466 14081 2425 32236 16321 18642 18545 22245 7070 20257 3663 16703 13574 13301 1148 29529 28954 16548 27619 19211 2100 13058 32620 4006 3962 10601 4305 14137 9716 4216 11668 29547 24022 4122 17656 1494 22731 11758 18047 26167 17937 19027 29769 16817 19906 10055 19951 2128 18348 5879 31553 27224 11151 3265 4224 21362 27742 4360 7029 16096 23658 12176 15481 29868 16454 
27245 27013 14669 29323 32496 16435 7243 25681 9386 4687 28905 16759 14621 22216 510 23475 4528 20374 17554 20768 7172 7686 4626 13792 18358 25665 11162 20611 14526 18426 20982 17765 16734 19979 2991 24835 19957 22361 4160 19422 20279 21215 20084 18830 8240 23906 14828 31730 30507 3311 17926 18128 2544 4856 25588 2947 20522 14089 29096 10896 25524 20778 7356 19270 17443 15422 16227 28519 26183 12712 16673 3817 24374 31334 15988 30732 24600 20810 7570 12922 10499 18685 28901 31740 22149 2370 16594 15536 5593 11866 4962 27218 31035 14805 25449 20373 22775 21496 14907 17352 25228 14977 4688 4984 1607 23647 9577 3219 25398 15800 12905 12899 16170 3686 7260 8321 21407 29735 20428 18252 4522 29503 13374 20216 11381 21331 32074 28316 31136 29145 394 32715 31024 20843 17450 8973 26062 6018 25917 189 2616 5445 10997 13664 1117 2375 24315 29963 14407 18654 12083 15630 7593 1595 212 31513 16211 29584 11688 7616 29980 4665 4653 17263 13052 10055 12875 14926 22380 32451 2870 10407 8819 26076 27772 20944 5809 2314 563 3284 4548 14950 17945 10794 8157 14535 19212 18465 24746 16181 25690 15831 20288 23958 2104 7433 10322 497 30584 17670 29457 23496 17720 19951 23224 10493 1245 11152 21824 32011 10353 6751 22406 27934 14269 22852 10002 28230 20408 17054 26913 31433 31989 28285 9969 1467 28616 18468 22577 28830 12963 12644 26669 30448 19302 4323 27856 31377 29013 14015 11048 16578 7778 6670 27794 9357 20760 29858 17256 27494 32585 14350 24603 27360 4374 5517 22587 29140 4305 28201 31095 20129 10004 14006 6713 11897 15953 26787 7758 4040 22111 21909 16094 910 20446 15972 16281 967 16033 8663 9598 4736 22359 30249 10385 7653 28241 23502 13207 14990 12378 14628 15151 29935 22116 18834 19713 15641 24612 29399 
17343 5281 25698 10256 5380 16922 19157 669 8939 10384 23374 23478 25914 20154 9188 59 9524 21379 21427 5501 27912 27227 22422 28976 13978 32320 30735 28214 28864 22716 27840 32299 8567 29556 27072 15911 16419 20273 25338 26187 15705 15099 29629 18924 5971 12981 29082 1677 614 19123 28151 16985 11870 13553 7502 15593 22887 7122 7709 31707 6644 14749 23998 19439 9028 17571 8037 32766 22404 6382 3186 11115 23261 4686 2468 25045 10766 15044 31263 25928 18054 1717 25705 30002 2146 12989 4469 15052 23426 19567 1657 27119 16055 18986 11060 30550 25320 10124 28087 21299 11071 21104 3428 9586 26868 22003 13087 6868 21206 11240 31144 1087 20662 27448 6786 15252 27392 2844 20728 17545 16724 26651 29864 14551 12211 2310 19813 7499 5928 2513 32741 4403 19941 9947 16083 24542 25579 24442 32577 27080 25979 13969 15354 8448 29681 14072 4250 11796 16316 31193 7081 4644 26480 15809 8161 20702 14428 25936 14154 528 25555 16526 3644 31709 2080 3652 7207 31159 15302 24684 28945 28533 25961 5183 24393 9196 29980 4260 28192 23041 25476 13377 7298 7479 24642 7779 15211 31337 12179 14482 19108 3099 19927 1593 22053 6506 8665 26406 13521 9739 8252 20737 2132 716 31599 16407 22957 12748 26195 2964 28783 10003 8498 18771 3233 21380 5395 7402 28501 21016 25257 31847 8094 32662 7541 1820 24944 17328 28665 29861 17801 20099 29449 28507 3326 27681 11508 30097 17435 13612 4337 16620 22022 15913 9944 13133 21581 864 19601 10348 29929 20021 1400 28924 26784 3505 26999 11650 14624 14868 1294 15333 2934 13247 13054 16454 6954 22008 1925 6034 5052 1142 594 24141 24482 15590 2669 27736 31954 19104 26966 15308 1714 30004 21442 4571 3449 28586 19212 16305 2639 11128 9268 21699 27331 17929 22667 29115 10364 16692 
27377 27278 25050 17035 24812 31719 26291 27035 8710 30196 12731 23324 20285 19400 12061 30765 23937 192 14357 28188 29994 5147 10719 12817 21118 3421 31877 9735 25797 20522 16893 20214 31234 20553 27458 22984 18511 27464 4491 5660 6306 31499 25010 13099 19899 22054 20253 20726 10710 16338 7332 722 32662 13857 12582 11994 51 26940 3483 4349 5092 24007 3430 28537 26257 15623 24292 13406 20956 26367 11106 27076 21851 15068 30586 2581 29250 341 18663 25162 9825 13059 5788 317 7737 14659 24414 8479 5000 28370 32197 19509 12008 22682 20336 20535 4909 13045 11749 25418 3745 4480 9386 6705 29439 5574 15219 9057 14745 4336 3408 7360 18994 23898 16537 16170 25921 28699 10271 26198 3028 388 32420 14740 20229 17413 4104 13928 19301 25228 14901 8717 8579 9482 256 24644 30747 5255 15 17553 7122 27850 29327 31661 3253 28419 27031 4654 21978 26354 18265 4826 3152 17855 10536 10817 12828 23054 21337 20476 8084 19941 32533 15126 9063 5065 5121 31644 6963 18203 9906 26639 9830 2925 3199 1739 3083 30653 20815 18796 9279 10728 18071 24013 16286 7059 3588 28503 18181 998 27364 177 20477 15549 4853 13266 7205 5119 18476 29445 23732 13281 7453 24886 7228 18161 3490 28423 6723 18848 1205 26210 3483 6407 5599 23899 26809 26362 9355 2197 18605 18969 15847 10411 20999 3566 29933 21486 18384 12185 29532 19170 30682 10892 9302 29116 4904 19584 32727 3839 6055 15977 12327 569 28430 19539 11828 20433 7871 3886 7344 11438 15563 30842 31849 23540 2953 2728 1071 27581 19111 6508 10306 1604 29900 15262 4350 4156 27368 1342 27314 9018 4271 12755 10754 590 1533 27007 10320 7830 9710 2266 27761 21841 9797 14529 7224 28588 27147 12937 2059 2066 26148 7797 741 18290 4098 9942 13862 13704 
8649 13573 9957 16225 19507 1379 30730 9779 14316 6479 32620 3081 30297 15863 11524 8708 32373 18272 18610 5066 8523 31642 806 21726 1497 8202 3234 32361 17167 18642 11140 27922 31563 2968 31130 20088 30639 25403 30766 27799 24445 11303 22489 30263 3801 8799 27360 31306 23685 28640 8602 18142 9406 13440 11328 3127 9763 24854 16829 18710 26209 19129 1041 25559 25593 17601 13545 11304 8699 24066 16230 8936 21385 4301 25914 24941 13648 28921 8131 19894 6154 28178 14448 21163 26831 12973 31575 21911 28252 4350 32526 7672 28769 21520 10697 789 29210 31995 17169 11097 6605 20848 14534 31648 6684 5019 28071 13979 11185 11415 4944 31045 29150 20748 31396 12716 13923 21057 20292 12548 17487 12766 20685 31466 24171 14982 30085 2493 19624 14492 6666 24167 31334 29165 6744 2577 14406 7840 12496 24356 13575 1356 9471 761 11896 18594 31171 6377 4507 16147 3211 20546 23620 860 13499 13530 13890 19686 2377 13652 8347 21761 26509 3 2975 10493 18257 7397 20106 14596 7459 26030 2300 12256 23373 9026 22376 10799 6388 23731 8505 26020 7587 24236 22049 3611 7162 19860 15848 12058 10959 9026 8932 19833 20202 20048 32319 12845 14607 678 30179 9347 11216 8992 794 5908 15270 13927 15552 16774 8912 21696 28062 5268 9386 24483 1884 24068 16231 30814 29227 12497 18542 25526 26365 21122 11296 10204 8370 17421 12834 18132 21313 4618 26884 16848 2417 3305 9871 18948 673 18400 16748 4709 20029 12308 30561 4796 1818 11718 27882 4164 11559 308 10012 9836 19801 21775 27080 7361 6367 1399 29153 13794 6364 13143 19635 12732 5657 30609 14861 16673 15137 22254 28190 29883 8435 16830 29819 4037 12096 26580 30537 25917 6006 17967 17513 3337 31305 5424 16536 16478 16613 28925 9127 15728 25507 16212 10561 15075 
17125 25680 10112 8728 18470 2087 23834 10849 1550 24199 29235 21439 11632 16819 17949 26017 20899 17053 27198 3887 23622 17189 14046 12995 9753 25901 17928 1938 24447 3511 19462 29754 25943 3209 3397 8291 30441 16614 21245 1288 4180 2818 28233 12450 11477 12730 334 8374 14598 2865 2109 23588 981 17021 24286 15929 29212 11764 31781 20280 3376 22886 9475 24972 26715 30979 23463 31979 5531 14728 17868 19123 11489 14804 30287 241 22478 18420 7943 22414 14728 13080 4966 1705 27766 10296 21952 11552 8522 32610 14111 18946 27240 7895 21064 15507 29852 2373 20618 27027 24631 25572 31730 632 2376 11944 8853 26854 11628 22454 4515 26954 2664 7296 15607 19949 32565 6771 11925 15521 11786 2145 7965 31004 6846 26966 10123 13450 19956 6824 5471 11080 19744 32365 26121 2191 28887 4003 29499 8189 31079 24305 24998 8668 13817 32009 31716 24255 23908 5961 22516 8961 21265 17618 7157 19424 13706 25133 32261 7968 10939 24625 29629 14992 7216 32740 11747 8266 7751 31480 27080 7340 31887 21860 2692 14730 32309 29872 27092 25395 25908 7791 12169 27798 31811 4341 28852 18933 28251 21989 259 15980 12597 16952 16938 31337 3207 29301 28262 28241 3014 24144 29622 10160 16228 11616 6906 30870 3000 7490 23916 15649 22139 1116 4642 2861 22219 5544 25642 28716 21059 32763 2507 1047 30157 24223 28155 14976 20025 31705 28114 29183 23783 27572 15654 24277 4776 20506 24198 7617 15603 31935 14127 32731 19623 13234 20253 27648 299 12763 8909 18169 2176 16825 24295 4191 28075 23956 22887 20742 9254 17631 17812 25381 9919 4025 12655 32698 17924 20319 23505 19931 32734 16557 553 29502 24398 27097 17871 8006 31992 30848 19727 17406 13869 3623 15891 28015 1876 2164 5947 26538 11909 19473 13782 26574 9331 1966 6644 28604 
15206 8876 27588 4644 27463 29884 17472 27398 25787 14860 25695 22615 15606 15073 11206 8966 25441 8377 5700 5165 205 31564 13701 6378 2934 3373 13760 4998 30366 12815 3190 30255 15693 10718 2405 30506 26499 4012 24473 25315 27695 19560 32704 6174 15185 7184 31231 11745 24292 29027 16552 6256 11965 20601 16689 4813 21664 30710 5665 11442 9589 10486 19556 11722 13458 20812 7369 1059 32738 17492 30748 1326 20377 28393 8633 28177 14997 1817 27233 31511 20237 14387 3060 23057 6649 1170 26443 2407 23916 13569 12821 8250 16603 7088 5771 10268 9150 5581 8460 10860 20013 20247 27684 6670 22342 14454 3983 20680 14014 28317 30314 18143 19973 8159 28365 17545 26563 25408 31509 12144 15596 26062 2229 21565 5199 22929 31556 3447 29009 21406 9914 18353 10929 24545 5443 31330 27230 962 10415 26680 19500 27373 14498 23075 11882 19706 32302 23016 8376 4560 3590 28976 15029 21143 12825 30548 24409 12036 15282 22758 32250 13997 3132 9255 889 19000 27873 31884 5435 10202 28647 11811 30925 4478 27154 18268 892 9384 14275 19448 27219 8884 702 27048 9316 4854 12757 28398 9305 5484 26092 7846 7556 10268 20800 1493 32636 22148 16173 30663 20562 22411 7922 20599 11019 675 6115 1535 8218 28033 19921 27863 5131 8505 22755 27882 25360 27238 22247 11885 22940 21853 8298 28115 30773 15615 20890 1686 29404 904 13459 20228 20505 23378 5966 830 1496 18834 30717 9718 11576 26645 18068 21424 32736 24046 864 22619 345 14611 30756 3549 26663 24171 26840 21119 4894 29930 24909 26112 17574 25367 23710 31619 11204 13921 11958 13258 4625 23462 18218 8867 18069 8484 24288 24392 5051 19136 32530 32702 30242 10986 1334 9413 3208 11790 22543 9634 19556 31226 2583 15162 7049 16030 28810 25628 16714 12952 20385 23684 
6823 872 3515 21255 32578 19183 9554 12840 20361 3967 30590 650 15950 28641 6378 20690 6412 5607 6638 7796 10023 12934 4747 9872 7921 7726 2960 25984 30114 26550 22518 22479 1966 27369 17795 12699 4252 22107 23110 17496 24805 22760 3929 9901 31330 17992 8044 16764 28057 662 8163 23132 11927 31665 15968 21962 23534 14127 12719 24882 15430 4866 3942 1882 14906 8017 5624 4745 15531 3910 24085 20516 23558 7374 31892 27484 20072 29018 19246 1897 25159 22526 27498 18305 5806 11138 4511 11171 25976 29491 30900 11667 21960 15479 23670 12337 270 9791 27436 4110 27582 13683 4407 26979 13320 20995 214 23213 5147 1904 13563 21834 30347 19474 30644 24493 1415 11173 20432 10793 16145 23643 29457 24120 25700 9848 2676 17159 7808 27626 213 24583 25997 5560 18923 27786 14417 25269 2242 15264 12401 318 21939 8630 16448 4532 4307 4100 4773 22762 17085 30780 26573 18393 19176 27252 25367 32196 23127 31174 4157 4229 17834 4335 30970 21600 12310 27784 12286 16515 8794 20999 18787 3892 32718 6254 28661 15158 75 13116 26854 5369 1595 919 416 13408 3142 15433 24922 25042 23000 7244 13054 22692 21172 11867 13709 7729 3560 4625 16919 31238 7513 13519 15240 215 3558 406 11009 31782 25336 31702 15382 29138 15815 1847 28414 6361 23237 20505 2645 2446 1473 31387 3765 9617 16535 27969 6076 21318 21180 11803 29282 18693 769 17202 28514 30138 14342 27678 19177 2266 9057 18144 32615 31268 30948 20664 9784 9061 28847 26326 10296 18368 30455 2839 4308 26659 28751 27224 7345 9675 29819 3659 616 14306 10537 19425 23764 13670 21134 24673 304 24616 14160 19356 8126 13361 24525 13408 2422 6615 138 14094 19366 6496 28789 30949 9257 21006 25812 30190 24252 7627 13587 30529 7143 13983 16677 9522 
9742 8113 14043 31729 22308 1439 15397 2869 31324 26172 27674 14160 25511 19167 32364 28975 5537 19503 20958 16951 27168 673 10698 28622 23986 6994 25602 20615 21778 22344 30604 18045 28927 17175 6514 27270 16582 20568 12858 23022 10502 17078 22537 25313 8991 19534 25530 29883 16659 18262 2071 21592 7102 23674 25589 18001 21644 30637 26413 4353 26888 357 30301 19522 28481 19034 15470 21084 10890 153 17006 17715 22389 9923 25473 6843 131 27514 19496 29749 18455 24612 9857 14869 6085 23314 2268 8377 30520 5407 5279 1086 18972 17602 17424 7671 4846 16537 27987 6245 21140 32695 25482 28430 14097 4448 1360 22712 16001 27213 2607 14338 3165 4595 20698 23000 21418 28868 30478 22738 9763 11594 20643 13616 6209 17021 27701 15968 13332 17494 3195 18940 12303 10381 27850 15140 14368 20769 12493 28080 21882 329 15453 10555 11852 10004 6572 5669 3946 14488 15086 24919 20409 31483 18273 17780 22759 31141 19950 30887 31433 24307 32633 10260 31410 28547 25221 31146 18400 29843 9057 10088 17469 32602 3228 76 24065 7249 27510 31493 5626 19950 19774 21157 26582 20282 30058 14426 1398 29433 32225 32409 30248 30824 12201 20894 6972 25687 30027 9289 27370 1040 17034 7267 2966 3443 8395 26651 22378 24192 21329 14823 12658 18960 22398 12705 10499 18889 6613 2375 5207 6620 28019 2204 13897 32699 29851 24109 18888 22981 19788 19691 16173 8930 4387 17536 29465 9377 24354 16364 11647 27816 12852 3393 19514 15753 15752 1343 5690 3491 13297 23615 17300 7840 14141 3749 4803 27702 26853 14434 24569 15856 20738 18402 9595 7495 285 14270 792 19090 5192 8377 25318 17987 16768 20130 13688 28647 23709 9287 30967 2721 26447 3482 22613 20845 10164 30667 30073 28742 26856 31746 23150 16833 25440 30871 31227 15787 29015 8039 
23880 12732 19911 28485 11712 6593 25241 24547 17942 21266 1731 17232 28180 23062 31462 12485 2304 11191 5539 25366 1064 3911 24803 31862 10794 14749 7242 32709 30764 2827 4443 19930 13862 8081 19578 1158 799 9445 14412 20751 22626 417 32103 6766 5842 750 19999 17954 32641 9739 7857 10346 19576 30501 4392 11146 22074 28103 10794 12151 17892 26160 28889 15357 32544 3704 26572 17912 10715 25675 4075 18091 12887 14920 3385 27630 20748 23636 26123 20991 32035 30726 18838 26485 12045 29509 10725 15076 14284 5788 6235 6298 27334 29026 4423 10043 13505 11381 24231 1470 27226 30628 15710 28629 18610 26976 954 521 31591 23435 13730 16553 30052 28581 21266 11966 25941 4222 16357 7487 29666 16065 7564 4771 31292 28152 23100 273 29312 4766 23282 26437 1491 20244 14717 4511 30080 12927 1010 29951 14093 12499 14486 6196 15901 3678 24232 28587 16591 40 13171 7452 2626 15286 22641 22716 2366 29713 28918 25651 14390 1819 4883 1116 27702 5724 25177 5233 23917 27737 10131 8926 24712 28278 18775 29718 31334 13180 9399 7323 32432 13161 6128 30150 8184 21760 24537 28635 32069 6871 950 6862 7443 31982 6152 24702 6374 6118 7724 20880 16414 28529 23329 8404 17754 13975 3636 19805 10428 17698 1623 23105 4449 25946 17053 29983 23636 17442 6093 8943 4266 9893 24483 27503 30694 17097 1223 29347 26153 2400 32737 22617 4026 31928 6785 16663 2066 11263 15997 8585 16110 8327 31560 13586 9183 18293 28856 25689 19450 7240 8324 27583 2179 26131 7929 908 4579 12371 13854 2751 28335 21590 24961 6432 16470 30302 16720 27449 30772 30702 11308 17099 31141 6933 21936 26426 4598 16407 19985 23690 31333 404 28565 18039 4597 14422 8780 3604 29408 24742 13240 14118 9610 22414 6618 21342 27859 6378 29754 28293 
9104 502 25180 9403 30390 16834 4664 18745 11092 19574 12059 3057 9018 21542 19561 3333 4343 7502 6513 645 7836 12122 26557 9668 5374 18725 21817 15501 32482 7571 17264 25103 12863 32070 14876 18546 24609 18466 13877 32656 11443 17245 9816 5665 15219 260 19179 7638 25628 19188 16148 7085 6943 2251 28190 24038 4283 30927 15097 18034 6757 24939 27853 18520 10639 28935 4343 70 29061 5042 14593 18187 10353 153 30598 24181 13039 15999 1991 31638 3947 28254 11328 16579 3976 11585 23325 23896 391 11525 10045 21577 16555 30492 28989 28199 13710 32439 28127 31555 32204 26176 2635 16085 25365 19133 11708 10833 366 23087 17666 18054 9474 7022 10315 25839 12635 29344 21180 25935 9899 29401 4928 30742 15408 30707 6490 1258 1527 12663 15299 30528 7021 10683 23882 30959 24667 21536 32213 8311 30768 14384 1635 18354 11791 24735 30413 22702 17148 12292 7271 10889 24171 5087 10713 16903 28290 2535 18871 11597 3828 15270 26299 22954 13367 22002 23435 1957 13232 13990 7357 28178 32451 31698 29636 2691 6425 18803 4582 25502 17611 6564 9580 20411 15805 15102 27674 22357 11612 32099 28370 11948 13219 12820 23886 8462 19386 9465 6497 12808 227 7653 391 18429 31539 29950 20552 5637 14352 15849 22352 18206 32747 16290 23017 16106 22979 20014 10179 5848 24440 2663 13479 16574 18880 29805 32328 16557 23328 13917 4105 29567 1107 24973 23347 26873 24023 30957 21096 31034 3814 17687 19268 18045 7381 8373 2573 5816 16052 19213 29268 23861 31734 12238 9315 30285 24811 30846 25223 29339 14750 13007 6096 26619 31342 23352 6449 27437 8914 11117 30973 26804 14073 24029 1761 18664 11017 8293 19001 30891 2358 4335 3366 26868 7827 1142 10277 23568 31105 18786 12956 6556 13243 31777 8619 28314 21171 24651 18792 11033 
19237 31214 19433 15086 17750 19008 3403 10708 10191 911 20258 13175 26525 12993 31458 17250 665 13617 29697 27825 18362 17965 27169 2620 5404 27860 31019 6609 23203 24144 25009 25555 30537 1483 1945 3832 13680 18364 12415 2963 20889 4528 25184 30781 15273 20537 18389 19576 6114 3630 11570 2276 19290 4710 22732 21885 20108 5193 31247 4312 26868 20652 12000 11635 13515 22340 25436 6918 6921 20394 9199 9900 1184 25749 7898 14562 28553 6798 160 12379 16724 15602 20287 15001 13315 7894 3127 7305 5537 4157 19792 10864 9077 31886 18340 6949 3153 20339 5622 31631 29233 7189 24991 12649 30190 27989 12329 22058 9780 10221 30110 6945 14998 23401 23141 6270 10248 25046 16185 9844 3439 2891 21003 27886 5767 14180 12604 11069 7654 27402 17948 5206 21274 18806 17104 1373 3616 23475 28867 13024 19206 12998 17179 18069 25106 4779 32701 19789 2473 15003 7614 25237 21721 387 8658 6183 19548 2056 15993 14915 16004 29059 23579 21672 24230 22877 239 10701 25153 31531 24823 7246 4872 21500 23275 14527 20533 28442 10409 13403 20502 3782 2769 7167 25043 9720 23266 2152 17745 6769 7172 21169 21868 2267 1929 6304 9171 1885 13652 20984 26835 3347 24320 26473 8418 12881 29463 11385 2449 31626 13577 23854 27706 14114 29709 20674 29838 25091 7725 16118 5354 31636 26106 28289 24282 21874 29858 26366 18228 17775 14952 32712 16093 2445 18080 27105 12860 14896 1656 26328 27489 18355 15534 23454 27382 15637 32535 24183 26847 4094 16753 3018 24408 7386 11842 22773 22718 23875 16204 17389 15855 28602 9102 1603 9564 24208 15544 30088 1860 32104 13535 23792 21384 9231 22315 19331 24864 3030 28803 5453 28790 26943 15704 29216 25771 2708 13724 27606 11507 17742 21363 14793 7171 6591 22998 20667 27995 26560 3502 6074 
28061 20876 24985 3809 1350 24411 7093 19678 11732 21849 2144 24623 9871 27963 12232 27806 32406 25484 7104 17571 9139 15132 31122 13030 25412 11137 20233 13773 25337 12201 2586 27697 3005 8779 23150 32024 9189 28572 26368 9253 22398 5762 28222 3051 30931 16282 29181 20633 19278 2171 18826 32656 1760 28529 28204 22498 29862 19685 11794 31622 16320 31432 32049 25268 3640 5659 25528 30725 32413 15667 9705 20613 18039 15469 32223 11151 32143 16790 17873 20709 29169 18774 25047 5283 18904 11350 14756 21769 14971 27062 28954 25325 22996 809 7431 18373 27766 31040 5675 29540 13893 14732 19215 6577 14815 13224 21196 427 14824 675 6085 27153 23524 9320 17944 20380 30090 8998 24765 15210 12985 1194 20140 9986 17324 29563 21335 18489 17194 3614 8303 2969 9328 5784 3707 11267 10713 4622 30718 12502 16873 4612 98 15807 8953 8649 14741 84 8628 3912 9120 19501 19442 560 7363 6453 21518 2051 25039 23307 27124 10758 18179 5592 23106 16664 31802 6043 3292 24863 24683 11625 23472 27448 31065 8832 21603 4732 2080 3092 15797 2155 28295 26301 25230 24250 11863 28620 619 23815 26573 20176 12908 25825 25204 27878 22231 6205 17021 1426 1958 11317 25175 19921 2019 20343 6227 18335 20693 4689 31755 28086 31775 20937 15648 22743 2069 4422 10562 32505 11988 26924 16879 29044 7073 14163 21417 12672 4414 18639 3355 29829 4644 15582 18439 11916 31395 23837 30224 2960 30294 9924 21695 30292 10357 5266 30434 31862 22484 10248 3097 22618 31188 7169 31637 20087 4638 22489 12773 8619 21640 8707 25276 15766 29710 20197 3405 21495 8536 7074 6432 30912 7041 8044 6445 29867 19060 19594 24080 7483 12005 9840 5150 19761 19586 25234 1046 23019 16005 9492 13382 17568 26890 26539 16626 20803 6279 19151 12277 1917 
12417 27041 640 8101 22388 21848 8842 9251 23361 14550 557 32468 6921 23958 24725 15715 13681 28999 3541 31619 20993 4397 10644 24929 4475 11632 24658 15527 29952 18302 19356 4794 29076 1367 4477 27697 22402 9941 14448 17847 21911 5271 9970 27541 4631 1345 27924 30858 29711 4590 4565 9232 10644 24605 8403 27 13262 19709 23011 26098 17631 6135 7853 11007 8046 23748 28836 6934 30765 11424 31779 18113 6649 5248 29313 28259 2256 3334 1380 31133 32212 28105 15480 10705 32177 18566 529 26905 4837 20491 27053 19000 25816 30908 11835 868 27043 22707 10765 23600 3333 4618 32306 22353 8372 12180 29482 12386 27907 12893 30371 7397 30902 19157 23862 7238 23326 24269 2339 11337 21419 172 15045 27300 6080 18476 13190 26925 17122 8307 21329 23948 18398 12270 5795 30859 3804 7395 11263 28168 375 15076 25849 16717 4366 23740 11912 12915 15465 14968 9382 7392 16303 25151 30303 6318 13512 16246 25943 19277 16941 21847 9776 26615 3817 27762 13895 12013 22853 3999 5816 12338 9922 16290 158 20179 19110 22939 21864 19272 29461 6369 24392 18560 27548 8860 26368 28823 32096 17614 7683 30480 2361 6318 29216 10572 27347 6401 27618 15332 19349 6676 7096 9797 20016 21340 11531 17160 20133 14930 8861 872 11744 25305 18683 6376 13475 22389 21228 32332 31899 8697 21479 26588 15707 356 11931 21447 28812 4440 10408 1670 6669 17423 17514 29081 19682 15024 3280 22238 20158 13838 14660 32706 620 21313 32209 11991 30247 25717 8380 9983 21359 6977 13019 6760 15174 20871 28097 27477 22518 27970 32485 2412 26182 19162 20120 19085 2573 27788 26280 12373 11732 21032 17763 9971 30359 22881 17116 563 15039 21932 21594 31988 11587 23815 31429 24943 622 14650 4310 2960 17302 8197 11648 14521 21153 19763 29975 11929 
10557 21311 12972 1528 185 9187 5386 6750 31004 6832 12067 13063 19323 29374 25009 5294 14326 340 10715 7720 20085 26693 3788 4052 4369 23229 9737 20063 15702 25397 22084 15115 15708 20489 24857 7637 19313 19938 9518 16328 30029 25485 32679 17574 8195 11978 17296 11113 31605 29258 9484 13555 14305 12098 4037 4207 2326 23599 7622 15522 9480 20646 1435 176 13835 476 13855 2592 19173 8205 9621 3883 9198 14759 22521 10156 24183 5460 27814 22654 20112 4209 30420 887 4456 862 4424 4875 4794 13828 10852 8355 28462 27511 7483 6452 18198 12200 11354 7385 1215 13572 1149 13767 3479 29454 17938 22569 16159 14767 95 28049 20735 6022 9221 22770 20601 16473 13899 9145 2631 25258 21131 9829 26221 15640 30 24927 24323 1163 20325 16260 18378 7974 13628 19350 13064 11954 29527 32488 17514 25508 2508 5580 14741 32583 11755 22857 30463 12559 20839 17090 3027 19233 25380 8525 27949 15170 12930 17719 18305 7698 31140 14851 27589 24793 27974 18596 27022 402 8834 6765 27782 15487 29502 25905 30690 17646 1343 8709 10694 7034 10183 30699 25328 30637 21474 9354 17221 26534 16583 19785 4489 9635 2946 31265 13877 17976 10689 31101 12733 28866 10842 23444 17901 23652 18345 12339 17415 8770 11201 14568 22178 9585 958 18235 27196 16858 5973 4610 18848 4651 31081 27158 20222 7333 10965 5425 2854 12394 18142 21018 4360 29123 1624 13500 21966 17197 26142 12541 3469 19843 12381 27314 8771 17974 29611 30318 25515 15857 22949 31136 4787 13526 32686 19161 13557 28929 29190 2106 26727 6487 14602 30781 7366 26981 11292 32604 29712 15537 13243 25576 6208 6358 2926 25503 30381 9364 9152 18112 10718 8079 19200 6684 20330 10583 11670 7416 22524 31331 9726 21880 23180 27493 1594 23182 23665 12783 3358 15992 
22310 14629 1599 20324 5019 9681 8038 25710 15271 18001 30416 27052 20974 1793 3288 20463 4515 25551 28509 8258 1808 4342 19623 203 26481 13110 11514 30329 22355 306 14328 9906 12405 9770 7984 30559 18756 1279 5238 29302 382 14559 32742 31197 32099 28985 6935 21662 3287 13818 21075 32414 15503 22285 8380 31689 17216 7660 13088 16496 7459 31993 26362 26914 11485 5306 6555 5231 11224 13631 29374 9960 4210 2839 8572 7948 17037 27273 22819 26179 27761 6455 15391 3377 2206 8638 7186 9334 23304 26343 8364 3828 4657 13054 17424 23796 17625 28146 1970 20487 23883 25989 32141 1778 6485 1340 14552 5749 18517 13024 11818 11949 4759 10370 22270 10496 24977 5201 7694 7086 13904 17871 14283 9349 14285 25596 20403 480 29249 27522 30217 17569 15571 20231 24128 24814 5315 26175 31926 22896 25028 13893 19430 2965 13595 6832 30660 6020 16593 8520 8109 25717 7629 10153 11343 18489 18425 11401 15497 1604 902 8160 28638 28858 12309 5466 9760 4500 16419 28689 16852 20951 23036 4799 15022 21879 21593 23006 25896 25794 15740 10350 32133 21621 28465 7290 17940 30502 25825 15011 14720 21348 17470 6184 26932 7908 16876 30977 15596 12262 31863 7709 29518 3747 15429 7440 23354 18341 3066 21849 506 4355 32601 11042 20739 19622 18694 17460 20849 14082 9929 9969 16468 20100 10523 21648 5303 11015 22218 2324 9280 11427 14134 12078 9466 16622 22778 21520 10024 16305 18895 23595 19140 3540 13294 29218 30611 26608 11060 3944 16474 28307 10345 18445 2030 6585 25393 9667 9526 9584 16604 24173 25817 13994 4109 16788 12751 2613 12489 15538 8796 15372 7919 13009 173 27137 20398 31713 22259 10084 30227 8634 18407 22150 7782 17124 21911 8942 1404 3633 4343 22110 6768 28463 2216 8526 15993 20161 10350 24855 
7426 2820 6196 27721 10402 4882 6942 31161 12895 16913 908 19632 3702 16788 5316 15941 4984 8758 246 12914 27401 22722 11548 2246 23817 21719 25994 22616 17109 6034 4933 7934 25306 1235 17907 6134 22789 24100 12415 2033 9770 5981 4906 15050 3730 1477 14714 21564 29102 24021 23126 12732 32264 30635 13940 32205 4356 13776 16626 22599 19485 17198 25786 12370 10805 31700 4146 4353 22591 29995 17873 21856 29219 1681 797 15881 4691 20775 7890 9130 7336 2265 19105 25796 13128 5703 5067 4051 5506 8416 22680 13529 29018 11334 6489 15755 13603 20999 13218 25018 27127 4086 4351 12889 19434 17353 11499 3480 31950 29954 899 22286 31605 12367 14304 32338 21933 15411 14024 29728 26719 28246 26048 13784 5204 6556 20100 10569 23620 28431 31647 15202 30609 12165 12672 28592 27295 19981 13057 3581 15361 23599 1370 972 29551 13482 12528 13847 14760 3513 15676 32116 23419 1192 3860 28411 21470 4422 24445 8323 17331 10963 29087 16983 9171 6057 1789 26274 3744 18424 14204 21827 20602 26150 12463 23749 20809 20068 6879 15509 11101 25818 8995 4462 22312 28889 18993 30088 14525 15762 11730 467 19749 12218 4139 25267 5216 9859 13646 16347 23223 29119 16844 2601 31232 12155 24739 32554 6700 9866 11169 4682 1321 21045 9191 15131 13086 30252 26698 15655 1920 15468 2217 26199 27320 11471 8200 5282 30526 22191 23534 32027 3738 22522 8182 20695 20235 6181 26548 15168 2855 31779 5116 29356 20213 6296 14380 25617 9520 23781 9257 9128 13336 11777 8531 20920 30126 15451 10433 28383 1495 3959 1847 17338 15430 814 27263 25000 26960 26802 14412 14199 22979 24391 151 2919 5008 17741 24113 20695 24681 21507 23388 24406 11182 10625 12498 3841 7837 28521 24413 2501 19164 26922 9243 27204 21551 10275 17733 24602 
7125 25340 29474 18404 11796 22348 6308 10367 28839 9517 22967 2570 7171 15538 26012 7355 29805 5711 25043 9231 18831 5746 4484 19019 20345 2370 32725 4011 25082 24064 9377 9890 10136 29205 31764 3797 3381 18226 30257 16881 16913 27099 25976 25649 1151 3456 15535 1768 12053 8262 12372 2608 1549 18095 25750 28510 5094 6459 16566 30445 18789 31377 29434 21132 14499 15129 24419 160 13474 27540 6115 8220 1658 27061 11424 22134 28418 12379 4642 8847 5454 28884 23255 12968 30374 27212 19893 31255 20421 31558 22677 20641 25801 12060 20175 12366 3965 19738 17361 32753 5018 7787 22559 6702 21155 12703 27112 5634 17334 6924 31657 26899 14395 31678 3154 20258 2799 13431 29340 4946 5925 15809 12037 26858 5913 27878 26827 14631 29314 2605 7529 28953 4762 8119 20512 3376 12907 16408 16420 30627 20249 29107 3568 3576 24504 29626 19646 6750 31265 22032 7862 21845 26811 30916 22023 18976 29752 1878 16564 5217 28419 22039 4784 2100 30859 2824 6546 23185 21085 11932 20991 9371 28102 2995 13710 20117 6454 8190 26137 18427 18880 31404 16029 23923 3941 6986 13955 2796 4168 1747 6806 30308 25166 13391 1246 29526 7337 21663 10519 5846 17830 16827 580 3311 1082 16044 6913 8574 9461 23645 17811 10485 16644 14817 7582 21728 20633 18893 2059 28455 6190 11289 24147 22927 19926 28570 10738 25203 5671 23487 14663 215 3513 3577 16037 32307 15523 10963 27410 31530 24637 23399 19397 7716 30976 1328 18690 24016 13788 21363 20200 2732 16411 31699 5002 28344 27117 21563 25496 30755 12530 5938 18663 6946 25300 29376 16526 26519 17259 21323 10078 8822 25817 4500 6475 28203 10261 3606 19027 2700 24742 25722 28711 9400 24000 27292 6184 22377 32416 18159 20427 4857 1613 21201 30810 24719 11043 31573 124 208 
8054 23424 23958 28433 1255 22581 13438 11129 3975 21908 1184 10081 6054 3524 14397 20472 32655 19677 32567 11097 9309 8668 5515 7155 17547 11658 7930 14512 32428 3954 22009 21276 31584 7614 16649 21613 25968 260 4728 28367 17121 1865 11292 5464 17617 18439 31277 23096 30674 16785 1239 8348 16851 25528 23928 9033 2193 18052 13004 23904 30640 17451 18796 12440 17902 26212 11818 11035 1769 9536 26960 27069 17542 31892 15230 13758 5658 32711 19913 708 7190 18347 5239 27 29112 27686 27252 4319 13974 6768 25773 16837 11751 4610 1369 17201 279 19902 24140 31162 22848 22729 6442 17196 1316 6236 13263 22172 13818 21280 9778 31328 3942 16728 2771 32720 778 14722 25121 1038 13689 21978 13636 27307 9268 20679 1978 6445 28338 8393 25691 4320 31242 21249 15691 16461 11034 8999 7647 11822 820 4110 24449 1259 856 898 5506 4801 23913 17850 29776 11146 12014 30393 17676 21031 1501 20301 9133 13178 8211 31785 28070 32542 24511 4928 5087 15895 20493 24439 12657 3691 8775 9667 18318 3131 10041 6502 14207 11925 31998 32131 7101 29094 28372 2525 8696 3211 11253 17790 24658 22854 9866 21423 20771 1552 2744 23353 22128 1229 16278 462 22900 7618 22947 30273 22965 18323 19166 12450 17130 22462 9178 14560 4465 22726 2347 2402 21803 7960 13289 9883 5519 29979 3826 4626 26528 13121 2544 30182 29255 20205 27726 31752 22716 32545 31293 4849 25010 20814 3631 20086 30839 11309 26116 15704 8252 6873 25264 17697 1352 24769 22045 28472 17532 6962 10553 10336 10257 11892 23123 30849 20202 8359 24698 14786 18512 27290 7362 21941 15391 23821 14835 22741 26381 13063 9949 29144 26699 32172 13843 9855 15502 30972 15520 12024 27316 13305 15413 14252 28006 3756 21418 16136 2238 28450 2707 29824 29084 30580 
30608 12656 12160 20635 11222 12053 17819 15762 31985 22095 23346 18593 22939 463 26687 19654 32198 14486 1960 23761 13470 20165 32311 15935 14831 14214 10220 1741 6518 14376 2495 738 8168 26945 4784 11247 2123 4141 6587 27496 21841 7556 24730 4268 6311 915 13866 4614 5411 6305 3343 10150 19776 17340 11014 28447 16462 26268 2973 26472 17991 10411 1990 25522 17319 20437 26280 31210 22364 20571 17128 18482 31151 10205 15541 10516 26999 21751 2788 2927 6726 19677 20289 28309 9515 8013 18709 521 28424 24415 5009 10521 15371 15046 4871 7842 6196 8732 4839 19433 14697 9138 31954 26895 9517 14148 12818 26696 28579 29464 17809 25603 3096 25044 13166 8506 25376 27579 7057 20732 3496 7018 13157 5444 15069 15690 31471 10941 17427 27407 4291 9252 31899 11858 18945 13403 3311 16081 20135 20871 12019 6614 7661 12805 6573 28911 25170 19916 28451 12167 2674 31378 28304 1194 7942 12801 31135 30819 11193 26117 29679 22536 16348 7967 29192 31389 23134 10834 5401 25700 575 7913 29794 5446 27454 45 3766 27124 8740 3201 9265 14742 4923 21217 27443 17861 30697 696 20205 22774 29071 12745 20858 10688 10667 22160 19944 10579 18687 10468 25332 25378 20153 4632 11030 26127 19221 11577 30474 10336 27600 30034 15055 21411 1159 24219 3057 14665 29352 24637 1488 3045 30656 13454 5488 14028 202 27047 7579 31308 19666 14958 612 8283 23292 25231 1743 14000 9390 15108 30929 31333 4540 6458 12599 4288 1792 13550 6091 23499 28320 32496 30068 8854 4857 21496 18913 6889 15057 12097 8100 12755 29430 2135 22171 4768 12786 24717 4333 26541 23900 18723 2267 25766 14880 26626 11630 13532 9407 31122 15284 25920 4635 25836 6090 27103 24107 8462 19394 29868 22670 14083 5831 32628 29753 32071 13398 9840 23770 15783 
25984 16287 29761 22620 9778 11729 14644 29252 22532 27025 10664 31266 32128 2955 19460 1660 10917 11320 5736 25523 19378 24189 27639 22334 13750 2625 10401 2371 10168 9210 13332 17440 51 26602 9981 23525 2838 24114 30516 12775 18603 3975 18878 29527 15564 22877 22003 4802 21595 29450 29962 23753 18802 7294 5066 25276 399 14564 17559 21722 8152 15785 14988 20211 24724 31453 4045 19101 22561 18083 4612 16677 14505 5766 14738 3896 24531 30297 21569 5597 31059 1964 20178 22214 1525 12176 31506 4014 24716 24449 27373 32230 18764 26277 31591 11296 181 4417 31052 2572 6834 26997 3980 24106 31295 20190 17266 14134 4257 8819 32265 7754 8738 12993 12741 27404 25282 514 20989 20879 17978 5769 28418 18226 7122 11912 32527 31565 365 3134 31402 9291 13021 24058 20916 17385 31412 5782 9664 32042 13538 927 13225 6810 7018 14276 21286 3491 31731 3219 26802 3211 29022 467 26822 11277 13326 4657 32559 25666 28697 22958 11765 2761 4683 16898 20264 23968 2272 14448 3283 25731 30399 8849 12289 22070 2051 24177 20215 28952 26557 7180 8439 15313 8017 24656 2101 25162 10366 8140 24674 23021 32451 11177 26603 22206 23326 2282 31811 28734 30288 1188 10030 7632 12598 6282 19572 23107 31500 15795 11027 6563 28278 20329 13592 6712 2361 15843 294 21211 25417 32343 2005 22457 912 29668 9261 26681 7349 32282 20579 1366 9170 18764 46 19936 10686 12552 26589 10878 17025 3354 20580 12775 15671 1559 15289 25285 10349 2134 10121 32713 12930 12362 24521 465 716 30111 29921 17266 8033 18462 3376 12603 15510 5769 12729 6923 17013 9763 11001 10500 30411 24554 1746 12260 25653 40 18496 25440 32729 21340 12689 29776 20831 107 21275 32104 5136 31578 6396 25291 14361 24079 29878 21478 22638 22509 16187 16735 
2890 15490 31223 5396 8384 22077 22255 23304 9607 32671 28913 865 24191 4562 20280 30824 15871 30477 3343 3324 22481 16876 2273 14626 20227 19650 16357 2651 29428 27873 20641 25882 31613 22055 23543 3208 17249 5061 24403 4113 21348 1412 10266 3137 32009 3540 31000 8266 14965 428 27602 15221 1059 15154 3310 7589 16428 5990 6098 892 5172 16461 26239 2573 2421 4839 12587 9349 10098 25205 24504 6459 12231 14916 2893 20256 27068 26011 27019 21884 11234 12344 31220 15221 14071 23262 12339 19034 4046 15238 19444 3089 16932 12458 16498 1362 1825 29042 24645 6149 22880 30507 9633 27016 8701 6245 32468 13243 28710 5888 31263 17974 19289 22213 975 11296 31888 21693 8240 14819 16045 21729 3205 22616 10806 30390 5361 2374 27691 6288 4112 29253 6170 15894 12715 30203 2515 17172 13878 1553 16284 10253 30267 226 13517 25058 9463 17033 6166 26552 23698 31207 9589 5393 22228 1993 21133 6333 30155 25822 2234 12553 6333 26356 14498 29487 9689 24791 11822 14757 8104 1796 30484 2790 473 14535 16611 29843 10632 30543 11089 2000 12869 396 25752 24487 5165 30773 22245 3921 334 18763 7021 19838 32272 266 26287 21879 5321 337 14400 25973 22988 7252 24679 12803 22799 23653 28140 12105 3596 28241 20969 20914 28019 1073 19153 12594 6759 25338 11622 21887 778 1119 26511 26376 24892 15861 14202 13636 2248 10651 12047 1471 2798 434 31915 13677 29063 25496 25420 6291 24135 14231 16824 5554 5911 23601 27989 4173 12460 16433 7103 170 8621 24360 20822 21030 5356 9 4950 22306 14462 21988 5384 10173 32701 14034 24966 23839 6070 5843 6402 6575 25644 16340 14313 28317 24475 5820 6066 31648 1702 10979 1145 12988 24960 24157 6252 24182 19345 12168 7516 26554 8132 32515 21530 13439 29361 32725 
2770 19688 7703 14510 27616 15207 31820 21106 7496 8670 11611 5046 22508 11307 21921 16265 27286 27445 26542 24894 14305 20823 22199 15349 10282 22332 32428 13984 30986 11221 28883 25357 29170 685 17396 30830 26852 32177 7314 11031 6372 10908 12646 2072 30821 16260 28173 24941 11216 4254 15464 11690 1789 27532 25179 5294 26152 13505 26384 23331 8655 6124 20072 11415 7915 19571 26192 16930 31713 6453 27407 29345 2800 8623 16745 7677 3922 12562 24732 22368 11511 19756 29222 10987 23118 26594 20359 22782 21854 11976 9975 2976 16573 26713 3560 208 9117 8447 12717 7970 13551 23204 24615 11601 4757 23664 11352 20278 1499 1374 22564 28387 14861 8998 24929 8240 3628 12807 11211 14465 37 13728 950 32546 24843 27415 30560 20902 20711 21624 20778 21958 28635 19695 1756 18180 10675 30309 6836 22972 4765 3201 29081 1711 849 25106 11999 17105 2137 6355 11482 9834 17337 23482 19697 5069 26485 7282 15749 4586 8497 11299 19201 6018 10486 32206 20801 121 3884 28320 6878 29293 213 16958 6910 28121 1854 8866 26808 1347 11321 24436 12746 28844 1343 9035 11102 25028 1357 4749 14928 843 15826 28613 7437 4132 11939 27300 32295 12865 19548 15008 6327 1429 208 24631 15200 2227 27297 25036 10968 12546 23502 29937 26688 1433 12126 24576 16979 29378 529 31032 26956 14074 25214 9321 24532 14287 9969 9023 26438 18850 29840 19573 1956 30789 20608 11401 11076 24643 5512 8556 31511 19954 18677 4503 20287 17100 26995 7842 13042 26450 5916 28230 12407 14570 19758 6809 22766 30262 17938 6238 30841 18244 22961 23812 4600 30266 15118 3273 30504 23945 2022 9038 2175 5243 14703 32425 5997 24524 23026 11300 15764 22747 26358 28280 711 16312 23308 17778 17023 9809 91 25561 17515 19636 26826 10566 10910 20055 
14498 17612 8808 3701 321 3190 27758 26146 1535 18427 8797 7042 16867 12818 5241 5745 21053 21438 57 12533 2594 6075 23125 8654 10784 6043 15239 14448 24598 29541 16102 4101 3293 10654 13217 16540 15532 14354 25751 17695 28716 25841 15734 12154 23493 723 14896 699 31637 1131 27486 19403 24695 20862 9716 3775 7030 26679 23395 24646 2845 11264 10686 5930 4419 15733 31470 4999 20861 10399 19228 21099 5497 16465 964 16149 27944 22604 14339 11893 448 24504 14803 28909 22017 10173 6524 13062 21051 11511 3900 6101 10508 28791 7927 27721 22897 29826 17233 270 10612 32271 17333 15020 20358 32053 23468 22970 30361 25787 31650 24143 3430 3896 15285 20827 15704 3672 13654 31445 15868 17773 29801 13984 19506 14395 3065 27170 16088 14237 18187 31246 423 12526 7224 29126 23841 8150 21640 28618 15846 21573 23989 21052 24641 17041 31733 7998 25740 16814 21617 3434 11166 27072 16481 32320 11457 27567 16127 3377 10250 24158 18284 28132 28199 25106 17443 22848 11211 4707 27106 32453 6696 30003 4780 12613 3190 31260 20363 1602 22989 2779 30005 1024 13887 19565 10601 6573 25288 3580 24085 6302 3305 28665 1052 337 21891 2384 1386 26971 22763 27742 4184 9104 31511 25065 30561 21588 31689 7242 12832 31304 15972 31182 7512 28521 6872 28915 28904 8954 10950 14135 26909 4310 20582 20820 11479 29358 28760 2621 25051 18246 521 5651 18887 23208 825 5618 12605 13948 31759 28887 9408 22295 23927 15758 24221 19580 4542 648 26879 6067 20243 18501 15159 29987 5496 6637 25536 25907 11732 25564 24865 12612 8 3149 3433 16315 6652 16559 9720 30899 22101 22259 19221 15519 8704 1487 5597 30059 27195 19830 18491 2326 32023 16563 15507 17715 24033 4066 20924 32717 10239 25622 15388 19877 26288 16333 20533 17053 
7888 18826 14931 65 22369 5374 11176 21603 14869 6781 3197 27577 14801 17217 4859 29368 20506 4887 17063 1053 1464 24822 15103 324 8848 13375 13596 1107 30019 30558 13449 19192 10567 20860 1894 10076 15311 9397 17951 26119 19311 9198 11271 21043 4826 4158 11765 22990 9792 14721 8053 23597 9902 24973 29180 31368 10721 295 22673 15710 7788 32057 11075 23258 5070 31344 27432 4245 31021 3706 8269 21058 16886 17677 5886 9363 11949 7952 19117 16768 11846 32582 10937 10815 32551 4209 27329 24099 10089 31138 6621 17536 23914 12720 7212 26940 28415 31054 11678 31716 2139 19029 18708 30376 19352 22989 605 332 19385 3888 11800 21289 2011 16850 17898 14865 3358 21898 6832 4782 27569 21734 25178 25370 10046 24961 21811 26372 21826 27021 9264 8303 32554 13698 16673 16912 216 24344 26760 4584 2232 26806 18075 31208 6706 23940 26649 17885 9392 24217 4279 2302 5436 1446 7260 15421 1958 1994 21447 8897 31567 17504 5783 17625 8108 7351 13024 24247 21978 18252 21277 18053 10955 11511 21142 7744 31104 14786 16848 12446 7107 17268 19630 32478 32413 27897 27059 13910 7444 25175 28142 2454 3098 15744 537 26330 5458 7665 29836 13214 5771 2880 12277 22437 15226 12166 24132 25695 9094 2364 18759 19720 15249 26381 7403 23684 12529 2435 10338 1830 24901 22608 2858 21140 4462 7770 8302 20191 6555 4118 18758 21539 21335 31829 4152 28968 12008 13440 8790 28564 32364 26903 9204 15823 25579 12177 1588 5930 27139 12932 30255 5222 6616 20710 32342 5906 13159 14785 18965 28055 5761 25729 6517 17910 1833 0 16507 596 32434 4062 23984 16576 6600 32216 425 3052 31479 30957 4169 3631 27969 6735 12339 22995 28834 10163 27766 808 15730 994 27491 16250 7526 22141 27377 27772 18835 20515 16307 29979 
14041 20594 29541 473 18036 3915 20201 27337 29123 8340 25755 28052 1050 24476 16856 1606 19994 6625 2356 23499 24949 7018 25077 2958 26302 5709 7869 17499 376 31540 21292 1540 16683 15296 31316 16765 700 2243 7345 13147 32649 23233 11697 12124 10595 5473 27415 18058 20388 18868 9063 10907 18101 7307 26870 25815 10902 26166 13333 13274 21150 32152 29143 31019 4253 28768 15185 8865 14425 24331 8363 22921 19451 24024 18823 3840 18995 30954 5192 1460 19276 29742 19330 2418 18749 24541 14615 22047 14807 1786 8104 17338 30977 19308 10742 9648 24333 7234 492 16923 29548 26429 26156 30012 9233 13665 15144 32331 22512 24742 7609 26481 22297 22172 21528 18526 18601 31672 5647 125 10932 28808 11272 8669 16023 12288 6435 10423 25348 26755 15102 26841 9141 24564 20535 4283 127 22860 3656 25237 20384 27720 8872 21857 26494 4144 10928 11784 9158 18319 25641 11262 13775 12859 17570 9533 25223 12182 16553 31881 26731 16322 983 25363 14206 27880 28986 23546 11878 22892 22062 19394 11822 13128 26575 26384 11409 6813 32614 22722 9976 6245 8123 29755 24030 29691 1001 1181 8671 1925 13935 28394 3811 28682 32535 30038 12864 12296 3599 5400 24658 8742 13718 16850 19946 15943 12192 27208 20814 22124 11310 21349 15012 21278 23608 11949 5433 11735 18320 27624 23776 20857 16553 30871 31971 18601 8744 26655 12605 11279 19374 9429 24291 5883 30861 862 12416 27358 14589 10384 4334 1784 4867 12746 4144 27056 13849 101 15017 20808 32457 27813 18541 14376 4324 26577 15235 19311 23491 3235 16582 28491 16050 25964 18320 8956 31105 22921 8201 19473 21747 8144 10855 17416 19498 26569 29579 18713 17304 5377 5588 7866 5569 2253 9150 21524 6301 14825 16010 3577 16059 17983 6298 25459 30476 445 27472 25703 31399 6271 
1321 27726 29250 18345 28410 26877 14175 6254 24420 23201 14836 21437 16431 30452 23407 1407 611 14676 9779 1984 559 21797 10101 30251 10469 14697 20523 18583 32139 21815 13771 27312 24627 7055 24077 21454 26760 14610 28633 18315 1909 4469 31720 21318 26831 231 5826 22335 11080 29290 29187 6709 19930 28021 20119 27071 26184 18714 19738 11417 4963 16141 23509 26317 21329 8871 29395 30594 11205 6046 24852 27692 17383 17647 4343 19981 8704 30310 20445 26105 2426 21781 19824 877 19738 17094 11018 27887 21844 100 27304 11431 25912 1571 20158 16705 32380 29219 337 28861 21683 29973 18064 12203 24188 22648 4570 83 4466 7454 25143 4555 30261 19423 28086 18334 734 18223 25169 14949 10593 20246 24225 23111 7201 24875 1833 13243 14807 28974 30035 24995 29357 30279 20795 20287 28999 16547 53 23639 1136 22705 347 23005 25437 17691 20435 29338 15421 27891 15530 10410 31446 3169 7548 32425 22999 31735 2402 22601 27284 22366 6129 20929 19927 12053 24191 3093 19344 15806 8258 3262 8266 7042 27272 25300 28176 13059 31580 11947 23931 7953 4787 12245 1590 31733 19945 5589 14332 5986 11389 15279 13146 20622 22362 15725 4357 19788 13803 7357 8228 16600 11696 10919 26049 11898 23679 31926 19978 8253 9663 19414 31612 3843 15424 2473 32426 31655 32552 2693 31335 19267 22232 31861 27920 19016 32628 24779 29846 2068 17435 8230 20714 1803 16633 13669 10369 18119 21742 18835 21306 11673 6133 31894 9108 30788 20610 32529 1792 25548 32562 3913 8309 20033 6456 5669 9068 18441 13723 17505 5264 7670 23359 18629 23674 12681 29526 1038 14748 20373 32333 7652 11718 11363 13546 31776 24253 15443 27618 23291 7797 21103 26904 7597 15885 10401 13180 2761 14736 5893 6475 12625 27740 5874 5448 16949 3388 6293 12921 17357 
13014 2519 4697 25131 6128 23831 299 3777 12487 28461 2662 3531 11494 28348 156 28969 1673 28112 24273 26577 23433 5254 18686 3701 27908 18637 5223 13688 15130 5551 27132 985 27266 20074 5529 25627 19923 8975 29919 7797 6418 5784 11701 6518 20674 13020 11095 28141 32676 10488 27647 5477 3142 15270 21533 31801 20107 18225 2998 3096 31426 16754 19060 19693 17069 24957 10603 3994 25482 21657 30299 25542 25165 22287 29435 2136 9888 22352 30306 21216 13609 10116 14061 6577 23933 30584 23425 30414 13004 26820 24372 27964 3655 28786 15004 20075 14446 2716 23531 13244 20954 6974 13302 16025 2749 20540 8256 23087 3483 27624 12604 2888 9118 29664 17019 4984 22313 23066 22352 29671 22534 6292 26481 6396 16483 25857 23157 27180 14130 27529 21383 10821 3267 28603 26318 26928 2512 18537 30232 12091 5185 5618 24262 2959 28629 15674 13007 9609 21060 14033 7725 14682 26910 26424 5901 29481 29963 1690 17140 22395 3884 26640 9231 30240 649 31331 11568 26886 26317 11290 31320 11034 28617 7342 21527 29252 18277 17426 6406 24601 2678 27641 19374 30222 10353 21113 13785 17738 12293 10793 10588 2434 6304 1523 24208 20364 5411 31407 1454 5050 18903 19551 4061 26220 1781 17871 28656 17743 8842 26265 28091 23005 6454 290 19670 21422 5149 6042 24179 15424 30406 3663 18219 5101 16212 8086 20872 14041 32201 27602 7553 5866 23538 4243 17928 7143 25653 32434 14199 3320 18977 23913 10949 29746 31744 14944 13404 544 17518 23546 2329 11000 3704 29728 12017 19424 15458 13417 28280 2603 13229 14530 16754 13439 8302 11250 31282 17985 23160 31503 20230 19730 5724 19754 15976 5002 32227 2160 10181 16787 11651 27748 12137 23051 11448 20547 26477 27530 6132 6934 29996 559 22712 23115 1557 13076 24588 2187 23244 2236 
13819 3468 13125 8477 13368 2923 12050 4073 25298 26560 8787 30518 21015 25854 3726 13420 20578 26628 17990 16080 18417 8103 28366 2357 25454 17827 29355 10324 32289 17699 7845 16652 5173 29944 13763 24781 4208 95 22816 25149 6117 18224 24884 10545 20096 6488 31023 1550 8293 28481 32691 15322 7018 31259 7069 25026 32553 4114 18179 17944 9189 24372 9470 4124 20475 5623 1992 11478 13689 1161 11090 27811 21067 30776 31484 32294 18540 14785 12266 19492 15531 32421 21596 1740 7883 2953 27600 28407 11704 18258 6151 17222 3606 20083 29669 9166 31735 13771 25519 26159 23490 24143 21913 4123 7063 29184 20474 11555 27487 21088 3472 1515 30488 31934 21370 28214 27626 20581 2771 32187 7135 12779 27023 46 23099 29371 17332 10716 7945 2943 16694 11616 8061 3420 24440 19553 5622 22068 12604 2032 24388 5510 3954 8490 14160 13221 32216 23114 25177 32061 3283 16258 27170 27425 7572 17026 23775 25234 32310 32308 6 19430 31377 20486 24582 28896 2029 23977 24310 31388 30231 25380 26099 6750 19291 14141 27957 15967 29822 17424 24072 31452 8695 15701 20873 10487 19359 14726 6493 22171 30095 20599 25115 24008 18345 16402 11992 3065 25157 31882 13195 29365 26816 17455 4871 23686 26784 16175 3052 12984 27786 16467 21042 19300 5572 27745 6933 16722 7793 7096 30845 29934 31912 9620 23700 14310 16107 2505 14016 7368 22469 13084 11407 17152 15576 19694 32040 4316 4065 17435 1906 16000 8373 18973 1488 24365 27752 17278 15751 6243 23485 19182 4553 1100 30885 6885 32231 12780 3794 710 8916 2005 28381 15160 3661 31188 13771 9152 20861 27140 25176 11823 16491 15160 19374 27079 32619 4459 30212 2393 31758 1968 20036 18794 23147 588 16452 28233 6673 24023 15752 3890 18475 154 30742 791 12464 6750 22944 13389 
2709 11697 19175 13856 4987 7599 28762 14814 30262 22610 11588 640 29904 6818 7743 4453 10080 19651 22642 11744 15013 7212 15862 4528 15170 6284 6681 17331 21590 5352 941 32164 29300 28161 22517 24301 7733 23753 18215 6174 2536 7487 16960 15998 8178 26419 1879 2812 20309 28868 3113 10248 9277 7784 4099 15122 7599 30855 11405 24325 19300 18800 3128 32559 4550 3967 30779 21003 27316 13923 21304 26678 25464 25456 10923 27666 21599 27303 12253 14993 17238 17619 28823 1942 20666 13273 13169 1138 28696 22247 9383 6975 6731 24976 21539 14491 18286 8336 26570 23971 29343 26500 12981 22682 15852 28606 23074 13200 1922 23467 19549 3545 25811 31896 11840 1326 20141 20914 30888 25655 19002 8290 23231 1492 28483 26605 5286 24236 10356 15 23214 16529 11525 16092 31006 1941 17852 22835 16067 7364 18545 24406 12779 23137 30049 30576 6645 29009 9253 193 23301 17224 29160 25580 23780 31326 24193 18439 18089 12850 17103 7320 29718 10937 24660 18557 9793 10631 14187 12919 4190 4832 9152 10219 1485 18690 823 13583 23525 2711 12317 3602 20975 30463 30574 1979 30063 18924 20537 6554 25407 26781 28578 604 909 14475 26663 21858 13474 5586 20109 12889 21403 19701 2916 9895 2157 19312 25149 13674 4310 7840 21117 20231 22718 16218 11218 1366 21856 6287 3671 7975 7744 23825 28112 23967 3734 18233 21975 25499 110 13833 11151 18200 2864 23039 419 15173 28913 189 5175 553 4193 30673 15858 13604 8311 13479 3854 27648 21599 30802 11529 12819 29481 25609 841 3754 2883 7906 9621 13800 24163 20411 3102 9454 3731 21361 2650 21837 18820 5179 30101 8621 24708 27662 12094 27180 9166 12427 9801 20367 6596 13201 1792 9585 20337 22807 29002 8213 23102 32664 26845 8527 8351 19641 30623 30471 20463 30711 
13875 32707 18071 26000 6090 15766 18524 28664 26434 30338 8519 22619 19805 9362 25800 24057 31967 17487 11147 25873 18946 30421 21111 25186 20066 9002 17599 26413 16411 17977 21929 30686 6029 20360 26204 23539 18858 14417 19764 31924 11649 13332 25307 8324 27724 8780 16750 22634 3999 26610 13690 3918 21466 1086 16337 14353 914 30364 15688 30120 23872 28609 1534 16777 1832 6855 9994 11872 7324 2767 10722 378 117 14339 25074 7051 13502 22911 22495 28189 20830 30989 31891 15416 32661 28090 2346 5024 32715 31926 3027 26994 3642 6430 32725 28616 918 4671 14570 2581 31623 16938 31795 22755 16565 18277 30532 12286 24268 24169 27540 30793 20975 27256 11289 16004 28029 30727 21359 17914 9051 23512 2352 28309 24309 21879 10077 27923 23140 6360 9021 31537 26388 18565 20441 31553 22676 9366 24234 8430 13090 16371 4720 12699 12033 16814 17002 4689 30245 12754 845 31096 22877 2056 15343 20182 30112 14043 4159 25720 3656 12590 4610 2088 1194 12323 13376 6190 3403 20153 10326 14050 28719 11045 16001 10979 24139 19000 28425 17750 13830 30769 32200 3566 13703 27313 30836 9897 19353 17852 618 1557 13840 2180 27581 4325 4678 669 26175 32591 3318 2363 19758 13470 30329 27841 16809 14182 10987 27099 17465 16436 8972 11264 7888 17284 4465 22064 3254 24504 3449 11075 26994 10085 4521 1677 32380 27871 12433 6062 1716 7077 14016 4927 19031 14887 19579 29483 23411 12540 22303 9929 8679 11879 27660 6409 31767 29964 7927 25936 10983 23681 32582 22928 24220 23285 7614 2850 9685 1427 31084 653 26659 30536 12810 31521 16551 20835 27866 29801 28222 20268 30158 27586 8145 7535 14370 23961 15210 10226 30052 14215 17763 4051 27502 25700 21236 21381 20907 1286 12943 23681 4290 7949 21299 7522 8971 14815 17232 13057 
13508 11035 27253 28627 16549 24139 27300 11015 14085 24473 23977 23878 1789 9280 23491 5383 32299 19776 14350 801 11871 24893 20355 32041 23508 6076 32148 12082 31885 20537 29052 19975 20952 7811 24996 4563 29893 26452 21134 11624 21330 27702 26713 4982 22586 25889 13570 4747 18117 1399 19350 27042 22737 20467 27739 4279 4631 31052 3323 28893 1803 4738 11373 20656 4493 29521 30643 282 10626 12789 17972 29486 14659 7809 11092 12230 23020 3576 10432 30008 21053 18494 27727 21692 15620 17015 13872 4855 1594 12556 6111 30042 24401 16070 4892 28949 32688 13086 13318 25140 7489 32669 9996 12462 23347 14003 5996 7234 10290 19030 18526 27557 19140 10516 1379 12157 32710 5985 2253 27586 32720 10067 5761 1376 25258 12543 21428 18932 19974 13848 22821 31319 23763 20438 29416 8317 21153 12456 21952 10632 23162 21243 14833 30254 23348 24318 16983 5623 27943 31767 13260 26171 8751 11696 16265 10120 2641 13478 9921 25724 11490 32382 3513 30496 3891 2147 26577 12696 3074 6821 31565 29674 23207 26890 17733 3465 17750 4091 13891 27629 28527 3898 10250 14478 19579 13576 9628 4796 18693 17649 13521 10046 8367 29990 23415 18910 32078 4252 21795 7906 27746 11303 13620 16236 20352 286 32324 5363 5615 4918 25264 21956 9787 27222 8527 30949 10545 6094 8901 2244 17293 32548 6534 15160 16560 27552 19329 7726 23490 4174 8865 22577 16281 23367 3467 22377 16391 30364 1390 18635 15506 26829 19833 30698 14362 24228 22583 28543 2137 1411 6846 29766 27966 24612 7947 8362 21619 6424 11306 8444 15407 24995 3020 1421 8736 29480 9780 5308 27756 18616 23382 26186 400 15236 22563 11072 16227 30129 31936 5224 19124 16446 30399 693 3980 18053 20513 30753 18098 4066 4180 24235 14773 13243 26770 31527 19088 16882 11067 16147 
25788 9913 7273 26119 3913 18933 32165 22570 22743 16509 32661 8027 3585 3848 20789 2565 4284 10472 25058 26443 13454 24344 19108 29251 32345 8442 24144 9588 16356 8504 17700 10989 23923 27351 30583 13500 26075 5600 19347 4592 390 22992 7226 7329 31888 23219 14205 31760 28132 16472 24021 1274 12433 30509 24512 10808 23229 15969 28962 6647 27694 2885 7706 2135 1372 22630 9313 2927 8418 25062 17799 10644 18002 15275 19579 22535 25958 22471 6838 19475 19546 22286 4890 29998 22376 19691 17370 31993 8637 27918 8800 9370 18547 23663 9675 7307 3848 7731 23411 8649 24315 14746 12426 6718 23949 2193 3023 32765 4867 10810 10870 28588 5063 29030 22524 32128 5138 27115 16032 14430 21729 7106 26164 19717 28209 13581 28610 25534 10440 12099 20368 1759 28125 21391 32193 4313 15700 15174 17914 32267 12020 10209 16535 29455 31532 1996 10187 25894 29625 9165 1046 2165 26066 7354 13634 27142 23174 13985 9545 466 11877 17237 22919 20095 9046 29416 30542 24400 737 16633 9148 24070 8914 17801 21113 29223 408 18059 13165 3097 26931 32713 26915 14903 29772 2500 29260 20231 6528 7222 23785 27608 10043 18364 24024 7467 12455 31229 27998 615 3643 21597 7957 22126 4408 22037 30924 10089 244 31976 26229 2018 2636 5300 26632 30889 28654 6716 21353 18486 21387 712 1918 4695 15526 23391 23442 25031 30741 31014 11891 29784 6914 15843 4052 6550 9298 25709 28952 3338 22782 13306 11928 19886 29064 18887 758 5094 15702 16941 24385 4350 1117 19644 20394 22450 11253 3668 11588 25822 13055 28562 24150 1321 16728 32660 14483 13590 684 6337 6169 27834 2216 12573 20468 4970 30181 24711 27916 2839 23342 4714 7583 32268 6215 16733 1629 21548 4425 29611 7467 3639 21835 14630 13048 1995 24021 27041 22848 15339 
29618 12333 23965 12408 3679 8265 15527 5917 27161 807 13586 31447 1989 28261 31396 863 32272 8868 22258 19536 20545 7648 30333 3441 19652 3401 20207 11035 25025 23803 6839 5074 19629 5649 3512 24104 3058 9496 10200 10342 9849 21152 25506 14008 14487 24912 25040 9472 8936 12445 8993 1255 25334 23531 22043 21960 4091 25836 2165 7991 22720 9155 15807 25313 14307 310 5272 2541 1672 1481 26326 7259 26016 23386 23724 20754 30413 28723 21479 32174 4518 26419 21725 3468 12842 8729 21232 9278 5463 4092 6414 22723 23614 24976 26910 16713 9380 18203 19035 27803 1880 22733 30122 11349 15861 14545 1742 32207 17106 19680 8465 12517 27266 16546 29593 15943 30945 12532 27768 362 14457 13987 5439 9085 31610 6691 21624 6512 8713 18165 3343 27106 15615 31010 28870 12247 13054 21453 26008 22606 31375 23557 164 1362 1336 8114 17104 11503 8854 12318 27070 24944 289 10563 17414 892 1323 16504 7242 16771 13653 10740 3490 13548 5473 5019 16821 8774 6055 12740 12014 3667 26469 20220 32010 18588 30886 21237 10138 25611 23087 20334 8121 5890 4664 17233 19266 21071 18503 16971 25144 13305 27516 4778 2875 5485 19133 28904 21653 7906 20424 8287 13588 6918 14808 21326 18220 21609 18349 21602 192 5777 21687 11459 12258 26625 5038 4705 31940 26484 16009 24972 20125 15948 23332 17857 14949 4217 1935 25776 12183 23544 8970 11213 28252 23391 22639 3879 9488 26471 8092 4782 3222 13459 13259 18418 3652 29112 27155 3322 9880 18360 5280 15682 30177 21192 29361 30138 14995 15180 18582 22223 544 20287 4101 15544 14581 26018 14398 14242 1053 12675 5719 27729 13354 579 18267 15553 27711 17581 10416 6947 29537 13094 31862 13174 7053 5389 18783 2592 3503 15626 26587 13960 22256 15447 3575 8999 22313 10508 
29502 19274 9607 17269 13142 5142 19228 23670 16902 19578 25792 22871 28146 19461 2558 8103 14861 512 18641 13521 28328 31972 20061 16047 32105 20883 15376 29608 25482 28201 14775 11460 109 11256 16081 29464 22358 20435 24810 30516 22504 18552 24689 29725 29012 1780 13770 15925 19961 16580 20308 12807 15761 10259 6429 30117 20679 8935 19808 21698 25993 23599 539 2078 4489 7584 8478 20612 2304 14065 12082 25117 16823 6413 28082 11 32593 11380 20804 31581 15174 11899 27263 30799 14484 7597 10506 7352 4997 17003 24610 15169 22805 28261 30426 6603 8590 30242 4757 27629 29806 28586 460 9366 16822 31408 19074 23539 30518 2699 1421 3963 7306 15732 21606 22041 9388 15539 5470 8968 11883 27147 3142 4796 11956 20636 25194 3159 8824 16708 379 29260 16840 2226 19112 30234 26343 4699 4282 25292 20361 1311 28941 3410 24792 27751 6426 5567 9966 16296 29504 19778 2885 19865 16910 14788 18420 20797 28876 26728 27862 19323 4272 3983 18661 15414 8667 8207 196 6644 20177 14739 20902 5645 24500 907 21674 4457 11370 18381 25064 3056 12015 17760 11840 29602 28787 16530 9506 488 18396 23704 24104 2778 26139 18386 21053 26956 22023 29075 12346 21721 19308 32592 26653 7040 11791 22105 25310 16839 7615 32303 19640 5657 2889 7159 15698 17684 8928 11165 8399 20243 10855 6437 12331 23012 27405 8286 29016 21517 10463 15803 20445 17917 26487 31536 5954 2244 16050 13813 23878 23426 6211 24926 22961 15040 22644 216 11693 14453 9357 12035 21534 1810 3712 2852 5444 32317 12223 22930 31477 2413 21805 31364 24248 25216 2992 10034 17161 21619 29563 31206 6839 31544 29894 32003 26262 10954 26180 8642 18355 26379 24252 13757 8304 12200 20718 13104 30390 5489 22051 12599 20328 31798 14746 9495 627 26996 28422 21038 
12168 6401 5926 13756 28132 319 8870 29636 7683 13330 10605 32330 27060 29526 24381 17533 7672 16289 6999 3513 1052 19376 24022 7129 27905 7508 6592 28355 28958 15527 15768 10273 1004 24055 23580 22851 7790 7760 27965 18523 21108 9962 14036 31730 7869 14898 32295 5680 3186 6291 5389 23837 14626 24330 30340 22831 1652 32472 16371 12933 11934 9023 27079 31280 3706 30997 29304 26464 9298 28548 8744 17888 1059 14139 8889 13494 21394 28347 7409 13337 3763 3873 4171 11524 981 31948 1625 25314 6994 26044 31094 6995 31728 25270 5866 7996 4618 31148 11021 2557 14153 15120 16925 28982 10738 1448 16994 23512 12979 5676 30218 2753 30997 13238 30544 26476 5406 1329 11304 8643 9938 24550 26951 2555 8728 24252 25794 11925 28200 2041 10666 23353 2157 9522 30499 21737 1526 28947 5334 10981 16423 5488 3868 10406 5685 3939 20631 1766 28311 4903 24282 17847 5217 29180 27560 11928 22647 28083 2643 31454 17225 29931 10505 4629 12469 12215 6532 28984 18299 6131 3994 23461 20681 25402 2583 7814 19735 22667 19084 14321 26191 14054 23976 30647 3435 14266 18039 4169 30772 9119 8720 26801 27385 2172 4008 2458 31665 30885 335 23047 1030 32154 21092 15493 24458 11952 3808 13525 20976 16564 1632 18428 22675 4256 12517 14979 32174 18404 27944 27750 6037 17863 19243 13056 3057 8520 24908 19020 27723 17336 25729 19325 19068 11482 1104 6065 27800 8550 5 30405 3331 16389 9724 3999 5894 31332 20106 25135 25094 6528 30967 28736 28945 21800 32067 32325 5617 27785 12414 2433 14829 2520 3559 25720 5176 26816 10115 24104 27540 7629 4231 23794 31774 23325 1096 19294 17488 12928 8760 9950 1618 22021 27138 17271 10850 30788 4698 14343 5074 13311 11820 19158 20283 21910 31622 7824 21149 12759 16456 6868 
15292 30615 31966 27269 28248 22852 5543 22828 426 24325 32012 2235 356 1967 16697 31751 16646 2305 17917 6656 32426 169 25503 5007 26370 4006 6414 7230 26718 796 25384 199 32416 25315 7795 21936 13165 12623 23700 9183 3763 28435 29227 1917 16510 11161 1924 234 6577 26831 58 23666 16900 8291 17741 28111 31053 4276 20129 24626 20587 7091 9804 22831 19622 11095 19819 29621 29952 14945 24202 24729 24480 14579 1809 17996 17949 6385 22186 7495 17396 22428 24037 12140 30697 23936 27369 7601 9141 24478 7181 23606 20325 12763 13067 20445 12095 6117 26391 16837 717 21950 5303 17978 8679 30391 12937 15937 2960 20450 24 17968 25797 29535 8996 23701 16538 830 13958 24024 15321 15774 14913 6275 10599 6979 6162 20491 21868 22674 15852 16962 8724 9385 12144 18416 5762 29464 3208 27103 23907 17235 24350 32104 21109 22922 25169 12180 31181 10330 10241 22545 10143 32275 15034 9779 12094 22821 28861 20800 15486 19873 23175 8871 1855 1161 13197 13333 6980 23930 12482 32651 21206 7301 15708 7366 20356 32655 29121 26182 15578 13939 28294 27320 6187 5877 3827 17211 27177 17178 9631 1811 322 21377 1523 16474 14966 17695 18415 10421 22704 29180 29965 607 17412 7450 32688 14831 1463 15381 10639 3387 28295 21272 5292 8669 5121 7346 9122 19124 13572 31676 26152 1895 6405 6335 20441 15529 4266 17833 11986 7007 3851 29358 22172 18123 5558 27592 27701 1124 27166 30408 5739 2902 20286 12456 7114 2273 13744 11896 16484 3964 28802 2561 5053 98 5876 3929 21184 20575 8380 18826 13181 26197 19368 21001 28188 4721 13052 2522 12911 11452 22847 12922 9779 20358 6040 7237 5292 225 29139 20006 17763 20294 5964 24631 2498 6009 6864 10988 1978 10997 28155 29123 26871 1377 17613 6258 17110 13941 
16404 5804 14256 23085 20412 2921 22809 9251 5280 7183 9648 3910 15950 22511 222 18012 13908 21158 7837 21771 25881 26503 23928 18467 23557 25205 3460 4181 1915 14577 6983 8744 30645 21473 10966 15773 16840 31055 28091 2251 25851 23022 25869 26142 10629 22592 7087 5932 184 13393 9490 10045 16347 25918 2975 9649 25286 8020 15490 16871 25391 17340 7328 1243 29005 22398 7708 11243 21261 3244 23648 13922 1392 21732 5456 4039 3599 4965 30517 11903 24971 3952 1310 30404 31592 4694 10630 12057 32532 15625 25016 6193 32680 21518 8966 3611 2767 28758 25830 32612 13027 4675 26328 21546 14116 12299 1734 28378 7701 15613 8123 32471 23183 15162 32275 5040 997 13342 18834 31422 25583 17851 32596 24838 5472 29447 27289 29335 26890 25087 7979 8263 6796 19796 25354 9193 3118 31033 13296 2835 22211 3326 14120 16719 9450 19991 10264 24972 22638 21073 12799 13865 9384 4222 21577 7116 17553 21323 24175 3207 9229 17416 5846 31622 123 30510 2121 5589 29528 25408 7619 20976 2193 21621 3745 6218 11226 18061 2077 27143 14721 15987 4704 4475 17594 10516 18046 31157 14337 21984 3532 15549 4103 6893 4209 16158 12440 10924 23576 22791 18778 17560 17442 14262 11090 7307 3786 30130 22271 31327 28419 24215 31663 30614 23542 9140 6315 7726 21442 31065 7425 19840 32227 17895 17969 15354 11387 25697 878 817 22066 27047 25405 24701 24569 16153 11328 9939 25565 8618 27432 8278 32504 13379 30984 21306 27404 26236 3424 31921 31210 26904 16709 31493 16156 10062 19297 31425 1821 4739 17688 32314 11957 7727 192 24776 24842 12818 28298 12684 13715 3014 19431 2314 15419 16234 8287 19026 27596 7801 3581 25543 10021 5150 5944 19368 12129 18024 13478 3056 1506 26857 5636 2361 26688 26796 10725 30193 16531 24097 
455 30104 20897 20922 20684 32240 8425 8085 27631 1499 16516 14514 13500 31373 76 31346 26596 6673 32317 9492 25561 27239 11512 24487 30638 17931 30876 16810 26489 1126 10212 32229 31946 28421 14856 16979 7030 9825 26969 30402 4189 2986 11103 28801 21200 1508 21824 6873 9098 3306 22000 1894 13824 28928 21619 23711 2967 19363 6146 5296 9549 15730 10824 11100 13750 9689 6245 28295 8079 3739 14431 1350 23031 17439 26118 8851 17356 1058 28849 28208 14079 17433 14837 90 15711 31070 25571 31069 25899 19035 4666 23080 5147 20582 9391 11933 18153 7745 7796 9389 142 8293 32058 10465 31103 3767 18607 2366 11659 26989 11832 21904 1983 24442 9264 22920 3677 1405 3605 17068 19466 28601 29357 4472 5830 18822 26529 21689 537 26458 1881 27906 26252 2520 25416 27735 19005 12202 10955 30752 25847 11611 4123 29332 2383 24239 29561 18549 21496 8657 5088 8502 28916 15395 18894 10694 8205 15286 23051 1077 3559 13341 2128 29882 27228 241 32404 21406 20182 20915 2383 14912 14704 11594 7457 185 8153 9137 31774 26577 25652 436 4947 30698 14145 12152 9178 29110 17923 13205 2144 31161 26349 15193 12415 15003 24546 20442 18055 9638 5346 5139 23596 5015 17357 22723 1563 11809 12664 22887 7577 9076 17719 7105 23282 20814 22693 3164 30424 29523 31806 16434 22687 16550 4316 32353 25488 14687 20247 11107 14825 26295 15079 32198 9258 22417 24252 22634 15647 24596 25100 28349 18114 21943 4202 12768 9032 22470 13372 14182 8427 12207 15383 17095 24973 5134 432 20847 1134 3797 22169 20138 20769 14150 4456 32498 13247 707 15169 22769 11887 25651 27289 3784 19261 27357 2778 12354 29419 25827 12755 9284 32216 8858 14027 3434 4092 29346 1959 17605 13174 1664 7623 4209 5834 379 16157 18900 30945 27820 
5101 6631 9563 17657 19684 31291 9436 15603 5216 10291 18805 4290 2383 32151 31376 22341 11286 282 13566 7191 1349 6360 26013 24323 9769 3756 17174 19547 13630 18446 24233 28201 8436 18545 24454 4542 22391 22255 10880 17612 24041 5240 26301 21259 27148 6174 15270 20505 16319 30332 21899 18966 20958 19342 25698 4079 1549 16272 20824 31828 16454 14396 1949 30817 27944 4091 24166 4171 18444 3567 4447 28011 32690 15787 19660 32436 7073 30831 31489 17791 23471 5409 23906 16341 23327 5122 3600 8109 21655 17548 32164 13707 12505 31616 9011 17132 27818 8143 17283 23594 40 32462 18405 1465 25483 15530 8889 26723 29846 9094 2223 18344 21586 23178 4233 9769 23098 31126 5013 32405 10095 29421 3118 4682 21745 4821 3287 18897 16852 27502 9528 7838 6832 30679 17254 22646 23073 20417 31074 17697 20394 26455 4479 9904 8422 24674 14226 9432 8040 28212 5071 26200 16487 5729 16351 29449 23130 16777 1954 30033 22275 29445 16212 5128 29116 22330 22210 3608 14350 10787 25589 22005 12978 14948 9790 5948 23450 26182 10436 8101 119 14464 9227 6992 17018 23811 7124 7091 17115 4751 30410 29681 24130 10078 2243 12473 24482 13282 25937 31739 22628 31315 10098 10246 11382 12064 23878 4277 21838 7906 31615 27935 2301 25911 5769 25871 650 15426 6559 20381 24361 6922 8539 2324 13235 992 2689 21869 22645 18201 21727 5669 27781 29266 15059 23330 6127 2771 26051 16638 24523 25739 4466 32138 27679 26812 20034 24526 31869 7551 17720 29638 31527 19008 24864 8281 20224 8338 16304 7703 16433 7163 23175 15642 8191 28105 18399 16069 4876 9318 9963 32365 25864 13718 8852 28618 24631 13220 22422 32520 1992 23162 28839 18847 10502 30194 4154 27408 10096 3291 24097 3808 29822 4716 15766 28776 3126 29845 19391 28228 
14337 10095 3927 4352 16706 19291 10198 24609 21138 1658 29595 14710 16551 19205 4566 16154 31483 5231 3827 23706 15985 16610 8633 13095 20791 1552 27991 23478 2937 26319 25507 11707 13546 29782 454 17593 32215 9392 27775 27298 9304 11384 26722 20864 16341 26774 31476 3467 6197 547 2945 32742 29650 27006 15866 15990 26376 20299 23914 26525 15951 13676 16555 4063 30878 88 8028 28701 8014 4009 25650 3471 19541 4506 15636 9918 15810 19677 1996 21301 2265 3189 13649 4195 10055 27762 7518 28151 17716 16351 28910 29690 16677 32053 22540 813 12618 3789 1020 18584 5851 5210 8823 26367 10039 21979 25471 5975 30639 11636 25312 31620 25492 4166 27903 25018 26496 20653 882 41 21558 20272 31710 29878 32507 1717 1029 19743 14688 25654 32098 24920 615 28997 14034 10823 1589 22267 27392 18635 5148 10662 31539 29234 27949 12186 1522 238 32444 24182 24148 8432 3964 29334 27152 9235 25706 8810 10683 24679 22249 27563 1504 25640 17245 27608 21932 5133 20643 29700 22146 10673 20806 27744 9791 2204 25938 31564 1359 30464 28531 19231 15530 26928 3755 32423 5938 30308 22315 293 16459 11844 20545 17202 30522 27148 4816 10986 26054 7797 849 13499 2708 19727 23703 29266 5426 10346 24636 29921 21514 13318 23151 25569 18532 1560 31391 22577 16942 15963 22562 5300 14383 1886 2161 29359 26198 20207 14512 1086 19309 31816 12531 25097 12130 26527 31303 28231 12457 30714 21536 11948 14262 16772 22044 21945 3777 28371 18106 13222 22489 23090 27728 8749 9542 11444 24922 24103 24027 27054 11637 11078 26883 2335 23951 25193 22506 787 7453 9997 29144 21968 31327 16713 24150 22958 23523 21736 19656 20215 15376 12000 16653 3539 9930 31799 12899 11498 19448 27398 5110 26492 30538 6776 26204 18596 20657 10744 28984 7796 
7782 29991 21940 23889 23027 25260 21536 27675 25321 13406 23936 2614 23324 13276 11884 22378 15507 29460 3036 11054 26132 28489 32516 22231 2631 12037 5484 8685 16552 23689 28826 23114 10758 12886 17630 14890 20847 16220 2855 7792 5231 27708 3152 1856 32279 12551 15905 1077 31698 29767 2178 18493 3538 14199 19822 23442 6209 4222 11651 29444 25409 13967 27568 31210 8153 10734 21927 13893 612 27212 10704 3385 29801 29352 27579 14972 15499 7626 19653 14875 26469 22200 30772 23590 20090 20095 31677 21574 27402 4316 21012 7851 16810 22997 30984 4420 26978 24204 23150 5293 8138 7354 5001 8954 2279 29551 10713 8040 427 19342 19594 19574 16336 4244 5550 15963 3309 16228 1424 24705 8299 15803 23303 25007 21431 6198 10839 1334 17979 13833 32738 20529 31021 13335 8131 10218 6427 1399 32557 11761 17445 18190 21973 24379 20704 31707 19550 3798 1785 349 12710 12531 5696 22487 9154 5118 7157 14785 30797 5026 4767 27591 25573 14163 4835 3258 31210 12742 14485 20857 29482 7327 29872 21955 23905 29443 28033 18236 713 3780 5603 23520 19434 21826 1109 1181 24400 15608 32330 1485 27005 10867 1820 25710 3852 15663 7096 28320 28470 2667 16592 30487 4445 21438 11323 1260 2989 30989 31011 1222 7111 11813 31491 8025 16278 2007 24413 23254 15768 19749 30860 5541 12689 17225 2652 15547 15752 11235 14275 25666 2551 11018 21647 1919 24403 26166 12767 9361 26218 10935 15283 18297 10711 18619 5189 12397 14203 27631 18325 32673 29383 31900 7558 14451 5303 3595 22461 6213 17791 5185 9654 22862 27890 27938 14327 16285 17095 21396 14077 27024 2685 10462 20413 28178 30182 23077 20561 25419 702 7286 25977 26518 30826 19682 15645 17323 3111 21278 901 9248 4413 2388 18008 20090 17670 21758 6360 4362 29602 19676 
28263 5316 19533 7909 418 22410 4399 1555 3599 23002 32426 2215 26287 19290 12115 6706 28342 4377 7042 20751 27243 31704 21004 12223 12434 29845 607 3714 12649 18493 2128 1505 21209 14844 51 12901 19770 20852 22786 15566 14261 7303 27057 1203 14883 31209 3557 25522 4734 18527 1623 28261 32685 28565 11047 17951 24753 23462 10058 11135 25652 8096 18408 27829 30709 10465 15585 634 22360 26990 22299 18716 25790 16106 2433 15018 5411 18874 12705 27963 31880 29037 26731 13949 31134 14304 12926 3126 9244 13519 26308 23548 25972 7150 12904 9935 1492 13807 3568 14159 18574 12606 26194 22511 10757 32143 8842 26402 29483 28181 29946 13752 19999 26617 22957 13309 20264 20543 13666 22841 23192 32295 16181 8351 2547 23947 25869 18635 10962 28413 26089 30883 29099 5900 12326 10155 22668 6430 90 10306 12312 172 20396 1870 23136 32243 29125 3222 16502 31496 31353 23782 32066 26523 19199 18005 29849 32686 9 30258 11853 4277 27862 9667 20942 5006 6597 3817 6223 11789 20389 11358 6056 20014 31987 19950 21803 1400 25044 28228 25248 10813 16106 7569 15993 19284 25511 26964 3985 13034 12418 22105 7148 27309 21957 7475 23930 10580 1967 17093 18739 30916 12523 19180 32167 7731 12094 22388 3501 7729 18717 24348 2307 9575 25769 12735 9633 29726 2541 15405 1152 27559 30773 16920 26987 30317 16326 26219 9158 6671 13433 11169 26997 14363 14525 19901 23966 17735 5819 24480 32241 800 23122 24880 3157 3885 12110 15216 14930 13796 15492 25007 15860 13022 14161 12612 21546 31817 19466 19774 24917 23943 8315 9696 32242 18978 7524 12725 28726 6578 17471 14496 14743 20722 7170 19415 20624 29811 13044 30087 21212 15440 21667 19521 30444 9335 29778 2061 9560 30126 28152 6372 6431 13563 11419 31961 32214 4087 9658 7636 
1715 432 9274 11696 31162 17578 18911 6402 25135 28057 16571 29629 18205 16689 5278 30038 4009 15525 11870 18942 5604 17533 26430 17768 24060 19268 6340 20626 32679 16553 9875 28414 7906 26709 6298 12864 242 13607 7469 23574 22490 11473 31878 3802 19788 16324 31407 8767 17899 23882 25819 3003 12899 18052 11783 27567 1469 12460 7857 15374 18423 32206 20628 21420 22532 6914 19071 31637 14710 11644 15003 12045 2159 26486 773 3784 13676 19592 23781 11449 19374 14325 6897 29114 13879 27466 8307 966 55 27663 9443 17205 6542 6501 24337 13247 8126 26050 27321 30255 20298 25430 2512 26680 24475 5545 952 11171 29883 18807 1512 26425 2477 11208 32378 18993 24437 9531 18844 9462 9360 22439 8790 27752 4849 30255 12770 32013 23225 3963 21300 9550 26433 2171 25938 10679 11804 20903 9710 23048 26309 29555 25398 16982 11246 3551 21209 26136 18610 30118 10739 30380 17157 22888 19969 29012 8991 8464 3059 667 18769 25350 4101 27617 32694 3303 7600 12635 14291 22852 10929 5644 16850 10567 17953 26809 7877 20922 25792 26738 19796 14565 30556 25612 11651 16636 24927 2824 20758 15769 5747 25435 32449 32026 26177 30528 9411 18458 738 31609 13221 3666 7236 1809 15254 1793 20321 31611 14281 25147 15508 23080 30122 7198 24223 9318 10365 20860 10482 10456 11643 23971 5414 25262 23567 8538 27394 14402 21650 19259 2968 8212 22580 32683 26552 4744 9612 10643 22858 842 32070 14510 3713 19647 31878 13913 26854 3983 12428 28994 22070 11415 18657 4264 7611 1574 27460 21610 7343 14810 28788 24850 27530 14044 13100 5235 23052 20938 16621 22907 21562 11679 99 21404 15284 29510 24785 7839 6556 20146 27820 23286 30714 14969 27207 29506 549 14984 16643 15340 21914 3580 12199 5045 30960 2447 30355 12170 256 12773 
15468 29255 13076 13578 21869 6814 22093 1186 23839 2266 1381 32139 29836 22185 14768 10627 15231 14086 32738 31614 2836 22573 18453 3520 9934 7934 14777 17617 24339 12707 12198 16979 27095 20914 31349 20497 5032 12996 13255 14961 7754 28564 17851 23572 527 23841 3778 18013 8764 7432 2091 26419 6343 18852 30028 30476 28499 20141 9741 27270 13015 15588 23386 8610 23016 1637 13952 25708 19998 4270 8401 29121 14218 23844 8012 23565 18693 10658 8351 10551 13147 19263 6378 31443 15632 10000 3337 22723 7707 14507 329 30561 27696 30028 18206 17225 30005 2013 26297 21768 10900 31311 21660 14611 27792 2754 10183 22249 31568 16361 14729 5992 13081 21687 9699 21561 18671 24028 5586 13425 8468 9287 31245 9925 26877 26999 1534 28261 9501 13356 22037 16146 28602 12434 15872 22752 18804 7591 17182 18501 30411 23348 29582 30602 29710 22286 13158 1080 16784 30087 3121 12030 6342 22156 10613 25556 14103 7615 29305 8776 17581 23857 10148 4785 20549 20128 26436 15028 5094 20650 13981 14055 3812 32062 21909 31173 17742 20015 22638 17875 22757 925 13180 18388 5204 3716 4279 14629 22397 10220 19216 7995 5384 23923 7246 31002 5386 10138 26819 25729 11619 24333 13027 6614 9295 14130 17096 9660 25757 2084 12683 14840 987 31454 15027 8211 12276 4294 15020 9165 15630 26624 31487 2834 25364 2664 4532 14047 5327 16455 5903 13113 2757 15382 8683 4022 11189 17233 22011 16318 28842 25017 15384 13399 12277 6416 19418 10568 10395 26916 18433 32660 11773 24915 9234 15799 23284 24787 28299 28150 11981 7257 10242 1800 11987 8131 19023 3208 26783 11538 13261 26373 19362 6802 14675 10927 18102 26629 9759 25928 18275 20288 28206 29134 17031 27814 1197 26890 19773 13768 4615 10553 21861 13274 17909 1944 3893 13067 31039 25943 
26974 15819 26678 3278 6878 26492 2757 21889 1659 5634 3149 20988 27965 9297 7585 31267 9971 17284 11199 15514 12263 5387 18487 32391 29384 17115 2444 17667 27893 11915 1608 3247 101 2866 31137 2493 1022 3666 22346 21433 109 21259 18912 13593 2334 13926 22714 12304 18745 9403 22223 25750 6014 25189 31456 27556 23282 13622 7113 19217 5136 29468 22301 1641 30702 4457 23025 22818 14618 17213 10854 8908 1429 6598 12147 24166 9652 18277 15338 11138 2778 12104 16308 19804 17290 5345 1640 6275 9503 14340 29274 4056 20999 24399 20044 797 8694 16947 17145 30387 13633 7203 26868 11496 6603 17542 443 8383 21825 15296 17683 19074 927 30800 6135 8791 8960 22757 10764 23481 8695 9213 30733 12367 24427 22624 31961 5069 3956 13305 25894 18994 17412 4154 17965 3326 14127 30935 7116 22904 387 22533 23331 12287 30020 4527 22491 3038 20618 11613 20267 17839 26409 28279 26154 3431 20587 6411 17484 30395 3114 25634 22035 23699 22860 5714 10810 331 13024 25150 12682 29559 21219 6537 15280 26914 13117 18783 32480 14029 15700 5761 12346 7571 6628 19624 12636 25434 27976 5244 2931 5177 20452 2958 14868 23827 2809 25075 30516 18012 14090 5503 4964 3113 2701 12163 3081 23371 28987 19975 14870 27646 26286 9490 11760 21685 13408 13205 3777 24152 11998 4909 13344 15954 9410 30555 15693 3023 17597 23418 5724 12984 16651 6962 23119 13202 31729 146 20336 2352 14685 14340 9157 440 27908 14619 11264 647 16738 16881 7472 2782 9589 12024 14624 3549 25685 30394 12302 18950 16284 30152 18532 19818 29010 64 5547 10318 14487 28074 4337 21434 28232 31075 6345 2626 12986 22929 9093 23629 7716 7783 20891 23887 12403 16499 13456 6922 9885 548 17823 4577 2964 7426 19342 11958 18421 13047 15711 10162 
23961 7378 9478 32426 25840 29005 8755 24289 9019 24264 30852 29783 13962 7122 8516 10051 1112 3467 23482 17307 23007 22025 23913 24772 26765 26309 25522 27841 22925 24220 31739 29985 12919 25524 14239 985 6046 15010 20255 22738 272 20576 28770 3076 12624 23591 19213 17274 6536 2917 30208 12892 18203 28425 12623 18417 24122 3119 1416 25118 9483 12629 4328 14189 8488 3219 22110 47 6693 2043 26481 27247 24547 22167 24953 27413 22200 16605 20875 3264 4110 1139 26294 31962 2984 23189 31648 24942 24133 17262 21340 27088 16512 2379 29127 1402 26311 900 1614 25332 5302 8551 10526 23140 28033 1786 27912 17625 8942 3809 15413 29868 26537 9602 18120 26311 8176 21918 7342 3822 9514 29648 27262 31190 12524 12446 20247 2410 30570 23927 24281 15318 20550 3385 17689 27143 1535 3459 14241 21761 10522 29729 14208 9471 19108 11222 4174 22847 8788 5229 15988 14356 23276 29901 27924 8008 6381 12904 26420 10652 11177 32039 2245 20584 11916 19477 12967 7387 19180 4362 22024 5606 16808 7219 19013 24242 25431 4428 17819 18660 18276 29103 9687 8789 6934 260 8611 27338 810 15588 27419 30515 1141 29925 10350 26437 17302 8890 12482 18566 12230 6730 19953 7062 23974 22563 4928 29324 29886 25630 3046 31099 30107 15408 16081 31617 26909 26221 20412 12232 25123 25353 79 27516 4313 23942 17230 2923 28990 25668 7694 3102 28053 18984 20012 3972 11855 19153 28451 15624 18568 16727 32188 26326 2084 15071 23085 26297 7293 4073 12406 11237 20382 12512 14589 21063 9107 1297 8509 23036 9243 1303 5208 8859 29717 6330 3334 27615 19188 9566 8379 9035 8147 26237 3583 5112 27632 31660 13555 30468 16331 27024 321 17992 32743 22284 23558 6778 69 26591 29918 5800 32255 7224 15415 17871 18951 10468 12630 20719 
1903 32207 22219 15813 16596 8097 28590 12195 11390 1071 1858 25487 32562 3483 31017 14962 30582 20523 30304 16173 4653 2787 27522 24104 21024 7868 28847 11264 28978 31009 26714 25702 13421 4772 12979 18955 14914 30315 23707 16084 23732 5811 5061 732 17005 29634 10950 26318 5781 6394 16928 32680 10380 5525 2256 17344 6509 26170 27569 28317 25164 18541 32519 25135 16072 25958 15496 13088 986 3558 10915 2107 14231 11435 2411 3822 11102 12894 20607 11364 19873 7922 15912 13380 21023 28474 21478 24892 6497 603 30177 4778 24809 18041 3366 7085 10818 23922 1082 10293 18740 18738 24079 12350 25552 6285 15062 16114 14557 30329 20881 40 15530 22864 32372 27756 29138 28183 28723 23774 3604 14854 31482 14178 6482 14019 16375 387 8692 7261 17990 2737 19982 11292 3261 12849 25751 12983 2169 31536 21744 5563 29060 3002 9940 10488 27436 29008 2532 23734 15142 18432 15900 9904 16087 4396 16308 977 23974 24437 25817 24353 28034 12958 11546 18117 9536 11919 14572 26290 22431 12055 14949 22973 27326 19339 21195 9694 3583 10629 29124 615 2813 28349 16234 12045 83 23329 30899 17253 27527 32571 26058 20275 10204 27546 20200 31546 26286 23960 15892 5657 16424 15453 7453 7294 29023 7896 614 26878 19241 26112 32061 24185 7185 19722 13935 9814 15687 30286 14266 2157 8820 26262 26948 20420 28984 20764 21996 27331 28452 30867 3210 17246 25029 30618 30792 31386 23366 21627 25488 2920 15423 21391 6603 24632 7602 20127 31003 2753 30142 26491 24855 26564 11959 2300 29441 32449 2979 14161 23719 10316 22569 31330 25472 23546 8801 23463 85 31131 17739 615 18474 27539 27419 28626 2553 12023 13920 2492 22035 6352 867 2552 31680 11675 3598 20240 8542 30542 2178 31733 14556 32081 28638 1989 5466 31061 14013 21835 
25044 31838 4389 30429 3336 14135 4597 4870 7506 6979 5187 4629 12577 30305 114 31248 28206 7326 14682 25561 19292 11949 10583 21774 11011 360 10970 7959 8696 30371 19394 15508 25459 3048 12331 7993 5312 30265 16732 78 26149 17110 942 29752 18004 16997 21277 25878 10185 421 71 19481 13309 32173 24126 24136 7833 30396 5994 26038 742 8736 23035 26511 9680 21999 25809 17806 25056 13389 17277 24157 30323 8894 27227 16018 4087 17213 2929 1637 28492 22111 3217 21887 29590 28727 14481 3861 26993 25779 11091 3596 23674 24455 23193 26010 29387 3606 4413 19398 14523 30250 2235 14119 29696 26590 15214 3161 18350 12588 168 32502 31115 12980 12311 20118 13436 31406 24364 11510 18714 26238 18117 12061 17255 29778 14417 1882 31020 10519 5726 24295 7892 30600 32156 1973 15704 6375 706 11043 16743 15354 7100 15963 14314 21901 32191 30486 17533 23422 10600 11205 14121 32747 5367 9976 26308 13742 17342 31029 2171 25732 28001 26065 31296 24100 1164 11392 31369 11036 15982 22698 21863 16130 22990 928 3940 27797 488 5724 28383 23069 32359 20537 31039 26068 25076 30149 29448 17558 2866 7131 23489 835 29150 915 10021 2214 30061 15804 19185 26743 6744 14873 29117 367 10780 23414 24387 7023 28576 23582 31527 5758 16686 20768 14351 13569 27096 28986 9926 32410 11642 8389 9258 31235 3581 2794 30850 10349 12434 6391 13405 10903 9238 31708 13017 25380 5101 9419 13523 19952 9911 16816 27190 32757 15545 30102 15927 5381 25857 28098 7562 18663 24773 20578 18745 8720 20746 14853 5652 15801 14796 13878 24941 29694 10104 26129 23915 12857 17708 28504 21865 6674 32244 19671 15706 2840 17710 31628 10904 11789 26694 23126 9730 4842 27215 215 15313 27091 31659 17231 32154 13624 28230 18167 9233 6559 5914 2452 
10239 9698 13379 8373 8953 7883 25908 216 20890 29900 19905 17463 6709 2006 23235 5175 31500 1153 6458 30642 29555 2169 24951 6442 13794 10264 4011 28495 13324 12672 23392 13149 13186 8046 21195 4235 10791 1141 14647 27493 16722 18490 24372 24020 10176 19693 17176 15527 15364 31027 28855 1009 29508 1796 4422 11031 10785 11473 16374 30966 17170 11486 32202 29668 25380 5360 31809 4694 25892 6008 26896 12227 22732 1362 3006 19219 24672 26941 9374 11500 10454 9306 16497 4198 19931 31613 18736 27093 177 24531 12776 27909 27576 9613 17119 13635 9095 20095 2879 5533 6472 9822 15381 9019 25143 18599 7484 19548 32300 17052 11155 24112 28968 633 16023 8181 6261 4511 25246 28395 11444 5300 27868 16099 11718 19681 26731 6514 7568 10873 22471 17441 5418 8737 6058 23005 26611 3872 22712 4028 11431 24592 28680 30663 10852 16933 13785 8754 27895 18818 12110 26674 4085 18668 14480 31312 14849 21889 31494 518 7951 20689 18732 17803 218 6333 30559 20345 7222 11631 25836 19750 15305 29812 19574 9956 28139 28200 21055 10860 17738 19094 8311 30465 17741 30217 26590 20432 27525 8325 2752 31930 29699 28200 22853 21778 27341 12127 18221 23288 5326 20942 19446 107 8857 2211 2911 14569 21915 14205 4174 14274 30361 14565 12363 18298 29306 24665 27097 24772 7189 2645 13649 2444 7051 943 32282 30470 18048 11920 26059 27022 10002 7959 20519 9647 2124 20285 30670 6444 15701 4201 10292 4081 20270 21886 10395 23250 7761 32694 1500 13165 4360 7698 32564 11478 8184 10034 3888 27185 24405 11424 16792 29088 16817 13117 19105 20596 20167 10401 13492 16265 28016 21455 26939 27371 3405 4220 18996 12227 22479 4609 23527 24537 21381 10797 1245 18053 3563 7249 26747 30983 12970 16339 6058 19128 25078 22412 3668 17573 
7190 7109 10545 16309 27442 19468 11439 13227 366 2903 26296 2343 31584 19097 11693 16875 14864 23692 6043 16837 29392 21783 22471 32269 17795 5282 19726 6878 23370 20887 22485 25033 26537 26679 23980 18669 3362 18458 16352 6348 288 15021 12600 8801 30261 21273 4202 3731 29747 23150 32664 1602 18227 13464 13444 20535 31444 30441 15803 12135 27467 13767 5659 14141 973 12078 6289 31769 873 31539 19957 25341 21351 292 3049 26926 18688 25226 5875 26938 25546 12541 29216 25077 3314 25583 327 3555 19830 20041 21753 13581 671 277 22324 3608 19510 24353 12554 14427 25792 848 15411 18392 1485 2753 6329 26331 26414 20178 3192 20205 14228 30935 11121 2227 22201 14601 15279 21115 11339 8676 7547 21747 16600 23101 23140 15748 21685 4807 23634 1528 24152 22727 21882 31210 28318 619 23783 23863 29924 27934 2160 9498 26977 32439 28413 20486 31598 22344 9598 9810 5711 4722 30703 32406 16413 2515 4014 28551 17761 16817 26437 2448 18779 13203 17509 32504 32157 13033 11917 24852 6410 23017 31691 432 11012 30477 14879 15991 6129 5355 14471 8865 10783 22834 13642 8776 8966 19211 11505 27776 22313 568 28336 14787 8443 31500 3956 30511 13657 18749 21086 23605 21107 3789 677 20385 11783 25999 16190 23022 1083 16534 139 15960 4932 23081 25709 1644 30724 17649 26795 2926 17207 3312 19554 7317 23956 14713 32434 8695 23664 2611 27439 4108 2314 18039 3042 31648 30510 26086 23380 6682 78 4309 22791 4513 25293 13436 30075 18752 31522 29979 14893 17219 1149 15607 4253 13085 23580 11877 944 10412 21426 31557 28510 3385 23677 27594 6232 12346 12626 25476 5189 22369 12033 17733 10900 1900 16633 12054 10990 2117 25339 14867 13643 1163 29093 31412 9397 16837 27595 29721 3380 11308 14684 29998 11776 22432 
11084 31941 28315 28671 8931 23680 10424 32036 30622 18915 17571 30041 19225 28677 20567 12736 4320 10381 22927 15491 2688 19462 24004 2755 27618 29735 18163 12960 15071 29056 22613 13195 10660 12544 14131 5434 13952 15015 31612 23296 15635 28087 17398 3636 9797 26899 1513 6181 10145 18329 22878 1061 4856 6737 25204 12927 3841 18827 1596 23945 719 17979 18857 23493 7867 17993 15423 25829 5972 5029 11622 6910 3607 2995 31025 2282 16180 20584 25146 9483 14935 2755 9982 26340 12146 18453 5691 20342 17514 4852 1049 9628 9370 1750 17843 28042 16146 30684 6253 11353 2448 30858 24925 4894 21827 5105 17106 8174 20099 10067 10873 18315 14128 24838 13958 1490 14141 20642 16962 4985 1840 26062 1276 21479 32535 27967 32260 30596 19566 23078 13696 5023 180 31220 9507 24816 3626 32750 260 28420 24771 25029 21507 15559 9149 26222 27192 14040 7340 24077 1429 28603 26870 13676 15270 30547 22676 23558 10331 5686 29055 4832 22957 9391 7239 17899 22758 19239 23961 22385 18768 22172 19022 5588 30788 19448 18910 20054 8535 24751 6631 6776 28931 1168 1629 27167 17363 17568 15833 27927 19411 2572 14116 19663 11013 6875 21104 13964 1255 10871 16934 3791 20106 27668 32330 18313 22374 29848 28583 9935 4157 24066 26118 18964 31894 15259 12236 32638 31752 17364 29669 20983 23165 15896 4666 32455 6022 20484 14463 32556 16987 27934 15600 17593 11506 10721 24278 17887 21482 29645 1468 23600 3449 23910 12045 19610 27830 30752 5153 30759 23543 1718 30243 14178 268 19911 8371 4699 3375 31321 3377 1414 18121 24403 3507 22386 23455 21301 14476 1038 21955 12182 23774 17037 12686 22871 21714 23477 21732 22114 20743 4710 12763 12140 32368 2101 7703 7885 13631 20458 30075 22422 6639 26771 22274 7549 19991 3126 15795 32065 
31595 25678 12979 9109 28624 12929 30087 17502 13992 4736 15651 1931 22317 10853 9770 32448 7920 21484 29867 24871 30259 9189 7970 25212 18599 13285 17488 518 16372 15068 740 29981 31030 15957 22644 30357 31930 13418 25966 25797 12272 8130 28530 1621 7259 6462 11630 22270 17116 6552 10874 213 20650 18960 1676 28971 23153 9358 24542 17416 9353 13551 25059 26478 25669 6298 11933 12903 4905 13693 4508 10335 11521 21838 6953 16373 12572 8230 280 25254 430 11389 21750 23956 14160 25380 22370 26542 24980 12717 19275 25278 23964 7531 24078 32339 27775 20730 9630 19883 22339 16054 2850 31297 5445 6871 19964 4502 22161 20293 28298 11709 13592 7254 27079 6089 16314 14284 18427 19672 27479 10297 2849 23055 5904 22073 16958 633 30683 12751 11551 7403 24539 4741 22895 31158 7804 30153 8600 5420 28481 8138 16992 20446 22676 6384 10640 587 3449 11713 17142 20735 23541 23449 22266 25265 3167 19608 17355 4226 8099 13739 30475 16322 10665 5828 23082 4040 25937 336 17063 0 3587 10766 18434 6635 14122 29236 15043 7651 1140 7040 21304 9701 6967 166 28619 8415 26574 6388 5561 2515 17318 10560 6608 10337 31820 25756 15141 9619 13952 14792 19862 20912 11202 22122 20471 29973 18419 9376 8963 16915 28330 19216 26141 19025 31921 31380 7554 25959 16949 11823 20583 3279 27137 3240 8441 1071 14524 17232 18823 8487 11645 32346 5457 17589 28974 76 27815 31021 16921 31348 13058 3186 13764 4714 5319 20004 1403 12707 2306 675 20099 24494 32336 12951 13958 17946 4527 28656 32229 30102 13113 16790 12610 24661 4732 28889 9507 22446 795 12799 6748 19864 15757 4626 1039 12632 776 26041 3666 27614 10633 17829 709 25905 31078 8622 2319 3150 8143 10492 11594 14090 16734 31472 24361 16665 6303 22353 
2387 6911 7153 32136 17697 5386 30361 2477 4089 25512 6575 13468 26653 19795 2580 15803 17615 28825 9710 28852 26242 4977 8501 8535 28589 21070 22938 18552 4312 18375 3157 16661 1685 5217 23081 20056 6281 735 30765 4632 24323 31027 10920 29253 28754 14148 8001 28299 18846 7114 20737 19198 18908 31114 19192 28085 265 28517 14893 10369 22772 17518 9702 19279 11411 13951 17191 5156 7203 23935 23027 4461 2162 10566 8289 22441 12447 27656 6806 5470 13011 14265 2020 10374 3276 4006 1575 29708 8469 26408 28036 2373 10473 16987 2719 515 22705 15058 15453 2856 2106 2657 12631 31669 29218 3739 27522 25444 8411 28621 3532 30567 28250 4303 7551 24927 29977 31533 26098 19542 14398 26682 14952 16755 7522 31982 1887 4612 29086 23818 15680 7083 14156 10400 2955 25916 20406 15096 9412 19841 31111 17898 20759 8857 19436 8713 10643 3201 10749 25863 31540 32090 24901 19409 139 22659 30124 15641 27918 32627 73 31066 27221 27774 21107 548 1609 11504 14914 21257 26835 14010 11364 20036 10349 12542 516 5497 30695 31775 11734 19913 25446 14414 27332 11818 30032 12265 978 21285 10320 2278 28709 28200 23731 18178 32458 11634 7721 16361 15077 30200 22065 22648 16915 30905 7260 26509 3923 2196 7917 21357 17860 1252 5965 29231 15621 24274 4269 25574 13422 16903 22023 21685 31202 16300 7801 7119 23276 11262 32267 21956 27832 819 27580 7273 16851 1086 28783 13687 15316 17861 20808 21322 15112 3929 30795 12251 32538 15550 19476 16065 3964 6822 6074 17027 4727 12950 917 16423 2021 21311 8539 8883 26006 26854 20590 1892 23744 1778 5712 27624 16252 24725 7589 29224 24158 14363 14065 29197 26705 24349 16957 29389 16037 24744 7900 27524 24627 7278 19076 9312 13198 18865 14784 18237 716 24977 7340 21952 
22794 18379 9652 28839 3229 6574 18538 15689 31326 23909 11622 23455 3042 16416 23020 6908 8656 5195 9821 5080 12306 16466 23787 30673 29538 19228 11537 4000 5544 13241 29868 31480 24717 1429 28868 11711 16940 31026 1195 19627 15090 21910 15432 8423 11481 29806 22298 12394 3553 20450 2914 30634 4580 27296 8593 9997 2449 4771 20617 9595 189 6916 9700 23466 27528 1518 12221 24526 11640 28825 3359 18741 23019 11528 25165 21705 32571 4986 11025 25329 32439 14903 31188 4829 5977 18819 18993 27008 14695 5351 26469 5400 25538 6748 25770 4373 2634 32659 20252 10392 6662 26759 5074 23559 23601 9754 16002 22835 18428 10802 21451 16806 10864 12864 31241 3017 31937 22452 2459 24568 32686 30837 6426 26371 31118 24893 30043 13695 29684 25016 17619 11861 21615 18662 32751 8012 30339 25008 25000 15744 10093 8975 10150 10178 10905 29826 15228 20280 20951 650 9115 6971 4343 25699 7585 9066 22074 20805 20937 13507 23056 26063 22654 12949 10890 5472 36 9824 27845 22330 6507 223 9788 19131 22256 14502 15993 7666 12503 28805 21861 1352 13251 12117 8827 30203 7637 26408 26968 13692 4470 20039 389 6441 173 1921 32447 6119 11057 20016 10440 12004 27855 18810 7713 31774 10760 18918 31571 14541 6098 5766 17639 27475 14598 28401 16212 5447 27997 24973 27319 11820 718 25355 31868 21141 30778 11124 4874 7346 22267 31405 20991 14368 2160 18293 9661 24207 11027 7692 6604 12427 15756 4213 32742 16646 5125 6366 26878 13364 30041 16089 24052 25333 13987 19891 15296 27588 20400 15885 75 16747 28215 1978 21162 19361 22845 3725 21318 26264 6358 18649 21409 21349 12887 9641 6593 12748 20246 18140 5925 2439 11360 27013 7394 32661 8903 21557 12083 31116 28526 29708 27633 27353 7494 20182 17676 13368 6421 3731 
17410 4058 25177 3207 24713 18923 15605 27340 19848 6093 24501 4469 19781 10220 16546 26573 11276 26529 30882 24662 1169 21919 15096 8154 32178 12557 22556 6876 7924 11889 1739 7649 27290 24359 22131 12623 25898 21997 24936 15320 21275 26408 27619 18428 7332 10415 26843 24814 8125 20386 10414 1551 18437 20584 18977 28114 8312 10731 2403 26215 5371 7447 21635 24242 21026 26831 26724 3505 18751 3378 31803 933 30970 21974 26420 14695 12034 1541 23074 30244 24165 14636 473 8576 2597 11792 10443 11042 12100 2603 5990 20358 32238 26861 2842 24227 2909 797 30161 20307 31883 13752 9943 26425 18096 25796 27712 2053 30453 7047 26970 27996 24792 13234 24497 12159 28746 3215 8455 30093 21760 16056 8291 2078 30358 21414 27160 29339 7944 3799 1403 31050 32676 5922 22230 15188 11747 12509 18191 8373 26941 8234 22282 17868 24247 28871 2493 15709 27413 19253 15933 27776 26456 8639 4605 16055 30522 28425 31078 31243 21228 17576 2024 9859 31438 20461 24007 17377 28183 4070 7391 21680 10539 23014 4445 6408 29641 9381 6018 1034 6936 18672 447 27248 5937 23144 24607 9502 20916 29524 32347 14513 22987 9599 21960 824 22989 31516 26352 3071 5681 15115 23238 27172 29608 1306 3702 9358 30005 11900 8094 14492 10512 33 19609 409 1027 26530 19123 7821 12571 29233 18027 31592 8148 30434 15580 8349 16722 9709 7312 1865 21121 4724 19266 15730 16012 4332 4498 32497 21795 19923 9486 7674 2367 8694 29559 19487 23904 4213 3289 7493 20670 32762 19711 18068 25915 9630 15112 13965 28889 25134 30697 19414 32510 18148 4117 22304 30219 17564 28473 6102 6602 3433 6188 5308 14037 30181 7565 29484 2101 29852 23529 15409 6280 16128 11649 2687 7738 31689 13098 21465 31151 30445 30000 15078 21348 22831 9662 11986 
7232 11024 564 13555 29486 4707 14010 15825 6314 8863 24751 11108 15208 11216 17152 23876 15771 3866 3202 25560 16224 8275 25857 30836 25290 16298 19361 18764 11715 32510 8753 31564 13695 2264 1160 11469 13553 8062 22998 5940 27459 12382 31269 22644 23973 8288 7232 7913 3198 7413 15654 25547 16542 28927 29102 21300 31911 16579 32743 24675 3687 25592 20139 2978 22208 10862 18091 2222 31696 3305 17687 11579 26959 22647 13306 4318 13600 18356 16603 254 10852 4612 30532 13044 11020 32034 12557 32546 30516 17879 3304 25539 15124 23540 3042 7521 25673 19179 2942 3548 16798 9117 27019 14417 9077 18851 10252 15837 24428 16286 22892 12838 25381 24607 1438 18976 14957 611 5926 22118 22268 10941 22591 32182 20862 2746 30181 19792 6549 10769 10250 22794 6123 7719 718 11721 21036 23577 11800 4455 31099 7055 3695 6900 19111 9664 31139 28189 5649 16723 31863 16037 25617 14226 14826 6367 16186 27420 22012 28516 6673 13802 5873 15655 26638 19882 26208 27040 6640 847 10620 7856 97 22036 13801 26960 28024 27093 31231 16669 23267 30884 2927 3637 2348 27656 26392 19005 8406 4388 5069 30376 1732 7961 701 10730 11296 22571 9740 16672 14717 20768 28560 26905 1560 3163 19647 3263 17501 2646 24401 12038 6999 8792 2392 4948 7803 18334 10845 2225 17521 29155 16318 12931 9450 10991 23552 16431 24018 32720 10927 28578 7521 17995 20572 551 20111 4341 12508 8843 27292 11013 8916 11091 17826 8338 7768 29436 732 4383 14218 253 21744 27778 2429 11008 5630 14989 799 30136 26699 8411 2848 24110 14730 2223 22172 30916 20571 9566 25480 9074 1497 7880 23626 9770 16552 27062 19971 15619 32759 177 24009 17504 26893 17131 21975 30717 20485 27567 24426 20847 10807 13295 31283 16803 21306 11483 24246 26495 
5051 9199 27839 11704 2274 21613 20932 29200 32398 31589 20637 8607 6377 10828 15002 32076 21743 25303 5668 16738 29314 23801 31451 32430 16983 19266 23349 3195 24954 24168 23600 20775 2648 18336 11201 216 2721 3509 18213 28061 30010 22796 17608 3215 8006 23645 12813 7167 11088 4029 31099 29990 3803 20804 21656 20660 5206 23564 3601 8645 5237 26595 11840 25126 21461 15473 26136 19952 22530 14286 26824 59 12999 7248 26130 27916 11600 9858 28798 7426 26185 1279 32591 6655 18805 30210 25882 11329 18892 30217 12646 28432 17464 3787 30204 16471 7218 13806 15128 14763 7207 3270 17552 10969 3999 11722 25978 27133 6543 5805 16479 18321 25412 6889 21144 7135 16401 12191 6568 30343 18991 18732 19474 18270 18042 19064 9578 20653 32466 19382 10561 31179 13738 5171 26582 2853 32234 22610 3442 29133 7080 14942 15945 3020 31617 31352 23902 16726 27129 30041 22831 27625 9466 29233 21241 32620 23693 22410 14048 25215 32109 16061 4692 22104 20246 508 6650 19043 19236 1255 14011 22182 21420 2243 8606 8971 16691 22583 3738 5722 19028 28652 25343 15715 3065 20845 11712 22014 535 9637 29859 19398 25369 20790 28902 19373 5528 27306 22166 4269 6237 15218 6370 13764 2880 13848 20743 28577 25080 25259 10952 12273 1366 19601 30107 23741 7614 23382 30300 31621 12797 21277 866 16008 23315 3267 23046 23149 17820 29453 20388 32706 1079 5330 17446 21416 11954 28071 1657 32334 13654 32073 9950 26408 27206 21510 3636 31921 17586 14094 20401 23055 7153 19207 11591 13302 24741 31443 6091 3797 21214 3239 6440 19159 18739 11824 21750 1067 28818 18119 20657 18907 10951 15823 11437 31839 19031 7653 29958 27673 25542 1858 27438 29566 20089 26734 25786 639 936 21378 12332 21601 27345 29133 11821 16216 31303 27531 19716 24181 
7228 30198 1224 9021 31275 28771 427 24080 29327 21811 8377 19916 4664 15308 4539 22371 12973 14011 14404 18720 12005 273 8735 8624 8582 18628 2302 11404 6691 28011 4228 13296 19893 32277 25175 17438 24543 6557 30172 5035 3476 13196 5718 15258 21506 71 16184 12767 12514 19503 12090 12937 24409 1039 23369 12349 23635 31981 22958 12847 11181 7772 21595 3413 16990 1287 10730 15619 17778 24774 16400 3184 3008 6414 2177 18894 29958 27153 18257 5172 29099 3648 11592 29706 28977 19604 32055 11256 17552 4792 1789 12654 30255 18565 13508 23302 23499 3514 25240 7315 3377 20201 22372 28926 323 31464 22369 11673 18699 28724 27181 30518 5383 13131 918 17037 27193 27816 20215 7137 6985 27465 8577 22069 31438 28189 28194 3057 18750 5661 2135 26877 3730 16071 19575 10195 1118 8234 27599 29317 7899 3874 5311 10070 27035 15574 235 21825 2617 23689 16294 4006 8272 21286 14441 9983 3586 18668 9456 2238 18167 12921 17735 6797 23996 27732 24072 12556 32696 26834 5836 26214 18268 19018 16172 501 5096 30096 15935 4863 6322 17061 30051 2020 3862 6535 19615 1958 8245 16305 16771 22771 12720 20792 8520 31339 12587 17924 31785 7171 6242 10421 25579 2186 12589 5256 16901 31037 1334 6507 21612 28034 3529 9112 781 5592 5525 21565 18192 32557 25049 15916 16572 13100 28198 15636 12006 9411 30579 3271 18642 30940 20518 10636 27515 10691 13244 13521 31863 3792 22329 840 32526 32295 22458 2704 3163 24172 12960 26807 16087 22931 6030 16607 6795 31852 6454 10088 19085 23209 27225 15307 19751 24428 21208 12834 18513 4677 11730 20078 18030 22412 13536 19963 23760 32275 2279 12884 3549 1166 19774 7067 24214 29564 5070 27020 9520 23217 8828 4769 25101 6857 1574 248 26918 19814 6495 4520 27209 28086 
23384 9021 27855 24042 30935 5148 14816 26660 23812 18468 11636 26281 27815 244 7344 23261 18897 2750 24047 11206 26036 11336 2439 27582 2987 10217 23241 14673 7249 14491 16120 2972 29087 19603 29769 20828 30810 14817 23158 30473 18514 22833 31004 12032 18687 2237 15784 3344 12364 15763 16109 31808 20957 10829 31683 18631 24066 9619 11116 18511 5630 25232 31222 28109 15575 20211 18888 14655 15525 29977 14795 10862 31025 11348 1857 20751 4430 18846 21142 28689 6801 18003 15462 14010 20604 20463 24284 15151 31939 13325 28296 16882 28776 24924 16212 9308 28237 19719 27179 18944 12456 4457 22048 25656 9761 22572 30692 2445 31035 13477 10317 3861 11637 26899 18921 12196 24794 15972 8226 10696 19083 22705 16857 11787 29263 16636 1409 12132 11590 902 13700 11813 12858 6329 26070 3597 12913 16199 6664 6305 25742 20817 17858 27096 5375 9582 10387 9721 25352 24143 11336 28386 27730 23567 1800 2625 7937 13855 22529 10079 18348 27066 7987 7946 32024 9514 18148 19197 1566 28834 3997 25974 28148 18617 10289 19966 29396 27648 25582 32258 30003 1248 32292 20740 3049 8078 8785 10150 335 24737 21386 26466 10298 7733 31523 13809 30868 4624 24324 27508 13670 6167 661 21871 23958 6501 8197 17887 2921 11731 6095 15789 4326 10590 22509 27185 29059 8340 16961 28295 19173 6347 27098 21057 6519 11315 29534 3939 26871 15788 16231 29982 30576 1308 15979 23722 17800 18245 11053 3620 22337 9573 30706 13066 11806 1443 10804 24446 28887 6620 18494 12391 20642 29450 2856 26299 6427 28487 28522 28389 23535 18323 21498 11896 22179 26151 25958 19774 13734 26935 13589 23745 21288 4677 5173 19339 29647 9799 29352 1244 5477 12787 1772 5587 21232 12279 24261 4600 6523 25916 24028 7031 14712 10109 18362 3431 7487 4566 3016 14681 
26400 10139 24219 11759 1951 16721 29584 28468 13297 4644 5632 5283 26286 15812 18262 21837 10678 25642 7422 25898 5217 31786 12722 17407 709 29111 7433 32603 2973 6483 26119 24193 29773 19892 21258 24290 31391 26128 24059 29705 1164 15274 6521 27419 7508 5083 28040 14108 22380 10609 13701 15079 31481 20951 27170 64 9782 21437 24532 29329 20126 25586 19849 17265 24628 30621 31247 952 4479 15693 18434 28666 3826 6136 22104 21659 8586 32593 1884 995 20604 31339 6076 15055 9659 11973 28101 15264 20758 32760 17152 5550 7124 513 7992 17421 13650 27197 20954 17390 31348 10772 30482 7472 12032 19651 7483 18643 27874 13879 31102 29782 5155 15978 19637 9511 14828 746 19586 3375 15303 21330 23540 442 787 992 24113 16783 98 25565 19291 13565 17361 10225 696 9449 6862 32022 17654 9444 25468 30936 29087 19798 2145 24743 118 9051 30167 18864 16219 4880 11581 17836 14264 27231 18298 1754 27013 1213 11300 30245 28789 29270 9033 1920 2428 1194 25447 14055 8351 16380 14178 18480 26743 16977 10072 26363 10247 17582 28878 18776 13979 28178 9930 19873 18988 4662 1839 19228 29213 20212 25810 25861 24737 6968 5324 32697 14194 31684 21462 20259 6540 23438 31810 16110 27917 4111 6737 9550 5251 31071 12728 1631 8327 7147 30895 28197 5447 10202 9272 16466 9914 28128 19668 9620 1220 2486 17014 820 27890 11142 17480 23451 6211 7114 18003 15081 21190 4089 9375 28699 16981 18735 23014 17017 2187 31131 10255 14954 13463 12547 20503 26241 19634 14073 14083 3668 11853 2462 373 10287 24638 13937 11938 25710 3170 31527 27353 25900 6789 28591 3697 28024 19439 24548 23616 28232 32199 13955 13484 22738 18150 21550 30443 20738 20215 18167 21611 27049 7699 5589 2498 8619 12355 28263 18854 23370 7225 6996 
26077 7313 23980 5896 15816 4053 10792 1393 27238 29040 32540 2402 8854 15465 5068 5150 12977 23587 26262 23003 22826 22341 13959 14534 8559 27141 14056 17855 21631 30216 12578 2030 2849 29461 10430 13199 24468 30691 8626 7611 29443 21231 27752 30663 26306 29132 8665 13615 9217 31380 210 12984 14871 32412 9857 11781 32634 21452 30064 16407 13486 16580 7015 28386 14690 22679 31149 2985 8305 12760 25641 3957 25101 24901 6439 3144 31740 25487 29465 10117 15430 31274 32020 26893 23349 10501 17024 28081 4457 31417 6741 17468 22697 25730 17078 6321 17256 30119 9146 12023 7853 28856 23898 7752 1950 26172 27940 32234 24704 31909 5972 25073 8005 12007 12546 26298 2230 19198 3654 19714 24236 17456 27949 4099 15212 19236 30909 21288 7141 30659 29492 27931 1377 9123 6370 26427 28 7368 15099 25715 13087 13895 8431 3245 22931 31719 8420 6112 6277 7393 12360 16819 7245 26395 24158 3022 30679 17759 9320 6105 4589 17943 22934 24998 9498 17034 19388 31824 24773 29369 3088 17010 15239 30370 30894 31929 30019 8744 30523 14554 29293 231 11462 12497 14956 16829 27517 8329 25626 26016 4110 22803 1617 16814 30483 23698 2559 5642 5386 16883 30560 21594 31453 4637 19572 22619 28819 2387 20305 16029 31238 7729 3170 15691 21311 21765 17520 16293 26040 17327 32211 26091 31414 10253 19022 17912 23390 26945 32710 27437 28925 30550 29127 21316 4185 13392 26727 10038 30354 29119 2710 9290 13959 31611 6587 15282 29161 24412 4427 31004 5849 22064 18876 7020 31149 1013 2424 20879 2934 5291 10651 6334 14143 13834 16318 8332 30595 23335 19321 10956 20899 18986 19739 13140 30475 1693 24326 12619 23163 19963 25234 2014 13837 8656 22751 782 11459 8105 15254 30584 2146 23418 10682 7935 32228 4717 27852 12750 27297 25921 
27863 21280 16370 18352 16838 5022 15383 22693 13190 11397 29031 22092 17657 29503 18667 8420 26040 5127 32400 20897 13466 11961 22146 27826 32651 1100 20497 9499 28394 6398 24073 4981 18515 8559 9414 4035 25412 239 31018 22311 7901 29589 4948 8710 12196 18286 31802 10165 23639 20324 10631 21249 20832 12907 20301 5930 16162 28196 19425 13610 26954 18558 31188 8023 23035 12776 14638 26470 22930 19429 20754 9404 29131 32504 21788 6450 17790 1686 32363 5719 4772 32569 4336 19676 10545 9000 8179 2823 15133 14979 21067 22068 29604 9949 2306 65 23367 14661 1123 11896 17364 6306 1661 26603 10603 17100 15415 12396 22355 24129 9384 30874 1364 5082 20327 6312 19919 21517 14171 4901 26733 17776 28972 30954 28103 29052 25312 32161 13335 1040 7306 28879 13274 13187 18861 10842 23274 15793 13859 27654 2873 19524 17532 7075 23867 24759 14462 8631 4153 29766 4950 27692 9347 27008 25598 15851 27926 2146 29371 15553 1185 11106 1523 7681 20525 3282 6885 24725 6412 16194 4043 23594 7295 25582 28376 6329 11897 13001 3121 523 2962 4394 7643 14487 7815 14855 17905 31579 19762 26414 14532 13525 6507 16827 27229 12089 21067 4484 5456 3800 2710 29117 20950 3609 30829 26335 23813 7574 12395 25531 30736 6405 9974 16515 8731 1733 28448 21137 7989 15010 24001 15192 19754 27770 1340 710 29490 31741 6911 6638 22496 12542 23157 11959 27934 26517 26006 22467 27152 15634 16605 11044 27879 31300 13012 4135 26687 25883 19423 20928 6899 20868 12894 872 29435 28144 2716 18817 22222 13917 31291 31178 32274 4897 5367 7765 1820 15126 30734 13824 5390 26988 3822 17975 7026 1903 3657 15704 2386 22257 29341 17656 16601 27794 28740 23977 28636 5299 18391 7281 23661 20558 19313 10077 26289 32122 12865 32361 16765 12948 
20195 28742 11656 11473 11430 10602 26942 23564 14217 15526 19620 27340 12147 8106 26886 4300 27702 24216 1259 19229 705 30182 1983 11364 21077 12861 6416 23345 30213 418 28327 29814 6260 1434 32162 8909 26053 26581 21612 16608 1898 13768 6812 6810 32683 16391 5096 15414 10114 12572 24808 25319 25307 23679 17177 3863 29476 8263 10709 31085 29499 7461 5755 17243 5970 1455 3317 30566 25138 14974 32655 6062 2046 7666 6207 31860 6656 7348 2292 195 12899 24092 26116 7834 6899 16447 20341 2167 19914 25018 59 14858 13082 29215 5579 21238 19273 19154 22724 2606 625 3531 15478 12995 18922 25421 9569 911 14290 14684 11710 30240 21371 6706 24919 29589 611 8198 32039 17288 19274 27633 8270 26286 15168 26961 22652 30286 8361 648 4095 13601 9396 4030 15217 18578 4382 28025 2991 2078 11746 10513 14359 9986 10582 27473 1568 14589 17023 7442 207 26696 31186 11742 30588 26261 21774 7979 18782 5592 5144 2039 23352 31481 9000 3096 23562 29625 29147 22547 25445 26070 11079 2186 440 11575 27434 15667 14953 26307 2756 11945 24295 21871 19350 20934 10673 16251 21199 12272 24022 27804 15000 5436 22241 28540 10833 12520 17899 26338 27730 24689 10042 6353 1476 23433 31510 29211 25683 16088 14260 1776 10029 15537 23211 27714 13302 9027 19311 4346 9289 4419 23634 23153 4262 12503 14396 29336 17998 22465 25500 20410 25282 28025 4652 25538 6245 18565 17689 7564 23171 32012 21932 7526 23349 13656 3057 23834 32214 4681 22767 14971 2260 20946 23832 4188 26630 10449 31866 26669 4203 28800 11669 12873 4449 22423 600 31923 1177 20970 4523 19425 8659 18708 16261 24408 9060 12415 30402 32317 3710 30849 2672 2870 30842 1910 3194 9301 8569 9799 24100 23099 7720 7742 19258 29011 14744 3581 28509 10738 
9359 4949 5908 6253 2326 32041 28171 14713 25937 12996 2033 11304 2104 14814 19446 3991 18835 16849 14564 19437 23071 22052 10195 17088 21573 26128 8709 30237 708 1269 14384 15837 24641 6726 10192 6058 12115 6912 8661 18942 2474 9463 31370 7557 16023 27007 32333 5093 24541 12751 28084 32339 31113 29497 13117 4481 4543 11976 2128 16005 29496 26446 20821 21808 30952 16793 1330 26741 9096 22768 10045 6413 22744 17345 30830 19794 18067 24363 17713 29052 11364 3634 5716 32477 18108 25860 24045 24955 15475 18392 28201 13455 24574 10185 27982 14058 17373 5169 20435 5007 4283 22668 9767 31 14459 6161 12115 14541 11557 21855 30888 31016 20348 24862 14972 30017 9883 25457 4729 1953 8134 26635 5611 10443 17396 7263 6409 12020 14235 23172 20625 1592 14788 19623 9260 32689 372 21221 8897 18783 4006 27703 25904 630 2739 86 16373 42 20293 28719 26786 10713 3096 9721 19439 30830 6391 9161 20839 1597 428 14574 20251 25643 17287 18604 21948 26812 25660 13752 29135 26898 17297 9349 26216 4462 8658 536 1019 27325 10679 21244 26991 20788 2962 5965 4051 20575 7847 31695 12104 30164 26194 32391 28398 18253 3342 24714 31170 8391 411 26079 15228 17740 12414 23975 3663 2276 883 27941 23508 13804 6105 25596 5414 28251 9711 20387 9835 12768 27905 18174 12987 7292 4567 23225 22100 27129 11653 1968 19428 3471 14993 11317 10073 27567 3100 18500 7636 3544 10872 17011 5368 25174 29398 29101 3511 4028 219 3303 32739 31663 6100 13617 31395 31188 1941 19974 29941 22487 13223 6514 957 18958 24447 17346 8111 26928 26960 4650 8868 5853 8699 463 19119 10703 26377 17549 14928 14659 6370 28810 21999 8781 27592 9491 3528 10424 292 26313 21599 24613 3827 20063 5264 30739 8350 14517 24655 16367 
17915 4014 17116 19566 23890 15200 23973 8587 30589 24750 22100 28821 14315 16457 24420 20064 11653 18649 27835 22129 12318 24398 17780 25421 30910 24241 19894 18523 31482 15725 19742 28063 12131 27338 9062 11950 13009 8953 21546 27382 25856 27712 16008 13021 15072 15696 9446 3052 19662 23626 13875 24826 13600 21092 14316 28747 17743 9190 18771 32467 18913 23184 1364 14790 31913 23763 32605 10731 29140 12351 28451 25870 2450 27254 16404 29823 3913 18009 2200 18428 32729 19208 23827 20802 26263 28136 16702 17854 8641 6948 2554 13634 31935 1659 12413 11385 11251 17150 29334 24149 29135 503 31558 29844 24559 16653 17558 12907 27870 17960 9992 20030 10 27955 777 14252 25238 13663 6985 15395 1456 16036 23557 19758 12145 24059 9542 195 8335 15643 11225 25897 6843 21815 29239 30722 27798 4502 21402 30587 7229 29971 15898 6986 26609 7818 4823 29118 22789 29262 20427 23379 5860 3423 12447 22120 25569 10496 29578 23220 31758 8421 14602 30183 5844 32470 22164 32304 21433 13621 25403 16324 11324 24210 22046 5347 2798 13883 32578 8049 13473 29145 3056 16555 26810 1926 25519 1423 7561 6635 791 15181 212 2305 28745 15956 530 21636 3977 21712 24096 10725 11553 17533 27653 18210 17359 31756 16659 7347 29021 28436 20651 16753 15707 17886 14170 26842 1162 28612 7548 14416 2997 18326 22610 6939 15093 27546 15502 12509 26993 4778 31538 22967 22928 31525 20577 4149 17542 9532 12106 26946 3700 18348 18421 10643 3669 25898 15250 6238 27421 9998 3599 29932 18470 14986 6607 28550 9940 9438 22437 8819 31921 28810 19108 13951 2842 25929 12238 6134 7186 807 4561 18860 26995 19272 8043 4929 8983 21791 15373 27129 18710 24726 31529 20289 30393 16970 2387 27509 22457 26304 5414 18243 30058 22138 6353 18721 12400 7343 
10476 16677 5417 24220 10847 11137 9712 30709 13204 11344 1590 19305 32137 28824 18912 11790 12493 18924 9364 23637 32498 22060 25888 18724 21899 715 18754 28175 10854 22100 903 11019 24241 7447 3181 15714 13194 26101 28054 24688 16705 20515 29034 956 29347 9471 7420 31132 20911 6895 1359 22095 22634 3302 27396 6151 23937 25789 17731 3916 18492 8160 19677 31247 1623 29237 6950 12067 3022 8443 19590 3280 22647 28043 4355 6225 11096 6083 31144 28950 14563 12084 22027 12037 23141 5242 6845 18613 16317 23795 13840 2772 2621 2292 643 18091 6405 31735 10056 21763 10091 11514 4693 32317 24294 9050 7589 27882 26820 12544 29612 13263 8646 8575 8831 14320 21367 27036 20299 12559 26868 20981 11471 18766 4064 789 514 28876 22267 4658 3591 22108 31666 3929 16646 13329 5571 9648 338 1870 12010 4100 2709 24609 3011 23920 25094 17391 24806 5521 27203 30617 10868 896 21847 1029 15179 15813 3103 7466 25557 17308 9909 20352 22143 812 13899 15992 3335 23909 5991 13298 17356 20854 30463 26411 7022 22948 18590 3527 23986 32177 5675 30923 13814 16701 22283 8035 13117 16083 17744 10513 13948 29385 29081 2858 427 10517 17464 7009 15883 11207 20105 16219 28005 30269 30142 14927 12745 10604 10315 7695 7371 21378 1825 21454 16680 15017 11327 64 12397 12576 18584 20421 31972 23780 30553 10617 20546 32115 8317 26009 30801 13972 16239 15870 23750 5766 11069 3036 30066 4149 19365 9290 12605 5873 6787 8093 14755 8843 30332 339 23487 27031 3031 12938 17310 32627 25562 19859 23408 3316 15030 1971 17984 15071 17620 6350 5070 22885 24048 4642 32404 28751 18094 23579 1981 31149 15742 8853 23146 29827 14718 16862 22766 8606 5081 21078 22751 21235 13468 9582 28207 31742 14517 3599 3510 6635 32665 26833 
24669 8364 26524 28180 214 22905 6270 14900 21439 28780 23192 26171 19814 2284 25400 24666 21740 28474 9143 12343 2211 18907 16069 11648 4086 18745 26605 31145 8024 9914 9808 18980 31038 5653 10423 2294 10683 5471 2166 7579 18885 778 1765 3711 12218 32155 45 2145 146 24143 26500 30380 14980 28837 11985 24678 763 13796 21299 28735 1374 27186 13439 4358 24645 30320 17069 22860 21623 25737 1794 25687 20645 7785 17310 6592 2238 28420 10435 19779 6591 5323 18348 10948 3574 22221 3771 4574 1203 668 26896 28418 5169 118 3469 19867 15339 14215 28987 17442 23255 32377 28801 9632 32753 14919 6113 8647 17092 20409 8812 14310 26881 12470 10489 21149 19460 10636 166 29094 17367 29742 31095 30745 16153 25986 3245 10940 29193 24695 30586 5257 696 12583 27611 17072 30469 28472 15022 28153 21173 29285 30585 20573 21876 24937 30792 10410 8929 25105 12750 29267 16134 17590 9178 22496 25325 21175 32392 30876 16146 22946 11925 655 922 11817 11491 4621 32046 16784 14431 23400 417 15188 13189 32163 22030 17881 23271 1249 8076 860 10084 8525 7338 3831 1690 28841 1497 19076 20963 13370 11764 29620 17064 29164 8972 17033 18261 4913 4327 21507 19848 21383 27715 14101 4603 1628 7198 24441 14007 21000 2202 788 2598 13578 16600 19221 18051 3721 31203 30935 9181 3460 23873 4487 12836 10017 29089 28159 17901 30545 853 5854 10931 12084 9608 15558 11417 28667 19415 22160 26511 8824 26620 26380 11281 6025 22501 29981 23852 29989 27672 2387 13359 8913 30218 29779 28740 16395 6834 9474 28019 26849 5366 29894 31637 16056 13426 9053 439 7950 28110 669 31752 4290 13172 12379 27413 28227 13030 5001 22886 32721 31827 21686 24988 7836 30262 27133 11611 28786 24878 27654 13656 414 6897 4731 8712 27971 
3351 21702 2539 13053 22966 17454 7300 3129 28413 31259 16248 2803 4905 8664 27942 10926 20546 9052 15827 296 6434 18904 386 1520 25765 23164 14519 15886 16322 26933 21238 29569 13416 4807 78 30455 31578 26300 32071 217 6126 29458 2175 6859 15825 23658 12974 30598 2277 819 19789 27580 6427 8751 14654 23545 12801 1284 32156 10594 31950 16582 28763 18326 24008 22503 30959 30170 22588 1750 2946 22043 29434 12583 8095 13655 11716 14785 30393 14328 9281 8009 7275 4768 29847 23505 15266 5209 15975 30406 1776 17937 13379 19659 30666 16287 25697 29752 11617 1466 23669 8932 11379 8808 17475 26019 28208 14832 7482 18974 8657 5804 4015 30971 14258 23848 14124 28688 13199 27790 22368 15377 21249 27596 25192 21894 26934 20112 11123 13103 10874 19085 3648 19784 2066 23878 29626 12104 21131 11421 19961 10186 1870 32375 15468 8271 4829 21418 240 12288 21029 19770 18004 7077 26008 28207 29478 24291 5066 15797 29946 13503 23518 26944 25711 745 23138 32250 22548 3490 19487 26510 8633 20356 21014 1827 18279 32332 16365 11801 27009 19513 6486 14993 26413 20843 10324 13391 8605 15304 24507 5284 27418 28788 32603 31731 8695 11597 10051 4452 14956 10992 335 6357 15668 14837 27604 284 13252 14913 29896 29499 27890 15872 23019 19760 16275 10779 7409 16398 8936 3506 16681 9328 25939 26517 17956 22776 19147 1510 5462 13017 26630 9788 8098 32592 21452 16144 6978 16873 26096 11352 26257 31211 29572 30587 29820 13997 19111 23541 9278 26158 7468 13569 19437 5891 25197 28614 3530 3838 31613 9508 25026 4113 22212 10049 22703 3934 7129 13668 5143 3529 21892 1150 13493 15967 3159 2928 4799 19651 11073 11130 7870 8373 23121 4316 15946 14822 13521 24167 4527 32571 1182 13318 8486 32653 24691 29705 8570 12515 
11737 15393 5186 3961 12366 8390 11393 22193 10500 9876 7394 9501 29300 13839 969 2396 22815 7810 24806 18870 8062 26859 16164 14973 17670 2948 27233 22493 29014 4095 30005 371 31431 23681 10082 10006 16466 1962 13192 30539 12527 27107 14725 24350 7077 17505 28620 9606 11848 24382 5546 24563 1965 3575 17168 3353 32431 19735 30977 14732 26735 22287 31881 11370 27019 20843 13889 12222 25499 32256 6733 8285 5015 9505 17153 29230 32665 17125 2991 456 231 17855 30051 28241 24673 753 14731 8904 1785 24450 7153 16825 21888 6638 29283 28783 25542 30074 20157 10976 4395 8960 22720 16577 20871 12867 21024 25727 21329 4356 7686 8196 3436 15291 21773 12240 15210 25471 14419 1460 4463 18686 27760 10809 52 14592 32129 17390 590 10173 30755 28392 1554 24233 5584 20363 2311 1804 921 3939 22694 26020 9171 27053 13775 16974 9932 27976 5254 22791 1018 609 3973 10003 8598 10184 30488 11865 2061 10526 3552 25835 2744 12652 28699 18727 14712 13017 16288 2262 15302 18145 30252 12189 18054 31981 17053 20617 3282 13422 5344 6863 8550 20527 25325 7798 25327 32305 30861 3884 8880 2825 954 10895 21170 12401 26115 31154 10663 6018 2695 6480 22759 23907 6989 28066 27061 14459 27109 16335 29635 18920 17522 18651 7105 9997 11374 30364 31067 15111 5269 30031 420 22730 31008 13883 16465 2061 30096 18366 25053 30746 1110 11232 15109 10866 6500 23829 23364 12419 12101 10425 25354 26290 8717 1112 20479 32373 20548 29837 30712 13449 14342 30697 22767 23965 2578 12675 31273 2757 7757 2432 28516 116 10395 11761 6121 23996 3468 9502 3441 26139 10537 14125 14868 23030 22540 30195 7211 9206 27721 23696 19464 32206 1368 31182 21844 31027 22616 13540 29164 12309 26584 14529 32466 28921 682 20743 28654 29600 
11937 27605 27379 31982 12953 806 4392 13426 9737 4385 2427 22342 7455 13183 19999 31164 23404 4133 7845 16380 31761 898 14370 29026 4046 7219 6436 4594 28727 13835 23038 10807 18813 26720 24738 3331 14178 31086 12170 10012 26844 29422 20337 20548 30971 9751 27214 25432 20103 6422 13729 9148 31832 26073 18966 845 24810 25519 15708 15948 19423 12307 8650 26389 28620 24650 17435 19699 5944 21512 20626 26773 8294 15185 857 24145 3401 3712 26899 21050 8425 7241 9613 21348 11065 11700 18053 10396 11957 27707 18153 24547 9522 3892 27778 2350 15980 31870 20722 7331 27577 21026 28678 5534 4626 26858 15667 27221 25194 21912 524 25524 26465 12259 1546 21746 22863 28660 24090 17590 19891 5778 19439 30228 8278 26011 1342 27140 29902 14788 1943 17065 26650 11944 29630 6268 28276 4212 12215 10987 11996 28451 22281 17076 27667 17218 2582 811 15293 2343 1400 14569 8901 9330 13451 24370 30749 17794 12855 6823 3076 10194 11789 30673 19248 27731 4133 17309 376 30040 15993 4580 16682 4054 17888 2891 22902 4188 27857 5074 3542 27752 22807 9064 11575 937 1515 13566 2232 30289 31110 30009 15446 22915 9086 9846 31471 17692 21074 18133 22789 14657 15276 14181 4202 13452 419 12414 23541 2137 21108 65 437 7501 12281 19231 16237 28435 22813 24858 11650 32157 1637 10717 19384 27836 9950 13713 29447 12805 7338 20564 26053 15184 2934 2053 9793 27693 18746 8230 22234 2509 26232 25889 32144 21929 25259 7091 18184 12058 23708 11397 29865 19648 32373 14811 26562 10031 22811 18813 16690 14493 23251 31514 2320 27814 23948 25930 24816 7973 13824 14019 27159 28273 14575 26961 7681 22313 21884 11089 4792 27244 32351 29007 22045 1101 15775 32042 5690 2884 32267 13956 5385 8397 23374 20054 17706 13614 20046 7848 
23924 30508 31731 3127 11982 6780 32475 7192 18213 15242 12801 23898 1867 22535 31026 16247 29442 16134 32287 8259 3390 28527 20174 6398 7921 700 9781 10206 7916 15042 25026 17242 23100 2994 16628 30775 2561 26960 10840 25001 8832 9176 29949 25964 16952 28767 1806 854 12068 17824 16900 25254 5199 19401 29463 16619 20886 7199 18517 2332 21775 2329 16834 3696 12397 23363 25499 11091 32328 31707 3770 11534 14332 20780 3251 7772 9613 15099 6428 30359 3566 16605 31726 25584 29252 26204 21330 6473 10527 11590 25290 32601 21222 8295 1028 2221 28527 7170 5574 3737 28483 29082 24990 27882 14427 19006 29086 25634 13815 1490 9514 14736 22056 7523 3613 13746 11149 24862 1672 18216 15164 15880 23046 17035 29263 29355 20569 7256 23049 24596 2994 10845 4700 29654 4630 28597 6338 4320 32632 29078 22776 20070 14311 24833 3921 30827 29456 3338 5904 27460 12461 23260 4731 24993 29190 32667 32624 18755 19633 16900 28810 5126 2329 25797 3187 23618 11203 22705 14990 29206 30416 12758 31110 21821 14815 14477 20998 13667 3085 28913 2930 31881 10183 23754 21112 6865 19763 16318 13069 23064 4530 5911 21282 30221 30544 3762 15809 28455 9159 24338 10613 3667 10381 5835 6949 21270 17033 185 20823 25850 28886 26867 15783 9751 11682 30022 2423 17992 8539 12440 24418 19761 27532 10818 24270 31599 268 4727 22931 2730 5417 5246 19363 11773 19067 21891 27195 1664 31232 30913 3665 30962 17935 16131 29414 29434 19835 7390 2007 17075 5014 22744 16840 25286 3778 13979 3334 29332 22762 16224 4520 30591 27638 31134 3957 11796 12159 26086 6199 4398 14448 26630 22385 17669 12914 6720 26212 12554 19883 14387 3696 31992 7435 10850 12270 27474 11355 21072 9334 25385 24570 19375 676 779 19408 8993 29532 20004 526 7043 
11403 21208 11020 29264 31260 11525 8307 10024 1152 17871 21910 9274 15517 2310 14452 102 6466 15199 26748 28443 26358 19263 15214 74 5526 1538 25006 26228 24573 25716 10871 23955 7760 15922 29202 12885 14561 3304 2509 1174 19133 7151 28993 10468 30356 13506 23470 13290 11551 21333 6376 30130 4090 27136 18606 24862 15804 12541 1464 29880 1002 8020 14125 26371 6743 26909 9166 29150 28309 13199 17448 21833 19170 18354 8170 23317 18554 1154 8394 32522 30040 21942 6783 25240 9704 30682 28670 8634 13711 12262 10253 9561 23053 17754 1353 25999 27370 26835 32613 31165 4474 27011 10651 2197 10417 4322 12554 17130 14264 13260 744 8167 275 5992 25363 29743 7611 29601 30928 9504 29982 10557 22542 8475 30145 21483 31020 13605 20267 21921 17627 26594 32204 29635 14313 3345 19020 13744 20140 23385 9862 27920 4336 10755 11712 12918 28595 12035 5275 10520 22555 18312 8891 26368 16425 24870 26198 24247 11674 20300 30379 17591 8980 21569 6458 10278 27323 27801 12273 32024 26960 27039 1388 10793 28634 10269 21309 2163 29475 31264 23273 18259 22094 16480 25271 6185 8838 22509 1715 7803 10354 23056 16220 4870 9015 13498 2730 15665 11065 3773 19354 25286 24715 4154 30647 4783 3991 15615 17748 31545 12108 4201 17024 16063 9490 10223 27066 10004 734 14443 13956 4197 26906 4382 22959 21506 21758 11145 2208 20885 6081 1843 12677 20974 1348 5648 6704 409 7728 2779 6380 16618 8092 6993 8959 15442 1394 23397 18251 19222 4625 4573 4163 9745 31648 21322 2678 28257 32501 14191 19847 9099 23976 20144 24371 13124 19960 13267 28879 14231 4850 16830 2210 21658 9872 17899 31318 29827 10493 25188 28681 30804 28796 31947 25782 7428 21065 28225 23680 26452 17324 31514 2655 14779 919 17101 31422 365 1647 27075 
5141 22290 10794 14103 10187 7522 19091 7264 6959 8836 1963 15910 11402 16116 24462 9263 8202 18621 4923 19067 9448 4595 20320 6852 8407 7508 19499 374 25037 4368 10217 31648 10663 5507 5170 5792 32022 25585 22963 8550 9758 17720 31968 3925 17615 4634 3549 1626 11012 1192 27694 18820 3602 6741 8188 2553 27193 14656 4337 23335 18312 24566 24811 17633 27527 107 7628 4727 25385 12768 1870 21492 6752 24883 14501 29539 9538 27736 10918 27348 30927 3014 17326 7388 5334 22421 18205 13173 22429 19185 6257 32647 3361 3764 6602 6751 16881 3639 9454 23836 16209 24538 10880 28762 9892 6234 12877 2806 19216 18061 6214 15067 21245 937 6890 6157 9005 27065 3104 23059 28106 5304 6562 20775 5974 7543 1370 6615 14278 18964 30968 31830 8296 25080 28509 23861 7459 6153 474 19473 29980 24981 21928 1495 11985 21513 12214 9865 12938 13522 4530 13132 9056 8227 2607 352 25428 10615 30399 10060 25651 838 24306 8669 12280 27963 2577 23063 28709 23899 18458 25637 24347 14147 28738 21048 6555 8913 30805 19860 30948 8259 28131 30536 26119 10561 27069 13809 6949 20165 27931 5694 31672 18577 22116 31390 4450 31818 15791 1184 5694 15419 4577 1392 24799 15412 25439 14398 22413 20917 4273 9045 164 25402 19520 28260 12238 28458 13695 22352 20914 15352 18000 19143 31312 11672 17241 27020 15026 10901 2435 7755 15019 6487 30744 1072 17916 7121 28027 30262 30062 20568 11155 32017 23403 14173 1748 20213 27190 19751 25006 854 8881 8652 14445 32395 8662 20210 10400 5769 30313 3012 8218 9599 5339 19041 23029 20836 5686 19021 30081 24123 11039 6301 14836 17064 648 12820 2979 17487 17365 14442 17424 17922 16014 8673 11480 19888 4583 11195 32318 24160 230 26123 20336 2826 29763 21475 1027 7951 
7164 2012 17180 18906 19263 14259 12288 10528 14626 10540 10726 31080 12851 22731 31192 29501 13140 14747 9701 24961 3109 31641 26302 32125 21999 453 20050 6025 16041 32129 25158 4939 11225 26057 28853 22331 29748 12703 27398 3935 8611 6083 18293 23973 32098 13445 3922 25628 30202 20981 28297 27921 24007 9167 21180 1958 29042 16502 13587 18563 12071 8768 1404 19468 19178 5194 12516 7413 9884 7996 3452 13863 8294 7548 11084 3868 2346 29689 27938 32581 16905 20543 13070 7715 30558 9178 2030 22823 23295 14871 28300 24326 14868 32474 9764 15424 2053 28064 13940 18489 12810 1105 3023 1288 383 25392 22832 20542 1759 5445 29914 28916 18415 241 31657 21206 31978 6436 1769 8164 10792 8263 26104 10913 17667 13589 27769 16969 232 3008 128 10821 9252 7910 29522 31043 23643 25144 29966 19465 7117 6753 13102 30787 4110 20266 7301 25398 15372 3781 28223 29097 29583 1917 5762 8387 5235 29507 22481 19032 3670 8600 18510 24197 22039 11922 28222 17837 15128 23044 2554 14007 19574 20361 19001 14546 29659 13595 11659 5019 5091 25497 20643 5532 9444 4850 3223 8165 27483 3786 32720 23908 1806 23800 19541 27583 18600 4445 21176 27612 30246 19104 16591 26050 10169 30563 21995 2742 32701 11616 25818 11033 19024 7336 24824 11029 19366 22906 8389 24625 21624 4748 20375 13198 22542 19405 28149 21671 12859 18987 32432 26333 827 10898 4626 25327 14814 24131 22481 11604 4026 7721 25175 7828 13625 4855 27614 13240 28570 14008 25888 6398 22617 23075 3349 514 4887 22538 13149 18525 28289 14873 29713 863 27676 15704 2977 23879 21389 25022 12241 18135 27015 19451 13238 27310 2812 21350 26481 13746 14958 15894 19344 23889 19202 13597 23224 8132 8810 15373 7771 25086 2513 14415 24192 22982 15282 22894 28950 27065 
3279 11585 23131 16518 12302 20774 1755 2718 1557 14630 10275 22952 23460 11844 22318 26287 7192 20663 21425 31206 23833 29465 28292 28994 2136 30976 4682 30278 13594 22534 1966 2257 10835 16325 23976 7990 30736 4203 18700 31818 3775 6514 7283 22058 15676 1949 14960 11691 14209 27063 1204 6594 29053 23741 32377 26283 23326 5896 8297 14494 10155 27355 2242 19022 26014 6478 15491 18884 2283 23079 27048 8497 931 11608 15282 30326 1664 23579 21626 10782 20029 4013 31217 6700 7435 10247 21434 11831 30908 21012 15299 12632 24779 22875 2254 22504 21990 23565 27254 17630 30607 18633 2852 9226 19416 13476 32426 29679 30494 4804 30407 12757 28669 17072 13298 26555 16326 31060 27824 9818 11794 5590 20738 30646 31646 16272 24211 25395 9182 4628 10517 21197 880 30527 4163 15537 27369 28962 28753 15255 30114 32151 4071 7146 9826 19445 13180 23848 22743 3107 7801 120 17219 1322 6467 21448 11218 32594 4281 5303 13709 10133 10791 19071 10356 4033 15652 26626 2413 22583 16363 27075 16158 19570 23464 25273 24192 28626 7942 6930 10597 30227 5209 27615 15016 14334 6564 14725 825 6823 4560 18077 20827 6415 2637 23407 13233 3918 29404 5020 1257 21684 10300 11871 31381 8276 3353 8868 26471 7672 3780 31712 16740 761 23787 12007 28973 23320 24433 11510 32088 12818 19516 15231 7043 7585 22924 28341 26169 10488 30823 9553 4309 19815 12667 29506 32516 5869 26306 30060 24990 367 32410 18537 30996 7303 3050 18956 14903 31317 5883 13607 20421 25130 23177 18066 8726 26620 24483 22055 27840 6756 26240 28213 12612 10999 19266 29124 5623 18628 3594 27650 67 21593 3294 23718 16961 2421 8337 10387 2487 6750 32725 15917 6815 9379 18965 18610 14420 24354 11175 8349 32531 20545 7334 5744 10297 25310 10619 16204 
11488 21759 28504 25444 22288 23673 968 28827 17787 25152 5702 3690 19521 9628 25562 29158 4530 1685 16692 4457 13234 22499 8744 25099 18830 4237 10837 1906 16568 10158 11914 2255 12435 8108 13728 2571 10155 31970 12402 4346 3540 117 7226 960 3236 31880 17706 18697 2218 1879 5993 951 24504 17307 31285 13857 10820 29801 14693 1770 26104 10527 856 27734 31324 31857 2952 28850 19593 24858 21292 6429 20405 501 15511 32013 9172 31826 31265 20436 20724 21158 3156 4421 32593 17443 15257 17132 18795 3203 12898 22738 17951 29403 23043 12633 13051 5397 13505 5457 27745 32643 24361 2760 17472 19160 17741 23314 20813 21123 2938 4187 16749 6691 18610 24843 5944 26598 29418 13060 13399 28312 12034 21814 25351 17375 23280 22175 1413 21213 15423 2995 20086 11733 14998 11711 19601 26506 16905 1844 1564 6978 31706 5609 15319 5656 9019 20716 32634 17130 24586 31752 13954 2752 3023 28747 23565 27274 29016 12868 6433 21154 25803 19177 7795 15339 19742 28989 15823 7804 915 23199 12144 28181 16446 14718 21236 27600 19694 20605 12249 12556 26754 21130 11972 15931 4729 105 25335 2230 26611 26748 12577 18482 14445 5252 22550 13062 509 4590 10661 7497 8335 23707 21176 22982 20744 2439 22222 5561 23977 1181 26141 17887 3763 16426 13917 13966 13705 31604 32599 386 23403 14008 32123 14818 3373 23212 29094 32336 31530 28507 3638 31007 10975 22157 29894 7368 4036 9345 24446 30901 31433 16056 19046 2204 23479 28164 11567 24648 17305 16192 22121 15153 12344 16663 33 15825 15670 10690 7132 20409 11135 14122 27304 12359 10623 28336 17303 23672 19735 30276 18020 30724 14818 12632 30742 13871 6438 23847 3675 18639 8919 8514 17380 24801 29086 9811 1989 20853 8412 22829 13613 4777 4705 3324 2817 954 12565 12392 
11565 23328 15933 22067 12295 13547 20480 10305 23355 12949 29516 2807 26496 23559 10627 29005 12888 14736 719 2310 15077 24870 6702 13548 31887 14844 8415 15744 601 26256 12034 11180 6985 19161 11893 18763 25979 23721 13901 16442 4426 28990 9735 14322 15036 17294 23211 14191 2320 23088 22347 23211 15327 11336 22062 22411 1066 6965 24294 17030 14143 11670 9259 7735 19746 15885 26472 24983 29940 28839 21879 15293 3060 7884 12933 14952 5557 12932 29316 21173 2243 13304 25279 9999 32581 29868 10924 180 3663 31403 3626 16174 23771 15500 32228 14537 1669 23264 8672 1279 32610 11922 561 1633 28732 29484 18480 12388 22688 15636 3059 30780 8818 15596 11354 28663 32619 31599 23126 6914 24744 27293 7438 12987 11789 880 4597 12619 29201 1622 19389 28383 25019 6084 913 7092 11543 12347 11498 1219 30362 2224 20796 9630 26792 4573 9872 11484 25429 19152 16653 6534 30373 2380 18003 10320 32090 1034 1996 3171 16656 6767 11598 14006 13792 8880 10107 5590 2831 17098 8154 1007 31591 24066 29330 23846 5915 32648 4071 29865 27676 31746 30513 8755 28304 18584 29760 22890 21544 18834 16697 12376 23822 25412 23334 22582 3413 15302 7484 3066 23330 15362 12098 18674 18558 18107 22670 11150 1719 24783 23771 25853 31810 6215 4475 22630 27099 25836 8670 7744 2969 12447 32524 3143 1446 567 24860 17998 7961 28961 27486 14525 8254 16160 1351 2319 23788 11520 31281 6470 6291 25473 29794 4446 30239 23228 27436 24909 6017 15684 9529 300 21086 16188 16013 21457 5740 6663 30614 14186 4915 15618 7147 12703 22461 31738 11642 16854 14948 27232 22501 22256 9088 8462 32668 7037 21914 21904 15708 27269 20208 5689 20376 11393 16126 20 1596 9896 28578 21096 5763 15398 16064 9276 84 11880 29964 23610 9009 6364 
26115 28667 23759 7440 30581 23941 23593 2609 3699 12928 21913 5356 11049 28107 11790 9032 21543 24169 5749 12103 32514 16896 6647 6969 15091 14165 30068 20765 27119 28030 2925 5831 21046 28892 187 3515 25066 7297 29252 6099 11761 20374 17651 4007 4485 5763 15243 9063 95 15794 7867 1628 19557 6131 14956 14752 10300 5833 7294 21537 1273 14775 31675 5109 19152 20366 1675 20610 13788 16038 22216 22948 26273 11840 7399 3205 15249 3083 2728 15579 31450 818 22927 10940 28627 32146 30734 3381 25651 2314 19330 25759 30800 10063 15597 893 2317 22784 3120 20515 32657 9763 2026 14763 30171 4836 11317 29152 2099 30912 28906 20910 31978 19786 4523 8465 28050 32752 627 9256 26071 25195 30829 29061 20162 14086 29045 21597 28865 15248 13655 4254 9788 22115 10604 17688 1705 17790 18015 23669 13948 8132 4396 8787 28540 17522 13488 11179 5670 25609 17083 25901 8296 12312 13067 11724 2808 32143 17453 24579 5020 17359 10189 30922 28489 13027 20302 32305 25825 27678 26311 13394 16551 5133 20826 5625 31925 21266 1738 11840 532 2658 11693 21647 4133 17647 19233 27483 3345 5430 18581 709 14074 28725 29109 19464 18505 17838 27103 6393 7497 2559 5440 2869 21034 25656 23288 17657 21885 28523 940 24678 29773 27501 8469 5257 9421 8474 32411 22382 5952 16523 24180 18396 9897 30787 22164 22122 28300 28332 19150 2027 5140 18510 22631 18853 31309 314 19127 13678 16028 849 15706 11878 1010 30158 30730 22608 7045 17370 13132 16153 553 4770 19653 20516 22190 3832 24056 10780 22013 20790 28549 28052 30006 7612 11928 1973 2293 24356 5618 2073 2238 13565 18354 10314 11333 19840 14895 32249 13990 7636 13049 16896 10767 4633 21812 30130 9963 20677 1130 25082 31421 4531 21725 12698 30435 17042 4695 2672 
14623 23780 15422 5479 16562 17917 21726 12109 1476 18107 31706 16129 22807 2103 6854 22821 25074 14426 22254 24748 18331 3552 10912 29575 5096 11742 25020 374 3406 12681 31650 10626 17853 6498 4604 2751 802 4453 18796 29470 4349 32547 12310 24695 1905 29247 8987 29908 13114 2793 3786 29324 12753 31700 4835 16024 13963 9330 22923 11293 8499 32720 13692 3117 31398 4029 18299 16474 16913 22162 5054 9094 18765 17944 178 14430 13115 10249 18186 3077 1294 14727 3225 24694 8110 11739 14589 1508 19445 6462 25038 25939 11048 27064 10740 7235 12789 31302 32213 16914 17667 17940 29919 32059 30762 23427 21080 25706 32626 31962 30077 29811 31748 27727 13447 8575 18958 13309 22693 14005 6582 893 30870 20666 1608 6830 481 26341 16827 22308 1100 17834 13342 57 708 6605 22927 27216 3099 21241 21389 23605 27314 10986 6326 19778 22712 2963 26798 1566 2126 3616 23312 6642 13872 19066 30224 2663 21962 571 21832 20325 18008 30225 1219 30183 26417 9546 31446 16111 25416 2126 23467 9594 5292 16755 6309 21395 14704 26418 28367 31700 26974 13652 29791 2678 32634 7761 9288 2018 16767 27747 28558 29073 30699 14962 11539 18150 32109 7356 32640 10893 31769 28683 5624 25692 15664 7605 14560 15874 999 24451 25915 30566 9752 2947 23198 9831 29288 6018 19334 6394 14724 26173 31851 9234 10915 31991 29153 32436 20649 17328 28446 2547 9738 22752 21025 18116 4080 7062 15129 19472 21340 559 4778 29622 8934 4810 16858 18814 26231 2285 29799 17365 1026 130 10636 28332 12132 6633 29487 14528 17906 20921 27326 27283 6619 23763 23004 26317 5018 7715 19974 10012 2949 5578 14826 15414 24639 11941 7621 24908 28095 32372 22738 18629 12371 4047 3327 14145 25968 3699 32591 5740 4170 2305 24952 14873 28992 5559 
7440 4538 31778 2009 5015 24607 28086 19533 26310 12916 30215 31353 22133 29162 32029 22842 11418 4623 22412 32073 28511 13600 8121 5217 10684 9074 14220 23178 30559 17234 10989 5979 19587 28270 13773 25912 12236 32284 20516 22700 3388 24083 17147 6903 10413 284 22993 31071 8689 28702 4755 14863 22285 20557 3589 1101 293 17005 11934 18846 29226 47 625 12485 14943 21553 21853 29936 30542 6998 20496 25979 23465 14520 18092 28423 9767 13453 2269 13100 8521 14560 17528 11706 13649 24444 9921 16624 17616 5692 29021 11954 25277 5703 27554 20507 15323 28397 16431 26950 28112 3974 24934 3141 21274 25327 30176 18008 13291 23804 7386 29788 14218 14356 7781 31888 25114 20894 9705 29141 25472 29675 11396 7734 23750 15499 6715 5956 9497 27844 16995 12185 10712 13562 12996 19346 15603 22461 9752 1172 22521 11909 1248 15780 22707 27739 12285 27451 1874 14504 21000 4642 1796 29295 23692 19522 25707 25630 24368 12211 12767 15576 4511 26371 30 25725 14414 9735 30999 5046 3681 27705 22145 31297 25049 27243 17870 10880 9685 7317 27002 11564 29607 5353 10892 16063 27556 15219 18635 13400 10827 29123 8990 3102 19054 16587 5246 28903 22778 24263 9750 6079 9376 13698 269 5208 19803 2539 7007 21632 25515 6728 23947 3711 15298 18672 29372 3945 31312 30814 15720 9322 17218 21977 26596 27607 21991 29000 21603 21270 30101 11006 27661 1809 23125 26188 1475 9361 31794 17415 24951 28142 9056 24426 4656 23662 3250 27181 3698 3147 4878 4022 21707 18063 18217 23519 24599 14858 29770 30439 32011 4698 31270 21256 28224 27070 20576 26547 7420 17432 19944 13834 24213 18258 15946 13452 27425 12378 5028 21751 6547 22597 8778 2235 4062 6815 1568 17386 21542 2145 28749 25025 28048 2418 30378 26491 24463 8579 2826 32375 
6672 16359 28194 31463 6466 16862 27920 24718 10039 29338 18004 10580 13401 30641 224 4177 8292 4696 30658 27910 21519 649 27272 9499 27184 10019 18056 15592 32588 16725 30714 28134 15560 32708 32248 13991 25052 3710 13407 22680 24330 12933 3949 28856 15794 14994 17087 16676 22023 11362 25405 32523 30777 8972 6636 17284 12358 13887 13943 5589 22593 8318 12542 27502 12064 5232 24536 2784 8469 10150 18637 2406 17472 22139 17125 2933 13711 17458 16990 4491 23810 26858 26444 22874 27638 16712 31653 13980 10739 7466 15578 23441 7591 14377 22396 13889 3908 19558 10594 27913 26141 10791 20804 27635 18719 23605 5680 13415 19488 6943 10389 11694 5992 16799 4724 23161 10363 29799 27574 24539 15201 13564 29682 28270 30637 4325 10882 1914 5376 4441 29819 19869 3232 1318 10020 6932 17084 8320 12933 8832 30430 20891 13829 1393 6245 7568 25141 14181 6714 30893 4934 15187 7057 8210 28895 28854 25633 20266 11749 23808 151 28564 27374 18604 27083 12344 18169 25993 7914 29608 29830 23121 7359 2600 31913 5662 1032 20394 31071 3455 3198 28990 31687 19565 9354 6145 28071 7044 9080 16039 14453 9205 29488 9711 9357 24743 614 16920 17437 19374 20590 28227 11806 2623 1456 30286 3258 28681 11159 30670 3074 17940 26484 23039 32131 27754 28049 21430 16263 3065 8206 9336 16666 12991 25999 8596 28004 12074 139 14177 842 680 15920 27387 14663 29815 26101 17511 16329 21887 30554 6387 5968 31119 9111 27524 28822 14174 23570 25069 104 16318 10189 1719 30333 25257 16125 25398 4704 14357 30285 5475 17496 24147 26172 19391 27435 6749 3294 26835 19541 29433 3621 16517 27444 10824 16261 22191 20816 4687 21206 7390 24575 10385 1876 12736 14384 20946 5016 32040 5635 30327 23611 32020 7230 20011 1664 4019 20383 357 
16357 9200 32635 13362 28776 23853 25453 27536 13277 31340 25685 32727 20742 9398 10737 14688 6110 7390 16738 29974 3369 19787 747 346 17757 22701 25615 32127 31574 19025 27851 16971 11290 24293 17003 6623 31885 1775 6538 2033 21525 18144 11969 1496 27889 1567 7644 1632 23943 6097 18682 20866 19304 10600 15229 17497 2095 589 14367 21072 31167 13008 15650 18888 30065 8728 10463 18139 14913 8377 32019 17740 9266 30477 9035 21878 24861 27722 3465 7994 9693 14422 694 25548 29759 1625 12688 23356 26466 16554 25515 31968 13794 1650 31460 16610 4065 11636 6319 27558 24992 21103 19732 25514 6909 2872 3209 3333 25347 10952 29077 16053 19201 24367 6298 20340 13419 32224 17128 6401 26625 3684 3530 24543 31901 25153 8970 6982 13007 12433 17697 6516 31429 22399 4411 7722 18201 7201 837 8931 17340 27208 32255 28373 23270 27656 23850 19717 17905 13832 23422 29972 22722 27774 5698 11537 28850 10953 25419 9234 8893 3009 31569 16906 17359 18869 8626 8029 1101 15173 14015 11031 24600 30022 18200 20300 12880 20045 18816 3128 29256 3059 21033 27740 29521 10897 20607 13362 18310 23122 25621 15246 4671 24509 17488 19944 17551 15533 13115 11248 31262 4914 27509 32587 16338 28037 12778 30199 3048 6345 23275 5170 15634 13129 11400 3251 3743 24294 4449 10533 14244 25322 19721 16105 31099 77 23771 22310 27015 30670 8060 100 6897 31793 20693 18880 12938 22976 4429 11594 5352 26299 4014 27146 22681 14208 23312 18335 19096 20053 267 2933 4291 13776 10445 28968 30259 21287 19726 32398 6740 28063 29703 12954 6654 12888 9949 8881 24585 31596 11427 23948 7872 352 5717 19202 11456 26347 11630 1735 20598 6397 17983 16999 16921 22230 1445 22219 9441 19317 1900 5779 10600 16381 17608 23624 14215 5990 13014 9238 
8215 29873 20944 10847 17828 9714 27450 6685 1701 9746 15372 14768 30361 19763 24987 21823 16765 31462 25805 12038 17133 12368 28550 32363 13841 25788 1131 23405 25799 26962 14576 16578 6090 7111 11605 2222 15319 9355 19751 18867 4081 28418 15295 5554 5902 27236 6474 31908 11293 27046 21053 19688 12171 27494 23174 21204 11926 32277 29828 16934 24797 7868 17316 21276 17208 14959 27976 5613 31465 16404 26988 2810 8049 22287 2031 10521 18513 508 24831 15122 13849 29074 464 29764 24813 28003 20188 29915 23514 11830 19615 23474 27387 11464 17641 22399 24383 5339 31884 1160 2793 27372 2372 25499 24527 14839 18815 10061 22019 17433 30458 32362 6527 10936 27992 1950 2345 28605 6934 5790 13533 29765 5209 26013 29166 21958 14500 19524 27519 32167 18917 3413 24770 6614 3740 21885 29119 7026 77 23204 10151 21813 16621 10293 14428 17683 8065 30333 27933 27324 32598 20926 30341 7950 12307 19967 14147 4442 19460 22710 12901 13684 20926 21718 26023 2417 17391 9660 31557 23890 22585 23316 11625 13708 5116 13110 17017 7033 9956 23807 12071 30675 25887 3067 9497 18528 4951 5481 22444 16806 17480 27520 4750 3443 23747 3598 31411 29742 15720 14702 7234 18000 17941 21548 23886 30081 23127 6686 2368 8422 11808 22024 17306 26816 26611 10039 12064 8644 18356 13199 15394 23910 28669 5527 13560 12196 14585 980 11497 8700 4901 22159 2852 16528 30613 30462 3820 10530 4968 6426 28094 4387 23487 11593 6675 1991 20343 26723 6567 114 15672 25824 6420 21172 17047 5526 2730 9054 14202 9648 1436 10694 11309 8155 17334 24355 5430 18036 18566 10635 21009 21907 11635 26771 17450 29338 7043 934 5686 14193 31740 11314 24583 5981 18724 25797 18013 26873 14659 24324 24413 10194 5924 16379 30736 15450 21557 28964 23037 4228 
29547 7154 7837 21252 24712 25127 4986 23943 10830 4406 13573 7827 2519 30905 13194 27775 775 22163 10877 8369 2235 13691 8927 8985 22207 17880 4989 5898 30309 14642 24954 11976 24341 23151 3473 14121 7213 22397 15246 18399 25165 22824 26786 3191 29376 5204 9558 7967 23869 24701 21006 20950 32242 29387 1282 11665 29387 27250 28933 29446 4502 23629 13323 16388 15894 30770 14397 19513 30410 21275 12493 6360 20011 18876 25323 20728 16386 27582 16847 598 6811 16408 6050 30147 29521 12274 9547 22018 23143 4219 28809 4969 8482 4172 3854 22108 26321 29597 32302 18526 23507 31008 27619 10606 13116 2555 13288 27415 29874 32618 18304 3389 29550 19138 27010 17511 11617 4830 233 22721 25457 28501 5584 32383 8622 8313 7367 7222 29607 23601 31375 17165 17670 24736 7518 3544 13673 23997 7451 30623 32118 26523 1861 21187 632 4282 22734 21102 13197 10521 17261 17350 27331 7960 12415 2079 32663 25259 14321 30939 3034 17811 15327 31582 6253 10388 24249 10068 25200 23904 31087 29328 21280 10425 19471 3869 28880 19117 13702 26115 24078 11318 13670 401 4877 6477 4411 5283 32692 4100 19363 9144 24981 519 22608 1812 30193 1689 2928 14205 26325 24905 13926 30502 12933 1623 5059 2259 14773 25633 5435 16730 15083 18853 6035 29313 1418 3538 5389 8941 24252 15993 21937 27823 5284 23446 24727 21893 20097 11357 4092 6928 538 8961 23475 27456 10471 15643 31954 27641 25895 9705 25273 9855 8690 8738 17574 5301 26757 29709 18555 8128 14187 4187 9897 8139 10596 23533 22103 1222 11980 26729 23055 21101 1855 7027 22221 4282 263 10559 26510 18066 27102 21275 3999 25821 19489 16222 4715 24308 28659 22278 2581 4194 21706 18672 21357 3463 15978 8623 22963 15526 3304 11686 31295 26653 2383 27370 12791 2316 
19271 10795 31903 32341 1781 8480 14832 23122 19013 1219 21848 15043 6319 863 20889 32391 22492 4395 19176 3656 32060 10027 13470 21480 28928 26815 30658 32585 19630 1166 14577 32250 15557 20861 31579 18406 15750 30623 18695 24340 12831 14199 15042 18144 17867 12393 16894 17624 8284 8316 3231 14996 3165 6946 17314 19861 20155 31489 9114 27771 21505 29281 19950 5333 1106 15852 23521 17297 5405 28565 24683 7462 16281 17121 20956 12464 32281 20807 1012 7110 24623 17847 31795 10433 24251 11605 10501 3393 3743 17713 29154 27762 32254 18934 17432 13576 30666 3235 21159 3449 14347 10342 13311 23791 19572 6816 8733 6365 25026 13383 3495 13049 23674 32609 24595 30490 15390 10876 6486 12187 30446 14403 15100 25279 14480 5725 5144 5187 22700 13993 27301 16576 20527 30458 23902 23405 21010 25759 247 23929 31088 15347 30268 23101 21944 2891 32718 18024 31408 22138 25303 1759 26202 1713 10725 343 9064 27788 23436 27985 1988 27552 30121 23036 3455 2488 13100 10754 8685 23282 16597 8263 11179 9631 25831 26965 4263 2595 25136 19803 12769 14032 4848 6240 9916 2384 21725 23149 31980 30310 3668 23940 25381 14339 8691 8600 17073 16641 28106 231 17385 5979 3097 24350 28078 2759 28191 32743 24380 5990 2548 16303 7505 19805 6753 6868 18548 32661 4449 13956 19605 2105 19303 21231 31329 11293 23313 11620 32030 29373 14910 6369 1357 14480 5304 658 1577 17863 5193 32254 10153 16469 20804 611 28293 4859 13004 14184 20648 7513 2427 6620 23323 27563 11419 491 19750 6347 13720 2811 15377 4390 7883 24797 9057 557 9427 9108 3159 24261 30269 25633 21196 26774 26868 11723 12087 2212 20378 1348 21259 25472 15205 19950 24757 27817 7656 22842 6509 8006 23040 2167 4594 6465 6747 28366 1414 22800 27689 15564 
2529 18622 23325 4298 24969 31942 22815 9414 19670 4818 25056 17646 27396 25731 1456 1337 10964 26222 15419 8900 4447 10760 11420 28543 13432 24762 1867 13826 4095 20955 22368 23307 7461 21008 17582 395 9683 11887 17780 3225 8576 12141 7735 4079 16297 26699 18365 11256 24852 31361 95 21046 3850 22045 27981 3385 15220 3353 3701 31809 30284 23725 13746 22392 21046 21112 14122 13353 1890 14659 11796 30368 22968 28488 31334 22723 16490 29045 14073 18008 14876 19718 24335 21358 348 10515 26780 5051 25054 9752 24665 18621 14519 30644 28591 7868 5836 6147 29389 15505 6577 32065 25080 5047 4579 626 3743 13280 20534 24897 28319 13012 9012 7826 11911 31818 15367 28595 26024 20710 16256 8096 24293 18962 6525 1961 23603 20662 28647 22249 20111 32331 14958 24368 28625 27721 10587 8039 8387 3432 18155 23126 7691 31125 29483 404 14042 11932 23388 30204 6946 22367 1467 987 23419 21893 20159 16547 980 13695 17027 21067 19637 28054 14958 14181 32472 82 12935 17580 3535 20205 9192 19691 30492 20582 17095 17333 29079 18783 20870 21959 25703 13164 27991 18954 22501 31525 28296 7497 6638 27448 31045 23121 8909 12935 4929 2314 962 4477 27528 12452 2905 1935 25979 10370 8554 30262 20016 9444 17502 30474 4909 4602 18498 1002 30445 9374 22007 19776 29021 244 17567 16339 20419 10843 31781 165 2801 12126 4322 15010 1854 19405 13585 299 16108 15039 21206 23718 20909 26534 19695 6030 20168 8888 2075 14761 19779 19228 12362 8190 31305 12682 15296 12765 10877 18627 26289 29721 2174 17786 4567 26514 23763 18434 14241 16194 32611 18356 19218 26019 28979 24243 28940 28415 2318 11855 8687 14202 11501 17753 30994 3577 20711 13108 17453 17521 32017 27878 16915 32049 28392 25977 19065 32112 24481 32303 27913 14963 
4709 30865 24491 29142 17813 17598 13142 3555 10113 1595 4246 14036 14133 28816 1844 15542 6327 27987 24251 20125 1000 29077 17366 20079 18864 15336 2462 21364 15909 21306 29677 23684 25599 22710 28129 26187 15269 13565 5751 13460 1266 21792 6616 6027 28205 14822 7211 12911 15655 22607 12004 1420 20143 761 30129 12082 21781 24984 9897 26081 32199 4831 23365 14936 14920 21982 26726 23904 10451 4605 16162 30278 24705 10691 26279 10152 12040 19241 11755 13851 426 31071 22077 2930 29247 2617 2026 16332 11474 32344 8141 434 19354 31041 21687 20262 240 4097 4683 12002 18902 32159 7277 30714 14948 21729 12761 24129 31663 21933 2537 12415 24310 14871 17004 19644 31198 2298 11405 23448 18490 5161 17004 14246 14475 8943 13536 28531 14348 20396 13084 15447 14188 950 363 6084 1663 20783 29096 29162 5721 26358 2275 8036 6340 22530 20446 19763 1953 2571 13940 2725 15549 25273 6705 28344 23245 19475 15864 15055 8451 16232 7303 31386 20138 5077 11121 2335 24009 20748 26119 28537 1726 6643 25734 18700 10068 14840 11324 8260 23273 2224 14471 17330 25120 7536 10751 4661 9874 23827 28097 2173 7672 2018 9824 25741 31587 27099 32463 16873 27842 27291 2003 10493 19015 2520 22491 1192 26792 20466 1226 21617 20281 14649 28833 21133 11664 30787 506 7079 7089 14512 12874 9742 25625 6478 26989 25841 11609 31881 6705 23416 7475 20239 26008 23765 27131 30066 16985 14174 1782 2698 25702 31863 16166 12758 21606 24071 14500 7461 10334 14519 32434 11835 15211 8213 10459 20574 15908 1643 4724 19108 4249 26536 7660 17074 6787 29393 28896 1595 15342 13283 15946 30391 3038 21358 22054 12800 29154 8668 22775 28837 6471 14266 4663 21761 14438 32593 32636 27418 15020 18766 23700 6823 23589 27040 13895 19944 31622 19982 
4544 17629 19987 1669 29348 3626 30382 30545 1386 14753 30213 29614 21123 15220 11387 6795 23951 30855 31280 15655 29267 14426 26782 12193 13090 11972 24585 8397 30441 1244 28281 30657 5741 19407 3140 5385 13578 20747 25493 1601 5493 10878 5172 26638 28185 14041 1185 22030 29519 30158 29839 11589 9757 13642 20657 29120 13505 30122 9367 26547 3344 16240 7488 13640 23202 4153 20934 29941 13843 8690 4065 7557 10908 4655 12240 14811 30375 14121 8867 27591 12354 12941 12315 24256 29330 23549 1070 19067 26366 1792 5780 22232 17398 25568 15145 10810 21294 6112 19717 5335 25389 26246 13191 6714 28643 10785 5173 5747 24412 2721 14015 26217 14236 8184 19485 15150 21252 10219 0 22652 14854 23247 24258 4901 10493 4503 18244 30185 20279 6404 20524 32426 29398 3864 20274 2099 28400 11711 13099 4375 22918 27600 17510 3743 1489 10049 25459 12298 11644 28008 1261 12488 6962 27469 3821 30592 20447 23066 23181 27239 7204 25279 23773 7591 16972 19877 6883 1875 9344 22675 23061 13739 24684 27257 7683 26862 27294 13822 8607 13446 4696 31695 5338 31555 10635 19498 22264 25361 29530 15211 4206 10025 13890 9000 18202 11245 16339 6025 11406 27648 15168 7366 16356 11779 9024 26823 32418 12886 4618 30812 21380 29744 28271 29193 17468 23694 7636 6996 10740 15896 5144 7648 20402 24371 29706 23320 4324 22915 333 11760 4208 14501 8839 3838 22518 6656 27868 10657 6894 28756 18511 28280 15350 8588 7358 10513 3661 4973 21999 2513 17803 26687 27645 6785 11785 12229 4679 14973 23072 7431 12361 29497 22797 18943 30943 23186 27995 14415 25203 19597 30654 3297 17212 507 24342 20134 22511 29729 2171 17431 13570 2665 18190 3940 393 1883 28882 9735 26433 3215 8860 28272 17371 23431 2281 7087 8023 22404 17992 20243 
4996 5774 20534 12946 22719 18413 10202 27798 22188 29735 24475 17397 4710 31579 20555 7487 28728 20150 20232 9927 17689 20274 6213 4760 23012 28102 4187 7266 29213 3438 1229 3370 23458 22966 24945 31691 10283 13414 11233 26962 1270 1559 29316 29427 24078 25980 5496 631 15529 9546 12239 26908 18793 12041 5175 9213 15919 5330 22291 21836 17489 13127 25744 29050 994 32215 28029 3690 25213 30746 11071 20207 18778 6233 25352 4563 29964 1977 28218 4256 2809 5419 19550 25941 6227 16090 11992 732 24528 5703 28521 25790 23957 8635 24813 24648 10556 1576 26298 3619 2974 25117 14221 14918 27374 29420 10720 19708 4386 15831 25220 23636 7962 8732 29757 18785 29254 4982 4057 16286 3160 11228 27365 15655 26309 25788 31055 655 10249 22913 19469 9392 13036 12853 12307 8842 30189 4455 31389 1001 9769 4246 27117 1822 2879 13223 29670 6500 13782 17020 13548 26723 26200 25045 15922 12895 15585 16269 22797 19390 15366 28390 21451 20155 5899 27378 16517 24596 6047 10791 27161 23529 6562 7654 26748 15570 31183 32116 32523 22466 20433 3710 25284 25240 29077 419 24225 23119 20614 10567 22719 14709 23759 1966 28266 24870 9421 27281 26686 17565 1602 15954 28819 3118 10318 16288 31073 23170 16396 481 31221 7496 32508 32274 13089 4969 10670 8607 14214 9194 15086 25033 28176 20374 27855 21690 1472 22966 29760 9866 21744 13948 11494 10750 27177 29176 32393 9839 13201 31865 31875 28445 21141 26957 17724 11507 7810 12707 9815 2177 22718 14230 15340 17469 1161 26775 13201 20740 10314 30765 32353 24071 8565 24144 2391 12924 26126 2659 16777 2649 27780 19095 3828 25001 19783 1368 23732 5347 20102 22228 8838 27150 2631 16183 29840 14155 16261 8914 24347 9118 4158 7004 16021 3524 24465 16493 18059 2252 18637 18377 
2324 18701 10376 4660 22922 5082 4639 4507 13785 20817 25147 27890 5571 25014 27630 21384 5142 22071 3748 19013 1875 19004 21106 23030 10576 19352 7899 19139 11193 6755 18709 769 14616 27127 26212 23090 18692 17872 28547 3039 28546 19492 32401 16733 31043 32603 7141 28784 27444 32114 11675 13909 18611 28150 18690 30257 14026 29559 8758 11761 11687 20603 15007 11069 10247 31873 5522 6387 30765 26299 1147 19730 31049 28147 28958 27272 7133 568 9157 24252 15544 23275 23104 15350 19458 12572 14965 19373 30807 22927 30366 25192 18995 20916 30314 26874 30647 18615 17301 15037 17406 29705 18358 23776 25287 26794 13696 27583 20619 24031 12168 16224 17376 25833 22485 1957 31577 20494 21711 22539 22543 31361 24509 21467 11472 20761 16110 10956 21065 3774 8227 10189 31209 17333 7993 20638 87 12224 8319 1861 16281 20219 14368 517 28328 3347 13674 8117 26251 30512 18815 5657 9591 5741 25526 14869 624 6698 29590 573 3633 27351 14346 9093 2617 22207 21974 2638 29879 10241 9487 29959 6807 11436 22240 6502 20855 204 11215 6780 504 29062 5247 32320 20806 2756 1099 28664 23405 19098 11664 19018 18223 2550 14406 7864 19904 31443 21620 21030 31943 6933 2432 10659 20460 17394 27804 20511 14284 2097 30201 8558 12205 15486 9067 10128 12925 9640 20757 24759 23866 23841 12047 27947 325 4532 3356 26167 18155 15381 8095 4321 427 25303 4679 27534 5039 10011 4404 1207 29423 29518 31696 14520 13585 17552 32481 15953 17162 4764 31917 29286 1886 14275 3912 4072 31860 11354 699 28735 19309 25782 1735 7518 12426 9870 3612 28334 15636 11445 26535 31373 29961 28773 9932 2361 8337 20365 4994 13833 29606 23716 17245 18962 8876 17185 2551 13213 15519 30383 1064 29820 13709 320 6905 31875 8992 26408 7149 7742 
14013 31988 21602 16079 19482 23963 31023 7891 28271 20831 23724 8862 23718 25292 1812 28179 29961 17733 426 28674 2629 20750 19918 2449 19915 1758 12678 24733 31043 9371 2963 5418 11452 31526 30032 14823 30615 31326 32508 2598 28658 27934 11792 7500 12545 9452 22791 9173 4683 10219 30232 30690 20030 18744 12344 1739 757 82 20305 32670 31682 486 1063 20821 28507 22866 9290 14138 30175 7910 26220 12377 10966 26560 12661 28228 11376 5629 22923 27889 22595 27647 4277 106 29878 25643 3992 18881 14726 23295 21478 28568 5266 19558 4425 16151 12455 30444 15186 1286 11609 24517 32053 16633 26715 31993 11710 8360 29704 150 29716 11168 7371 11204 3410 10504 28518 10157 7009 18213 30720 11117 6439 26313 14818 7571 2657 14838 955 7723 16881 3031 22417 12854 3995 1575 26165 15824 1679 10755 51 18757 24351 24816 15157 25526 25477 15785 11329 22250 7388 12876 26584 916 13098 30210 21069 11351 23264 12186 27977 19332 4299 31873 21402 19070 6448 20700 817 16531 22065 9701 26025 20705 3270 18206 9393 10006 7201 14398 31360 29262 14693 4699 22185 18246 2750 13915 8598 877 29692 26692 6405 1703 20767 20942 13938 3222 20870 17731 9753 13978 6186 23148 31943 28197 17002 13499 28190 11242 2941 5004 14337 3993 17142 4711 23370 16408 25684 29712 373 14004 23264 18230 8886 12744 503 15272 5434 2038 5306 9437 31148 26373 13227 3518 9190 27226 30063 181 8854 5176 18728 5902 22625 9552 19368 29619 17001 4815 4369 11401 1713 6128 29448 4871 7731 7315 20304 28127 30561 12148 31645 27125 5855 6888 2272 5779 19603 27822 25130 4774 17067 30982 27884 7771 12108 22104 5382 28783 3044 1215 7064 8357 23005 13246 29458 22621 8766 946 4839 20000 13077 24934 23494 20962 24952 16910 23050 29641 
1929 7894 15991 32325 1456 10807 11090 652 7788 3499 27237 9191 1031 3925 5650 5447 32427 27538 20722 26180 16826 19778 30154 25633 24532 15472 476 13986 19192 32023 2216 21012 7417 24043 8992 84 14203 30257 3680 15542 31420 23256 29505 26795 11152 27045 24165 23761 19366 11397 2631 12681 6541 27287 16415 4459 32632 9151 7419 21631 7144 689 9745 11002 8751 18932 7293 4556 6628 10011 1500 25608 4333 29239 27158 23896 8511 25972 6492 11911 27186 25545 25144 3371 5302 19839 19104 21297 4090 19179 31810 15638 29336 12754 24723 22375 32525 2199 15281 833 12704 7313 25686 16223 11895 8140 32148 13035 3612 16128 21182 6641 20813 16696 17080 10719 1621 11899 13343 23409 22280 22586 31152 32497 6087 24418 10102 21192 22144 1912 15808 23352 27163 8590 14042 12705 15587 1233 20641 31010 6335 3959 20197 9419 13759 24357 16608 31906 10540 11525 15117 11613 25014 16968 10193 2079 26697 22758 18213 23123 4759 10568 23201 21051 19431 24313 927 30265 11561 16270 5292 26127 18265 26620 3370 1295 3566 8802 23626 12326 30555 32571 11804 14013 26294 4130 21667 30486 4086 15219 946 14752 6568 4891 21752 16278 5952 27574 5965 3887 726 32388 9036 32714 18365 16549 27305 20387 27296 30630 3637 6245 24007 10094 29641 15094 26368 19883 3305 11771 11818 25737 21144 1889 5317 13038 30 16684 32604 27060 32365 8938 22272 15470 4017 13525 10667 10427 1730 24285 19122 31729 11860 4379 17653 11468 24365 30247 12566 28721 8527 23068 6564 6755 31212 9434 22271 12323 24852 6386 22401 2533 14482 26838 26066 27367 25289 15542 16218 5787 29005 4193 20655 5007 12226 29928 1139 16690 5849 20194 17586 18969 8441 3576 6815 13589 25579 12287 20371 617 17659 7138 18141 682 8013 19611 20112 4468 2709 26201 
31986 32492 29097 3291 32401 12944 4070 16684 32328 30809 17895 11856 10862 31565 19253 19389 4581 8901 32441 10527 30011 6426 11975 24687 24346 4497 23854 8330 8263 26816 25813 17257 32598 23123 13644 32152 26979 28439 18349 25583 16657 12810 9760 4347 29722 8362 22672 20992 17607 28369 9227 23159 2539 1094 15130 19330 28015 5468 20022 32347 14060 5186 8533 431 28322 28952 14496 14510 213 28433 21835 25477 31212 4017 19002 16417 907 25406 19046 5973 18791 8200 29587 14613 6611 10833 16485 24122 17788 14314 22018 17184 17869 1677 19292 30481 18175 20954 27975 13358 2459 2541 15613 21068 1314 12511 29075 21973 22853 18037 6808 15413 11384 15432 25601 15627 12458 9057 4557 647 8815 28327 5400 24411 11183 19664 7137 32403 31576 12295 29042 30 20207 17888 19498 20186 6056 8441 8236 5725 11430 18643 18794 25489 23531 21876 20902 19657 3351 6987 24097 958 31414 23170 22517 21019 26577 30546 21432 7422 9311 19974 7320 14510 808 26418 27819 8193 8194 17587 8295 4360 28952 21583 30249 25046 8185 15839 20372 19147 31294 8445 21407 27564 32309 17378 22701 15508 21478 16649 20009 15546 20299 16544 32193 21807 13311 24904 29488 5835 28323 2503 4995 29286 20215 18200 10038 13425 16981 15496 12491 20956 25569 22396 25363 3256 29591 435 27536 25027 24651 15159 28875 19815 19083 18132 20879 8622 10961 27733 31918 32267 4586 3613 1555 8183 18110 32236 28484 10743 7887 17368 32086 14816 2340 21946 8353 25495 10831 17821 18180 9511 31904 4254 10489 4254 13516 11647 23240 7481 26742 27380 13233 24754 3168 16643 6434 31739 15938 26784 25569 29845 9215 10119 5219 31585 8529 27701 763 12372 2155 15172 5555 16178 20082 20420 12231 18515 28064 30106 16371 6085 4468 5492 31759 14060 18587 25418 22098 32549 
850 21762 8431 18019 29826 7700 27328 22637 2686 2666 7592 4017 28427 21156 10865 25264 9231 24404 18769 5253 20420 8863 13464 22328 2118 32578 10839 18433 233 16706 8097 31670 24233 5705 8219 23120 30915 13712 14353 24602 30818 17737 13947 2354 21116 32331 30397 2268 24506 17924 29690 14000 2853 14269 18417 4730 3170 25814 12992 28584 3606 9530 919 9023 24196 10182 24966 17669 3980 5837 24051 8411 6831 4947 15448 19082 1638 2609 29531 5018 5438 279 20634 11118 6133 11679 20211 13792 7618 17601 28871 17244 12548 24110 5759 29522 27411 18381 7726 32648 27140 678 22937 24539 15314 1055 9456 28650 16152 17976 12534 23888 20028 4470 2046 25718 1177 6352 16549 16273 21139 1127 16840 26439 24123 12490 1871 32338 15879 10052 10224 24424 31452 10761 11903 23606 16419 3338 20412 24446 7448 6623 32692 22162 21921 12065 28786 26820 30057 2127 19703 14111 14593 24020 11265 24237 13358 1773 25847 19755 10972 5378 20385 1242 31117 28129 25627 29660 3535 29064 15157 17625 4224 14138 24155 16217 21225 4447 6728 7967 20566 17468 2109 23472 18304 15295 16665 29149 17255 30406 12308 6710 16440 12073 15356 32203 22497 27347 15208 14287 17535 19300 7149 24396 32690 18329 18660 4208 27599 3557 18636 9454 9910 15181 23348 6513 21561 21315 16873 21915 15020 23303 7314 25700 32429 30600 20548 7647 21818 552 6470 12302 17628 32673 25810 9124 22984 18626 23457 8024 12506 1937 21457 17850 3840 11059 19921 24403 29842 29545 30174 11642 26019 31162 2998 441 30602 3711 21653 14027 28447 5471 29413 5894 14724 30876 19305 4697 18285 29242 28836 6810 29430 16929 8044 19031 4547 23760 17475 7875 5621 7906 447 16801 22079 563 30275 20286 22458 31520 8079 22577 9644 31728 20077 9716 25551 12228 22538 2136 
19647 3860 4909 23714 23701 1233 31507 12987 14102 5735 15975 15086 20307 20674 16853 12549 23098 9312 30392 15269 22427 19103 13217 31698 15326 27875 3851 16240 30297 2003 12522 7597 24933 17799 8118 2780 21839 11839 20892 15749 4379 20933 7918 451 10679 12268 32085 19716 23756 22772 30751 1582 23706 32179 18648 19271 2540 18120 4461 5467 22042 3493 27028 28541 10924 14068 12130 25642 6815 11749 12443 30301 20099 21932 25798 29238 18961 31600 9399 24175 14900 23498 23426 9436 14562 19519 8546 2063 17047 11980 30848 16006 26825 17544 12324 68 1473 29924 30514 7529 7118 3421 7698 22254 11120 11257 22987 29430 10219 23067 25726 5885 19090 14282 1077 29 7930 2905 20070 5723 24844 10106 28730 13078 13062 12408 31068 26829 22044 25474 22889 8609 6379 9725 12654 21582 2893 9751 2815 1745 31266 4990 27782 9297 32340 11086 4541 29651 13236 15569 21175 32126 4737 7547 10363 8782 21421 30004 22156 20961 17958 5052 16974 20901 14080 239 20040 18622 11210 4410 29644 25385 17325 12117 18544 12225 10998 21141 15683 32406 19442 30107 9591 8374 13977 16476 2767 27877 16128 12916 28029 8894 7260 24319 26822 5807 22389 10805 27496 7540 9618 3196 15086 19046 4467 7422 12690 26442 9548 1139 30913 25417 25178 21255 15900 15163 14927 17052 10974 24660 21673 22164 20691 19527 15629 6048 5275 762 16885 12668 22429 32106 495 28426 12754 22106 9350 31047 11036 10504 31750 9130 25564 4306 8942 19303 6957 9690 21007 3392 11926 5442 14516 23428 5209 18260 3518 24363 17198 10412 28689 15218 1878 6276 27427 31288 23706 3443 21365 18920 7621 95 17255 14792 15724 19964 30609 21001 23340 5835 17805 22253 30722 16063 2767 23932 227 29119 29792 14416 15889 9601 25767 32766 32021 8103 4516 11289 12591 18118 
9811 28287 19319 21040 15413 12251 7563 15497 27058 3338 26576 10342 21844 12527 5910 28870 13798 24139 28699 3872 15438 2495 346 21395 9561 14903 5251 11638 6299 15326 3866 19635 18989 2509 31618 15103 8976 472 26628 26297 24488 5862 20574 4642 7521 8562 20099 1976 31732 16241 9205 5185 26661 9392 19048 21086 25797 9798 21770 6014 4900 21986 32381 25697 29272 32349 23489 28272 10681 24802 6983 8324 32700 4419 22407 26679 25155 4459 11095 20775 23005 904 29942 26778 14094 28334 7878 3104 19813 10487 20511 1699 12728 8563 28176 1981 20400 13652 16407 26361 6175 23173 18111 926 31600 12823 12977 3815 20360 30119 25293 15777 31559 28337 32409 23957 4795 32279 10723 2972 13174 3240 30140 15381 15799 29589 26624 5035 19367 21021 31745 25128 28502 1317 27348 14179 10596 31860 26593 27374 23949 19676 6664 22955 3092 8133 4538 9388 2344 19622 3572 3054 2780 5644 10005 32761 12902 31109 14841 2289 23922 7716 12141 24711 4303 20939 14220 18635 13728 4812 22254 4109 28425 20183 29001 25264 17629 15410 2546 7862 18119 4075 31746 8580 2237 26595 3376 28201 18812 29961 10226 20148 15921 3003 14679 32733 22291 2426 14383 15463 12219 22582 11384 12752 22843 24160 20829 11455 3280 7032 24804 11019 1697 21098 17783 23809 24318 10726 31750 28657 20133 15682 19634 3502 31233 14039 4947 18630 29388 1063 5728 23650 3486 28035 4011 1143 27411 25156 24134 9152 22510 7245 15291 11005 335 29056 20295 8156 14216 22217 18550 26311 2349 14641 25876 13225 720 32704 15826 14597 26143 14121 21539 13222 25983 5046 21787 20878 1228 1616 4163 29134 7588 7180 16771 18511 10240 25605 11833 28284 27553 25773 27872 2075 21323 30417 16861 7539 1782 2218 11472 28801 7859 2927 1924 1318 22965 15138 6192 18874 
12829 17833 7134 31396 11890 23672 16877 18517 6878 2625 28528 7423 4645 27368 29808 22537 13845 17052 26997 9343 23234 19527 32161 23764 9841 10815 10103 17067 12788 29404 19116 22748 27715 13655 30233 28074 6681 12231 28915 800 21661 9109 11530 32434 24893 6596 26680 32362 23870 31888 10650 5070 18749 28919 6829 17694 16306 31974 8557 31471 28592 15274 23307 591 21477 4721 16541 6630 26576 27245 3141 13983 3115 4301 4579 21843 29996 1834 12498 28884 14895 31600 2416 10678 2263 32208 8326 20834 19581 19069 2431 20127 3825 31532 6261 30337 26261 17855 3499 26510 20692 4962 7373 23145 3088 9308 10721 163 10855 20501 12683 19840 12286 9738 6835 4138 29041 19407 20075 21751 28616 7119 27153 8958 13555 23827 31821 6788 18554 2572 22040 5595 10786 24970 18250 11577 14845 1287 11666 13595 27983 27203 13037 23449 28432 11268 14181 20609 27026 2738 20882 14212 23286 31589 3977 28274 17762 27045 11148 6154 22548 13319 29593 28097 25497 972 282 30250 1228 2798 12519 9784 32432 21159 25287 14321 2088 10924 26237 22677 19721 12916 21038 12689 3214 30246 22506 1853 57 2488 27943 5163 7385 4532 2340 30840 28124 22942 14667 6030 20125 1936 10253 30840 13773 14051 5293 23906 5533 32429 32342 15667 26572 30457 25138 25309 21111 25411 1949 19273 24520 2550 21937 25796 20132 245 31438 6092 12798 6996 9407 30918 2771 12528 20812 27758 30966 10468 8041 26404 9904 4245 3954 14775 24456 24628 32689 29613 14215 28995 5612 16526 17281 418 23487 9195 8988 10758 14866 8074 32585 17397 2466 22089 29879 23816 7249 18606 30099 20932 26770 11412 6627 5914 25080 7480 9250 9065 9866 28138 27530 612 20415 12963 16579 14470 24391 31871 16757 15951 18761 748 26522 15246 22009 11411 2009 14114 14350 6924 
20926 5917 20392 10820 28868 10835 20565 8429 2409 5404 28578 32158 11000 27269 25078 24018 6025 11321 15316 3052 2061 15204 31287 2512 6340 5876 24394 24579 9203 14692 13857 23079 25147 11601 28527 15602 10876 1504 6366 15362 25412 4251 23796 27918 26938 5766 6933 19760 14599 26247 20629 18518 32275 12936 27759 17067 30846 22516 4877 2566 8257 4302 3949 6479 25617 18790 31987 20044 21250 25259 8640 24672 24391 14173 16635 31168 8174 32268 28768 23972 10900 28334 13698 32273 23398 5306 29050 12508 11663 26260 28692 18828 18773 21106 5864 31445 30496 6533 28921 21092 6463 1864 15856 31654 10470 26501 14505 29920 6567 32489 2235 4939 22929 7090 32526 509 6697 17233 11770 6922 16025 18189 27389 3152 8770 10580 12606 27307 11110 12011 6705 28515 27719 481 26322 8503 24246 15055 23996 27621 30281 5969 15186 17844 11901 16735 11008 13797 12032 2766 7943 680 3715 11529 27668 7600 12783 19431 6887 20738 30183 24851 19880 23869 6608 5964 24769 22529 2475 32697 27893 6698 32703 1087 28480 9763 17456 19085 1510 12497 18627 27208 21958 13185 24771 13339 421 25780 25408 23047 30861 31984 2868 9390 14434 19670 9604 2307 27252 3529 27524 22551 10925 21689 10479 32055 17192 5418 12899 4848 17374 7371 25647 7825 27160 20220 27111 9418 2551 23986 21246 5882 15392 31503 31083 5549 11076 2310 20668 7027 16912 1134 9375 23528 26314 16476 13707 27591 27771 29625 14752 30381 14520 29072 3142 30337 26013 22334 8456 21505 28167 18334 19772 6809 32469 7528 13222 29130 2131 5748 27818 4291 15862 7357 4224 26424 1244 4935 29842 13915 12774 6043 3972 5055 22901 195 5769 1885 8418 1396 19056 1408 6632 97 5779 25379 26908 8508 24850 16737 26236 29607 23868 1214 24000 32163 6882 26408 640 32766 
13176 24391 30942 20939 29894 10427 17939 20228 21469 24743 31007 18224 6166 12319 28741 964 15660 26000 22803 18563 7859 29274 4274 26530 9700 368 18719 18594 11626 29043 27783 24920 11693 2588 24392 15139 19017 30133 3287 17333 14053 4546 10139 10614 28860 16980 12592 26378 9129 12713 3086 15664 14496 31272 30210 25807 8033 20145 16069 14792 16860 15430 16469 4244 24623 26658 10108 19606 30106 16107 21184 18626 16830 5756 31010 12395 5977 5375 6481 3360 27381 7992 9464 13379 24514 31945 16587 413 5057 28635 19871 5320 22239 4041 2526 3944 25089 16935 9266 16116 12679 1325 22957 16138 8473 2528 21696 21439 13865 10844 9679 13893 4130 7424 10814 30248 30227 12412 14359 31313 675 20790 9526 29588 14078 21190 11370 10605 31028 26379 20295 25262 9053 19054 26321 28635 794 32083 13734 30197 22545 3770 874 11210 22648 657 4088 702 1560 12888 20556 15451 30271 12259 1842 17129 29744 17944 23494 4251 25859 6605 13368 21147 15418 18496 15367 19222 28665 21429 24737 4835 17817 8061 16855 10870 16732 21967 17200 14994 1509 11255 2359 18008 29762 14177 21312 16174 31465 14174 12873 7353 27332 16388 8459 19002 23464 24632 18034 3683 15541 17697 11958 3409 1608 3965 26890 23706 6594 4984 22814 560 5106 21754 17342 25177 19337 1817 17930 22973 14949 24705 20572 30327 25020 18638 22826 20410 3579 20628 8219 5893 10389 10754 1675 25434 29576 1590 32527 2457 8995 13354 18242 8020 30158 1352 26439 9789 4508 4622 1990 10924 15545 23075 25460 9698 24656 14318 15516 7271 3460 28131 5603 17075 14383 28710 9276 10925 12601 1192 15495 3054 17775 22785 31743 29186 1813 12446 22608 28787 9486 6087 16389 9468 9376 10180 17684 26635 23434 28086 27061 27385 21276 10106 12550 1650 1255 29622 28814 17323 
20348 26137 7945 614 172 31000 3111 54 5685 28485 9559 30640 9920 26961 11169 3733 29156 30427 11618 30723 5819 22762 8359 14376 10921 23331 15485 5321 25551 19982 17033 9314 14063 8844 29286 4786 28144 31377 25769 16596 24024 25826 16928 7265 16637 21078 24681 4999 23882 10282 22719 10186 1514 3790 26817 29293 15463 18672 4796 6237 24965 27768 14085 3221 12639 23480 897 29699 2511 5469 6409 28811 30011 19677 20312 6541 4713 5827 4205 13081 24489 13543 20521 30256 1357 29808 18700 11767 3850 12050 25958 8501 5946 9865 24660 16979 30046 11045 26354 24442 3821 18482 23825 491 2711 27576 23912 27037 25151 25142 28573 21839 23596 508 18243 7818 24925 27852 12706 15407 16823 9629 27038 22893 5672 20469 78 24304 14364 12964 27430 19612 15513 12627 22782 9025 11964 29491 5165 5889 26195 9218 6427 8583 17732 18124 18612 31535 26740 17207 18986 28360 26150 14189 19856 2965 24543 15382 18934 11051 20516 30962 26665 30729 29632 9622 29656 7717 15412 6302 14847 16631 22075 18291 14731 23339 26669 10643 5945 15707 29099 14427 26270 17294 10026 4260 24170 22581 11012 19096 25785 31966 7689 15077 1753 16292 11056 27914 3570 5104 9135 32097 27510 25044 15057 4693 6895 13270 13533 26534 5442 2544 12314 17787 4563 22532 7992 12842 1817 31906 15892 20025 30759 16235 28361 1698 3486 4822 24626 18282 19217 31865 29395 25663 32111 13954 29754 8665 26182 29064 20022 3570 8117 22002 31225 32034 110 12708 4056 17596 30769 21679 2231 3582 17571 14931 17249 17666 27644 5153 27628 1908 12634 22249 8361 11484 4636 12677 9884 31098 14667 21601 13838 14107 3587 22826 16067 30208 18577 15471 13450 4008 26041 14932 25408 9200 29319 31622 24458 30570 16776 5229 22559 4166 17968 11328 3389 10172 21974 9611 
5968 18979 1813 21966 27259 9911 28769 10713 2870 7272 18210 10499 15488 31599 30997 28150 13467 7714 1018 16111 28913 21274 31020 1641 27302 1509 11769 28795 32137 23259 30221 30840 12338 21124 14725 26424 16724 19513 24313 23213 10741 1534 9982 29137 7054 19806 26318 27938 14868 11654 814 6680 5941 28490 15663 20342 9343 15052 8906 4785 31416 24139 15737 182 13925 27698 22090 10199 916 8444 1830 3870 28633 960 19857 12670 13032 30368 17057 19697 10789 22195 13023 21249 5538 1746 3967 27249 30176 5876 18004 22470 16219 4843 18547 30206 2885 10504 12869 28559 6386 2484 4785 8051 25198 21239 11012 27786 26337 5172 16983 17991 30297 10007 6021 23337 25485 18705 29524 6902 830 15974 18377 10050 21828 25735 18908 19798 15421 30290 4571 30049 18974 20967 29712 32444 30008 3123 2255 11050 7419 9531 10987 23698 24734 22169 30316 13429 30337 30209 27975 26641 12446 18507 14560 8822 9826 21684 15454 787 3688 13367 15588 8186 28744 20462 16686 13372 9966 4668 20424 23505 32167 23120 14683 26155 3732 29162 9252 8623 25464 19466 24895 13294 3113 18053 28109 4569 183 18578 5742 23771 31788 21485 599 22092 15968 10146 11680 26236 21740 28757 19418 19067 22964 19927 14485 8156 8981 18430 15677 28670 32619 13981 12413 27083 4040 27139 20811 24749 15246 5853 10147 2115 12681 6224 11368 571 5510 7913 6289 8426 15983 18233 22796 18346 25967 14556 3499 24360 2890 25463 14746 20098 26118 8857 22314 24271 16812 14841 5031 30827 11387 14280 5226 9124 29740 14555 4563 5759 16025 5994 20437 22871 3133 11313 8871 11503 27596 19612 24371 2301 25501 19041 30754 5519 24038 9595 13828 26956 4744 22226 23818 27839 20819 10954 20007 17263 10250 1576 9504 4077 27461 16371 27562 14531 13136 17810 899 28482 
29581 22261 14796 20341 4301 25400 15634 5878 24372 17130 27117 9347 17393 23919 19472 16671 26273 12096 16736 615 8353 2144 17774 17879 4797 12939 7342 27241 832 29459 1454 20822 6073 16147 28505 16695 26288 12820 13273 11274 6579 20932 19206 6296 12926 24620 29819 12695 21810 14245 2763 3089 1955 31947 7611 7018 8731 3489 17438 28513 21428 15221 17325 10564 30009 16341 6295 25066 10571 11824 24415 13924 20343 23375 2282 5814 18639 10511 20818 23602 8679 4759 6801 15678 23061 27123 27434 7704 19776 17316 2676 20050 22594 11130 31029 2519 24916 16450 6486 25358 21965 23926 238 21226 13745 30119 22590 16747 26419 1025 1923 30788 2293 1336 14558 16434 4587 7799 11511 20374 4089 4794 5550 461 17974 18822 24053 3938 6151 6326 32589 24051 10419 19809 19055 5014 1016 2037 20490 20147 13150 24511 28897 9613 28119 17916 357 15963 7697 18736 32457 14510 29361 21680 52 5457 6327 13718 19614 1016 11954 28279 5694 30569 28334 25375 17468 8581 2418 24405 27128 28182 2768 7709 1449 10293 15909 504 27474 6456 22334 31429 20073 32551 8332 20544 15561 19688 30563 6596 32676 17781 22617 16175 29667 10375 22665 28933 17204 22025 18625 2705 16479 145 25921 15829 19518 3197 1068 17317 23531 2499 10977 2528 9633 13560 12056 27127 21511 29784 14249 11568 5594 19699 5492 15833 9369 13534 15145 20865 22667 28959 11438 24247 5132 28145 12002 12604 17258 21121 17830 5232 26337 4967 13976 5587 32423 6382 29314 29060 17104 17193 10233 26847 25674 7267 6145 6367 31474 20335 28671 8882 13548 24140 1502 3966 21318 2958 29268 14055 22410 7901 28126 5079 1009 2083 28387 4337 19028 29607 22967 24306 250 30955 12945 10894 9096 12915 15039 28481 27365 22518 32649 14185 32497 1369 13844 18001 20179 22102 
29527 20678 2189 16111 1834 19852 4028 660 30199 23872 7961 23342 17706 13977 6111 21984 20926 1552 21799 21869 31889 5970 16807 27918 8871 10399 11341 12257 21736 13719 8535 24844 18726 25520 17647 3099 8470 28412 2089 19139 22994 26991 11622 10349 32581 14437 10324 13416 27806 3565 7211 22251 17175 15494 19012 14883 13699 30752 4724 13104 26031 13038 8753 14128 24871 12013 21479 11341 10065 4571 3879 26476 12253 3257 16427 8239 4429 3174 29370 17503 4666 9149 31298 6141 330 12303 10145 27621 27984 26947 20314 24593 4526 302 3212 15314 30322 1733 5660 31484 26256 31614 14079 23357 6188 23956 3607 3540 14210 25402 19944 13837 14954 5770 1887 17372 3045 15756 17978 9125 24627 12442 6824 17952 20581 21148 24660 3254 5324 32043 12900 12878 12136 2060 1429 3466 27137 7078 9414 20574 24930 10011 3352 24715 3035 18896 12419 28633 28883 12315 8241 29737 27740 19825 9157 6576 29383 23720 3023 25093 14188 6918 21747 22931 14023 20761 18213 13543 11590 10605 3036 18206 28492 18851 25621 24243 13755 25942 21593 3556 3859 23072 17820 2002 3298 14543 23025 23258 6597 14172 16766 20846 20864 266 29067 28272 25077 13192 21276 725 31352 28792 8385 7634 19809 6355 22285 15834 3951 21674 7727 18873 21196 25126 10672 16231 7355 30120 29018 5932 20004 5077 23097 30961 31613 29612 27675 22691 2943 13439 26862 9143 10495 9814 1286 12471 28772 11502 21780 4211 23222 4318 18317 10630 21232 7223 15942 1593 26338 29678 30124 7852 16057 2503 17455 27511 13035 9207 10751 27356 7485 16492 18737 16963 23459 27195 32679 17549 16313 16666 6423 13869 23258 23167 17503 12261 24792 14281 4526 11621 11744 11151 29788 23223 4582 19013 30704 21466 9514 11351 12983 17274 10188 26294 17729 23487 29596 2976 24968 791 
25458 10618 28743 28128 6209 18424 8797 20211 27853 1679 4101 2634 31902 25258 1226 6948 10183 138 22272 13016 32304 11497 6606 6260 11807 29618 14380 30394 5772 2636 24514 29662 19593 8914 7527 247 21269 19201 23245 27786 18551 9290 3826 8930 31218 4099 29776 5142 17932 25116 10778 10518 19923 31201 2415 15913 27455 30846 17069 2469 26132 17581 9838 12174 5483 2132 12971 28365 18777 24403 8094 30985 16049 20085 5895 25311 26873 16776 30059 31084 15381 18968 15276 13284 24658 29573 8787 19093 16680 17769 20896 7124 21366 18868 12365 13853 16044 15928 11879 6986 1237 6490 1304 15035 22417 30681 30015 22272 5776 7760 19331 21836 13090 14624 15038 6157 5505 19723 16791 12335 3684 5376 15876 11289 23976 32362 23119 9154 30240 26898 9190 13240 17206 1206 22576 9513 18143 26305 20737 6554 24623 10220 3601 14444 1862 17535 9439 31698 24722 22145 22068 17266 13350 4897 26504 25847 10309 2846 3998 18392 74 24684 21972 32657 31246 14908 18702 22884 7135 17796 32224 14760 10885 17360 30895 10080 25174 30404 29091 3912 17381 19194 2840 17892 28513 4854 3402 8553 19740 16463 9896 6097 9007 2346 100 12338 22493 13302 2215 9390 21739 14134 11150 20163 13975 9163 32296 24059 1034 9261 29619 29243 9818 7002 24215 27606 9233 28305 15169 24225 11199 30081 24835 884 20400 30218 25785 3463 4123 24424 13048 9770 5878 31313 20079 2630 12733 6249 21513 7753 7546 18396 29365 23470 8217 31471 29730 9671 18400 9304 887 19355 15540 2128 18655 6384 9761 30373 6573 24033 6908 14105 31028 6041 28698 10319 4507 24206 29320 20909 17769 12260 16418 26795 12662 2038 23417 8628 5119 1127 22031 26540 30980 26840 2430 16818 31438 12783 32507 1788 7272 23018 21017 9700 23065 18399 11208 10725 28332 6308 
14673 10436 25203 25268 17388 24562 21447 27093 24655 28324 7433 14574 28716 25127 23538 9998 31375 1154 30050 20034 2864 18298 28407 16517 24531 28027 7883 24162 13282 12398 18583 5284 9271 16892 32112 12472 8103 19372 30348 21130 15988 13358 32596 26650 31062 29318 4549 11257 23369 10707 5616 19732 10809 18393 20109 22845 11806 23297 20569 3016 11342 12295 23436 25551 5693 1697 8617 16152 12773 12765 11247 9565 15310 8310 21274 25284 10294 9234 20930 30996 19363 7460 19393 9545 29998 21287 22642 32507 25814 5097 19800 23330 29858 29015 18385 28229 17067 32697 18470 13205 12489 24792 22528 15197 28672 30803 2457 10376 7851 12775 6158 13952 20768 17074 9827 29113 1774 7709 5929 26575 26629 12829 22163 1335 20359 25665 21310 4956 9740 16498 14750 10101 3132 22943 262 4491 14516 27468 23262 13098 14696 14782 16957 31837 4455 23674 16619 22607 19783 28933 2353 7635 21593 1410 143 944 7736 14890 17170 11585 13275 4502 14868 30058 12679 7614 649 28197 16369 11254 11569 4725 22617 3971 7058 2313 10513 8543 32160 3783 5072 19732 7942 3909 12499 4001 31700 25033 12715 26540 30763 6817 19408 9357 23697 31416 561 4994 1106 23232 30164 17628 12458 21253 4709 2537 28856 745 7101 19743 15830 17667 7915 11635 15419 19382 25831 15667 4117 20540 12639 31983 11902 19953 20639 18696 12118 28009 23864 30224 4612 10619 27110 32156 29557 13576 9032 16468 14743 28288 3831 25787 6797 567 27032 18968 21200 17606 18539 7716 24419 14026 17609 5717 18684 6333 9179 6442 8936 2032 6955 9791 5977 31591 26673 4817 13901 1992 10453 24341 9402 12058 31184 16175 19782 6208 18377 32719 18883 11402 24045 16940 14164 29290 5734 27596 23105 2651 17603 8171 31883 364 8792 2360 5193 20177 590 32103 19654 26892 
15390 906 17822 2794 18816 8020 29999 10668 8619 22563 23250 28404 15864 9371 16001 21967 28833 12239 13322 1374 23861 8565 10451 15305 21256 3359 32534 27896 4926 18888 32318 15182 3598 2858 11425 32728 4341 11229 9985 18372 14321 11036 22871 6833 13225 19292 24653 29541 27737 1206 5864 31911 12013 12042 1628 30118 8205 24652 207 21091 17465 17129 25506 10755 14874 17852 13385 2272 10381 18445 16886 7286 23135 9032 2124 14887 2974 4683 32502 22956 26302 19740 15677 18029 32292 12763 7808 7603 28631 23870 24796 3800 19384 25299 16937 22967 1752 3038 7540 3902 24026 6856 7692 14096 16087 20769 27314 10326 32493 12721 21452 22269 14553 7983 11569 14383 2705 23023 20564 9335 20381 20302 18826 32453 11365 5612 20893 27146 16717 15702 29434 10558 12416 559 25301 686 31925 23485 28086 21431 750 32712 21802 29204 16549 24128 7006 23348 22256 31279 25411 9089 19673 17408 27002 31827 2138 21543 31276 25583 11737 6835 25887 19543 31662 8270 16894 25224 3723 31663 1288 32480 14576 10207 8989 12989 32032 3972 20732 4471 24752 1073 27958 28192 31960 8838 24110 28055 22872 16466 26706 20273 22797 21847 24561 31240 12462 18689 915 14538 593 1787 15360 8055 30724 26302 567 19348 8277 26585 18111 21008 9363 3021 14447 19931 15146 8619 14800 15034 30463 7358 14222 16520 23160 21471 8891 11980 4469 25822 18968 31227 21935 18713 3762 5289 3654 25458 12844 28816 13244 7841 25551 12963 19120 29853 6150 10706 20648 27741 32427 26152 1279 3462 10373 26997 19169 9583 15803 29344 11242 29875 21167 17246 19410 2256 1705 11764 8707 19632 1851 22772 15598 21207 21598 3256 18908 10814 15433 13063 17779 28637 15043 4076 28017 9228 24947 20147 15308 12094 31001 31501 32350 26749 3638 17794 21687 20722 11762 29753 
23259 1465 11711 4133 7881 7248 20644 20086 5836 32350 24143 19590 28371 19907 11820 12473 18608 12927 9618 23240 28816 29367 32464 11406 27747 7517 3865 13269 31369 1972 7889 11591 32739 2294 26889 14435 19501 28956 11220 17696 13860 26232 16567 12988 10128 30199 16296 3072 3368 2062 10845 31097 26991 11261 6677 12162 23618 8988 6813 14968 17541 18459 31861 26125 4258 17209 8580 11119 7671 24186 6314 156 6252 32613 19668 25068 4847 15071 13084 16971 5543 24480 24086 7233 8082 10229 13257 694 30723 5036 23858 3401 6998 24015 31234 2330 4734 14190 6309 10365 26801 27400 18133 11944 21423 16729 20188 24707 27202 14551 8907 18228 30767 10206 32742 30895 23340 2880 9210 26260 17128 15506 5239 10013 29846 23789 15938 15891 13314 10884 11899 11360 25528 16647 27055 30026 27790 9535 169 22004 16780 1321 23388 11729 17177 24365 19132 13229 27503 29953 2125 29151 25042 28141 17877 17618 28508 31385 17514 25091 25772 300 16151 9281 20361 1581 20885 27691 18268 7306 23703 3073 465 18312 9580 31469 19910 9179 20553 19310 19028 2100 22767 23569 16067 17133 11452 30112 16840 18005 4760 8391 27874 14907 31915 551 27344 20553 29122 27412 20359 24110 9822 30633 82 20113 28367 21902 974 19774 10565 5195 23038 26455 29667 27447 18672 13805 28876 18101 7630 26696 22340 13642 29187 12629 2935 3531 1852 15874 18691 23635 29273 11938 15893 5544 6784 17325 14077 13635 24579 28517 1582 1088 5718 11340 5409 25000 15431 3527 20241 4754 11052 11192 14532 4825 27721 16382 6120 24447 6772 4930 15291 5164 28387 21358 16144 5125 18848 31854 16399 32372 14424 18705 11420 220 17922 28480 14358 12610 25774 6365 31260 11461 2180 870 4019 16106 11126 27863 20051 14692 23310 24025 13538 29660 6858 21281 9556 12711 
24069 30795 12453 12333 3343 8739 2425 8118 5023 25131 16224 9508 27426 10739 31539 12739 18438 20136 23265 10078 8754 10784 15500 20297 2041 20935 25443 4048 8698 14441 31554 13242 9271 9901 17121 20899 12904 470 26451 19904 21731 14634 13175 9231 3166 20996 3221 17400 18291 16958 17824 9160 21869 17314 18687 28914 9845 12652 4598 13879 998 16741 8667 12455 538 319 4093 542 24065 22820 2224 12651 11099 18541 11219 27307 28527 2143 30221 9293 9134 26493 866 25191 20794 26542 20814 1755 20058 20977 7171 10593 29679 23462 7655 27918 1505 28779 10473 12825 32334 32407 20119 18386 27673 22141 29819 16398 23642 8561 25897 6555 23325 21923 30874 15296 3083 20481 22663 23870 11008 14575 20224 11502 28254 20231 9507 23942 14913 24585 24376 31045 28289 22058 19132 20818 19206 26194 28722 14925 8444 24047 15748 12766 26362 2169 1459 1140 23091 5442 32120 19714 5963 29615 19301 23406 22876 19334 14064 1277 7544 5337 21040 14975 22711 20663 13915 6908 31116 25867 508 6828 13534 2442 15401 13109 282 3910 21651 6190 18480 29486 7197 20102 8329 21944 25054 1942 18076 29008 23110 5376 20054 4363 19495 3875 9748 10357 5460 26359 5958 28213 24263 19218 24634 6212 30364 20205 25273 12441 28170 16305 25877 25761 31803 639 26519 18505 2213 15384 17865 196 28499 25096 3565 14476 16948 9239 30341 15902 9052 31620 183 1846 13440 6749 17015 12970 14023 23901 9811 26634 7404 15001 19925 30110 12144 16763 13006 4795 26025 14791 6077 19724 934 7075 7540 3810 25893 15722 716 23102 7862 10446 14272 10021 12723 2542 16245 14747 25663 2685 29604 2093 8843 10694 4480 5116 21273 10708 24368 4172 14800 26226 8326 16449 23128 19003 4887 16148 8868 14625 31835 27940 25862 25369 20659 23503 16785 12311 
9014 20747 2130 11187 16439 7023 5837 22076 13712 4777 13643 24578 286 22329 27954 24157 7515 12694 30252 3214 30806 28048 27806 1978 13410 16581 29180 812 5538 15154 23094 26425 6669 30708 6260 1630 26438 16284 2506 2039 14927 18464 23901 5345 9016 7594 27519 16817 6979 13239 17961 12252 8891 3436 21304 27413 2762 3671 24433 4608 17909 6931 19535 928 27845 9521 14406 14773 1095 19065 5546 949 31597 7574 15443 7009 8693 17312 20498 23476 7274 20928 26458 5958 26336 30370 32413 7751 2601 3581 3587 14017 22373 31069 23628 20081 8149 4210 4938 26072 25846 18308 6786 32241 5832 9983 19642 30955 20498 20646 18959 14817 24523 31432 9884 23800 1335 21366 1530 12436 14302 22183 19924 20231 21918 2887 14150 31259 6673 4309 29601 25731 499 6004 7527 16243 6731 5874 27816 18680 21774 8457 10769 3454 5167 32090 21869 15215 24218 29334 17444 28629 2425 9091 29094 28124 2341 1831 15271 1841 24824 19136 11974 24683 23858 16043 11881 12516 32762 17613 20379 22526 3355 7024 19423 20650 22639 20922 20613 4440 13058 29414 10086 27224 21044 9650 8769 9753 18688 16709 8929 27638 23403 5511 20659 27536 10873 20260 26903 17167 32695 6299 9506 1052 32567 6342 7581 20024 7045 11777 3002 27674 3927 27761 9053 23368 3582 28877 7523 12868 2371 9224 12049 4771 12878 20336 11932 26309 14481 4777 29572 17901 28286 19595 14589 16235 30845 16643 7760 25989 19258 14006 27291 20579 13533 4272 13301 28831 8149 32373 1348 24657 10377 309 15164 31663 32005 8385 31246 361 22843 20088 32676 8599 25547 13672 21987 16946 31693 9578 6363 2849 8834 11676 893 5062 8787 24354 17292 24173 11230 4699 10692 870 7088 6316 4151 166 1596 22470 8361 9853 7366 27723 4051 24402 30182 20961 22961 16292 
10861 31778 13874 21235 26574 9288 4455 32330 9376 9748 282 22865 17855 9563 8242 12865 8416 31832 8279 31503 4452 8292 17029 17867 4298 17186 30664 10165 16225 3969 7311 2709 5914 13067 16679 21758 14830 20041 21192 27066 12937 17676 13299 7073 10280 2728 3104 474 28220 5512 16664 30762 21705 26534 47 24632 30956 22079 12839 25308 365 18361 2201 29360 9504 26074 22809 16993 5977 21511 5519 6575 26021 29114 22154 32023 11047 13374 29315 20424 24424 14615 31940 32675 12309 11694 31530 3279 26446 10136 10469 14931 21651 17488 20480 2812 31511 17179 7310 1312 26547 8866 1387 30730 6467 28256 30316 18789 7896 10703 3847 8587 31207 15613 20552 13200 13483 14073 24184 23948 5471 32466 7512 19405 12697 20370 26195 29486 6292 22457 32601 16339 30864 31153 9825 4968 7099 7851 12074 1508 18595 20942 23837 16247 30453 1595 14583 29305 21219 8153 18471 2489 27851 6025 14820 24545 17569 3627 20064 15183 22200 13842 21146 5685 17384 24110 19562 25668 4745 12301 27231 9127 5571 5419 6894 2425 10829 16589 25187 31135 21896 22025 26472 27664 19479 24173 18679 814 29528 21568 30091 1943 2259 10367 10290 6514 23919 4382 3312 28993 17499 635 32637 222 20431 24804 10540 17167 5933 1065 31132 19252 8848 12343 29904 13729 8754 26601 25618 14287 20307 24400 16010 26021 21533 24342 11215 21752 18393 27625 17813 17711 27290 23840 3595 29854 27981 6878 23763 5332 11328 13432 7982 5769 32612 31393 18724 20897 25519 15515 19438 8345 21777 24084 28516 27966 17359 31747 14946 27537 23908 2390 12661 26439 16298 15931 21466 21630 26247 17954 6866 29222 18474 18460 20477 26983 10305 15902 23115 8641 2851 1293 16160 3190 5212 23834 29161 30143 20988 25106 16492 11189 23678 11507 5161 1692 22731 27615 19626 21330 
2980 15347 18163 28196 13167 14099 346 27756 28984 10974 7363 11008 6029 4042 28450 14590 9448 2256 6798 871 23114 29756 14414 2150 26410 25871 11857 27737 6583 10203 30614 17028 16890 16089 27790 29557 31913 15609 6204 21335 12281 10092 14775 17938 809 9466 29956 18916 13031 32318 30588 12400 19091 26868 9950 30176 12234 12015 6762 10115 14857 16761 30013 25313 32685 17507 32419 27567 25042 13723 22162 9340 13475 25384 17708 27910 5139 11565 13546 31341 26656 23875 47 27144 6008 19148 210 26988 23442 24657 6968 7126 24741 16585 24678 4597 25438 8114 24798 3514 1064 28276 2862 22054 25573 8620 27745 26095 24271 27954 27172 28997 542 12471 15810 29166 14807 19630 19 5931 16105 9694 16829 29349 19425 29547 24207 8540 651 28367 6966 23304 31338 26742 271 13090 16972 26037 7947 10300 12418 18438 6254 26676 25659 18635 472 28275 6744 29282 29293 15553 2199 10730 5590 20406 27971 29 19023 26884 14700 4696 27855 28904 10623 7750 25970 9464 23541 20691 22350 13836 869 3812 22719 15006 22033 16751 3600 10776 8908 25542 8006 26363 31678 20212 6196 26846 7992 7368 29351 6582 2678 11910 21300 31263 1028 1201 10307 105 9985 28460 909 6033 19924 24858 244 26294 7276 23384 11811 3725 3435 1935 24067 29098 22922 1416 30325 14520 789 12577 1942 16160 14596 14354 29876 25456 29795 14519 6307 6332 5955 21566 11736 16730 2113 23089 12806 10440 23632 29934 30140 10438 31766 677 6307 14263 9011 1067 31821 30699 380 32621 21785 23103 17813 2752 4617 15299 23342 4830 29965 4741 8087 23852 24657 12907 18690 2839 26611 18680 22510 5679 1900 14896 3872 12887 4170 1227 9605 15121 2807 13777 16172 31930 31292 3453 11346 30115 24944 32219 6365 19511 10066 32495 15991 6447 17858 6577 
10556 25182 30613 10260 4290 29494 18982 12781 14633 29191 28036 22856 26538 19913 21996 22498 18821 31103 29091 31368 19575 10437 32339 14444 3046 6221 13917 28604 5702 5872 3768 31929 10430 14772 716 5522 1931 21618 13715 8726 1839 16707 30396 16847 2280 24909 7034 1832 22703 13483 19573 28475 13753 4520 16370 6692 16883 29365 4912 8050 3626 1623 8464 13254 32405 2768 903 9044 22702 25239 15500 30323 6291 2640 9955 596 5006 6063 26758 19553 22063 22294 31144 21541 27498 17869 7372 29623 31400 15180 26831 20257 8558 8490 9094 329 8466 15765 20537 13601 17127 23792 32381 24964 32193 23334 32159 16795 4946 10702 19980 27856 27859 13388 3733 23028 17439 22443 30763 6517 8216 21711 528 11700 31093 10689 10059 8149 29694 19214 5846 19071 17349 8429 404 30938 25576 23124 11393 14781 18938 10588 26436 7179 25078 3729 8143 14982 19812 30093 17166 6230 4652 16372 31291 29533 30754 1936 24794 13435 13676 7688 16533 14985 27745 6938 16622 1503 32016 16226 20853 9972 22886 1040 17524 5949 6824 24253 16923 15389 17154 29535 26394 22797 3933 3198 4075 6922 20234 25352 15157 20289 27556 2934 5097 12869 23990 24494 21909 17872 25906 30769 2397 1955 10283 464 6374 8328 8185 23599 23856 13141 23511 17048 14151 19027 8345 11458 11962 19161 25105 9590 10195 17453 3381 30370 14719 4775 26093 24645 21098 13510 18590 23742 3541 11382 7460 21681 31290 10261 24175 13748 16845 31837 14962 10131 28359 21617 29697 14077 14238 12863 5662 6005 23255 3581 19320 29593 25754 4201 30934 2802 31814 30692 26994 23127 14327 5110 26931 17765 10374 26416 7763 2649 31560 19496 29553 16845 25718 10946 15837 23740 6 3678 18207 23809 1466 19767 14547 23476 28081 3705 8312 1519 16484 15201 4622 32539 681 28629 
12733 8116 6460 382 5033 11053 6650 30910 25239 2389 10028 21143 21796 11459 2489 28001 28123 17707 28130 11402 31084 12095 2005 9990 20142 17719 2314 14279 8130 25323 17442 19665 3942 10275 6481 26580 24526 16750 7103 22065 21955 24221 10134 3197 2222 3902 18412 14563 21200 22500 23465 2372 19225 22361 23343 19632 16723 30145 31402 12329 9556 19698 4694 452 30609 21676 11789 6632 5743 566 7201 17500 32407 15942 29330 21633 22618 13415 2211 32740 1376 29277 5738 8797 9967 19431 21333 9364 29754 4257 23567 8751 25375 16045 14028 26351 2467 12543 8566 25847 9038 11591 14122 1371 23685 8059 17619 9313 24915 19273 21681 21660 14877 26540 7914 10836 12177 5160 10276 3427 22497 32735 455 24920 6470 4734 26863 28303 2974 16727 191 18815 1991 12372 13977 21984 2689 9355 32124 19730 9873 30767 6974 22546 30951 20077 15902 23108 1859 11789 8120 1148 31547 30066 2069 8963 15211 11605 7791 28729 19233 13686 14676 4484 22372 31602 9780 11594 24740 26597 21994 892 21190 8945 10455 7642 20678 5831 24528 30160 19209 1130 13387 21151 7383 8055 19965 10905 7179 7474 32320 22605 7304 7607 27580 28379 26306 1226 7218 27749 6911 6102 28009 23961 30714 7750 5103 26421 21318 32665 15421 12979 28542 32366 9384 18257 32545 16477 5903 32516 32680 2286 20455 14358 4805 6977 10347 15370 14088 28004 19139 112 14037 4726 1190 7765 23642 15169 18567 19002 18131 3094 25973 13111 16531 2758 30247 23656 2255 30095 9332 17703 26886 24215 32525 9744 17694 19566 10897 22283 29445 15416 24401 4822 18655 9617 20447 6068 30562 8107 2896 7454 945 18094 19178 8686 5164 8242 28931 8916 10832 27518 16196 18462 14251 24912 5034 13309 31928 22133 27137 25366 11087 27308 1959 16910 28456 32000 27886 31232 
23868 20765 32587 26303 19021 14515 8222 22137 1119 5018 24104 5084 24358 31487 25282 16652 26178 14154 28264 15987 9826 20853 31549 22527 1689 25600 12181 19665 27777 5727 4007 9254 1317 24122 8658 18685 28738 17639 10270 8322 6811 18473 11469 10407 9881 15241 8261 13171 15387 3029 24031 11126 23035 7458 23142 2363 24625 903 1382 14487 19586 28335 13489 5704 6219 20036 1641 30334 7055 14658 3841 28559 20136 16014 9042 9362 10089 15757 8328 13873 27686 22093 25108 29342 19926 18482 23702 5800 11766 9938 22311 7342 14293 25544 16500 10442 24566 27449 17 28526 11059 5452 31564 18301 6837 31691 32393 26240 7236 12028 18236 12085 10894 7900 30690 15229 7872 26444 19725 12946 27050 3243 25013 21130 26560 19944 17147 7760 13733 17800 6168 11719 4010 10844 1391 26668 14870 7873 15657 19852 6718 27538 12453 29149 26764 21423 20175 21608 5696 7830 25499 7823 4682 24975 21854 13873 25417 20552 16945 19690 23950 639 1853 26396 16267 27259 15179 427 10370 9220 5745 30924 12634 23089 30693 10386 14738 27580 15439 26579 30830 17522 24207 12938 18641 8833 27331 31904 13168 22721 517 26115 5057 883 613 23435 7388 11682 27057 5656 3540 31645 10700 25501 19141 28154 3337 2896 8956 8556 2089 29405 32513 11232 18990 27965 12036 9649 29961 30969 12310 6684 736 27012 14681 23858 16729 27600 27054 5631 14766 31873 18175 2240 24915 30769 13569 1489 14711 29334 27543 25135 18043 1933 32158 32110 2557 31508 10247 3490 6213 31609 22608 26106 9555 4277 17090 30825 5024 512 11166 17659 5955 21008 18931 18554 27464 14527 28068 28795 19639 31382 31443 14445 27507 23849 1449 6065 23951 31904 21505 12003 28622 17440 30891 32539 28524 16875 31952 22225 7520 10334 5017 25241 14158 30523 27960 20623 6855 11206 
28906 11869 7555 30041 30204 5084 3530 16068 15257 26165 10366 26227 17358 4821 14314 21503 16083 2442 16217 14709 31826 32303 22911 8562 13227 31632 17581 26181 8382 11795 17356 28619 23758 8028 610 16971 23691 15571 20368 25578 7887 27020 8020 32627 52 7195 5915 16327 7904 24725 17031 18516 13337 542 28140 15461 26923 23150 3318 12095 1289 2056 22694 19862 10625 32647 32311 17860 32070 21635 16849 32221 520 5566 23077 27609 32222 20754 6687 15205 21522 21700 12983 27017 26565 16655 7464 6655 6494 15980 28145 2278 31609 2959 23966 12577 19895 1174 26015 30298 30327 25630 18603 32416 6794 26247 11571 8332 21858 1615 29472 22660 11956 10719 11268 17519 7281 25059 28467 20439 10940 14819 16076 8143 27183 28270 9364 30276 10290 29091 21387 21712 13945 22644 10492 30855 26676 29518 29365 22899 28358 9382 29539 14698 21721 2796 28054 25040 28966 30898 23335 13591 10550 18908 1832 1953 8465 17565 20523 20572 21796 22460 23926 15116 16406 13957 31827 22172 26442 32138 12796 5664 31200 29429 17298 31942 22620 20590 32244 31747 6914 2201 30315 6416 18366 20530 15833 15570 18374 23363 22323 1775 8901 14385 27131 24630 14431 28870 5589 5750 32675 696 16858 1629 5287 13737 19589 2481 32207 22453 27858 27253 31369 22161 4039 6235 9495 2438 5714 15447 14021 747 29978 28152 12480 16642 9825 18448 17288 9426 13578 9914 12688 28925 22256 22586 2248 18876 14116 14279 10927 28821 9388 10236 5479 1277 30041 14399 26304 22757 23927 20510 365 4746 21381 20410 1208 2242 25962 9519 12371 32146 19306 28404 5751 20314 902 6442 3182 26715 28131 31771 12751 21993 26645 14952 16900 13581 17880 5368 27648 6369 23234 11908 20497 27254 18240 18009 18871 18168 1748 6944 14827 9400 31231 2111 18348 28908 6774 32544 
10755 28989 19811 17789 25016 5199 15880 5081 12521 5584 17544 15567 25866 13263 1984 3977 4082 6557 21493 16668 11889 15361 30026 968 4710 11774 10713 19523 3659 30074 518 20237 20271 17402 19497 23811 24782 2755 28646 10123 32367 15772 19627 7119 11443 16197 9412 3899 10968 24249 32762 21948 5073 1839 26382 18631 16949 25481 17048 9613 1361 30784 31941 8407 26559 22694 18402 8389 24723 5982 24130 27805 11724 653 8810 12917 6483 26008 8925 1333 19204 11021 17238 23961 22977 32631 22797 21157 23924 20994 3537 6053 533 29693 9437 4002 14437 10641 6375 16225 7589 17125 4075 4697 24197 9484 28432 13286 456 18122 23198 7496 11536 16456 7101 26896 3707 6741 9063 7298 26009 11913 10268 29642 7827 28014 19204 22563 14778 8833 7586 3989 18034 20348 12893 27195 9944 18565 14935 26605 3723 1217 32156 9437 19852 7079 13432 16405 16265 16639 15941 15175 25568 7580 10161 22184 4224 32640 30860 17229 19381 17719 30230 10489 16651 1662 30202 23492 24482 16703 20559 16103 22456 8347 5216 17758 28026 7434 7916 23602 6764 4238 30044 23968 14862 2141 6110 31538 27815 2633 26971 16695 23798 29676 30954 18188 10803 18100 20361 27265 27767 30007 11424 6347 14881 19490 2099 2665 10760 21899 7489 17415 8349 888 7845 23108 328 15632 8161 19989 12712 30387 23969 15191 8225 14380 7390 29752 8098 15200 28239 31082 3264 28463 13644 13422 22722 7260 6778 29025 18258 24752 30934 5049 10703 8906 27978 31809 27523 26292 9226 19107 6404 4712 12927 3254 15903 4399 17221 11235 2543 1286 21435 9111 23940 19600 1570 25224 27759 11054 4812 20364 8227 16033 6873 3658 12314 29864 32498 29073 9715 29485 32166 28361 7572 25608 29249 27304 21079 15962 4109 18506 31968 27242 24095 9806 5233 14859 9080 12089 
27488 31671 27051 18317 10466 28245 18465 4499 26235 9182 3979 6423 21257 900 15200 32640 15298 10959 29319 11107 249 5339 18583 22837 13482 23535 7369 32429 29272 11051 17391 31467 19814 24922 27646 0 5741 976 5633 26579 17225 8219 7928 1003 16239 18172 21684 13682 4563 16884 14732 13137 9941 4143 10571 1352 23977 13052 1475 32276 7735 4323 21506 23982 24181 1239 30810 10137 21499 15492 21833 16038 28555 7109 7216 5197 21257 6804 28977 14974 12061 16100 28298 10853 31764 28433 1963 11146 12716 22529 20760 173 31776 22548 7118 24548 6903 20062 31711 14783 3828 330 594 23977 29919 27952 20634 11980 16429 16507 30635 7208 5238 27515 1889 16856 10978 24154 1193 23641 4166 32691 164 27096 26801 26723 29780 4254 1139 1926 29352 2906 10595 8421 27729 12927 16296 13389 9730 16779 1438 27181 21518 25156 29372 3753 26619 31119 25390 25887 2004 29516 7573 17359 10461 28081 10383 19880 6659 1399 7646 30867 4804 6153 10974 1619 20986 27861 12425 5593 23591 28779 21053 11369 13374 17439 9880 13196 25963 28218 12623 17384 1803 16572 1151 12521 11998 3069 1837 32753 25979 6448 14150 22610 21057 27018 7998 32265 14584 22973 790 2158 4997 16263 13659 20337 13213 22426 31181 6589 17337 18977 12292 16936 13107 23152 23868 5486 26482 16331 29062 1940 1927 27312 31510 2647 30333 26666 3701 3548 3366 4913 10457 16283 26179 25286 22887 5392 19335 4177 30404 12791 20213 25770 25945 9396 18257 18886 26824 15544 952 4366 21735 13323 10641 26691 20080 4757 5707 10943 25793 30239 24101 17181 3384 26361 7880 23001 12197 28782 7670 10515 16315 469 6827 5404 24253 15275 4849 9473 12064 7854 22383 24857 25880 24734 5023 10321 31269 5534 15749 26458 19641 14356 13845 3764 8468 27742 25174 30358 
11774 31739 27341 22004 19025 3139 2480 14850 6732 2333 31950 25259 27778 31507 11691 9711 2688 13100 6702 29182 29359 15699 5157 5000 21143 23564 14781 31345 30677 23539 9480 2058 8836 4666 28912 29361 13165 15873 25559 27956 21561 10565 5864 25010 24970 28954 30293 25156 11178 4250 21326 20498 21526 26095 2513 10337 14573 19625 28554 10431 6819 17792 21224 9565 28574 10242 1180 29272 26270 19641 26306 6811 6163 28794 10049 18947 6482 11750 21410 11135 8269 25724 17076 21995 4303 21275 21198 1771 24291 31459 3131 15314 26593 27748 21612 5545 27772 2204 20584 19556 21285 11475 7277 7900 20172 31928 12047 24896 16776 30690 2306 10199 26247 18244 21410 29802 23554 28998 21371 14070 28466 13113 32598 32753 5017 17147 28116 1163 2447 20829 9332 11273 26328 17424 8525 7059 30805 14096 2617 22040 379 14376 18574 26138 28836 25916 16370 31180 8801 11450 29698 26514 23781 11028 237 23822 26042 15461 13643 25088 8088 22428 19346 24944 219 27371 32355 815 12781 11399 27012 7018 587 9734 20332 25093 15158 18308 32525 25560 12115 4488 28191 16449 39 32497 1926 16916 23868 8578 9191 24408 24749 26723 21997 25682 25880 20234 5799 10178 31021 15510 21720 26555 31527 31178 23367 18779 10330 17999 19001 16365 306 12347 8029 27752 25322 29426 21903 745 1655 3435 184 30056 7135 5553 28106 8992 10955 23316 1086 5655 7681 16776 15769 29498 24546 13416 5612 7227 7885 13936 3431 29726 29298 17953 12224 31063 15950 29969 15540 32598 19440 22378 18891 8522 25111 3030 13540 5794 23870 11695 59 16909 15309 20050 18319 6852 19587 14419 6907 23770 5974 3875 5574 19387 14698 8693 13011 5889 29900 23345 22499 15320 10674 20775 32688 12031 29774 28425 766 21076 4196 29813 24081 2438 13187 11326 328 14064 
18454 4508 12069 32393 11797 30167 56 15819 19916 7583 26199 18523 25266 5579 12714 14364 14395 20884 20936 4774 27189 2462 29283 24942 10342 30654 16590 15779 25683 29105 8270 31772 15291 7635 14705 10289 6388 29069 23727 13399 4557 18933 16118 3078 22387 24175 25771 28037 4507 5839 23198 30241 5014 4970 10556 7694 11215 30942 15360 15731 25985 9251 22496 14840 24756 25573 27770 3253 31681 15190 11506 21086 28018 1005 25436 6934 4747 4602 16915 25743 23941 12165 17129 8190 16103 1465 30687 32346 26926 9498 5380 11827 25051 20879 4372 13067 21650 18944 6675 8197 11022 998 17964 25598 17102 5906 30483 22812 9692 14784 6145 27158 3627 17171 7303 18098 20827 26054 13045 4097 23560 30383 23172 3886 25514 22492 3804 31777 15994 7649 29724 3228 18183 8658 31107 15901 18275 10099 3410 30282 31671 23824 16242 9304 10701 20812 3757 2613 3214 23777 31886 20476 10136 1004 30009 26971 30316 20760 11355 7929 27275 2044 31760 8698 16826 31859 10104 6674 31547 14117 31083 24037 14980 15179 14100 23776 31722 31636 3040 6621 2119 31976 21603 16689 23584 20723 14056 25421 1406 32104 29011 28639 32671 27705 29520 29634 9555 2542 413 4806 6976 11409 8415 16285 20985 26220 25994 17620 2915 19954 483 27874 12166 24472 29645 5569 23296 17750 3993 9595 12095 9098 15706 12222 30598 32616 27204 32485 10173 22698 6426 729 23731 22162 5330 2916 2742 19426 3392 13783 29837 4310 13749 18356 14075 518 12948 32384 30672 2684 22230 12047 442 26659 27189 9306 27543 29471 2720 838 5108 15497 26792 28443 14933 14836 6849 16713 13729 2998 18985 13243 13803 15224 24284 9460 1752 23275 32272 27609 10148 30039 1470 4379 4876 25235 21064 7935 24961 24549 13504 17188 17992 18939 21745 26157 26502 8721 12598 29798 
15214 25678 11809 32054 2092 5109 12545 30935 1298 29041 14111 31351 14344 14946 3432 7537 22404 31091 11010 23489 22199 6346 11499 4478 14934 28490 5748 20874 27424 29304 20662 6311 18295 20608 9369 5194 24678 4127 13340 25600 21371 9706 15379 19582 4497 25426 13808 31441 20255 9199 25323 20333 3131 1303 31550 10272 23543 13306 28487 26389 4324 18321 714 13082 9197 11581 17315 5888 30576 24886 14678 31054 14507 32568 6890 26273 19258 19876 377 16073 14387 13885 28958 11044 12679 21487 14476 25644 23044 29178 13100 27125 25725 26467 4112 29973 13272 31915 13092 21953 22742 4411 21881 29053 10199 8810 539 11103 6808 27626 9596 8047 18205 9453 10210 22172 13559 6109 26627 1964 26098 14084 7355 9150 10906 20438 26663 3751 24188 10943 25167 25688 12038 1240 28491 6626 5654 11873 2130 22585 6272 10688 8229 25663 32240 30884 2652 106 27577 9164 4352 11385 31944 16820 6174 22448 24324 30407 26494 8572 4054 15031 10346 23701 2291 913 18047 1796 10777 12553 21682 20267 8134 19033 19902 18691 12515 21752 14537 24929 23554 376 1813 13310 15384 26169 28292 4460 12193 22194 30109 22536 24934 1989 21122 23794 16032 30679 28769 31067 24767 5673 22589 5055 2093 5688 7300 32038 6307 10562 16140 20285 4852 13298 22715 5091 6777 9111 17397 9099 22192 14690 18344 17223 8112 843 7982 3969 21971 18962 25617 10241 13047 30847 12251 24711 10482 8981 31192 23491 27904 26941 10105 4978 10012 31610 14580 8424 17468 29175 15594 10280 3938 4069 15767 9460 6539 17152 14150 488 24877 31177 12937 18611 25094 12128 7842 16832 19107 25764 14601 16646 10931 13211 14237 19253 22392 4295 31711 20596 10048 27264 21216 4734 4724 27288 28197 18278 4317 5330 20771 14286 30717 5945 5899 30999 30053 20626 28848 6601 
22118 12891 18067 16928 20 8159 16620 21737 21270 21895 4195 24510 14890 29326 30176 30234 4085 23576 9687 23200 847 17057 12139 32065 32707 1441 5941 10133 10514 13014 22299 10501 31335 4929 10815 26421 32634 9601 10742 12417 2947 28616 16830 18275 9014 23004 10841 28858 25018 11120 3494 27099 3554 2789 30826 19916 7855 21532 28249 25144 8048 16046 2705 6935 12904 10386 18283 23401 16336 5018 27364 4410 24687 67 31140 16213 9009 10750 3201 22454 4684 13879 22981 25121 4942 13464 17773 18681 31286 5652 4902 4909 28780 10979 3964 14430 19283 8551 9211 27854 21122 23518 2964 10362 24278 29876 8696 596 11637 4722 6783 13878 26838 7192 32284 30638 7482 17423 27407 30091 22933 4158 16438 9902 13406 5470 32078 31329 29999 23172 28122 27314 5770 25872 26113 32538 7451 6723 3911 14103 31424 19770 3935 8917 28694 3263 3813 27702 28233 24548 32706 7916 19094 21690 23664 12604 527 1180 32098 6584 12136 30629 16212 24064 26200 15118 24014 26842 13436 23663 13963 22306 8376 5669 5772 8811 27857 14515 13715 7984 9446 32760 19598 29713 8081 7646 31214 22123 16865 24421 12525 15341 21182 13779 25037 23840 12182 21415 6052 30664 32733 18848 12661 6583 28167 8805 7760 20881 15776 8743 18633 9633 2027 20517 4394 7122 14588 12786 20214 5468 12588 23956 1163 12872 23718 13044 5279 7659 16372 10166 28117 2559 14595 14086 27894 17460 23667 32222 23835 21804 27250 23623 14709 13185 3913 5239 17544 19150 19962 23184 137 133 20968 19136 3436 31104 20292 10714 31522 11428 16774 3414 864 31386 5326 647 718 15449 13508 28457 12742 16943 24918 8430 25495 11938 30247 3212 1993 550 24746 16917 1637 22234 28348 12615 18496 14428 2098 14885 5554 30949 19099 30420 13394 17204 2709 21884 18739 16086 
7274 17558 25843 1497 17678 30917 28401 9866 788 15103 21143 2197 19253 17831 786 1191 7693 12065 14492 32589 19124 30689 5575 1906 15900 30142 12068 17059 16035 25369 29703 15922 6314 412 18370 4677 14504 19086 15746 30492 19754 31923 16863 26264 16722 5179 17627 23524 32177 31186 24501 26634 17294 3215 6123 19032 2988 5452 4880 8947 5298 14325 25983 7509 6809 14894 7531 9667 19575 15301 21524 18316 18530 10634 17960 15305 13489 18658 28784 19823 3128 5016 9938 30126 19047 19511 23140 24369 9599 19566 4563 22735 16804 32590 31054 14670 20174 16000 8424 20617 27324 8486 30540 32342 1307 11333 24197 18176 8095 26972 1309 6443 32001 31168 13020 29358 18427 13630 32064 30216 15362 31849 21620 29106 25082 30038 10895 2858 5940 30737 12538 14169 21380 15895 6868 17052 14409 22085 30082 27780 1852 14829 8990 12755 23568 3979 25952 4737 16359 3666 5798 6120 25878 4936 11434 13126 21223 19462 18709 16596 10459 30604 5063 29115 32396 28249 19602 5105 22781 6859 23857 25480 29065 9620 17042 24407 25420 1883 183 25251 8982 12315 17158 13190 14083 1437 27494 16670 8811 13263 551 32555 22525 16897 2241 31206 32188 15318 16603 23321 86 21294 19862 7515 6049 448 27385 23534 7458 14083 9007 1475 31435 462 9508 7575 22693 12017 13008 10039 20268 27159 2604 13120 3319 12313 12002 24544 21333 12455 25810 2971 13908 28974 3510 24041 18294 16966 6536 28777 29551 21369 15483 26128 29685 18959 19448 965 19132 7957 20144 10607 7295 16324 13470 14712 13173 13997 19444 13205 10317 2848 20390 21724 5011 5407 5595 20537 24215 5733 10658 29580 5768 29067 18160 26117 15292 13373 32341 24173 20213 29841 29269 9047 6460 15226 24678 4696 9613 325 18974 29682 7201 3439 3749 10225 2933 2966 29247 8880 
13054 16500 8294 27595 10833 6933 7982 17342 7377 31369 6947 17201 1113 22976 3732 16066 5141 7419 17024 7270 32313 11003 23162 27634 20710 14817 1449 16600 10750 26030 16663 20633 18289 27515 16241 1153 70 11281 7729 1305 10782 15309 18351 8002 23569 31038 18024 19280 22825 28467 31762 18741 732 7383 28478 22652 7026 16161 23485 8545 3839 26518 22984 7145 11655 15210 19796 12798 6604 13413 2958 27433 28083 12282 15130 4265 25587 577 29156 15075 13581 19947 31404 29213 20742 27139 10178 16687 25800 4915 25827 13420 1114 27930 7555 27576 15999 12857 25872 15795 20967 9681 3752 12918 6345 8293 2000 5692 14429 28212 27003 20714 6864 2919 5415 26366 19552 11637 1628 19475 1107 9447 27591 26146 26332 22605 11360 5522 13325 3561 9764 16142 27880 20362 23468 15872 18166 7307 6467 19513 7517 17600 18632 32309 17504 15349 2680 32101 18591 17849 30743 9777 7605 17368 31789 19953 11870 3348 27343 12860 16232 18770 15547 14006 17474 5243 23621 15545 12591 11997 28557 16251 1997 10710 24433 3900 20074 17064 21974 30434 12278 21327 25806 1431 22517 23476 16044 9522 1984 17629 8467 30402 23057 14896 16031 16261 16120 26856 7641 12807 22502 31503 29904 17656 19982 20943 5269 4805 12182 10239 14429 20296 11540 2916 20991 19511 12845 5711 6904 5976 5149 19495 335 15637 20042 28782 2526 9314 15964 25083 14825 6659 16691 4933 4258 19008 22799 32714 9762 21522 842 20352 25027 12476 2840 28441 27536 11811 27033 30425 14751 17308 25919 27634 553 3516 4346 20576 715 30563 21095 16421 31618 17486 12255 25557 23088 12673 25197 22638 10315 16353 28614 32285 1976 7309 21197 31274 13087 21484 28845 30309 1573 14604 22192 19847 27295 3765 2501 8475 2430 24626 26166 24947 5121 15466 1870 26800 17016 664 
1300 15732 6593 6222 7357 32489 6184 3713 18658 31060 32425 20474 9482 25718 15502 14227 1359 28517 16453 22853 24467 11259 10286 26025 23483 28545 25628 13320 12767 28169 10743 23022 11976 32313 20154 23179 6428 23701 18271 20079 28630 10999 17483 6774 250 7941 23229 3639 10882 20874 13800 29763 7460 3227 12468 32658 4088 19207 25284 32661 16156 21620 9841 14230 14138 16026 26392 8022 3419 23643 10355 11198 29286 24011 31910 21432 2530 28661 19875 2222 8828 31479 20656 5423 23104 25982 13575 4631 22704 18804 17339 24438 3673 20060 21786 6412 25137 20783 26598 564 7727 940 14947 18906 8744 13078 18898 16661 16092 5395 6865 23978 25999 30958 27880 14028 11178 4542 14778 24385 8048 4801 2200 5889 16412 26870 4568 8538 27586 22930 28955 8050 22462 14207 5554 28229 30955 32028 1832 11318 6463 19000 31913 23245 3558 15323 11107 30766 29526 12262 15588 14827 4480 13618 24745 26824 21705 27368 23657 21151 21886 31202 28009 13171 6336 18787 30001 27857 6621 20081 13833 7132 168 17720 26363 25965 6353 6626 24225 17506 29225 26924 11809 1439 14943 18933 8249 18621 24518 5428 21533 18302 10961 20587 24 13078 23634 30691 3022 22569 22311 9769 10466 12930 10757 8039 9201 14323 17569 14876 18469 8268 20107 31088 19746 20969 30303 17429 6859 18586 8687 11099 29022 27258 7739 13565 3564 14371 12251 12672 18069 10845 7117 11699 30071 28135 32501 11085 27287 3578 1221 28424 25720 19492 23232 13816 17705 2867 990 4863 24779 31841 21814 20473 29123 1226 896 8575 21453 29439 14584 16161 20598 50 22596 16777 1143 5124 18353 22720 749 20760 15984 2378 15696 30442 13994 29708 16095 6429 4306 7360 3113 18171 30897 29302 23454 21546 1313 4689 10256 17088 10707 447 14965 25989 32632 27497 5247 28674 
6200 14606 1198 11863 25828 2372 30028 31150 12038 3429 24694 8985 17614 3397 22861 11756 236 26781 9316 6997 19583 19608 28550 27519 21167 31020 29749 10629 19626 27174 1103 6946 9579 32495 20626 16044 31048 16688 13532 14511 29669 26316 28393 32327 11922 29303 23714 15108 11286 15682 10342 29924 5622 22806 2132 28901 15091 7216 19456 10188 16149 26629 15909 22428 12657 16315 6720 14531 851 22682 2129 5111 10042 11799 28872 12109 32701 2405 11060 15385 22260 29309 3067 3541 2868 32517 23410 9164 8313 23268 30781 30107 1890 14901 20077 3846 9040 4915 16355 6147 865 11779 3619 4824 2280 1519 22987 2 28274 19233 29049 4520 8421 26794 5221 27506 30184 19963 10074 15524 19014 453 14995 24978 31344 30942 12821 2506 30313 3713 30883 25409 1644 2028 543 15604 23039 4011 10517 31180 22848 26498 12411 20072 10369 4016 26174 28562 4079 23349 9693 27837 15611 22780 13256 12038 14187 5512 1845 14100 18982 27034 11840 17688 5578 28413 12877 23865 32241 522 13333 13104 16692 27032 4377 18337 19988 8483 1300 21139 15082 660 9390 7139 30954 2523 10268 19832 26575 6583 24064 29308 24369 5612 17139 10806 17175 18948 17764 17709 13316 29803 21106 16215 5832 22481 9658 5565 5376 7736 30433 9391 12360 28295 14653 27971 4474 1767 368 4253 11576 31087 12630 5173 32346 18172 15058 25289 30518 17190 29497 9230 14986 29501 3955 19357 15137 4609 2902 18548 9868 3947 14120 5517 13893 32618 25527 2592 8043 10104 7590 9275 14108 18012 11790 3890 12411 22858 12664 27515 10608 17746 11658 32115 19147 28782 1067 927 9415 4574 10281 4482 14887 14873 21189 31296 23788 26859 26809 3286 8252 24201 4315 404 21356 7536 15767 21761 29176 2977 14430 23037 19015 12067 20117 6839 20450 13246 27367 12791 
1126 5319 4776 14255 8906 4825 28471 28554 26448 22696 13306 24567 23746 12263 5584 21376 26331 10903 10965 1337 28689 29659 29709 13114 23714 7969 17482 20983 32664 19064 617 12550 23405 15248 14031 8732 7812 471 20190 6967 260 23405 2235 27942 13067 1503 4659 27681 29323 7810 20533 6426 24251 3867 17227 11639 31754 4926 2415 27164 2942 6602 17852 3697 26072 25733 29279 5784 26617 5739 5626 10954 21592 20039 2248 14044 13166 12583 2096 30576 4687 15851 29552 21093 19793 28704 9939 23608 20232 7256 10449 3693 12688 27751 26647 19070 31490 17799 25718 16320 25516 15972 25761 32683 14024 3699 13146 31616 8183 27416 17782 14700 18716 30134 16597 20269 11883 13792 31250 12627 19694 15800 16965 22628 8735 20712 27308 30018 854 21536 693 26145 2118 11328 18498 8794 23979 11596 16046 29630 1871 22868 3268 11126 17556 10004 24743 6177 20189 28519 28711 27634 17108 6780 31112 3387 248 16333 16961 22378 27675 8609 22727 19594 22581 7966 20933 22282 21875 25869 13808 16806 23338 13225 6047 20652 12542 7292 10544 18428 19008 3961 16372 29826 15180 31411 19261 1035 1305 2089 23942 20230 27698 19151 23784 3763 10281 15750 13397 21541 15788 22045 15426 21871 13629 2478 8920 16608 6478 2324 32674 7146 16228 10634 25354 21632 31848 16671 8208 3924 474 28083 3642 7990 1955 2824 4699 7825 7016 29721 29384 11877 21147 32132 25993 2749 28208 16861 14921 10028 27172 20947 4130 27981 11981 31938 24445 3621 9942 31352 26889 29840 1782 10886 12549 25626 29719 27458 30949 29129 11620 11403 22361 593 24033 27012 4616 1335 446 5262 14418 19857 15324 14294 5168 21003 22304 29151 26123 25001 2988 32367 29146 11930 8516 12978 12164 10873 20578 32101 5613 2053 2845 15141 2900 3263 8413 28648 8970 9521 
30298 19163 6651 21753 10238 21724 26901 30271 19025 22829 6191 25059 17143 7888 31045 29453 25576 31713 27368 23956 22531 19466 9969 29842 8989 15023 21223 11650 30058 17835 3183 12983 20145 22363 11285 10821 23184 12526 30630 9103 30278 24523 5309 18479 22220 1222 3271 11642 21315 22280 5206 13714 4751 18746 19905 16158 12336 19986 22164 18885 516 22536 32321 1710 25383 24287 1425 29370 14879 5909 23781 5539 30170 25775 10312 24433 15206 12749 30695 2132 6971 19683 817 31655 30882 15658 25157 24088 207 11165 20911 25887 29640 1781 2095 1081 9448 388 4181 701 10280 8001 27395 10600 24000 31709 21226 8645 4478 10613 10658 19411 12907 19825 13483 22447 5751 2871 17313 3013 12048 21492 4879 25217 14725 23305 17474 9961 4157 25873 23287 1140 17374 26724 25234 11000 5195 30494 837 5721 28149 23698 32682 2272 9640 2495 18882 31708 32748 2605 32060 15758 14492 28358 13796 30395 21049 31388 29158 1071 13870 15969 18657 1097 13862 28327 23442 32004 8071 32597 31563 11851 4906 30022 3661 9938 1880 5766 12685 26218 27242 30883 27403 14458 31561 19624 3048 28466 20744 31871 11302 25309 1473 24644 23157 3209 25157 20702 19975 24440 3569 32436 1116 17534 18267 9556 15248 16323 11752 22588 25973 19366 6558 3181 30825 19941 8751 5376 10083 23827 19727 26830 14384 26907 21257 19751 15049 12224 18119 13755 12989 9359 7133 24073 6491 58 31467 21577 5127 21292 11612 16932 1376 22547 24630 23886 32226 15116 18000 3004 17149 23811 10624 8288 8921 8344 28705 15943 11247 19783 14543 9215 10420 2562 8455 28109 2579 30318 4608 1504 710 16921 820 66 2671 13222 21163 26559 23573 18979 1375 4669 8142 29322 24768 27874 15687 19440 10313 16691 11780 8606 18687 22695 27997 17596 27876 22417 19722 21635 
28329 15530 1168 5655 22150 22577 18768 17970 28343 14385 12692 7224 1250 31049 25797 17541 18146 11215 10623 19357 23921 20586 15866 10554 25205 4109 3224 18857 16697 721 8293 18455 15421 8879 22335 12598 28920 8398 19607 16118 3885 25182 7619 4241 20391 5690 4019 14726 25039 25015 13853 8368 22324 9503 5414 1711 17145 6592 1060 15727 14915 23553 1065 13745 22200 25819 24470 10307 10125 24571 8045 28269 31067 22714 26556 1049 20489 21001 13200 6895 1852 896 12777 6866 21694 28900 21650 32208 22872 4586 400 31812 2338 20299 29625 13992 20489 30408 19093 25926 1243 27982 24631 9298 7736 22384 25165 25288 31129 12828 12233 32243 20552 8667 25288 26429 23742 5013 4191 28348 11765 12415 16978 29104 24178 8369 25512 4774 17571 31295 1364 10768 31308 19923 11585 2332 19200 16876 9989 28938 21948 7448 32661 20819 16500 3718 25798 19760 25334 32729 20218 17884 14819 7514 23441 468 25146 7405 18360 22632 26537 30384 2966 4085 1958 7264 22250 10629 12308 530 11980 14897 13672 19551 26953 17383 12854 25769 22046 4927 9695 8971 31691 31765 10870 29989 13879 10743 4869 27142 9156 6471 31109 8191 23187 7076 24092 276 15789 22734 26198 26886 21291 1066 5792 15260 3091 7214 6089 3534 8101 14817 28525 4864 19489 1077 23731 14142 29103 25489 8070 23106 14480 26433 1925 11458 7164 27777 8769 17402 6212 12620 4018 28688 9734 3715 5407 6462 1853 6065 1064 8891 2491 17742 13473 22618 14638 16180 791 7484 15367 4841 21859 10961 12349 3041 7460 31973 26707 32449 15395 6643 28491 16445 11144 8416 17273 29588 20704 15205 29413 6650 527 29747 411 9976 22751 24313 22966 26102 30732 18443 11128 5381 27096 17773 28050 13430 9783 12094 28178 18499 15355 4407 21329 15713 20841 29564 6299 31103 
32630 767 29087 3521 18617 850 16525 4889 8509 29332 17780 27272 20040 28609 31807 26218 29022 8897 25382 11167 12960 14505 7521 20219 6095 32357 31742 23532 10310 22633 4225 26398 26907 13486 4324 14241 20422 29490 12643 12462 4767 19054 21386 6287 6858 31976 28020 28179 216 23007 21748 12006 26481 18594 10233 3446 20283 30214 31385 17486 9036 6212 18878 2394 17951 7422 5673 24420 20837 25589 9635 28094 8844 10435 11526 26926 21610 28423 8466 3094 32625 21230 18635 27037 27771 6022 20764 16667 3272 16810 16661 18652 6306 18097 22815 15216 30929 31069 4929 10038 14457 25691 7210 26269 13401 32693 15786 28188 2433 8665 21121 21754 31695 23868 1551 18459 5857 12347 22432 30543 26921 17088 15748 6813 14128 9248 20607 14789 4825 268 16610 28087 13480 5136 24572 8518 26413 16814 14052 27949 6702 11040 21317 25123 26243 3630 9312 2510 30014 18312 31062 19674 29654 12026 12327 16102 25974 26338 29241 28393 972 32120 2657 27916 8768 32134 29677 25973 7692 6494 27711 11255 25294 13369 7745 19694 16523 28723 21565 29205 8257 11177 21658 3179 27346 28528 14944 7662 20309 5994 1225 2648 19584 3401 1199 26103 1295 4483 27504 20019 11643 28988 13752 25191 5790 10785 26219 9654 29373 9659 26520 22163 20910 2657 11952 3857 21820 11595 9666 12946 9437 12725 16866 20335 15989 3076 755 20671 10419 16631 14134 8688 16631 23440 20526 24828 31859 16725 20295 26110 25858 31321 6500 29933 23820 15637 5585 10128 22312 13678 18712 30450 25887 21099 13355 31000 15825 32650 4849 20100 29887 2288 23237 27658 13689 13384 10630 17989 1779 13784 16397 27712 27036 8033 28450 18142 5654 32237 21271 16563 28174 7346 2516 3186 25762 28436 24066 19192 23308 8947 27515 25414 2711 30095 29615 26227 31648 3556 32199 10858 
22684 3068 28093 10189 26512 8845 1786 20277 16808 12678 12593 24220 14588 28972 30667 27760 2406 24744 3645 13126 1200 1110 3987 23478 12640 13442 29907 18169 30314 30456 17939 11209 29997 22079 19571 22031 28834 32037 672 3041 20959 6390 4775 9268 13192 1318 23552 25377 3181 26633 20001 7938 18868 1582 7087 26026 11247 75 30643 20605 9257 12742 5117 31172 29194 17305 22451 2425 12930 32265 5399 29839 1898 20021 15185 16999 23682 4434 1484 29105 15890 28669 24656 25616 27679 21133 13692 28058 1563 23810 24102 219 26134 30821 6653 10546 32231 21710 7792 12514 27108 32221 22245 5201 15931 15203 30582 15839 24770 19238 19786 22316 32294 23248 26913 15465 2417 28014 3316 29071 26984 12852 14900 23542 14737 27703 10550 24667 13579 30843 6224 9557 16166 26186 13964 25652 23740 14899 19222 26064 18070 1113 8951 23270 16964 8618 23391 313 6864 30142 267 3534 30588 10785 29919 26404 1638 27620 25430 7808 18250 8612 24186 4006 3225 17089 10885 22278 6998 24241 9523 18414 13621 4441 5462 19405 9675 19951 25651 32016 22725 6196 29687 22156 2069 31173 2589 28147 24135 15436 22662 27238 20293 11723 28606 6986 29341 31269 30767 30356 8055 31835 4619 21201 6185 27583 25886 6910 21064 26662 11827 610 2369 11923 15126 27115 5529 16775 22322 18591 15028 12499 11668 14761 32588 5010 27677 24260 18951 29729 18457 22613 24900 13224 29488 9542 32351 11770 23380 20321 22843 22851 27685 31032 14169 15037 27407 12627 3733 30044 8420 28432 25183 4820 21532 28967 9397 16283 17538 17838 18420 9360 19079 27939 28856 24058 10950 2954 16316 7349 28922 30175 7741 21298 25425 12545 7197 14212 27561 14664 27356 14272 11338 6704 17066 26728 14803 9224 404 22830 3369 26314 20585 22041 13345 19839 18943 4861 21418 32072 
11322 26206 30998 10093 6957 14771 26969 18816 6926 5256 11342 25087 21959 5088 19320 13622 18366 17833 2360 18665 5201 758 18472 12449 26586 24921 19524 18933 16749 20475 1641 6111 27005 25528 19387 9324 17749 25995 12809 11350 10082 29969 7262 2643 19590 26709 10906 25637 12111 5913 25166 12925 19194 10368 19693 22655 3067 21343 8354 13082 4146 3522 27024 28927 24016 31392 20523 23363 2841 17187 19209 17337 14679 26003 13270 9248 13154 6985 28133 4584 27656 18881 17545 10461 13611 32454 23613 24396 28803 6089 28744 2264 23903 14242 23072 28853 1129 2934 16198 20676 31630 29093 6792 6356 7559 19523 10634 29853 7264 30406 22816 8710 2033 25336 1863 24058 22155 3096 6857 3124 14060 12575 2544 3277 26991 18396 15939 16291 15754 32754 23511 10919 25229 1857 28101 19421 11994 15569 53 12635 19898 9388 70 14083 25979 12501 5709 3734 8115 7685 7219 15927 22650 1018 31027 25218 11714 18339 27218 15694 14727 9313 15579 22651 6357 23678 10939 12650 2143 13051 19387 30221 31931 26851 30957 315 30401 21852 2771 5507 14506 17590 30203 5638 25098 5868 28240 29722 2212 13495 17906 25480 19902 31754 7997 24024 9727 21324 7214 3901 24485 3863 11080 16929 106 6396 10257 19715 11170 26654 12079 29706 1609 14719 23966 31193 23483 4873 14546 15257 13362 15616 11367 16496 6082 6302 21193 7405 6797 6711 609 18420 18703 80 29495 12495 7571 7390 18122 28323 13629 4684 1198 12073 23210 23233 6979 27159 16201 23375 12383 16606 6176 28128 5429 27185 5818 7268 17835 13779 1725 1698 2787 417 29958 10725 25526 29095 30296 28989 23680 11286 2824 27963 2235 12804 957 2026 14829 25109 31360 10883 7057 11034 5242 18946 18415 7856 29068 3955 31288 28170 26808 149 14772 25080 11561 25481 19235 22765 
30148 1654 20284 541 1789 25267 22894 6457 11353 5592 1497 26857 12083 22136 21330 27805 12137 14743 21886 2004 23260 25938 7426 23960 14430 24589 26787 21516 3850 6474 17673 20927 10966 21470 18157 20496 7988 80 6284 24227 16361 17012 3228 7238 25677 13603 25707 11222 13900 13131 19724 24456 9101 12253 3966 29854 29750 11827 17294 27264 7336 6723 19622 8312 17543 9952 2072 2932 10524 26491 16944 3411 28828 32008 4485 14247 3383 16469 12698 25507 5509 6345 30284 29833 5146 26710 28525 21332 22177 28594 6452 8793 30118 21260 12212 32680 31475 22599 6231 2686 21496 27068 10300 21080 20905 8140 10618 12520 6007 2563 8763 26760 427 10350 25617 28953 27217 18056 26055 28620 21520 15009 5692 8653 22183 31896 25063 7775 19425 16706 8480 12437 1146 2384 28650 14938 236 13934 13259 31141 32295 14992 25270 8654 27230 839 30597 9665 9615 11488 24701 3648 11599 5600 10258 4508 24582 8016 25000 16503 11124 31144 28160 3804 5004 19476 14393 6982 21963 10680 15687 21374 1578 9066 8442 12170 6160 9917 28304 27051 18846 23300 26199 26190 18940 21732 27166 1990 30820 13038 14040 11304 3329 8626 14607 14013 26546 6993 8361 7419 9945 27133 20947 7131 17376 22082 9831 14245 24973 5133 28932 30306 14868 20565 6969 7963 17769 14740 25524 29949 25767 24332 17623 32018 22372 12874 9460 28304 510 14835 22567 10262 9532 729 11011 20929 32317 25389 12450 2801 1477 15936 14245 30654 5875 28816 12144 1752 14345 20554 6603 11678 32137 10545 3983 29568 30228 13583 4615 28039 13815 5253 1244 30111 11871 30467 27887 12579 5327 13186 28158 14137 4363 15462 2538 15860 14618 20144 30681 31129 19272 12592 26252 15052 7856 8684 16951 8773 30140 30388 13769 4384 18546 14650 13556 910 9897 7554 5527 9002 
27655 9004 1721 7824 31562 7703 23140 21864 28543 18868 4545 15279 11297 23540 27433 20517 28432 30568 31201 12986 13878 26986 1645 13299 10362 29338 27271 22435 32102 22962 14297 22797 27420 4683 30004 13018 32357 11189 8177 3732 30517 24642 24326 29068 2917 894 17365 19675 30762 23954 31067 15832 23910 7020 13671 15987 16949 8811 722 9737 29805 4166 31826 18296 664 10180 2876 6846 21370 6431 8280 19726 23666 18863 12010 22995 18834 20043 31825 7258 13923 25722 26548 1004 15976 20030 29807 11029 32554 14175 5445 4570 1416 16012 29326 18732 5746 16926 11306 15538 27112 13427 10941 9830 14078 10699 5983 14031 14024 4727 14963 22891 1261 23713 23674 22521 21201 17183 18925 981 25684 23409 27613 22808 3855 30371 24293 23966 20379 13065 21654 13155 6805 3412 1092 15872 18897 13631 10739 15208 18541 3564 24589 13175 1736 4769 22536 24880 1659 654 27892 9486 14777 15534 1263 1931 17635 12517 15673 24975 26161 25445 185 26234 12757 25530 20747 29362 2065 21827 1840 14267 830 9130 19313 27347 32653 13234 13888 15715 16391 22551 16359 14490 2905 19123 382 16887 26417 24192 11193 14139 3649 32103 7523 18596 11956 32644 26600 20925 28381 4053 3296 24040 5129 18317 9389 27301 30822 25915 29195 24979 29149 20788 1331 4218 9079 24945 30085 32059 1456 24739 24008 5029 5847 28854 2581 24347 9021 17140 19910 7914 6670 18668 6666 21462 25426 22620 1072 9233 16058 25351 22792 8386 6089 31669 15903 29513 21989 15862 8051 27126 22908 14159 17420 4561 25063 16793 6190 9623 18403 20016 23099 23378 18295 25880 18627 23083 22912 16447 20740 27009 28939 30661 1344 21499 20177 1130 9740 19310 6016 25057 8986 32407 32602 14652 5141 18764 11307 26081 12811 622 16786 20548 26390 20872 15049 31396 27521 2878 
30408 30162 7230 26976 17387 26397 5044 26832 28155 5476 21746 1144 8624 19096 21855 28117 6741 23680 17968 19249 17448 7903 2350 11589 16366 13544 21783 12504 31273 16078 13106 17192 25393 20191 21517 6749 10602 2618 21149 15702 1619 24952 3793 31426 10587 25166 4619 28584 31713 21855 25015 18323 32310 19590 13857 20576 4076 27437 4927 22235 15590 1621 4256 30285 12665 29607 12697 15216 1458 29551 14629 3232 20772 10570 23984 24712 8179 3754 14885 8256 2766 32697 8689 13997 22565 5433 10714 25131 26625 27039 19557 31909 2616 26168 8070 18048 27245 8328 26973 27305 31214 12507 203 24726 9879 19620 331 17869 10499 30582 15917 1660 18396 31901 18346 20938 20748 22636 27600 7261 5725 19468 11284 19820 3227 28660 6029 11353 19543 19449 7773 17115 6970 22691 207 14491 1516 13229 30144 25589 19751 25104 10742 24181 22244 31415 19514 8036 347 20597 13258 18179 31212 19757 21549 6193 7520 6121 28348 2751 11144 29184 16418 16450 26904 23974 5732 5384 6189 26104 6061 11975 24298 21929 1783 21577 22353 745 22962 14990 14394 28694 12729 29442 5043 14899 24064 13910 21750 27388 2077 25225 17647 12125 32421 29318 16607 22720 15204 2550 3721 10335 6354 4739 8360 24963 5491 2373 14838 19515 26515 24916 198 24085 6979 2517 27227 1237 20239 12870 14138 3743 7173 5248 27933 6511 21060 1951 20701 89 12699 8005 23841 23210 14204 29310 12329 27033 23507 31799 23731 17395 26651 29723 2855 26944 27807 30067 16307 3996 26627 8419 29425 3014 26712 19950 27406 17863 16465 17012 4524 3313 23424 2366 15955 31880 537 1716 22782 13715 24156 9701 25777 24367 28945 5456 10255 31414 18047 8875 26385 8468 8993 13593 9247 17169 1729 26989 20084 14218 24507 692 23628 29880 30912 16807 24116 26294 9788 10511 
2469 15843 25175 22305 1117 3986 14789 30196 7296 18622 5107 1112 5019 7419 846 11324 2556 22540 15759 15125 27755 27874 23312 26892 32035 2813 6292 7273 5235 10686 27726 19555 29437 13187 13202 31673 18630 17721 13396 21446 16304 4022 14305 27408 31787 16397 22560 30264 3381 7307 779 9891 8260 10811 21919 14971 1319 4995 4023 9223 11447 24640 26753 7072 15142 4339 13997 15525 14203 13218 19526 17308 11451 20773 25276 2753 31742 20537 30025 9480 28689 8054 10350 13332 10834 6887 27012 26020 886 23897 15782 16479 32273 21785 8670 5933 13319 30436 32705 29374 1159 12839 22306 5370 9060 20425 18092 10937 22056 6023 797 3613 3985 29356 27650 18018 10914 3759 20791 20042 25514 27040 28272 27803 21908 9673 19734 15880 12528 3690 7708 20903 4728 17184 10079 22870 24593 13896 18402 2148 28556 4812 31773 9640 12226 24027 3419 772 7903 3226 26535 30014 1626 15039 899 1165 7913 8271 11220 29201 13439 17851 8714 8832 32669 19679 20074 12015 31025 30526 21441 30811 30196 28155 27371 22620 9133 29168 21405 32330 11538 19856 7566 31821 26255 221 23075 32097 29789 29381 14581 7645 8921 13862 10541 31565 21341 28992 28289 22454 4498 21101 25835 14528 27232 32020 16094 12721 26144 28492 19446 29891 12828 4368 586 18839 17925 22000 20018 1251 26683 21890 11326 10712 15968 21208 8619 19486 6450 26285 13039 20243 8090 18212 5423 25249 22480 31992 29134 1012 9330 14978 31021 23300 16292 9718 13800 21263 5751 7868 4569 1164 7936 32743 25986 9999 20055 30477 11393 3872 1167 21746 1832 23148 19091 13437 3129 8672 5810 13087 4062 26415 15379 30498 25713 1871 24736 15023 20929 4897 26233 20040 3555 7926 6554 31 16208 11927 20228 2104 12928 15293 26311 15935 30636 29344 9251 13937 28935 17624 
16099 24284 22778 29127 24787 30956 8568 269 5973 2685 8067 26484 13586 13379 30305 2250 29287 30430 21421 23177 2019 23972 15377 8162 11610 12511 12978 13625 26509 27424 24176 21988 25921 30533 28077 20656 27665 11246 31404 76 24677 9435 17288 7080 25761 32085 665 7391 13845 18523 17915 12721 20154 19894 18885 5378 16848 137 29821 14120 23854 11002 10749 29348 21840 11226 27418 16471 3212 16884 21852 8829 4955 1448 30928 4378 12169 14346 2337 20657 22329 7309 13495 6259 3342 10876 19763 4597 3842 3018 13170 31529 19303 22392 27518 7369 19960 24451 15882 5716 2436 13991 14222 13144 2387 15965 10236 11138 31736 21739 27059 26601 32110 13883 15400 8526 25171 14476 26736 29858 26852 16931 3992 7306 28249 24566 12769 14541 1981 29375 31029 17107 18506 26685 6118 26521 6731 3302 27698 32726 6089 2732 8549 28350 22210 27447 2234 2129 13543 32689 25539 6658 16742 31199 7847 1953 29021 6912 4611 2409 24073 27853 10591 19395 30727 9229 10101 3279 16960 962 8642 13553 7455 7364 26777 1353 23767 19430 30980 21612 31494 4346 2642 16193 24624 18408 9341 28038 28065 14479 1404 25135 13095 15997 11796 9916 1241 7819 19716 2751 2328 20703 1673 7189 17799 18456 20225 9107 25722 32096 14572 5085 20885 22882 2691 7593 20889 3454 6886 21035 26651 2421 21271 12462 30911 8216 9968 11218 27257 5816 30338 31505 28439 20191 14750 25925 24944 5895 2656 18176 19634 25624 30494 1871 16562 5223 20826 13741 16465 5539 26274 8007 16658 7179 12054 24762 30492 9068 19101 25323 32508 7604 19401 27935 14536 18644 19847 2198 4178 30634 25426 22601 9145 29126 24851 3013 30239 30727 9724 2764 29861 29003 20054 30153 25100 29208 5863 7900 13474 21257 4788 2081 4477 18133 15363 9120 22223 7991 24457 6326 
28024 20479 20309 15865 28165 28472 22708 11871 8536 633 1960 14974 9070 22591 5030 17473 9244 5003 10869 20866 14875 22178 15364 16481 22432 12939 14272 6839 30763 16112 16645 23235 9174 23252 21654 24775 17249 7829 18621 22038 14015 17486 23603 4142 2612 12696 9722 13814 841 32713 101 15889 30249 11991 16415 243 19105 4783 18692 18986 18638 20120 32026 27061 14193 4046 7380 21188 16327 30391 15236 8791 15565 10007 4057 22413 11016 3024 21041 2762 12062 14866 28092 7819 22814 23622 15694 20239 22973 25953 31496 7038 18259 13429 18172 11556 10729 22913 5559 28730 10388 32254 29879 1997 21002 2744 19508 28147 19162 16553 256 31437 32279 10118 5768 998 18596 6513 13028 30650 30248 19306 512 22145 22074 7777 27483 8308 19182 22378 7645 4984 9443 16046 19872 14210 17040 8336 13842 4971 17156 29746 27344 18808 27753 14976 19161 9674 27463 20203 22762 7672 5982 2539 18318 15262 17634 28375 23212 21383 30729 16215 17163 3259 11484 1020 15909 10664 7563 13619 27896 25837 2024 3764 12853 12700 11857 24345 29499 30942 10900 6149 25121 15653 2299 7766 5939 23043 24177 15331 565 498 25736 14379 23627 31773 26284 2436 15218 22642 30822 16996 26089 28409 8792 19651 5051 20986 9877 8044 24546 1071 2412 20000 30865 17720 23229 16961 31810 13578 3693 2708 28216 18711 30411 26794 13017 19166 6860 21326 2846 17010 12662 20418 25044 26311 23972 4900 21638 745 3776 15722 24708 15171 27499 20671 32619 6079 2059 25097 3584 20054 12086 14124 1051 32078 22754 17960 5473 21104 25386 6353 3830 16396 12692 9681 19310 7557 17271 25539 44 13038 22783 31647 26014 5402 8191 1924 28708 10217 1474 27572 20921 9292 11012 10245 3154 13134 20584 18176 12425 20410 16634 26019 21782 26172 21501 29866 22735 6705 
6717 18969 11971 14349 17725 1294 4538 21070 4695 14330 21584 4183 32716 22586 28368 10573 28798 22721 6666 12136 14446 7851 6460 22464 32512 25250 21607 32503 21420 6016 30255 10230 2449 20167 15577 25917 15117 29173 21051 8657 17550 10778 17485 30269 14845 151 17194 9803 1424 18322 8447 4 19900 24739 28636 18730 14175 19088 4963 28453 11079 23600 27527 25463 17073 13125 31131 9177 6897 17840 31923 15216 11205 6757 2111 32315 18038 4744 907 3326 9612 3413 6838 16260 29581 31750 25357 22619 29722 5 1978 3908 31783 1668 25231 516 27642 21632 5129 22845 20271 21500 874 2568 26119 28264 31860 1185 24521 14578 9184 8401 23223 4097 25443 24978 2153 20046 14600 23922 25986 9670 21001 25752 28135 28535 32548 13906 857 17769 27034 29448 7845 11775 17598 4140 18694 9038 17628 9041 28354 11197 25312 17830 31065 9286 9646 8235 8599 28619 22048 303 3034 13166 9366 17129 23133 24253 31168 14236 22665 30487 11626 9383 28797 24677 7294 26863 27237 25500 2191 25430 11838 19576 30179 21616 16013 15353 21114 10114 5559 21276 26725 23209 24196 14738 17447 25995 15820 7213 16942 23982 14677 2187 2487 13751 11227 16456 16511 13983 6614 30200 11404 2081 10790 2382 23558 3367 22125 17048 29903 19934 8117 4647 14101 19545 27477 7162 11418 21701 18811 3153 27900 24076 23589 929 19384 24289 9382 11236 12411 26822 11792 31582 21151 24135 32048 30458 27899 25828 31810 6665 7984 13508 2042 25022 23308 28004 3426 27732 989 8147 8767 16181 10421 32019 15019 22774 16671 24477 12611 29690 18287 4431 21194 24678 22029 17902 2009 14078 26482 18702 3115 16990 7750 25329 28511 7530 25254 19491 25785 4191 4623 16547 2814 7819 21412 25794 25690 6529 6755 23377 31575 2587 14708 12455 3592 20693 6703 24779 
13696 5558 25655 13681 5465 5038 30758 16893 1294 9822 31295 7457 27689 18063 30032 11055 31941 23781 18338 22488 17134 31196 4903 14569 18125 26793 10753 19602 20684 15821 681 60 12735 24423 26511 29757 21705 31106 23343 26489 1194 18596 12489 9691 25903 13343 12460 5187 32719 14101 14665 10317 8294 23881 17734 11429 11997 17228 31223 22355 31305 16252 1985 16389 23522 7586 22201 1041 30242 18968 15995 21435 30947 26072 26747 18870 15333 30704 30557 17091 23332 15161 13907 18479 29904 5479 23267 23739 20074 9638 7221 1975 19530 13622 18195 16305 23066 28427 15471 2726 12328 5877 22218 7413 3947 22025 13477 2931 19863 23766 29391 30901 5362 24589 18197 17532 6954 2378 24971 618 26035 3323 2809 22953 26909 8341 14078 22459 7032 1525 18948 3996 16978 16990 30334 4930 3523 9970 29266 21693 10216 6024 20106 7332 3679 28374 16271 4725 8114 3470 17873 28151 479 5940 26806 24806 21471 5892 11269 11777 17820 10676 12243 8091 6594 16631 1416 5159 8312 29749 13525 27881 16139 31758 2655 10251 15163 15784 30801 23713 23329 23428 31729 5600 10625 4025 1504 24240 10917 31940 13596 29855 6573 29448 13819 10097 3169 3916 13617 9905 19620 2064 20261 24696 1645 9964 29583 19471 10989 15568 5471 29980 217 11455 29430 11983 936 9985 31510 29174 30000 7131 1463 11844 12506 18537 19549 22931 30359 12155 321 5926 32061 13805 2106 879 5970 31020 11626 23249 24972 24160 11402 21945 16642 32447 6687 20476 1829 22108 24221 18849 3378 32387 8296 19562 22292 28174 22792 2810 15899 21504 21546 5227 8109 6068 3828 29856 30443 28104 26081 32350 28327 24987 26265 27640 28065 13972 6120 21866 12757 17575 9582 7263 11245 12276 19278 28 18538 31702 5921 12827 5099 29670 18156 20821 27847 19937 32274 2389 
9141 3270 11872 2348 4960 4092 174 31116 32707 9362 13304 11083 25616 13744 1601 3767 32276 14716 14715 27298 31346 4619 16745 32243 15326 6525 8119 15331 6506 3845 25363 4703 16709 13638 12487 26298 23654 3166 21090 26242 17538 2719 25166 3528 5244 790 23973 23010 12834 31199 31932 732 23248 21145 27260 26104 9106 29539 9087 4021 12433 14036 784 22311 16916 4121 28478 27710 9627 11783 32340 2850 31683 31423 30754 6215 1782 7240 8109 22625 29331 30995 17640 236 13240 12124 21501 24535 23624 31253 12496 21201 30781 14600 10956 24928 29261 19759 20614 13258 27551 23675 6042 16812 10493 7843 13060 21684 12518 20134 5413 8827 22832 9034 25740 12905 17571 31583 31466 4592 260 23925 25542 22135 24244 1711 27220 16182 28693 32480 30402 23618 14310 12276 6513 4477 26216 4842 9018 10999 4409 21034 7859 22806 12533 11500 8903 5973 27608 23158 13861 22126 7081 15961 10383 29584 2123 2591 23199 181 7926 18308 11524 26506 819 13444 29936 13387 20628 17812 2830 4750 29423 32466 5307 14401 25799 2417 8978 20643 4546 16085 2587 25383 12629 16061 25371 4530 25995 31234 27375 22724 5656 27138 19361 7767 3519 9166 7062 25124 17257 8080 24177 9250 22927 9656 3152 3398 26170 5752 4544 16189 8396 1896 18772 7329 18196 30679 17796 5186 14531 13767 1147 32690 29218 4241 15475 4728 20169 11524 26100 1811 17138 15638 10264 22186 10325 15406 30927 10155 29083 13806 19300 6942 23297 12319 27947 1993 4803 26468 17617 1399 2983 9437 22952 21285 31093 20292 22004 18802 30673 21197 4842 4978 20058 1306 26834 19670 25349 24733 1988 2787 17715 23559 12360 12807 9917 16087 271 28783 19209 12982 27619 16606 27961 6568 32170 10451 2609 13940 11705 15934 18423 8070 23026 7990 9129 29424 23286 25219 
20478 26111 29204 10208 1604 23376 8447 12098 13920 19587 19666 8886 10297 25552 2489 31609 12430 3522 24040 4942 5521 21140 18047 12742 30542 6893 1962 7971 28906 15744 31347 2814 6306 16607 1642 3455 8860 13639 9542 11294 27996 17495 26698 28765 5593 17596 8519 25076 29214 23488 19567 24522 28035 20108 29449 6611 13837 22533 6965 14978 7942 523 27220 8830 1724 14778 21787 5829 32093 21647 23553 8767 22677 596 5218 11031 696 20643 15418 8478 15475 22250 10638 2833 7626 26671 29591 16235 31195 4189 16707 19543 11753 19103 18528 19161 26805 30796 10465 29187 22261 5616 22399 7868 5651 16896 2245 18526 4628 7155 5476 4789 2137 17115 11145 9156 478 25627 4763 20753 22208 28058 21156 5899 20593 1458 3089 1314 905 29025 26286 22409 25402 17434 31799 18645 25596 2018 17543 37 17533 16415 28671 26879 5658 31075 26871 20545 2322 6954 27535 26345 4100 24275 7805 10177 14345 3932 5148 23010 14990 1079 22241 17073 22304 10189 2679 5704 32302 19276 30894 14290 2491 13097 27364 20773 28976 4142 28882 11000 16668 10919 14748 13362 18469 19253 6226 15963 697 27925 914 27744 7441 26483 8086 18045 18670 31563 32659 27993 32223 21172 14306 8856 948 21075 21616 25318 971 21786 2853 10113 10304 8886 25493 25816 13334 5143 25298 10835 1974 13662 7185 17579 15540 28802 928 24106 15806 28610 7601 17013 5753 25950 27303 9105 20008 18354 5731 23017 10874 24508 25654 26530 26524 31541 21157 22294 9173 17653 5584 12820 1537 21009 5257 6410 7352 5831 8594 31229 32427 26722 13044 4092 13873 19897 2777 30876 28886 26178 10518 8370 15193 26385 25050 3923 17964 26373 24093 11706 14441 17472 1672 16132 26943 19216 31774 27438 11863 3223 4864 6945 6703 5969 17823 21285 20365 12084 18904 9453 
20115 30817 20223 4647 19012 23461 32495 969 23132 1578 8903 9379 13514 5631 20252 16796 313 15849 29986 22596 14845 12403 11516 14835 30474 13622 28678 14912 22760 14589 14930 26115 55 18848 29489 17251 23035 20709 23545 32724 10531 14100 27632 20141 3907 23053 17957 13894 26872 254 11194 368 21283 21366 14060 11986 8912 23761 23183 22737 29233 12788 1800 4122 23573 24801 26170 11529 11116 8235 30424 15596 17145 18590 6674 29582 10103 13106 31696 18183 28378 16117 22247 17875 16467 30491 16020 14367 13805 21277 2366 29519 6537 30488 29653 20757 8704 2679 27615 7619 2410 7138 17577 10467 3544 19146 31826 32679 12167 15017 4392 30383 31101 30492 15579 15232 12286 8210 16235 23617 8823 20303 28505 16161 19653 15786 15124 4204 26310 4676 5704 12983 27030 32024 13351 15725 5766 17494 18954 32016 3060 26746 31569 3258 12800 29091 14124 27547 22907 1330 21013 6476 21744 31606 30075 3724 26858 17886 19403 3514 7516 5901 24892 18183 26047 17013 15111 24860 69 7322 20924 13936 32564 346 7485 27429 7018 26894 21863 30309 23667 19790 3020 9540 16875 17671 29680 22495 31304 24426 6846 9536 18816 23912 675 18991 9981 27822 619 21467 25958 14554 26479 23319 9305 24705 17910 30590 24169 14277 3655 28188 14901 23079 26418 20077 21997 5701 28773 18772 27498 6364 26274 10057 30726 32476 17020 21235 12601 22188 15742 12443 1955 16053 8720 15622 11471 7852 6786 16674 24117 6826 30004 26920 25521 3030 31934 15798 29708 2375 19631 5790 594 9336 13489 26113 6925 24420 14205 31577 29365 27048 5409 5773 12165 14419 9239 23022 19211 23275 1368 19996 12737 30430 29945 227 5282 6628 22375 15770 6371 15134 3611 29052 22705 22648 4445 21829 7363 3232 10126 17082 16245 17420 879 14328 8247 7719 24108 20677 
27198 31102 4303 4527 16192 10775 18117 25470 22784 2129 10914 15213 3995 18879 14837 28879 21946 17195 22002 13272 9997 29873 22194 29761 31981 1069 208 16152 14214 22038 19217 10914 28026 6941 8200 29659 23124 19388 22298 4033 25705 22621 1025 25254 5824 14782 1637 18556 12704 30125 21237 13221 13872 8323 4879 5782 25159 10171 24259 12101 14092 3692 3727 20253 30404 23473 5740 27330 26090 6532 24283 17306 29183 3136 3801 13336 10282 23151 16523 19117 20087 4238 3714 20180 17528 6639 23009 32010 11555 30037 25781 4658 22127 10757 7891 12246 26101 5771 28328 18699 17095 9997 211 26538 26764 30751 1432 532 7840 22828 7501 32668 28781 25553 30778 3130 24627 31591 20362 24910 25896 1754 25347 25448 32447 8121 20885 5122 3508 6712 25748 14932 294 24734 1392 22730 9114 29459 30981 15835 15945 23364 19710 26594 28251 3406 32054 15577 22312 18032 25770 29747 26734 2395 23789 27566 22957 23192 18926 15589 28407 3914 1372 13757 32399 6273 24657 20226 24271 19398 14586 12569 23735 25746 6602 15575 2004 17958 28394 32277 23978 26385 774 17568 1590 19721 5477 17979 30721 28887 24894 863 16807 19245 29396 19997 9711 9240 26095 27825 23562 1059 3044 6303 30480 17768 7209 26336 8480 5193 19562 10000 9607 21556 6820 10530 13621 2426 25460 6150 23976 215 20489 8003 28959 15254 3172 5847 10708 3428 3580 13628 15362 12130 14511 10625 26753 1375 2548 12544 28945 5287 6214 2948 8124 5503 11660 1218 2644 24934 20427 28961 2675 7 3788 24930 15564 5590 12202 27327 32233 4907 30622 11890 28101 12237 21941 2348 26307 26856 26990 4719 7413 30848 531 16326 11058 5170 8123 28444 13208 5390 28009 7229 7109 24166 18425 17356 10869 8058 619 1498 32621 17285 9866 6669 29803 25628 29747 27206 
25799 1652 12085 9383 24431 13073 16178 3097 1257 32692 21271 29030 22271 4254 14387 19312 28187 24883 17974 8366 25472 27475 7577 1356 8808 30063 24594 18496 21131 3511 17450 19328 21635 3027 13009 8514 27451 17614 29230 28071 15275 13160 17853 21364 28887 17200 15024 6333 17001 30083 17082 8275 1817 5547 25306 11252 15209 27635 11894 28145 30507 26223 32290 12349 25706 13684 18790 28057 19260 3312 11563 26942 23872 25526 16668 17677 14686 12161 23684 11154 1814 28662 19750 11085 8122 5240 26714 31417 16593 14341 30050 20984 2028 23498 17760 1626 18471 24897 8270 3337 20528 31046 1491 20585 6337 31386 10797 11534 23013 32580 20513 5765 21402 1448 3037 22357 29732 2977 25778 6099 31621 26137 18740 10512 9815 28191 21367 9249 12099 28477 8297 11492 17093 3750 31093 5478 24312 27981 776 565 25131 86 12975 22262 28085 5191 8202 20577 31964 9335 22419 18915 24336 32725 18739 5078 24461 31040 19352 29987 5310 19630 18629 18451 29713 13044 16193 24769 28573 13448 23869 25823 19594 3491 1843 32533 15046 8452 22641 14165 10754 11363 30634 27081 32112 9002 16957 20669 13525 6221 24803 12585 24771 16331 5519 886 27580 694 10215 20170 21357 3232 3676 23810 18485 21028 29752 16424 29525 2766 5663 8804 20356 30849 25248 1417 259 18890 689 2851 31668 31052 9914 10720 19930 16095 5743 17335 12787 6119 30041 7335 8696 23837 7544 26144 10504 23943 27994 15671 21894 31533 1958 15428 850 24160 12406 7341 18876 18400 26755 16288 31336 17505 7657 11399 4335 10988 25806 27280 21851 8456 32309 23049 15553 12894 24691 21466 28774 2948 5843 23144 18003 17667 9516 21473 31111 9214 23382 28543 7402 540 31019 13109 24846 8898 27757 6411 4684 23095 22151 22020 27562 644 9835 19723 73 9370 25488 28484 
2204 30734 12885 21771 26277 26646 30827 20986 18649 15127 8940 18549 30331 15695 18152 17888 24170 301 10258 19369 13 18071 3582 25858 28126 16444 31389 27639 19945 605 32430 12215 28088 6264 26895 3486 7896 7901 18480 10950 4392 19171 1667 7897 9297 24618 11262 13806 21650 28858 8613 21496 27662 23693 14406 8385 24842 32747 21781 28522 14852 12034 14323 3477 19427 31726 25112 28971 15580 17747 23871 2431 26085 26482 17859 10152 21554 12048 3282 19877 5572 24306 17826 3021 21581 3027 23005 30426 3031 12512 23827 7275 17419 9473 31755 3377 16260 10773 32267 17512 31627 15508 28290 21669 23844 18615 19854 18222 13293 25307 15991 1222 16544 18476 29569 24216 15613 25155 21850 6324 31664 2541 15119 26231 23245 28876 19873 3522 23884 20971 1714 30058 18764 17846 27628 18279 5503 23696 17749 2029 18377 18480 9452 27859 25813 28098 29647 23591 8872 1492 13176 35 2795 23616 19332 31565 11308 21727 8328 549 4191 18012 21028 24368 65 14478 30394 17851 13768 26350 6400 4095 28448 25367 24076 29923 5639 22642 9205 18569 28510 1134 7602 14585 10366 115 15073 32647 20514 18157 10469 5588 21233 27918 14011 10647 22427 16907 29422 31140 6464 15948 17863 4524 15146 7849 11145 374 4604 22355 17241 434 5268 24118 11453 20833 26115 3191 17510 20091 9390 9061 9451 25495 7691 11260 25232 21597 13020 17615 32601 16306 17611 26028 5752 19031 3695 7899 7482 28586 32087 809 22163 11199 12876 8944 18854 25931 12267 27377 28684 24234 23570 27845 26775 29402 16710 9331 14857 15984 28965 3882 22964 18870 8042 11595 19931 557 25695 211 28696 22006 29904 28579 14712 4214 7905 921 14048 323 18608 31138 8071 5596 19677 34 15996 31004 13247 12436 27645 7442 30134 22712 5941 1451 18859 1877 15476 15494 
1403 8960 30451 23539 12776 1666 95 3511 1413 1586 7135 9694 31917 19198 19615 251 21558 16798 23880 6748 20611 13853 14776 8932 24022 8627 681 22055 17140 9928 29377 19875 19240 12056 29989 18251 12105 4798 23256 20871 19455 28978 5658 4906 24228 8223 6373 2873 4013 31436 29799 14916 16011 17232 8636 19849 17884 13212 23873 18999 4596 30245 8783 29441 3065 17558 28071 12571 23419 18213 24836 25613 6495 18338 17434 6933 3082 1226 30328 22241 14856 13299 5364 20972 19776 23878 16021 30967 6761 26074 20666 23540 26961 21412 28701 28140 27321 23838 12612 13612 28596 23227 27008 8954 13199 20430 4968 16972 20186 26285 9290 14252 14383 14271 32000 1878 24702 19222 21474 24644 2137 20389 9866 13055 17494 4003 23671 13285 15204 17215 29470 19953 26170 30879 28248 5594 9012 14210 19939 32620 24563 29895 22955 21734 16609 32600 10686 29170 23223 20917 11534 27317 1625 17251 24685 6400 451 22269 4877 5890 29827 17485 25455 2949 12173 6267 28309 3269 17319 25565 18922 27257 6771 6898 22222 20906 15011 25341 9623 18160 30117 14552 10799 27037 14387 12355 30365 22521 9420 21 25667 7412 20099 2198 28858 9473 23583 25566 26801 28267 21469 69 24098 276 7358 22235 25248 11521 6483 29980 32524 14216 16725 24142 24651 6683 26920 25102 31376 21348 1445 32162 30459 12626 15796 19186 31264 13779 4855 17604 16098 16704 3646 11316 28128 2430 14836 6822 18044 12795 16091 11411 22738 27028 5152 15610 17803 10360 15152 5555 26701 14575 12496 25477 12661 11897 4222 32136 3122 5309 6948 10921 9752 18987 10005 464 17968 31880 16915 23996 14310 11453 27054 27145 27201 13621 21469 5554 2327 29186 30847 5363 21603 28530 2581 8946 10562 19175 32213 2133 30488 7312 6423 7074 22758 31074 27470 8118 30336 4081 
22528 7563 28959 19088 14880 19292 10174 23440 27264 12946 21761 15182 16307 2467 21990 1855 20083 22887 21310 23182 19624 21918 531 9822 30846 25189 4388 9907 7862 1926 25331 7141 14016 9530 7238 16421 19452 4626 28614 13139 22306 18956 20630 27864 31073 9734 12455 1692 31028 14534 13786 8877 14525 7645 13080 8779 4648 10199 4680 10603 2075 16042 549 31750 9269 16783 19760 25004 8656 5807 32437 28799 19641 24326 9496 22163 7384 10511 19185 12046 27959 2072 16014 28277 3830 7087 17403 6099 13065 17629 21119 32493 6346 4355 5948 13849 957 15628 23611 31864 2585 13872 8350 20323 2668 19440 18400 16778 4485 5040 27379 6180 4337 27168 6304 9075 19716 7879 16746 12136 16439 27101 611 26206 15307 1528 5835 11370 22778 926 11074 2432 29589 10696 8676 11186 10962 1220 9179 3942 11774 22845 23203 18710 991 15228 12705 25186 7409 4807 20457 911 24333 24969 15794 31347 22481 5590 29345 12887 15705 31368 12432 2956 28800 16247 32750 27752 7780 1313 13096 7395 13898 18975 15485 2039 15708 20297 11197 16469 6315 10344 25237 19869 32651 10561 20958 6917 22593 10965 24508 18127 8329 31332 31262 10008 10325 12263 23503 24920 16958 26905 24123 17825 27011 11035 20218 9583 24370 15140 9985 12348 32141 2885 7708 9360 1610 30847 16895 19257 439 7287 12661 28088 32281 2066 27313 9507 26826 17557 8284 32273 8551 11956 10018 2378 11662 22086 10115 26162 3937 13313 1752 16527 8626 22476 17292 6892 29580 8248 1256 30815 3352 24835 30289 2955 17508 17694 30489 9427 99 15183 20309 6322 14113 583 11918 25223 11271 18343 22094 25574 1902 9779 11228 13345 31846 25288 11217 18371 16921 1568 16001 11358 32602 15195 24592 23876 26305 5971 25999 20472 4807 3268 5700 29585 4149 15782 23255 29426 
29094 29065 22993 9578 17348 23397 11592 27807 257 20965 3016 10096 904 13969 31187 4236 11225 4521 28223 27238 4411 16896 1395 6193 11573 23926 20042 19565 31846 11163 11176 32744 17467 754 19120 4683 16302 20330 27364 25677 25450 27250 13936 29312 1120 19742 6059 30095 23556 16332 29473 21905 4017 26601 15933 1300 14317 28525 26024 15635 31385 18799 18513 12014 19235 19917 32386 18907 7386 11230 356 971 8653 29702 10340 23894 9723 10894 19966 14374 14699 15171 9551 2345 24444 20610 4116 24814 4087 11596 26001 19071 23380 14882 2078 25870 21820 31701 26066 6648 8091 3645 26739 6788 8958 10710 7659 7741 10715 31005 18542 13341 2545 19372 17366 20953 26046 27400 7136 12165 10161 29316 17984 14738 12063 2021 29761 4680 9531 31203 27830 11144 17441 28607 32049 15120 19709 20722 30921 24834 15153 3994 30375 25981 20516 8512 8662 15358 11543 7328 7527 1038 22794 7943 8449 2392 10257 11218 5221 3688 22134 22740 24208 7875 23306 19046 10711 8061 12087 5849 21160 23987 6687 8683 32634 26240 29975 22838 12159 30178 32739 17859 20464 16938 31457 24829 6594 3194 12092 20620 25443 25923 15100 28320 9253 32423 11802 17222 27874 16201 7749 22333 18836 5134 23440 23592 20836 25476 7522 17692 3701 6662 30865 85 17174 31830 11583 32523 22654 3394 27141 383 27023 2259 1339 30923 27157 1165 23662 30651 13600 4120 28583 22328 24969 25900 470 8188 27018 16354 14788 18122 22018 5916 17912 3799 2814 22639 25436 23754 1858 10122 27635 26202 26996 1551 26354 9873 28643 11751 8742 32692 11700 24534 3637 3186 24887 14940 19079 26055 22316 15639 15478 20818 7549 7790 11082 7404 19275 10213 22680 32105 13813 30381 21375 5575 22538 12722 7395 1974 23941 24173 25509 16135 15828 21003 3922 32323 21960 14199 
32181 20406 6738 6541 25595 11618 14809 12818 26191 27878 16586 6458 7897 10049 30331 4413 21730 1423 12091 32633 11468 24141 15201 2911 32475 4397 8064 6204 24604 28323 22531 2827 30131 6979 31222 15201 29472 23173 14387 25743 931 12956 12308 13322 22212 503 26725 22355 5026 26804 16432 16876 5706 11769 2489 20085 16481 20525 15412 4528 31891 3433 2407 31147 29309 4162 19142 21710 14455 20570 2606 20263 8843 27546 5775 7175 11748 28275 18856 22362 23526 21087 23787 9474 25486 20632 18642 27002 21362 20281 2838 29490 8723 9362 30803 32688 9237 17477 9760 12714 13276 19146 21547 7568 26963 28932 21121 23399 29730 8704 28677 26430 18837 26805 8602 25613 26389 10283 14909 5380 11005 18737 24810 7709 7380 11476 19372 25229 24158 8126 5797 31189 7870 16375 3431 12408 18243 3077 23323 17633 24963 20504 14418 4973 16064 10930 11141 7587 20511 23773 24596 1904 12302 21946 19571 12404 24415 6156 5752 25777 5718 17745 15730 24302 26791 12398 29671 20993 11596 24972 4951 30630 17576 706 9408 9733 24460 22288 6597 6690 13696 28316 28429 22952 23562 8959 3183 29802 7588 10297 14945 2072 14812 23313 3015 12069 28523 2707 26145 25879 8302 6805 8199 10276 14491 9708 20776 27486 25132 24557 18566 16814 29056 2167 27151 8109 24732 9930 30655 13100 13313 10202 2542 2654 16792 6565 32315 6612 229 26328 17880 4194 2124 10243 29417 17888 15864 3141 2318 1351 15191 15873 7677 12752 31723 32274 29134 18939 30175 23219 11345 2300 18343 20118 13308 19447 11024 26154 15458 11921 2261 3682 10009 1806 32427 10487 21910 3042 19209 2093 17242 7739 6490 690 5745 14727 24039 9647 24971 10925 12590 528 23427 530 20789 7025 23841 8537 11200 24224 8920 18772 7169 5974 10324 23421 120 16519 4679 6666 
1438 5440 2308 364 13636 12754 617 30262 12049 31435 14664 19622 25595 21013 9445 21710 26457 5917 31786 1257 25940 6403 21781 31233 575 21699 4749 21194 18656 21247 22262 12875 19303 7636 10524 15333 26992 16763 29370 10838 2183 32671 28870 20389 30564 10218 30342 29762 3460 20089 2978 7809 9916 6210 18679 25204 7149 19010 30879 31784 31484 14068 7152 467 15740 14126 15688 29052 28907 3495 28304 13488 26356 24967 14272 19650 11811 4581 14083 20907 205 407 17164 27075 2281 16608 29392 16646 21806 26820 31620 7293 1220 18973 13551 23445 9887 21345 19640 30682 15782 26187 6361 7341 16373 29979 19089 6611 23430 27750 12431 21902 13553 9454 15806 12802 8638 25032 1008 4202 10074 28408 18526 23457 1328 32655 25609 6274 12583 25954 23152 30746 19420 19120 25730 18236 22307 26414 23188 17094 8748 11501 16297 2800 5751 31069 23392 28514 12021 1478 11918 11854 18788 13083 2647 17241 10389 20063 669 16265 12264 26303 18058 32379 25673 5178 21131 6774 16788 7652 18643 1643 30979 2195 2804 27713 29285 8646 4952 31075 27396 19256 20515 5804 7140 2812 7221 2671 22806 28832 6137 29029 32699 30514 9934 16905 2632 11299 14200 10256 26937 23306 7733 25373 27708 23998 15097 26501 14401 30141 2138 13407 13315 23834 31881 27990 30189 23930 6382 1368 24504 2425 16160 3837 26530 13667 18126 21940 31158 14146 8025 8101 4982 32310 26152 20452 6207 14746 4523 25956 2907 27473 17103 14509 19038 11819 29482 8734 24922 7348 2495 23134 13733 8331 24011 10662 26071 13391 23885 27243 27100 19518 11769 30440 32470 17370 12542 17946 24024 29503 26774 8039 2341 22332 43 5544 12603 19305 31291 26201 12369 14818 6559 25770 11991 1107 31529 8025 2915 6120 15850 9918 24707 32067 26781 16672 10842 30200 18200 16919 
26031 2056 18459 14427 1343 28334 18040 17578 24092 1083 7364 15379 15741 16720 16503 13857 1819 6225 3074 14495 5884 15519 16486 14702 7490 30299 4634 20433 809 25624 17115 29024 14176 30488 28823 16684 17025 7944 16824 23160 32433 32654 29998 459 15385 808 21133 28920 28194 25267 30207 5634 16428 26910 10092 28607 22881 17419 11328 14726 17458 17908 22817 26406 13586 31377 17575 26600 30392 12569 29069 9951 12877 7486 22806 16559 1772 11563 8984 18035 19645 27189 4922 27254 18692 4869 11132 19481 3311 13872 20674 16091 32001 29090 22137 6405 4222 7286 17097 32096 3753 1353 16787 5913 16593 7300 16570 30281 15664 7897 6391 24816 11869 7767 25011 13110 16188 3374 24005 22959 20112 7093 7920 10161 1727 23924 15547 16626 14347 14706 17737 2350 13718 7162 6649 21635 5172 15234 13424 5615 14163 17506 714 10912 32713 25701 19279 5815 22418 32050 10577 10015 8192 30962 11740 31601 29801 30779 12455 14705 10633 14873 1304 23180 10803 16298 26171 24437 2174 15570 26434 24250 26043 6796 28143 19255 30367 26497 6550 7129 29716 6042 1304 12523 25940 29302 21901 28544 11521 30056 31271 16434 31010 27662 27539 10115 7082 20053 6030 17874 7518 2121 12337 15498 21649 30940 10755 2645 5994 10121 7723 17894 30454 27419 21702 10276 18432 4074 6278 22102 18584 27894 15596 5073 19403 31184 3402 21988 26177 22783 19338 883 13142 14148 32412 8900 28901 7079 19540 15185 3107 21409 21955 3498 4436 19141 7980 10282 19190 21627 25204 15126 20932 7436 4029 28449 30840 13669 29925 3975 6175 4106 14764 31534 524 15228 4076 2652 636 12141 18677 25319 17382 15718 5899 26754 16269 28786 14867 1204 20185 25661 19201 23864 4918 15702 928 10548 10784 24729 23868 20202 20325 22150 22694 28403 21484 7544 4818 32078 
17365 2691 31768 26312 32482 14333 7400 17379 8996 11407 6142 13091 11709 28059 27347 64 8785 21529 17581 16355 15373 27278 30972 23942 12280 17891 21372 19629 5753 199 7043 29577 346 26578 4707 25405 27466 28732 17374 12746 3138 31659 9741 10536 28979 6108 12467 18144 32739 15084 5052 8841 7227 20730 17882 12496 10555 14964 11622 8257 21263 18052 11533 4081 32469 12708 29630 16307 10684 7907 7232 668 21543 25772 22856 19926 31490 17794 25665 10551 25364 8653 12516 22105 13355 17403 22590 1530 15369 27680 23451 13381 11454 21302 2805 20456 24398 14601 9074 5709 7549 15899 18249 29909 23155 30770 20699 29951 6381 9605 26655 387 27716 15310 3709 17946 5583 11432 23435 29643 16526 1035 21770 4203 17832 14770 25864 30312 4044 24963 21664 10186 30580 1949 9923 18838 5869 29813 7346 18739 4577 24398 20809 1123 22022 234 9996 31644 20287 20638 9099 6734 16301 11374 29186 14141 2930 25678 32095 12000 9049 13452 6909 9962 19997 29998 29314 25185 6910 19142 32109 7623 16356 25999 5008 21431 31855 18428 2656 20278 27246 25529 32641 11176 29644 27292 30001 971 24088 32618 22472 17587 8120 25062 5340 15745 27426 27463 22793 6713 2798 18107 27608 3725 24947 28698 19245 193 17338 25396 18434 2979 15144 29163 7923 32554 13090 21502 29851 3192 19396 10142 3059 28549 5193 10459 22143 11919 28748 22315 25391 26059 30158 32354 4724 2573 19041 28591 28878 19556 16484 19188 22464 30668 8643 32688 29333 4544 10564 10441 32611 12250 26799 1375 1209 20548 31010 16493 373 25773 1910 26402 24397 12367 12320 16406 13946 17082 31291 21511 30628 12363 24816 25931 15760 20743 22106 8493 19804 29302 21397 23561 7224 32716 24487 20440 21505 2296 14538 16693 27371 29974 11850 25702 27613 16585 15172 5351 31577 929 
1787 7561 20378 6785 23085 21080 2943 10494 1804 32560 28292 26118 24214 12679 17249 1672 26818 21426 6466 16909 25360 24232 32232 28400 10032 61 23863 21484 10517 27537 18127 29706 11689 6989 17884 26407 18923 1116 25681 3012 21270 31795 3890 8247 16972 16308 3705 27594 13935 20402 16075 31120 15598 28120 28968 1894 11703 3908 17567 26730 5444 1527 7788 18584 12931 1171 8999 30371 12729 22460 22906 10037 21534 5185 12033 17378 15942 11705 859 32610 30951 15846 308 1486 2954 22396 6233 2220 5742 27808 4503 3041 29235 21013 32234 18267 17928 9315 27462 31833 15405 15615 12246 4861 2876 31736 8208 19967 8969 23415 18206 11857 431 9869 7419 20644 19993 16127 4494 21352 30030 27471 19477 31860 10480 14377 7807 27758 5974 5528 10259 17682 18429 5966 10165 19200 12994 9156 231 6567 27888 6742 9213 25571 15454 27892 30378 6494 30997 25836 18674 22556 7693 21445 32311 15203 2995 6474 19199 19048 24190 4486 23857 16019 10535 802 29160 5296 5280 686 23747 12721 21627 2508 18902 7100 24387 22594 11977 26775 12937 16256 18038 21379 5344 19054 28613 17101 13828 27382 31321 673 9895 20878 7284 20670 28826 2851 13749 30937 23301 16125 14252 3166 23992 27647 28872 29880 10473 15985 32007 23340 1274 6013 22218 29010 26873 16591 27330 11583 16139 26121 21612 26141 25038 11893 12093 351 15654 7098 4455 22826 28884 18192 27060 23604 27719 20687 26458 24786 13358 613 30623 9768 26980 13313 16679 27450 26388 15621 5660 28851 11791 8556 28519 18515 7382 10900 14926 15119 2400 27576 10441 28597 24529 16345 15209 7607 25179 20133 6294 22227 10558 31569 23414 5898 27924 28722 14235 1856 7154 23357 9194 1202 9280 18291 27203 25165 880 28461 10417 4628 12843 28898 5862 14521 11402 7743 1346 10753 
21573 15997 3502 14499 13923 436 30965 3403 28661 3268 24707 9865 12460 24777 29524 20483 19192 25726 9134 19566 17622 4336 31051 26516 23015 1385 10940 13314 9140 11994 13627 9889 28377 32115 26528 14085 19288 17503 5910 14571 29464 3939 13344 27632 32163 11912 13132 24891 6695 13204 1467 18287 25198 13472 12274 19873 11907 6409 11132 8003 28893 905 14589 12617 26116 32321 22057 15004 12135 23975 15210 11240 22690 2163 20636 22927 19527 5092 28877 8267 9161 699 8730 15903 2981 821 1638 31473 16734 7321 17812 31513 30324 15408 14692 27212 14271 17918 5092 6003 12060 29968 5838 14165 29675 14213 5005 4467 23891 16076 25883 5783 21374 11584 34 323 12418 12101 20050 21636 26551 3807 5118 12348 3732 2573 24194 31605 12609 4162 11867 29676 8382 18971 400 26963 32135 11403 13655 21481 8897 26736 13992 3194 6966 22650 16653 4849 30662 3411 10653 10809 14168 9851 20525 11570 30307 26337 16699 29104 7699 5081 32709 4876 4797 26135 22594 25304 23424 12731 17306 29815 22071 5922 31172 31027 16104 18474 13890 30488 9322 6118 2832 21407 7945 26627 23558 21816 6367 17941 14301 30758 13829 17092 17657 4227 20726 19622 20378 25161 19291 17550 24191 21264 24507 10118 25488 24071 6093 28433 20540 11377 13872 2685 7791 24535 10893 18244 1281 1521 16692 3978 15865 7434 5224 12739 31957 13698 20288 9639 26488 29404 17458 18190 12573 12729 17870 1418 21822 22017 972 5979 26766 25446 7082 7391 17383 18465 13262 23125 8607 19011 16854 22225 4751 7983 24621 10771 5149 27464 18702 11035 32512 23086 21391 981 20524 23485 19072 6225 2510 14840 2201 17510 16779 3167 9022 18142 12529 20275 19998 7652 26034 5827 20742 8309 19376 21853 31664 1484 17397 24984 20571 24566 18333 24931 1614 1493 18898 31443 
7117 23063 26992 25706 15085 10633 31017 21184 7966 19028 19631 11656 9035 8189 30003 27136 11841 6228 4206 18442 9417 30648 23911 16384 19723 21166 7258 722 25536 3448 15619 8621 4342 3881 14815 31314 2860 7558 9439 16761 8525 6984 26171 15564 6642 17689 16618 13528 7198 29415 28522 28900 29048 4628 22314 26821 16958 12975 7170 18926 15645 17225 23789 22685 29529 18976 5735 20066 10486 31505 8711 21780 26052 30858 21706 21538 7372 11956 32229 1631 22530 24904 905 2928 26630 1130 29776 16986 25620 17380 25247 31621 13433 27487 3067 30584 1114 17662 30461 6454 18448 21165 17902 16457 14495 16639 31021 6120 15283 6674 2419 16930 12893 7376 28537 24151 32249 24326 316 29400 5308 22813 30495 21312 2369 19968 14239 17368 25585 26198 11788 11755 23509 30313 22008 18174 1495 12388 4801 31248 30043 25873 22071 23770 3084 8198 28686 19456 20943 25158 5899 26626 9117 15859 7337 18679 20362 11495 13927 32699 23565 32750 23541 28329 9385 5069 12233 19137 17311 25191 9781 26529 10405 14155 18445 7947 20652 32605 19730 16697 15184 25418 30449 10191 5018 736 21979 16306 23862 16349 28411 20119 21001 1459 11817 2032 30269 12344 23644 9984 10918 20309 19451 25067 5168 14744 1268 15512 22234 20190 16579 17366 11822 10900 14358 20987 8355 6472 13982 854 2068 22323 13759 11546 56 16214 25441 19637 18284 9057 5846 15888 21748 25319 607 16098 6072 20403 12549 19478 5269 8024 14368 24931 29543 3958 11666 23601 28441 15633 5110 25551 6934 13950 16021 13237 22387 13395 9127 32693 2433 36 11262 3282 24026 1820 25177 31536 2302 4774 12412 3600 6448 26067 13624 31236 30275 9101 11657 18459 622 1152 19679 3784 20564 2071 18803 22073 1991 16419 7083 10340 499 29755 4892 23682 1131 17324 28428 6374 
9550 31781 25400 15470 3137 20627 18032 8955 21717 2428 29555 3579 25562 24591 31343 10101 22580 14575 10387 1003 20536 16765 14747 6869 22975 16460 15283 21583 8540 13179 23633 14981 11520 8188 6466 14447 27840 9524 30712 26768 12691 8668 32656 3714 15722 12773 9713 29334 5779 27554 26593 28890 19753 29749 29874 15338 26692 9793 11537 27954 12422 23354 21508 27694 19434 3529 32518 30962 8650 20226 20683 13399 17756 17958 26920 4766 4543 27153 13767 2890 29979 20504 955 6566 28612 31053 22808 15010 17293 2191 7944 4250 32464 5715 25107 12316 25610 1313 10185 19763 26402 32518 1573 26735 23071 18750 1260 20299 23963 4806 25631 29796 6337 4795 3555 30361 24161 23497 29727 7440 13380 2775 23269 2790 270 10542 14536 11003 21314 18614 32499 22778 5835 23858 18649 15354 30659 32270 26469 18488 28616 13443 7821 19403 11854 4268 8302 32423 5334 10465 9064 13069 8212 1041 654 25119 11958 20912 7518 7065 17926 30801 18283 25312 22150 12677 21945 15503 15770 1252 14988 6490 1947 487 19482 23662 15553 24020 18463 27023 19552 8002 32703 23379 21263 12395 15870 984 32250 1738 8260 11357 26754 18401 13790 11714 8511 29301 2920 13265 21059 13859 25744 10681 4639 17125 3711 24925 10050 11079 2414 17003 24508 7436 31696 26892 20846 14290 24964 25204 26602 16263 24675 5637 21833 21181 23266 10233 23930 2661 4827 29713 25982 4318 16870 11998 17151 21096 29298 22739 45 10369 27384 16309 15841 3952 14800 3085 9198 23379 4950 14755 6210 13953 803 31427 27898 30093 32039 13501 23641 8453 12366 31530 11128 689 14030 30998 1265 7282 30421 8100 1704 440 7978 3357 8006 12615 7160 28553 30119 29360 1784 31850 21720 24280 10860 934 6949 20703 31379 18489 4296 30039 4168 7779 7576 21076 24904 31951 
201 6821 15813 3272 17657 4920 1691 21569 3202 16223 17945 18692 30277 17949 26509 7674 2428 31011 5193 1231 25764 12895 25978 21627 8667 25779 30965 15109 26312 2877 16620 2329 7457 17706 1962 5556 27589 10930 10762 1574 13280 5119 20210 28372 16417 19725 26363 12729 10460 67 18232 13433 13513 3568 27276 15902 17466 18187 31632 10061 26687 24703 22789 31854 18666 17431 6389 23827 23273 9502 20166 17335 436 21288 15625 19379 5333 35 26408 29595 9455 2369 24799 9489 17604 8714 17906 3711 15091 3205 12343 24141 11198 4255 19021 21904 14964 25577 27180 16994 25733 18989 6656 19987 13213 23676 21777 192 29429 30914 31512 16246 4080 29260 2512 22615 1142 24203 15387 5074 27400 29668 32550 25057 3897 13665 18705 23975 4981 31826 7419 22809 24487 18099 28805 29763 23693 22812 30573 12868 13746 31675 21998 7314 29756 29069 25354 32096 24539 9237 3947 8441 9283 4110 3021 21442 19563 2552 23688 12479 26413 6832 31828 7167 7811 16494 4122 24694 3310 25611 15249 23542 3536 11148 501 3376 10556 30656 21758 20534 15277 15838 15651 22531 22591 10577 17548 20502 32480 23873 28468 8096 28570 27909 5877 31662 12701 26673 26969 24987 6510 9465 17779 14274 10521 32530 12364 17721 8233 17041 12202 32723 30080 22298 6955 26918 13619 24745 31392 4445 16262 18653 14759 6221 30312 13433 7975 32035 21000 20459 31259 28541 5865 28837 6124 5871 12051 27978 9084 14641 4450 24905 11595 6874 14341 14496 30450 20429 15961 25816 22457 25231 5437 6234 16468 27843 571 28636 12445 28679 512 26139 16777 15864 8899 27908 10026 23585 21967 24175 13561 21490 7882 6794 18894 4674 30168 6548 5634 27617 14402 13580 26931 2609 23552 21454 12041 8426 12802 2126 26509 29029 15485 22347 8094 32296 8915 13994 15797 15395 
29585 24381 26869 28665 11446 1404 10211 8627 5258 21781 11134 19707 15878 3666 21160 17105 6328 8451 30750 14475 4469 27541 25296 12662 5902 22844 16509 1125 1892 731 9688 12093 22848 29947 10404 20115 31319 19627 31961 25917 2503 30871 8117 24488 16539 12027 25608 638 14778 15712 30782 13049 18012 10391 27799 92 5649 24314 24876 22663 19197 29953 14934 29245 5183 3435 19348 7290 9180 13243 17982 28718 31674 2705 23489 30811 14154 14138 29235 12208 13497 29779 17439 12083 31784 12303 6065 9574 5375 10673 21039 23178 15058 4233 24570 26853 22225 22321 5177 28716 5179 9003 26496 24308 30772 12894 16252 5309 26635 9710 6324 1082 25755 12204 1937 31177 3643 29815 14716 8735 29581 11896 26273 26603 13738 19844 10999 26165 28987 15438 21266 15089 21181 23666 28047 798 13763 3935 16520 1680 23081 17462 28180 28649 25465 26308 22416 31335 9791 24668 28395 16194 14691 5323 6358 3207 15275 23922 29894 28908 17353 27022 2923 20888 9401 4577 6403 14553 9168 7924 29000 16907 31109 28505 32677 30490 27770 20422 8932 24985 14747 24388 23183 27040 15648 1958 29561 19910 7240 17931 12271 31903 493 3708 1080 24220 24839 494 31731 22676 9424 854 29325 23223 21908 5094 32149 2559 19129 460 21767 27728 14673 9511 27068 22025 11942 31847 5049 18303 4718 20680 6697 6772 7760 28504 12737 24769 2690 9395 1715 17657 7640 19901 25919 31196 18124 6329 30254 16872 14590 18185 13626 13060 32454 6579 8725 24559 15050 24785 10787 6619 16981 328 3555 15529 704 22612 28006 28297 974 16081 24267 5252 24973 21560 2611 26268 31109 1680 1929 8102 1878 30818 5095 25746 32752 28704 3425 28424 28520 3958 20940 16241 18257 26872 19717 4073 16355 13412 1282 7582 2815 12661 2266 17342 6732 9683 15655 17894 
28370 4738 7349 20116 28728 468 11797 30614 30307 26502 9013 81 25569 14725 5090 31953 13027 7595 4743 20139 2229 23260 4636 7412 1827 16904 5523 20487 8916 17902 29646 5305 23397 5901 28346 11797 5512 22420 16837 30999 22820 32509 10097 4109 27217 7578 16170 23310 14712 14123 21693 28418 4783 25045 606 27463 19537 30654 32290 27593 2574 22070 2155 26927 24561 10676 8317 18761 11419 290 30935 3224 321 7853 13613 11110 24851 32128 2111 32477 7927 5579 30972 2156 3815 25480 5502 29303 12602 3160 29527 17499 29891 26596 13665 27134 27305 17940 28125 11725 12220 10643 20776 21192 19374 12886 15872 13151 21880 6774 823 7765 750 4380 27158 21710 27075 19314 682 10740 30367 24563 25294 18236 16867 17732 18146 2625 23894 31963 28041 27796 27609 32465 24135 7938 11471 722 15584 26506 1650 19313 28503 11959 4847 3756 3920 27849 1538 3924 4927 3024 23033 4250 31981 27017 11817 6044 29626 12087 9995 5858 16304 18751 10439 5481 23421 21129 19523 11594 25010 31029 2437 7756 11303 10430 6024 2669 31706 17040 12348 2062 15318 15508 6379 15636 12830 8945 23489 5062 12484 20786 7418 31465 6960 15392 20314 20449 17055 14695 2131 10844 12734 13115 7313 17615 30611 21100 32418 1346 5510 4647 26325 5874 10263 3943 23662 18782 17541 10970 18212 6830 31695 1684 17459 10496 2304 8829 20975 12447 32130 7441 6674 4816 4087 1530 824 17059 18046 15199 21566 16318 21974 27222 13516 3075 17804 9823 2407 2653 24143 27536 10609 29111 26350 1057 7539 30041 23133 9975 21333 24779 4081 10637 28168 10437 26945 12786 21284 28843 23285 27462 32717 90 14269 16579 7962 27608 19886 2875 3222 14274 29195 22547 15342 24467 31179 30925 18470 9432 22629 1122 27736 15638 3355 25068 23969 25208 25536 15987 
25776 16096 19446 9709 13561 29907 12180 9898 13647 7077 18911 7352 11519 171 26802 3516 29737 29192 21746 3844 786 3482 28058 1236 20696 23568 5605 13308 6866 26705 27075 5849 27816 12118 14887 25734 25915 27536 4784 4730 23932 24405 3067 10974 17574 6554 18056 26398 9547 10115 30352 31889 13894 19924 17969 12901 24041 10934 29297 16620 1216 29130 16918 4110 18579 1493 800 31400 32027 1411 31830 22401 29977 7606 7042 22924 6259 27398 23716 26625 27550 26688 13826 16381 31844 32719 26787 30086 5912 23793 25886 32250 7908 30014 12722 21308 5275 8696 14017 25853 23411 23888 26628 6546 9144 14442 29700 3599 24145 25335 18885 3881 6361 13894 29288 18637 3762 30529 4403 11075 11698 30887 28977 2238 298 22428 22858 30918 11737 20721 8104 9843 20725 14910 8962 32613 3106 24976 4648 25654 5659 6724 27829 17282 23448 31015 25960 30527 23822 30494 3054 25377 29785 20054 31526 25076 25215 19756 29197 19198 16704 22139 6393 15430 1546 27251 24127 9438 29231 15186 12574 11864 16530 32618 17365 17086 27216 29447 14465 2773 13085 10119 11256 365 14900 1847 19954 11325 17834 15788 23017 11105 32705 26263 30357 16980 27477 19235 28207 25883 8566 27049 20850 7848 18926 11986 27239 7848 15906 309 26960 17162 13190 25798 32523 31181 7311 593 4489 5536 22637 7894 2396 10862 2957 2841 5073 15946 18847 7051 7724 14875 28595 29303 30368 29491 825 5803 21892 4478 5395 15898 1581 4929 23336 9768 23023 4035 24343 1061 2082 26678 6439 1006 6419 527 4466 23204 6370 25173 20421 28959 15618 31131 1749 3526 705 22567 21414 21077 9906 16355 27277 1731 15547 12665 28191 20666 4111 9225 1544 25277 8454 6334 26742 17236 1862 25898 29211 4799 3673 22295 21401 3144 7747 16846 32663 27769 32581 6618 
17035 11216 10460 12059 23976 18372 31029 21212 16277 23892 1247 12216 22048 6722 13301 17845 24613 30578 21725 32597 12175 22992 14328 19469 10798 2821 7468 19663 14446 283 26729 14189 23154 1008 29445 17056 25835 30847 22353 4950 1356 8817 13335 28679 5392 27465 1166 1327 24089 24750 25306 4919 2397 9539 31610 5537 16054 7394 2009 29140 24467 5035 28944 6809 3799 29398 23482 21009 13999 17974 6177 8978 28332 29404 29364 30917 17497 16597 26677 3336 14441 9781 2643 10418 22201 31917 24337 6423 438 1916 2084 18793 1314 30482 29760 11380 13433 11497 27079 12339 17263 5391 9890 17280 22794 23751 15952 18793 7666 19739 16792 21699 15091 8212 5263 29934 5930 3313 21839 15922 15153 492 31384 15756 9777 21185 25975 21364 24086 19345 8539 22776 2147 10087 7858 1832 1746 21560 20400 10829 25096 17415 28723 25684 24329 12758 23664 10770 19430 2861 28339 27002 6846 26972 9759 24812 3063 6330 9453 29928 14308 17891 11773 29460 18050 9797 14339 11137 9940 26656 15373 19905 10464 24721 31371 13992 20287 10189 20120 14174 10156 30170 25823 24837 2898 3120 7699 78 19850 19102 11258 24740 16727 18792 6161 19916 10748 27049 30279 21907 28568 15015 30400 21230 8272 26 30862 13102 6978 16904 2568 26296 16955 12708 19120 30294 25237 24794 3736 26545 8063 20862 985 1543 19055 21334 13768 6182 17412 1525 21949 9985 13614 5393 19570 13059 3563 16160 27741 30404 19700 32565 11440 20127 14664 3689 24339 31775 22794 21890 5506 10325 10892 27476 13027 19501 22949 7506 10882 28471 32685 28039 20426 16869 23919 5305 13665 27972 14653 31856 15101 8476 5161 31858 15444 23162 20980 12450 20933 29561 8971 3837 5211 2226 26734 13694 7442 9722 3212 21694 25033 12380 25768 12876 27785 12193 15318 17460 707 15965 
13550 10279 22167 19287 19734 15241 4451 23488 28866 19855 10820 29619 9535 9588 29713 17536 16138 12808 29267 9334 2564 5788 27473 31808 10514 3743 29904 31356 9004 8876 1471 29726 21937 31575 851 24176 944 25171 7373 17515 21950 5296 11534 13129 15021 17112 19024 27613 3172 25843 12897 11890 9369 8003 15274 3206 1420 22082 18264 13444 5376 6620 12554 18244 29650 28813 23485 11123 4939 31162 1746 11884 943 31074 25587 27314 3586 13372 26002 10313 12790 18478 21393 17329 5946 7478 27085 6899 22384 18363 28539 9253 652 25547 19245 8381 32580 14799 14973 30406 31617 17152 1101 462 16286 23355 403 10527 6593 16329 15347 14738 24364 24825 23400 14466 28884 24160 30887 14538 5749 10059 16820 28852 5239 29268 22106 9018 23608 32508 9402 85 12568 28536 5677 17114 14635 7359 12225 27379 22034 29524 17925 3263 26453 3712 24065 31790 13148 4555 3179 20662 4922 29349 7069 7988 32648 7525 31702 9732 11555 461 26697 6188 18124 16901 21722 21912 10507 5206 3385 7434 32219 18445 23492 13340 157 739 29927 29089 9249 28697 27680 22030 19023 30576 19982 31887 4351 11324 12560 21847 6806 11830 12944 30763 13657 7770 30246 12679 2934 24482 4587 15849 24363 23919 4495 8798 21295 15345 29569 4585 31786 28814 18308 7267 22739 26458 20462 14030 7378 7346 15401 2820 10041 31997 6630 14685 5268 13435 30835 4750 27529 10609 9660 16503 10619 11002 10257 31554 4038 7084 15885 32576 29317 30977 23564 11039 24573 1548 32697 23342 28610 25417 20876 26369 19204 29868 2432 1277 11258 208 1064 7424 16041 21042 16247 9728 28829 13774 8632 13006 26894 4718 29974 26616 29504 18004 1413 13234 28179 16892 27703 4290 13831 16887 11794 16848 21700 29334 10457 23403 5110 23098 24797 5709 21051 2006 20168 5546 
8835 13304 22060 1879 11553 20575 30825 29887 20154 7522 6059 12910 24506 28010 19531 12215 32060 21445 10649 17878 12137 22937 28186 23453 14802 30878 14586 6760 3211 14436 15721 23247 22636 9047 28855 6177 24305 17956 15979 12972 32541 23205 15848 18030 28364 15079 2142 28829 31178 13850 9660 21813 4389 5196 76 6578 7748 6439 1792 4002 32690 7436 15970 26953 8690 30396 28382 30567 26854 28491 2222 18123 3753 139 10453 2030 1872 24983 18795 9968 21981 19942 3351 3959 338 16062 1067 13544 4175 30910 30779 6310 26124 8371 15893 20836 445 12421 14928 1746 12069 16369 23768 19995 25716 4825 31882 27425 29072 28581 3329 3219 16833 17175 13407 12558 11031 10292 17879 13207 32128 13235 19012 22257 7696 15963 4003 20653 23220 21137 9256 2584 7039 29737 10075 26039 17153 22599 17512 21291 47 23506 20946 30606 21107 19026 24016 23599 30771 19617 13130 17653 22460 19837 12176 26839 25378 17483 13219 18481 13501 505 8390 6182 10992 29773 4308 22674 14891 30564 6538 9821 7451 25601 20295 5671 23096 25832 1202 32502 15543 22042 18727 9425 1670 29888 15582 1177 16608 17019 24150 8741 12065 16090 961 3448 14474 28381 7732 26225 27126 28310 5415 8910 20487 17588 14636 1498 21937 6725 24885 12135 22060 13416 3862 12817 2879 904 22011 14536 12794 27909 11520 11987 17168 14449 19222 8365 18252 4994 9594 30615 187 23778 10915 9279 6053 10300 22126 18067 12454 19597 30274 5782 23817 11221 25576 737 19040 2585 9059 31363 32459 21006 29399 6293 11491 27546 26357 3571 25652 24000 3324 12350 31425 25638 11044 14780 5432 12649 29412 23918 4031 1110 23747 30203 12151 24081 24988 4523 32482 31430 23014 4217 9799 9390 18494 28089 18483 377 4490 31830 19350 29527 10289 32753 8347 25433 11478 1240 
3999 16754 30476 11043 4285 13956 19035 25384 32076 3598 6095 6218 8578 9256 30892 27076 2848 32372 19760 4288 9315 6077 5379 7853 10674 27408 20219 29503 3588 32596 31491 19876 898 27060 5727 5443 30070 24361 10364 32632 16105 7156 28621 13775 28234 12119 28133 31526 27692 21583 28620 7674 26697 22718 19964 7838 16255 17724 15522 21960 5224 31189 27105 3378 25870 12178 29934 20340 5558 3854 18980 31699 23059 23035 30519 3379 29557 19728 26204 9210 12634 22593 9453 6202 10624 467 16969 27256 17174 27794 17310 13713 14162 32623 16013 30724 16992 10271 384 28651 23378 2989 2233 18380 21491 15254 3237 16478 24601 21835 32572 13219 9172 29846 5447 21559 7872 30632 8050 5227 26422 21723 23361 16142 8275 15292 18929 11283 14382 29742 26830 8964 9830 25269 5936 2469 23932 4323 26406 24057 16511 13563 16419 7187 32553 8327 31216 24113 7751 26087 6895 17737 5072 888 8871 6989 27706 10478 7152 32506 12951 27628 31304 9877 124 7191 19638 24670 12981 22155 24519 18314 27937 21670 11957 3928 23293 12379 32660 30587 26344 23695 32591 32016 8955 26457 9971 11013 20851 31124 3624 3419 27431 3563 428 13585 15061 8654 15872 17355 28901 23289 11179 11583 15417 28446 15235 32590 5991 26901 25716 3836 29048 7937 22430 24354 11689 3469 25700 1776 23304 3025 15415 15947 26363 22915 29638 21687 26642 17920 232 25288 142 17039 16691 18441 4306 15183 29939 28296 16367 13041 7808 22641 18490 3100 20249 26567 1350 13369 25294 27823 11862 21535 4795 9531 30285 19271 17528 124 3564 26589 27673 31061 8217 353 5982 30750 15963 8791 23939 6212 7358 23036 29306 30556 13604 1833 32031 11783 23353 17998 9948 19909 27165 29126 26715 30027 6393 31828 11009 21154 27932 28254 25067 27108 29423 5718 1705 13684 
25049 26038 10129 24830 6556 23526 2151 2950 3322 5747 4245 14826 26711 15058 28759 10207 19424 26703 2016 29920 990 3412 21475 7520 17429 32509 19853 7496 22340 26980 10425 5195 27646 16292 15902 5721 15656 24008 29584 28037 3094 12665 23928 5735 5383 3231 6058 19516 15550 10458 31904 2633 11392 695 15558 8637 22274 31014 2229 17676 2263 3924 23004 32276 12774 3966 14192 29629 20771 1162 18356 17563 9151 1581 25664 15105 941 16391 10879 23994 1244 28887 7088 15088 30731 333 13478 10341 9517 10025 9450 14271 1392 20541 12965 8 15751 8863 14925 7182 28021 15364 3593 22830 5311 13192 32546 19956 5357 29681 606 4643 12848 20057 6518 8242 7211 30518 19802 6949 6776 31056 21101 30213 746 27233 5200 1952 23814 6706 26122 11985 25680 19857 13203 15765 31281 4006 22199 20209 4357 5448 8546 19924 14165 20235 5893 19182 25068 16849 1472 7959 2076 13064 29215 14246 18834 27238 8350 14694 4182 2521 19724 14251 3063 17299 20529 5300 13548 6869 3250 1402 22318 13693 16138 9789 206 29372 14101 17047 32259 23934 21108 11821 19418 12578 4594 23130 26842 15287 17703 18589 4691 5142 25266 17236 27946 27143 32300 8811 17412 28436 6271 31824 27243 31967 1565 11214 9551 20527 2068 10194 11913 6280 18127 27079 5409 20069 19401 5053 26508 12736 28237 6360 8535 8584 28273 29406 2577 31045 21096 12035 21571 7084 19982 26657 26127 30918 9507 16461 9400 29889 24072 24402 364 4827 9719 12036 3526 8294 30726 19299 12226 30852 30193 15139 3494 23168 21631 18527 20130 908 26642 31735 3096 30074 26999 7892 843 23779 12345 27544 10471 30342 10057 5701 27861 19686 22728 11119 25960 13507 8101 15069 10462 3571 3599 9109 5504 4440 14738 26239 10269 7500 6264 240 73 28330 26857 17264 
14658 30131 28279 3031 9487 19019 31858 7619 31767 30070 12270 2440 5412 31286 9716 13011 29665 17413 25195 311 2411 9525 32131 7438 16806 17888 17739 4267 15634 3024 357 22723 384 16111 8432 10860 900 2850 18072 30843 2208 18155 29486 23781 31047 19019 487 630 8986 2161 19457 21207 21090 14394 1751 19818 27528 11346 23066 5354 27634 30102 29229 29431 8459 11147 10789 18294 25726 5216 28554 32754 11753 13581 21317 9672 21201 19586 22400 28238 15966 2281 2702 8650 30518 30470 11382 25151 29050 623 4997 16495 988 10348 26204 19198 8725 14183 6467 30981 17152 22519 28021 20296 7099 30646 27976 13616 32403 27049 5105 23289 13561 443 26871 23132 14126 24437 12453 17495 27243 19250 11995 22494 21693 4256 31679 7774 3756 815 17283 24473 32338 17970 3289 9235 28688 1330 13474 17391 3431 2505 20744 8960 1361 850 837 13292 17859 4127 12300 30208 29088 1139 20684 26772 15633 28459 1378 2942 13246 16131 878 30223 23372 32713 25543 30997 2635 19040 16771 32088 7832 16745 10697 5148 11657 534 11004 24648 26910 8431 15810 23071 12682 14451 4630 8259 7846 29282 21276 11748 6525 17276 18980 31731 31190 30685 3820 15255 31854 7734 9219 3799 23708 27474 24715 373 1293 6028 23927 26973 476 26319 26570 8625 21399 27193 25572 19631 19412 25770 20620 5952 31438 29908 553 27110 4275 19546 2176 9769 29293 2061 15761 26294 16383 29727 3007 8394 7252 22508 5653 14921 5182 31851 11585 8894 22159 8197 23203 25775 30437 12462 8111 14550 19110 28280 7977 15057 4829 31061 20353 14480 8710 19706 14459 24195 9123 19760 14433 26517 28824 5988 15567 20731 30589 18638 26162 11588 6748 4713 10256 8496 478 18137 31132 29931 17840 6667 15 131 8292 19066 23509 32108 6956 24048 23789 18988 
1778 24522 31620 9096 15933 5663 10261 3397 27166 13612 11009 12442 6320 1765 6622 25617 21861 10313 18218 23365 30664 32717 22732 3584 6335 32279 6593 3093 9474 18678 17123 10473 4942 20054 278 32512 11981 799 668 14450 23667 23825 28770 13980 30350 16407 16584 13001 28244 32302 7544 21221 16334 9663 25573 23161 21869 3610 14462 28907 6276 1875 8722 12675 17642 8397 5285 2131 30509 2152 32019 476 742 11199 29538 257 31118 9275 20883 9622 26427 24774 16977 25049 32283 29847 15212 3936 31316 2818 25903 10051 5847 6441 7769 16173 2203 11421 3492 12533 7369 28536 6586 24362 14323 9987 7198 2390 29274 7127 7053 25206 64 6523 6638 1688 18820 16417 18239 25516 14291 17503 17829 2751 6757 9171 10372 4483 18150 16134 2924 10423 15124 24888 21748 31117 1842 19510 2182 27728 13036 20123 25412 1933 8479 30462 14939 30711 7675 23549 9648 8044 22166 7626 9479 3273 7037 5229 6870 26250 18858 7596 31396 30399 28162 12181 17209 13795 7428 355 22058 28199 10644 31422 4029 30070 14550 3535 24321 30391 30268 14138 17782 5883 7634 13533 9479 8529 30320 25193 21430 11651 14519 28384 25422 13804 18058 27000 4522 20031 8808 2660 32752 10266 8433 20791 28878 15075 27893 665 16956 29704 2689 6048 12679 17723 22073 21829 17572 6220 23875 12644 24293 28920 13325 7915 9927 14361 13177 20630 11071 15204 5931 12246 14833 11504 16501 2700 17709 18032 14999 25216 26189 4395 15059 30387 12080 19612 26326 6292 14326 32557 31900 11039 28604 14927 19413 2064 22407 18179 10160 7768 11006 5553 24999 3217 19631 14882 27617 7047 28082 26103 1296 4634 30897 24659 26050 3352 17516 22212 2274 15256 17494 4779 13595 24774 3648 16517 17709 19843 30707 14798 4867 28853 8576 12009 7162 12936 2094 12957 
12029 2582 13066 28333 8776 30039 20617 19983 24648 11906 18438 25946 3463 7929 23787 10304 19887 2071 25201 12095 24393 25476 24310 29092 28576 5836 6613 29384 9527 24545 23662 31209 3206 31572 7190 28773 31252 26135 27572 5338 975 17492 22078 27728 11164 6378 2228 20519 19311 1870 5458 29355 3567 14549 22422 24821 30942 28512 21345 30067 21533 13477 31159 30165 22501 8817 14896 28329 17913 15443 7309 10024 22030 27971 17506 12226 13090 17934 24934 18514 1065 1772 29492 6149 3997 10467 9259 30697 11987 9700 22599 28156 22986 11994 17526 31195 26865 25593 21923 2246 13976 3304 23493 24189 14538 29423 13853 3981 10138 29443 29133 15894 13801 18137 13975 23985 14451 16749 15171 12117 9032 12981 32653 29750 26504 4783 31443 30321 14726 6376 17470 14469 3908 27626 3437 9624 16026 15205 157 26293 28849 23192 19056 7011 2750 4933 22676 24186 8091 3310 7188 4297 23983 16409 28421 29825 28395 32293 14969 20479 14218 22666 4015 14097 2571 18992 11025 19212 15090 26891 31987 25628 7156 6271 20351 12939 7781 11069 5569 8699 12068 23003 17280 8934 24552 23268 11232 18328 8125 27890 25613 10480 15655 30367 27965 19245 21660 16389 12014 27883 6587 26125 15388 22339 8538 31588 23638 13807 16824 11987 20940 23426 18170 26593 14644 27266 23569 25699 2579 24724 12070 26041 2133 8255 22374 19506 26571 29545 32384 9626 1100 26377 7325 3606 11728 19714 8482 17503 12998 24490 11706 10335 19786 31720 2564 68 6768 8797 844 4545 4422 30701 6268 11214 12561 31293 29036 10286 29058 22393 14909 4522 1293 26953 7471 25989 12216 28992 12759 26534 29111 29025 6971 12092 21544 28686 2987 8451 10298 2272 3242 8385 19182 29009 30557 11735 25587 21423 9346 9494 19069 16987 5197 1109 2198 2371 25736 2510 22505 16755 
3059 3329 1874 652 13596 31035 24570 5875 27657 5540 14357 31654 634 12058 28229 13411 2489 14881 8194 19880 20682 15050 12681 149 4454 18706 23428 8398 7320 17627 13948 17242 18325 28368 7239 17102 8984 22497 4505 14144 29950 32639 11624 5602 31155 6906 17913 7718 18816 27660 9213 11983 27370 24738 6543 8042 4222 21167 15128 19231 15561 28040 10008 8834 21900 18192 7592 13116 20240 15764 32401 867 8140 22358 17319 23353 13296 14763 22494 17277 9672 29236 12327 21894 14802 30361 17914 25899 17733 6508 24384 2181 16890 15778 15189 8960 4552 22301 18461 13492 3031 5493 22100 25561 17036 13478 14065 6187 22217 1618 1516 3507 13957 4365 6105 555 22889 18529 14562 23404 26066 12377 22172 26737 25189 164 10767 3018 868 10411 8571 29826 13087 21791 17226 23786 10557 28634 833 24473 30645 22411 18476 8740 19456 32276 22055 19181 4247 3029 8224 24298 18668 16381 29627 19896 8127 21739 15898 16023 20320 20782 22831 6525 30448 22867 17232 23649 10639 26570 9547 23185 7717 11643 13296 12272 26662 22532 5820 27190 9645 23930 6018 4586 1384 1799 2186 2580 28479 16429 3642 8498 9211 6474 26892 32757 25682 15815 843 5635 17424 301 12886 13357 24048 29153 24395 25363 6550 17559 7174 23738 32402 11071 17178 17781 4852 7262 31873 4919 27633 21807 8765 21495 8107 32330 30698 49 18761 4698 10785 16393 9613 14982 1404 24367 21713 19676 16982 26420 31953 24650 13739 29827 11605 5187 21630 6705 3089 9003 878 5336 13985 18664 24386 5635 18329 14803 2544 15484 24336 22926 27947 18608 28847 29317 19298 16832 202 5503 2602 8349 6392 14318 16065 14076 23110 17419 6040 9495 17443 3481 14514 19334 1474 25533 15785 9116 20402 4933 22822 11793 16742 21826 30093 16660 6743 20593 20727 8473 
21718 22711 15155 28768 7346 23816 2949 4039 8967 17827 24809 23238 916 17384 1680 11986 18639 13812 22675 1311 29190 14295 20781 7605 26973 852 594 20299 675 29497 24951 23223 23964 21122 24359 6575 9869 2778 9176 27091 3003 19335 7151 3310 29839 17374 3241 18947 22969 18090 25981 29843 25976 28507 31837 9857 12887 14678 7558 17577 21131 1180 22788 12396 26652 11818 28918 19434 19575 20562 22730 13587 32247 6502 26023 5373 2612 20574 8335 12057 29708 8668 24507 23515 5695 13036 2696 28914 8138 29623 11479 6269 27789 747 25730 19692 20516 23436 22862 7111 21378 20414 555 28332 27388 21421 6776 2370 5892 28285 5333 32545 25363 22804 21142 4574 9939 14204 6885 6756 9903 11637 11361 19433 18675 9374 29325 28402 32429 1729 4919 2744 20341 18717 18343 16127 29639 10040 26204 31758 3809 27972 22380 10140 7836 29806 25176 1130 25287 1215 29539 13991 25342 9302 22764 30791 11952 7664 29185 28558 27846 3753 21416 8308 10248 8025 29813 12618 8000 9356 14398 17790 11617 29070 32286 30960 23514 26651 2182 18744 27055 19236 1155 6094 12651 18973 28387 26758 23034 19550 17549 25641 2838 3133 6397 22097 13640 32554 1557 13091 11578 11933 6860 8588 24558 10329 16668 15247 16053 14938 29155 22245 8483 12472 29024 29374 6886 14582 8467 553 12447 19905 31003 13223 23587 30435 28566 6033 21348 19137 1170 3409 14161 23536 11942 24085 707 32476 6514 3817 1505 17697 5920 11310 6461 7817 4188 20773 12921 4830 29585 16641 16067 28054 19966 5193 9574 29053 24706 9707 4845 7331 23742 11271 16795 28986 22174 31399 24684 26922 19806 9439 23100 22649 1605 489 7204 22400 19169 3552 27548 17231 7786 20048 297 11752 25634 27138 11446 1197 23279 92 3739 28799 12255 28886 14323 32597 21039 8073 
12506 26545 24101 11016 434 17598 32266 9084 15878 7133 5489 29848 31681 22 24027 6416 22550 9779 29981 3179 11548 18335 30969 21282 18057 14102 14834 16788 32339 30219 22993 12688 9457 18620 28853 6106 31711 22542 27502 4352 32589 30420 27195 24407 24646 9835 26432 32550 6265 12363 7583 16593 22938 20612 7147 28049 19444 21881 24590 5392 32593 7348 18689 15438 6206 20606 11628 29399 28949 9123 14822 20119 1987 4977 30757 14759 16722 11898 24768 7732 1560 19665 17772 22324 27507 9189 32541 11682 11674 29884 11407 15757 32386 13236 22124 4362 17820 4248 17895 21082 18463 29648 10485 27053 9310 26529 7492 14816 28628 15255 23932 28606 30373 25050 22061 30648 27975 17943 14874 22525 11514 27231 25262 12511 21909 3121 21774 19812 19933 19339 10360 4391 3014 1775 3109 28603 17790 8248 10636 27172 9280 17754 26733 15670 4761 4866 25523 20118 19499 26065 27178 12956 25622 16482 13628 25057 6155 5859 9236 11399 25368 3250 5601 15931 25315 27670 12304 2657 20984 13849 4031 27324 10190 12919 9797 31915 16491 20851 14906 16550 18509 16412 11965 18984 27672 13048 21790 18808 24806 13938 12899 1626 7467 15141 14809 3339 9957 3219 29334 20608 4738 1073 1900 12598 18604 32719 31051 3852 20346 10428 28705 27240 14460 23464 23127 24641 4510 1459 28831 25049 13184 12712 32423 782 12396 23744 17891 6746 23944 1475 4667 21074 10582 16520 6491 13484 31764 23954 31592 5441 29436 30953 13487 4314 24002 12780 17813 3635 10212 14300 26017 23227 30764 6690 8581 19760 11768 1142 22041 30725 11560 23352 9377 22861 8230 18019 2029 30898 23970 5956 3415 2039 28232 23609 27283 28361 5739 28154 5801 4391 9473 17058 18476 14865 1645 9844 11207 2842 6495 8119 10399 9701 17281 6174 11763 24893 12239 26525 4999 21888 
24058 22303 8123 16205 974 6590 26918 2841 31441 14266 19702 28473 26621 27986 13854 30551 14521 8105 19206 2058 17461 9447 29875 31972 16978 400 11690 6827 30930 22315 19577 24021 6400 852 17734 23414 16978 29723 19981 20302 8206 2211 24433 28447 31923 26275 19764 23039 16542 2740 32523 26951 31178 17661 10966 8731 30626 11069 32205 18443 1551 28480 9851 3649 842 20774 28147 9493 16688 15514 3264 10384 13605 16702 13168 1606 11205 3496 13863 17070 18702 4754 11509 29487 20723 19594 19748 16645 7699 10630 19922 17147 3010 22976 9015 26822 13254 19399 30091 28850 445 2717 15063 14475 25286 27862 1135 8978 30964 15587 32336 6477 12726 14338 8923 32766 7895 20836 1409 15513 4656 11938 5437 10314 14558 13405 22781 26373 28869 6327 15431 1900 6693 31550 1677 23084 22194 3258 10624 6544 18308 10915 19203 31222 25420 4140 22545 19347 4565 6983 1300 27676 31496 17024 7258 12867 7379 18341 23175 11263 31967 6182 16831 16190 19116 23755 24506 24088 31261 3550 27375 31388 12973 3981 25203 13155 1145 24139 16074 22928 25995 21402 29068 16392 30747 2260 17955 21463 20725 20391 8833 23566 15135 19493 25106 21214 27821 25223 23923 10818 513 26436 32030 13669 11132 26482 6432 850 1827 25579 27702 14074 8246 1253 25076 25976 2067 20638 30551 9549 18118 13922 8652 6035 29015 19114 26506 25286 12763 23173 28240 9586 18344 3896 29535 21697 28209 30163 26882 13678 5816 17087 12938 486 23150 1942 15436 26096 17801 24152 3054 27527 28821 14391 1044 11143 13032 12539 5118 9253 6512 27530 18898 17732 19248 1213 32023 8492 23690 4773 28466 26552 27870 24133 475 18275 28879 31486 4490 25870 4169 28568 6669 23788 5901 29646 30570 5446 2668 18111 30000 29431 348 29341 9104 24288 16333 18124 16350 8981 
29830 4893 21246 28180 18279 1259 19499 18216 24741 19048 3489 22700 29074 22291 10333 26329 17646 1177 29107 12138 24784 8677 16079 15166 5731 25889 26744 31630 18074 10586 26298 21103 25590 16737 4966 18066 24790 19233 1497 5729 25185 15350 18145 16632 18912 8589 21834 14994 25559 1301 2101 22423 28250 29075 26218 19622 7571 19198 25851 23612 22068 30610 20078 3929 25695 14521 22355 9062 13041 27298 24610 22625 12294 18923 2682 14945 29847 11673 25686 13902 9378 22976 32438 23729 23109 7921 8302 21172 7024 26034 28940 23973 18978 9504 15672 13338 5392 10267 13304 30273 17354 18657 12527 25647 17193 18732 1193 1020 23547 12864 28884 10816 30989 7101 21758 6396 8039 13843 406 7881 32227 30238 4035 20601 1375 20177 31141 28053 11948 13255 25888 20737 13707 30497 29437 10733 19133 5280 11590 23028 18275 31020 20506 10612 17193 26730 10991 21933 22459 21390 24962 23433 11140 23159 31552 12742 6822 14230 28645 3581 181 9304 31819 25225 24454 17757 26750 32295 3962 6392 2458 2343 1163 30320 3156 22387 22311 28782 20303 30522 3524 4325 6605 27774 14006 23462 13572 3933 6054 27090 30207 13345 17961 10583 16992 29939 12146 22365 5165 734 1825 8379 24346 3297 22961 18860 27706 9592 14104 23126 31238 9458 30979 26669 20848 10145 7268 26217 22494 26998 12613 228 3204 1050 19344 12052 6668 1245 24089 24292 15178 6287 31393 2149 11433 12092 30480 28213 16059 21904 10009 18449 16463 18850 19760 14194 26981 32537 23399 11305 22150 21453 24091 5373 29874 15159 27637 27407 14205 8878 22502 20658 28861 7112 12599 25892 24735 12789 9053 7451 15068 20810 2402 13031 21978 25399 18424 6487 20960 25608 20508 30007 13461 14431 15414 32244 3960 30947 32686 18610 12134 20031 14388 4434 4394 25116 960 143 24110 16333 
11014 5292 12956 26362 13801 16320 26982 27012 19231 18889 26432 10457 544 24998 12973 26359 20730 4031 27951 772 4107 31427 15729 20862 10805 27409 18591 29202 4308 28501 16506 15040 3704 3695 23275 8256 12631 12359 2479 13379 29944 19093 4450 8150 16959 4557 636 23361 11616 20633 18538 14676 26199 32467 13285 25537 27387 13460 15972 9119 23532 23733 16175 32440 31427 16157 17880 18343 26617 19788 23186 12804 29302 30888 22580 28102 12522 7383 24671 10954 6524 3365 32473 17327 20084 27997 28596 6158 547 26216 20715 32074 9019 13439 4849 15551 31774 30745 23087 29475 16524 27686 30640 29532 24097 12974 300 22909 4123 19429 26516 28259 1619 9511 16363 1213 19407 6628 18009 7754 10504 31636 27423 2978 24778 3590 9291 17281 5158 6265 8948 32716 668 5106 24274 8954 3014 28723 23521 8780 22671 23057 18880 1643 18182 13836 31104 2948 7755 24321 19417 25423 1029 5005 27050 117 6907 29650 11779 15960 32360 2416 28458 27923 21915 16393 3074 29919 26393 18460 10857 22860 24118 5586 4526 12261 11046 9310 23810 20303 9865 22370 30580 7629 14815 6193 2080 30063 4805 22369 4299 1598 31848 29116 8987 16188 31496 7190 1980 30631 3178 22041 16911 14556 24862 7717 10013 13348 13716 6408 6055 16865 24791 10041 6641 9695 26987 839 3513 31087 852 7484 22107 3335 11180 21184 31852 26918 27907 1728 11078 24098 21241 9198 16719 31515 20204 19659 8171 24029 22783 26076 17586 5160 17609 16975 30404 6101 24585 18821 23456 27828 29876 24407 25132 13678 21762 4321 6180 26760 6056 13292 15362 30736 16546 31886 10960 11331 16119 18479 17645 6757 8896 14770 20257 18785 4589 26868 23398 8575 2344 10987 9245 23580 2752 2930 31694 21174 7739 13481 12508 2794 26736 3573 5093 2686 25946 17093 8513 29634 
18017 26054 24914 27148 347 31243 11551 8829 26033 8840 26729 5497 19508 3842 18141 9298 18000 15376 24651 2543 22140 26378 9518 22222 12071 6698 20332 11349 10616 16772 21611 5750 10274 4888 15 8019 19252 2860 13488 12617 30417 6030 3327 1876 27994 24754 11809 31420 6380 28081 13981 16047 23699 17933 27953 4037 13642 5832 12232 17905 19920 31082 31009 8143 22474 18527 26558 4826 16458 6872 15722 3738 13146 3519 3116 26128 25402 1010 18972 29444 20447 23388 4944 28641 24652 23597 9127 29843 7667 24197 32171 20865 18801 21097 15566 28820 7252 813 29397 22460 7739 17924 3394 5641 6781 9781 27896 20648 5430 30687 15704 5417 17420 12338 8020 10931 25421 15205 9907 25762 4410 2300 26627 28014 1018 28551 16618 10191 20244 13137 9447 13068 25702 1883 6639 216 9455 9950 3842 23553 25487 29050 25904 22329 20034 14705 16808 20696 16761 30028 3290 14784 16984 23046 21864 21361 4837 32460 18213 31087 15824 17186 9257 8389 26425 7695 22710 23106 2998 15658 8273 22817 16612 20973 28890 13793 31486 28351 11493 3524 32112 13462 22149 16224 17563 14600 380 15327 28612 29316 12902 26570 8401 11405 20297 25503 2795 31781 11319 4382 31255 30164 5847 12720 10448 24459 7417 1195 10923 11217 19150 28833 12163 16795 23457 11240 16084 16881 26592 30866 12355 25333 26099 1658 7322 18837 21841 466 29194 11677 28755 16409 22278 31462 8438 23750 3534 10407 3903 9663 7109 15364 1041 2919 2737 13063 7682 130 10630 23846 22158 24285 18313 2283 28673 8414 31080 28665 21519 11884 4335 15747 6973 28782 13180 19027 27058 4001 10166 23073 9592 6436 24706 12430 10986 757 6199 26608 31270 30644 22878 20213 14823 28372 12084 7896 12296 19098 221 23308 8989 4484 13263 22899 30771 7361 32372 11791 13268 27252 
26456 13518 24445 18442 27190 23336 27170 2939 32116 17044 25275 14792 29265 32337 11009 26788 8513 31439 15180 15529 1920 25263 32051 24930 16399 20570 27329 19218 9234 23877 13798 28943 20528 23973 10008 22478 13349 28180 32546 7368 8294 17679 11849 31941 28170 2693 23989 28863 28987 1136 29046 21271 26740 14226 15890 13464 2312 13809 21981 27803 29516 21705 31023 5472 6592 8317 12164 26451 12504 17665 27486 29377 30724 15768 32409 26019 29249 28886 24739 31448 11419 11188 21144 29884 24682 23812 8234 9941 19263 3295 10417 2626 27091 25607 29775 10571 10641 2172 9527 27179 20927 27657 14604 7833 29064 28676 32056 24033 25177 15094 21241 14428 27440 8900 15863 27362 26309 116 463 24959 29631 15951 21406 15170 14112 17395 6607 17440 4214 25531 6931 22670 8113 155 4091 31245 3654 7159 2275 27171 11542 4306 7767 25085 17117 14717 5109 26023 13197 17100 21904 8674 4907 30368 9261 22267 12507 31225 13506 16195 23145 29431 2167 10534 9705 27201 32460 11503 28290 10355 31172 26989 10334 13090 24596 5636 26697 20807 31814 26734 27061 12089 5499 11425 6068 16622 30272 5412 24048 27488 31750 30143 22161 26518 24994 14471 7951 6077 12314 2343 4921 18895 16128 14847 32629 11919 21755 17328 4129 27999 2196 11221 25000 17131 3636 24675 31941 22641 20641 9587 16635 32110 21837 4656 531 14099 28170 16328 28225 31034 4887 26756 3437 30666 13141 29650 5047 27090 10103 10947 199 9561 19153 568 29036 12143 32625 10856 17337 10416 20529 13999 30904 18454 17607 26512 2323 9167 8820 28989 29602 26117 11218 32170 28335 19834 23861 2518 6382 9142 21210 25074 13403 16205 357 4483 26051 19154 12514 22298 10318 7279 631 11925 19767 5142 10540 21636 27689 25078 13391 5951 14663 4071 25024 16705 30636 15567 7323 18660 
6370 4459 29310 31647 26282 29571 25618 12306 13424 2554 21760 14214 25130 8037 20913 16742 1483 29450 20823 16203 25380 27217 29397 12059 26718 1371 18556 15679 2430 5846 3313 6769 19901 26240 12171 32074 13675 27423 15961 28126 18205 19791 24806 26721 12365 21503 18684 7850 15082 14718 27404 18631 27641 20477 9505 16172 1374 3091 4070 18498 7937 3662 253 10795 20959 18967 17506 8502 12046 22748 16154 10461 15560 7232 4647 9354 18972 11684 7262 15535 2510 1813 19988 15749 2543 12644 14994 13872 1608 2960 22058 7272 31379 16593 6991 19671 5220 26052 30728 18409 7060 2742 20525 26366 28943 21622 10633 18772 22119 15729 2932 21447 4133 23546 7504 15683 12196 17544 12911 11509 18230 7053 19032 27341 2129 21820 9475 32029 10310 6199 26010 7835 10864 18683 16162 8854 2943 17290 5788 1582 22915 1504 29862 15845 325 18684 28967 17193 10055 12866 29435 1324 13875 19244 4785 28609 12763 26023 6884 5175 20448 27508 8379 10827 9288 19418 19445 17321 22544 28480 22402 4771 15746 10942 30948 18335 6384 21314 22712 6906 8194 16359 19221 14295 1158 23806 26165 1585 4891 1463 15735 29840 5524 16992 4871 1561 12591 26892 31894 15277 1758 24076 20626 28765 3116 29429 24298 10879 32228 14064 3253 12856 437 4131 17446 27908 1356 8176 9452 28911 9842 24696 11547 26501 11679 22537 18962 10630 8505 14863 11259 10492 31484 9309 17543 2436 4951 3035 14555 15257 1572 23204 18875 24291 2197 31601 10206 19088 2685 29555 334 31011 30097 19331 14331 28131 2458 23326 11839 16662 23061 17152 19315 8644 12602 3066 15328 13618 8400 30981 8151 17706 26254 15168 27813 26364 19899 8300 14729 23041 18387 20662 19497 32486 28423 30014 12262 25839 610 803 9561 12937 3279 28059 27049 26412 31347 9368 27535 3592 
29849 21088 22110 28524 29581 30621 2417 27774 14351 14992 867 8462 17171 11429 16079 18376 31321 3577 26964 18809 16034 20092 16979 17726 25285 22986 16981 22604 10280 5271 3583 19204 12204 29404 22532 11892 31752 11126 8470 8741 3906 19506 11327 2606 6422 7609 604 11052 15069 3474 3843 24684 26363 30015 31713 21109 13249 16092 31746 32302 15625 14050 2649 7430 7713 17736 6187 8602 27699 2055 19541 32372 15589 28131 11656 23803 2504 14544 21576 1967 16251 20948 7651 23615 30118 4587 13015 12474 30325 6293 5195 26513 13534 29732 13910 22284 5510 7160 16135 13968 3928 32381 3305 22865 21536 18111 14053 11126 2309 26752 21317 9425 30398 23968 25319 24835 25381 264 21665 27750 917 13780 16615 31499 19181 13329 10478 5891 22917 10867 29933 28357 11233 12761 31243 26205 569 29714 2430 28129 6625 22227 2490 6370 30086 29504 11734 27216 30555 30061 28641 22310 18137 1439 17584 6249 14693 14450 30506 32569 2859 685 29402 6326 16655 21723 7289 29109 28080 28198 6094 11323 6592 20406 26629 1062 17446 25496 32458 32567 15070 13977 17163 21277 16680 10193 13841 22724 26488 28986 14737 28221 22031 670 16442 20576 11541 21927 32060 17287 16742 19412 20395 27807 29729 7834 9967 20344 12766 15489 19028 10632 13231 834 29806 30349 15111 6730 5264 106 19668 5848 11614 9702 22031 28845 31936 19385 13480 10037 5830 6735 28913 19260 19030 2951 25309 21526 6074 5435 28758 12329 13049 5701 4361 14096 18782 21509 15651 15335 19732 27372 6767 17141 22168 3522 16534 18063 28994 11639 6123 30259 8076 25690 28078 10141 3276 11947 32592 13963 18796 10433 18266 1874 30360 16094 23385 5800 6218 28936 5147 9907 12011 9224 17524 17908 1660 7524 29259 27476 16258 27234 31265 21452 10176 22867 10154 21113 4854 29520 
23960 13133 24541 26997 1733 10754 10739 32604 29385 18631 19933 30642 32313 27269 6241 22504 11451 9390 11447 25419 14036 24960 7488 25523 4971 24249 16861 8366 31698 29526 16430 23999 32121 22264 31452 3435 25594 29310 29292 4197 6835 31268 10207 21720 5408 1539 9474 12178 10483 20897 3137 11411 8989 12588 17382 27621 21541 129 2158 15882 10815 17133 14372 6702 14039 15630 20032 32761 5820 12537 18898 20739 29353 19479 20594 31909 10435 25751 2212 23682 15352 14229 18953 21101 1474 29166 20191 22880 31550 525 14148 6700 22904 14439 20071 4207 1469 17391 2200 16220 15792 4521 16166 18260 4022 13369 18934 3182 13092 10929 16260 31727 2826 11643 6693 653 14979 15754 22395 5399 24645 2775 2017 25830 18168 4699 31515 22331 5799 15884 21188 24578 26402 2250 16787 9729 14702 21258 28834 29397 14786 15383 32170 8725 4587 29936 993 9430 26933 10327 9290 3996 4557 29531 16620 28945 1586 12099 29963 29586 5865 17476 24902 21816 20145 7115 30809 22791 7707 12802 22884 28079 361 17497 17869 23331 9238 23324 15661 22597 3022 8425 1950 6876 24788 2398 4433 28434 30658 14086 4787 27756 20766 13925 30385 2705 15658 6873 32230 9555 20033 1716 10295 24713 5581 26994 14921 6870 16486 12213 18077 19320 26355 29558 23099 29955 2737 25638 17939 4167 32308 22369 31604 24495 4585 27677 18859 18025 16225 14162 23930 5957 22001 4688 4423 32599 14026 23942 13799 12447 24775 27922 28917 1906 30286 19288 275 13708 16424 26713 21282 3247 2622 9319 1215 32297 24166 8353 8022 7429 31406 16142 31369 29517 20743 18986 7655 20599 22589 17587 1913 16472 5105 5769 7755 22473 25723 15431 28442 9223 4431 19840 9619 20350 20525 13609 2063 32109 1617 24342 28458 1984 2172 1735 5830 27084 23025 8247 2592 1123 
12572 9819 25089 21214 13872 787 24151 18847 2965 30173 1400 5348 19123 16989 6889 20139 14778 27411 5802 29872 21054 3045 15649 25944 18457 23643 26829 32759 26633 16858 30184 7631 15302 2319 9431 25562 10203 23580 3586 15892 8626 8168 3809 31172 23529 26694 7713 32490 14562 24175 3723 8712 16152 14789 21386 5281 8403 5861 25470 4209 26811 6641 29778 13978 93 27355 16203 27614 32764 19326 23568 22869 29278 15420 20087 23350 23145 6314 26867 23384 3792 10067 12068 295 938 18273 3791 16666 25218 24458 27822 20428 30344 22759 26219 13378 5338 350 4171 15371 6581 3479 24281 16722 29150 11656 16686 22855 7704 21780 2572 16274 15966 3680 20849 22147 20502 14622 20930 11423 367 16740 20795 4930 21131 15189 10151 18440 15917 21098 29721 28320 13472 4125 17747 2211 20206 18567 24608 12201 12486 19119 24341 859 17660 13972 20887 2779 22796 27564 32136 30169 25377 20530 19849 3975 17599 14433 26250 31541 22420 16768 9661 23671 18243 15439 3539 6675 31344 22294 21128 3598 10630 29135 19587 22831 15989 18058 17189 29073 12229 25292 463 4696 17594 7414 13144 3462 19210 2745 23305 13032 28540 20100 16345 19070 29927 3481 25295 13720 22729 24352 6382 30899 11553 12489 7244 21229 3162 24070 8139 2156 1422 24651 19015 25343 32320 17196 4927 269 17177 21810 9376 8219 25785 1409 5314 12634 11760 13762 27406 27304 14973 4776 31891 6960 20230 9503 13939 8117 13371 15842 30100 7920 4499 3938 1548 8332 10070 6721 9394 10556 4394 20694 16078 13670 7716 26099 18300 19208 3454 12060 6474 14724 27508 31418 8556 26510 15843 31383 8737 14951 18809 14203 23596 9063 29689 29641 19941 2187 15600 27681 20819 30682 7335 27100 32627 20047 13815 3427 28244 4511 18834 11506 20950 4530 23732 13687 6981 11043 
11466 4280 2609 15858 27818 11678 26306 18710 18883 619 3700 12820 27416 29580 22209 16605 29574 827 10325 10802 13257 26628 11202 17779 16639 21797 6395 8488 3039 22294 31569 15997 32365 15112 25373 27435 15172 17296 16110 20094 23445 10357 28907 23239 1693 14543 2713 8950 30206 19603 21262 5712 30365 12653 26881 3676 10412 12283 26557 31067 20899 21031 6439 4531 15247 2609 5532 22048 27166 4857 23979 1601 21559 17688 8641 5549 13366 15425 4092 25548 28669 6012 5978 26151 14513 10524 27366 32005 16527 21210 31051 4528 31646 21302 29516 24320 19757 20566 31029 11021 12869 22625 10322 1126 30730 15271 17927 22118 15782 32339 10718 26116 29030 28507 3420 20412 28524 4477 25444 28222 19097 4594 745 14917 4482 26031 26007 986 1161 7422 19183 20130 24434 14798 16186 12090 29835 2236 7571 31793 24080 6080 32556 8850 11830 25451 24927 6357 329 1352 26940 28074 14249 20759 3634 29735 29455 30390 12028 2452 29973 8834 20301 12623 15638 7613 17826 20066 1920 23500 18805 2693 6692 2487 7049 2175 20980 20288 15217 9878 7718 19432 805 11505 28708 13262 27378 1655 30129 24310 25132 32592 16389 30643 9806 18577 27915 31837 2304 31037 15267 2171 14159 13308 4429 28028 25700 28878 18216 18546 21540 23421 5256 5693 19153 3600 20473 6917 2893 16571 10240 20072 17503 5175 24661 30036 32402 2124 10852 1401 14060 1179 20079 156 6307 12137 3459 20010 10333 32314 24143 30525 29434 14319 26317 10335 23239 23453 17986 1718 18200 19030 18728 11002 25135 18579 21004 29843 9426 23410 21676 5625 994 5224 5256 17324 19597 20271 11340 2129 13103 12566 19699 19052 7239 7691 14283 11190 31329 27314 20804 21010 7726 11207 3417 9858 5936 8576 17347 17662 21491 4355 28126 7011 30126 28097 24439 14630 26714 26915 
18890 3351 16851 20469 11948 19039 7149 17038 14467 18719 27671 12431 7708 26975 21232 13107 19414 15447 1799 8987 3601 3454 4118 15414 15245 26817 17209 25297 20572 13725 9636 28343 22765 5236 10174 1486 24664 7950 6189 20604 5648 25046 2326 8353 12212 18334 13460 29505 29620 8874 2404 16993 13484 4492 28061 29476 20562 29288 20362 26630 57 16467 25218 19467 22460 24151 27856 4374 28298 30396 32350 323 27365 24005 24025 4877 25862 9665 20078 21789 21478 27801 24515 15085 22151 18526 23047 4344 13955 4272 31270 24780 14093 15893 11575 11872 26016 14428 15344 638 17006 5501 15124 3499 30989 24267 145 3989 30715 17202 28528 19930 6348 23697 2970 26413 31496 30228 3038 13856 29168 8225 20702 18716 16177 14542 24364 11731 32744 21361 372 5727 19247 9568 19519 25321 19608 12381 13125 24591 5129 20850 13328 16935 24563 6518 32258 32207 24337 16227 6037 2118 28004 20810 18859 10782 733 1555 14904 14270 14821 17974 10382 19136 27215 23874 31817 19666 29113 4710 8033 6307 10927 15414 32294 8787 17997 8316 16140 237 17967 31193 5051 11978 3468 5222 31045 6481 21934 10353 22079 2292 17314 31095 18744 13806 24043 22378 17463 26636 30597 2535 5268 24279 3930 8009 18235 29850 30388 6465 30049 10888 5152 23889 32424 24440 24975 23236 25494 1122 24314 17100 4634 3241 10748 12068 13855 17843 31232 4555 23071 23351 21218 4110 24270 26693 13840 8609 20664 22018 24069 16211 847 26298 13072 21771 19985 3218 14196 27393 5628 22277 10022 6080 16611 8150 27580 12605 29707 28658 3836 14332 16453 9623 8515 9785 4811 22460 17895 14688 21771 15372 23191 25377 8737 27296 5507 15999 10347 11356 2786 5400 28866 22259 17987 27784 14847 13321 15094 10243 25924 14716 16153 9226 2813 14250 21799 22577 31115 14026 
21989 10136 6848 11043 6149 1978 10965 20724 14541 19700 19812 21403 19424 382 32479 13537 20943 28650 29919 15408 16598 29816 2314 2602 18296 31784 2940 20215 5704 9535 26638 17738 19850 24528 17699 4255 29709 12298 23932 26902 6806 7414 25072 30643 4962 30592 8740 8884 25094 18450 31463 22179 9389 5634 22735 29454 17435 26801 21531 16542 18711 16784 10504 17793 32713 4732 3826 30971 32581 27067 2681 1067 26818 26090 9910 21231 15722 23587 12976 29874 19518 14627 24940 27163 17747 16328 22278 14332 25146 19530 2203 9341 15383 9296 20997 24941 2080 4194 24712 32478 29157 17378 9614 21016 19830 10582 16870 21617 1631 26946 19773 1819 11463 16644 23447 32006 7072 11845 3882 1975 28543 29620 6602 32497 12685 13072 6734 21526 9984 9412 20426 13139 22080 19611 20012 15880 12183 26239 29717 24222 8398 20168 17844 26115 3505 30319 28071 20409 16928 17742 6756 6010 31850 19682 6829 13661 9501 22199 28776 2898 4891 27671 27729 20586 5986 4538 2356 11051 19566 19751 19696 22010 24525 25372 23463 4597 1310 20035 10305 7687 3037 4974 26366 6878 1159 30334 2699 20079 10027 15189 4705 1312 7342 15945 10750 6283 2517 32633 17262 7133 32279 348 16469 3784 8137 2545 5485 15672 15629 25683 3759 10937 27089 27672 2893 30742 20932 27363 3036 3715 17917 18168 24723 23516 26736 12481 15630 23397 27672 21697 29230 29796 27091 9765 2151 970 30605 5456 8345 1532 4296 13878 6155 8812 31974 20381 16772 24404 7131 29055 3499 31533 5219 21377 1866 8339 18512 20470 18408 13551 32333 29076 2938 28851 19740 14279 23293 15656 22598 6859 16705 15211 7298 24505 16833 21922 27737 2893 27015 24806 19175 29341 28463 6187 17822 19202 23046 15185 11764 20463 7873 5114 3252 23404 18839 20098 26695 4007 3947 2215 
7448 2400 26471 568 17331 4646 8693 681 23559 12571 7945 12762 13157 11330 11305 25873 3838 24960 4337 4702 31884 12588 21016 7336 14305 5035 25417 29222 26131 32453 13853 31626 539 30000 16292 10513 27553 27018 2792 10579 13747 22039 6158 32699 32119 6040 27748 5082 22167 11695 17562 2410 18519 16566 24252 24348 23667 9932 5047 31499 16855 2990 14236 21208 30256 26094 13732 7741 25117 16959 12750 28539 21095 21245 31105 4627 30541 15473 10531 22328 25794 7469 24930 30276 32178 23598 23697 16145 12095 19452 8334 7990 4430 27518 22530 31593 29028 31357 13797 16929 26433 5635 27157 16757 25527 23599 10195 20096 2832 297 4082 28749 29140 4437 13275 6025 2500 8085 29709 11100 31761 1109 12545 26074 17397 32009 10760 3055 31714 28786 16110 22754 15167 13261 20012 15447 5648 9031 10590 18791 16705 31326 8578 1112 28843 19374 22998 30927 23572 21041 29232 31383 26801 19317 11430 7103 3311 4622 18886 24456 23453 19119 19433 13102 27209 21305 27554 28419 6208 15379 9675 13516 27755 3656 28539 16058 17145 30931 7505 6193 18069 32557 13017 25047 21216 7172 30318 27185 31123 31858 16621 23444 25046 23360 5983 29540 31942 22035 14272 22550 27954 18284 2169 32495 18778 45 1456 17973 5898 299 6503 28794 24407 10978 11143 11724 16510 8273 29665 1515 31518 12557 18761 2095 14907 10195 28678 32253 9319 26334 32314 26097 16307 31571 6333 13564 27840 17746 10255 13517 6321 24416 5505 15348 7414 23021 11214 14935 5245 27628 24111 31420 12828 9169 28110 25290 1046 7345 19339 24849 14428 16638 30863 27877 30799 17007 27244 30084 26996 17881 3423 23457 23 6857 755 32373 21891 28286 19785 1575 9945 2756 17812 16168 5336 8996 27786 25821 549 21798 3545 25343 6963 29836 24733 18627 26827 9358 18502 9371 
3595 9727 14401 30557 16186 3444 3005 849 19899 30561 11684 24714 17125 22913 13931 11783 22103 25266 11932 976 4739 21278 9673 24467 19095 18958 8358 19753 21812 17037 18670 20883 20384 25096 26197 4810 12307 21383 7068 6257 31041 31049 2676 25234 2369 27232 15717 10973 31679 4643 6835 19198 25962 26649 16094 8108 11266 27610 24381 2155 15170 3396 771 27156 15368 17886 7926 8475 18419 30621 26285 4683 32295 2939 31083 26891 26927 6887 21137 27883 25125 17119 4567 19610 6764 16389 14777 18557 4307 24371 4018 1482 11333 15049 6576 32001 326 7120 15712 15913 26943 18660 23174 26969 31075 3239 21032 15376 29807 6564 6835 11043 12094 17268 1282 10206 8789 28037 926 414 23212 8478 19927 10181 3094 20767 16782 4296 7395 11198 605 23992 32726 761 30074 21619 23914 22098 29469 5617 10223 11966 18569 11728 25188 14655 14059 18150 11313 23788 15772 25714 25920 8540 11347 32037 17083 31108 11058 19392 15893 20922 32329 30580 1574 17764 19180 24758 3401 28571 6584 13472 4388 15497 8666 23586 9945 25169 13423 25409 16930 15578 5918 8573 17375 25154 10492 13606 21762 9863 30248 1301 28540 4122 6265 31487 30468 23610 3912 6624 15834 4302 17645 15061 25354 11913 18049 862 25716 8328 25261 1521 14386 13036 12429 7204 27196 4452 9749 16753 1340 7514 17710 29660 4902 9003 11775 32514 2025 6954 15540 12294 22679 25394 17525 31301 30 2486 22841 28232 19233 26468 20215 17964 27654 6080 30190 4849 3357 28621 31511 13982 12492 19760 6448 5978 28408 27983 3622 13388 11432 20636 25798 30353 13532 19000 21939 24560 12071 26614 20589 1532 9200 28326 15929 7172 25487 1174 29183 28696 4842 21532 17207 26048 17170 12309 8034 25242 17712 21888 25427 18220 15467 10641 30358 16303 29802 30606 29180 25154 
1883 19705 16760 13540 3790 31736 14344 13578 21843 1793 18971 30217 10792 3949 26054 3218 18768 31757 28154 15954 1921 26792 32764 4913 29621 2739 11294 23054 20747 10972 14442 7893 1765 31954 11484 9652 25834 11251 28532 3005 6190 24422 24290 28853 13034 19087 14579 20838 19889 2590 24921 13497 411 24379 22346 6646 5610 17711 31497 13039 23654 4423 23966 26130 22593 29340 12737 1269 2544 5923 17413 27579 25821 31370 25506 29603 15951 17228 24824 18991 29522 28018 5901 23947 11815 14866 26577 6171 24485 10651 3972 19763 5450 11019 12831 27728 4034 23501 19955 21608 16104 12278 4927 32699 17232 25123 16160 792 14517 28349 15445 14089 30565 2279 22190 809 5280 3109 24401 11536 23078 9336 78 24811 24417 7619 12223 7120 27213 3779 21165 25853 30331 19218 9479 17101 4818 13610 17124 32616 18053 22493 30321 29918 7040 3813 18303 15396 15769 5626 27028 5857 23659 4356 6153 24754 23958 13013 12799 20809 7787 23369 28125 17032 21490 18952 10681 3405 5743 17016 6732 967 18466 10076 2045 27008 20160 5755 29903 21562 5708 21793 15226 13179 3320 17293 16704 28000 30861 24302 29800 24615 23745 21171 29356 3813 15778 9958 21487 27357 21660 5535 32562 30807 4500 8318 27576 27229 17544 3553 24956 19498 29049 27457 28962 2201 13146 26339 28212 12309 6294 7532 29386 4109 21353 11045 8961 1634 16088 8594 29381 32539 32185 28085 5008 2113 23975 25450 21767 11072 10161 31090 8213 4912 32264 20272 16523 29519 32626 9818 6490 5705 3340 28236 19458 5383 31186 20586 8912 13231 1083 32511 21792 2911 30534 29821 14352 15880 2048 15891 23203 14048 23159 31768 26307 30825 12112 6038 16394 7408 4469 15645 9316 16560 26669 32272 20180 7913 3937 5216 19068 10145 8245 11201 5931 8085 4730 28614 17257 12270 
31199 6709 23702 21102 16684 26541 7079 20581 14276 29612 10022 19471 22626 16931 3941 15731 21840 31111 11364 5292 4502 13071 16594 19109 1715 13169 3129 31970 4299 2803 18956 23309 3352 15124 4719 11729 2869 27786 32524 27751 10020 26366 30164 30403 29019 14694 19975 4738 7164 24246 26273 23475 21516 10255 10564 5287 29410 273 2340 18676 22273 11613 24856 20727 11688 15110 14149 11922 23355 12652 7336 24519 1298 8922 16832 20233 1803 3479 29395 19924 24046 31043 6373 13329 30327 24788 25577 32629 24305 25689 1572 13219 30763 25614 5913 3041 10082 25890 22418 6751 24979 21405 32722 29274 10073 25467 28984 23795 583 31327 19698 19752 27559 15530 2920 20894 31384 9562 24001 21538 15909 27609 12509 28437 10700 14139 30895 374 16715 24546 24792 3207 31137 1069 17286 28263 27299 25254 22662 27208 15937 8727 11562 13308 21899 1201 18076 6342 24667 21840 25570 27254 27834 24819 20483 13174 1622 22855 13411 30800 30902 8769 5633 20558 27867 156 25648 4627 11807 20382 10539 938 18195 15278 4569 11852 1909 20227 10945 10242 12742 6835 12057 32419 26489 14383 18859 5950 26917 19221 20689 22945 23190 1466 17915 8852 629 7587 8890 25788 16428 15059 24457 1974 23104 4694 25415 28250 20207 754 2175 18730 8169 9977 25899 6010 29623 10671 10041 19639 17814 30963 14238 23464 23122 12400 18274 23789 10258 26564 12101 454 31201 17277 1482 17057 6863 3796 11631 29218 29460 2033 572 13858 26006 3691 26499 30011 11741 32336 26817 31809 22207 13141 21618 6226 4729 25525 18367 17269 28016 20788 5298 12790 28555 7927 7139 18182 15559 26916 3130 16087 11769 1952 16200 5997 1252 2503 295 4058 29894 718 25565 4922 16475 14330 23145 19481 27172 20897 19782 21433 30936 18904 7317 27510 27653 13551 5370 24232 
25291 13133 17181 15187 29556 3013 28015 19424 2910 16298 8648 23256 4757 30424 15042 2524 16225 23222 17265 19756 15598 5758 21469 11098 24065 6737 9470 29426 8021 12189 28240 6477 7947 26031 19206 9861 18683 2611 21936 12960 17617 32592 9133 9997 20373 27643 1526 31986 20453 19459 13015 11431 6073 4063 12810 26041 2194 1557 18334 8080 17832 30496 5935 21288 30269 17648 20888 23503 27741 32144 2354 19582 30313 20693 8035 16522 25973 6374 13069 8638 3733 28438 28420 12508 21159 8835 5428 30765 20561 14138 30526 26117 6541 3832 10671 9364 32453 7279 4159 14216 15682 20351 19293 24589 26647 12848 21175 19285 18061 28399 10847 15988 7119 8601 27863 27247 20026 24299 15686 6817 16052 23640 14240 28867 8193 19318 770 15605 15303 17413 7483 28224 27546 28913 23608 22935 11342 26675 26 29305 17932 11862 8933 11578 2225 10123 28108 10956 16493 18970 32369 22053 28712 26275 15664 15150 9325 16295 10163 4137 32620 8076 15752 20821 10132 201 11541 27282 12157 20870 13635 5046 20093 18007 29559 28792 9872 17655 15987 188 30659 359 7195 20725 20125 27436 11167 934 7980 3633 32004 27381 24133 1669 9268 8610 17669 27575 28568 30726 21220 17008 12807 28895 31025 31030 7602 6056 20841 14975 48 17395 445 11139 1032 22612 24917 29772 20693 9171 23020 13362 32427 20555 6271 560 32026 11223 25212 9245 31404 2708 376 798 20495 18217 8828 20089 1526 3399 25261 27937 21844 8495 4380 18685 24236 12264 18966 21201 18282 15872 3146 23657 26361 12832 9759 29156 25074 30500 6962 29971 16155 26910 26027 2787 15550 9021 2885 4166 27704 4864 28753 4280 19586 11306 23588 14314 9558 1935 4850 17932 21168 20292 10030 9663 9098 23416 26252 24264 6846 687 1737 4012 29435 18442 5392 18382 1402 7680 
2134 16239 16832 24018 22177 10574 14141 30247 12031 29861 30071 24433 30530 1295 3359 28629 24170 25935 13620 7394 6587 23507 29176 1385 17488 15704 20857 17035 25537 11729 10335 20388 7289 17861 30038 791 26270 16707 13302 11515 32041 319 2987 14911 18901 27993 24833 6659 32338 19430 5721 27865 31381 8050 17593 2822 11569 24504 162 9234 7121 17088 14544 18733 25182 5425 21684 20740 27313 2204 15355 1675 849 6304 18202 24793 26433 32539 6231 26662 25667 9406 16167 26333 5555 27727 5613 490 21732 26996 27348 9836 13763 22285 1462 14881 18068 1303 24990 29407 1744 23406 11047 9646 9408 11299 29546 19011 19510 32379 3714 32328 24290 3152 23874 26061 3763 18357 15899 28891 9087 1430 735 11803 25804 20447 27310 29104 3037 11353 4908 19190 25440 5550 1870 4312 26606 9786 32566 26949 8765 17570 27482 8475 21753 7353 540 25989 17672 17109 19765 24682 32659 12893 26402 2970 31686 20509 24022 12843 21814 5900 28288 21930 916 12447 14218 21241 10404 30372 28139 27294 11994 331 3865 8303 6450 26389 13557 21628 22291 12712 18107 28683 6865 5768 5118 10669 26783 4892 27820 28749 9641 21093 6109 25829 12935 24936 1473 20950 15159 21405 7426 16492 27506 27690 24877 30521 15268 9345 27052 6618 12866 15326 15054 8824 11885 70 19389 20940 7067 7929 31550 28217 22336 20227 11495 26798 31332 24674 22322 20229 22176 28086 19134 19679 23146 26750 20948 8523 26482 8934 4799 11358 30187 12073 29909 24094 14774 7588 6683 23585 23477 23849 2158 9916 15592 22736 10398 30763 29070 1106 7237 868 32286 5885 27501 637 7308 245 9981 5185 13488 17242 18104 498 23929 31707 16204 3026 21932 24563 18552 31345 16378 16514 27498 7335 31559 3298 20546 26336 16365 10994 17302 19457 9133 16719 18459 26840 
22663 5157 9596 30063 17260 11249 7338 20971 21095 11348 2595 30282 2322 22737 22981 772 29472 19589 12201 10908 6279 26165 13151 29790 25964 26835 8752 17090 1727 2232 30656 2610 23677 23459 6477 26899 10587 10812 12048 19089 29621 20431 31347 26599 29457 164 31973 28346 15391 19825 12860 10235 23546 30980 7915 17666 11405 17346 10392 2554 16778 26182 1439 20178 17044 759 15015 21889 20931 21718 26195 5990 7719 24348 20090 391 12953 8787 15722 22005 797 20786 22387 2167 4828 23484 22840 26914 25237 4771 3580 840 30557 7700 9777 24159 18335 7775 20813 19687 7576 22618 364 19659 9476 19722 27343 16415 4974 17893 790 8622 16043 27730 24240 16620 27285 15042 3537 6900 28944 29 29746 24309 16874 29581 29378 26095 14217 22418 32415 31883 18748 5464 10798 15354 16006 31782 26978 28999 26236 17919 64 27918 18012 7147 4548 21109 16964 28169 24547 21812 29086 17681 13213 8801 911 15127 31921 5795 12504 24301 1421 12058 9251 21698 30717 489 10049 18045 191 5578 12192 13439 15297 11072 28660 20346 2358 20103 11115 13449 27368 14582 26924 22141 30865 2478 26463 19224 25098 13570 27391 19560 30330 11390 6927 23044 25830 16666 26102 31536 153 18047 32365 8367 20055 12912 25886 8560 7921 17140 4382 5895 18239 16679 27518 25782 3075 751 31585 28339 23645 32563 19944 14234 2172 26696 3006 25763 16545 13793 125 21918 4580 27656 13667 6092 248 9588 1232 28496 20291 9009 24364 18981 5262 14868 23129 8336 17751 24166 24429 11511 14054 32318 29215 31703 10656 26763 6100 27016 27011 6419 5194 3516 14508 17391 24388 3758 25289 20772 18928 1559 1838 6491 19016 26981 27403 26523 21370 8009 5962 7127 15044 2695 22135 17010 31355 15585 27674 23413 7190 9364 28127 30710 25932 25934 23632 671 
1324 27683 23608 121 28217 3977 4683 29782 28717 13297 16123 14697 21716 13979 28400 1358 17848 1765 25078 17221 3257 18586 2747 18980 11643 24444 10840 21765 3565 28873 2447 23951 8848 8633 11678 28198 6967 7036 7029 8411 23427 20806 9369 23937 14280 4713 2851 11074 14444 10278 30043 3176 19131 10948 12395 121 31050 7736 27298 15737 13041 19401 12983 20576 19678 15631 26493 17323 28197 17267 24792 14406 6345 12422 19612 8183 19626 13790 21312 32023 22071 12652 29141 28200 19148 16109 26449 28109 15265 12966 6525 17333 20194 16882 10072 4327 10097 25667 21653 22402 14103 2766 23722 10753 3857 7722 2449 15954 2809 28550 3747 17719 6835 14387 13487 26776 30330 902 25461 19077 22867 1019 12393 14345 12563 7322 16893 19605 22563 23294 16373 11071 8812 32184 24320 27056 30466 8216 8477 4168 4378 24029 12820 30565 31163 27442 25440 1558 32028 13435 6198 20123 22465 29654 24597 21399 20033 3760 5455 890 10594 17773 22220 30609 26720 23024 9774 21800 28061 8680 18946 32484 30025 14333 15803 18121 4817 29952 7329 14811 26272 21488 16103 13106 18237 6437 5793 28501 15873 19929 8549 1453 14932 10051 4251 16293 17536 29575 5840 10124 32 18138 15576 26222 10304 30260 5894 17506 32763 12777 10182 20403 6477 3753 31478 24869 11811 16465 22404 23685 12885 27394 10619 24923 21876 30236 21863 7530 32041 11531 22327 27279 32481 18984 9392 24727 16558 12397 31548 14299 28071 7070 20523 3695 21283 11924 1900 6918 23071 11834 23770 31790 31621 8129 17477 17070 6736 18883 15055 16335 4855 18317 13304 21349 17138 3806 11874 8571 31814 17259 17551 20171 17607 28216 25161 25051 31040 7623 28625 13295 10266 27520 21273 20869 16595 27808 27557 20519 4337 23724 2989 30506 8376 12547 14949 11151 13289 18062 10730 24303 
13821 3146 5462 21076 597 24076 19535 27890 32062 20484 28094 18682 32242 5361 21806 23954 27624 27951 17941 2548 170 5759 23635 9505 12046 18105 31645 27622 8331 2594 3360 23253 18140 15589 5983 24865 3654 18905 23304 31588 18178 17969 9615 11568 3665 18022 8186 26639 13848 13743 32408 16342 25889 15178 25479 4900 27921 2026 18271 22707 1215 4009 28758 22435 30890 7470 5315 16567 9286 2557 14503 10217 26378 23202 4846 17102 30870 263 23711 14610 29059 11943 14471 82 25152 29557 9243 16989 32079 13445 2871 3868 29423 31784 23696 22714 9809 29242 5300 23128 11120 27673 191 25558 1988 30217 26861 1251 4527 6070 32010 18054 31303 31722 14636 10331 26514 29162 1088 14231 23841 24828 19891 15144 13506 24118 6692 19341 11510 19991 30237 12555 8705 9562 360 4012 22582 6475 12582 11836 7995 6766 8511 17392 14732 2743 17854 2978 15827 3679 32587 18813 6338 20646 23630 17286 6943 23561 30171 1128 32725 22276 20033 6147 25287 26732 16729 1734 5941 20843 3836 15948 2768 5062 12943 27468 4216 7547 24841 18557 16626 10376 14015 1779 27681 7087 25273 12606 16690 6627 17196 19918 23834 21901 6849 30857 9624 16046 15975 10591 23395 5428 8643 18815 7040 26886 18004 19362 9090 7134 6111 17099 21686 10497 22364 24532 20830 7085 18717 10234 24575 3238 25571 6162 18981 21728 27332 8012 24732 10817 28554 23710 14222 3670 17929 24045 20804 2782 14247 6771 29859 12177 3809 18006 6328 14480 31788 10159 25098 31791 15227 32556 26488 14573 14519 23509 24198 5006 23187 31301 29534 14591 9614 16433 12532 10997 11243 18249 27 24431 28703 21915 26132 16767 3382 10878 26084 5467 11175 23899 1979 25853 6921 14414 24133 27923 30301 23575 9628 31179 13711 27699 23597 23186 15758 9699 20605 19846 9921 27672 
8163 12023 8160 24201 27968 12982 14040 16997 30260 17475 2642 18416 8326 12999 24252 17715 25463 18750 25502 29424 27224 6707 3851 23070 12566 22322 22080 4410 31816 1849 25709 4718 20048 21194 30172 21163 31676 4048 22695 29550 11150 8684 14452 28779 31719 19491 16971 21810 16855 3257 31979 6204 15087 16406 21160 18158 12470 13213 258 20766 30852 19643 6348 28723 3939 15933 15728 1445 9648 4481 3039 6069 14306 2755 10871 2912 21974 25530 24635 25888 15978 376 12736 13477 1578 6633 23882 9382 15756 8064 16481 22018 22319 26208 8939 28382 1204 8673 8163 12909 3051 22417 24365 31807 15473 26002 19964 17588 14659 26356 6241 7798 15164 5586 6789 5936 28394 5784 32348 1300 29977 1296 5657 26191 14021 32193 19261 29062 23660 22061 26150 16859 4912 32094 11847 4281 15837 4473 29120 3793 19839 25397 31304 23927 18211 32599 5597 24262 22059 16830 5233 11658 2800 17044 25437 25669 7019 31725 23855 22296 12470 27137 3210 26259 24537 2877 741 28962 19215 28034 9771 8847 817 3668 19132 28134 26726 21869 7496 29916 30067 1643 7700 23114 6913 32383 13664 31445 2658 29716 18885 27399 846 12571 11107 23976 32714 18698 30747 25897 10931 1285 12363 13586 21323 16424 32215 28332 1351 22646 22763 20942 23295 22619 9767 15798 1710 7849 19203 2515 16603 9209 17864 9058 17017 27488 31578 13121 31576 219 3992 22383 17092 6739 21905 10938 22442 9161 22173 2263 9025 3641 767 12631 16574 22755 18032 9772 11744 19409 397 13647 18004 29136 3149 7490 20272 12616 5827 22624 20998 23201 26119 7115 31849 9480 21622 17595 10885 17166 5953 6176 19846 10375 29732 18238 4974 16445 11297 25994 9565 18878 28904 20918 26004 15593 31680 18311 374 514 25072 8675 17949 11892 5998 2150 24456 23936 23221 22821 
17609 18170 21490 20205 24376 28402 30114 31395 10057 22972 30561 27960 18170 28288 23411 26451 6500 2161 28163 10770 9348 7885 12993 20722 10741 11570 22008 3661 18528 29104 12514 24189 12824 28004 23241 11888 7308 19175 17908 8313 22671 15254 26396 29427 3797 2339 20976 23530 682 1778 6766 26144 24239 11403 5323 14375 23050 25422 10690 18160 25571 1397 19166 27707 12462 3814 32153 13494 12914 4525 32434 25313 2835 11065 24387 28847 865 10084 10994 5921 30158 31135 5877 22165 11647 5950 16191 32200 13638 5357 17741 30313 21998 32274 26396 21584 13434 5689 31554 31071 12123 1936 3565 28906 8740 29077 22059 5139 20933 31843 18801 27198 23766 4258 24990 12133 7446 24442 22213 21172 29407 6269 30245 13458 27448 30569 22809 505 24044 18063 25741 21144 6383 25912 3438 19134 1128 13005 30778 22476 30029 14357 1752 509 4864 19794 21615 15108 19032 16591 13900 10755 4327 14462 32418 7407 1195 20702 21541 28366 21310 379 26802 23028 4629 29655 8052 13907 2608 7199 8033 18761 19069 3241 12229 16915 6078 2924 25291 24796 2210 2418 29931 2542 9460 3088 32418 8414 7022 32597 26196 10038 16713 7518 24791 10810 32450 14007 18068 9638 23477 2502 12820 14429 5888 25178 13477 27845 12865 6754 22467 18901 14309 26312 17166 18448 7712 6050 16413 3210 2341 3263 21124 9962 9630 18212 22502 17075 25062 2599 29849 29708 25404 9301 25171 23570 15114 2897 30783 10778 26954 2299 24437 9353 31918 16515 12216 32396 17954 32196 20169 31091 31812 9729 12570 22958 25649 23146 13448 31962 9171 4297 11975 16455 15884 28263 32623 20450 29610 30918 1641 17865 16733 15547 5948 23963 19414 14512 17729 15921 16518 17806 8999 13895 31759 18273 5648 11796 14115 1867 12416 28656 24111 22202 1266 12727 8763 17787 14268 14530 
20389 30192 18046 11992 1288 10547 18882 28053 23812 22807 8793 15688 28293 20732 31556 7172 27660 3040 23700 1645 1456 15835 21120 30012 24002 21344 4196 27616 3377 25334 31770 1155 22796 16106 14050 10551 3985 23400 9997 21025 4351 20968 24411 27368 9960 18810 7661 21779 11886 5709 13722 25824 13565 14258 11284 19050 16207 7741 17992 23138 19173 21166 8558 30668 18928 15989 9912 16920 27479 1918 4406 14577 26731 28365 32457 22090 5171 17089 25514 5811 16663 2717 11601 27750 17540 67 29990 17607 29675 25704 7068 22869 7160 22684 9076 20477 25789 27304 1416 11588 29410 30162 22561 7903 8640 18348 27618 20853 4628 14005 19655 19121 5997 19503 18718 19970 3506 12644 1503 23504 32158 5808 15161 29905 5990 13123 14080 25727 32573 16803 4858 9829 24764 17804 24172 9860 32702 21514 9641 23303 3359 22603 22902 1403 23176 30101 32133 17865 27624 2309 20271 27702 31173 24982 662 9620 29099 10389 32569 2221 3376 12342 599 30872 9423 26104 16612 5000 19308 20517 17629 27544 27395 10003 695 2531 8057 22236 11724 11937 32672 21092 24707 15979 15856 31812 466 7281 15368 2457 28792 18041 12956 4534 1846 8356 24555 26391 13351 6187 11979 4232 26702 16350 20592 9799 19729 6920 16264 31001 6191 23077 9086 10975 3153 5460 21812 32451 8880 18299 3772 16674 8661 12682 8048 12054 17930 8505 24474 25314 5945 30022 7546 26723 10855 210 3706 3993 28476 16608 452 26515 18751 18227 26948 28535 17397 2792 20801 9746 11530 13207 22633 16946 11041 23089 27906 27603 13433 25527 27027 4769 20228 18965 17959 10812 12967 22549 22121 9200 23701 6321 24499 6153 1360 17915 17561 8460 13818 31777 1738 12888 26869 8493 7236 20437 260 22841 4581 20821 24104 15623 5789 4387 11744 19757 30339 421 30938 19695 
11760 584 29847 8455 12400 20683 32625 20853 31331 17303 13440 22214 3645 7647 27550 31021 31255 17280 2961 30525 1703 1330 4428 3625 20619 30851 10396 4472 14639 29771 7578 8611 1908 15953 17513 5258 15031 3051 22441 6224 29163 9747 5564 21240 3531 14311 9616 23076 10307 28614 25589 10892 9517 15104 1585 20930 2310 776 17385 4248 17123 31654 26032 5809 14978 12751 29833 31263 5630 15989 27242 20907 14412 15880 13059 21031 18914 4798 10550 20545 7656 20717 3569 11064 20303 4393 23087 28924 11014 29728 26629 3908 26072 5620 30486 26601 27344 32092 7165 23218 18697 23153 4200 8263 30475 28154 5370 19693 16441 32628 21584 3893 26603 31388 19012 8952 20632 3224 16758 30316 21774 22611 608 7233 19841 28515 25891 12627 1307 15840 13718 24638 22642 22091 772 2636 30035 18899 565 28059 6513 25903 29147 20990 26709 20970 11737 29716 9255 30251 23162 5995 28108 13907 20102 27408 6517 10402 10954 14227 29450 5358 17102 21779 5766 270 6563 25161 16293 12373 2483 5725 15734 6821 27901 28541 13126 29909 5121 5192 24285 6791 8944 12008 2313 24977 25334 4373 13555 29212 1692 26265 30092 15227 3972 22086 2189 17288 21626 22700 5821 15154 31049 21662 18072 21687 27717 30098 24483 3152 15790 9408 28329 32760 17354 3415 24551 23744 29640 23010 5146 6219 29610 3941 9319 13055 7019 14383 24426 10822 14489 26886 12282 17195 23646 25102 20412 19102 25973 31498 31272 13452 9056 7672 29070 22928 28499 23514 27117 5791 15538 28199 9044 8746 6842 9121 31164 18092 20402 30758 6971 18064 834 25103 9901 28064 32368 1829 3509 194 10999 18003 925 24483 18648 21229 9682 28046 26496 31789 23517 25460 16905 6889 477 21815 29460 22916 5475 32456 7356 16571 9867 8119 20140 7198 23338 23509 16306 12081 
32220 12731 32301 7449 13325 24595 2814 2276 23860 31671 16298 9087 14769 16505 18249 14009 1736 19622 14373 19559 3099 16465 10913 27138 24256 7574 23956 14473 15689 22843 7933 9264 26269 4507 4126 636 2417 6102 24786 27175 25640 32377 5358 22287 877 19842 26553 25114 27914 2066 19454 19355 828 15497 385 10571 14395 6963 30765 25125 13426 23791 2534 31771 28651 30700 4690 26597 27508 12165 20791 3615 32363 24874 5132 8884 28219 8680 25334 30252 13113 24804 23014 629 32188 21608 6178 7777 3584 9196 22812 24064 11617 3789 10915 30091 28889 1458 24136 28064 765 17817 22888 22401 21084 7636 26016 172 8379 19076 31296 32057 26767 16232 22647 19601 5652 20367 30214 6259 5928 31549 5196 23249 32248 3296 9608 2063 27185 15723 8244 14016 22458 14048 7888 25501 18408 23039 12458 3124 19004 31564 21446 18103 22999 30710 2317 17233 24376 747 21084 5164 4791 2811 2365 16439 21868 6564 2921 26300 22563 3255 9604 26548 23258 31279 1172 21772 17530 31513 28702 3775 17544 5793 25556 29730 21853 6139 12040 25354 13802 25302 9857 2357 497 7827 9439 31927 14848 19861 23837 3635 30954 16120 30611 25531 30 30588 32042 24423 23189 14645 24038 23380 11176 2085 14035 31842 12247 18544 1963 11388 3950 10993 1357 6998 11453 3931 3126 7205 1077 9178 2319 21741 13143 23909 9603 19183 3650 27586 18515 13161 31570 24606 2552 11139 26800 26954 19249 28287 17328 27302 2132 4609 12959 26976 14224 26884 7866 11846 5687 731 30601 14090 13226 23699 16214 2433 22001 12529 14984 19030 15189 2922 25577 9478 19740 31581 13006 6394 10334 13528 24796 18879 27129 2514 18483 26811 14576 15625 1024 24472 18937 24513 16607 31129 21012 20783 30675 13019 27326 10339 29606 3769 20942 8837 16795 24868 19814 20361 
13018 5543 23575 23026 20400 23715 19226 5963 19694 15970 5945 29419 4149 23893 9216 31174 25437 10800 29059 3480 12505 18691 24758 4395 23406 25949 30840 18611 21106 4635 20399 20969 11950 26174 3960 11496 11605 28250 17058 24838 15923 20116 3409 11261 13115 12002 8542 5762 20836 2466 18412 23397 11904 19236 23356 19916 23534 1159 11008 10865 21422 7270 2234 27937 16279 1356 32258 29728 22287 24505 3137 21183 14385 32391 27545 17414 30782 7628 6831 4839 16779 28384 28867 23474 14656 21451 13156 22489 28705 2103 6685 954 28295 20234 21151 1084 29758 4850 16583 9209 2337 12871 31937 12935 7346 3619 342 31222 24194 13895 1311 20761 8721 21487 3565 2059 7687 13048 7827 8298 4388 1289 23519 17698 10181 4408 14254 9849 22865 19830 11736 32614 8890 985 20764 937 32276 29722 22020 23776 19283 8331 28234 20867 3460 6197 28383 17735 6156 16534 6276 24592 7149 1520 7384 5556 28528 3217 23553 11484 27515 17547 1226 14635 11698 11087 5114 31646 24977 16302 24170 16528 17750 18090 31408 21241 12152 24592 451 20824 21117 9527 13808 2478 19369 27078 1485 27439 16770 31404 12141 4897 18190 9307 1367 24626 24864 10552 21111 3481 19988 5463 32729 21907 2479 13939 7938 30400 4622 16757 4740 24062 13625 4345 18900 14635 29694 31082 8753 24651 24097 13001 20762 23649 14706 25219 9131 30066 9384 10460 2628 24153 27278 27926 31957 16694 30330 1325 17926 13806 16979 31392 1348 6500 31844 29958 9229 29821 32699 9702 18888 23584 8288 32269 18134 6468 23567 14940 18343 4054 5489 12843 24614 15733 12686 25398 30022 6067 4456 15777 17477 255 22550 16688 11864 11216 6132 8019 21015 452 31812 18745 9629 29132 5976 24837 2470 16448 8515 30380 32596 27570 2348 30448 3637 8515 19195 12489 18417 19029 
29163 24549 5535 5529 25332 14716 30774 21210 17237 18794 28481 1962 32394 1671 11544 11544 3696 28447 31895 19542 19042 8311 26352 22661 4005 19150 11453 7761 11461 13509 23617 4324 32478 10349 30737 26012 9849 2272 10703 25330 687 15805 10334 17367 19720 23219 17987 22133 21500 3656 18749 26414 5295 23170 15634 13509 15135 19695 17987 10438 24076 17563 22672 28913 31350 21431 25136 3489 21840 4223 25022 5791 15907 24749 25207 26316 32402 2644 105 32087 9000 16978 17944 18863 22639 17657 32151 1842 27131 21182 11780 27491 14914 7268 29053 28749 16931 19388 2562 1405 8481 6691 8932 15520 25874 15305 10198 10342 21251 27204 15557 13941 27892 27904 13404 8438 28584 22454 6982 32628 31039 22268 3427 20953 17151 6272 20106 27364 1255 9406 10280 28153 25273 28596 16055 30402 3963 14583 21828 15532 15595 10003 31451 5246 8558 19759 12201 19116 30781 2547 18474 5823 4348 515 31267 16269 26207 18132 9928 9432 26085 1718 32512 17701 23442 2524 31495 10834 24301 28282 17299 4667 20077 28006 29493 14663 3334 14444 15884 9606 32447 17672 26250 12924 23295 2555 5129 27645 11714 24259 23837 13942 9401 4821 32110 18372 15923 19844 15082 30337 27595 2451 5980 20358 1451 20033 20784 1309 8773 21369 12630 13030 8609 9141 26611 26484 20926 10023 2185 5443 11703 7366 23163 8972 15433 27519 11805 28787 24183 22114 26660 27585 11948 17041 24897 14822 7511 24661 27242 1333 20211 31618 6704 27411 25983 13316 2392 8435 19836 31351 22595 23870 8246 26737 4581 16704 11386 20175 29697 19365 2781 29844 8222 24188 4916 13951 24622 11471 12068 10247 1356 24891 548 1816 19144 19959 1700 9433 571 11036 23258 22869 6544 24251 28941 22609 26962 32101 16782 16658 19253 23481 25713 12813 16123 2772 10442 19654 16305 31064 
29557 25944 8051 6248 18073 2349 9901 25340 9327 24943 12867 14182 18052 19537 31580 18942 14472 31635 26988 29911 19901 4877 24272 19258 25788 9790 16597 16783 18633 28794 16344 19906 16061 25425 22362 11660 22069 31957 818 20422 17032 14380 11603 2073 12527 24816 1035 31409 5683 16735 21015 7687 3482 32517 19709 20178 15311 5207 27095 25716 26252 7175 3964 3022 19014 19338 9273 22256 22073 8663 27145 21600 24993 7308 514 21258 11721 25582 22152 32343 22104 1186 29481 26700 27099 14522 29751 18103 14387 6887 20750 25517 12239 29573 14232 10538 636 15068 29341 10830 24970 24207 18317 28479 16242 20125 30036 6505 5708 11966 18116 8440 29664 5560 9545 30933 28323 13252 20149 17529 11995 24910 16561 3880 11635 777 5469 1222 12210 11917 31412 27924 5238 5849 25890 101 27907 31611 23947 14165 25768 28093 26407 7728 12247 12686 13873 3382 26617 7973 12588 30061 18013 10631 20776 20316 6214 22596 19532 11473 24653 17031 26378 13726 27562 24090 14556 18048 25441 12122 26055 9572 2600 16914 3713 28137 4973 10622 24124 30751 19680 23591 11559 26770 27858 7734 26518 25866 9932 23955 13477 31100 19456 9908 18380 10437 3862 12489 356 16793 2202 23953 72 4330 8052 22846 28596 15978 15793 41 9497 29669 13937 26679 5176 22801 5327 17884 6611 3139 4765 7480 13472 12040 6251 14346 26110 1716 25527 23385 28037 12661 29468 10596 6396 10704 25584 28915 1215 29126 10664 15664 5542 5752 22854 7921 15384 21978 7771 9160 28455 127 19758 3236 23146 27988 22811 5233 21393 22297 9626 5600 4912 8048 19667 7349 16750 3087 20998 30018 8094 23622 28121 21069 3026 15912 22415 22712 30686 8506 11257 23888 30682 29287 4653 16856 27240 19321 15657 29937 23097 10279 25060 29853 25675 7677 27657 21130 21586 13496 
22162 6204 617 20840 1194 23247 18374 3615 10545 30353 7640 31350 1350 8246 12913 11865 32298 17126 20738 7287 5131 30762 12080 19649 28974 31501 2572 4227 24773 11014 28163 7320 13666 5919 31274 6745 28410 9357 15877 12328 30268 26496 15108 22930 18726 16549 15732 14143 10779 31884 30272 13713 25238 19994 6387 5318 2781 2804 16147 178 16012 22465 25353 21489 15546 23625 2154 29878 23309 4967 5630 32559 24556 28358 1731 15335 18630 274 14690 15059 14168 5536 4094 23142 777 18867 18213 25485 1578 24461 10017 29074 820 26474 11179 20667 17369 6147 17027 18729 24906 4235 6573 26649 32334 13907 1415 12556 10784 27320 26691 37 11045 13833 30876 18954 3046 4125 4955 31703 25355 17984 27880 399 12054 1864 15886 2423 14994 650 26868 10870 7497 1075 17014 7802 24472 22335 11539 16743 803 6538 10566 15170 266 2644 30394 16890 346 13723 12493 17814 16033 11128 1060 8140 21754 2188 9315 12300 29673 21372 24619 14262 9071 32043 4492 8169 14350 20042 26160 30904 14785 3879 28775 4894 17107 6433 16752 2119 32063 29324 25965 1536 6592 21956 17063 19614 18165 3929 7166 8000 24909 16753 30942 24588 19535 5308 9303 13195 30733 14145 23616 22801 25255 5109 21617 15386 13647 30596 26281 25607 26472 18495 31605 10159 1706 31206 27216 13199 16971 16658 26142 10652 17732 15967 31815 4527 12463 9970 7791 10684 12582 26407 15399 25923 5781 7373 22338 9625 15389 19122 19045 25390 7366 21438 12898 28447 4314 20632 6204 13622 10074 654 28656 9871 17422 20796 21253 23382 9399 18732 27548 22525 15233 7784 26308 15735 31741 1054 12987 28304 30002 14575 26842 25983 11373 27789 11102 10594 25890 3729 7926 8134 2597 16845 2324 1780 19696 16658 30237 6325 10998 19510 7637 27281 18229 1210 11769 29221 
11214 9062 23711 6113 29944 9289 320 15186 31939 24771 28579 5254 30704 16488 32171 28810 4168 27447 30666 7976 25234 11073 5731 8232 26072 1345 6052 10233 28901 15129 20521 31786 27009 3344 3660 22839 26154 4915 1715 2495 25490 4970 4046 3711 26179 3582 6632 29683 11657 4799 14491 766 9482 5279 10464 11809 18313 4356 17193 32450 10796 20592 919 28623 7239 30578 14601 5283 21587 942 17419 31841 23639 18542 15009 3721 18947 31622 10857 23970 32133 30296 11295 1354 11137 25833 7765 9923 29250 4078 627 8634 15141 5124 1492 11533 19532 14051 15331 13813 29716 7509 6059 15929 12981 29786 28904 13189 17485 26210 9959 32209 20298 23698 13024 5684 432 31819 719 24935 26046 9520 15989 31686 29706 3014 7073 22899 1904 32634 479 10533 12435 3943 8318 32305 19452 29799 26110 27529 5027 23622 19185 28875 14484 14519 9168 9012 17402 2613 25249 28440 18733 13583 15253 554 11810 1445 25387 3259 15245 12632 22878 29711 28379 8111 24896 17390 5103 21327 10372 22295 5046 24355 20113 21115 31302 16078 11860 21985 22125 32264 16451 20901 5430 25174 17003 2033 4589 2909 27790 12869 32175 10925 516 27684 13790 15986 11213 7391 15302 8167 14078 8946 28014 10996 10148 25860 970 796 22984 24951 19014 21546 30630 20329 19780 12063 15529 24285 19265 29008 10484 10318 28275 19468 17549 5414 20605 24861 21704 30495 28343 15870 1464 515 42 4667 12805 7838 13865 10890 26079 5966 8364 3413 6814 30261 15891 35 9124 29259 32035 9470 25997 351 596 13129 5125 28342 28468 22691 4966 885 12435 31013 9075 16050 3292 5594 19317 1657 16316 1217 231 22921 21682 5759 839 29795 9943 25806 3671 26347 10970 555 14910 18446 21739 9439 4409 22011 14870 27337 15304 31898 30029 30953 10594 8545 
10490 11776 26752 19286 17414 15470 29854 32519 30920 3665 10292 18260 1013 13187 12495 6916 22850 19271 28853 10472 25932 17311 31904 23690 21402 9219 4758 29314 15074 31875 4862 27339 529 23877 30235 12323 32444 16224 20411 19930 28781 23558 27381 28808 24431 17344 29075 16331 28592 29177 15224 19259 16904 12283 10291 24798 8122 26148 28704 26842 24525 27641 1025 10978 24641 238 31243 13038 32283 32485 3510 12020 3163 18658 9494 14474 7330 11801 4602 16869 17353 23767 9097 14217 13360 20730 1118 19558 11479 14206 20415 27780 31462 25149 6905 29227 15096 30956 52 32565 13410 24003 26972 25840 6743 3048 20458 28708 1520 30285 23950 1927 9803 14866 20777 20428 10108 5874 22439 16128 26384 3349 8515 20173 20355 22096 25681 28235 1308 30542 16375 8921 4108 14274 5909 13219 23209 27734 10929 28958 14589 3683 12207 27243 18387 26301 13545 3913 31266 10066 7416 6213 9893 17453 26700 20169 9520 30791 7820 15731 7074 409 32053 13511 9951 885 1894 25109 31758 4991 4068 2151 6676 11831 9124 30710 2546 30184 14155 20387 25642 23212 1805 11176 20080 25763 18431 4026 17112 17624 16864 19090 27747 6700 3318 20256 9526 13318 16487 32050 3693 29412 19603 18528 19876 24992 14196 17631 7190 19180 19269 23304 14304 22471 19964 1886 14867 19386 14582 11796 25849 2738 30393 30420 7698 19967 15804 16886 11898 18965 13539 6516 15757 18371 26710 16388 16975 4379 10074 2028 2074 31927 217 20524 30241 28606 2039 10742 28392 6473 8355 26974 13223 25881 22570 22996 25410 1254 1533 21281 23593 17066 22630 4893 24839 674 17859 29404 32034 965 20951 3635 28078 2432 5005 19313 6600 5354 18547 5152 15926 1365 6941 14531 1016 17781 3402 201 31164 24868 13366 18266 11915 8466 16263 3557 24502 29297 2743 22485 
11353 9083 30932 7436 20876 7986 23731 10125 22675 21442 186 7787 14314 13047 6536 12604 13825 8780 6174 3702 25156 2173 100 9490 23481 19628 10511 4632 14147 8300 3961 24961 17839 26239 15493 24127 7470 12166 11364 14027 19707 4030 6907 9909 15069 23993 16982 30627 22503 20294 30461 30862 11219 786 32358 857 2722 19958 26263 19911 22226 10721 4349 31729 9977 3986 29448 22041 25224 29067 28512 1256 12516 4319 28985 16108 3841 17932 12320 25415 27611 2267 1154 9736 20946 31729 9606 4024 12149 13386 14222 8435 20410 23020 25501 29355 25383 4288 30658 19224 9498 13812 10070 23328 6581 13725 11898 12742 22316 20764 26643 3198 27488 26247 2741 25418 6007 16097 1611 4760 16388 16686 14624 10003 12985 26106 11023 17852 27472 4268 28659 10038 8871 14502 24980 19244 20228 27534 4825 10567 15071 13707 16484 22559 21877 7520 16452 9529 24810 20705 6272 1354 8294 27590 19077 13145 11012 16051 4640 31792 31600 13667 6607 849 22500 10175 6625 26062 15294 14983 13177 27079 21796 16636 22307 9807 26955 1661 7584 6226 15001 9330 30750 18543 15763 1002 32426 3012 14464 28514 8452 25278 6127 14028 11127 18387 14347 8490 26562 10901 14511 6108 10222 23808 25746 22041 23358 19017 31278 21813 187 16182 31300 11357 28453 28255 25573 23769 27171 15346 12864 9477 11223 930 31683 20626 1331 5942 6419 9451 948 13054 10574 31148 400 15285 11201 6532 23539 5031 5294 3285 22703 10648 13840 6458 22502 20569 7081 21894 6299 1536 29087 6302 7315 16567 25514 18221 4534 16709 16552 10050 8196 28762 19083 31578 6591 1938 2694 17969 20307 2660 625 16024 4200 772 7820 26170 6499 13419 14307 14081 24907 21117 32594 19028 4074 24130 6932 25310 24569 3637 22532 29035 8511 7827 21937 28636 6906 16841 
28529 14765 26683 24881 11138 13472 266 2502 28745 32338 759 8617 14124 30896 8848 24436 27076 19165 17101 15799 1875 12693 21553 27779 1958 19093 14771 24735 23540 32583 580 347 18595 11900 31183 21186 19538 22996 28936 22099 27937 17286 20081 13520 15049 15255 12215 23716 13538 3479 25787 17931 31978 18984 20524 26884 24702 25316 25607 16914 8238 21785 11352 4592 21284 17619 15024 28085 13128 5304 1148 17254 3193 4474 29398 16127 29327 12257 13543 17171 12455 9830 13881 22842 26349 4722 24495 15132 28760 25744 8635 16069 12618 12089 21617 20731 25122 11856 13947 32208 3565 9967 7998 9601 18794 23658 21501 95 21315 1148 18718 9041 17483 22405 30454 6587 32193 13932 11627 12664 16715 28621 479 5464 31048 28446 21707 17584 13666 30651 25132 5341 25053 11536 13866 29485 27927 31071 21064 29347 100 32726 15735 15394 12930 790 16386 10574 6589 23119 29493 7076 23279 13798 1958 15544 15481 3205 11666 3613 17110 16427 30830 4211 15989 30747 19354 31391 657 984 12899 6022 21494 7084 6048 19882 16319 2879 20633 22801 29316 1951 2507 13459 9088 2283 14285 17557 996 12987 22218 12947 21226 25726 6865 3010 13713 2755 29655 22076 27397 6417 10822 22012 32081 3748 16430 21222 3989 3981 20210 24660 31245 4895 8228 13009 26325 404 28438 20651 20620 27311 16147 16982 28857 16083 31913 31245 22537 2179 27904 25682 17923 14329 16366 23026 6539 2356 30867 15821 24643 21953 7318 8693 19580 19620 564 5905 975 27346 28135 23517 6958 10173 22476 20481 23336 6493 26198 13467 1705 18110 25812 21681 2266 23637 24099 29853 11816 24238 17429 18365 7163 1765 15169 30482 23176 11674 31275 24178 2132 29079 29769 22412 19437 14847 3675 25296 19131 2131 32192 1426 23563 1062 1416 26327 1904 16552 26477 8581 
30220 15419 278 30988 10768 16662 1910 30690 14906 26467 23723 6370 28996 3280 13037 3064 32022 10448 30448 21520 14471 32054 11142 21125 32625 19902 27733 1377 13739 7107 27180 22095 22924 5860 5399 28596 32499 27494 29327 1935 3974 27239 31376 7803 1709 25552 19752 32621 16719 17384 32592 29353 30038 5972 4610 9475 12076 15613 1212 19652 30579 15485 10411 29260 7519 3011 10484 4235 22098 27074 12941 15751 10111 10302 20832 13379 1880 2541 15656 20530 23684 7826 21594 9095 29639 10849 15953 17436 19592 777 14053 2918 2124 32263 11733 18815 26207 7260 28506 17593 12830 16792 3709 23929 30513 7775 25148 9904 31563 21031 8940 10843 27021 759 32288 6151 19559 125 13527 16276 14136 31317 6551 8965 23602 5966 28862 3426 23478 24690 28203 9891 20599 22074 16680 28925 26785 14277 24514 740 4147 14594 19561 22330 627 23664 27248 10770 28857 15540 21631 18173 2515 5348 31354 9669 309 23261 32065 16405 27774 16928 24470 7018 11614 18566 6281 855 22837 323 22428 5436 32510 6283 19201 9151 7493 23063 22241 14219 10703 18125 4501 1706 18929 22151 23020 3802 23367 17144 27291 2754 13937 30619 23041 14506 1736 4046 22286 18403 27913 21488 17929 4128 21885 7186 18982 30588 22361 5535 23794 9680 31150 3338 16198 1380 11354 25353 2007 390 25804 555 6474 10238 31731 20682 31776 4766 2190 6456 13869 22144 28876 3182 30730 29491 18829 13772 2491 20021 24519 9800 16988 26690 21068 16659 3559 16038 24206 19896 20464 23158 3573 27377 31081 2766 761 21682 10150 4075 13311 3382 20671 15755 32524 2885 5032 6494 5823 32392 2649 934 18037 26366 15227 7307 17633 14352 10620 11705 27886 17445 11772 807 10686 13824 22296 4056 26013 2479 6007 31746 7534 17175 29826 29158 32603 4947 3833 23761 
20190 17576 8399 9689 13042 17970 22610 12598 14930 15629 6020 11823 17247 32151 9935 7647 15744 21773 7453 22090 10948 24763 12884 14748 4093 14253 25478 5848 30664 21674 24007 31647 25096 31854 11479 17363 20583 10398 12593 28453 26978 13687 9261 24516 23314 30994 7266 28815 28947 21220 1116 13397 29728 29490 21011 14828 32171 7829 10415 26172 10505 24120 23701 17370 18041 6026 10082 9821 6643 30335 22520 29206 29083 27592 6772 9855 897 8942 8218 25978 14427 14533 27001 255 19167 24622 17917 13559 2868 1282 9674 4946 19975 5193 18936 4332 24613 22856 4911 32691 27830 29453 24338 8464 21773 19380 2014 1738 10722 14810 3152 22138 10473 18241 1941 18299 3394 7483 24498 29212 3901 15253 29787 26611 29899 9159 29533 21192 12620 1265 9375 21036 22549 29259 6251 8694 499 21306 26535 13235 8277 29971 23199 2508 28378 8389 26929 15509 19364 23105 14527 12505 20775 3640 29181 3551 5042 29756 15813 7949 6119 17963 31028 14933 22273 4346 23703 8017 2899 16020 25656 7160 16137 6629 4132 24569 27240 17975 22002 17965 29731 10104 10785 25069 25978 10523 15705 6605 18629 2568 20132 12246 22956 9594 24995 13145 17872 17149 12250 25497 12264 11156 30021 10731 28594 29056 11197 551 11522 23479 25186 3601 16783 29488 26558 7895 12820 32217 7268 11291 31199 29991 27463 32438 3059 19866 24926 4319 4573 11726 23648 26191 2281 448 22512 1750 18770 16043 28285 19240 26962 27730 8595 7268 21118 28725 22945 6869 18224 19582 30209 7307 15986 25667 10195 8913 3538 7215 18311 9272 22518 16221 9141 28786 2843 8972 5949 17135 30448 26215 23695 30227 8526 7467 535 31542 13462 22651 9144 26965 14019 25497 8446 8965 26486 30587 24854 6024 12578 31943 17717 23336 23618 1271 14114 31919 17513 10250 144 8721 
18524 32037 31638 6467 3970 25710 27507 8250 3414 16007 24736 11335 22721 1818 25354 303 5089 5332 5509 13522 9568 3601 28023 19216 20166 2888 6392 28847 5871 31403 8702 17740 29460 21597 8005 28229 14349 25341 12624 7770 4820 13356 24847 11509 29263 31426 15033 11355 1456 27983 26596 29017 1533 11275 700 27182 18314 23582 2015 22683 29729 5240 11723 11559 1899 18550 1841 362 20714 17624 4277 12652 25773 27056 3598 9198 21769 31846 5330 16502 17508 23370 10692 20363 27600 2929 25982 26038 17169 12294 1807 2677 21335 26344 7471 6911 26897 24650 11318 9025 6710 11800 28034 3236 304 29833 10148 17725 30558 3498 30195 31654 20364 2378 15851 30198 22137 9659 16885 26646 14515 31154 6550 17029 5458 29552 6319 19110 30896 5401 6323 31191 337 32104 25119 9030 20669 24633 660 14907 8043 31000 18624 4387 17018 2700 1671 3596 15548 16059 515 27194 27541 6754 26372 24955 28196 30706 9769 24061 30295 22494 4977 29059 29596 25032 7943 16740 29481 26687 3279 28536 928 4016 23011 926 25166 21900 19299 25477 22718 1434 13189 23543 8160 16243 11656 11985 22169 19386 20822 15018 28939 12215 17962 11136 6106 24975 10917 5887 24336 30705 2315 20665 369 21589 10852 9092 9188 16723 27973 28355 28664 27671 6480 24998 10522 17913 3083 5713 29232 29050 25497 7774 7918 28688 30684 26853 9019 7522 23599 29042 26632 419 5168 21846 790 8287 625 13612 16982 25227 19 29686 25400 322 19939 7370 20200 9113 6922 8475 30030 32487 6362 6883 10628 26980 14011 1451 4358 17555 3999 4798 11822 24774 30987 11552 29524 30625 26106 3291 16275 3649 27716 24475 42 13270 27187 25205 3072 30634 17965 7551 9964 27242 13781 28584 15357 5126 32623 4042 2231 13765 26085 13807 7644 15590 28225 22919 
18218 3069 24749 1470 11827 12938 13091 6447 15061 29992 7581 4728 6190 17061 32085 1268 24623 19913 829 5497 27309 31409 11112 12696 30012 14275 24352 2824 30043 26854 27424 31116 22035 14127 29295 15954 8760 6814 378 25375 10086 19767 24217 21019 4269 26170 11599 1675 9340 22670 9692 23960 30000 17120 4424 12688 23612 17145 20820 3103 19302 11025 4915 29064 6282 19342 32593 26721 4234 12504 22175 11586 11158 11497 27557 1389 10144 31921 15707 32350 6097 7044 23488 25475 27775 13504 7099 5965 2543 4986 12787 7267 3653 16951 20757 23150 929 17027 10442 10168 23459 18129 6825 8484 17324 22513 27192 9917 6159 23951 32670 26745 23069 28950 1582 13277 7945 30370 27163 20903 13772 17016 16943 23553 23313 22423 8706 29973 21345 1011 27685 21468 3460 5860 8207 25519 29670 29145 12262 1360 29073 8354 15525 9449 12195 2605 20512 24594 25469 22536 25074 27858 12544 7256 29965 20615 26951 31343 573 18508 22702 17739 24072 1469 24046 19705 11791 17092 20854 16879 28501 29100 26646 2289 22372 8137 23682 23672 18508 30149 19221 25051 21353 961 25836 20941 8413 24120 26106 343 989 31183 22147 2209 12803 27090 19021 19223 17474 3365 21478 32580 24117 18011 12057 23808 23858 13706 27006 12394 16927 17383 19661 16371 7508 4923 13810 7278 6373 6733 751 10983 25783 21883 1699 965 27394 5422 23773 7197 25350 5409 12030 25484 22959 31556 6800 20919 8505 14309 9681 3158 7259 25488 8821 26538 16296 7152 28341 5235 16842 4919 17819 32163 15284 3238 20606 13437 11814 3277 25317 29725 15199 8859 15073 4531 18488 27602 23065 32413 29397 28225 23144 30814 14290 20855 19170 14936 11162 4122 31821 12239 8726 32376 1919 6928 28801 16388 16880 2237 30302 24201 8729 6665 23158 4849 32204 19393 29502 7631 
14597 376 20749 23899 15034 6942 7325 25438 31053 10383 12722 7857 2328 26137 9265 19934 3777 22381 21788 2540 31572 26607 22250 12079 9353 26143 26075 12545 18122 30625 8591 29955 9953 10856 26101 18839 8861 30738 17726 3782 3051 26786 28251 23814 11673 17598 30860 28652 5345 12249 10744 25591 23126 20634 7045 6183 22835 16359 15847 6871 25290 25408 4666 22965 29370 12367 19608 29979 28642 22706 26532 10222 22568 3865 32247 21199 21671 12536 30519 22466 9121 32360 15257 8622 22341 29906 13918 719 12316 1678 4630 12096 7726 29717 2383 23216 7744 8571 22780 1105 16987 27658 28254 29359 5355 30603 1748 24848 30637 1723 19363 9640 31531 27437 184 22124 12991 13589 1695 16210 32559 23429 31023 6300 11663 10230 26615 14626 19215 2703 23201 4549 7397 11049 24329 13917 9672 16778 28332 32314 16534 13370 13320 26432 24148 30125 19770 30787 20079 7527 29118 31033 26917 16847 370 26365 21923 6122 16241 7636 23427 20695 822 21175 8005 21089 26030 30645 29434 31808 12084 18423 27274 23756 4342 28937 28807 27551 9907 19153 13111 10179 20755 17376 18113 29453 7549 31352 29951 21722 27787 5457 30958 10570 32761 2585 15491 16578 23948 14591 30054 14914 3006 9917 32762 650 12608 11652 12542 26811 15803 7211 29261 4366 1359 22048 30313 17956 27384 2593 9983 29691 3366 5786 28464 15680 29367 22861 1456 19022 10200 30834 24789 12448 28602 29622 5238 21780 17545 1416 20627 26557 31951 8533 5007 16030 32708 17392 7940 2500 2421 2823 11272 13799 28185 8865 12625 3059 24643 24870 6461 11803 26322 15678 32679 7823 13179 21446 23331 28054 8496 1100 3385 31253 27741 6742 6906 28138 20963 3588 10373 28953 31491 25928 32397 3418 10541 23021 18086 545 24706 118 25275 12231 6134 1444 1091 22748 10856 6118 
27421 29000 23062 8498 15038 9715 12237 25799 16162 26203 25193 18560 3278 23458 29386 8806 19878 19072 23096 18287 11953 18442 22557 19569 22539 31892 10047 5823 8811 2600 31291 274 2116 20344 14155 12936 28738 8602 20406 26400 4663 2094 11058 14272 13759 3988 18351 23900 13694 27180 655 27786 3817 22642 31527 4939 8053 6147 14818 32417 11110 18511 7053 13139 4516 26991 20328 5342 17273 19987 11899 5305 890 10016 6540 4724 170 6619 17313 9287 16208 17085 29996 12425 24171 21591 12346 3787 13958 9748 18383 11620 3275 18428 17695 1617 10487 11368 16316 21588 16635 12690 12749 1036 8950 13619 25097 6367 23353 19594 19786 13708 15508 13476 24246 5657 196 8252 26831 25461 9074 23069 28762 25575 3062 24102 16175 29917 16424 13477 29651 19286 7875 29964 16250 4914 730 16381 26993 3018 8782 10613 13362 4947 11706 11338 29245 10135 20171 4199 19976 11730 11115 4736 5116 13025 1865 22102 15373 29704 9 31419 28439 27141 17986 25808 8432 31486 889 1275 17479 31042 24619 6893 14841 10729 16193 25355 3851 20507 293 23342 22597 443 16803 15168 28577 31757 31427 22443 561 23600 25232 12327 17356 5659 28127 6805 24254 9924 6105 23485 30098 13767 30913 1560 20452 8693 7463 10040 25404 2566 15899 5426 4704 8869 20041 2352 11918 10954 22768 7657 19338 26537 17908 11657 29977 24993 12612 125 29768 28787 9753 32530 9207 4598 21776 7780 12876 29622 21796 1669 15044 19868 9074 7604 10299 22133 32352 13301 26730 6733 22975 9561 16658 28703 13547 17321 1025 7663 17325 27415 22714 32518 22535 14416 386 2257 9733 22201 27187 8098 29255 16990 20806 8236 15301 11870 16371 2766 19864 12335 9563 12183 30894 7578 1777 14909 14562 5743 14977 7578 11582 25057 32417 5109 12522 11252 20532 7020 
20345 29110 15431 22705 22106 4082 7175 25038 1692 30986 10340 31800 18395 9684 27061 2593 12727 10513 24106 17476 10751 22653 29706 23823 2587 29375 5392 9457 17792 30483 24812 2300 18257 15301 3170 27075 30381 13681 20917 16284 27846 4905 29863 1125 24264 1574 28128 29965 572 10712 25906 7840 19261 19268 14219 17328 12781 23723 5545 1190 18117 364 1141 32603 8079 10694 31234 16172 17654 29651 10659 20556 10663 26874 4649 15085 29057 30390 16569 26396 23586 28522 18551 25764 12358 27901 8847 12395 30172 25329 12313 946 26172 30709 31286 17289 10342 21673 9587 5685 24875 14779 18753 11839 27211 30771 6669 25874 9076 15438 17927 21877 20509 31539 7234 13721 2241 15426 3416 30789 7333 28204 26217 1700 31423 24585 17491 3551 16139 23808 30892 30025 9237 6854 24930 31089 13981 10285 28626 4947 10127 30395 27117 3934 14858 3211 5932 322 22684 14672 6752 29409 12788 5143 24765 7544 2226 7038 1862 32374 26835 17426 13419 4123 4905 21524 21468 4394 20992 1555 1560 9685 27265 23954 8375 10237 21893 3708 7624 25995 8091 13648 11902 18410 4563 10622 9909 15735 20050 13446 9342 28599 10528 27851 3631 32407 9969 18007 17591 2514 18296 20247 8859 1640 17651 29876 21117 24995 1045 30592 19513 2784 4880 30112 23782 29172 10626 24146 26471 8766 5926 26237 24356 7409 16947 15838 7863 15109 28433 11048 20458 903 24745 24779 3021 1965 14945 23445 17040 3576 9987 363 1093 1300 29291 30900 26429 12547 31022 27866 28043 24133 23208 2492 30233 27737 22979 28145 18115 11780 31706 28545 15748 5197 30915 31128 13443 1490 24889 24519 15596 26168 30434 19467 32010 28698 3893 5214 31260 18550 20631 1850 806 10331 24122 26110 21304 21621 13385 1882 4407 30016 2635 14226 25903 17415 68 6394 30812 12180 
25298 26835 27106 6285 11640 16650 26444 11232 10750 7616 23665 22073 26348 24620 6236 18896 24166 11021 30016 10871 3869 31132 19049 21538 19471 25708 7723 9096 14474 20652 6983 10118 12008 2620 27886 30363 10558 20509 30115 16135 20312 32168 13513 9257 27527 5858 11697 24822 26055 17706 30078 30626 13719 17045 2313 26267 25079 32466 32203 20664 17813 12110 21534 5000 3033 2087 23356 12840 3630 19045 15991 4786 1999 27422 32421 30539 27025 19138 32496 341 14886 29058 18298 3930 17969 32060 16312 15995 5513 21648 16969 21155 29081 23283 7254 14193 26078 16482 29210 29691 4029 31000 19490 26735 16607 19085 9258 14575 4664 31209 4555 3 6761 12602 8556 18822 17484 31373 14951 9612 3102 14780 30510 18529 225 13493 7242 3736 24495 216 22403 9243 14118 31304 30185 1186 16185 4087 20823 30981 24179 7702 15595 3081 28210 18398 10670 14388 7937 24127 7474 24598 16590 25686 30022 24036 6692 15187 9945 24618 1104 25643 13123 22528 1289 11234 5401 15033 9487 3725 30836 12192 22484 31270 18746 29201 30709 6911 10885 29681 18523 6373 28218 10878 17610 9136 11878 119 4850 6770 23755 28968 28015 30987 13981 27436 19145 14995 2238 32282 17797 15801 24917 4327 13104 6452 1920 6145 27246 18731 28513 30420 19773 23110 19967 6506 11513 6871 22910 4546 9532 11643 26951 29010 21473 12397 3585 186 23238 1019 14921 26532 19739 11111 29910 31820 27367 18531 8619 17992 2181 11016 28987 30712 13138 30571 29345 5126 29231 23743 14609 20301 24190 7078 10220 1364 4027 947 25875 19380 30076 18330 7865 30993 7071 529 29760 12617 4567 11659 7003 16996 28058 9839 575 8193 32253 19563 3676 2593 27575 9495 26362 11593 4798 353 17378 25619 18538 1015 6683 14809 25652 26214 17221 16033 26421 12555 2419 1442 
972 24589 29559 5922 18033 30115 32317 8451 18074 15989 10063 27987 7419 29086 31006 29339 32734 23710 11 10330 16490 17231 3793 26048 26458 17667 29822 29819 25759 19383 15903 7618 770 517 18823 14403 16367 21088 15030 129 3631 3649 7269 31665 31757 25237 6151 29647 16527 21440 440 4867 31798 17421 11817 867 25387 4350 10673 15756 31776 32214 2267 15171 25699 19505 11084 9376 12257 12439 26329 19212 7618 13393 13636 6934 3674 11227 7412 20498 4734 25994 2810 20588 14718 21028 27375 12141 13930 2384 21320 27200 31622 9952 10952 12972 19091 10729 22764 26864 30272 8410 13143 14040 22804 14508 22391 17156 18833 1241 17848 21608 22625 31866 1478 5416 29707 20792 230 4287 13616 22151 18008 12986 17430 3031 25000 8677 3101 27425 15442 29882 19883 1750 30378 3248 632 7621 20500 28386 11170 4876 21309 4371 24038 31619 20849 9003 29814 23136 27895 58 22516 29338 8974 19203 28566 22479 9853 9436 5371 14487 26495 19286 4837 2402 6431 7451 2789 14180 17335 8741 12080 1101 4910 27147 4722 18789 30312 19660 21906 3521 14792 11963 22557 30529 195 39 12865 18755 25368 6215 10196 4416 2157 16339 22664 10138 9457 3084 17127 5220 11099 4426 15431 19575 14452 25225 10538 26191 30217 9697 7829 3402 29472 4461 1783 3461 30846 22306 7567 26508 1690 27554 32039 1946 19499 2794 21693 31393 18446 22194 7792 26964 29427 17173 28674 22372 12279 17699 4905 3416 5672 12101 15581 29200 31392 24587 16367 12733 29098 17295 15250 21144 13041 11556 30540 17233 695 7031 25273 4105 2033 2942 16381 5450 29028 9803 23203 19276 25571 1825 11884 7208 21637 11635 15455 6106 31492 26320 22260 3118 21583 29109 23712 9643 7191 9784 23217 30518 19881 24055 26427 7485 16535 7151 14862 15738 20044 736 
30787 30840 2359 6696 13822 16587 4766 4862 6617 13810 17242 23560 16486 19655 13872 21030 16554 23167 30992 27612 24732 1426 26188 15681 17492 4315 17863 22676 20162 18588 22491 16303 24539 9871 21804 27402 22708 18233 21304 24199 18504 27585 13267 3153 17283 2556 5400 3522 1323 29622 3269 26168 30141 6255 14802 16939 21024 10898 19625 18926 21637 22983 10302 12643 16428 3785 28159 29451 12764 30530 19141 18236 18025 24557 26018 2816 15102 1995 1580 7798 23371 25654 5839 21223 15531 4218 4869 3402 14985 15012 5966 14601 3491 10160 31110 29179 30966 27610 25813 21496 31230 13519 14389 15525 13126 16324 24515 23189 12464 22596 1250 15283 31229 31698 31383 32201 5343 14760 1758 29398 20622 9967 26866 7683 20774 12016 13148 4827 26041 11933 18106 20220 5100 14788 3125 29163 28150 29294 18091 18829 22796 16704 32541 23279 2555 6004 2477 15585 5386 16781 15254 17991 15826 30831 3806 6141 16428 9917 25168 13911 21952 12738 22638 28236 5173 14974 13232 12455 31316 27743 24530 2406 24283 2149 22061 29320 14170 2621 1844 32258 18807 10515 32600 28233 19773 12653 23551 21336 30086 17750 5118 31493 5724 12243 651 14862 28550 24595 14017 13417 14790 30523 19201 30216 2074 16786 3280 8100 10475 4058 28385 20090 5915 12073 3672 10981 16226 28274 6415 4793 5431 10328 8908 19215 12561 5472 1119 25987 17952 1863 5980 465 12128 15690 806 22649 17483 3999 9554 9341 10686 15117 11464 4213 7994 11278 8325 10038 27415 26443 18988 12091 26700 15037 17987 29312 32681 30861 6369 4066 9502 674 14715 16892 31942 11907 32101 6040 25623 19664 13576 9302 10430 29212 25973 11917 17646 3981 19892 25860 15991 23116 13509 6949 7716 21040 24625 26881 4995 8133 4479 29980 15669 26713 2301 11052 25038 26993 19414 31674 
3979 22826 24490 31717 23052 6592 29804 13971 21526 6588 3535 9962 31314 1042 3863 11608 19126 12045 14353 3213 20904 7821 17976 10215 5843 21849 22376 22438 7736 12650 14837 912 27469 32015 28712 19263 22441 6235 27610 22053 16933 4618 16455 7205 9504 14813 26627 30246 4995 14506 2528 846 22389 1327 14272 2112 20038 467 29557 12278 17235 18395 21742 23874 15740 25328 18768 17942 7056 14368 17008 25304 23301 10790 16940 11483 18689 23580 14075 5364 19899 10894 23662 26141 14185 32141 28775 7516 5340 6539 20287 13724 7694 21581 5927 16538 31560 26498 22415 13521 24358 32443 2674 27256 15368 31492 3763 22848 31199 10621 31277 13427 31207 29502 25934 1791 10442 7614 25488 22384 20268 29264 23699 789 6238 15180 8819 31245 31164 28604 28107 19193 6129 17753 30852 31959 28386 6373 25659 14769 19778 31494 4488 10877 32519 29122 1308 25423 20662 28355 15057 23341 29695 1271 9493 6416 25759 28991 5661 14731 27230 9097 10387 22747 30226 1421 25072 2504 7970 1313 29831 26226 12631 7692 22466 27470 8627 17178 3003 19196 20854 32745 1747 320 11267 29010 26450 26512 3234 18739 23806 1371 23770 4783 18814 20379 1442 9058 28032 28583 18979 31935 29263 32510 24259 29416 18260 18429 25485 9023 10120 2150 2347 8271 14306 1658 23379 8490 12434 3725 22399 32281 3005 1486 23454 4140 2868 343 9357 22718 18785 19115 26445 16854 10632 8900 19084 4119 8924 5044 30950 16064 21198 8283 19027 4832 1929 6647 32563 1866 949 17387 14794 32026 9682 23678 1704 5781 19101 22034 10491 20695 13130 27833 18047 31420 17750 15768 936 2605 20046 27738 3718 19629 25362 14180 5542 15471 28863 8371 6206 3232 16434 16637 2775 7561 2150 21534 25636 27929 4425 20095 22361 9897 29827 23063 14897 28536 20847 28084 
14316 26848 23958 828 2611 28880 21301 773 20693 23001 10451 25573 24014 30751 31949 29333 11204 27677 11522 12857 19079 20633 29082 569 16352 11914 26831 9674 13232 7357 24277 8233 13423 32256 4463 20581 10259 5825 11162 22462 2507 22073 23203 23692 9781 12125 31742 9927 26095 11170 21313 26577 7361 6222 19081 22834 29417 4039 21109 3884 11530 29764 2721 26413 16909 18238 26090 23606 29730 26778 23131 30944 4064 6014 19813 14790 3185 8976 14390 11927 23953 8860 1455 32083 11499 18630 31798 14656 24788 30570 9735 3554 8099 23405 9478 6220 11702 26155 25334 25532 703 25309 26458 8249 10755 1515 17691 26565 23524 14992 8560 25425 5763 23488 10502 17724 28168 24426 24338 4511 31450 1686 17874 8190 20597 30592 492 15395 6319 12002 18231 2461 23675 22659 14511 24022 6599 1320 16825 30456 12646 4740 30799 25025 24850 25570 18009 4555 5839 22257 366 10815 32147 9624 29650 2971 5599 26378 15855 23796 17893 25626 13271 25119 2619 21694 1769 15805 29401 28447 24461 4371 26686 1599 516 27671 5432 28006 15740 12651 17912 22767 3408 11424 12565 11878 12249 2342 3995 6669 1020 4579 25043 19794 4499 7929 31980 27159 18803 8788 19708 24900 30788 24168 4957 18843 10399 15464 23442 6578 150 29666 18372 18058 27214 28733 4762 32670 27095 17969 20585 31638 4478 6923 11683 9661 1639 32646 7610 2853 3391 25079 12665 11396 1472 3154 31772 11235 14667 25237 22107 23042 32670 32753 31174 13805 30586 18824 353 6016 7980 27362 30999 14749 23343 14774 8503 1079 29693 1180 29095 28860 10835 2243 30155 19845 10676 14014 26935 4575 27226 29715 12767 15234 13199 32734 21745 31294 4514 30325 13769 6779 969 18813 15137 23981 4392 3350 763 23096 1576 6535 924 8042 12997 21674 27563 18358 25502 776 
8165 17684 22418 23989 18799 2035 7154 29054 14174 6027 31289 31069 3836 1949 25430 19294 20037 7456 2343 7322 18265 30612 14338 28781 23985 5299 12149 7786 5544 11373 19337 14442 25068 16292 30001 4004 11786 20805 4995 2573 19830 27465 666 10752 29225 2238 21229 8769 17972 22415 27516 4608 2131 32223 15402 23282 32662 30799 30466 21846 5577 24388 26835 4865 10785 2395 12465 24833 13656 30192 3564 8825 3508 21605 13769 31237 6719 31807 649 30792 28182 4758 26739 17495 28621 2663 29842 3166 13527 14212 14264 26642 21239 16884 8729 5949 2386 16317 24220 2745 6275 29585 11207 407 30605 21166 26846 9177 1010 15559 31403 23693 3146 30435 25981 10265 25255 2302 27415 27427 11046 22023 21109 24626 11298 16455 16789 7331 2970 25864 29531 5526 21551 7756 3976 8018 4092 5478 18511 3943 29743 31885 3262 7083 5679 28351 12592 12436 17179 31236 1219 28411 10395 4267 20737 5523 12528 14603 28659 31295 12154 1143 20970 15243 23842 11766 7075 23008 970 26038 22470 7858 29392 26410 27067 5541 14209 27173 8456 30665 17154 6366 13766 3935 26428 17816 14845 1387 10661 18944 18221 31293 9027 30502 13423 24725 11985 30283 32687 7254 585 27356 18210 3182 19430 10771 15661 24366 31422 11345 16492 83 16207 20026 29800 23788 23864 2625 32556 9362 2307 3225 13870 9574 187 24533 18967 6987 2926 25499 5927 19740 0 14774 25880 123 8570 12706 2350 8735 3000 23200 14529 21682 7693 17331 20994 10373 17590 21252 2272 22353 30463 26719 1239 16951 7071 962 12535 22467 742 29526 22329 1188 13171 23236 24660 14168 23892 12955 3456 5369 9703 392 7779 29033 14473 6605 7163 24857 32437 26474 273 2172 1485 6142 32267 6331 10864 12784 10828 16463 21290 14023 745 19441 14000 25895 14514 10559 
2167 28397 26064 15677 21352 9655 479 24782 10120 32394 11675 10984 12814 12362 18215 481 31012 19792 24487 4914 31003 25264 1450 8974 30461 17319 9926 4711 32206 24356 4351 1099 13331 26308 6375 28728 30908 29656 1497 2055 26244 19533 4986 32429 19723 13976 30655 5138 14615 4981 22680 28642 18740 32019 12896 14373 28513 7838 10790 10506 14721 12528 10197 13524 7341 22691 22544 1287 11630 18391 2816 12000 397 20685 5391 5385 26914 2445 4226 4106 32669 11105 16093 15172 4899 4113 24485 20799 4540 20955 22546 31383 27257 23641 24923 5523 4335 9770 21961 16991 22210 31382 18439 11165 1917 10182 20424 1128 27447 6454 8231 28369 18008 8343 23985 30578 18178 23748 3976 5674 558 3414 30044 12268 22602 25222 16670 28849 17702 24198 10565 18009 21575 32739 1458 13429 28935 3543 6587 6931 25601 5858 12024 2310 25891 6779 26902 18252 316 17828 18227 27223 20822 5543 4064 15654 15969 5661 2602 31400 13323 16650 1545 28374 9055 30962 11271 30396 16743 21066 27726 18033 25189 30824 20137 13709 8984 21243 16018 20470 1979 23489 16076 8934 30173 27881 25896 24420 11435 16503 18491 619 8919 27236 2255 28993 29978 19445 13961 29361 7396 27424 31354 3648 19429 6864 22678 13581 12991 32185 27261 31039 27989 12231 32246 27639 6253 23413 8074 22130 14957 392 17817 26276 2893 22002 3728 6344 1097 25652 24002 9565 22674 16604 7026 29550 8761 11687 24875 9505 5105 29148 9871 27790 10471 29341 15201 14755 26756 1621 2064 30463 21087 10674 31021 2063 26949 25430 22091 19843 24625 6371 29554 32009 17944 9726 19246 12491 15901 32752 16021 24176 32111 15152 14757 30610 4240 30149 4852 22137 31202 19997 14271 21226 27689 6293 19518 11100 18660 3026 18360 19515 29617 23812 32045 30636 10316 2098 20229 26470 
19688 23126 27568 6138 11322 19744 20512 2853 29593 32627 24180 8709 17574 11440 32310 3646 30471 7782 17608 8774 28404 27359 14291 27892 28158 17088 18715 17735 8693 13321 2903 15283 16624 21942 12667 25753 2178 19780 29045 8014 8623 17648 8404 3439 9727 32643 14549 10015 6788 7771 12973 15939 20312 12811 17972 7835 14676 13767 20112 26215 4724 10671 14742 419 23019 30090 13999 24039 22953 18898 15015 5493 24683 26781 1720 11783 19559 15702 15569 17052 16127 15311 25298 24365 29544 25394 1519 1660 18017 11380 1508 32240 26006 25252 29899 20316 17032 13664 21427 9881 23119 10661 1936 1318 11987 31547 19275 11627 401 23414 2491 13909 24718 31591 9024 17151 19927 19664 31637 6857 7154 20534 25537 21376 4471 13850 4499 23267 20509 11469 13801 7229 32180 16863 17138 15658 30120 28669 11746 17486 20009 29996 2656 21347 24499 25994 2202 14184 19967 12647 14953 8882 13722 25060 18943 4200 10405 27009 1131 28491 7830 18648 8687 30295 26116 10923 29421 26054 12316 10441 22109 17266 3418 24311 28135 30147 17712 7742 518 20867 24562 15845 30110 9101 11871 16853 15692 28395 938 32373 9084 16905 3883 20439 21657 21208 22159 13072 3186 4141 24573 13860 26446 24742 9849 29951 4624 19149 12428 9438 11064 878 19832 26141 31514 6447 17236 10372 5465 26193 378 20485 17319 6866 692 14909 27146 957 29170 26132 15798 20136 6162 9118 12619 23929 11135 25922 837 29947 31498 17039 19499 15271 13132 2990 16881 10652 23125 18219 844 19982 4494 3362 13787 25227 29577 4235 21750 10581 31937 20376 8463 29293 22155 20023 10138 6881 1898 13966 21383 9303 20935 29617 14069 18147 29758 21367 32237 1336 22888 28520 23488 22839 29303 8120 32432 2721 21477 246 22586 32201 12436 11781 18947 5367 25229 11227 15297 31363 
28384 21531 18936 3953 908 14580 26952 23699 3793 21892 2046 12012 5017 32405 32258 19867 8592 24002 28794 21472 16218 30897 10336 13494 14073 25783 18047 26520 12759 29042 27704 49 20474 24968 24215 15901 32094 31297 10225 8150 26288 18248 12697 16781 14682 930 24597 4231 21792 24824 27203 32526 16265 31481 4420 7081 4833 1219 7250 10592 1662 7696 5948 24255 15631 16721 1236 13587 16394 31993 9292 3057 29824 18169 14801 4596 21107 32219 16821 4291 20391 22914 32423 28109 26424 28367 28975 20751 8160 7484 1643 32536 3633 20105 22586 13164 28577 25481 32692 3745 14006 2658 7964 30728 13742 3522 29376 5780 548 9687 7210 21378 27726 2769 31125 11778 29951 4483 26180 18377 1867 1479 15697 5854 2103 3505 25170 23386 6153 14652 24111 15603 27207 30884 30599 1724 3400 25564 20365 6459 23977 9335 15535 25675 23281 2904 571 16457 30440 31701 27109 24380 20536 23811 5253 2030 13077 1695 15560 13177 6452 28710 18458 31570 3990 22343 11022 24330 7305 17527 4502 21626 30962 922 30938 16193 14875 24859 420 19947 30358 7361 25678 21718 3038 31758 3611 14294 15437 5851 31030 9437 15424 22042 7614 10715 21055 25719 25179 14947 23424 25586 6985 16470 764 14415 23007 18509 25064 22537 5139 4532 7314 12927 18152 21588 29420 16662 19628 1452 18820 5498 30708 21847 13182 23270 26410 18057 9020 17533 12241 640 10468 21650 11022 2343 23490 6630 11582 10496 28715 29054 25823 27293 24025 31432 28092 19469 15555 8072 9716 5488 2397 9282 5311 760 31946 19864 3957 1307 8555 8189 7272 6891 1340 15426 3723 19591 5091 4882 309 32411 29961 15381 28088 9904 30661 24710 14699 14890 30406 14937 11811 27690 10084 2237 24418 7204 5975 32683 32595 30208 27497 13853 5345 29926 27447 31643 18987 32388 
25083 11335 30802 19320 16036 14447 18351 25392 7262 29692 13464 18870 31286 2613 8124 31201 4882 10021 801 12335 2409 2061 9110 12480 13678 26884 30516 15926 5469 2555 8235 19278 23149 24518 10580 6008 11987 30490 6966 413 4386 22257 20176 31594 26847 6204 6688 29331 7952 19605 8434 26506 30681 4319 27657 5196 29575 24865 32109 737 3054 11372 9286 29921 32208 31725 13585 21112 7247 11897 27400 25782 16256 9624 10297 18947 30557 1393 1256 31377 29260 26781 14325 11729 11463 9750 27924 2026 13360 4288 18202 13851 5185 4242 9054 20085 24200 28602 5332 24643 19273 25806 3699 5293 24020 2107 31809 5944 24514 14905 7030 10027 29839 11424 10225 28936 32563 3669 16691 10379 160 26269 30651 9581 9717 14975 1599 15066 22367 30358 3252 28137 31938 20147 5297 13438 3345 22650 20357 3656 12040 1183 14646 6849 6581 10890 31751 13966 2762 16606 14570 9007 5491 22886 18912 11026 4501 3655 28715 11389 6801 27065 30835 11995 8390 21489 19240 7592 20129 8602 29599 8580 15287 30570 17145 18162 10385 28041 16235 21715 17152 29088 3351 19451 29431 10328 21935 6457 29548 29014 2927 2213 16342 8953 10298 15439 29915 13960 1023 26013 11746 5208 29347 26029 21207 16046 32319 2900 30825 20649 4989 12289 28892 30289 10875 13804 31501 6640 28835 1237 2924 12139 15231 9439 29276 13482 28933 14962 19633 24638 1684 25200 14802 28101 31056 21585 20632 8259 1126 17045 26921 9840 10458 29694 29707 10843 18699 30421 30548 15074 21837 31752 28330 12372 8784 14029 9127 32486 2754 15159 28560 6153 30906 16173 10936 5124 14128 872 19958 29879 2399 22950 28899 5151 2476 17867 24032 29658 12028 30723 22929 9170 9662 23277 20506 29523 12736 25039 1454 13549 7975 25147 23848 21122 9683 27600 27443 14078 4392 13300 
27123 21198 4843 17720 26730 4127 24901 10109 26941 30704 11618 17932 927 11766 1532 7925 10600 16901 12361 6743 14670 13296 11381 13464 18282 31553 13285 21700 18589 16737 2044 17650 15899 5458 10230 12890 2022 25605 10418 13428 15019 25286 4571 19270 8279 22757 1233 5930 31971 27174 10288 13800 28428 22892 29264 4271 25073 26447 8780 11462 19944 17861 29101 25695 22548 9243 5670 653 10702 18165 12533 617 26139 32750 18595 14879 29604 11866 10176 3666 15811 23415 32271 28576 28079 12626 4215 29242 31112 12311 21292 26419 12376 4328 30257 879 9148 13427 21756 29531 2090 10970 11815 21727 23328 8199 7637 20314 18951 25237 29776 3058 31784 29646 4194 9372 8418 1364 4631 10375 26517 20191 23062 24723 19256 18302 30246 26574 12371 24821 9575 27294 21725 29121 15590 10384 16478 19653 29474 5870 558 4521 5745 27061 3777 27116 20165 28108 13304 9131 20857 18317 17602 29179 18801 21570 26358 28158 17754 18347 26015 3329 264 26492 24377 2607 241 20254 29589 8217 7982 15009 3710 717 8310 2074 759 22432 22771 4220 27111 29919 10010 14361 21598 25815 2232 25536 15828 21410 12100 29588 11568 4184 28479 32195 9425 14174 7963 31314 22480 32128 26654 19368 15764 24778 12114 16415 30740 26852 12022 1284 5673 32064 16670 23969 9575 27419 32521 12835 30813 10967 14069 3548 191 7554 19746 31065 15063 31157 30980 4862 2569 19271 4296 24409 5527 10873 14787 6304 24146 25292 10878 8847 543 6859 12802 17949 2330 3166 19800 18643 5358 13326 817 3959 15450 18940 5212 31173 19955 2195 243 25559 6599 3308 11223 16662 13057 998 4916 8012 11166 27282 21905 2925 19548 17140 25206 19708 27719 7074 4939 10185 7505 22411 7525 2977 10916 27270 6172 17207 10547 11631 2428 20693 21315 5857 14839 8800 
16805 1453 22766 21086 4094 16281 12999 6976 12216 12195 25646 7078 16391 5922 31746 3087 1461 20929 12012 1789 27222 2628 6697 5049 14700 18078 24992 1020 19079 29052 25247 29003 19241 31213 28308 27010 27382 6810 21496 10050 22263 29037 26907 9304 17589 6539 25230 17471 11442 30083 17990 17174 2696 15753 99 18241 32314 9226 25801 5078 8371 30946 732 18664 9775 10493 15610 14586 6126 1959 22520 21444 18560 8893 11471 13448 7757 13910 751 25791 7699 31204 14085 20261 24081 4553 26100 32000 19248 31120 13567 5257 29012 24360 19517 21980 8283 12339 19628 26000 30579 29357 27682 28926 4127 29168 28699 6024 140 11003 19363 17013 436 26840 26340 25949 9791 24781 11080 23556 14259 9852 17836 7082 29707 21963 21092 28376 32026 25944 12432 9001 10340 23476 530 14687 26236 248 31209 2468 7760 20690 2178 15893 6914 30223 28461 5413 15526 29324 20216 26224 21673 6779 22434 32394 16936 142 4753 6062 28880 21939 13674 2868 8313 31240 29605 186 26208 27346 28441 22408 20214 18603 7344 16030 28695 29027 30325 23733 27679 31204 22954 7034 960 8928 18681 7410 24463 1514 13453 27500 32571 29772 7335 32391 29599 24271 18345 7740 28393 9100 30424 29302 2050 7721 9528 4795 16704 4602 11962 17591 13377 5728 14910 6002 29131 23233 30223 30159 9624 2345 8346 4400 12019 15388 1414 29933 874 30057 9064 16658 5949 20764 9851 30291 168 29596 6236 6390 5884 16399 20006 6465 7631 25503 25880 29681 25455 25574 19605 5247 15312 15689 20052 31113 9488 3911 30911 15895 17692 12893 29072 26647 30275 18245 9901 592 4372 591 29683 4077 10606 1701 4550 13747 4975 26536 427 18450 27605 6205 5105 6131 8024 13919 11615 27790 21258 30603 4095 1854 11675 30006 16694 24097 13561 13491 15770 29297 
2047 18287 30768 26339 32341 22011 2296 27203 31353 10220 32100 17934 13290 31105 923 20247 2088 5998 10568 7461 2905 4602 7704 11154 5901 26671 29220 30444 26439 3537 9092 1215 14869 27130 609 31056 17760 1225 19563 17607 1290 12620 28681 15725 17560 16493 18429 21412 4909 28407 21178 29670 30537 18501 17921 13792 28104 15543 27821 7576 6572 22151 28006 19079 12608 25234 17413 23281 3010 24487 29268 6843 3615 17317 32175 32344 8065 15630 8380 30240 24519 7394 930 15130 4 11776 9912 20079 25689 28211 28353 27626 27678 20197 23674 22312 19322 17901 16373 17164 22712 3361 10173 11085 12403 12094 22869 15240 2600 30850 18548 13520 21798 23227 2781 7175 22620 10352 10131 4512 1531 11074 14582 3777 23895 23398 12852 30197 15540 32417 31919 31398 30895 21138 22691 2829 20229 7299 7275 25421 11187 2581 7096 11784 13947 23723 19698 21355 5280 13788 22582 7448 30001 31145 25836 11665 29056 1001 6004 29324 20566 20984 6060 18220 11118 19524 2512 2409 14328 14799 8804 29716 1504 11187 23726 29342 23575 21633 22008 199 14570 3829 15 8024 25023 20052 24188 230 989 1312 24993 4540 28983 7160 14865 25457 22072 25294 30843 30910 10942 29628 30785 20437 27692 3759 8368 13168 21852 18556 28006 16450 11282 14345 13548 31858 6736 19049 10542 7024 8032 6161 24268 31647 30821 8884 17642 17147 12998 16015 26011 10866 20083 13971 20272 18104 31820 28807 17825 14520 21036 29959 14564 21303 19091 16084 28371 15906 14007 1227 28284 4271 9302 6179 25255 23055 16725 9265 9095 13231 18290 1092 2410 18096 26082 22030 5734 16013 24103 27132 20539 27184 7775 31995 11717 19818 2095 12517 19855 5392 20246 25705 13366 28006 14890 31237 23006 13792 15175 2925 3163 25478 16741 18074 17875 27237 6127 14896 22394 7268 
19331 14834 8876 22214 25841 9539 10012 15234 2074 1710 1051 555 18324 20793 18258 13115 9013 8018 4822 11880 7721 31166 10592 22392 6325 18044 32548 19552 13477 5166 31892 31025 3804 25855 30383 6874 29283 11124 5507 623 14084 31267 22893 3580 32156 28327 10318 1701 24497 30446 13667 32701 20491 13648 17037 26294 769 28796 962 6321 15212 12291 19173 12358 27412 7947 2807 13143 1211 15897 17919 12112 12597 1132 17024 27808 32174 28604 16209 29519 23860 30238 16920 6440 4663 2406 1063 25185 14727 16044 13989 24188 24232 26061 16018 15800 1167 16661 836 20907 10330 23541 22793 24026 29867 1505 8513 29339 21514 29623 29757 9407 6589 7357 30567 14082 742 15194 15102 15953 1321 16814 25920 29442 5582 30552 28768 6762 13661 2350 20161 9225 9259 3106 2642 1464 31594 24442 30112 9531 29810 24161 13154 6863 28722 20554 7217 12772 8032 28163 26917 3529 14105 29084 21244 23992 6376 3705 27819 15397 22735 27910 15504 4306 4505 24958 8942 5282 2802 30922 4885 25205 21648 23436 3375 5811 13605 9093 22428 8810 17117 17201 10918 11969 17456 3228 17969 32489 20398 7960 19758 4746 26218 12910 31245 10046 17121 11748 21987 26692 6078 18315 28516 20955 30132 12373 14833 2733 16725 16757 3360 4606 16786 16503 11396 18558 16676 24293 20414 30646 26258 19624 28552 3439 11360 11714 4386 5464 32545 11903 15108 21992 19163 24067 5237 23449 23742 11417 7619 15944 5229 16376 4193 18664 1025 19342 4779 15647 8016 14943 20670 27130 14227 5483 3930 11998 21518 22246 17150 31273 635 278 18878 7870 15617 1141 13116 6740 30124 26956 3039 23270 6923 1275 24884 2158 31827 22543 2820 12661 22611 22576 13941 28738 28185 10186 24078 15947 21621 20776 28556 3823 3524 12113 11809 16615 28719 6634 19758 20790 
6141 5877 3449 6091 6101 22655 26827 10217 16484 31008 5170 8257 27300 2553 14192 11574 22811 13466 6486 11240 1512 15322 27086 7803 9683 367 13511 31881 29566 29911 10347 9006 3736 11067 26878 218 30585 32134 13600 25374 12761 28417 30951 10105 18045 18604 8593 322 8870 31338 6869 26710 3817 221 21807 17125 28598 4361 26661 4180 6461 21969 24025 12220 29576 5762 24571 10285 3969 4428 4047 7712 4029 10568 14385 642 25158 209 25568 17506 29086 8239 20631 10005 2113 32256 9697 10632 4471 2018 26351 12428 4165 3253 3766 27786 3472 18189 9947 14354 23634 10621 31775 9442 19072 17813 4719 15559 9775 30422 30586 22043 3121 2351 12447 13156 26120 7550 14118 13599 32602 18118 17558 9981 10252 23670 31628 6582 20351 8104 9546 23839 22461 7545 31006 18590 3722 24140 10499 446 30445 23499 530 5599 17043 9355 12977 1988 25222 9239 28397 7911 12297 14589 3638 15954 26191 14248 18853 22814 29085 27015 32509 5885 2882 5453 11971 22354 30369 4575 11279 16628 21396 1000 1894 20581 1895 5336 29093 125 8491 27705 18390 19869 24381 4191 13248 13613 16072 22509 29353 25239 30441 11768 10805 8485 15443 19232 25188 32034 14906 18660 4233 6538 27013 6446 15815 31815 16342 30792 7609 7884 3322 28059 25925 11322 24324 13874 1640 30000 2369 27687 21478 25035 19628 21760 22651 6050 27578 7567 17886 24329 30897 7651 11187 32593 7535 25426 19511 19828 24066 24499 25100 2226 5395 26040 23466 30572 27975 9327 26280 27153 29551 27934 31882 8020 12806 14798 12635 32173 7303 16827 32485 29401 32541 8455 13776 11969 11202 19620 5050 12364 7284 26425 4007 32213 32757 26096 27929 3383 27032 8931 533 23535 342 10087 8476 20152 8144 16713 8390 7933 21731 12088 13522 24943 29620 25680 17477 32378 
23200 1629 19901 14995 20447 13707 16699 25227 14216 12037 6964 1283 22486 4008 5232 9159 7595 15060 11360 24693 25990 5593 2752 18439 31413 23703 23754 14740 26716 29440 23808 26873 25404 31438 8032 11418 802 21296 158 24871 11323 24871 27861 30255 16754 31537 3535 3 2626 18331 30335 5633 26591 3491 20365 32732 16558 28799 9858 29606 12739 5078 1735 9774 12147 1348 26607 10232 23773 19871 31726 17040 17591 13439 20509 10118 31869 20921 24038 18558 32657 21644 29348 1363 3482 19502 31672 9006 10683 26929 6303 7406 22128 13876 29556 7295 18366 20085 15244 2420 7118 1823 5729 2508 457 16856 31504 12730 6653 24128 3350 599 27136 8902 18072 5646 24736 31863 27474 31978 4337 31407 19028 16074 9705 12300 18847 10365 25395 5535 8192 10762 25446 14866 22739 19000 25239 25565 12999 19787 19 21227 2053 12658 26268 20059 23968 6464 591 21368 9440 25075 21625 741 29945 28477 12315 22631 26296 22719 4637 2326 8861 9139 8141 24124 16141 26828 13 14489 17267 24621 8901 7007 14732 2446 3881 9160 14753 22431 6562 23866 29726 29017 31972 13275 22952 31929 5461 32325 5166 15613 15925 16797 11130 8521 28168 8471 18982 28513 20835 29439 3382 32192 30932 20945 3440 24492 23684 32031 17566 31967 6838 58 12014 10735 24221 4225 20766 21335 6347 32559 29755 25090 8999 27516 10280 13881 32293 19005 2598 28950 19046 22398 8602 25638 8120 4547 2975 5699 16006 4092 23513 10704 1067 12337 19594 20854 15112 10066 31568 17592 1927 1031 4784 4466 30022 28286 9072 5068 28679 2717 10077 32005 11627 7313 22642 23241 14844 28839 10260 13566 29959 23144 16564 26051 8520 17307 31542 26852 19031 2266 10676 32208 2502 6707 31298 15086 416 5374 10346 20655 13814 3400 15644 7656 10331 22906 30027 11234 
19105 20727 24404 27006 24137 23735 18981 30026 3202 20025 24259 10804 18268 15730 7876 14982 32032 31576 4582 20363 26361 11650 26905 32478 23985 20961 19184 10872 9167 21586 18144 11379 27921 15590 15574 14306 1479 20492 27223 25440 19855 6901 23561 15776 17157 22152 5502 3224 22651 31969 14712 21494 2673 25855 13224 9231 9179 24104 25125 24823 24501 29084 11628 208 502 6957 30488 11668 29428 23422 22633 15447 20931 19119 10948 3165 13217 8261 11587 28518 25816 22363 12722 22924 8295 29268 25402 11257 7266 25848 31482 21975 5894 81 7336 10104 15447 7027 8605 10265 11469 8864 30066 2463 27831 29332 10303 18671 7456 15121 3778 6572 23683 2665 13399 4959 31180 28054 19006 9673 16795 31833 13241 2999 8262 24645 20291 23882 18404 11256 30127 15664 6185 21779 22727 24070 18481 23993 7422 19345 5293 17664 26319 17201 3965 6135 24080 26745 6792 19223 17244 19375 15778 7473 20277 16327 13738 26623 20931 26432 14045 27211 25769 7139 26892 25302 23804 5444 2178 24094 3638 1270 10810 3108 11950 26408 11751 12661 16049 17512 30037 14816 15613 15704 1980 2150 11686 9360 6651 26580 20989 7668 18193 20406 10150 27441 29621 7772 21492 10685 31792 16304 7237 11106 2717 27281 15104 32176 8152 11389 4335 19522 21715 31099 32012 15593 26936 29657 23382 2878 14792 228 27315 29622 9481 2158 20037 19688 18629 13461 8429 22400 18982 25590 21644 17785 7566 4136 1551 25639 11389 16859 9582 7885 3736 3809 13795 2194 32244 26082 7018 12189 383 7123 30495 31129 26795 17848 28213 2304 1466 21672 20538 18054 21736 29260 4318 28919 1816 15667 8545 28302 7517 17146 16624 15110 7414 30731 8712 13740 5807 69 2897 24437 7979 3917 32078 4499 8134 22436 15452 3074 14844 6861 21457 24503 31126 7831 6864 17905 
9603 26095 10765 27971 24083 22938 20348 13745 18691 12455 26442 3472 11552 10261 27085 21340 15087 32636 26467 9269 677 31031 13583 19207 15607 23498 29433 1572 24412 31439 20824 9551 12982 21568 11153 14955 24394 7716 24618 4481 22684 6357 22099 22555 655 10924 11982 16406 23143 27133 30443 2459 27527 8161 3674 23382 1784 8466 32472 8324 2268 30258 15134 23744 13949 10477 23455 31237 26736 19858 8071 21375 32207 1523 32361 5897 141 4031 14315 28812 5465 8500 19842 5910 9187 18 2135 7050 26896 3688 29562 18413 2581 13701 25799 16601 32617 19204 25895 10945 19095 7119 6274 16621 24046 12598 25187 11401 29761 7019 1486 16780 14474 31000 27634 30859 3009 24665 5845 1731 12499 31419 19603 18878 3909 24687 4120 19525 31150 29777 1006 17935 20078 25786 199 18700 31500 28531 30104 12604 10557 11821 19478 31881 25853 28939 5966 10037 22484 10530 13886 12158 16988 23139 9181 12324 14453 3457 30807 6439 20418 29069 9392 8547 14077 3414 30550 8764 24705 20554 12252 14898 27452 7746 15697 28300 28317 5282 19985 5906 10512 31926 10977 25721 24559 17049 14796 23156 13723 242 31345 21183 19996 14176 32343 3454 14841 32223 23734 28148 21241 8705 16516 9274 27023 32671 30490 1770 3857 14922 20770 32157 20808 27123 16848 5628 7469 28304 29986 3630 6854 10820 7939 16019 17214 5326 5701 150 7124 30730 27885 8126 20583 29516 28503 3853 1459 23026 11499 24025 25235 29593 24453 5592 20916 8687 19950 11372 27999 24234 30727 12145 27967 20304 14795 16555 12142 24696 32017 22700 26847 30887 1498 7083 8595 6483 32245 12273 15029 29356 7617 19239 7892 26071 1271 19886 5502 1410 6841 31244 14756 29520 31143 21435 3086 13502 16168 21046 12384 21723 30583 31441 24390 30158 22462 16538 26878 20725 9344 13725 
30870 5298 31796 8747 20445 19312 12505 30831 28724 25626 804 10733 5689 20889 32082 17330 28152 15602 20560 4577 3527 13495 2008 22635 22940 28839 17849 32409 20201 22782 22282 6593 5014 15787 9386 20475 31549 18905 4791 1986 1543 8875 29989 21872 2215 8008 20095 15564 15924 22389 6915 14009 29786 29445 27380 27875 321 12231 2937 31434 32056 26431 27617 15940 2711 23144 21415 31009 16973 16266 17674 2047 29987 7520 12038 24279 32567 19515 19900 27517 22347 15273 15044 9383 2412 21602 23777 1571 30899 16080 18651 24710 11954 25564 28277 10891 21242 27234 17546 21786 4716 15815 19559 9756 6759 31612 16931 27140 243 26577 12937 1916 14949 12641 21182 6680 27761 24351 13447 29344 21203 7294 17741 1134 4604 2123 2753 2571 13751 8633 21700 8359 31014 7497 18204 16133 26697 18066 26663 3008 32663 14662 25573 30582 26711 4226 19647 15538 25337 31446 13297 3765 17086 18151 26467 18439 13048 13677 7350 31051 15853 32696 23273 21448 22182 24193 12082 4219 18085 4553 29518 30803 24152 30958 10774 21100 5468 17662 10192 16844 12065 15357 12872 28320 17131 2353 23469 20001 810 26330 31851 6749 7975 2506 28992 13128 23042 31164 11674 388 18849 26272 7508 13801 3333 23062 23530 19030 24171 23629 8154 12806 28289 31982 8924 1059 23330 29937 7168 22497 24171 23029 20742 6888 5321 5674 25793 24644 7821 16460 7661 11749 24463 10707 3358 2552 9796 27366 24550 20762 5348 12442 8584 27491 28447 25083 24620 19617 30254 31631 24642 32536 27016 18751 8256 12459 23223 8247 25971 27075 434 9012 29414 5838 29260 15611 4548 17067 5862 17406 17595 28359 1152 24879 3395 6918 1157 30672 24092 18619 1420 10746 13145 22751 2769 1201 23461 12055 31708 14878 4854 31820 15962 11220 738 14702 18616 31859 14459 13093 
6063 16772 21475 18654 25266 10530 5891 5564 31125 9861 20140 2180 15816 3280 1400 27190 28681 738 15309 15809 8985 24932 9974 27301 28418 21421 7443 2179 15391 16467 4295 30389 32245 26211 8312 32725 3242 5496 4451 1427 32047 2900 26334 27285 5576 21181 29451 4923 1159 2839 25860 7670 28268 7031 26150 3375 25403 25495 28417 7783 20484 31083 19208 11863 29869 3951 32407 22325 5009 10046 8961 28447 15501 23752 27876 15014 22320 14475 18306 2693 25512 11098 24550 21387 17273 12811 1382 23467 5055 29819 30315 20655 8006 18530 9382 27391 31759 5918 29103 30181 5952 7734 13110 6541 25936 24388 15612 2541 4439 11016 30033 4981 10812 18187 24431 27225 27360 2303 27918 23200 24534 19447 25119 26068 19233 18800 4595 1666 18303 26707 1318 7714 26875 20942 30516 1735 21 18904 28967 21282 24776 9335 13975 17684 31869 26626 226 6587 31179 16190 5152 26462 5610 26100 30843 22569 2404 22008 31862 30201 8685 843 19434 30460 22913 32350 27352 32102 15332 27503 11850 32715 9268 24040 7234 26004 6302 8137 9601 30515 17014 27751 7960 19046 18427 27468 956 17615 23860 6324 23921 3490 3234 7058 24423 15751 7770 32072 15113 32115 31940 27014 27589 21118 25671 11435 28820 22952 31106 22663 13202 9595 15193 10852 2490 31054 14509 26140 3966 14863 10026 6874 27672 30928 28324 16518 26168 6788 3637 3242 23689 29888 3598 25578 19253 25151 16650 26116 12536 19034 25120 11899 28676 12298 26187 4055 21326 301 4269 7436 17343 19799 9709 17230 9911 10459 13879 6555 13380 7272 22241 7769 3019 15696 15096 18063 16597 15153 5170 11607 5003 13315 6222 13040 29122 21396 171 23572 11409 7348 16601 30814 13783 23038 2240 155 9469 15597 7019 14353 10271 20016 10699 10629 9381 17716 24094 3902 15014 17244 
25207 25870 23162 12700 23417 14119 7237 21368 2984 17055 26772 28148 21992 11331 21001 15602 22387 16856 27257 3966 31184 4944 16377 32559 22979 14207 7057 19263 21315 10470 1289 31743 9292 10478 22537 21406 1849 18789 9891 25227 20252 707 1088 23001 26332 24124 14781 7539 18280 31947 10142 31781 4207 14513 7750 15838 2911 21840 4005 26818 24597 29433 1629 10010 9064 23850 14943 3160 24420 23946 5914 19782 976 2130 29457 4339 30232 22570 8187 15110 5776 26305 30698 13562 6311 31919 2975 25689 13709 29387 1706 17508 10293 27558 14455 10557 25082 19266 17214 12958 21674 3249 25202 1756 3214 16532 11165 4508 4248 13219 20015 31169 32253 15488 418 9482 19976 10483 3597 16702 3067 5781 20003 9192 7319 7240 4227 1355 28924 27917 20111 7740 11306 18001 6759 9125 28366 25090 23704 25750 27807 29273 8133 32399 14838 32597 168 27676 16385 23354 27411 18817 18850 191 11800 19341 23519 20811 704 7634 13462 4980 12374 3930 28436 5 24448 22453 7968 28476 17772 11960 7485 16357 9529 29336 6418 19112 21598 15220 3406 18383 6468 11374 29236 9364 28081 5934 14824 22614 7778 11615 20933 27992 14764 30826 28290 2783 5357 28570 26237 23219 7614 26580 3008 1668 16491 21705 17841 29292 21164 12343 4638 28876 5547 17811 6688 18801 28012 14 16909 29522 19133 15155 14777 29452 25422 25490 23531 20657 28150 22158 31786 7907 5376 11358 15737 1474 13985 11009 19506 28494 31919 27907 32229 22833 7140 17911 22092 17100 9699 16668 25340 31613 19498 28344 23351 9239 10616 30440 22895 6956 28923 18132 2830 28420 13567 30558 23051 6820 30158 16666 12842 12875 20794 10516 16646 29964 921 1399 28417 29956 11984 14304 3245 14243 15652 3980 13067 10730 3270 7366 16307 15177 9795 108 21523 28979 20932 13949 
24916 7272 11383 5386 1538 5163 2441 29801 11498 20480 13479 12550 31786 31192 24587 1873 3657 24109 24351 31435 30149 4940 16424 22509 7077 19927 5599 16313 29650 12398 6599 23914 31858 30520 25837 12371 24415 6673 4020 8818 29800 961 8077 18450 25319 22518 18763 17055 29771 10252 14270 27505 21257 18567 12102 25645 6950 13684 23756 30579 2572 2940 17160 25348 11816 11450 26166 3797 7534 29817 152 18826 25855 800 25112 8565 24623 8418 31377 11970 16871 21441 8161 5313 30465 22156 26877 15746 5762 5348 27527 19009 4240 6011 730 4996 29453 15570 2678 5262 1051 31630 32290 31724 18467 16441 18176 484 28044 6090 24133 28021 12623 1892 10888 6928 31537 10859 25852 3745 9458 27743 22860 7887 10364 16697 30126 11902 25074 16601 70 20503 399 19803 6872 6886 21139 26720 18820 29867 15494 4615 24750 9887 5827 17153 13762 16567 12647 10769 6341 2647 10793 12819 18024 6287 23739 15894 13944 28505 9803 5383 10873 32726 794 30988 9566 25020 13187 3374 1123 20249 9187 22315 10269 9336 26320 2254 12599 12362 20253 23986 676 2468 7017 4108 17527 4668 17776 14430 4966 3841 2394 20127 13995 32052 12024 2345 32221 20934 9713 21045 22497 15277 22959 6071 8961 24056 3562 31341 23700 25491 31205 32681 22155 13417 24919 11446 9400 2315 21801 30452 2695 4230 23026 14517 5363 15566 7568 13779 18895 21979 6195 28757 30106 27967 32368 27924 972 27849 6999 21712 30692 20254 27509 30680 13021 6809 10476 29660 361 25305 6500 6510 2252 24754 30708 3242 7211 20188 31291 16552 19556 7066 15311 27094 16793 28398 20299 1342 14007 17272 6450 30543 12999 30900 17379 5049 20842 349 22036 22765 16537 205 5535 21560 20831 29129 25162 7696 30102 1633 11827 23678 24284 18644 930 17993 22922 19697 
463 23901 1105 7222 27569 20439 4631 14075 3359 2164 13126 10937 15701 22378 9413 12323 20228 21944 9978 9636 25112 21675 9300 20163 16862 28402 19273 22267 9960 25230 10290 19485 16106 11048 14336 25464 20286 10611 27150 12137 24578 5092 3518 25942 25905 3460 274 23250 31814 16423 10943 17029 32700 10414 24758 28029 4938 29980 30523 8278 76 10716 253 26047 13697 8435 19324 16046 23654 28002 1973 11196 13751 25432 8232 8758 7236 25146 22281 2190 3211 19204 7199 1390 8530 1008 22267 30177 979 6950 25441 12235 20571 17993 5821 20564 20686 4430 24413 23603 4169 17799 10983 30550 32713 30167 18979 13038 17750 18473 1573 13724 9641 1122 23973 15759 11674 13489 28489 10240 2981 10196 27204 8386 10420 310 11103 21352 32072 29092 30981 3771 21290 2804 25936 28335 20603 16397 25919 5768 25347 18455 13229 27759 28577 2677 4311 2222 24248 26661 29433 24153 15065 4973 10627 25862 9279 2360 32160 16144 20855 1560 25912 22468 4894 12387 14142 23957 24563 16230 25178 4011 18573 5949 1169 26127 15775 3714 19059 32440 9675 995 21021 1769 23014 22639 29998 29433 24113 17761 928 498 6991 14179 7930 7610 12207 24972 30336 15186 9938 26295 11239 4761 14687 15372 6285 16472 19325 3619 19792 21844 16475 2388 11978 30140 2564 13437 30948 18113 29220 18443 21749 9603 2592 10186 7015 10806 20879 18653 23731 3514 9966 6883 9645 8891 12006 4647 15747 16510 1310 29559 22038 21875 9701 17901 25451 12809 9983 26906 31571 26404 30577 5470 3054 15273 20616 3564 22033 8077 29647 12789 15730 13508 19185 12428 18287 26145 10665 10108 32443 9179 22631 14775 24499 17951 17328 29003 5133 31623 31576 13341 5448 13813 9515 1394 26876 32435 7270 7793 11609 32706 10617 32368 25004 1608 15012 19351 3166 7421 
16651 8047 17014 8131 20264 29467 10502 12192 23986 32354 25982 29700 7025 4500 24360 27288 5601 3746 15545 27181 28226 67 26992 22349 30947 4643 18046 22584 18543 8193 29850 21439 7169 21 25141 7265 28645 7106 17632 977 24236 10140 11549 28240 16200 4262 6166 3728 28918 29087 17172 9744 7702 21490 19429 6377 20116 31155 13308 3773 27834 6771 16147 30035 28458 26727 3964 23471 4919 22157 10917 26588 17587 28197 18139 9391 3588 25618 19674 8676 30781 30962 14970 3563 12702 20583 4108 8456 24531 31832 4107 17686 22996 10941 9281 18681 12945 17232 16863 28975 14166 20614 1544 11890 21108 23811 12718 24462 3474 29901 30595 7364 10216 13460 11690 12977 15344 16194 29779 2137 4355 29807 12063 1027 28190 23113 25280 642 28326 28489 3333 106 22269 6082 26183 31047 26836 1836 16004 28313 6694 984 11234 21152 24712 17983 23838 2570 11459 20535 20914 4141 8989 18240 1573 3172 18919 15718 8818 23998 6523 31131 24703 7021 25290 19545 24900 32619 21581 24147 23283 12773 2236 7149 20435 15756 6570 1875 10555 13380 31206 15316 803 31546 14612 2079 4601 28830 11318 25424 19156 12553 15671 32411 32290 9550 4863 31663 18196 14648 8768 3540 21312 18680 23676 8361 1795 7374 27465 15938 11608 13084 3649 20572 10296 18964 25255 8918 1482 3179 2500 1035 23561 28325 15502 29096 3441 16798 18669 7020 9056 10184 7685 2980 2121 10347 27361 5728 27082 29398 25984 3640 16703 15784 574 29376 23645 26685 23050 25260 25730 26732 31520 22020 5726 12286 10209 3674 27357 27602 56 5787 27751 19798 26220 5959 25690 32426 6157 26242 21826 8379 20050 18684 21286 28038 22786 2355 7943 17183 6898 11814 27242 30001 18357 3923 18566 19899 30896 22496 25769 30552 18629 2542 30029 9367 31435 27169 14078 9339 
14653 31632 13912 18542 18687 29549 26558 20735 12152 16134 169 21218 10183 4654 19644 17857 8953 16965 3294 3395 21621 27352 4903 31608 22625 23906 27159 16960 18028 13499 6343 26379 25470 27925 8333 21906 31262 12291 17446 23238 11761 31925 22249 6041 21824 17235 9495 20782 2651 83 6289 24411 14927 27827 20985 21825 24947 29861 31659 7834 19827 4292 19960 29113 22472 16975 11232 368 22232 3269 21210 3969 13102 194 7416 24602 918 19858 17836 13479 17171 25598 7836 30395 14784 3252 221 25720 3162 31567 15857 24541 20762 15909 6091 10947 9676 8020 32635 26989 24464 10457 23511 31345 29733 4318 15972 5349 19211 25405 15348 516 28262 9414 27285 30929 4818 29037 6860 6545 3687 31760 30178 25817 24796 22245 17267 6023 5954 32097 27885 20823 1226 31794 25638 32595 6656 25853 18945 4648 2745 13731 30223 10686 31420 29442 4043 21949 15314 3282 25987 20212 7889 808 2983 23689 3262 6929 30697 6602 3283 6370 21605 4230 13204 16348 30325 13821 22353 25301 966 21724 31997 21848 29251 10533 22692 22410 29881 29716 25242 16208 11072 788 21474 12887 25573 4343 14274 26014 28921 2523 25913 652 384 16758 13924 15530 8877 125 27342 27273 23497 16724 3999 9208 20202 18847 16683 4194 32546 29035 18025 17442 3077 4376 26444 2728 28999 9649 6562 19416 4711 18746 27589 4930 24855 4359 16918 2047 13508 6151 6843 3819 20007 14181 6505 3474 18026 29240 6250 20625 5953 14209 19932 19830 23970 8637 11563 25301 26183 19866 2817 29430 2330 19335 9943 22684 13706 917 8070 25451 8875 5113 22862 2014 22309 31370 21921 13253 11489 32057 11601 28277 23349 22124 20652 23973 27698 26411 10831 11034 13321 11570 289 21511 22527 2521 2459 4609 13726 16237 11498 12376 14779 24162 21949 19636 17086 11558 
2581 9960 5826 14529 3814 5335 9138 21487 12073 6963 15158 10808 31693 2263 23144 15232 11295 13620 4792 5185 2500 16736 8245 4391 2037 11214 11250 13342 26951 6814 20138 10717 13785 28266 2417 27480 15380 14352 31601 19388 24619 10685 8681 8022 7531 22123 5677 20332 32600 18386 23179 31752 31694 7234 2665 1640 32038 1844 30676 12735 26905 26279 4154 4569 7139 17089 12370 18872 7690 32532 22864 12366 3591 17975 12553 10259 30079 7093 31037 270 20985 18247 30756 22061 12059 31538 10799 2648 24872 1184 10289 3895 25870 16727 30606 10703 24939 23401 29446 28155 11778 31114 3713 8906 20267 30058 29623 24084 19007 8175 29929 3986 6130 24502 25042 1716 31143 1073 8238 11451 30158 16935 17179 23049 3508 15454 2863 22817 6932 15363 12817 28804 17053 19842 23237 9729 21289 20347 9396 14708 28762 16106 11324 24671 4397 16721 7720 30163 2938 7878 26191 16628 24750 20525 30798 17205 14357 7736 21567 8126 17104 19156 10066 19639 31640 29498 28406 12855 31692 11457 11445 21038 12467 16476 11754 17188 18435 12521 22775 8456 7323 21393 31547 22080 1959 791 24210 17749 24875 15149 12178 19264 12417 4261 15274 18177 12478 20509 22665 26459 11206 12275 29159 17894 21901 10733 26321 19204 9648 4039 6511 5791 28189 13194 25400 8491 28541 12675 1895 5360 11930 27542 32543 17732 23212 19297 25102 266 3616 26118 21203 3225 10992 27483 28434 14627 11972 5109 24894 28884 7414 13330 312 29577 18906 16625 19468 16788 25909 6346 17850 5910 21845 31984 8100 29897 11287 29670 5227 27759 17734 30861 19863 5517 15476 21271 10501 4521 21160 10057 24393 6208 16185 11241 8425 9169 14487 12440 781 10048 30297 17268 22629 18206 30412 15281 1914 26211 1608 16058 16823 22893 30003 5980 12919 28258 14158 13568 9789 29644 
14824 19352 26889 32052 27090 10412 13958 2837 26127 30945 27409 376 8568 30444 24567 20962 27931 17244 26506 12492 4958 11101 18604 27878 29944 10379 24825 24110 2347 22716 17264 16135 24142 621 18354 11075 1047 19035 26331 6296 32147 2678 15186 24320 28149 25775 16188 26519 16533 18683 3013 2441 7982 28434 414 1960 5949 548 20013 22923 8333 16774 22608 11784 19929 26393 5124 19042 29638 6215 19361 1295 28407 29996 16683 16840 27870 14598 10122 9884 26588 14133 6793 13286 12753 4585 9973 28333 13024 8152 2711 498 24840 15948 6192 26953 12519 16554 12986 14070 27830 6600 27116 28054 20708 30329 30765 6019 22349 5983 13703 6921 25467 31440 29654 12283 30180 7362 7914 6541 21245 30277 15378 32485 9912 21809 25206 20642 31165 25746 32187 28256 9270 15695 13761 30531 25175 10209 13246 12338 14162 20693 29686 6916 3404 7850 26971 13969 13238 32634 5806 13876 31177 9472 27023 11808 17683 17330 10006 24377 5062 13218 22579 20610 10234 331 22139 10935 6234 27790 13208 17626 9847 25089 23220 26871 1106 13858 20702 30 14001 8152 21422 22579 8848 2365 1803 1860 25612 18372 13813 8950 12575 13210 31223 3408 6315 6228 5155 7989 11444 1727 14531 30682 18531 195 10987 14125 11927 19191 23667 11209 12969 229 22451 25927 13741 11181 7320 10019 8735 24702 25546 18707 23559 26766 23195 3703 26509 8636 16355 22560 10846 10505 7741 12215 24909 7495 6243 3523 8445 29193 4869 28967 5354 6320 3355 10817 7888 23720 24151 31380 4067 15920 18132 24738 27384 19022 19019 3199 11325 18531 18624 8177 15862 31210 28826 2438 5283 32720 27879 1808 516 8381 15347 12256 18575 9049 28908 16269 18243 32468 16519 4784 19765 21452 31681 27167 12985 13577 23315 25537 5584 10019 26947 13133 4905 6237 3570 6393 
11237 1065 5412 17005 21691 32344 15850 14646 8441 31661 18778 22273 18974 7311 472 24712 7709 28011 16792 32191 22784 24991 22265 27812 2188 20987 18735 31231 27765 21255 12921 31755 20684 25768 677 22942 32627 16338 26478 32617 12667 25429 10034 11840 18002 23760 7340 18331 30641 3592 16941 24887 20034 2848 23206 24636 21158 2347 21831 16107 5257 18312 1094 14171 29414 26599 3709 23589 7815 11300 22383 2060 11190 16437 22807 1840 5569 9960 18619 12508 25573 10638 31509 7127 5104 15543 10966 1508 13447 8468 15597 29933 14409 4152 23636 2747 24609 8406 2992 15274 31713 4231 2972 21077 27034 6664 30749 15844 18169 12367 31307 12750 21498 31647 21194 31431 32685 13639 12557 26083 27782 21111 18458 30105 3623 29297 2553 4581 5684 12711 24791 30770 16495 23398 17121 16667 11981 23309 17104 8647 31919 12376 11501 30688 4968 31028 7850 19127 15533 27464 29599 19305 24560 23171 31991 20744 28351 32102 2720 9153 29736 20290 3500 5058 24871 12535 15820 11498 11036 10853 7578 32542 18074 2461 19519 23723 27655 29074 273 14219 32612 6874 16694 25136 15634 15203 7049 26930 6529 5260 10905 13579 30528 20352 211 3724 4121 25966 2513 2626 4683 6075 4171 12419 16527 32440 15505 26169 8917 3214 1803 18975 16568 11110 7865 22820 30878 30290 7631 32068 22907 31713 10007 25163 22395 29533 5311 27477 12285 8117 21200 4031 15352 19633 11067 20460 4397 32168 15979 3423 5557 22946 25503 2528 8092 30930 10813 9622 32418 16074 28891 5416 30966 10040 14951 29457 20625 979 17524 31473 19373 29207 19349 22629 20898 12044 3603 42 25673 10028 27232 17030 32764 13379 6000 18125 23160 20432 6970 15749 6562 15079 27742 3607 9235 12318 320 29307 15498 29005 18620 5669 6244 4826 18602 7498 12014 30519 29111 13663 
14093 30081 23918 26635 5557 22140 21742 30881 1446 31287 6033 32201 21101 8436 22412 16897 12323 1199 14936 25323 20907 9466 14072 4186 2240 11919 14498 30821 29122 2117 5015 15331 26741 15678 32696 24988 14819 28604 23466 6397 32717 26110 6707 23854 31174 7038 12499 31020 13321 1043 15223 9391 16327 12912 11434 13847 26544 15276 6646 31131 19714 32097 21767 24214 9943 22993 26684 1556 12476 13941 29167 23184 4512 15502 6698 6618 19252 16483 11808 3692 30406 32234 31193 2667 8222 10355 3183 28906 25253 989 17837 6076 23325 27480 23989 19765 11177 29270 5018 16934 31993 27008 29274 17314 24685 29296 15465 16019 5779 28815 23438 26160 30251 24361 7974 1501 30081 7018 1914 26382 19295 11641 29990 13378 4711 8866 17938 7941 9611 4650 22001 11982 10457 2460 20497 32327 5535 21460 28483 19152 14035 10147 30989 9322 23966 26531 13552 12071 24325 11217 17957 7184 23376 22015 17665 28038 5538 6183 19517 10610 8048 4905 28262 18195 28900 23846 12181 13906 8531 23132 14243 30206 10762 5676 15896 25894 21938 6365 14515 31342 20557 18359 7271 28712 16094 12725 16583 7645 20867 18792 1389 785 25640 208 5466 88 25896 8638 26028 8790 7276 5124 3992 26501 31392 12946 26361 30746 9354 9495 22206 4694 22818 5418 5374 17528 25089 2522 14889 21319 7544 9769 20377 30190 22633 23976 3478 24207 14991 2723 28806 22209 28163 30392 5820 23734 19576 30887 30874 32104 19958 15614 3281 5251 9140 7041 7527 26744 11032 29539 14294 2537 11631 4612 19054 16612 28342 1884 25365 26324 17964 1157 7968 1581 23597 19241 12298 24832 28482 8710 25741 3691 26538 9117 8712 7931 22105 13527 1896 20738 30457 947 20809 22777 5091 29420 4421 8591 19191 21900 44 12128 22202 29672 12124 18191 10179 25869 23724 13984 
16598 18399 16613 6218 4456 4877 29498 13722 2727 30348 15145 10171 23119 25487 3220 18311 28600 26546 1517 20407 24439 16220 9505 29348 5678 27842 5124 1361 26430 5316 28067 28804 28281 27847 20050 31201 3006 7458 16727 3478 22112 11278 25339 17319 15518 19490 28875 9795 16018 20670 28779 24264 25370 24269 14768 376 31680 6215 24267 28119 983 26176 31541 23578 29372 444 2325 10518 21221 4031 23713 12903 9858 22522 19388 31899 19525 26273 25297 24686 17064 25470 10849 15372 14477 5724 15271 30022 828 7948 11307 29527 90 9590 16436 19231 22135 19705 13103 7524 22026 22033 18068 16779 7557 17159 14364 10059 27270 6293 6652 17928 1311 18680 31443 10794 2493 13351 14467 29974 494 9953 31060 17713 13332 14302 17335 25326 18568 24376 21141 2108 23148 309 27467 6497 227 17688 24419 22661 12530 18677 24895 31087 17482 26543 14625 23770 8203 29315 14720 7170 21002 29289 32752 25757 22460 257 20065 12262 3263 16663 8442 9240 18030 16853 13870 5600 7212 19445 2862 5726 31314 21854 8052 20079 25362 24341 29861 12667 25987 30953 30003 30738 20766 18089 12487 5532 12295 13577 19455 22015 5608 13765 2929 3330 30952 14209 8220 8918 13955 8838 30307 24377 21576 1247 7533 30532 23464 15187 22425 20250 26247 11493 18340 5682 31692 1082 24853 17825 23403 2521 30420 31256 26597 19408 16367 22026 27693 3942 6636 5322 19811 6338 15475 12631 19018 29440 19900 28757 5433 23937 28060 19803 30228 21871 11966 8802 31382 27651 5328 10782 19722 31311 5389 730 11805 8518 12539 32458 15268 14615 17815 8948 2876 32059 30972 1937 17959 11991 17858 26994 18676 26523 31759 22719 24333 30665 17579 23778 30844 3791 28258 17950 19313 21719 19801 6981 5689 32706 12370 779 5725 22385 5693 11197 326 6224 25623 30197 
589 24081 16501 12450 5522 11200 15003 25432 4317 7996 972 24922 14591 18951 12153 23725 23926 22337 32667 10415 19991 27919 1608 11457 5550 23294 32177 32001 10151 8219 32026 28852 30657 14937 21762 17037 28439 7571 14768 10149 28907 14024 17150 21671 1844 30495 12706 19777 5068 485 28667 16954 20551 2717 31107 16606 358 21491 2351 2036 7868 26329 13067 12998 21324 3000 22464 24701 11627 20919 3021 14891 4972 29761 27788 17283 4929 17343 14164 11430 25709 21053 27966 24470 18847 9231 8764 23067 3475 28846 9020 16353 679 18379 17247 11656 17728 12133 10599 4893 17506 26843 632 26520 5196 16085 28244 24867 5439 10285 28563 19698 1092 24570 24769 7365 9969 7671 14705 9548 27808 26526 19853 14024 30288 23682 19226 13540 16302 18409 30861 31502 3232 26495 27209 31842 4986 2912 18326 15337 4479 25287 2096 269 20050 30240 1481 17304 8691 26652 6505 17437 25611 16444 257 8831 16357 20469 17855 22673 7412 26389 29669 27931 13453 12642 23974 24682 4302 11992 31884 15386 20605 16202 9362 4011 17598 27746 30739 8257 13106 9638 29578 9694 20542 8451 5995 9050 7242 14042 22383 5370 6985 9621 25350 15630 3861 7697 24945 4336 9969 30966 16896 17378 16912 8255 1956 9568 5441 8075 24963 2517 31659 3763 3478 10766 8230 6885 5440 9568 10360 23901 28866 29000 28982 29736 26131 1825 24633 26943 29504 7875 8040 11661 15528 26324 31437 26521 31955 26145 29879 1060 13837 15588 21116 17803 26038 31229 26813 32221 484 4679 31177 29902 1044 3605 3097 2984 23966 17229 4833 7198 13965 31608 11124 11683 25458 21590 10175 32148 31412 5225 15140 9031 24756 19335 17881 18981 6929 3147 30552 13662 23322 32161 21103 26084 10792 12481 27924 30076 15027 20450 14787 10770 31382 677 22086 14158 21842 30531 
23330 15573 31041 2153 26391 8657 16883 17567 25950 8730 32400 4810 19270 30316 6866 6180 21342 15390 12883 32250 12998 4603 7275 15812 28813 31655 25763 23275 2388 18448 19153 105 19017 20338 20595 31187 15213 27116 27023 13106 30138 4635 26881 27893 25399 14404 13451 6400 5079 17688 20030 25803 4805 23370 11756 10274 18338 22807 11989 9150 23141 20173 7908 13471 28209 1494 22035 20936 32050 6283 14524 2848 4256 18807 9101 5386 8229 9359 27382 17623 7119 17465 16805 26224 7051 10395 7211 27247 23096 5816 4572 13526 28092 24158 842 1517 11314 32020 30507 31040 25234 24664 3360 32486 8463 20763 15791 1368 3526 2521 10276 22357 25182 15188 32146 5451 165 24826 4949 27374 16836 24929 26884 26185 18306 12333 31144 15987 11299 4353 16529 31325 9910 10423 798 31702 27220 15061 14095 20886 8535 29150 1619 24108 31705 11505 18300 25944 9511 30703 30009 15744 25938 31335 21525 2124 16745 29660 18884 27422 14519 28212 2670 24948 9097 26432 23250 30710 29558 22249 21027 32706 11878 11560 13037 4872 2963 66 8585 14677 15731 4684 29303 29715 32501 2736 28293 11384 22573 2132 32518 21210 8816 29865 17214 13241 3196 8722 27719 28555 14823 7748 15405 29652 18746 11965 7962 26488 20992 21061 17227 27116 29258 8516 24382 28778 12736 6435 8758 24954 29269 9379 20473 17523 7990 12299 19080 3346 6429 10780 19591 32528 9472 15848 9308 21486 18824 742 2168 25170 32096 3781 7832 29018 8377 26922 25988 13960 18002 6823 23391 8014 6427 22495 31398 19414 21783 27285 20897 11896 20559 2601 31099 26477 5818 1824 2193 23223 12317 7935 24968 21593 20122 5449 14925 23557 27819 23705 15580 16031 8496 26843 30462 31656 30730 17246 22953 335 18648 10078 2874 10496 9334 5801 6414 18510 13735 12314 27454 21401 
13339 29686 1145 2518 28331 23356 27067 6391 385 24929 21572 14770 7874 26906 11445 3694 26150 6195 7053 29779 32749 5228 13581 21840 8542 7785 19219 13453 13891 4121 25298 6090 17504 27112 19542 22054 19667 32586 1298 8099 2206 28206 32094 10468 32640 32002 27653 25949 31142 15061 21091 24059 13684 21790 30848 7948 26120 17469 28331 10585 4650 31209 17799 15721 5803 13176 10629 10528 32660 12094 29374 7661 7901 21660 26287 30393 31838 6102 29053 16650 17122 20096 6876 26192 7054 21912 3451 30308 2868 9843 23630 1922 24027 10065 5229 2116 29437 11076 21785 15441 25827 19732 15587 23525 22332 18061 3451 5758 22505 26632 18992 21563 15789 23672 3252 30828 10272 11792 2920 26205 1967 15622 28185 9382 22517 28956 18206 11062 32715 3009 23750 13536 25244 11628 27399 3150 1327 2966 29877 22347 10038 1601 10107 16515 22837 21846 3042 8215 22828 28469 9857 21286 14159 9673 30937 182 17860 23202 10750 11442 18349 9524 20786 3119 23001 7640 6674 6325 14818 12746 29790 13573 6237 13685 15933 7055 956 24658 3771 7003 32201 24196 20717 32106 11019 26181 1431 18939 2607 11956 1686 32748 21912 7826 4952 19609 30191 3489 27813 11856 22089 28953 24885 23018 3880 31734 29837 15367 9394 3906 16977 25415 28881 29361 23676 11242 1816 7120 26412 8147 2673 9240 2351 22713 12234 5952 2729 4024 28205 29303 32178 16018 11842 9244 26597 18725 6598 10942 14747 14300 2003 9883 17984 2885 30860 11159 30444 27643 23956 1599 23226 16786 20754 18897 32145 12190 32725 8206 7093 11037 14590 20100 14842 30971 18660 25050 7864 20895 19291 5302 22856 26558 20774 32710 16429 22762 14764 23413 4275 31955 27423 29390 6961 21674 7136 13618 4067 24010 23235 30888 320 20504 8710 9992 31571 7029 19854 30224 30092 4237 
20828 17356 6913 4525 3019 31046 8946 22293 7432 8072 18303 10201 8523 30616 29286 30955 29704 9697 5010 15446 22161 4743 9905 25670 29958 14286 26300 23568 11563 24033 1543 19375 3952 19261 31814 9565 5125 17531 3014 7610 1513 2932 17662 8043 1896 22064 6797 4293 15195 25178 20010 3523 17235 268 9548 22466 26236 14625 24271 9060 18216 8462 25323 317 23772 3701 27716 12991 21530 4738 22048 2575 4050 17876 3065 21645 29358 5073 14968 26661 7589 12502 28009 30554 16751 15976 1911 9932 22034 30348 29423 31150 30036 19588 22221 25985 30802 6997 9304 14045 6963 17053 21016 30516 4003 25574 8516 22620 31107 13169 24802 6232 10774 24528 5694 20950 26388 20126 28925 25905 9047 22424 3130 4244 25337 7449 21794 10203 9254 26079 30413 13013 26464 5897 5568 17937 27334 18546 19818 8483 18553 23167 1614 7033 11415 31173 27518 8412 8455 756 9130 21069 26031 17727 21715 30596 784 29763 25154 26323 23678 28550 27885 10959 8913 30731 32529 17028 3030 32440 24768 32640 26115 10926 13505 17886 3051 14596 22314 2160 27523 10939 26315 23545 22459 5192 20362 25602 14516 18765 10066 19155 32167 20263 26104 15825 21640 6935 5968 8996 17858 19271 18549 2693 29807 12403 30509 5577 29794 32645 17263 23132 1194 10181 17185 26262 5328 26196 5 13208 31619 19289 26303 9792 22315 23676 29508 7361 23453 13346 8417 20037 27795 17577 4993 17248 14213 15463 13621 31821 7497 17736 24266 20570 6871 22647 20034 7870 7437 8167 31780 20988 27687 26467 8021 25087 27520 25394 8158 27740 18470 28752 15182 3413 27989 28514 12454 23859 22127 29450 17092 20312 14427 30237 11523 5080 19849 17828 10532 22270 1419 32382 25820 732 16766 18526 18568 24245 8742 8533 7075 15836 1819 29627 18210 15419 31288 760 27139 13755 
13173 27135 971 12601 12299 20957 27823 29870 9030 16341 29510 15684 1362 4294 12680 23832 2410 18326 7101 11436 4161 10022 28136 21364 32310 9017 184 11097 2743 22322 8561 16222 3413 12138 18641 24379 15170 12726 4002 5639 5348 402 30075 3009 5116 11512 31271 14338 31636 8101 867 27027 21833 7662 13093 12932 11700 18189 28041 22568 18951 5641 15773 27640 24032 17111 11115 27589 15960 7507 7146 1193 7895 27236 5623 8292 2857 31835 30452 24197 26058 23625 24795 22969 23041 31435 31606 24654 2356 23531 11459 17863 10362 11899 1359 26033 27905 5276 28282 8226 11040 8687 29828 16499 30751 19127 17534 22921 20403 9669 6626 24428 7879 15443 18703 14826 24228 25843 1152 20642 2057 2608 4241 22178 17199 2782 2262 22603 881 25535 3121 24836 22667 11606 10598 14240 20642 16264 17908 24241 20287 9226 14705 28185 11735 11839 24411 20299 20220 1699 30209 6898 23405 8141 11694 5378 23969 719 30334 15743 18117 7717 31550 17681 801 7018 21019 26191 7702 6792 16001 20081 31257 6751 28689 17904 11824 26069 11716 14938 4324 240 26003 6372 9842 30735 28066 18206 22312 11340 21030 15738 6739 10319 24258 11289 18253 28148 9998 7093 1157 3176 27118 4622 7925 10449 12234 26159 19715 1034 25516 5112 28361 29665 16245 2696 25533 23624 18630 27173 7866 32221 19444 20104 8192 17042 6732 17993 5743 26564 505 21127 25116 2729 22436 22952 8949 18539 5080 23006 30058 29406 21749 3642 19373 19000 19929 29088 16016 19122 2353 21163 13847 19872 11162 15079 27049 8107 30060 6469 3635 14769 17840 12235 13539 17400 29195 3512 13235 8064 11588 27677 19662 28021 10845 26871 7672 26390 19030 30179 24679 10670 19462 24867 14237 26770 7115 23520 30084 7273 1960 31129 3555 24056 26755 26149 5112 17423 19667 26813 
14794 22802 24840 22533 17730 28512 17665 18620 31751 6473 29407 20460 15659 9652 18593 5881 30876 8379 27127 7977 13851 16008 21267 14072 9446 4309 23465 20477 1785 24556 15244 32110 25299 30007 29985 17011 22899 10866 32453 24843 4004 10218 12315 4584 30024 20827 22944 18324 25692 24567 30196 16468 13815 9076 21342 770 10803 31083 14563 15804 12095 13829 6561 1643 5389 9989 11280 12775 23448 8162 3803 26949 19719 12794 19683 7298 14073 8244 883 6931 26739 10727 2318 22183 10662 6991 15574 25081 14621 12627 3201 19207 40 13749 11962 13009 24003 2952 31861 10883 3877 2385 18374 24996 18493 28730 29640 7755 9807 18778 19718 22503 9857 12470 7422 14309 23898 8522 7061 6447 928 25996 18346 23186 11945 24163 19589 2004 4304 11553 25726 23478 22723 8194 11833 6752 32135 20761 12194 26859 7308 24939 11958 19433 8773 23831 30875 14284 11960 26421 23146 26717 28607 30077 13967 1274 28174 19720 6405 9639 7742 14360 3522 19687 24850 21371 32659 2442 17922 30668 22486 4243 8285 2465 27408 10595 32186 26551 19409 24090 20023 22966 22855 11017 27261 26088 27983 11235 148 23537 19825 11675 27014 23200 12155 4645 18362 32067 30382 21432 32385 29117 26934 31004 26205 5893 7334 25525 16885 24836 18726 17390 29683 21609 7944 6981 28706 9042 29281 11080 20095 11707 11405 3268 5341 13787 29638 28854 26922 7546 4969 15702 9687 23827 5871 11656 7883 24761 17431 18398 3417 13008 21223 25143 10739 10492 16225 19496 19328 29047 19742 32030 25592 22621 6927 31726 16384 31172 4592 24282 47 28112 26290 19701 24996 23464 27983 17322 13014 6290 26007 23618 27301 20979 22580 23236 5565 16723 27971 12582 15776 286 32161 12209 21854 31555 4393 16462 10492 13026 23211 13496 4241 12021 16557 27938 5995 30384 11046 6515 
4944 31778 14850 7009 24516 15740 30388 10119 27444 22573 16152 29994 8797 8991 26109 24439 32713 18727 15735 26741 2101 21780 316 6424 28423 17808 5867 11725 25022 10508 31381 6064 17458 27566 29955 1094 16547 13505 11528 30500 4414 6401 10694 10076 29296 4187 23366 19173 31737 30619 14169 2980 27195 7948 29141 1691 15641 30921 21629 14760 11211 12034 15222 28491 1190 732 8072 15837 9901 3364 4925 7174 30832 13496 31917 12165 13771 30612 16100 31922 10523 17453 22052 10597 21909 30560 21341 26170 222 6001 8097 30976 9966 13340 7896 12186 31015 15705 16238 31995 5824 2171 13927 14192 16513 9864 10499 30452 8991 27066 18215 12320 4625 13342 23928 30443 23193 25199 15784 7074 18767 20553 6229 4293 4505 2856 31788 7743 32194 25277 2362 2050 24948 18261 19120 4140 4130 577 24120 32763 10941 10650 13008 26949 31584 2738 11614 11115 6340 11678 31568 4220 26727 16480 24825 4867 2980 20493 30042 16870 30857 779 1798 7943 20234 23052 19291 5791 5737 2014 10072 11351 27461 8524 12142 6904 9077 26707 23472 23503 13078 6654 2917 32505 14826 8919 21015 473 25724 16634 379 27888 9354 9709 10973 11068 9593 8502 7537 7761 132 1969 21862 5886 23878 5853 1566 8886 4931 7990 21029 19425 9533 31747 7609 18342 7171 17400 20494 11620 1059 6188 16985 18241 28135 5273 7749 2761 16985 6686 28293 5224 20521 1631 4615 13451 27750 14651 20793 31321 134 20103 26674 23426 21587 6385 23762 3825 12611 21957 21644 19363 13134 8340 26746 6250 28978 31059 25480 12861 12683 3063 24644 9128 2034 1 30361 29026 9044 20686 18635 13513 12751 9153 22587 3946 10972 6602 18004 8012 24675 11901 9306 21692 30350 20695 12957 11516 24793 26954 24764 22508 12925 360 22233 6337 4700 14480 9967 7707 
3347 7510 30252 31852 7447 9070 32552 28909 2366 11982 3863 12327 11651 29801 6855 25652 27728 6479 3361 2094 329 10504 7235 32507 7459 11763 11725 31746 8747 9540 6272 641 15799 5681 18886 8486 6359 4728 759 31746 24748 29513 2723 24705 20188 30353 8194 24741 6157 14062 19006 7920 22895 1481 12172 20612 3435 13468 856 30006 11434 22704 30921 13142 26175 10870 15085 31819 12714 3887 11220 7723 15536 1488 26235 16106 2004 27891 24362 22679 1130 18916 12985 9333 30117 18343 20856 18626 29246 10483 32094 8 24366 29238 19591 7494 15899 703 360 28667 1550 27857 21411 25610 28054 28540 24153 19037 18938 5281 24933 30913 9851 18166 28623 12969 17455 27261 1811 26309 8997 13907 15032 290 16035 15003 25787 12796 10851 20225 25825 12257 18162 22683 16473 13989 19251 5240 19109 20621 603 22618 9407 17082 14349 5183 25594 21974 27742 22242 23864 6660 15763 18542 20850 18683 31694 29690 15861 7621 1980 13101 6904 4387 1366 17371 40 16008 12386 16424 7888 13231 18597 27173 10573 5977 10203 6323 3988 19314 5416 4430 10773 7365 17545 16190 12232 19912 4369 7949 10416 3515 23106 20496 9999 24711 10344 17218 14038 13159 19779 20990 25098 27927 27999 12444 29925 27600 8952 5496 21388 1416 8808 21024 16757 29889 13978 27259 1463 10370 4836 26753 17504 18553 3552 25171 18754 5852 27335 28792 18566 16996 10361 3494 18670 25352 10145 20289 2234 16731 11306 19748 17164 8390 21027 24305 28468 30207 29296 723 31772 10347 18433 13145 10990 6249 27512 7762 11393 27045 9801 17773 23882 10077 7016 31428 19029 16771 3478 5340 31006 17813 3670 30892 22198 10433 2385 5694 16680 20695 26550 17256 13908 28847 24508 25181 24158 26874 32001 29592 21013 28669 1132 4398 12339 26439 32114 18071 4109 15307 
19872 16916 24690 22578 7824 5234 19363 1597 9413 8311 13210 11066 31362 180 15394 7192 19864 26348 15682 31650 28459 31660 4413 6524 21128 20053 9860 10463 27432 13527 23972 29430 21978 18517 820 32175 1885 302 30645 13715 25646 17367 6586 10965 30485 8045 26251 27056 20236 15541 19941 11866 30538 25592 25364 25324 30994 1961 31026 27892 29845 15325 9855 2542 32042 13044 10125 22429 28394 2320 20885 4630 12016 10825 21285 6565 1262 1087 8681 2011 8537 21125 28268 16109 28060 1646 2214 7076 18351 16308 29532 8607 17344 22293 14149 19487 12676 32349 10825 27097 2478 28720 31329 25218 31803 13328 32440 10759 25358 15385 20734 7760 12527 25378 5790 25190 2400 25487 26673 5029 9731 11733 3281 17437 13869 15376 27127 28914 11754 14248 26416 10135 2434 4117 31282 9520 21382 30673 21916 9959 24755 23970 3022 22235 15355 8476 28382 12115 19856 4583 14023 28792 3895 5548 2763 17718 28151 16092 20192 22043 28133 19476 22292 25644 12943 29504 3010 19982 11970 32488 24289 1014 13565 16042 18041 1376 13861 3627 18975 22654 30959 24379 19558 5203 24251 10365 28931 4280 21686 8985 29921 30495 12183 86 5259 21233 5662 28274 16823 3581 23716 28889 30589 26209 26227 25129 15368 12583 23913 7356 19943 25954 23456 26952 14890 30020 26856 28296 31450 7593 24088 2348 19813 9509 19964 4857 26986 15044 2365 26328 26177 19322 23661 11339 32526 25344 7235 16504 25247 3889 950 3247 25274 27858 22084 7693 19986 13292 18998 18594 20158 13216 5073 24428 32077 8530 8755 18010 16422 18361 31151 17793 14254 21018 21476 25961 19267 23490 28416 8109 27602 18658 19868 27989 2386 32645 10706 31078 9166 11542 32683 24501 19763 22137 31675 29037 7031 23384 10178 13846 18624 3746 26924 7320 16652 24702 3370 1406 21454 21250 
24301 26867 30619 27757 10707 29961 21538 28426 30903 30202 14003 9323 16173 3411 9412 473 19482 24628 812 10675 23869 13372 22811 15244 22881 8543 21131 24562 10384 18430 495 1579 23254 6206 121 16394 17742 25675 12292 7544 12546 26359 2641 32671 6803 1561 48 5570 18696 22323 25831 4237 14133 4548 18250 11125 18975 9480 24369 16860 27400 19657 17261 15800 27868 26826 23260 6470 5643 24214 21389 1156 8668 31844 14646 11532 7062 20915 13320 9740 17652 24804 13382 8894 1 30629 12515 27123 28253 4746 5355 2071 5596 26154 15249 6987 24211 20324 6769 17490 20151 8477 29369 21065 9056 26520 4682 16445 30908 18222 1412 24694 23626 3195 28928 8756 7406 8532 21693 28171 27815 10979 1491 10742 1381 4407 15270 22945 17434 24582 4936 13663 27611 794 3488 15681 20523 26145 31762 32125 24639 20893 23154 21356 7889 726 16602 13028 20163 2381 31643 10817 29602 565 10504 30836 13863 25536 634 5389 25305 2725 19189 30723 15102 26940 4409 6454 11628 16471 26246 18519 28581 22247 15895 21950 1270 19988 30645 23238 23987 31149 541 4538 3587 2044 23966 23993 32660 23288 25390 9057 27544 12709 16914 3547 16615 15846 5422 17153 28404 9508 1001 21607 11976 1633 15104 9457 4260 14307 30204 27797 14152 28302 13297 11834 13445 907 16892 10332 8143 22323 2286 6725 17044 10834 31879 3704 23036 28924 8194 16310 19811 27370 11699 15167 27592 9779 7394 28540 29992 21105 12550 16823 10973 26719 9051 21079 14693 16331 15254 17294 1196 15493 22486 17344 4723 792 18374 13359 5240 16628 30958 29522 21796 32602 30856 24233 28745 3606 12875 2464 32205 8431 31877 24187 22205 1000 26521 26681 3116 14874 17179 2634 14143 5464 7994 18380 12990 29643 15493 292 5307 8616 31492 29932 2052 16762 15630 14735 
24566 1195 18316 27852 16503 13486 6732 5807 1538 18447 10566 27190 32546 26093 31447 26564 19120 27615 32044 9757 4414 11897 18765 20516 6689 12236 17932 19349 27501 20949 18099 18234 8985 3556 28070 20005 32709 1092 3102 14195 30908 12921 4038 6733 1518 9062 553 29353 7515 9683 19522 20334 1773 22415 5647 27412 21935 1883 6863 25624 15452 12769 27824 19328 20171 27296 8941 23528 3405 23150 17551 1951 32139 24001 5824 19821 12501 9708 26413 30732 1852 16229 13783 25417 32496 3995 9533 11163 17308 183 30005 11102 30811 31196 23060 32373 14155 21991 3320 19239 5423 8796 8820 1446 12773 17238 202 17326 25404 9953 7828 2302 5454 12550 30124 18643 15111 8759 27439 2433 8271 7491 16123 22456 22966 26974 18623 25451 19763 23057 25267 16269 14170 21937 330 150 7229 27529 9221 4500 27162 32032 23115 222 28799 8995 7242 585 23429 23606 14577 7916 20604 158 12620 12522 1328 18948 23988 13026 30258 22205 11805 1883 3224 3126 31392 31744 4714 28418 420 20597 32610 5424 23845 12786 17368 7475 20037 14042 13398 12284 23386 15400 4355 5546 25531 29107 8912 28423 23753 19392 15081 19527 24595 15028 8818 25944 28456 24358 2952 4469 28214 17318 13179 2905 28457 736 24744 8024 18654 17850 19760 840 3752 28542 26266 21682 18973 31040 30459 25025 30461 17082 27170 21312 19444 26105 21129 19764 16523 4796 24201 29973 13049 3719 32747 11643 6221 20928 17464 1080 4219 19705 30024 13933 31660 4823 17864 27711 16097 12122 3446 25071 26688 12651 13585 11489 4392 3767 13836 24854 17501 30314 5004 28272 30074 2574 21003 10422 8734 9003 11165 27840 13177 26994 29333 3352 25867 7062 17097 14191 29179 31775 24869 13142 8805 31697 10822 12919 2743 10979 21072 10730 13359 28717 21729 5819 13212 25476 
18203 31359 22292 270 17667 9009 9990 6836 31209 1429 7368 12248 7835 5310 28254 7850 26253 12415 851 11535 369 19139 29348 4871 27872 9012 26190 12631 11244 585 5121 26029 32234 26223 1852 8065 28071 12660 28155 22502 21695 30820 27963 15160 14136 219 7916 7070 3205 30729 14997 3133 23612 24785 23415 24854 8052 1907 11740 12457 18657 1742 20877 613 15186 24792 29544 26497 7771 10762 11914 16341 30413 439 24423 11103 23190 9382 16048 23943 9167 6812 14723 14699 7652 4098 5211 23788 1236 30729 731 28968 12392 24843 2685 13391 26747 7801 5331 23652 5785 295 2217 24473 31886 26571 32641 4584 14093 26407 30953 9166 8583 31351 3947 11912 13566 21705 6422 25464 21802 141 23545 15690 18307 9856 29999 22958 24961 6800 25534 24858 26132 8836 24455 25920 10303 16345 22881 29205 2333 21217 14664 23179 13853 21318 25586 3443 6189 28636 19200 1410 8956 31400 21709 8356 4106 25507 25244 8534 4024 27920 27759 1930 15527 26735 17488 2475 29259 7477 12397 30059 26157 5254 395 14321 3588 26025 10872 10866 12637 4285 23635 475 5164 8548 17546 5270 18069 16425 4617 27481 15796 13643 22131 19804 13407 1941 802 31514 10225 30859 11656 13180 18252 12611 14282 19704 8985 14506 5583 13834 14747 8562 31147 17178 1307 31953 27123 2199 10826 17848 16181 16003 29982 8862 23054 26701 27680 9701 20046 31704 20587 7307 27811 21490 20629 32253 30120 6 29290 27641 385 24224 23615 23141 4482 18187 12118 29219 32045 23708 11347 13445 8579 8804 11817 6514 29056 12530 8890 26473 14289 21817 30564 17618 7379 29003 12518 8046 23191 7620 25284 27162 31766 25524 2013 15404 23882 5227 3971 1981 4360 18212 3304 24551 18964 27309 31271 16289 21810 1955 10429 9069 11573 20190 16812 18380 11249 11353 
32483 21998 25478 25011 25099 14757 22393 32522 28347 26872 20008 10673 19543 29093 22394 14176 17356 9727 28569 3058 18968 317 22510 9891 4847 30232 1472 9108 8852 1701 18891 14931 4336 26202 15376 3698 18111 29546 21152 31048 28283 28284 25456 11875 450 23513 7086 7775 4827 27913 10547 2416 28384 18607 5618 837 32076 16111 31514 18759 18842 20121 2363 1028 3212 25556 870 4695 30735 31048 5313 2978 11223 28766 6476 10528 10632 26283 10984 23959 13340 23177 7551 25635 9078 760 8353 27805 3316 29200 26423 3046 21720 27019 11488 315 11788 14642 18747 30709 27803 6822 17809 12068 21397 6850 11678 23425 14622 10891 13256 31237 12707 5155 27814 8588 16511 16907 1582 18236 28168 21753 10336 14199 10684 28506 368 15345 16352 393 30420 19640 12835 6561 30944 9545 15708 14864 617 7470 14726 17119 24471 16626 9551 16460 17713 3243 10600 19646 11179 21128 2866 17156 21256 28002 11952 31155 28622 22954 26281 9653 3256 6967 721 31336 6335 30330 3607 21006 22333 11606 10123 13110 31378 30117 21646 28434 9248 25422 10945 8852 29209 10548 15547 29016 18008 12851 19370 27451 16279 19533 29572 17218 31505 32741 6569 10620 23339 16072 5085 29215 24087 28048 9663 15766 3070 15781 26174 6289 20335 17163 7329 24183 331 29438 10142 5781 1946 14466 20911 12510 20103 9999 917 23694 25668 3742 22415 21126 21743 6556 23657 4656 1757 28071 29311 27332 10942 16976 5186 1017 23030 14400 24843 23876 5006 2560 31828 5200 13389 13138 22321 28989 14301 16230 13733 31697 11982 19800 2641 8486 25045 21052 11770 12949 11681 6293 29389 13035 29453 25262 17723 24088 30536 19468 20097 12102 20391 4281 10374 26307 15776 17278 2121 4811 11547 23064 32083 21775 21136 4141 24438 26909 8759 19959 8777 8928 26180 27542 
12987 19915 22356 5397 3943 14408 18651 28402 3732 9040 8354 9768 4773 29472 12383 30935 7201 30739 25767 30012 4369 6921 7123 14430 18869 12898 14369 25966 17697 23741 9419 2407 14055 1089 31584 24751 32052 32693 7529 19804 15488 25543 10281 3939 13437 26945 20223 26512 18809 26176 27451 7831 24896 1824 8017 23188 20279 29766 26420 16005 8720 15279 25832 9805 1702 23688 25411 28231 7040 2739 26704 10133 22886 12097 7363 5571 5578 8391 22425 2411 20920 32249 19831 2867 8695 21720 28402 2285 19576 19876 7344 7710 12011 7001 170 1035 20679 19227 32028 14130 21400 31819 25363 12378 27460 16288 1109 26025 31744 29542 18287 26885 30853 1830 24850 18723 25527 10331 13271 29940 25229 15670 7197 14832 31587 21628 1294 1368 19274 14168 488 27406 24007 29221 1902 26685 29849 3258 23108 7659 24111 3242 26670 2210 9594 13594 24213 24735 21324 3872 10772 18398 13859 29110 3146 28061 19751 3970 32350 15866 11357 27716 11613 23427 3816 24883 12016 16137 8682 11515 5698 3912 15711 4639 15224 26161 6733 23164 21485 23254 27443 10177 26181 26218 27059 22992 5643 13797 19399 12755 17069 4832 20663 12998 32446 14855 2967 14893 29301 11232 26812 20633 1128 23058 15940 3330 17222 10723 23884 30473 15235 475 14194 12273 7469 14781 15681 5253 11234 14549 12888 11045 3018 21219 21493 14180 12417 21779 16478 21934 11565 7508 18680 22810 5356 12999 21474 21167 23684 23774 13170 11495 3010 32246 6410 23785 10959 27745 27107 14132 4942 30787 31650 50 13372 20321 17734 5259 7675 28276 481 11789 18492 20517 4067 24061 28533 23481 28177 4053 23974 29327 18576 13013 2591 10283 10693 20807 31152 1606 3429 18570 21799 23710 14039 10709 27712 12842 20813 31072 18955 7409 17647 4823 20635 25740 11203 5873 15032 28076 
16184 20125 13649 25814 6525 20410 14862 18903 32361 27000 21396 12108 11048 28862 20993 3890 22833 14933 5534 2299 5170 17286 12963 17879 28132 987 6017 25883 1726 24662 16835 31337 24703 24416 29951 28778 28016 6582 24528 6756 32413 14901 1390 30830 23921 16826 24310 27254 16617 30225 3366 31264 8685 11992 10305 18450 17883 27881 29486 22296 15622 14085 20305 16899 6230 16642 8262 160 7259 10060 27074 27315 31463 8007 32330 6330 685 23416 16566 30802 7812 8336 25705 5905 1452 22783 21736 6351 3172 3902 5556 7340 17007 20312 12734 8829 10863 426 29408 603 2557 8541 6106 16119 10197 8188 22493 15027 22514 7498 6558 31732 16893 29450 10354 12749 1943 20289 17004 29197 31177 3304 16825 4439 1766 15551 7439 13772 362 9980 26373 5909 20008 5315 8211 12579 10156 4813 6132 8482 19253 14004 6921 4884 8969 12331 28643 29056 4849 16598 29005 19948 14827 16008 5918 26487 13418 31944 22456 23867 2810 20945 19478 23159 6755 19033 30802 10891 22647 31347 2351 4561 3768 22082 17344 19644 11203 17610 3868 2471 13823 18325 4938 31520 16843 24832 27042 14478 11849 17422 7034 19028 32392 24347 8927 22909 17401 29342 15753 20084 32365 25813 17500 3356 1042 4247 22464 4838 23919 14343 28552 5720 1706 28588 15945 21877 27368 12975 30765 26193 9694 28467 30789 18680 32732 19210 12887 18247 30083 21971 19361 12025 16827 50 8351 19874 30410 21088 11070 12750 23143 5806 29630 29287 30462 6939 31572 14810 21929 28567 10898 32369 5786 4556 30305 16312 2946 6454 8869 27036 3670 21798 13111 7621 7355 9457 25038 12666 1909 23520 3873 6652 12791 8993 29688 17505 31770 3695 10095 19056 29281 21443 29113 12022 20901 6133 1116 20338 20680 23164 22139 24563 24938 2191 11036 3518 1631 14325 24544 32028 
26000 7448 10521 18043 26517 26183 27211 29352 28784 25111 29088 16075 682 17534 9976 19596 23838 3801 13863 30261 22117 30638 22533 2466 22438 18485 1008 503 14632 7556 2236 21525 6929 21306 4705 28768 7015 18103 12803 26937 29357 2285 22091 8449 21770 20438 28532 18778 23225 31218 15107 17160 689 19746 2600 30608 17154 29118 7071 30316 6856 7003 2016 18832 1862 31431 29044 5012 9621 15752 15816 24920 8134 17527 5847 8212 29669 16716 11872 10806 19341 17831 20676 10601 29991 26164 15511 3972 31268 20224 21177 9682 19744 7850 24135 27037 6356 18274 19572 1364 489 23399 30783 28581 19149 12754 8777 844 20271 18747 27319 26168 17254 19489 23321 6138 12902 2764 8609 22179 14360 13243 24738 29715 11156 24013 9779 14593 31604 24922 4054 17847 23011 23069 30611 19857 1791 18638 11292 7549 7693 2560 25986 4526 22719 16710 23108 8519 5398 30566 24005 8857 27588 12253 27814 14993 26481 18865 21877 9790 11641 31480 7537 16243 32662 6797 22197 1551 27097 32680 13637 29794 25527 10453 32570 14346 26329 21504 19978 13158 6668 24110 1508 8934 12673 4524 20894 13907 19101 6045 4603 7334 16175 3514 26771 19681 19421 25894 31315 2108 7661 13714 21194 13296 31641 3633 1596 18616 1947 7919 14050 15757 14734 22220 1753 6565 25305 18973 27221 14279 23798 7018 20519 14172 20796 24429 16992 26020 16953 15620 1540 8008 25362 13738 19162 22273 1634 9848 26191 10118 31458 919 4844 29180 927 26279 18237 5052 5528 18167 2492 24268 16881 31984 29175 12767 12877 6241 16931 19713 26227 340 25023 13054 13312 9832 10485 6003 23404 18772 6391 15898 12030 3343 10083 8164 32286 25395 3043 15308 25704 27457 19792 5221 2900 27959 23367 26895 1005 6816 30472 900 5312 3129 27579 2997 2833 30487 16322 28887 
