13860 21504 26700 10973 18524 30750 28488 15882 26630 29074 15424 28959 9904 17862 15008 5150 26141 31564 22413 17278 24740 25375 25190 13467 12590 25481 27526 32 26928 17047 27184 23577 14383 20563 18777 21116 4689 23518 21303 1272 1312 7380 10245 20080 15651 22916 26529 17579 14978 24368 26142 27802 22697 6192 17275 28571 11539 8481 2341 24184 28244 30120 25944 13487 29754 31016 27865 14732 6310 27178 13434 32760 30997 17872 19875 18536 12045 17650 18977 13771 1465 24589 24188 30950 29815 11745 28658 15537 25142 4401 3551 18992 14377 2028 18578 9874 25335 32483 23789 3769 30443 23514 1984 17694 27942 2314 24157 672 5827 6370 11315 26995 24275 24052 11338 29803 13806 6805 5407 14863 19300 24524 1966 19289 17270 13146 26121 4386 1389 13789 8949 21826 3139 443 24433 17428 20174 30397 25483 1384 1214 30393 5877 1014 15236 24132 19285 29096 15302 30184 11652 18386 11823 6134 764 25731 7683 3027 25880 2072 3099 30206 313 7739 24038 22703 831 10471 11459 31938 29985 4981 3315 21443 10775 19007 17134 10218 1154 3422 12075 27801 21905 32720 27162 20314 13742 30449 30651 7577 1253 25628 24927 13982 24953 9341 30592 16258 1798 3892 12980 11576 17711 30853 759 14729 27219 25199 5630 9216 11753 21771 4965 19949 4009 28577 10909 5397 45 17249 29685 143 15427 23305 30662 17011 23164 10035 14566 26413 3329 26583 11098 26300 12157 32568 10620 31485 16931 14607 10497 12246 341 10047 11840 12401 14742 18878 32482 11234 26177 26116 11974 12797 29217 21359 6546 20010 3177 11956 32665 21499 8957 10883 23619 28532 18296 18633 5988 23834 25035 20609 16280 6781 25761 12150 4172 24227 20990 26377 8069 13247 15454 18569 15272 15000 19983 16178 14099 22086 7165 23859 3868 19668 11117 22300 5436 19733 16073 18456 32031 28905 22854 23876 18488 11459 20312 17067 16951 31183 19014 11228 26247 28072 21368 2513 23165 21526 8852 30939 12249 28005 12736 28259 425 7394 305 28900 17168 6415 21301 18316 27937 16010 18229 10311 28407 27244 9983 19888 1716 18805 10155 26604 24468 20054 13689 7361 5080 27347 11988 17826 31119 29247 3817 1566 22049 5761 24970 8404 13194 24799 20216 21871 16498 14866 26955 3386 3846 24211 15622 18169 13764 16254 8498 10070 32683 18528 29921 13901 14880 11912 3899 6056 30195 13980 7076 23031 22329 25051 19573 27215 16939 2881 23945 9500 10249 22342 1928 14652 
28253 31134 6142 3541 12887 10291 29256 20134 14403 13198 3858 13687 1063 968 16022 12128 6306 28856 18034 29810 5987 31760 20190 6261 12354 3009 2276 14087 18536 14133 29028 478 14499 12102 19734 12929 2920 21682 4360 25852 11385 16806 17261 2314 27815 23108 27656 29574 974 21154 26731 30232 24141 30761 29350 19129 15637 31242 23012 4431 3422 28995 12187 4965 11103 17953 3932 29368 3429 17566 28418 6380 6643 9554 18808 12385 10494 24899 21230 3818 1334 21970 30937 21208 8363 12198 15964 22776 6922 6416 6074 16101 17652 25042 9309 23477 6270 28653 16139 4880 29468 15105 3183 6111 4483 16867 11431 23104 30866 23657 28052 32342 15060 18248 29602 21381 18252 22798 2481 25422 5206 30110 26029 4486 26484 19890 1618 25265 32375 21139 7320 8209 761 16676 25826 2736 1485 3820 9274 17729 20731 18004 17601 26744 31846 26463 29226 29664 7539 30648 5170 6244 2853 8072 16368 24616 4939 16630 20802 13917 3241 8905 21176 1258 17306 31386 23950 16219 278 10651 6543 8269 3231 13987 12092 6005 1437 30758 1105 3357 909 9160 29076 2667 25947 22267 1521 10073 8279 27536 8739 25147 25687 7593 20097 17018 19323 8930 16796 8235 27328 5595 11581 14409 5291 32278 25711 27008 2147 251 15088 31210 12427 27328 23617 25382 31038 26725 6613 12780 13956 27291 3648 26447 16893 4784 26870 5330 8861 6887 31215 86 29149 2103 2025 21229 16437 17798 4667 3930 28938 17300 10573 9320 10442 4769 32457 9013 8679 24716 19839 28243 21742 4687 25735 19985 2634 23074 14242 22584 23351 14311 4853 17649 1668 21755 8636 14920 19929 10829 5140 3353 26310 5031 8498 29194 5376 24850 27254 8702 11013 22256 16504 3524 3433 1841 14619 25568 1710 1565 1646 18215 19842 20720 17231 18735 1728 28436 16414 7260 29984 450 10718 28388 14136 10282 372 23782 8004 32401 9264 5363 26408 18300 8962 7416 15221 5995 1502 25846 14634 28986 14059 25867 27716 1496 30757 3810 22204 32225 8181 7868 10451 25253 13262 7050 23162 13687 181 30896 2349 25671 14851 28311 32462 25165 25288 15588 15159 31453 28078 26467 25132 19872 26926 5741 25126 7731 15709 7775 8716 8765 2770 17412 3172 14792 30228 31552 25187 14748 30277 29466 2445 16489 26106 26648 30819 10028 27034 13408 340 17559 29458 13797 12492 10116 10356 20143 4050 7473 11858 15307 3000 16235 14343 11132 10176 32566 342 3872 
10953 21389 16185 16024 30642 26634 11807 29888 12904 30235 21446 25808 22398 1477 24441 1827 17250 11818 26959 11298 30817 31088 17621 15075 387 8944 7909 7931 524 8379 17851 948 32323 10128 23244 32061 17118 7232 8333 21876 4303 24584 8943 2469 3128 15182 18339 1835 21760 7335 18322 14926 7702 31589 8248 540 3770 7887 31147 1818 23484 28361 35 13433 8042 26843 30335 17488 18018 30420 12750 13527 1309 10209 27236 18824 18539 20239 925 26332 12369 127 30399 13594 2444 22142 4687 18212 7181 2657 6967 5716 15628 10748 13492 21867 8567 31364 2547 16514 10462 17281 28813 20078 22915 26829 25079 29738 24371 27493 20502 23032 19035 20024 16799 17374 25041 15230 21352 23974 29868 389 13785 828 1254 7958 1014 12186 12478 13123 7324 24574 17640 7035 29664 28795 26568 15584 11968 30481 10319 28447 29548 15532 18296 27874 14640 18931 12919 30109 28648 28309 9564 10795 20904 15473 12901 19453 5520 3671 20400 10439 24017 4437 10916 10744 32410 4534 20671 4038 9379 30892 14831 17441 4856 7804 10209 13686 6925 14417 13515 3770 31507 6158 28085 15381 4700 30449 28578 12581 20226 2772 17962 7165 24527 21151 20463 1446 6550 27963 29050 9773 16054 16355 30433 13338 21321 18583 24873 27803 9792 190 340 30285 24952 13229 22780 27785 14661 17689 15955 12741 12233 14076 31299 20878 2792 32689 75 29087 32717 16784 3342 15247 18675 29757 6755 12761 9744 9215 14890 7517 13074 5019 16746 10017 29763 1046 28866 18992 18800 1750 29018 16844 9865 6037 15295 16049 23940 6994 21502 26332 15270 2047 10232 24778 14572 31212 25929 21733 24602 24332 22089 11531 321 22562 29418 20434 31601 9028 18017 21333 12228 7059 19856 27900 12844 16852 12907 5434 19027 9462 24923 14722 20484 22589 18096 8812 22712 10497 44 15902 15843 30171 29216 8200 10133 16215 30309 11917 19474 9055 7788 2496 19914 23154 25523 28465 23137 21243 5151 28234 24418 19467 6540 12345 11530 12480 24554 9725 3211 13629 28011 32321 8918 7991 25969 11576 21748 14266 27716 24120 32021 23044 8297 8676 25081 28110 14163 26937 27715 19363 21936 25253 15189 14625 13161 17103 6923 26036 11561 17677 31883 27562 3305 10221 17809 14572 32035 4017 31776 12180 26722 14944 20798 27890 10996 3344 12152 19410 385 28372 28652 15499 21990 19202 22222 15351 19652 2210 21217 29772 18722 2035 12485 31194 1072 3419 12261 6309 
7817 12487 28223 12444 20218 2770 2322 23014 181 15608 15750 3755 3900 15330 22344 27823 7794 12620 22869 5715 5220 14564 25642 8490 4594 16784 8553 27942 9039 19437 451 22408 259 25157 14777 16935 6706 26418 20679 16908 24248 16567 31539 21516 9680 17933 5467 28881 24734 18643 30889 17024 24742 6447 14607 13168 6515 10607 969 2910 16106 12741 26414 30437 15977 10464 28817 20275 15647 16455 5233 25822 25367 14750 11869 12005 27372 20373 12434 21548 21359 28233 21247 10778 21897 29121 27156 25633 13575 12874 839 10860 25739 18954 3896 19370 597 15674 12131 18285 23471 22024 1987 9638 14891 19560 5742 9331 14988 23395 9555 22360 2197 3813 20441 8192 1920 11095 18502 5727 19302 22163 32628 21331 15381 5184 871 21423 12416 26278 6062 26942 23514 10151 5163 30662 14736 7808 9462 26322 19248 25622 3926 1451 16991 28421 2569 24989 7993 28782 4591 295 4345 20 29067 28015 29578 17624 23487 29498 10821 3232 18341 19494 32042 9685 8044 18067 30216 5886 3783 2109 29288 21223 32277 9878 28673 1089 21359 11450 12306 17025 5426 10903 29506 18566 2433 18408 3193 25306 20537 7347 14884 16301 3656 1083 29614 4945 27503 3812 842 27862 32020 10849 29763 14381 30542 8979 30678 31660 27389 17896 9375 8308 4661 8324 32497 20503 2145 1322 17750 11388 29544 10232 7061 32447 28627 439 25748 814 31470 15262 19930 18558 5422 6451 9955 11193 30263 4760 16914 953 32273 19068 23269 25649 1357 14134 20491 5049 3908 2867 4486 5150 5116 4656 27878 5021 9454 5113 20943 25202 18663 206 8896 7484 9322 23756 21140 17202 13050 2134 7598 16465 1463 25345 27339 28759 5495 26405 19805 23142 929 8439 22463 15037 8543 30709 18631 7948 25377 8837 10239 11006 10344 8265 29625 10420 22197 20871 31775 19372 6325 20809 25160 25007 13086 31337 18975 25849 13824 7942 7915 221 18524 16173 6668 29978 721 1759 5124 18412 10323 26519 2753 17424 11046 19538 660 32162 5488 2089 4264 904 28531 25745 22553 644 31091 26567 17250 20881 1447 29138 18166 20445 1216 4304 1424 6959 13860 28492 28750 27063 15023 682 20344 25880 12800 11028 18813 21737 30435 30681 12171 25189 485 30186 8665 9742 24557 17720 24586 8453 20508 2249 24822 25313 19819 9539 13818 2727 13174 22367 23783 20605 29282 20121 22967 12418 18267 26221 23693 10933 21955 31383 6155 24136 21419 8450 
173 7533 10681 25431 7612 24818 23214 24715 2449 1541 13677 13825 11106 11022 1143 17955 6915 14417 27838 7758 28262 10314 859 7699 10291 7965 17111 26144 26831 16589 6951 5700 13590 6035 24661 10590 12453 25452 28512 6363 25005 18993 25824 24605 13192 9981 29656 7653 14547 4964 32250 6354 18612 13359 22924 4758 8325 2568 4586 21799 31017 22254 1334 13026 18160 26038 14444 13618 8753 7821 7996 26502 11004 21803 24737 12457 24422 7657 30918 4343 28446 4197 15022 3971 135 7289 12736 8922 15607 28179 9386 23627 20636 28895 2263 14230 7470 23541 6981 25665 16896 3719 24294 31501 16329 15651 8279 28250 3055 12078 11186 2122 11692 31202 11907 4788 21817 14495 24486 143 7287 24175 1196 21465 7643 29812 32322 10832 27772 23701 21332 15151 8485 20744 30162 15101 13481 28946 11083 19800 30689 4050 16657 11971 23784 30278 32023 27678 10149 29083 10610 2388 1759 5407 27648 24279 446 30747 18866 7925 10935 11424 13264 3844 14749 5304 15475 27563 9163 5688 20956 32148 2237 28013 26103 3571 23872 5088 20528 14284 3927 16737 16684 19131 17414 25914 18150 14648 11067 8372 8086 20633 28870 382 31145 15692 20111 7350 32578 23003 21187 5070 910 18564 10118 29308 2403 10694 19682 12934 14142 5290 11415 27100 31982 25527 28769 17990 5059 26956 19838 19630 10165 29241 24587 24697 8261 23007 28462 4438 15676 32570 28638 15967 31840 32663 7087 31141 30229 1362 22395 28243 14157 13996 5469 23108 31323 29239 14313 19128 16269 12030 5696 24996 14994 20670 11603 4717 975 10223 13305 809 13148 31893 15837 15321 1576 13256 16240 4387 23662 22625 21352 7569 23116 1813 6866 5156 21642 30234 14815 11541 21253 22176 26367 17738 18790 15869 18500 12105 13003 15475 31400 24233 25013 23845 24760 30540 17183 4077 18142 175 17321 17315 15759 30859 9241 31686 15805 24956 26907 3576 7074 30491 2085 381 28946 8836 30483 21840 30317 19557 16568 27009 18171 21259 24900 8099 21606 21506 26091 15727 24205 16906 26062 1263 3977 11393 26553 9247 19597 9238 5481 17378 20225 17647 15907 26361 20937 12826 22021 21051 27887 19444 5133 27609 9306 28437 14465 11929 7076 28452 16595 4743 28737 14250 22985 18173 31459 18117 13402 11862 19431 2436 20808 30880 24620 28501 51 22444 15663 27381 4610 2999 11292 28749 16091 14654 27415 15163 14821 555 21438 12503 5249 6238 3861 31488 32061 8671 
6930 991 17826 5290 8216 31996 4792 30602 10123 15884 11748 17342 845 13133 31438 12576 16442 2567 13354 21787 21599 1622 15765 30054 20197 28329 9888 18845 16659 18446 23329 3910 14315 5579 23164 11832 16968 27194 8786 26291 21414 12123 1017 9846 6809 16273 7720 5675 5674 28769 3802 27514 31471 17099 3585 4198 15099 18957 31758 25719 12270 1531 22513 26947 23075 2187 32150 8432 3853 16191 32311 5737 27378 28910 32306 21408 2672 12357 102 14651 14714 30863 13912 30746 10304 21114 18277 16857 28731 29509 149 8443 3552 23524 23550 628 9972 6046 11360 24885 8241 21099 12655 13555 16162 32660 14040 6598 11099 10448 31269 20419 8930 9496 16502 20760 14299 14822 3907 12912 4929 23050 1977 28244 31793 20085 29130 24390 250 17019 1956 31151 29375 9059 2739 19034 26720 28614 17488 19499 31848 20162 27778 25332 4130 9046 28299 10790 2371 11916 15833 29465 17005 8740 24225 6234 13695 23148 30134 6319 1785 27523 31083 11531 1094 16773 15693 29937 17842 27330 28542 17151 9604 14494 30308 25394 22266 4536 16018 13947 30509 1002 5124 24222 20532 26837 25986 21894 19349 19817 18391 6734 21479 17233 15504 14698 5121 9736 23773 16637 27060 13467 241 11985 1304 31412 21770 17534 9621 3845 9989 2501 25179 3842 16900 12762 22870 31530 11517 6852 17199 6815 5129 12736 597 5067 1737 8756 32549 3663 668 3902 32583 30836 31527 1985 21096 28034 19812 966 24782 26014 18836 11319 4531 7115 25362 7300 25823 15774 21686 32245 16813 31443 24088 32495 13833 5229 2878 6229 29847 549 20406 8161 13728 3879 21847 31695 3554 31251 28191 1554 30851 24945 16662 16515 7242 350 8634 13085 27411 1086 27183 24529 16114 19106 19182 25488 20200 6099 15909 31481 8889 26453 5311 9938 4377 3905 17085 9807 4039 18657 14505 27676 11024 26720 28628 26999 21590 16834 22632 25898 9094 2674 24609 25503 10280 123 17286 5966 22510 13306 10732 6618 3764 22780 27498 24262 20604 22426 6361 28136 29769 28518 30502 835 13387 19452 7858 24979 9063 6663 31635 19387 1892 21227 24114 13654 4717 31041 9592 9680 10843 23562 7394 15029 11238 22784 30059 11197 9101 2850 9159 18471 10815 2196 9123 23138 20550 13655 10628 13285 9862 19140 14300 7227 19675 12062 22072 17095 30191 12920 31626 360 27045 3998 12942 21002 30281 16333 19067 19489 7337 8527 1763 3316 8758 6891 16873 10083 
3128 29267 13311 5511 24625 11201 13246 24644 165 9607 10838 19115 14712 32575 3554 28660 1576 21259 1658 15802 16985 24443 21251 20065 4977 18734 23804 3949 20623 11876 11749 2378 26711 21918 3913 5916 20776 1581 31070 19577 5544 28034 5023 3999 21282 5586 6729 28497 616 26169 9121 7148 26825 29638 22531 8904 9456 2094 29742 21559 22798 30678 21732 12157 22632 16770 20137 13118 5757 26141 27050 24536 12050 5456 11381 12375 18250 3952 28095 28377 5339 3647 985 15518 28877 23314 9924 9251 122 26366 21611 28847 14909 16079 31279 8522 14966 27557 5051 26531 4875 22517 20191 185 13360 4940 17939 12151 25025 21319 19374 4241 32649 4391 23946 25334 16416 20173 19932 6058 18397 24975 21227 15141 18189 13106 23897 22497 16687 9116 7673 11500 24304 11644 7698 10348 7502 20758 24743 18729 14998 6015 16831 24562 23295 4731 27135 2921 18441 28779 15301 10308 27707 7497 9628 21737 26531 27110 24369 29287 18058 10884 14190 31256 17668 14356 19906 28491 9871 10937 26485 21312 22107 4882 5904 23084 1661 19468 14368 3627 13923 14577 18719 3821 6712 8480 7134 16665 32215 31459 32680 22226 18304 10352 31250 10962 28417 18597 16357 18981 28570 18706 6464 1448 30355 15459 11124 17770 31100 24528 15365 16787 17556 16773 17820 21866 7692 30687 11566 9224 26728 10629 6984 29450 25050 15449 10996 13351 23612 11633 24850 28078 29672 22746 8603 32101 2323 14651 12770 12505 21447 25266 28658 16138 5743 20146 21275 27610 28048 521 22498 21076 8897 7518 7216 5316 23952 10187 24716 8846 8985 2930 19160 26217 4816 943 24034 14402 11769 30719 23692 20938 3224 22243 6585 10970 1838 9719 16140 19143 29015 15359 11159 12115 18161 9255 19942 2782 26333 28922 28594 20203 14783 30392 22266 30802 31525 27462 16076 7252 30741 31869 26587 4242 19679 2079 7602 15212 27794 3578 13664 1362 3324 26832 25773 24900 23550 16332 14490 23874 14434 2863 2210 9584 14795 11059 13469 27425 22052 228 21612 14259 23617 3372 1322 28209 21658 1702 13151 29372 30200 8255 29874 28687 22098 18162 5968 7177 13823 27583 1686 3826 14798 8453 2652 17622 16380 7194 10829 32725 5061 30115 11892 20068 237 25731 27972 27679 24318 24026 10853 22027 3244 18144 4649 25865 14409 19043 26684 2830 26470 18125 4973 6148 14918 12793 24180 13076 3407 29457 6239 5405 10737 4386 12420 26045 9544 25675 10280 15525 
13082 20264 702 24726 27847 6591 4027 11750 27424 9154 22687 2962 18790 9193 3390 21939 4609 30155 2748 8714 24519 26233 21984 12187 31299 26314 28512 20337 723 11267 18978 19024 6426 20741 14851 9393 30776 24193 31053 22125 3312 5092 28167 27431 3660 28699 31487 20922 15782 27794 12951 8858 6910 29784 19180 8110 13660 10689 7186 5757 29183 12464 10144 17200 27768 11235 17336 4799 13758 7702 15492 5254 13451 21040 7000 28645 592 21743 21736 13718 11517 296 27668 17876 15272 25190 4549 6534 19345 20955 10219 29933 10872 12849 11125 30723 8577 31793 677 14383 30474 10754 5183 18931 17894 20312 10648 30985 18076 26941 27788 30979 15307 15220 7654 26087 26299 9345 17138 5384 15745 12258 14861 6434 7388 12262 14580 23683 5022 18532 5128 31707 5848 943 8742 11904 22856 26850 10670 7833 3218 28305 24303 14862 29909 446 18270 2851 30091 25011 1697 30210 15825 4940 30244 26558 31519 12268 28920 12656 11883 26456 26846 10278 30905 27532 448 4599 5133 28074 20133 20709 27355 3863 7419 543 29804 17081 13883 6338 6332 12467 14147 5778 23187 8114 22754 3601 13839 10528 28910 17032 13242 4190 32622 20200 12540 1955 22538 12986 32347 1977 27834 31240 3192 26664 21135 3813 28703 5212 31859 21202 1395 11819 11427 4672 5289 30417 4625 17901 10588 17916 18482 23445 31952 25592 21138 31496 18972 20913 24008 21057 26215 22636 2283 6899 29505 29105 14084 11745 25707 22243 9508 8289 21679 11933 24916 30513 6801 8074 30623 8000 5805 14844 26409 7337 2541 16902 30120 17903 26543 7478 11332 5771 31633 15220 24616 21325 2628 3223 12781 1472 27562 22734 17478 19166 17841 26536 19003 5739 20882 16862 6578 7474 23753 16944 10354 914 22536 26637 14808 31909 2085 13807 651 11697 10323 30555 3586 20710 28327 29821 17034 25073 2913 14066 20583 19953 22304 27223 29803 5824 31593 9326 12970 7387 14629 29624 16395 27386 21624 15516 14385 13275 9369 29978 24885 30086 29261 2022 29187 17229 29875 10797 14323 26374 7826 947 19169 13479 27937 21 31390 6418 3970 1393 21750 31980 25038 31196 31839 3549 16842 3414 30589 30501 22048 3194 16729 27066 30200 9991 27298 26483 12893 5564 21101 32642 5605 27354 1453 7126 15661 28391 3474 30706 13094 26391 12512 15812 255 27710 28647 19166 15997 7295 11650 23357 25888 7131 7539 1917 23779 32646 4324 26004 6206 12100 32628 12428 
4247 18737 12063 9785 13752 28876 541 8794 29032 22900 3363 11960 493 10888 2776 26106 31115 6656 13832 7933 11215 8913 18295 15674 15434 4275 7454 31520 9509 31384 21820 19868 13914 6135 17393 3087 20772 9425 2834 31334 3218 25148 21607 8527 26207 21245 16067 20498 24621 13831 3196 28135 20455 10466 11765 12293 23236 27731 30806 1350 9365 20499 15299 7012 19798 26876 9197 28889 3068 15137 31749 2564 24203 9682 29190 2587 27061 973 30237 26388 9226 31211 26517 30177 15788 10280 118 21308 30911 8343 1673 31723 31872 6889 20939 25321 29129 15850 21446 23346 17085 5960 23821 17012 26687 1486 27829 4790 9179 16385 652 1070 16848 21797 9591 10280 18472 16852 30385 2491 14328 3598 3745 18394 11131 40 14784 12978 31407 26915 20344 6762 5916 31333 25354 22849 25640 15640 26810 8389 17377 16398 18609 30802 5667 5272 8825 5873 31155 2564 26110 17314 2723 27332 29906 30153 12930 16636 17408 19548 17955 4403 18802 21572 20875 15587 3045 16104 25219 1307 23162 28264 26548 28532 2755 9060 1173 23639 3509 14092 14318 29922 2505 19076 24830 15183 32734 6390 359 28966 22397 28623 15660 18135 32562 7167 23694 29597 27659 14772 22977 6715 9764 19690 9804 31181 939 11273 26583 20091 8160 23071 5931 21362 22753 18481 4546 30884 22345 19433 14165 17100 15295 12225 30185 28864 25714 1247 31503 30981 32286 12684 629 4536 10765 32636 7821 20273 31824 28709 32503 23052 6529 19795 26396 26907 29097 21121 705 30627 6933 11708 25889 21428 23968 23857 11743 13380 6221 4358 27438 7964 1149 14035 18436 18755 19880 5120 14664 25522 11607 4188 1105 28623 3838 26270 8608 10793 4681 19328 1704 777 11644 11286 30292 15128 18180 3725 13190 9095 780 27665 11115 5701 30468 32332 26002 738 11639 26547 27428 28098 18675 11751 13229 9626 21878 10552 23738 25918 1667 2521 9320 28883 4490 17430 22005 4964 15717 24491 25539 11685 3396 21027 32747 16458 19192 10037 29768 27641 26287 27543 4343 1030 17047 18245 3923 1226 9796 6631 28510 7651 10251 31522 5138 12210 29465 31844 403 22355 8465 27438 24504 13363 20541 16087 14621 29646 7494 18324 9538 22530 10558 17609 1228 13990 13734 17204 24613 11517 30350 21602 27830 17140 23666 12081 8882 4685 5392 26905 2336 26091 11087 24838 16245 11544 24744 20261 11145 4809 25647 22386 21982 22129 15123 27986 23178 32221 32711 23839 
25760 6042 27342 19781 4989 30872 6329 5108 1226 16740 31789 11363 8595 19214 13647 9483 19951 20133 7986 5490 411 9060 7248 27806 22478 31170 23306 25548 12432 10930 26212 4060 30319 18003 27723 14329 4144 15068 5026 18770 23876 4795 28941 7608 25555 26284 15282 8151 18533 8731 28877 19656 9635 21978 2239 5191 24136 8347 21745 16815 30032 28643 17319 4941 12237 13487 30144 17735 15364 17050 24665 2455 15073 4799 12344 3296 24037 21081 20553 12300 10973 32289 11143 19682 31981 20695 28043 17450 29788 7331 14350 13734 5380 24611 2532 17040 24433 24697 29729 21962 31020 1271 28209 32119 711 29356 32123 23995 17676 28987 27917 19519 3142 20385 24902 9742 8085 25465 11173 7383 32182 5572 31000 8947 18378 6037 22366 20359 27157 9047 4351 18085 25966 3340 8348 1498 621 1021 6343 12135 4977 16586 5976 31069 646 16773 26898 20730 5567 23259 5996 19896 4728 5446 29277 7902 15255 29884 6753 17731 15778 7282 23043 10617 24895 30631 505 28551 7092 19860 2909 24251 14598 25502 9137 27197 442 16888 20886 25894 7156 22270 7743 6037 15080 13405 14962 8954 3057 21969 2059 215 21270 27738 19928 29360 18402 859 27299 25218 7668 29047 1100 21635 14309 24560 25232 31848 12936 8027 13319 4884 371 26730 17387 8854 22623 31815 13990 802 25410 32711 23737 9438 4541 16212 2075 27781 21312 9904 6352 3138 31544 14874 11276 19571 26388 14455 27999 16903 11275 18501 4686 17112 6624 6915 14507 9665 16653 1458 24092 5470 3368 3029 6211 141 30704 5110 9974 28203 30274 21359 23236 10369 19756 22207 17490 21273 18377 28964 13533 30765 5114 11347 8789 7078 8413 29974 22091 7637 21059 22841 18701 19009 25780 4029 13923 543 23889 30649 29010 12196 27018 3982 3777 9737 22002 9706 22043 17193 10104 27576 16594 8436 26754 7177 30690 31943 32158 14369 9726 24641 17259 5590 8504 2844 7670 17924 13276 13100 12433 32263 20894 10362 16053 25345 13786 3234 6684 10812 18160 32452 15381 13180 5887 12325 7296 20544 30835 6749 6035 28053 4585 6816 28237 20242 16655 14869 2180 32072 21786 30238 18278 29991 4375 26151 2829 18150 24795 8579 20922 30557 27604 13806 2848 32434 1176 30287 4998 18887 2496 27335 15877 23135 12092 7993 32415 9773 26948 10400 32350 18203 11551 10918 7702 26887 24399 8123 12295 1761 946 14478 28202 28363 13378 8908 31106 12995 28600 9260 
30085 25952 17296 25520 20796 3331 27559 26013 6052 31020 1468 24310 7013 27716 8187 19427 26503 2728 10240 22945 7094 13208 6667 12357 23394 26263 10256 26838 12443 17503 26686 19132 26341 25368 19956 30797 19313 32746 272 31800 17809 2425 8162 17626 28573 23646 19273 6878 23621 8590 4590 1707 16975 4340 29627 9792 199 20416 32760 30504 21706 12733 19356 29308 10953 6634 8315 25315 18697 2283 1499 14946 16528 27113 4103 30788 22129 22155 24297 21550 21850 21727 8756 5428 1227 29168 14898 2732 6258 4598 15198 21780 31490 17585 22665 15143 7787 28937 25325 6281 22920 20695 29727 11986 16894 13218 5934 16234 17700 17379 15076 18172 27458 14384 32046 18054 9330 8218 2434 27137 24366 4304 10051 10707 13162 13604 4182 18607 753 20153 5023 3666 19680 5147 24183 25260 20366 20680 300 22780 27793 8792 31471 9024 20439 5928 11515 9432 25107 11387 10349 5576 26635 3395 11444 15654 1081 1650 2116 29561 4678 22767 1769 10157 18371 6631 6250 29282 10571 4960 8060 11218 28760 7040 23014 12224 20085 24791 523 8393 7345 30715 4436 7414 5965 3268 9589 21389 7700 19853 11597 32618 19075 25888 12130 23115 6844 15718 14587 15915 11308 30613 46 16971 10672 15194 23601 13612 15453 19718 16229 155 25697 21818 19684 10825 16584 28095 28153 29217 3141 223 935 24115 14385 20367 26036 485 23103 31815 18516 28181 22828 28792 2266 18970 12545 8200 13902 22679 16581 207 9220 31849 16898 18505 10745 3861 6736 3136 30269 22231 31657 24389 26585 18448 16376 15021 16468 26763 23048 30963 28504 9406 6773 992 16847 22795 5978 9302 16870 4454 1939 11809 8967 18458 13617 32048 22157 7804 16630 605 17454 28829 16765 1596 4125 23076 29526 5842 19276 14212 6650 14939 21526 26698 10570 31992 28320 22761 11305 15071 15256 12065 7773 3788 2851 13087 14533 4410 5394 4956 15665 31012 31436 26530 3229 13858 31773 27744 5750 17215 2346 27399 4184 19106 18590 23261 5118 720 23638 9592 4036 19338 11421 2786 10996 17032 10960 29606 9916 7666 17976 8764 16473 8858 5347 30305 1830 18390 22446 13789 7375 806 14549 16670 5432 5802 12604 10569 15343 14034 22481 21015 31945 6208 9137 24713 20678 31363 20760 14075 27755 32222 18893 21100 11307 28464 26278 11307 24123 20038 21345 2451 28997 17168 26200 19082 14467 22097 20612 26648 25583 12497 11348 27906 3682 6739 25878 19456 
1885 31052 509 28459 25677 20380 1217 13551 31339 14103 21332 30611 13091 11654 8175 16887 17034 3115 33 9618 15562 17971 3001 30001 29968 20172 9584 20720 13703 6188 31882 1005 6429 10852 3386 2430 15412 7147 9982 6378 13026 20306 3828 8638 4774 18958 10618 1740 28733 23063 4734 24277 21578 1936 31628 7168 18531 20191 19233 25410 27803 24761 19580 2912 11984 13679 21002 26830 31047 24496 19166 21695 24048 19559 3251 32479 28196 3281 14197 7932 2316 10425 22025 5783 18730 9530 15580 23804 22051 24872 16963 7137 32568 23493 5663 12813 13730 22282 26496 22795 17546 30860 19662 9930 11471 19598 28904 18029 17680 5897 17954 7205 16831 27296 29323 29673 20719 3299 23166 63 431 23012 26689 14243 9371 11832 14486 18627 21965 27923 10210 1196 29033 6613 16837 20192 10808 11329 8467 16263 7639 23201 16824 16238 10870 2766 23252 10141 23963 17084 24736 4723 8973 3516 10032 23732 18046 5393 22425 28897 7624 20296 2241 18895 17399 26231 21407 8985 20439 17202 1235 20183 5863 19969 30320 15657 16774 30689 9792 30231 7368 13696 18928 16338 19067 9670 10070 3232 9381 12184 19342 23563 8938 17827 6908 18980 30204 8868 4143 23299 18390 21106 9012 7051 625 25449 17649 24342 21861 13237 13583 6382 26905 6357 25649 6067 16410 18613 26768 29907 31324 26622 4823 12407 732 17078 18718 13636 8745 4599 18670 30657 12139 1246 20583 6119 7082 82 231 29946 32572 23201 28840 4794 29645 24132 29086 16864 3706 2653 6593 22585 28315 31891 23167 26596 31850 30521 12369 30819 3028 5140 19439 9200 114 11236 17625 26528 22138 9169 20117 5256 8119 25533 21953 27406 30351 24843 29010 8618 24027 11354 8254 4670 13760 4238 6884 14251 18686 13841 26801 13699 20942 27727 8159 22577 13866 27429 13804 28628 13379 12755 31372 25883 11042 13955 12593 13996 3119 8862 22587 21160 12100 4486 9050 18435 11942 30309 7521 8295 20587 2042 11838 15433 10428 6332 19511 30979 665 3936 19803 8286 1652 31400 10424 25116 20999 2524 11100 25686 26284 26432 11274 18996 21145 17002 12942 3222 24569 15680 8089 22748 2070 17784 6817 8766 15006 28847 14277 30732 16414 24208 28627 22870 14238 17697 14245 8626 29473 7364 12535 13732 23897 9537 8536 8694 10811 4549 17243 32100 10710 14643 3662 28563 20420 21835 15556 15450 29023 22248 27571 11369 20495 8883 21276 27157 31184 26314 7944 32513 
5524 28497 29672 22689 4833 23464 30267 15997 32515 1229 31291 4689 23944 13517 1828 19702 16579 13250 3893 18222 1219 20902 16798 23346 11912 4105 19038 12324 27387 31138 20418 28964 27565 6315 25846 28005 2210 658 20070 14351 20384 28738 7716 301 2442 27443 5849 25217 2390 12642 21852 14271 1274 14705 32440 28603 4528 22420 14034 23855 26334 8685 25358 8288 30563 16367 31064 21948 174 1193 17348 20803 10322 48 259 27008 3242 296 18392 8001 7873 1688 10716 13462 1899 958 1771 20224 2864 2928 18061 9252 13929 12303 15034 11029 21324 24261 12676 2029 18316 7384 5809 26025 17730 23712 25690 2466 6905 2030 26447 12572 9395 28306 18735 10299 23757 2160 28676 23800 4413 11943 9227 25211 30436 8266 26817 11199 1524 22119 31210 15088 27874 4676 9515 2128 31277 28736 7007 31630 22416 2012 23259 13470 31259 9895 6791 25149 26441 9602 21919 31345 30808 29744 11538 30393 27209 27885 7671 23370 5240 29564 3625 13910 31960 2344 10302 21808 6450 9724 24917 7053 29118 15183 25193 27646 18622 28981 31912 31284 23820 8914 1273 24501 19471 12215 27127 6965 2136 27720 16824 26183 4085 30767 19153 11751 14393 18569 4097 26605 24421 6320 420 26835 9945 24873 27585 4454 8853 15879 10981 20617 30319 22969 8780 2387 20718 17240 17045 13902 10693 1081 6711 9534 20251 24143 30100 19928 7519 12191 8886 5233 31187 10030 14789 22987 14497 22240 3467 10071 7960 28780 18598 15036 7556 28510 11355 947 15285 10533 26265 13864 24109 30028 5050 1726 24926 11342 2157 3876 7398 8280 12983 15758 3357 26196 4950 9578 4746 25614 2285 21645 9787 15649 9885 23507 10116 31167 17880 19713 2059 21908 24769 10976 15442 8026 32353 321 13379 31812 11410 638 17772 31810 28941 25995 10619 13783 18065 30037 73 31558 6131 13417 6850 3615 5633 12314 15386 32265 20153 9371 15556 22413 25141 13231 2792 6171 5689 17272 17368 25074 8189 20368 8527 23018 17821 10023 2551 5736 4528 30610 29483 19991 21151 20919 26035 11241 13838 30078 21943 14301 3313 15125 13844 1980 5910 12769 13550 3219 10942 32700 24531 16184 18417 2027 21098 21406 30777 1836 12650 29307 10160 15235 12012 5537 28729 19354 32627 19500 32196 4034 32640 28054 8626 867 24248 31309 1030 8661 4377 5105 18245 11465 11653 31922 18718 31076 11922 21332 18058 28976 1338 25753 9166 18113 4086 3039 24362 31445 
10392 31647 16354 14932 16675 7319 15862 16143 8500 9784 26371 31797 26857 13267 19987 13200 4181 29176 14839 7436 6095 17738 14538 22092 4078 28834 13209 2451 26350 17742 7513 11071 17932 19287 3255 15329 31195 3191 25930 28050 6542 8856 24488 17402 6516 31179 10029 4660 14437 26766 2385 1064 10355 12111 25894 13430 28134 3728 29115 12950 4266 1711 17931 5391 13346 19739 22372 1958 16262 17207 9388 10940 7214 10728 3892 15843 6851 10363 2125 6490 8842 23462 17525 2831 6660 31128 24838 29344 11663 3100 1971 23704 4246 19863 25159 18076 20476 6844 19771 19003 25805 1291 8630 32758 495 13457 10953 13970 20128 20778 7942 22773 6764 4998 22532 5815 11211 17473 12840 23708 20934 20576 22654 20540 16251 4762 16449 1838 17 180 12159 20249 14608 13253 31591 11226 9238 15172 16376 19976 18390 30076 10381 16815 3675 24887 10794 6653 8080 17435 7517 5067 3706 12947 6699 1945 4513 23988 32445 10297 25239 25919 8625 2273 19978 25356 23878 9843 23981 9784 12627 4454 8488 20380 18814 11950 26529 2375 23896 5753 29034 11670 21087 12446 25737 23822 31618 28320 7884 24305 14852 30479 9007 32413 29747 24120 7694 31155 17691 14932 27191 5672 21644 16316 8470 17772 26386 18764 8295 4923 308 26657 1216 1080 10522 24358 11365 29559 17068 20625 5 27882 15856 14286 19672 12593 15520 2036 22964 4008 17667 9838 9386 18232 26854 29129 3458 15586 22339 5471 11034 18033 26586 26824 22869 28164 16289 23768 7743 7461 27445 30670 16722 23553 16058 31913 32332 2508 17504 19392 22588 23635 6605 27258 14987 23706 29393 32028 22650 12169 29676 25609 4324 13233 30871 7122 5569 22598 14632 31115 24782 13267 6958 27666 17131 20492 3585 20075 515 64 30157 16220 32523 32554 8512 8105 27370 18107 23522 6918 9120 11632 6843 3036 26314 14677 31135 10328 14471 16543 1358 836 30709 21472 12474 11846 6153 14214 28249 9144 26425 21125 21700 10291 6122 26460 32157 24456 29002 2189 14156 17867 31622 27456 8753 7309 26186 26418 26444 5883 9944 19554 31167 17128 19080 24592 17505 23613 21108 30849 14901 4598 13786 25341 12598 8046 27481 16821 25857 19270 13919 22374 12449 12534 30391 31473 22285 24954 242 6927 3799 20865 19048 22542 16952 10708 4372 19478 13143 24018 5301 11342 32436 25440 1671 17731 15358 28089 12462 28530 15821 25317 26197 15301 6896 2874 28384 7 13522 6 
3178 25543 13423 9267 8343 1675 18185 25438 24653 5413 32252 30928 29447 28178 30019 17176 31856 19688 15501 13525 32055 4462 7576 15990 6087 12145 2840 6980 32655 18535 13123 13096 26545 7709 15041 26353 5504 9839 16881 31085 11886 23549 27405 23921 13834 6103 27726 30786 7156 23710 9353 23854 31901 17866 10413 8516 19691 5292 5414 19143 16663 3679 23770 24332 3914 6663 16243 2576 572 14657 9247 11063 22161 20088 29741 16297 30810 22198 20743 17042 32518 11372 6148 13625 20116 24777 9396 18657 9558 14219 30731 12307 15777 31594 13996 15444 17125 22024 2332 26076 11255 23617 7598 4693 28678 27338 19428 16092 18884 26102 3163 17720 11247 12185 6509 29809 20563 18636 26820 24607 23183 24051 2895 7172 21437 26599 31070 18661 13088 28121 23372 24341 12944 27442 17721 20578 9589 11401 3983 14729 3863 21876 31594 29759 12139 17681 11424 18920 13198 6105 23847 22010 17047 16834 3225 17513 31964 27078 10433 9195 27801 21828 13747 15541 28192 26980 21327 13472 29736 2463 16774 6551 17144 26109 14108 26158 13926 21544 18775 18983 31002 16824 14525 818 2045 10565 7031 15711 25687 13737 31435 7714 29531 26145 14848 25849 3393 23362 27496 7370 4175 25754 1572 21285 7913 7510 5268 19909 20718 31785 13919 29219 25174 9902 9287 5201 11334 28286 27095 4174 21492 25316 7128 6598 23263 7716 22626 6510 2688 21931 22024 2657 1338 16755 19532 18149 32064 25253 17474 9028 19540 30901 24452 6530 16355 11836 7898 25436 15059 27423 5488 3638 13326 27340 16511 20022 17885 15096 11400 23448 10673 6162 10120 20737 7983 32634 15662 14075 7825 23984 29340 9239 14080 25477 22335 10346 1592 16104 3332 22101 31176 6798 19593 19388 13266 25270 8641 17289 18976 10110 7973 32179 4453 23155 30243 28784 31864 20640 9947 2539 29345 15116 19600 20377 16963 17486 21503 19535 5842 17191 8179 21990 16286 25429 11672 10048 25637 20710 32499 29455 11200 26969 29630 2411 13514 10606 3999 2707 16917 30714 24260 12013 19223 11172 28664 4750 21692 19391 15164 20769 22266 22482 24186 14826 11184 8035 14698 25712 25765 22530 20222 1388 28610 5183 26887 27869 7524 29807 4872 4960 20928 501 13841 24331 29739 5017 1917 25539 21991 22562 19621 22467 29812 2078 16200 27341 6997 22025 14483 11720 2149 32601 12905 4031 30579 21435 32187 31665 9456 17783 27872 1133 4891 5568 482 30308 16271 14644 2407 8881 
25904 13204 29508 25186 2917 21943 10703 5043 22482 12452 22591 8231 7700 12949 29201 2162 20833 16322 31082 12373 12521 19676 8264 20201 10011 19800 29330 10591 25178 30398 31529 12994 9631 18517 10638 2302 29318 29245 30387 7577 14008 9490 7760 19863 27023 2399 26317 447 27520 21656 18743 3191 25670 8496 187 27820 30311 2237 24906 26858 31629 31256 9444 332 21686 6357 30386 15929 12329 18194 30313 22700 20538 32081 28795 58 18101 2273 31808 32339 9457 7834 11685 5200 32678 19240 19153 3098 32518 16020 9638 3193 1330 9108 566 29597 8631 26181 14063 16157 30353 4167 29787 7524 29239 21587 5362 15927 13313 19020 18867 19725 15514 20134 31896 2497 26938 22283 21174 2203 18058 10065 13223 7092 7424 6050 315 16113 16673 31231 27235 4717 5386 2945 12139 10468 2092 9520 11482 28617 6360 29855 15286 19049 4578 28262 4398 28431 18974 6538 22144 31704 2314 6019 8362 24927 4227 18058 7322 21529 10466 11637 11612 32272 26517 16720 13710 29871 26950 28177 7912 30277 8869 19195 32024 23815 763 2723 25669 11699 4477 17663 13272 32646 8760 9020 23420 12209 5004 25674 16990 9406 24888 28921 6721 14502 26391 7135 29455 26909 2104 19198 26152 25518 22772 24660 16657 21188 17158 4295 13550 32068 11843 29233 20880 25962 32451 16179 6360 7080 26734 8520 26248 11333 3971 11550 24377 28657 19166 9242 14823 29887 9855 16158 31263 32656 32569 8774 5445 15095 5310 11195 8493 13258 19280 1046 7142 11307 6043 4949 10581 29316 5364 2446 6220 21896 30321 23696 17460 30817 24328 18324 11157 29720 23699 29197 30401 32069 28596 24438 4724 14401 22480 12413 3005 1180 27711 22549 28082 9127 28790 21312 26545 10127 1665 2785 16511 19287 3886 23323 9777 826 16624 26498 5546 9159 27755 32430 21117 16828 20400 15634 15003 18186 15315 10149 8501 32442 18799 8432 10402 3416 29688 17514 30539 21248 10668 14305 26220 1035 11188 10928 24046 32745 1478 1405 21527 22354 27957 28143 7192 3967 11798 29653 27948 28918 8826 24210 28401 21604 4464 17555 29402 17731 29960 15987 16188 8542 1775 4518 10967 25365 11907 30120 7344 1559 26680 32692 19082 16346 30632 5283 13418 1152 10827 3187 26718 4340 6761 10491 22325 19260 1443 14645 26004 14520 24135 15629 20278 1456 7779 1149 29166 16128 31718 22528 17972 16096 11573 12041 32654 18796 20290 17303 14633 27470 23711 26444 7860 14573 
8279 3750 3718 11525 17382 5936 15452 7026 4121 9176 11316 6846 8816 225 27568 7399 32048 29282 8090 19277 31755 9340 7505 1541 31226 22016 18719 26886 3128 19492 8530 21102 6099 16143 15658 18153 25676 21024 18678 28935 932 6680 26727 26400 26037 15530 25022 17128 23725 634 16573 2973 20283 3383 31459 1854 21056 6242 24605 28599 26324 12968 29895 21965 29960 10310 30241 25653 14907 15276 4237 31998 16422 25280 3061 11203 28542 22602 7852 17406 11829 10254 455 27585 17508 22283 1977 27326 14413 20806 12218 5645 24070 16529 19707 6564 24100 20077 22642 21849 9653 8380 5213 12860 747 31862 12886 25977 16319 15700 31000 28428 7891 26405 11039 5868 13188 16744 22569 25980 16506 7411 30963 10631 7179 23208 10694 30360 21083 9914 31040 11226 6773 222 30972 4595 13302 17660 23954 2384 9008 24911 22153 28180 21749 10076 17369 32342 32630 12389 19145 12835 25225 4371 13955 3551 5214 5456 11683 17579 23552 407 5437 25324 16909 4693 11500 19242 16071 19651 31123 2847 3939 7349 19164 16574 32446 22671 19977 18958 31120 6495 23406 12664 21371 16250 31100 2317 18916 18111 10235 29972 30394 2176 30470 13303 28785 4311 14379 23368 5101 9210 26747 8385 25661 3378 21213 23637 8864 9331 24744 3877 28752 30678 8172 2318 32352 22179 10425 9891 19565 3604 8469 4825 30230 19210 11814 1625 501 16896 22886 32063 21395 10464 29863 22145 7849 13059 4070 32246 4322 664 4005 19143 595 709 5065 28938 9428 24998 30758 19133 12015 14863 6892 27192 3962 6146 8868 29814 24077 9833 22104 24584 3501 30230 15181 13481 29805 2419 20819 2938 30973 28011 24965 16423 18946 9304 29588 12284 12826 9326 30696 30718 21444 6033 25293 21916 30780 25086 10877 8006 6275 10338 14568 23116 28597 3624 29151 16180 13383 10919 11437 30960 25542 10327 528 18658 28696 11108 24676 31114 4834 6377 5144 13205 19511 15140 24167 27193 3959 1352 13017 16748 30355 6469 3059 29996 11671 4197 1433 8048 31708 1941 13626 20423 11636 1475 30781 8107 13947 1310 22733 27155 16671 7477 31036 14916 7095 8023 20323 8577 24263 16952 28422 24175 349 7854 30960 9905 1328 10378 9406 24962 20146 26701 7122 3811 25792 11089 30622 27838 6247 27199 25087 22798 17497 2339 18279 22439 28862 21388 11820 8124 25693 29207 16505 20566 9042 13729 25495 5525 6219 32412 32026 2993 5885 26257 10180 11839 
25681 1620 8998 14028 8573 9210 26002 23945 29263 4151 8135 24320 20504 9368 17817 3061 10938 17397 5859 17238 12212 9290 2712 20914 4200 19438 24989 27832 23502 13131 23658 2904 20941 9579 20852 26591 21723 19488 13338 16278 21396 8099 25710 17182 30629 32120 30854 4730 18540 21110 6040 2406 31601 16294 7103 26571 27182 17489 29267 17786 25734 31241 30429 3797 5814 7691 32162 25777 31715 8651 10959 14261 3047 20550 19499 17018 24464 17912 21150 32094 7921 20953 5115 26267 32488 10609 10081 14368 31415 27475 19584 15752 28002 3456 5283 15340 3114 7708 12304 3163 17212 21336 25041 16085 11376 5701 8546 9757 2601 2799 28560 27578 11224 19825 28747 10060 742 6395 32590 31192 21733 17526 15115 7381 31707 16341 22253 9490 2940 20908 5541 14075 28895 647 27420 4154 28543 30813 7912 13898 10166 26159 15177 10190 28581 4394 16133 2019 23956 10464 20231 6793 27424 5565 16856 8176 3971 16630 7832 3048 12516 3521 22783 18959 15372 15503 18566 6485 18469 3917 16524 6328 14797 30201 6842 31137 15612 17655 32389 20066 10613 12019 9718 6853 5151 25575 30088 5557 18711 19884 30682 27674 22636 6312 19264 1701 4138 3452 3254 29718 32036 23857 24051 22049 24642 6886 30989 8744 12705 23415 8097 24842 28666 5696 7143 19148 4877 854 1523 26518 7708 2686 14140 7349 31231 10190 17910 30485 17532 11120 1366 4474 17783 18583 14250 32214 9447 4555 4978 30387 29208 23092 27580 11879 20711 15272 23642 8430 12333 15338 26176 1908 29683 25621 18343 28688 19055 22516 768 16369 28687 26806 23503 1874 7452 24115 20587 27187 29565 14076 6432 9040 11166 3912 18721 13436 8375 9865 24595 18586 21735 2342 28265 5599 4958 31398 17985 30495 28051 20884 7907 14765 2815 32169 20773 21130 14583 6734 30140 27282 14534 9875 20757 2739 20687 7848 3056 12957 23576 1379 27667 15653 30925 13243 28707 11054 11359 16703 1224 25234 15929 29156 13375 5856 26569 2582 32001 11676 24878 2149 12564 3004 4772 13919 12212 6666 1374 25374 9365 29175 1430 589 31465 23113 12177 20375 12221 18676 9252 8806 27810 23539 30676 20392 21739 9591 13696 14148 13023 22914 26293 32017 10706 15606 13708 31548 20375 22057 8865 7547 11921 8493 149 7694 9205 7832 22811 7335 19033 12304 8097 16117 880 29120 247 27919 21057 14351 26279 26813 24660 12593 12988 30152 1732 14852 1257 633 24507 31084 
30814 25245 32501 28464 12414 9853 316 8566 10484 3605 32029 2095 15974 378 28062 12543 12027 6291 24088 7559 21552 4655 29495 19926 21930 26364 30648 16955 7580 28821 24189 647 20669 4305 20132 10759 1302 20454 22623 30634 5667 1106 3554 6366 20304 24959 29455 20533 14822 4269 20330 17826 1783 30508 20485 13253 19530 23422 29345 18203 26358 2361 15774 16369 20572 30903 11552 4673 15825 19400 11269 4317 4498 11499 20518 31881 8271 8978 22077 9774 19808 11011 10991 4602 31418 705 5767 13344 26923 18130 18765 11999 7952 2707 4120 16665 701 28344 10571 6302 10852 9667 3739 5103 8376 16153 30787 27892 13348 32013 21381 13073 21147 20122 16256 30298 10139 17633 21531 10630 6324 17003 10827 23151 3989 31751 18386 29093 589 3386 20344 3608 10839 12338 5604 25905 17855 25301 27941 21130 6871 19412 10702 27984 20568 8409 27040 22417 1327 27107 14311 28876 18252 17724 19270 15369 29998 19816 21826 27986 6902 18984 26836 9202 12004 7570 5735 16220 2241 14645 26435 9675 27954 12859 32267 22848 32088 11051 32732 22908 19693 10278 6028 7764 9208 11482 7208 23662 31034 22941 25814 12503 22823 8883 20540 16758 4938 18886 18656 16138 2243 13949 16127 16907 17171 14195 15958 10541 30038 15927 25018 4764 3363 8049 7552 9624 28551 19945 25245 21804 22447 4738 9978 20734 19318 5362 26062 14924 27367 28096 16853 6186 24918 24440 8714 24248 27578 27652 2290 26244 22055 6377 16490 30778 30223 16916 7812 7323 17544 3956 5031 6555 27037 10826 6909 3631 25952 3269 1051 32669 2032 28712 10456 10069 959 11281 19389 29348 7136 3943 14950 8225 29797 18847 15230 17346 2318 30570 22999 4568 21045 32711 1449 12304 22697 4159 26503 19200 22327 20121 3355 11906 30169 27320 19992 24045 30706 5180 9974 25453 5706 1167 22468 9029 30768 19028 22862 13050 28753 8660 10100 6105 30278 6089 26371 6121 9076 8004 14320 17038 17263 19942 14497 13473 14124 24257 2893 26287 1451 14711 20560 3774 4007 19441 28907 16540 8016 3786 10534 679 21199 15197 7369 1883 7798 13262 19858 14337 7031 9726 23088 10511 29129 13241 13856 4651 20700 9772 10391 30864 7909 3814 14450 14597 11781 31719 22128 25579 14927 9315 16778 25703 32289 11152 32423 18327 26128 802 6625 2371 188 2955 27114 19988 30053 11491 6343 306 24880 4328 8486 26435 4738 1154 32643 31833 21812 21273 32327 18024 
8246 21125 30845 2633 2537 24221 7375 4836 15202 31901 2132 3730 9148 5626 2748 24908 24697 11799 19731 18846 32013 4391 30074 28945 6001 31288 23341 21906 17776 737 1257 26092 11878 1970 32339 29852 31125 32243 24077 30156 8893 10832 567 24174 23112 5201 74 8204 20894 15411 22776 1798 6587 558 11458 5856 7676 24314 13094 27127 10033 25195 32015 27073 3851 8590 30226 30150 3061 21940 239 21853 8716 9420 24718 29213 21662 16285 13321 1069 26413 30060 25157 1241 23965 23906 5092 17356 25069 2102 18095 31583 19578 16162 7637 30573 21787 8174 10546 21881 21503 28822 27508 19382 27308 4117 21870 17516 24809 2696 10842 30208 5469 21596 19079 17765 19716 2565 7110 11278 17523 26735 2733 20522 14637 4157 12505 1095 28388 30622 15386 18459 13422 8411 23546 21334 27568 14559 16221 31201 26423 5310 17031 23788 15684 15361 32130 25392 29917 26116 32528 4909 27031 4891 25371 30730 19349 3204 10627 23617 9343 18684 267 23422 1905 12867 24693 21396 18476 11446 24143 1203 6373 8386 21630 17305 26173 20509 5562 25946 15663 7255 1782 17240 26435 5450 10323 29206 3817 21509 1518 28268 29467 7170 29966 18773 13711 1361 23047 21278 21485 16260 25682 6875 1200 20884 7611 14510 23871 14706 24196 12020 31116 19061 27910 12455 21362 5968 16306 697 11882 18499 16527 19828 14929 31832 20046 534 32681 5324 19184 1539 27029 6886 10641 28870 32538 15580 14201 3761 22033 24238 21261 16190 2400 31944 32679 24523 3717 3898 29292 23669 27261 16194 32626 2134 13415 19544 12847 12919 16839 11923 6227 16224 11957 6562 3389 4575 623 21574 9951 4402 3792 19410 4658 31426 2160 10208 31239 15939 9605 6151 444 7979 28263 21409 3537 2479 524 12782 17902 30983 2412 17924 22388 28599 22193 849 20997 2323 10277 8965 24941 16970 15588 28142 10360 7213 21958 30018 5594 19343 15926 10127 9302 20064 14615 30046 20323 19721 23077 10298 17273 3245 7951 2685 27659 22259 3986 15193 32293 7727 28806 15944 15040 28518 16721 18710 5114 9951 1711 30135 8706 18450 25122 16183 12493 6248 15355 23645 2811 24744 27095 28708 7829 29587 816 28243 31292 2216 22692 28677 13964 14077 22788 12691 8678 10589 25428 29774 12838 20028 23304 4621 7109 21039 18025 19628 2339 1000 18386 27138 8932 17806 31304 8307 10714 13586 8877 5078 19528 2306 11584 5340 8894 31887 4123 5617 29288 9831 
2586 19370 15076 13510 18538 19919 22393 28024 25487 2377 8957 22290 3252 26139 11322 1647 10512 688 11606 25246 11115 13041 18400 28380 7103 23695 27012 9969 31306 6136 14778 3210 13462 7375 21340 11072 24101 1328 31122 17304 8746 16070 26786 9336 24380 8052 25955 26792 20403 26282 13347 31876 758 3280 11738 5361 11018 11346 30426 8707 4032 4106 2336 24211 17534 8491 19785 18980 16920 16591 27239 28348 10069 31940 10410 26195 7099 19675 21896 19916 16666 14095 5798 7166 26875 19381 17478 751 7765 5291 26317 23248 10298 11710 24594 31263 28108 14749 18042 23196 4410 3474 26812 19670 27840 26942 9680 9743 29180 12841 7158 15108 26953 32248 12442 5537 25676 14582 13139 7326 28918 15514 11190 20272 632 13729 7741 18254 29535 5335 12328 29875 16519 8929 2671 12919 6315 20935 28601 1495 355 30142 25464 5388 5777 12979 29287 15867 13074 19921 31394 25980 22925 15896 26926 7755 21320 15867 20399 32235 5737 32714 3965 22306 31387 15055 9869 13018 24261 29885 15783 4031 27329 10440 28713 6986 17552 31722 703 16348 674 2781 23072 8378 20240 2885 18217 12041 13843 1550 11209 30278 16872 4738 12943 10541 23501 4221 30038 15621 27937 14289 24049 2209 25208 8321 13351 2060 32085 16507 25270 15238 8758 24951 14986 20035 12418 8380 30551 31212 26742 7512 16804 10360 23731 2894 26166 15225 7250 6980 25528 13243 4782 18164 14218 24171 9589 20721 19938 13082 15419 11975 28324 27549 10630 3063 4345 10653 26169 17401 19515 8282 23872 18509 11443 6924 31651 24774 27225 708 31021 25983 12093 25907 28693 32271 19586 7419 21929 19146 3958 22865 11166 18297 14898 4545 26348 11050 13957 11704 13256 10547 11044 30203 24789 8477 2536 12718 22183 22176 22224 31276 3409 12319 8611 5301 13739 497 9713 6140 8120 10771 13802 31522 30894 10999 20573 7747 12609 29286 31222 11092 5286 5041 22992 4824 28190 1508 29831 8520 4164 16989 14524 15451 13422 16993 22981 17044 4158 800 9142 9880 13241 16572 21272 16000 4058 23823 6476 8515 1899 4174 28491 29416 2388 17293 11004 2202 32696 29539 12133 21564 1771 7236 14081 28602 32274 25535 16166 20503 4657 4327 89 20182 14610 28155 31772 13296 13969 17052 4573 31786 25221 7988 6214 26169 25353 7651 17874 8015 21823 31918 29153 31258 25105 11649 24664 12839 16898 8155 141 32381 32280 4599 21515 21326 26512 7834 22123 22548 
18230 20504 2224 18960 18870 11656 5518 28301 7367 15292 26134 25388 5497 2070 3056 5211 782 9149 21156 13692 18616 15538 4249 6496 11286 5010 29345 4152 23109 11060 22188 15998 28742 17174 28540 14093 31914 6026 27953 11727 8075 23188 19890 5493 9698 31752 27701 3738 27029 6401 14258 24522 8834 8810 5124 2656 9491 110 22099 18767 21123 7009 27067 19231 8604 17626 27408 26568 8068 31812 5563 1552 31727 14030 24118 27620 4479 14312 27568 8234 26816 26237 7914 19404 30075 25534 12184 6303 26243 27823 18830 24914 2600 29474 26148 30430 19224 23226 17252 21527 17301 3636 29686 23929 2598 15543 22707 4025 6166 12869 2191 5709 2837 8893 11996 14610 5131 7949 16865 8120 22259 16375 11847 21096 19102 10472 6127 9908 8631 15961 8511 29296 11670 17882 27067 26559 10242 1329 21192 1142 20058 10105 15962 17775 6240 15669 8057 27512 6092 19990 12229 24006 15257 15345 29032 6652 31361 14673 11 8960 11493 30596 14005 31101 23582 7584 24363 32503 2002 11264 31816 28439 26141 8380 18405 4435 9297 11071 12741 5470 16506 26804 23387 13439 9218 28601 16428 17263 4061 17506 30627 6617 3184 9193 16247 28163 1391 30941 10531 10506 13332 7976 14120 17291 12241 9740 22301 25738 11096 9295 24396 3649 12805 15803 25120 11138 11672 8671 29247 7316 22443 19770 21070 10454 9798 26483 893 11120 24520 19426 19636 32507 153 13487 18148 18043 1070 24733 2956 1390 26001 32472 7716 11730 10387 23889 24855 21314 17448 31235 31192 26294 17570 20979 11615 21589 7678 3185 12643 12920 19488 21719 28476 20380 9825 29813 24138 12195 10603 7128 11034 23852 7394 15138 15831 28581 11780 7306 645 24405 644 5938 26204 11963 4242 17429 6112 19114 8213 7808 14796 19917 24149 27030 3065 23894 32083 10460 3347 32097 4191 17455 20383 17996 3990 22055 16869 31142 11617 11052 13663 2782 4971 15538 26625 16508 3370 3509 16406 11134 4947 11776 17307 7063 19400 18046 25942 13933 3152 21570 6399 25038 7099 24993 2704 4706 28798 9017 9702 15511 8723 26097 8423 12866 5735 16007 24701 5235 7392 22 31841 24509 22922 5834 30607 11108 5273 26587 1111 23755 28386 15450 2316 12206 10647 30500 5999 17236 8795 32703 26788 24707 10551 12694 23816 5416 14971 30596 24870 31368 27663 28985 6867 30891 24466 31452 19664 19926 23907 26799 6661 11791 11885 9097 4663 8912 31295 1544 23165 19563 
19609 3822 16024 13612 22754 14985 28330 21102 32462 16264 15491 32256 16583 15021 26724 15249 16718 30348 3113 20491 15550 20534 7840 7694 14077 13762 708 3321 14529 869 9037 15887 10811 10583 16775 4980 22822 32001 48 24218 2758 14845 3511 15697 29156 18653 14784 20981 10374 10427 22742 3222 31274 13640 30381 2949 16941 27352 27009 26331 17148 25064 22885 21018 18632 4456 28359 16733 21512 18109 10445 26710 8496 2673 22052 29599 2585 5721 9158 21120 9879 23067 20380 5443 32338 27481 18161 22344 6253 11589 5267 16646 20711 29306 24263 11294 10408 22300 11587 3840 5215 7865 9025 21891 31211 7229 32369 17552 1840 27479 18047 5895 5009 9145 218 9947 25141 21244 25474 3411 11356 11080 6264 32200 25581 4903 6214 22192 10908 9578 29094 18526 4711 3894 7944 294 18973 25846 29105 18222 26889 13904 3349 22910 9639 13168 20716 3750 29187 11125 10264 14666 7415 8562 13178 9019 6716 28745 27124 27396 30394 3639 20856 7148 10448 18371 590 26011 28337 18667 2532 11953 11894 20529 713 11581 17905 19399 32240 9171 2083 16573 4424 16356 20382 12617 18568 23230 7017 18613 17114 29520 18815 27793 10283 14677 2117 23670 29238 4321 20675 1249 27592 11788 23286 25349 28821 23793 19155 16980 12784 4841 31268 3742 2062 25240 16585 30741 19398 15780 19355 28007 26777 18903 13096 29399 31377 12508 26200 132 21325 29178 25949 4271 788 20079 17244 12828 18545 8051 18072 16488 7942 13337 18675 12836 29288 2526 25631 28415 26153 24661 2156 19019 2838 18198 27864 13304 27274 13144 31184 27266 2636 19187 29965 15768 22992 7706 23881 27592 594 31202 21231 6325 21387 4428 23306 28476 1023 30779 1472 14575 4245 22343 24516 28697 29720 4495 8103 17098 29204 26914 26661 16793 26526 10168 31323 11887 19846 15429 14778 18126 12948 5483 32533 17974 1419 325 32635 10239 28315 18698 9725 2675 3370 28739 10520 23733 26088 22200 25510 9104 617 18920 22470 17682 21600 4313 28286 32250 27741 25570 28228 7499 7287 871 30574 22065 1567 1771 8904 21551 6292 11807 14246 26564 4248 32310 12842 6877 13949 10422 22765 22539 26351 2036 4096 2372 3198 22117 7665 8388 11781 8999 8477 9259 5638 9703 4505 16485 27915 832 8707 23204 9267 19808 14615 26292 435 7587 14753 18335 27832 5383 7080 14051 32080 17126 15748 20604 25801 23664 7394 19172 24861 21488 15258 18382 1337 25627 
32065 31756 11626 21848 1249 15132 22292 10201 27025 4053 13889 20561 1013 10305 15270 4457 17666 32465 32302 22633 12346 16003 25752 7170 23067 20339 24198 22037 2485 3479 23008 26734 2694 7120 10419 14913 11787 15328 28069 18272 4725 10794 13612 920 1610 2209 139 12929 3704 8995 23621 19578 12213 4074 28526 24508 26578 8838 8326 23753 13580 19808 27959 2931 27272 2739 26757 20730 3012 16517 3342 16077 13386 20318 1981 8165 32027 8959 30099 17710 2653 8328 72 14135 8327 30990 5211 3346 27253 14977 16698 15521 22532 4010 22353 23660 25709 7744 25612 27 29918 24528 27965 12442 7097 16852 5061 8327 15905 8622 31945 27575 30513 23492 19500 30060 1880 15185 21608 24654 16340 4317 29725 19124 16381 8374 20596 24556 22157 20193 13380 10754 16605 15899 8722 4233 28595 28693 23855 12322 31473 30965 16965 18455 6387 7135 30647 9975 9536 18594 27261 7003 11701 4773 16652 5793 25866 12464 13819 5604 5585 6294 31533 21921 7527 20102 13690 7643 17121 30298 5249 25416 23843 5518 6851 27656 22708 2498 29520 18645 7255 27783 26948 26279 20415 27881 17014 11371 8821 12698 27452 25187 16724 30950 31901 3281 9002 21484 27802 11874 23049 18349 16341 18099 29092 13650 26278 27298 7141 16663 26607 11850 28947 31523 5488 20216 1982 563 23752 16035 16702 926 3024 22345 29030 69 20311 14861 4785 25731 12166 8016 7107 15729 29384 3640 19525 21143 28516 27146 14815 29242 318 29446 5613 20621 7049 10691 13497 17933 23983 2493 20953 29417 32468 29309 25025 23860 31744 3569 17899 27809 6282 16367 25322 8064 5408 25691 16032 19232 1063 13871 7491 12184 14907 21118 6657 25616 17374 3417 11178 18795 4125 29628 4133 26291 20666 1803 22129 13299 29830 16500 181 24085 32461 32530 23937 12541 9302 23646 1249 4126 23474 4058 17341 16159 13917 15282 16999 13476 4766 4890 10522 27144 8553 15300 3595 27803 27683 9451 4185 8524 15248 32158 26602 1437 7388 20983 23538 14963 28627 11450 25870 8196 14594 17897 18080 9509 21089 13632 23744 29383 6438 6755 15897 31555 888 27026 24446 30654 15279 23493 23534 3231 32475 17722 16739 31358 30480 25065 8279 16737 1810 6793 3219 18835 8542 7972 1039 1252 17687 5508 3748 15557 943 28312 29367 24276 31114 18057 27010 23485 29778 29629 24103 7272 10862 4558 5761 10583 23703 26897 21316 10896 30832 3972 24702 18971 17602 29260 
14668 21976 12133 1171 1695 7735 3514 12888 10753 20655 28802 31721 17800 24591 5571 6568 10407 4550 17693 12341 25426 25452 29821 23494 27583 26753 24087 5988 4814 7943 14219 11946 15163 24923 30096 8579 19902 18464 24269 28071 24907 29109 29447 9903 26456 4368 226 11219 30676 4496 17188 31597 15398 11502 28231 3953 10352 4749 4303 855 8135 13626 8220 15515 31267 21431 30888 27509 15092 21695 8983 3984 3856 66 25327 19411 28401 29534 24855 3374 6360 6837 2781 23402 32420 29480 11428 294 12385 12446 5859 5839 17652 10471 22020 1195 19472 22261 31346 29016 13881 1889 14404 32703 15722 25530 3737 20567 27546 30914 4019 25215 9909 28831 11748 6369 15232 17449 23849 4228 9950 2498 9267 24392 8787 15021 1501 5791 1145 6033 19844 13095 12348 7574 24362 2929 9285 31987 8221 16838 24371 5406 8595 15534 31481 30729 21691 15039 31232 32313 6675 28520 21969 18751 18237 11669 7747 27468 30147 31732 17359 5340 22379 9196 18191 1621 24418 468 21045 31298 20690 23163 15443 25840 29040 5340 1569 13756 29541 23262 12921 27790 19362 27540 24283 29073 10830 4122 13073 10531 14832 26177 21565 9018 30100 24842 5259 27521 30547 26466 8192 200 825 15389 6061 24375 3135 23747 24773 26557 109 20233 9255 11180 16584 1188 7621 28121 21939 6998 6858 14341 26827 7040 5752 2019 32384 4222 11431 2203 27845 30302 14905 19322 7929 32756 14536 7515 12333 2320 7188 15011 27525 6078 10596 18349 21171 30977 27307 1673 32460 971 3711 25906 14523 28479 21270 1548 6607 20589 24163 17993 23787 20625 4798 18115 4348 3620 21349 9286 16499 3768 30156 29114 1561 17931 13426 23394 21653 23883 22051 18834 25201 12488 13598 26188 15734 18280 24828 21743 4931 22752 27320 25745 11263 29149 5151 5639 17853 10127 8115 20144 2843 8766 4391 11049 2971 24932 24008 15308 20414 8915 31389 3718 14726 16921 14683 13199 28079 5668 2728 26277 4623 32457 8399 23917 15690 1876 23961 1363 23473 4319 3001 3277 28224 10878 2485 13906 9776 10878 14424 13721 25595 11710 4670 893 5622 6841 32312 11087 30892 8348 26188 22187 15922 9129 2261 14198 10454 3445 8007 13182 27038 30499 4732 19317 24258 8155 26887 2131 780 1527 27647 19741 28264 14403 15458 21294 4264 15050 31804 1567 5482 24387 21321 32239 20955 19165 20319 16073 13130 20815 16380 21468 32393 17982 3847 4999 6010 30342 
7462 20701 23937 10833 7493 23367 23628 7298 25884 11118 14002 30021 68 6183 4926 5155 15825 32409 26594 15590 10809 14648 10652 15348 23751 10917 12353 19220 8790 9597 23592 10816 3173 21711 28962 2887 966 31941 29394 3087 30904 30365 6790 9117 6009 19338 28699 299 11505 16495 23317 32248 1706 27982 4433 13174 5571 834 22347 7143 23141 20005 4977 32208 28623 15713 30889 9922 27239 31076 17722 23535 27008 934 976 6109 11990 30584 20440 8311 18553 7998 1013 12682 3563 20298 26982 13090 25771 2154 15465 587 13721 26548 31572 27309 9000 15036 3025 8742 2261 28274 13964 19117 24029 68 2681 24853 17016 2047 11034 14918 19600 23928 25286 11507 16660 4877 27489 16412 17192 24 22831 3452 25070 25863 29400 898 15205 31295 22546 16280 19415 11163 24637 26993 11361 19150 8217 18378 14304 31667 10784 26059 7702 7818 2062 4012 11538 16088 537 29727 23455 24551 30364 3729 6126 20116 22167 23777 2542 16030 6817 8972 17654 3490 14224 26553 26684 10153 3133 13503 20234 6820 25410 13056 29053 9048 22873 12937 21008 22254 17681 25223 8055 4942 4910 19418 19663 9269 8730 13740 29058 7328 10687 27355 11886 24555 19157 9334 3535 308 5874 20504 6832 30274 19013 23885 1069 30372 29659 25453 12177 3063 14683 3102 23670 27931 15650 21287 32274 17207 20029 20536 25643 17029 18351 31963 7537 8035 3717 28564 17579 17476 32642 20680 13839 3240 31763 25506 21881 13495 30890 26477 10281 15054 19930 7840 3626 14133 6170 27070 16155 938 10041 13017 31767 20476 28116 9341 1234 31482 30584 31141 26050 7718 28425 19750 24597 23148 13277 13252 31130 16559 25692 16950 28225 15616 317 25422 4957 30469 5887 12249 26030 21192 22100 7944 17402 8973 23172 2627 17391 6511 11665 4559 10340 31140 3968 2784 2044 4567 22488 13095 15029 25465 19853 423 27602 1782 1275 11701 27247 17631 17677 29024 8177 18353 9535 20517 20500 21358 11791 29835 3855 6693 31278 27108 20917 6157 1783 20491 13214 14641 73 28833 18983 18077 25348 11778 29485 4340 685 22255 23528 20938 598 4969 1371 10176 28811 31581 26894 30823 10313 32404 25125 12743 24688 21409 23463 31427 19709 5716 28125 24903 13457 10663 4423 32109 23192 15935 14726 24434 20107 5058 22760 31042 17980 24146 25784 7455 9281 3608 7791 9370 29263 11723 4292 16507 16399 4728 13729 10116 9106 26516 6026 31443 21461 22150 
30398 2526 6755 16220 20064 18870 8799 5843 20546 11186 18730 31811 23607 11705 223 13342 5039 22648 30075 31895 31962 1020 2650 10292 12024 11097 2430 8471 26322 13458 24876 6959 22179 27853 21406 19423 9013 8578 11122 31760 14855 25005 31040 20489 27811 9979 4687 2422 22717 17177 30458 13138 20121 6782 31671 12523 11369 5265 17590 7413 15898 22041 4941 18165 2812 5430 15569 30609 18274 27192 498 9732 11921 11996 2980 6657 10627 11508 5042 7192 7971 32305 21848 7754 21059 31781 15424 10058 20726 2623 29138 519 32307 7966 1025 12619 18423 4531 18029 24386 13816 2067 88 31321 19995 11555 3737 28521 20905 31397 27915 31039 7969 30487 2329 24412 19178 22759 12416 28805 31836 22425 15984 32679 11109 28692 31490 3064 15174 8592 8143 14708 125 4391 29128 4419 24888 1632 14916 19030 32404 24922 12092 8331 10077 29556 1613 1360 13811 2215 32538 24213 6178 18853 12550 14151 6910 1436 18372 32314 23071 17644 7568 19171 28350 18763 19232 31304 8432 20296 26041 13003 20722 15351 9939 12921 20849 16714 13264 26146 28965 5320 4551 31798 8458 3581 27906 21031 28256 7924 22457 13843 1578 25696 25190 24019 20882 22905 14450 4047 31057 31061 24960 2408 32383 8610 352 27965 11774 24337 28830 2925 25163 13270 3376 26020 18146 17873 4378 23003 11470 10162 17553 24641 27960 16082 7727 5455 20285 2163 32278 13842 7098 16063 21807 4588 18807 29956 8160 28668 1894 1059 11139 19842 27069 10968 27204 21903 13500 21038 4264 27810 1522 13186 2602 13630 2229 26831 8322 14654 9816 16455 26073 16820 13676 3032 14867 29979 29353 6286 22988 9043 2584 2835 9212 26578 21651 15890 22173 21845 24273 32037 7452 28411 27898 27678 15370 28152 16794 5029 21846 8213 18727 8770 17250 24091 27729 25913 8667 5164 28418 6517 6267 32300 32511 17247 23298 24265 26541 18329 18382 25371 5075 21420 2970 15536 11989 20224 31026 13418 21098 26952 12402 19614 16488 20036 20294 25079 21564 9140 9805 22448 30711 20266 23205 30311 17040 11221 27322 21941 10151 22212 11856 7461 7766 5270 22891 23400 20867 16414 4234 10317 17269 32384 27857 4284 31120 28757 21456 8286 19717 32322 29286 923 25001 13902 3055 5482 5550 9423 21528 13338 32034 26289 31339 17367 10240 12064 4656 8404 27680 104 28802 22319 17277 28453 32198 2617 23300 25349 4379 24797 16193 22951 19049 4463 13039 16214 20357 10832 
31373 5654 5205 31008 25692 8169 16508 7071 20183 31222 19866 424 2786 17090 4687 19863 9626 9855 6872 23164 18771 18045 4664 10088 19581 20165 32091 19771 9504 8180 7983 13082 20775 16962 18175 24973 8087 30739 11976 7342 25866 1203 21489 2611 14907 6392 19760 2113 2984 22138 30428 29781 1370 26297 31095 5690 31336 5188 5146 19182 6645 31625 20788 643 6466 1014 7663 19015 18346 22711 19563 6296 15579 29452 16924 15588 14249 29585 19060 2725 17691 32151 7901 21131 20548 22550 20003 30025 2172 28200 24475 18317 430 27383 29525 19893 1829 25939 17389 11113 14472 15939 23539 15562 9198 12660 31507 24747 23875 26675 9143 13950 15256 6969 32584 26439 24139 24513 262 7888 8777 10722 28146 32200 17185 4424 13741 26937 15230 19519 1241 23755 20990 13769 24741 10925 18946 8519 3696 16392 19198 30955 21483 30952 12788 16888 24548 22797 11257 28423 4345 30690 29915 25997 8929 18332 15313 6811 29889 21605 28401 17964 2012 23930 13254 19706 19623 12463 382 14981 28657 15918 17543 29207 19707 24864 10174 15967 20358 24619 26215 30629 5345 4573 21016 12124 719 22889 16455 1333 18629 10600 10651 20128 4164 6471 3759 1086 24682 4210 1094 27714 6020 3164 28539 24354 19246 12818 25441 3641 10938 9653 15767 29202 8332 27780 7505 11548 15229 2098 298 12773 508 30238 19154 8420 9830 14388 17491 8807 23891 32170 21104 28852 29589 25019 29360 21404 16164 7074 2035 5285 4002 10089 27078 4869 10326 10371 14736 11875 14795 2051 15805 10351 20014 31776 32728 25466 19023 21681 10438 22360 3579 21607 5809 24305 21094 11797 10185 17940 22749 14342 28427 15724 22320 21251 19901 5346 3837 23934 30098 20324 11855 12154 7397 3479 23651 11716 29345 6622 25831 23212 25262 18006 571 6364 2162 24474 12493 26101 25457 19737 31721 2066 30264 5975 24804 878 6354 23661 12233 31645 31675 1250 18374 28678 16222 17480 10719 2792 17299 20709 12081 38 21964 16540 25569 23762 9446 14495 24250 10751 2858 5337 21023 17937 17035 2776 25227 13246 1424 24681 3645 21480 14460 4110 18952 26431 16815 18135 21586 18115 7765 29260 86 9427 9090 26587 3679 1824 29253 30369 26306 28564 17947 6832 17306 4157 15568 20290 19977 30918 32311 9721 17761 21920 9244 32627 13216 31950 8845 24916 6295 20490 30968 28374 13021 9472 8121 25305 5652 4473 3659 9352 7339 27898 25319 22449 18066 31041 
23445 15583 4782 31257 10370 8758 15473 19144 19923 23665 296 11533 12580 3821 2948 4442 26023 31697 7053 24442 16768 22974 28542 1704 3117 32154 7348 652 3920 29080 23976 14492 5211 11368 15353 20013 23124 17520 2981 19410 26134 14762 28700 14334 25407 4936 829 27020 10009 666 31816 15963 22309 24468 22676 10498 3138 2641 16249 29702 3439 22424 18454 18163 1782 31206 16736 14406 16554 3595 100 19825 1861 29747 13700 17070 16092 12793 14764 17622 29480 17693 5272 7683 11769 24173 13200 2146 14064 27105 12658 15639 10391 26313 23207 14378 13841 12812 16533 26462 3231 28106 4518 24460 11475 26807 27495 25997 18126 25948 16334 8531 17373 12728 1542 11493 23858 5043 27820 25490 27303 19956 20810 432 27122 8184 9582 395 28512 2687 7649 27902 15829 26777 19207 4876 21366 19819 5915 19219 5741 6476 26254 21110 5218 16045 27846 32736 13026 2622 30479 30440 6032 28782 21241 7918 32574 25782 12996 8913 7917 28453 18831 5172 1599 4122 12556 10660 2951 28444 13617 8921 15963 9800 3181 24492 25416 26311 6175 19375 4610 5016 18549 20910 25396 28080 27045 717 30528 11763 24861 22212 3116 4062 4797 6470 25556 21049 11689 15630 27547 11690 26393 9200 25089 16223 8999 1911 23933 19090 25954 4812 547 20920 24785 15946 9343 19613 24357 25815 13676 5777 23712 19452 14517 14829 3868 29590 29853 30983 10505 25089 28753 30785 16341 13271 11262 27144 10395 3490 15746 23875 22094 18960 25385 32303 27308 11982 18775 19984 27263 16106 25133 18868 6410 5535 17120 26769 22689 17937 31359 24910 6089 3823 26524 27393 21778 29991 10845 16998 14422 17669 31313 6876 3183 18229 16723 27845 19729 9664 2830 27048 14611 20089 14854 22392 16477 25559 9704 18629 6122 29655 2296 394 26633 31815 14495 4202 269 26829 4202 13694 27418 12060 11166 5685 18545 9301 8508 12497 3723 21170 31132 9765 27529 10568 14976 9133 7494 1334 22979 4156 19080 5670 13450 9956 5939 9744 7662 11733 8809 8046 7613 28786 6541 5761 7585 28544 22341 30166 2401 21335 2095 21806 24697 27365 10079 116 31905 23795 32753 6774 3910 11235 11345 28140 7794 30544 8447 3712 9666 21326 23627 10222 1327 23591 29796 23386 10063 12868 10821 6753 20734 23431 14917 13031 10988 6611 15091 43 15561 4385 26756 6234 12135 19020 1674 30698 26819 11894 16993 16877 13197 14428 24686 7227 8657 19288 16470 13328 
9580 16577 17735 1930 1752 18388 31851 18145 12194 16986 14419 31969 15920 27316 23986 573 23021 31370 28383 3463 5634 1973 16929 5188 2557 32316 19052 18719 30971 15380 31424 14562 12228 11187 24266 7950 10088 19786 20952 20524 26591 27066 4670 20097 10399 16707 10970 19673 339 30437 7997 12194 19681 17645 10516 1553 4624 24616 19026 6822 22458 19404 1999 8006 30019 4892 27860 27129 17671 23904 8495 24699 6488 22434 2129 1374 23822 25622 2378 12446 31790 28268 13081 22285 14538 9644 24778 23496 22360 26848 26499 23335 9919 18357 19024 31983 16361 13520 25233 13366 11557 27607 7201 12678 13693 16620 15483 7312 26846 6220 207 17641 25438 10330 25679 8417 24246 16033 19838 29595 24834 4814 11191 11592 28606 1091 22305 22523 29916 21527 19072 4123 17137 12925 8174 32454 16291 11106 1291 30143 2379 5214 22947 16120 23949 18574 27171 13897 12853 535 24634 29435 15457 20725 5387 17651 6468 16644 9945 23389 5434 31682 9706 14588 10256 14568 26881 17208 13548 20909 10317 25186 26040 26882 10019 14274 4180 1767 24909 11434 23662 3958 23291 1464 2352 21634 1417 17412 7128 29929 13152 22927 15880 26512 17189 6521 948 4798 27792 15423 6948 8294 28381 20113 30359 29408 4312 5374 8436 12765 3024 4382 28075 25511 6841 29974 2787 15261 7482 21465 18036 19984 3448 19604 31607 23025 25673 13137 1918 26780 850 19843 22493 15178 2458 13585 9288 13190 22687 9262 2438 28645 32654 29603 22755 26409 224 30092 6982 14963 26034 654 24756 12836 117 5531 30393 7146 12647 24598 6246 18039 29972 19271 15094 13028 24355 15708 17670 22866 3585 6992 6672 14937 26770 5340 11349 14432 24214 6406 8330 779 3370 23972 5944 13247 32317 18206 11204 18007 26340 24996 5748 10983 13504 12450 8238 23139 27783 25788 10462 27433 22146 28927 26928 3958 5536 31349 20454 17382 30907 7365 6829 28936 5427 13945 26688 5161 32603 8195 5509 20848 489 13292 8045 7745 18479 3517 20126 18091 16757 19711 5637 14315 350 29693 11823 16046 23970 5055 24895 7449 29325 25269 31247 21541 32704 24930 3892 22589 10409 5835 2925 5821 6158 13884 16887 28996 10546 10412 22287 12753 3347 11635 25046 28959 10852 4872 5123 17606 20948 2313 18878 27058 5657 741 4030 16851 8388 1723 17994 31366 23607 16840 4160 6861 8499 3677 11533 8846 14358 23825 1099 6048 30407 6063 18298 16749 29590 5004 
20928 6729 25393 7968 15990 24867 29472 13024 17257 10360 2240 10769 15070 7354 16029 16115 11945 27547 23673 16796 6155 21572 22088 30886 17891 28070 12529 21987 10136 4114 28110 3097 881 25645 2245 20189 412 32110 15047 19235 21827 23339 23390 1480 8915 12832 19500 20669 29112 32259 21065 16671 24937 31763 10788 23209 22424 8223 4387 25047 8365 24820 9196 18798 9611 1616 4765 1321 26428 14639 28693 26589 29529 3153 18182 3861 17797 4589 23678 15839 19357 22931 21857 21516 31660 1014 20980 26692 11934 8152 18477 6442 10703 15939 8411 23897 4930 19898 3041 1897 17219 18004 31257 8218 9173 16566 4232 1381 21127 6534 20943 10852 9136 32405 15082 8217 24641 26088 17708 8355 31551 9054 31813 26901 32626 5543 8771 29018 19246 8821 4979 29805 26129 8841 25539 20163 28953 16092 21599 27001 19451 9692 1785 20074 18105 18286 8177 16134 8245 1390 28583 25438 2211 28783 19360 4481 3325 21521 27218 15621 6249 29695 13310 22567 23438 4944 303 18209 14005 15737 28810 3832 213 15029 31061 18656 142 24003 4095 6620 7060 6224 2164 17123 8864 32012 15737 8259 6159 12509 6630 2345 14513 24994 16575 28830 28125 17519 25621 12408 17179 2767 27712 16086 14066 17199 4331 17860 7110 24006 22524 4433 16068 30960 20162 5861 26442 6205 10870 29289 3071 3855 18483 24796 22310 9192 28140 28539 32719 19378 16919 1547 19960 12432 14660 30959 31449 27263 10473 4650 10889 1925 17745 15686 30648 5287 6257 8476 10028 15440 15161 18502 5798 29379 31288 31329 2365 5356 23520 16376 24886 32679 19325 1082 8807 5009 24532 31053 3111 3265 7076 27358 23434 3571 1478 10174 18056 6771 11354 32328 2247 21050 21348 8492 27643 28685 730 13879 24151 26792 31173 19546 3188 7147 20979 19763 31721 14840 10152 30526 2661 10960 16553 10146 21859 4113 25112 15662 30412 12710 220 1504 18007 28912 2653 28026 15214 26354 22047 18244 8252 19391 21356 10640 25464 8571 29997 30152 24109 30822 12860 26364 15776 16896 9994 11554 2451 19180 182 4452 27320 3940 26531 24544 22723 23989 19339 13255 110 14772 27975 29104 24935 11309 9909 15206 21755 3323 6870 2538 15049 4465 15148 11956 9418 15109 5821 14139 22612 28990 13673 10875 742 25187 6081 31209 26897 1234 24102 21800 24229 30755 27704 32312 30675 26393 6449 12460 7402 9651 25369 23318 3749 31497 14833 29303 17334 32299 20946 26911 
25706 9481 3159 16146 48 22103 19860 29361 15253 6118 19674 500 11448 1471 26449 18223 25858 26655 25787 10433 29018 12953 4205 27261 13696 14802 18737 21855 28020 7589 9472 13905 5009 20239 2545 3271 4190 16380 27375 25101 23702 19102 12099 28909 7560 6951 19776 14682 29632 26902 11676 29185 19713 16747 4793 15226 12150 6635 11346 8485 23726 25223 11525 32499 3002 8740 3800 10746 29839 24647 23777 11086 22429 19533 10536 24623 15103 24349 17952 8098 23416 5673 13392 13484 16160 6881 5688 2802 18735 6509 20744 28976 626 12167 26394 28211 23310 29644 8419 10855 11752 16792 675 9865 3676 28295 16505 22962 25800 31184 4929 5439 18367 15414 11153 29251 13632 501 4247 17454 7669 8701 28844 6301 10676 12121 11430 25849 5098 6178 4174 121 2753 9276 5687 25420 24566 4741 30345 31799 17605 31232 25059 4363 14357 22863 4305 24055 1011 5959 2855 27128 20526 6191 18470 8372 28836 13661 20569 22413 30998 30265 29026 9001 26704 24975 19837 25645 6989 14639 12528 9094 6340 5486 2378 7429 9219 13716 8382 29947 2004 9513 16724 9436 31785 25287 20893 5069 1806 20831 24488 7929 27884 22164 21021 27205 17925 16625 6789 26730 28318 15928 3068 14863 26857 29484 28293 3251 13117 30225 21090 12232 31590 15151 17536 4482 29267 18921 32454 8145 15601 23701 8284 7230 10390 30132 7777 41 9015 582 20477 6160 26507 2901 26374 7268 408 24624 29768 17670 30891 9279 12722 21438 869 26695 2623 28641 29395 21197 13542 12567 26743 28223 27716 4851 20403 27710 13176 16641 20986 6395 11081 9588 17497 10573 27009 12752 5634 7952 29229 2749 7812 22629 3988 2984 2047 18951 560 8075 27537 11435 19671 31015 24315 19555 26345 10562 16843 740 30101 17286 8592 13475 25788 15113 570 9913 16922 3155 17417 17287 19058 3385 18515 4747 30693 4317 461 4218 30034 5704 9897 29938 12734 19436 19826 1697 14697 8654 26626 5449 11299 3578 17753 30780 3181 16776 7135 13662 12730 29532 20763 19049 6848 16982 1278 31192 14533 7928 25841 12143 7441 7339 6962 16324 16750 28089 7505 10795 12834 281 20389 16079 28495 29199 8482 6373 2182 2847 23900 7893 10481 32310 2907 30841 3332 2495 15036 8395 5937 25695 29005 634 15392 26596 29433 26255 32671 26870 14461 21420 1031 11326 20346 30536 3237 9193 3153 9017 17966 5611 1143 5851 17796 29446 2218 29165 19855 13673 
31277 7320 29638 21605 9959 31078 20195 6334 28778 26691 23281 19809 14558 15756 5015 32368 24037 4212 23553 4035 27936 23914 6830 1281 10062 1652 30142 3292 4168 1482 15433 8619 23980 144 12692 31480 23104 17466 9913 27960 17440 19649 12453 28307 14418 9757 9460 225 24574 26900 31907 8118 6518 5748 29342 144 27168 4111 3810 25043 17115 21956 2955 1153 6161 31153 23175 17677 24568 17784 2239 4140 22569 29441 9320 24055 22211 19996 12546 7559 26886 561 30746 5494 16422 24889 17542 6411 17417 10286 24788 3254 14360 9143 2066 28839 21444 21421 20599 31405 19855 11877 18765 22079 23961 9374 422 8580 14936 21144 3428 14348 20814 28735 25570 20624 27989 22700 18575 1027 24090 8617 27030 7431 11323 4910 23685 19571 16976 3589 2449 4298 24813 27763 21749 1509 31705 420 24227 23891 16122 12106 27495 7059 24830 12262 7506 26335 4153 11687 13025 7448 18863 879 12743 5992 2263 16434 2112 8089 11466 4794 24001 1459 26335 26763 16787 15124 22330 27306 11999 1776 500 23212 4635 11119 14998 581 14739 16087 7521 15329 2037 31374 32672 20383 15995 8217 16435 7628 2463 21031 9330 29541 32034 7336 29405 24836 8735 18005 27054 15378 17978 18192 24596 14832 1896 30131 20456 27621 19800 4642 13905 16650 30228 4264 18529 20381 28430 462 23854 23272 16374 24490 11103 18894 17795 7453 16196 11609 8450 13886 14507 1729 18619 22474 22981 8112 649 842 23597 16872 13948 29970 20438 9898 8926 5181 21442 18741 17057 16170 31741 1749 31792 27855 15038 22091 2431 20912 9452 23650 19007 2545 21103 7363 16310 19810 24421 15413 15501 25075 30651 17528 2333 27473 11015 27271 29936 28199 16543 7917 5648 20149 31839 15495 21118 23360 10466 20353 17425 195 4851 28550 16876 12328 27704 3672 5819 22086 12320 12679 32336 340 2397 21904 9299 12357 2926 25307 28126 17107 16852 22545 12594 16834 5647 4676 25499 8211 6803 6350 27272 20696 12777 9907 28644 14211 27781 7800 31908 10359 17647 28617 31107 15440 28235 962 22503 25365 1276 19804 3148 30421 16894 30750 32300 12707 17650 11499 6379 32598 20160 21864 14759 6126 11242 26955 8784 18825 20264 14733 6126 30465 6054 2069 25601 10680 27290 29673 1479 11650 6753 7583 1899 11786 11552 1455 19996 1530 12542 31563 8122 11509 23375 5140 3394 1300 11849 8501 31840 15429 20506 2106 8143 3396 15901 29415 9751 25435 
21645 10948 4449 20936 31992 1950 12449 9694 32556 1753 15566 5857 27850 22067 29858 21637 3493 19885 20030 3167 13240 27374 22943 5775 24661 21098 22910 12527 16150 18282 25017 14235 6896 26453 8720 32446 15158 32273 13369 30128 16474 5029 23933 19957 1504 18790 29618 24779 28249 28201 229 6824 12680 11103 19261 28759 4883 2892 30275 19301 13860 24094 19449 13464 839 24599 28278 29392 1046 7529 796 4576 17100 9735 19098 26213 20719 22015 10523 29153 17374 20586 8238 23419 20219 26333 2475 22178 6991 8647 27178 23013 4944 26870 21875 26765 19559 22950 11188 21403 24468 21807 18465 1213 26594 13568 26833 10163 21645 1152 4005 31725 13725 3582 25172 9104 21997 465 14725 14300 13355 18938 29645 19375 18748 2241 17357 3687 4790 30117 29258 10588 22085 17988 17158 10291 10325 10179 9843 8057 23170 7603 12132 11725 24990 20212 11983 3821 474 16009 10519 19131 7406 19535 5872 3999 28477 9733 20256 20607 26645 7588 9586 26991 2744 20852 3188 24642 14252 20083 18008 13664 27257 3256 29448 27453 3595 19809 30716 18640 15611 12729 8089 31863 3056 25493 10037 4552 29764 8170 29322 23158 27285 28187 31083 21148 12913 89 23004 26744 13379 13251 7917 15967 22974 22759 1008 42 9625 18451 26875 29214 13941 8121 15315 31585 10822 8261 5234 20170 8904 31604 30108 21538 19854 7192 32058 20448 30405 18498 23927 5243 28154 9609 8860 21876 23363 11637 31890 6840 784 1866 4290 18762 16186 21579 11908 27608 6020 11525 20097 18840 26116 9814 5764 17714 14300 9570 23505 13820 32086 11115 17132 24799 7242 3176 9322 7424 4946 29388 13930 18751 1400 6788 5725 2442 10294 4101 13766 4648 27696 1006 10181 13563 6527 16027 21332 6639 28469 31255 9994 23402 7141 3503 21192 25935 26937 18001 18371 28942 16230 5664 20793 31680 5166 27171 8165 12781 29355 20488 2698 8415 4252 29996 31170 2128 23847 29706 12262 20081 32748 8380 2838 31167 25183 12523 12174 10043 21069 15885 17505 21070 18161 8657 15061 15594 7979 14256 22130 26194 27588 23374 8763 31805 12608 11966 31174 22950 32013 5984 6318 1297 27268 32331 18663 6524 2640 15390 19498 15070 5652 5377 30422 6438 11909 9780 19023 8653 16072 6980 5122 19501 3937 6714 11534 13296 31462 10002 6708 18970 21955 18085 9522 8433 1364 14594 13608 6897 27696 4398 11652 9016 6552 335 6813 24447 21391 20439 25349 20368 
4823 20314 7256 3868 2777 4231 28014 7905 199 18523 11983 28591 24664 25969 15940 23891 3612 29254 5509 14502 25656 29842 19962 8428 21962 19668 1939 20628 24673 23035 29179 20108 15733 30343 11701 17041 25749 17081 13028 2189 26169 17710 22647 12195 27158 15254 21262 6307 5807 31595 30541 4117 14902 31978 17921 25101 2951 22387 8882 15436 16833 22365 11817 25672 9994 13636 24425 20 19465 12146 6922 2581 1910 4952 25415 3373 248 18481 7226 16013 6767 6608 10542 14603 12581 8970 10041 10257 11115 16337 8665 5175 24353 5255 3664 29492 1658 1589 702 9303 6554 9265 10904 15716 26230 25574 10855 22791 13777 16444 13761 2026 7008 25299 32578 14373 5750 30323 3733 32625 17628 21692 27457 12502 12077 29843 28529 29784 24863 30083 9015 11089 1844 6803 16964 30613 30718 3233 22570 12747 21929 29672 3651 9445 25816 24289 4926 29309 377 2328 10352 19393 27730 21786 23818 18815 1818 12300 2453 26532 19955 12073 13204 19112 23896 25834 32273 23170 4256 27628 11503 1005 20504 14287 3097 20356 19989 12767 17159 10138 20936 29672 12419 9442 7992 16163 31430 13821 21286 21779 9667 23482 16762 15468 25419 27704 17949 7046 3912 8543 21402 26493 28128 31622 17745 14291 26689 4895 24825 26043 7203 20143 5835 1437 15891 23439 2587 6706 5164 22695 25723 31670 5156 8770 1375 4528 11694 32397 5225 8843 32734 18303 5477 32239 11390 2630 22612 5166 17316 20123 24567 20462 8586 29425 30709 13052 16630 4202 4062 12117 6379 14030 15389 23088 3207 16033 852 7958 12692 32188 25108 23405 13681 5670 13017 28289 15969 15636 8892 29940 2503 29128 26893 29498 21183 14415 9214 12151 8416 27685 14930 25642 30820 18454 24264 30275 6678 20711 24792 27662 17342 13783 27056 19201 8036 31316 26997 26589 12918 32583 1726 1847 1001 787 8230 7564 8656 16958 30283 27467 112 1551 31491 24011 23945 318 6685 19465 30602 31492 23457 21919 6483 27858 29639 25427 7007 19892 29941 4002 21277 19378 12838 3224 9265 18526 16439 28181 4946 1175 3148 10151 32156 2927 25497 27710 1711 27262 12719 1076 3107 15857 3186 9178 7873 18748 11853 2017 15376 20986 25900 16524 31113 3072 1511 29534 13743 250 13529 1757 16815 30126 27954 15995 16116 25516 17962 14462 17844 12649 16423 656 27213 7107 1771 14483 17009 31495 9702 15251 28331 26174 9122 13244 25307 16907 25078 22313 16593 7019 
4503 19193 1452 21938 23388 22495 3651 6246 24211 19367 30600 24518 12053 2866 6614 15446 5733 12283 12711 26602 30093 19046 12942 24302 29613 19798 7673 26943 17863 10556 4597 16792 14331 3797 28773 20851 5520 6601 12078 9854 21348 12059 4377 20950 21808 518 2848 17764 6282 26991 28033 32482 23769 13750 28159 11075 10927 30004 25735 29824 2797 29913 21612 24587 13923 24438 26992 32605 764 6395 17921 20652 3987 23694 21186 16227 9952 29696 30273 14729 24235 18594 25067 16987 1204 28872 20189 9997 26665 27618 26174 8573 11231 28826 27179 24942 22723 15868 17006 16905 11872 7661 13762 4799 3327 15674 27206 21153 29446 25967 24527 3078 14392 29741 17504 7882 11166 31878 16954 29880 28828 18546 10267 28928 9305 12691 13777 22187 28293 21073 27278 26614 16644 11703 27382 26722 10653 28846 9945 8743 15198 25536 14412 21885 29430 23017 21603 9577 19898 25259 18518 15348 7250 30662 11555 28634 29097 8518 24263 16654 19181 15609 24143 27895 10874 21965 2656 16539 7709 11182 22717 6534 7455 4563 25803 20948 29781 5919 9056 3477 18658 23044 9416 32737 11592 25052 27845 2107 8686 20818 32367 4945 6454 10376 7106 32546 13317 17527 29712 29017 23441 26338 19227 266 21978 1325 4907 12594 388 10581 11955 3629 19103 22254 1546 15679 13814 11442 29221 10727 23435 25313 18469 15740 25846 16261 2316 31340 6594 5107 6200 21260 32718 12423 17805 9778 14580 29428 19167 28666 18205 16567 25567 13292 14334 9181 20358 3966 26671 30125 9195 27502 7862 4032 24510 8609 4039 2013 9276 28875 4291 2577 14001 19489 32245 18555 14548 6895 4140 16477 3522 15452 1867 23028 15160 3688 17314 14035 7672 10467 18569 4785 29431 10671 2586 13733 24457 14936 15656 28017 10989 19877 20980 19688 31303 13292 6202 24104 9812 4814 13501 14665 18235 23012 24437 9784 19105 22301 27047 11524 21869 27253 15932 29790 18890 25522 30744 11999 21667 9721 12154 11724 5623 1764 28710 14491 31099 31147 31147 18126 10018 27725 14590 17910 25279 18704 26586 22406 2276 3036 31228 30809 1316 18898 28195 10457 29426 8362 6021 1219 822 29025 14081 15470 3798 8477 1825 142 3668 24277 11219 9390 1243 20652 17976 10303 2460 29980 28923 19248 29047 8245 21365 18639 13065 1299 32115 786 6580 4017 26638 13353 29080 12272 11858 9770 5690 18054 21116 30040 26165 7916 30264 20767 18292 27298 25604 110 7792 14769 
11753 24560 31185 11623 9181 24832 21129 23529 1973 6298 27147 16473 2521 18427 23669 5418 18520 21406 18480 30677 6048 22575 31394 18238 4172 10059 3380 5247 10352 25993 333 26119 30327 13221 20493 21666 16734 20506 27664 14631 1253 11445 7232 22565 14204 1888 26307 23123 13214 31453 25387 19093 22614 20180 1354 3059 31983 10651 5890 21378 22148 22861 31425 29677 29337 20987 17458 22485 25911 18839 30743 19640 13988 10753 25066 29130 22537 20807 21904 18243 6314 23210 21231 19428 8753 11947 7199 14430 9006 23174 14967 29391 24517 15184 29534 5576 25062 13261 1839 26574 25660 19182 20649 4968 27618 15591 10762 4589 8001 16912 31524 7892 23085 19754 25717 24956 12496 3858 10648 11426 31661 1961 3745 8440 2329 8404 19778 20810 1790 15691 18506 5974 8304 9821 3260 25004 14321 2933 11579 15720 19379 7706 30832 8938 31352 12484 3194 12253 28340 22751 20655 25994 8356 17761 3306 27512 29358 30653 19377 10387 7650 22267 28427 14536 14565 29988 23332 10178 25684 8518 21681 12782 5208 15195 19760 31964 15357 10282 544 9010 18723 10560 18485 16631 24370 21113 9985 25004 1589 21643 9428 27158 14612 13080 27452 26499 20873 7427 23748 16585 21795 9490 1265 17376 11551 31298 16866 30279 17632 4506 27833 18978 15052 11913 31705 23740 14976 508 19654 24185 16514 23856 2122 19485 15181 26526 5405 1832 19418 6852 19561 23166 4453 13391 27947 20655 18187 5016 18020 2488 7206 22514 8859 1956 6672 13656 3854 17172 31707 6627 6589 28869 20342 3983 557 27311 11428 31327 21028 10709 16897 22392 23988 21656 3621 4491 12670 5834 25442 17202 4549 31374 27417 11432 9919 29110 17098 11530 32127 7168 4869 10828 23736 4633 30713 3815 9506 3306 974 5275 7632 31340 24862 24859 373 12377 17829 16768 22059 7132 27977 12210 24346 3283 22661 29344 32751 7409 13749 13997 727 21808 28752 2240 3733 26872 15058 6632 1235 26491 26444 31402 28270 432 20573 6010 3454 8422 31878 28777 13003 25153 28862 6723 30477 23312 17797 21506 318 30873 3794 22780 24514 18227 31358 6601 305 11316 32721 24312 6792 2883 17711 22605 9204 23868 29726 20575 13642 6727 6013 1716 28048 26684 30415 21404 17263 9791 6444 3406 27765 20614 20176 5732 1223 5154 2541 20 32077 15452 20015 30324 14072 121 6583 11137 25441 2997 12990 19690 5793 13606 25071 24200 13853 7767 1283 7642 21969 1604 
28993 32100 10756 12110 28523 23334 10513 23666 30353 19881 14885 5134 28730 11263 25616 17740 5535 608 19956 18868 19091 5196 8800 23146 14982 4896 31285 30898 17502 16314 18784 21910 19555 16957 10034 27703 13495 20696 20527 22012 19137 26899 13458 22643 30070 9244 28503 10617 19479 18348 20797 7709 30054 17910 26081 12484 25610 15292 19482 21925 28099 21865 24466 30434 18901 5180 9304 18276 20908 12658 1241 6024 9697 17356 31324 22777 31391 12585 22179 10570 16138 3724 3522 6755 13257 17677 24284 1565 4016 26829 12485 4718 26732 7714 30348 8734 27727 19418 15962 17427 6731 22067 10530 25239 4556 26553 19023 2210 8136 7561 7748 10204 26638 12441 22931 15903 20949 4709 9947 8346 4751 10727 15366 29862 3636 8338 11990 26436 5048 22469 22731 4038 9224 972 11280 25537 29399 8964 31028 4802 7861 16021 16681 1944 22717 21862 6935 16120 21713 23490 6539 23343 23581 7764 22494 1293 4663 11343 4483 19026 31430 25539 18696 3360 16391 21074 30592 14213 1047 15464 8824 14730 6619 4666 18570 12761 1652 6114 24426 9322 5882 19187 24055 20468 24264 14948 9027 29486 19294 10030 15616 8077 14470 987 16909 32579 11385 8738 22720 12500 26736 32235 1283 26635 29896 24448 8924 22333 28539 25388 4382 23298 7390 20670 15929 1341 28845 23077 15632 25693 19102 24340 5482 25957 14229 29708 23884 821 2670 15292 28238 10014 31552 20459 16906 15244 15903 23370 3303 30370 15974 24211 13587 25327 4674 20105 31506 17440 9833 28267 11402 20521 19128 13571 20173 26956 3546 6117 8807 23725 24685 32067 29860 12280 10250 1350 7853 25762 19683 26729 542 10625 21951 28961 24704 4225 17182 27963 31958 19138 13777 24616 16087 5752 114 21602 15472 7319 20855 29009 32187 18266 13965 14652 5978 13226 23915 3167 30088 27500 675 12447 11736 422 20166 2684 17143 29447 16965 24615 19942 17660 27862 7956 4916 30283 7551 28355 26946 6748 21727 20156 12801 28939 18587 1907 10390 27240 26671 27982 7712 3114 3475 30525 3241 31518 16474 7989 6370 23527 5398 21827 2869 14019 1596 21258 3578 12802 14936 31244 26306 26309 20567 22937 2729 14647 14511 15576 11871 32599 16481 877 4689 2970 8576 14142 30706 7091 18995 24736 5253 18409 18699 30859 25901 890 27150 12506 7481 24066 13379 1746 31623 25468 21332 6451 12443 21981 12446 29007 19232 27735 10427 19385 22959 20123 25866 14199 25556 5065 
14629 29231 19181 14824 10267 22231 11869 18578 18674 1357 8037 25755 6029 4031 15379 6255 17577 21270 2942 15720 29688 31748 19995 9676 22400 9242 8055 714 12692 18167 16877 17950 2044 23631 17679 5167 8258 12895 24642 16742 23319 29296 22271 15785 23699 20569 23972 5335 20848 24570 11392 12751 15433 9129 1345 4109 30130 19268 21720 24358 1803 8255 18648 20869 14448 26308 31338 13667 14002 10709 12122 28659 30719 10219 5785 636 19363 9636 14039 12441 17978 486 1912 1927 26893 2873 18238 8422 18970 27805 5545 7622 2751 11626 20574 16048 123 28792 27835 541 4335 19350 10005 32305 4964 24703 13783 30023 17673 2781 1403 25718 3629 18632 24403 7050 15585 5340 10655 11244 23409 12649 12155 30244 8102 16832 11575 19529 16580 23690 2786 18200 15892 26690 19296 4601 9891 32561 12935 22615 5930 6562 9497 17393 8182 14423 27756 27976 1171 3365 4194 5225 28390 8464 15314 17491 8320 21603 13750 23129 27298 23050 4039 5873 12571 24509 18319 31006 10080 25103 14393 30487 15000 7173 7352 16352 31914 32555 20751 30142 32629 17075 28945 24433 12202 21800 3846 633 1285 25413 27768 22074 18491 8657 24047 2393 9116 15347 29737 11128 9345 31246 9256 28378 2187 1606 13278 16464 28231 32553 5813 308 7403 11717 2620 9068 13671 4105 28788 4691 26642 4793 15328 21159 15946 16397 11420 29923 19124 12867 8095 7808 12074 6349 8647 3252 14574 3992 6856 3048 11338 4265 28245 11776 25850 10093 17274 14918 9122 23110 15492 21292 3930 2823 30830 9641 26794 12711 7629 31804 31225 28841 26667 29163 26924 23619 11853 23686 1564 16342 19274 28791 32359 17473 11383 25107 11599 6508 13181 16845 11037 22147 24741 10860 29687 11605 14718 1964 8919 25618 8012 27483 15106 29239 31568 32670 13968 7406 5213 18799 20129 21704 3903 31236 31903 24823 31648 26193 25604 29407 12039 6845 29133 4505 14231 12665 565 27746 12113 15920 17781 8082 18327 21689 5891 27210 30115 8560 18037 21683 30111 7134 3610 12957 18084 3209 19709 23976 29770 29038 11387 29812 20606 3817 6440 30228 24755 1745 28037 9443 20025 17078 4558 23959 16175 4720 26075 19385 23016 5476 19424 22199 1284 2139 14863 30512 227 26085 30459 18421 24280 11832 449 30534 11313 16840 4907 21718 1193 5640 6017 13659 874 9794 29147 3562 4262 5237 29507 9090 1467 3253 7590 19103 27916 27619 1627 18549 9946 2946 
23495 32367 911 27180 16825 22359 29776 13638 16766 13597 20251 13159 6520 8350 22813 31101 28601 4252 14389 21792 28613 10950 17031 12752 1230 2060 23970 19602 13976 12045 2611 9174 584 13822 7296 21429 2215 1471 19878 30605 6020 13748 24865 29162 23831 6434 4011 3296 31398 3676 3152 6008 9738 9634 25614 19628 24332 20704 13055 548 7857 10768 30359 18080 5497 17114 24803 2687 3076 5585 11103 4937 5885 3832 12931 9174 25648 20385 32020 10551 26571 13118 16614 16599 6467 19998 1362 26111 3036 29203 2339 6179 29796 1505 25869 22896 31098 28796 22397 18312 32718 8679 20419 7018 15421 31864 25019 32680 30533 14660 13989 32661 12639 9273 28325 30589 16260 2744 667 22475 26365 18641 24281 26911 27448 28278 10883 15689 26549 23877 26363 4055 26664 2064 24705 26669 14471 12831 4577 21916 2636 24325 27433 16347 30457 312 15288 9095 345 29473 13147 4472 11520 24598 4833 1474 16486 23602 657 6838 23194 28463 24840 17613 17933 3243 441 9226 3442 10590 17893 11476 9811 17203 20592 10768 25074 14734 23242 22616 9720 17358 32529 5347 3027 20464 23138 32633 7156 5601 9220 20943 11225 5843 25726 297 29582 1307 29457 11671 23441 18750 19352 13413 31642 26852 30620 8883 26138 14949 18288 17358 14084 32448 27600 6023 24117 29155 18278 32306 10736 14492 6572 30317 9790 18593 11801 15149 21462 25169 30550 18210 8373 13264 17934 3942 3052 10241 19460 24687 13392 17474 14940 22279 22159 24150 17729 18966 10369 19537 840 25220 6560 18005 32594 12545 14248 9280 14887 31406 3910 31246 12949 32605 32745 13205 20221 10178 3051 19344 13045 5825 23426 30787 29426 9720 19906 6358 31228 20999 22649 26634 31096 21522 19165 26965 3391 4344 16478 7173 14232 10190 30609 8181 22396 26063 8787 13701 28138 1218 27059 11754 26141 1257 14283 32409 7872 23353 25649 8992 41 4798 2734 12696 10190 14885 4295 23044 31054 7868 26265 706 6851 24888 13254 17287 11422 18276 28558 6979 31313 28882 14225 8980 7836 26396 19816 25115 20765 31745 10185 10364 14619 29795 15142 22475 22684 11964 26478 28569 3196 3272 21532 30909 29280 16565 7208 21835 22280 8898 20933 29067 31967 29849 28327 6812 4796 10814 18858 18573 29900 24366 23518 14178 10882 11063 22521 7021 217 18736 28517 5264 28289 25438 29477 29644 7520 14185 4038 30347 16148 32246 11964 18539 30321 10062 9037 5851 15089 1497 
16611 31008 13112 13653 13927 4709 16736 31335 13940 27928 13291 5871 25642 27248 22126 16749 27475 24274 17787 5363 5734 32303 12247 16234 3343 8906 531 26709 15975 29798 27942 21653 2012 32659 11873 13462 6279 1871 24687 13838 7841 14746 30618 22103 13560 21233 18233 23808 18528 18624 15648 21619 7220 12987 29430 7318 5666 20187 6121 14008 11919 5502 2412 25634 25220 559 16601 27253 19280 32306 25755 16260 1238 7124 21302 31762 18526 592 24325 25027 29658 24350 27751 2613 3062 31922 28999 10935 11069 23880 22096 13164 6293 23804 30500 2249 9724 14032 32386 26396 11675 28790 31842 5422 17417 12347 24701 2588 14393 8162 8347 13135 805 29352 5561 18297 24849 27877 12176 4123 12184 6791 7491 13718 5981 5673 23868 2737 12749 16019 9096 11537 16526 31980 23728 12565 28456 19259 6606 25933 12856 20216 17672 61 7266 28630 4951 7966 20019 29628 8891 5709 5298 31896 8189 16690 11921 18448 15168 12678 4244 30474 13694 24793 20453 1104 19335 25127 20013 27460 9799 13101 26861 23738 4611 12337 31606 5123 13856 30439 177 7635 3836 30761 3161 2246 24780 16453 23649 24937 21028 21200 18030 19454 4945 21854 18542 28201 25530 30907 30994 11247 31828 3587 8362 11498 5733 29870 6200 9795 3903 19012 28755 5944 23313 808 27778 16060 30739 30610 17456 23667 22518 1598 7642 20342 26618 4361 10669 17385 2684 14650 12918 26810 29978 25264 14470 27418 29363 27755 23751 25322 26889 8082 16343 11495 5124 10881 3599 28587 12850 4551 16464 1613 24983 4480 26370 21143 19065 13957 29276 21509 1581 25078 15691 6105 26216 11803 15482 32351 8086 26315 15259 13826 4812 9144 11954 26295 31191 31206 6518 10773 27484 16578 22556 20936 30495 17846 11160 6416 4113 7074 25452 14640 3079 18571 4423 25701 8549 18555 21898 23189 886 9791 18671 5014 17560 28059 4172 17596 27941 19628 15042 22469 13050 9505 30560 16984 3341 30232 31515 17431 22855 9211 31724 12705 21914 3886 7276 29369 18293 14910 20413 8886 19432 25627 14395 27958 11212 22783 32606 27090 26683 10148 1856 22769 6138 9302 19961 17653 14228 31651 17654 25626 26567 28609 21424 16791 18844 20411 20474 22735 31124 13623 4410 21151 18318 29896 24738 26012 2717 6926 28556 28770 24604 17690 13472 20712 2440 25906 27877 7174 3462 26952 26271 27375 11880 3943 1811 7224 948 21158 32241 14199 6783 3331 25977 401 22048 13166 
9589 29058 3460 29974 17564 5699 19942 18969 12846 10184 7761 9821 7921 29120 24293 16151 11369 28588 18965 28767 389 3292 31560 10128 3502 8992 6103 19668 22186 29167 14515 15552 7449 6248 32072 21161 10339 13665 10284 26995 32715 1094 23826 31486 28968 7813 29384 1376 26648 21853 9838 9474 16354 9785 18909 25433 20702 10677 16565 28087 18599 3327 5852 10654 8320 22874 29044 3531 6725 6052 6768 12998 15280 15258 20346 16580 10674 9341 5316 29535 7470 16630 22644 18904 17233 16580 16492 30018 23711 24376 4189 18555 20192 5691 13383 32217 19931 3096 22270 10051 17050 375 6047 6289 14034 9674 27674 25808 17634 22654 26239 29646 8936 22273 2414 1054 13510 14518 14820 5841 4102 22557 14550 28500 17573 18745 3941 15956 30724 20193 17395 19495 23712 28050 11571 30185 11944 24282 32228 11250 12621 31622 162 3380 24423 32660 31299 23415 3949 12456 31281 22813 18733 24304 9807 29247 14493 15449 24673 4072 19178 13324 591 31754 5373 28677 24788 14015 26658 6301 21753 29606 31733 24792 24098 23450 8191 24884 7200 10852 5573 27976 14627 18698 22450 25515 26967 17076 17264 27223 25715 12739 15637 21130 10955 10450 9903 1464 1391 4187 14386 4817 10204 10877 7963 9139 15267 13704 25858 12813 9046 1086 18965 3931 18589 8631 8027 24645 28033 26683 18206 31392 19488 30901 32061 13590 16848 16895 21855 23325 14461 8249 26989 884 30847 28807 13142 14629 23620 6124 30416 6134 30865 18305 19515 27374 19304 10923 21455 3298 17200 20270 26052 754 8681 31713 7530 30419 22219 20503 11182 8926 17434 19382 11199 5798 27468 10926 26181 23202 24868 12511 19575 2450 17007 24525 26468 22479 32378 3135 13722 6617 15920 31843 19857 9508 30223 31879 10427 24517 14408 31151 16049 6345 9819 14336 32188 27082 2971 19380 1327 23753 12393 21712 13476 562 25472 8759 32123 14665 18828 20226 28325 1869 4415 22227 9534 27688 8056 23060 19083 19564 24266 32731 19624 22307 13001 15399 22082 5750 8181 31108 18269 15798 17466 24193 22541 12624 29668 19542 27947 25522 20007 24898 17484 6013 23092 20898 339 12574 28263 22772 6700 30556 26682 32071 845 9517 12948 2122 28408 6354 10199 7818 27215 21088 5260 16358 10469 5809 626 24692 27940 7575 18259 22464 15766 12836 26410 27135 3585 19868 13252 13971 20241 5837 6700 25564 32094 22230 17797 1420 22304 14969 23305 6202 15874 8698 5741 6509 
31373 24714 18468 29533 25743 15177 29930 23518 1714 271 9468 31775 12713 12828 7157 27921 10308 23684 306 4372 9344 4473 22376 23954 20340 24840 21540 31624 29173 15994 4445 29243 3045 2368 14947 30318 29451 31877 14903 4453 12538 22065 4905 21317 4378 4337 3130 18239 13909 7612 2594 7924 3286 8301 14908 12110 32110 20277 899 9087 18299 1876 4210 7560 9803 10925 5731 17037 12976 1939 29361 27645 28497 8178 2958 22091 28261 20966 26269 29191 6636 24760 3969 9623 19766 19479 14996 10826 29302 11008 22047 26688 565 25872 28821 18397 11246 23073 15403 24980 5848 17 13669 1785 24758 20051 17350 18500 10465 11484 2615 5721 18565 22617 25924 26073 16721 247 19119 25809 4180 5371 19186 9034 23314 13442 19260 8152 22395 27328 20885 21823 30360 18999 22799 27918 16601 1147 7189 5063 11120 10072 1625 7068 1458 27082 12394 16073 27221 4206 30182 21865 29711 25234 15014 15565 16714 16896 24275 6816 27884 18339 9421 26646 21719 8044 2726 1409 30837 9907 3181 31221 31054 20335 10999 24936 9534 21602 19352 5826 27518 12872 29631 30195 25685 13913 24387 15636 20746 11632 3809 22805 805 565 19287 9853 6584 22912 709 17527 27944 23551 18259 20648 28351 20494 25683 11951 9822 19142 31167 31484 10044 2449 22381 11143 14139 20399 11353 12136 16439 14039 8024 9718 16632 8748 26186 29950 7947 6822 24501 27309 24294 14494 29040 31902 23546 19647 12837 23989 14002 19462 26998 22056 28541 16227 25694 23889 1104 31155 3851 15637 23929 12214 5590 23703 4777 27874 2981 9526 20939 7974 15694 29198 26516 22561 18358 13672 21169 14430 29527 14484 16967 1564 22790 25269 14032 28088 2425 5710 15639 3101 27519 15308 14026 1952 28700 1296 19720 1189 1884 27246 24609 8071 7983 21335 15801 3566 20458 12128 28836 27943 2992 10677 20344 26637 14343 4157 11810 210 11870 13703 22408 21226 28297 5500 22595 13914 19695 20866 29516 12410 1705 15286 27420 28044 13219 28384 5543 2300 28514 22675 18909 28022 10105 1971 22594 22762 12012 17208 27758 9702 3305 17568 16452 18721 16881 18102 27666 263 29335 31158 24727 13139 6114 14123 21448 24092 7491 18211 29400 11031 2247 12255 6549 3549 29468 27435 12255 9603 14157 18226 1223 9069 32158 5022 28001 15130 12939 3705 14498 20133 29236 11145 31141 6915 7786 24278 15916 9331 2207 21427 9143 13408 26299 24355 9434 8185 9138 11456 
16442 30079 11886 433 20094 10002 28431 1195 1898 3387 4662 10731 172 30809 8725 9191 10906 597 13771 7142 1599 22689 19383 23185 14078 13510 12663 6110 905 16088 22054 13508 11931 12886 14357 8677 7622 21092 178 29006 29921 9251 1485 15243 1371 9137 18382 22544 10538 8936 28183 29864 1962 26872 3000 8325 24840 28035 8532 5418 27954 3102 32213 16636 6646 23166 23735 19382 27327 6641 13168 11142 29899 20778 26986 4521 26839 27940 2036 32106 2177 11509 29603 26408 8602 8655 27026 13467 24283 24924 32545 6980 2663 32516 5056 7969 7066 22739 18633 23271 30244 20350 17073 570 4557 30852 16609 13244 9821 10969 8608 18688 746 15358 20355 13661 10460 4830 1291 21959 954 24155 9274 25637 9428 3066 4825 11299 32363 12910 22626 19550 21732 32036 20244 29299 2452 20429 30185 28445 30840 12251 3427 13510 23952 20121 8421 24379 31767 13339 11474 4689 22699 16286 23621 30921 18001 26882 2714 187 8797 19833 10597 5867 18253 14888 31586 30515 11016 15817 32365 9741 31148 30418 23451 25061 15405 20803 17179 19485 10200 22777 16006 12060 23929 31279 8606 26424 22757 13585 21059 13392 12912 5471 16492 25194 22992 30958 6670 28957 2260 6353 30727 11670 10852 3914 13476 21986 26837 17965 977 2020 25353 2460 20731 18468 30681 26011 819 6687 32020 4558 8441 419 20667 2632 13458 5713 3390 17875 15816 6407 1831 27713 1773 17221 31972 3655 1076 2646 23383 2746 3677 5762 18096 12030 12798 31142 18279 15563 11554 11380 26166 32526 17641 29914 16102 18185 17939 21200 17214 23997 10906 29503 27291 20713 13228 9511 13115 11935 15416 32390 32117 7423 12862 26994 23153 26903 7677 22289 14326 28084 28718 3127 29047 22416 18516 30309 11675 31322 15895 4490 24957 20726 11571 6586 7387 2251 6418 28708 2255 25391 6668 5420 6867 28585 19 8793 18654 5187 17819 13384 4299 6745 1136 14869 12807 22687 30478 16559 6784 8622 10553 32687 7473 8451 25114 14099 484 1505 27558 14978 30722 21431 19917 22226 19594 20789 20324 10958 23687 1746 26651 20853 20462 23302 28013 25373 28443 2263 10202 5220 14020 21835 20452 26855 16688 13983 17931 4224 11759 5973 15602 18656 2170 11048 1118 4970 27532 22130 32230 16247 21203 30670 23183 2618 1624 1445 7863 14492 13893 27118 30120 11329 29911 2848 8768 18603 1010 11127 29827 21841 11153 9514 12084 14548 30638 1321 16885 11128 
27544 21201 26563 28310 11375 19420 7952 16001 14907 23565 2496 463 32033 5613 18068 4572 16304 18001 22739 4060 19350 26778 12866 3569 18807 26476 17656 1733 29289 19985 23661 1326 17503 15789 22910 23991 12010 20729 3376 17128 5329 23107 29554 19243 14831 12637 32602 31181 31288 17086 30613 15086 28339 1991 30813 20808 2829 27160 7558 4350 16402 24489 31380 32133 17585 30125 52 32722 7566 14897 22011 28459 1580 1244 14651 14982 5155 5113 18342 4057 16392 5152 17659 5405 31843 25445 2346 15773 23361 14168 2039 24174 32645 14850 6451 14953 31623 9718 6066 24605 30056 10495 27505 3870 12627 10390 8466 5478 2001 16927 22540 11398 13436 30555 32628 15104 5952 31672 11651 20543 18195 22452 4189 14202 6232 5568 1075 24228 264 15357 409 6248 17475 14187 27622 31442 4418 3722 26474 2903 23795 17493 7616 19317 9879 16692 2859 2136 18460 17323 9112 13406 18013 16909 27859 30504 20001 13003 27712 13481 14022 10981 21038 20123 24999 10086 29176 18386 17814 1083 10865 23530 9774 30687 2771 20127 4862 31999 9429 3303 30710 27634 25771 12065 22657 8363 8238 23214 3740 28770 22942 3933 11472 13008 29775 32084 29254 6670 18609 7555 28959 23258 17946 8351 1472 909 23030 13860 29860 26809 18235 21699 32274 6241 27284 17052 8533 10701 113 29937 22548 1962 31457 6312 9568 4884 26257 14553 7545 16386 14452 6690 7304 22899 27434 13597 28223 27334 31114 29267 9236 16541 29622 12205 23189 14531 19658 15329 861 5054 9526 2840 29749 17399 24563 5108 17060 1107 4810 20966 19147 25978 1454 17946 6583 13527 3379 8367 22392 12584 12965 17147 4895 10889 14216 2430 22702 1434 5194 21451 7496 21439 10913 13085 5774 21834 4881 2987 16987 19412 15191 23184 22517 2493 1106 11403 18395 30202 7863 3505 19832 21295 26577 18588 19372 9317 18938 2098 23086 6307 4014 7453 25242 14307 30139 8298 27879 10210 21704 4652 13214 26160 13461 4612 29019 13410 9054 27633 18019 30312 15912 25218 27723 6702 9069 6831 10172 32635 1933 21451 14235 23335 23401 9472 25640 15324 31901 29845 19792 16076 18733 31270 11137 436 21259 20105 20626 4749 27970 678 19421 14260 15073 11001 26436 5124 4817 18139 21318 2955 17284 4410 23897 28759 17310 15538 20565 19459 15440 15579 23887 19050 10158 4899 7071 31374 14825 22655 22312 27153 1220 20298 1349 27251 10433 1358 729 1621 27195 18779 
27761 23127 29936 22308 25523 9759 14049 14136 21721 20938 6082 16034 10032 498 4587 5030 21753 16102 7403 17346 4428 2876 6779 1444 3536 19160 18933 12257 4192 18022 2965 16623 29394 31391 26459 5264 31481 16629 31820 10775 2257 3505 26172 28767 7168 19657 28510 25968 1676 11065 28079 3233 21066 19680 9371 350 5061 22285 16174 13205 26519 4359 9425 20078 7799 19708 9261 23336 19434 4309 30681 566 5659 10585 24085 22377 17522 18262 4313 11477 5728 19650 27610 4495 7670 868 32735 6601 4200 29267 18649 10051 26815 20233 12243 17404 1363 15840 22208 25800 6539 19499 18941 29047 21025 23404 5453 31662 26945 15635 10113 10830 18373 21970 22972 6759 10343 28395 25908 4213 18125 7736 30829 14552 19389 1832 14365 31129 13637 15863 11804 16675 11846 9797 8605 17117 10618 29539 21436 4421 11314 22664 1319 28994 29558 14511 23119 14281 2380 11740 18920 8432 24267 24468 11845 28403 18536 10056 30807 32194 10617 3997 7330 10917 5626 22894 17875 12775 3109 9628 12666 30924 31155 6094 12138 14212 17488 26729 23292 8313 2072 12289 25495 8765 5226 6863 26814 8941 3801 30639 12646 24196 9006 9761 3595 27671 10993 20633 24204 25914 10594 16626 4329 26574 20780 7893 24220 3692 4437 15396 28722 1389 368 8950 9739 15605 7076 29497 14148 31568 27221 24105 28992 27798 26628 28595 28729 7712 8292 26660 28019 10526 12027 26838 18534 23332 21682 10599 12700 6817 7358 6727 22506 21219 11303 828 14135 4688 289 8360 3227 335 18962 24448 7202 1970 23042 24487 16017 19164 15618 14929 245 13624 13782 11001 10937 25278 26455 14172 9573 29918 24048 9976 24035 11161 12836 18915 26569 14398 17921 23485 3934 19018 881 1000 5655 4987 12430 17754 9218 12803 27601 23301 29875 14473 18789 8331 22019 18248 31710 31236 5493 6020 11885 4489 28597 3487 22235 21711 18297 137 31606 14954 477 2992 3573 19497 6992 19867 8025 1965 2851 4653 5325 25406 25305 6231 27263 20513 13393 27161 19150 6488 7881 31955 27386 32321 7344 8279 11933 12678 21800 14368 20114 20719 14420 17300 31363 14575 17283 5708 6559 8589 16258 8309 8985 14812 15562 24014 5715 18675 15932 24820 19194 25774 29954 17132 20720 30710 23564 5271 30030 4659 22149 6243 26928 16244 1331 30349 31024 15670 1577 30195 27542 14146 6295 19163 17539 28459 25857 25484 2293 24613 17071 24361 10011 5782 16368 27550 
16252 7051 29997 28818 15377 19359 13765 12397 20395 9653 18668 3902 3176 3080 23805 26738 18750 11637 25276 10500 1658 27388 28408 22204 15923 11485 6815 22120 2589 12699 15574 19642 606 21255 30155 31149 13226 12007 31077 24117 13749 962 8740 15112 5404 2484 15622 7673 484 6599 4899 15398 16312 9051 11921 850 32536 28937 22768 8387 26395 28912 17310 11752 11314 21972 14346 22758 4780 15255 22080 4782 29798 8999 11234 2422 1331 25935 19008 24024 28288 5893 1267 6100 6723 30575 11938 20240 1926 2087 21373 11908 9648 20754 7015 14897 3308 28644 2615 6406 17577 12714 2867 16271 28708 3250 1241 18426 9626 31534 5134 8446 31809 7627 24234 24409 2999 27015 9543 27723 13389 30605 27212 26907 24516 23925 14015 5978 19065 30579 23256 1161 29041 27134 7088 1995 28562 13350 1566 9118 10439 26803 16884 26462 16923 11455 15355 21158 9731 19265 17809 7566 18709 31594 18262 11876 7228 13655 9388 24737 26184 27595 25648 28880 11210 13275 6033 16998 22596 23204 10470 5097 18841 27932 6249 15151 15130 3842 767 17636 4667 1899 24835 27457 21075 7516 27382 7837 8930 5609 6494 27958 22783 2399 4650 10671 26181 2397 8098 11056 11735 29916 21244 2862 23782 20089 18 21172 21793 28191 9930 16371 12613 10709 9076 6977 18309 16138 24660 1681 17360 22183 1643 9246 8500 23492 29814 27194 1865 652 8916 4926 12509 24086 23593 20186 9936 13899 13093 30327 6530 10059 21729 12346 10974 24785 19056 24445 29179 10585 18396 9616 32421 9956 18997 15073 17466 6703 22339 14954 3762 23550 2542 24838 11816 17482 21453 23293 10004 10507 28560 1417 10978 23287 23037 28310 21218 30972 21852 16821 22699 16670 11511 26016 24263 27755 24225 13398 4908 32494 16050 14327 19963 31667 9700 10070 533 29485 23973 25342 14507 4192 19192 30211 15829 1111 22673 29018 15890 3510 18731 6232 9130 23556 15010 10603 5727 4662 23901 19790 343 10526 24981 9327 29627 9885 5672 10742 13879 8952 27471 8588 2676 10453 21534 299 25239 5798 10222 25767 24253 27059 15875 18617 17608 26851 22609 15156 5171 13856 25133 20650 5762 6343 12452 18438 4806 15669 29556 20464 18281 159 10250 28832 22884 4981 32413 15622 18827 476 1882 8063 27554 2945 23287 32424 7324 28306 26098 10875 18159 13881 12303 1126 515 12529 3442 23478 19446 15398 29355 21271 22744 11650 6167 17685 18755 2069 18375 14430 
17296 22369 28312 30080 23738 27141 30692 24624 24059 30262 20312 2999 2130 7776 27522 146 15931 15390 828 20456 26846 27333 4639 12309 9700 5434 10570 19668 1982 19335 8466 23071 32639 25238 3831 20092 20087 14205 18221 23422 14251 22502 7364 9967 23988 14342 24941 27595 5447 26983 27986 7164 4139 25614 14095 32203 18242 17330 29010 14507 2202 29747 20136 20530 21614 28297 8692 19536 4513 3096 26047 12363 19144 1266 11807 19986 19771 16688 14152 758 22131 3152 1525 4596 18759 17948 14981 19613 25649 1909 21998 2675 19201 21926 6462 6182 18734 24351 28993 30378 31997 14238 14517 31076 11125 1562 12682 20668 6535 8517 14943 5968 13290 1077 28650 844 31154 5373 22675 6166 11217 7142 7 24124 15183 5963 5982 5768 27796 27742 11564 25238 3575 5887 19409 3374 20167 13447 1662 32357 15824 22766 7818 28939 21894 6962 28617 28499 3179 32244 5197 30602 3272 7885 22115 8113 30604 30850 32657 24753 30866 11089 31044 9015 436 638 3367 6414 27182 6966 24346 28012 23142 28828 19122 30788 17405 1745 5961 6067 2149 14219 25567 5301 1015 31630 900 21007 8830 15769 25823 26475 636 21319 19122 30539 15602 13456 8301 31244 27433 23675 10744 25286 6437 15695 11123 14831 31889 23947 17775 11610 1699 6997 19765 29069 28496 14615 17952 6338 10039 20090 21579 22175 16901 18460 14041 22293 531 26687 8837 32372 5060 7486 15387 691 26085 28028 908 30473 8979 9728 18719 20106 5604 25682 814 18667 21380 8081 32055 19822 20584 22469 1522 32690 7972 20572 23853 31846 19915 14424 28615 7716 9218 10126 15168 24574 18595 15042 11909 14842 29201 19281 14014 26208 23067 3435 8884 14594 19505 29458 9804 4456 2248 15983 19999 22858 3069 1295 892 29271 11314 29327 1151 2962 29892 31250 31611 14636 19907 16063 1374 18290 6120 14328 21953 26894 21751 22654 30631 11031 699 21219 32111 23101 25989 9330 20618 27879 32143 12803 1091 24909 8438 18519 22096 23663 24528 19534 21043 21267 29886 26610 21445 1714 1064 32024 48 20513 10209 2670 23868 29739 31489 27417 22724 2260 13612 2551 29317 4418 28162 14080 14028 24246 10759 6528 32751 26439 4031 17335 24880 8396 29344 12733 397 15019 11871 8655 276 22758 30281 28342 17142 22217 16856 29320 19200 32542 8658 4215 11431 25495 20859 9286 21781 16064 27268 4635 21444 22604 260 20228 15267 11555 6206 14417 28951 19795 
13540 4558 7249 13384 18434 6474 30109 18758 183 27296 28508 26818 4693 21643 23581 3902 29151 7174 10337 7024 27044 18886 16343 29586 4469 24972 14764 27826 1614 24323 11310 18010 6585 29572 24584 20139 32658 27333 1260 6407 7908 6771 28505 16104 23333 27819 30469 632 27684 28598 14734 6539 28725 1487 26125 32391 17757 17533 6587 11002 24296 32205 30687 15695 17087 4708 30538 3028 24664 31510 14965 25277 16170 29788 13199 3175 577 11733 23083 12006 27382 26013 16925 26993 13881 4939 9466 7798 31046 20603 1788 13924 758 21832 29944 17715 7503 20993 5130 25110 26814 655 16214 90 1165 13003 5932 15345 12619 7773 23865 29984 27427 20928 11548 26975 32560 2197 3075 23356 5008 1133 26457 4817 23670 20691 31493 15224 19755 30792 20297 23591 15006 8495 5474 22604 807 12648 13358 19934 32571 1092 11072 20041 22780 28716 6854 21090 32526 11614 1953 6190 12327 12583 3997 5147 21027 1703 2635 5843 5362 18908 26288 10105 513 23616 32505 2100 21769 7083 26562 17086 18021 16490 17093 12212 30855 21476 8285 11470 20313 9903 5520 28841 25134 5895 342 22313 27464 19077 25850 23528 30503 10580 30874 9991 20392 26082 20691 13751 17946 26357 28363 19938 15426 24179 13362 12048 31049 19897 27827 8449 3631 10856 17168 5637 13715 21015 15503 29080 27846 22547 14406 7122 31416 564 23184 30691 17795 3740 11203 32717 11999 12336 24075 8074 16771 4702 22267 19642 7802 29466 7140 30109 5721 21845 1358 27534 9449 11972 23594 11037 21780 16552 27339 20608 612 26683 3794 18971 31834 1907 28618 8693 17603 4228 32274 19047 13086 13649 4960 5467 30225 28865 27241 6305 26641 7594 19240 2858 27343 11212 12298 31918 5238 18641 12902 8040 13197 17321 19341 14235 27758 27740 24043 16771 11813 12180 22793 690 4158 14200 18974 10949 5664 15626 26199 31339 628 13510 28234 29334 7464 29150 1647 24102 14252 77 14396 8950 6880 28886 6857 16590 25547 15232 6263 14824 30668 8767 31497 8566 17830 20715 32296 16324 2833 8357 23922 13262 9266 3918 27017 25231 14578 5526 11968 19419 10847 10950 30027 24766 24489 29927 27137 13123 29636 13384 20970 23723 22098 17772 18392 12993 5801 6356 1715 24507 6235 29409 3351 19285 12396 14889 15191 12524 19155 10058 28225 5363 31674 10015 10841 13162 20965 12438 8579 28012 28329 15371 14715 671 22308 13986 13127 21329 6796 20914 12120 11878 
1099 14151 32535 26669 22499 16167 3471 4633 1230 20819 4880 3879 12240 22715 18055 7425 14955 24138 3029 31648 25223 20044 22876 21028 2913 20408 6790 25522 30037 6595 20062 6174 12250 12586 10136 16332 13168 5039 8492 21108 28485 32005 9973 16072 21347 29390 10851 31450 18201 12135 32021 1575 23334 1329 5852 17343 28727 16102 31261 5973 23097 29764 10294 11413 12471 925 2759 6037 18519 19281 24856 25117 3713 4460 28324 5045 24823 26733 1411 11717 242 25246 14040 9890 6355 17672 26021 24411 14962 28306 14367 2515 20131 31143 8005 30128 25329 20924 9610 16083 30124 7421 13140 25995 20320 30354 26356 1511 1920 25819 12647 1952 7352 27655 19278 27456 7240 4573 26744 7160 1417 15469 5782 10678 548 12940 5375 7319 24314 22566 22922 27684 1038 28421 2285 22408 8912 19373 17650 28276 15359 5021 29960 12312 10214 14222 25359 31297 22652 17725 27041 15040 11418 2411 1283 28427 27808 30693 27989 17820 28979 17468 4932 21388 28541 3299 5443 27511 7666 17137 31229 15854 22615 5097 19536 26723 32585 4074 27923 18863 5519 18429 7034 25948 17257 14062 10303 1771 32498 18879 20295 12631 5196 32105 17965 21154 31857 12913 4074 13236 17350 29047 23257 11245 26342 10133 7998 21329 11058 25960 25211 19434 19111 2115 1414 1463 2760 18319 13622 23908 6021 29797 3543 2411 30812 10999 19605 21947 4897 29416 1326 11021 5087 9091 27771 7111 14868 7520 2051 26376 32442 5123 25283 25213 4962 20332 27222 30517 10790 20414 29212 10925 23766 19283 16730 18457 2478 15081 8321 6168 18970 27254 7009 13540 11505 5211 19556 4960 24836 29016 15234 8760 26363 6899 15949 31708 13508 6428 13925 19681 26606 15747 14536 3518 11120 2420 2337 10603 25376 20465 7748 4863 31190 16756 2499 2478 13528 24158 12671 32539 28516 20187 31402 22399 2096 14930 1538 828 18746 20141 1474 7354 5086 31757 17962 24008 28337 531 6808 19021 3249 30052 31403 12012 15597 5840 7599 7753 32527 20710 1438 5871 21756 14846 4580 16147 5732 28170 24242 14225 10812 12530 6642 5367 19010 11228 13036 28714 16747 30229 15157 23411 7912 15733 20854 17539 30302 19820 9222 16527 15510 12123 30153 11266 12142 26078 21400 18241 18221 27748 4768 11445 21560 25345 25849 15717 14679 11883 16602 8083 18572 14131 3926 16423 1746 2715 5614 20527 20921 25080 23253 9046 22447 24236 17102 31185 13345 14814 26309 31007 
15549 14599 21622 4386 13854 25766 31827 25824 24076 14774 6330 14501 18491 3673 595 21196 2066 7523 4329 22259 20047 27639 27896 23451 24676 30201 22268 32267 14339 31202 14150 32004 26401 18005 10833 21228 21435 22385 20743 3513 13400 31426 24890 19481 29569 8182 28808 20685 9715 21443 32377 14688 25320 18199 31605 10363 9316 18575 6708 20440 19102 17722 4380 31797 24531 22654 13261 4629 18826 11067 18140 1704 30779 29617 6073 10095 17968 3391 1817 15369 27601 5711 7893 31097 22264 17882 26027 10999 5960 26720 3101 15647 20437 21545 22441 26752 13502 22715 1595 10402 21085 2324 18976 22044 14121 15469 17535 1055 26645 9576 22203 24867 7986 26321 23881 32696 13597 24133 704 11124 22542 9448 1948 990 24297 28652 10016 5824 21742 238 12113 15590 22698 933 22022 23595 5416 29182 19659 3262 3279 15719 6495 15295 19647 23333 13670 23549 28336 26080 21885 7398 16242 25119 6062 32684 1256 10629 28506 18618 1010 18973 6977 19739 11913 19350 6930 190 9455 17189 21986 9087 8571 1486 22497 18863 13851 28536 30994 27580 18853 5660 31991 10891 16231 23567 30587 31226 23128 7049 5147 15108 5883 19759 7040 27576 18553 3892 10802 2135 3146 12517 30658 24766 40 3203 3308 32302 9851 27052 3542 9224 7864 12138 23042 14059 30519 19382 15110 24277 31928 11300 22346 6335 25355 7030 20596 3100 1524 120 18638 29591 31374 18617 3423 16812 17147 15039 10640 23299 10406 31678 11924 7607 18237 27722 11823 7853 14111 8338 27859 8792 12122 6135 15575 16335 16281 28483 21259 20448 19947 16838 3568 4083 5273 27456 13112 20151 8579 10936 20452 21494 10811 9632 14133 26508 28953 23598 31639 29850 29272 25335 13274 10047 6977 18525 10056 17643 8278 22655 18848 21457 8519 21806 27731 25223 16841 27002 22090 24647 4311 25960 30205 21644 2404 31171 8677 1380 8897 14136 15822 15549 20425 22346 23148 13007 6168 862 11644 28102 5387 20325 7351 24215 17137 11224 14088 6248 32131 25662 29525 28753 15001 25172 11327 32763 28425 11062 8503 2359 2952 17543 27228 24141 16581 28582 6710 1612 9669 5960 10731 9096 9803 20322 12068 31409 14175 6296 13706 30403 13676 17128 12647 13314 250 9713 31492 25077 28201 4861 3824 1253 18949 8144 25457 1760 11705 4877 32480 8002 7769 24707 2240 18150 2064 1437 11304 8102 9019 2491 16866 2839 15979 22568 30123 11850 19596 17793 4032 17483 
25328 19309 8937 11205 19862 383 4151 15873 16756 3567 23483 22850 7029 13083 19392 15904 14027 24591 21568 8057 486 668 20023 15966 4430 14454 27455 3240 16412 11036 29221 4963 3214 27031 29152 18733 9402 29471 20526 18371 20406 813 1189 6241 23808 16914 17861 5368 7400 4502 9859 108 3728 19203 25374 2011 32438 31194 25324 15971 4172 338 20829 16743 7110 21659 22901 18876 12038 15116 21335 16219 298 29242 28029 32458 8566 27315 3436 20376 30336 19258 26167 27357 1731 22451 2054 22244 27872 4834 17423 14941 534 16403 14134 10028 11691 4255 31460 27682 12378 23210 21589 6382 3936 31941 20501 3268 18464 22951 12907 6934 20581 5617 21532 7307 7811 9747 4290 13686 373 13783 7653 9019 24833 22184 29084 3762 12856 30718 7702 11269 31651 19946 5040 26174 27075 11588 11144 23868 12244 18212 10053 20982 26208 24329 21714 19848 21321 6973 4661 4854 8695 18891 12004 6348 386 21390 22931 2080 17376 5539 23267 2510 31210 9261 3626 3364 30722 18605 10562 28831 5037 31926 12279 816 9235 27905 5275 20376 20342 6969 7405 17531 13686 31659 187 22484 23785 10789 3808 26231 20848 8917 21109 16841 12656 8760 18346 29927 28727 28235 11901 12165 21101 27175 28881 11297 30055 15990 5477 30264 2190 31350 32026 12628 2544 16611 20730 8673 14638 23339 10069 16873 11702 798 20370 11057 397 10385 26597 14443 18054 13985 9453 4215 1288 973 1309 31061 17078 19722 15460 8908 18467 29533 22844 15143 15768 17492 16499 3849 23202 5319 27092 25284 13937 32271 22914 16474 12983 16685 25207 23656 5607 20359 216 12520 30335 16780 9616 6258 22666 3749 30027 18841 20126 15439 30929 18563 25789 22755 15179 24095 28469 20047 4954 11564 13073 13188 27846 17042 31063 2198 18793 13300 30204 11070 1596 22945 736 9906 19346 12527 31801 6097 24262 5146 16390 20497 20292 925 6058 18582 15276 21281 26776 13892 9605 13910 5295 19211 9035 19341 11950 4410 24134 19852 860 4680 15476 30703 23012 19982 23698 32604 17194 267 14817 26417 30357 9218 10709 13778 7704 8215 4545 6577 13504 31455 3769 7672 20598 3376 23780 30255 3726 26134 5898 7322 3738 26409 9436 3394 13886 26733 8072 1334 21055 30449 17536 6715 10953 29822 27472 25413 28663 29265 12109 5639 2550 6095 24377 15653 9117 7877 6759 696 27011 20171 32641 27543 15724 8730 4298 29957 30882 17919 31604 17611 
25335 31778 27680 29475 8305 24682 31847 17601 863 3170 9599 10994 3350 8842 20289 21915 22298 31976 6186 1369 9458 13297 6964 20884 26230 7461 23909 25923 5835 14867 27208 25905 11334 15684 5949 17707 25220 12509 15609 13626 32709 26693 1757 27323 9039 23707 17534 13534 30323 23977 28972 17543 28392 12160 5441 15955 7633 19187 20409 17530 19715 24233 24074 16168 7009 14966 14772 27783 28018 26026 1178 4395 20738 18671 806 27116 29864 15579 5551 7614 4407 16732 31605 5542 11941 6456 31391 24743 21595 29757 5901 14050 32305 28333 9352 14443 28994 1866 30617 22450 302 15900 8424 11574 4152 11366 6475 27680 12470 13337 7174 31512 8834 3754 8470 23143 15924 3072 16958 2253 31237 6683 9827 5641 24783 14742 14519 8693 23770 29768 26181 31536 22022 11382 7727 17398 2912 24293 2488 14484 8919 14979 22735 6885 22723 8699 24598 31385 25530 20816 28428 17332 13036 23431 14857 10049 31431 12972 28906 29309 22326 5931 2006 4795 5481 10796 8695 30016 21937 21761 31953 17098 5088 14121 18085 13453 7238 11872 12001 5440 20482 26615 18740 19462 21085 24677 22226 6588 16743 17164 25541 26191 9283 8235 30267 25379 11111 20161 1000 25257 23957 31430 31974 2434 25555 11004 15424 18866 4768 1273 1829 19578 15967 2209 19829 26710 5106 20364 25585 10359 15200 15440 26910 12706 29776 1075 947 15915 12274 4208 28892 1808 27670 22260 2744 29855 7474 21235 23596 25860 30280 16564 10313 29522 1056 616 8665 6129 28284 23256 14216 2413 18882 3002 18746 26647 6012 4588 9043 675 10083 20253 5737 16862 28205 18835 23397 5836 22314 18516 3309 25941 26674 27510 15706 8942 21005 7011 19573 15195 16498 24395 11455 11952 25184 23919 25904 29753 27131 31424 29448 19957 25402 7282 402 27963 13218 12629 16660 12040 23156 5066 23904 10342 17081 22931 22366 3031 20782 8272 21120 15160 4618 1598 23377 24044 10716 26730 86 10973 4586 2799 7160 18780 18314 3667 1060 21775 25699 13319 2846 13196 20382 5764 7010 8630 375 12301 29724 25276 3109 31796 2868 16757 27984 2656 26300 2448 20390 12763 25715 3558 23705 7248 16874 18085 8675 20577 13038 17190 484 7058 19569 22370 559 3994 27059 28681 27808 7130 6929 9405 14031 5559 1929 25585 10888 29148 309 22403 4378 2778 14559 10044 27508 12588 8364 30075 15603 789 29326 1452 5633 23790 11734 14530 20981 21069 20511 6402 
9352 7135 14763 28125 24143 14537 28896 926 14756 7538 27949 8374 22296 22727 16181 8346 19144 15473 15814 4575 26353 3771 13022 10936 17161 5915 10402 27432 32076 3093 17989 6548 31552 1109 6538 23189 31274 4289 7558 18261 17789 24223 27319 17243 9326 4433 4513 2832 22489 24417 27822 4694 21994 24587 14944 17107 27230 5135 15799 9504 10498 26608 18294 18127 10313 1851 2210 9264 27684 29641 21922 13509 21309 9210 7663 6924 30927 9334 1584 10905 10280 6066 15744 32735 24223 4824 6533 21663 28472 12088 19336 25641 21172 29889 15747 26402 28834 17924 22329 1783 3685 19534 7933 11273 15529 3727 25636 17086 16653 12210 14691 13955 26688 3656 27060 27266 9902 9669 18760 14602 13688 21921 31362 27987 31817 30063 27758 25747 24476 29865 23178 12543 17283 12102 14943 10586 22151 27270 4131 30025 15140 30727 19264 32382 24385 9193 15769 6999 25601 25520 2191 29808 1473 25582 15480 22460 25068 24481 21934 24540 6924 23566 14901 3177 4186 20343 16424 23750 25393 18486 30834 1465 21887 8215 30474 9808 13571 28787 16503 29409 8226 31874 29575 16264 18625 14336 3976 4328 13754 21936 24814 17583 17553 11694 11291 11948 29767 25177 24371 290 11788 9718 18908 4743 25291 23572 15165 31800 22502 6606 12999 26731 17592 13747 27661 21363 18269 30056 16587 22462 5874 29558 689 24946 19743 19219 3607 7200 22468 30488 16716 31554 19267 7768 8121 4374 20585 10625 10233 16515 21225 9830 28374 16675 11216 17318 24050 3736 16090 5308 13454 2708 20469 4359 2569 14021 4355 15750 352 23713 22655 22869 24085 31261 28683 23960 28864 22471 29595 5686 717 7217 8724 19719 16536 10165 14053 26397 7745 28767 9959 2796 12072 30598 6655 8717 25524 9329 32531 20318 32334 25251 8932 12231 29473 24271 22155 16474 17098 15530 7140 8131 32686 14556 26412 16602 6289 24273 14745 16636 14863 1298 7986 26095 20232 13230 4679 3053 23689 7297 1417 28486 15137 3859 4855 1485 22119 10368 32579 30846 20597 462 22654 1123 22503 28864 24726 12016 4903 23916 503 19181 13100 26837 19240 15264 30594 29812 14108 13369 24406 8081 453 29354 29559 11401 3211 31762 24296 3125 24589 12275 8281 31463 22718 27346 14694 25430 32495 15134 13216 11226 17917 1340 27390 15635 19056 31238 14715 25867 16402 22897 9592 20676 10466 26552 15702 30645 9081 26285 16441 988 21015 16579 24114 25219 29880 13671 29118 30223 
30608 13980 12228 2949 13249 18668 14351 5870 21650 15996 897 15979 10674 2425 27309 25847 30754 32155 14704 15828 11100 2644 5331 14833 14731 5155 19764 12695 10673 2377 12266 6554 20425 31867 42 870 19732 1927 8374 13665 29488 14681 5025 30268 27434 8611 8002 28425 27995 12028 25076 29701 22868 23937 13469 21332 13055 17199 6160 13557 4503 15703 6064 18389 22428 24856 5858 23659 6117 14241 13682 6226 29009 31719 32293 20842 25808 31481 10714 5778 21846 22325 25030 6806 23687 13801 32011 19604 19417 1540 2905 12636 30292 7511 23232 24030 21968 6156 23864 12419 16832 21039 4326 26674 13285 24992 14754 20805 22896 30930 15067 900 24709 29911 20159 8024 1696 1929 12204 25233 20173 9075 24030 12179 18109 15912 12385 25238 22609 1338 15316 5583 26936 16978 22837 5132 17827 3549 8609 32460 18446 16905 15660 2416 1680 397 20813 20945 2142 18171 12229 7397 25940 8897 19862 12384 22758 6609 18060 4951 9142 29352 18338 1536 17075 8010 29742 1172 822 9618 725 10546 31001 13096 7225 23982 8329 27761 32694 24911 11001 30681 9384 29369 32287 20363 3444 12738 9172 20742 5697 16132 12931 28747 269 26264 19907 28976 22757 7459 12879 8725 947 17700 17248 13188 16692 15828 1747 27914 2948 27957 9430 29306 3921 20087 32435 1047 14514 20734 22357 583 22480 8265 18498 14772 19555 12601 30532 18480 17590 27306 13951 6304 26726 30110 17720 15030 8085 24632 30152 23195 20647 9409 15412 8789 25545 7774 18590 1517 26591 14578 4408 1315 15442 17242 14682 27070 30041 26295 16001 1075 27727 20641 2835 16665 16374 236 3667 14917 25241 14459 20086 1678 21519 22210 16187 11194 8914 7644 12129 1307 28844 6734 12416 23161 14640 4293 5245 18544 31879 30115 8686 10015 20461 26863 12385 14887 22507 31299 13462 27390 26191 18290 29638 26341 24187 20188 25838 11402 10000 28073 29503 14963 7835 14492 20348 11276 4932 5706 31219 25880 12890 22435 27108 27577 7930 11771 3981 10578 24098 25003 30637 705 19565 18980 28776 3564 573 32192 22222 9410 15989 17551 18361 10485 7850 4170 26793 9655 23892 29318 29755 10625 31623 21429 8259 25777 32613 15575 32441 26413 11267 7142 24015 6577 31422 3212 22030 21077 12475 7933 27168 19002 5155 19037 13172 30136 11350 6317 29194 14490 2311 23696 28142 23069 18946 7097 3791 15067 9100 30529 27165 32400 18119 20875 28112 22624 27924 2125 
12825 14161 21023 8125 19907 22835 6213 5692 22041 14019 30786 24639 19527 16730 11402 22505 29852 693 30040 10531 21452 9341 5852 15060 28159 23662 32424 9933 26690 16020 22371 285 2782 13445 11886 26554 24861 27012 18367 22898 16166 10832 22090 13829 25924 5546 23256 22390 10588 27 15687 9948 16540 12235 24789 27949 11336 13070 22618 4033 18287 12156 25178 30190 22409 6294 13719 30653 30038 26773 12612 6100 9808 14992 12036 1528 26047 5579 11318 25147 27991 4152 7018 25361 26878 15613 30658 25811 20538 28268 30264 22376 9419 32449 23970 30906 24300 9951 13098 22988 19663 4822 11131 32177 19896 9475 17284 9541 1566 5128 28881 26052 7529 23413 6220 3794 19686 31643 6026 28275 24966 28928 13386 5861 6419 25390 20289 18782 14338 25493 26768 21761 30636 18530 18163 14698 29368 22634 1330 24071 5732 29573 25662 5291 31928 31264 26530 22635 17834 23841 21931 30422 10814 14707 23264 32207 27836 12628 17489 16683 7357 9699 10365 6990 30838 14767 30732 9191 31004 6992 11377 28061 18304 30079 3367 29754 27211 15443 24698 27841 307 23471 25389 2090 23676 32501 4470 23757 19619 16416 22774 11763 32171 15565 6600 24991 12600 15297 27056 13301 32418 15589 29036 16174 22114 15891 17522 19095 18787 19234 6081 21766 10762 13593 15998 24636 17691 2656 7599 13871 1274 15396 22810 7090 4258 30511 20941 25930 2502 24610 22066 115 32090 1607 31173 10371 17183 30377 2755 12774 17411 18286 8173 20989 19085 18064 654 31988 18701 2260 23554 5876 4849 8054 26386 1944 11789 19884 14083 15371 1610 2369 8995 12775 22364 18854 24570 11684 11232 2585 1635 6852 14349 16836 6555 453 6891 13697 3183 15016 15443 32611 13004 6593 9852 13087 11917 8974 11260 26671 19277 14727 16721 9488 30281 21166 23646 1726 8260 12921 32170 11005 24362 5372 32327 30747 21803 18937 31061 11411 27683 3294 2536 24105 1493 15052 25402 12527 18175 13945 12224 25829 27934 19552 27052 17132 3959 13519 28407 2580 13094 25054 24415 25056 15151 23095 15530 2171 27651 31053 248 27394 26484 6857 26315 26530 9736 2916 20666 1914 32458 7885 18549 8555 9880 20894 10975 12114 28435 8002 27658 3299 20029 5419 16817 25175 30564 3845 22694 32747 23293 24315 16789 1812 24950 6459 18935 1315 8640 4960 8032 22539 16698 25739 15316 10286 23332 14744 20419 17221 31092 31933 1064 15426 19405 784 28264 19648 30063 16759 
3700 5140 31343 26067 4054 27002 18399 1397 242 29002 14908 13422 31016 3290 31863 27043 25260 23605 5042 20803 84 20598 13356 3355 21575 9712 4809 22356 28515 10982 4318 31372 31586 27432 8754 16912 2148 3628 14174 29476 29251 14045 348 17715 3227 15706 24487 21076 1972 15917 2150 30496 32561 29612 4972 25909 8757 7073 11013 32336 14796 20280 5105 30382 21716 5340 3182 14024 4021 27018 10020 17870 16995 10912 32548 13088 12375 6111 643 3557 530 300 9324 10345 222 24846 17051 21049 24723 31677 20409 26605 20733 13878 3479 3404 5201 7659 15765 6927 30271 11601 499 24661 2247 17165 8791 23487 29636 13223 26185 5830 24826 29467 3419 17853 18030 17703 9671 9206 18701 5739 2052 11622 26542 27475 19647 27514 7696 27637 14024 32039 21146 20901 4051 3038 3326 19031 27693 3940 11628 29266 32582 29830 16118 16487 24598 1104 20485 18799 14101 1172 12859 28261 867 4279 24799 2907 15223 30462 25098 32586 27673 30819 11218 6512 6343 20416 3093 684 30368 7000 1370 10010 26949 16232 5846 27285 218 14288 32190 22600 25734 24328 8642 15763 5313 11184 31508 17826 18050 30316 11142 19925 21313 27345 12140 26270 17254 11768 12467 23135 19343 20869 29786 16051 1503 16506 21302 1616 19117 21992 22539 20079 32603 29061 18621 9742 24235 31147 30504 2162 23922 28036 29842 26291 15398 6932 9311 28858 29345 2194 22335 14928 32612 25393 25122 16653 15116 5896 23941 12698 7696 3055 8335 30677 23396 15041 27124 824 27664 18209 16259 26642 7003 19360 20534 3495 16439 5909 1741 25705 20253 10540 727 14863 2250 21414 4112 30682 20584 8164 32075 18964 25755 10287 22694 11573 20485 32536 7551 2514 21756 9238 32384 12543 14694 5639 5711 7889 14369 5533 30962 27112 29023 29023 29139 32609 8242 28924 10259 7400 25857 23425 8066 6013 12877 20043 20599 13076 6090 17821 16354 20139 495 20899 32643 3002 11890 7850 20196 20827 16188 20292 19683 17077 15973 23221 1055 23417 4000 25733 24325 4813 1226 17143 16221 20229 5985 18231 27539 19804 27789 29665 18727 12283 5322 5820 27245 4787 13963 30866 26955 21966 18543 3364 263 8708 19662 26308 11279 5995 282 2616 6742 20856 20897 12150 30848 16471 23760 25504 5656 1644 31248 32372 30550 13870 10508 14486 3206 21575 7416 23884 8749 19328 13518 28335 17025 12361 25238 16414 30709 25358 22191 28959 10483 31659 4982 7783 
22038 20036 20824 29514 20786 11339 5763 207 18895 7385 30720 5140 12956 25709 3164 30707 16339 23664 25997 19380 25528 25553 29400 31014 14215 9024 2344 20235 4268 16878 15698 30230 14567 21967 17454 27908 644 14986 20408 24775 25844 24354 6305 18257 24963 13042 15914 10157 14442 12477 20549 30920 22467 9495 25860 18692 704 30868 17791 5900 4651 7607 20116 27753 1000 2523 3754 5120 26758 29794 25330 26734 5893 5382 28099 32212 15517 14808 16403 2015 6878 24892 16972 5562 15621 11070 1373 14964 23097 26432 15711 18670 26274 12669 11457 12158 30001 19191 2279 57 11477 3583 23765 24660 9307 30686 22557 16240 6948 2904 6731 5245 30494 6320 25521 24070 11879 1775 29801 29752 30493 15099 27597 24481 15221 32412 22610 21197 28275 30241 17859 24895 15260 26162 29518 1519 29672 8756 3032 18334 16672 11704 1850 22253 32485 14284 28470 12424 14501 17976 3953 27449 8658 14099 7684 263 26114 770 26250 21116 13038 32545 19497 15197 3364 22322 14359 28314 9830 3025 23479 28984 10727 28906 29493 29243 28623 25766 31803 25560 13644 7724 9601 29730 5024 18702 8017 16817 2386 19093 25551 21260 28047 22041 2846 7851 9653 25342 22466 30814 9161 11860 18823 25360 23626 21739 29477 8560 14716 4991 9978 32452 25769 31067 546 2109 8922 14416 2072 28374 3214 6532 2568 32229 21375 27893 13147 29955 27418 28485 14658 13869 26661 11881 18601 7756 10453 22599 27110 17194 2772 24881 7896 26497 28790 29312 27930 25246 17760 12261 23996 11101 9918 29129 16516 31672 27870 8025 7916 8853 15824 3562 31024 22859 17460 4475 21523 7789 28192 12458 25688 10385 31734 2117 8695 31688 27078 9519 24286 27073 20627 3797 4070 15668 20989 14650 14795 31038 15062 1613 25291 31915 22195 14297 10069 4906 167 11488 6096 26350 14878 14006 12540 21274 3120 9627 20626 21574 798 6273 25944 26935 10899 14076 25844 3965 23104 7913 18640 6118 24748 20745 1472 17304 25162 32413 2789 23536 4390 24268 20262 6867 29194 9565 20443 32392 23921 31912 4409 435 719 14983 9901 20584 4076 15630 3126 21767 17548 30646 23949 22110 3881 28219 5006 29048 9256 15956 26511 8739 19759 15505 6294 21228 9331 31079 26825 7241 23723 24572 25609 8992 8474 25715 22604 20714 22645 14912 12843 9397 13546 6170 26265 27030 18483 16043 31573 24828 24129 25006 3610 19355 32434 12221 15423 6632 32523 10842 17470 30398 
30507 15959 28003 25327 28560 16492 9372 17598 996 31306 24432 1744 27200 18207 516 30667 11056 21751 29605 29834 2891 6509 7651 11325 10167 6066 30208 21073 22538 5884 6551 8150 675 32360 28442 2548 2168 3839 26817 20645 21432 31187 18329 26279 25608 25952 7948 9542 28539 21193 7590 8559 28932 18996 15481 3636 12175 13868 6439 29977 21743 7746 31517 9298 30526 23868 1951 11973 18543 986 25092 29603 6625 16980 24895 9279 18163 31595 14254 8234 26254 4779 10888 21671 24271 20195 8358 7046 30366 30169 11365 9987 5887 7489 22740 8352 21008 3930 18639 22840 25790 12191 10383 24092 24407 8775 2630 14665 19310 17798 2663 6236 822 16518 18039 21541 32145 21829 31300 1178 17715 25636 21668 14628 25818 25661 9365 18875 9964 12786 19896 24082 10733 20137 9110 27612 19365 20279 15247 7772 26360 26869 14820 32487 18083 18584 28697 32243 28730 15984 30366 26924 21663 1692 15522 17519 32071 20741 29154 17369 32737 31772 7942 12107 13073 29046 18099 30354 11199 28225 17570 9770 20924 17804 22410 27596 27924 30085 1234 31934 13604 16984 3927 17025 26965 13598 12372 11324 16056 4840 30138 15437 12519 7 23404 31765 20638 18987 722 24873 22598 11665 9560 20283 30021 2051 918 7051 29794 15777 24535 20122 5325 9896 13849 2770 17647 19051 6472 27788 16520 15299 10663 28083 19692 9749 1911 12356 7382 3518 22302 30538 6550 14493 24867 19901 17049 22877 17828 15742 31494 16926 14133 4111 32566 18984 16448 32607 30985 1203 4693 21301 20716 23309 26450 7003 13034 17079 18826 22559 29020 19988 2170 7883 16895 29237 116 25660 24343 436 14522 19420 3222 16956 2442 18901 13031 9210 26611 32117 1093 21872 9369 3505 5089 25336 23961 29183 21696 4499 9796 15341 8702 22960 9244 23621 6150 17124 15800 16982 28234 19784 21739 16389 17603 4558 14629 10726 26996 16762 14577 9288 282 30536 29764 4653 31436 22032 5451 30710 25887 28214 24316 15300 7993 7914 132 22996 7720 14130 29112 399 1212 31651 2095 21800 19647 20415 30821 11272 3988 30340 15618 7370 30281 26199 8470 12427 16008 29854 29290 10788 31542 9525 14133 19139 14948 1209 21459 24039 17055 18301 18226 16142 13246 14561 27349 27781 20310 19877 18240 16385 11956 15125 14977 23508 10828 4923 4923 25246 26147 31650 19958 19928 27272 4688 6387 26077 18901 19123 8441 26633 24249 31208 1225 8720 637 23371 1217 8356 
26539 24959 3470 29744 9990 16735 8416 14296 10140 22808 22872 32515 26717 29864 13869 32620 20344 31573 6397 14138 1898 23088 28354 15467 17027 18916 31661 313 27426 5825 23858 8979 29052 22780 5240 31332 15107 15789 31208 29676 19162 32723 4708 10073 2732 8987 27633 5686 17084 11444 25687 26865 22580 13740 4018 21161 8865 12402 1723 4098 3397 12807 21923 17765 24862 21546 1711 8771 8552 14910 29122 10562 11602 22822 10793 31562 26384 9280 15691 30614 25314 32183 23523 16831 29666 16954 16423 17277 29485 17140 13736 32569 7623 1810 12653 15752 3887 27706 21853 16447 13839 30835 15894 22295 6421 21888 4338 29134 7952 25179 16310 29843 27824 20523 13297 10089 4334 28485 23984 20266 22994 12126 27234 12322 27930 15106 19163 4854 17343 5338 1675 9966 13865 11154 28746 4300 9358 28899 17318 13483 19237 20764 18117 23942 9074 3799 19679 29349 13451 6390 8384 28046 12492 8961 27649 31299 220 27532 29098 29803 195 29647 13873 23909 7108 18585 1386 6308 1527 23472 15055 22744 17202 20212 22947 11279 12817 21237 2027 12012 20312 26882 11916 979 26706 27816 3676 6707 25712 13827 19872 3072 4046 7774 7006 13584 2040 29482 43 8039 21923 1233 18123 1301 1830 7896 16147 26561 18655 24038 22318 2254 28966 20889 10408 28628 19487 2715 26801 14975 26385 8152 3787 12244 13903 11034 7544 6595 19422 18824 32283 16050 5147 12073 30291 15381 9040 20191 6760 16312 19900 8927 1737 12459 28960 19787 16827 26592 8025 8760 13941 7257 20531 23129 13321 28220 29417 7278 25319 806 8959 11090 23150 26377 14213 10106 22832 9671 21783 17751 32526 16870 17762 29043 251 25777 2401 3103 28209 25961 7005 25382 28897 671 24981 17546 26460 17289 9131 6211 27689 26296 24158 6796 5229 14722 17219 24657 18852 2459 32675 8472 23586 6046 27280 26861 8037 61 28951 3124 24610 6239 16750 23513 23425 29145 8013 29028 13013 9003 17030 22289 28520 26097 5914 30570 2572 1067 8085 1004 20318 25936 5705 26027 14555 6759 12253 6824 7415 4547 30691 1151 16761 24475 30747 2520 23678 22496 20611 26205 26247 19885 7311 30258 5131 31597 30297 7524 8749 28430 5213 30124 31185 10615 4630 8471 7155 22133 11273 19879 612 2525 12172 16456 20210 24750 137 3603 23307 3138 4252 7271 22176 674 27439 7410 30786 28732 14894 20082 28050 2296 5710 22001 10675 20401 3503 15569 4135 3793 
19317 23004 10406 4635 32212 14032 13374 11027 22400 16424 7382 7755 32145 5422 24475 21171 6125 25808 5018 15413 2664 28808 28258 28115 7848 20996 8370 22484 2535 28810 6516 23925 3121 23214 29101 20398 7117 19446 7328 29805 21610 18325 18084 2326 28039 6388 10707 5869 5467 16286 4976 29640 25084 17985 150 22234 13702 26894 28355 19967 3874 12720 1715 21184 24507 11434 15997 20560 9809 1159 7967 11839 9785 106 24450 13467 3140 27543 31172 24411 13327 6514 17205 23918 31580 26662 1191 4083 26954 15420 11314 12727 5823 8326 6794 29607 16560 31940 13709 5560 14312 11076 9335 31959 31300 25579 26273 483 13634 11919 26940 13586 1161 20932 591 24949 25165 19815 23402 27661 10868 7553 23447 32328 17387 17858 8705 24694 22243 13019 3269 16865 32121 7680 28533 19163 16944 15049 25068 5164 9127 16768 16873 23413 7958 25003 29500 8341 20283 15747 26278 11918 14828 4094 22375 15693 32740 11657 18010 29944 12077 12584 30874 1441 3954 24083 104 19042 1850 9377 26969 15716 2626 5393 22484 4928 32233 16121 236 22533 29004 24320 18507 30594 24918 19093 31916 4373 6224 7523 16154 22855 3030 416 25864 13562 29410 19686 25391 18443 13868 8556 22914 8833 3275 31634 9051 1954 20229 17805 14403 10614 26008 14362 467 23435 8889 14061 31884 5715 5900 9991 4012 25076 25993 10441 22423 299 18367 3960 18885 1099 10601 20279 4269 19342 12204 15035 25510 5137 17293 14082 15083 6210 31480 15609 5684 22594 25210 28415 1556 26970 4373 30603 11740 13202 6039 31651 17182 867 18116 6903 3998 3925 26864 29588 28202 13385 16613 16597 30801 30001 6133 7132 29200 2492 21355 13414 17122 13317 26385 6320 3002 32528 22671 5711 3505 10076 18475 26323 540 26165 11349 31715 21481 9897 28018 17391 14196 3634 25161 24685 29925 816 30974 3029 4035 23404 15506 17356 17806 23173 8271 22843 5913 10089 11180 8745 22711 24945 272 8069 6140 24010 20732 20494 31945 24435 28371 9694 14635 28247 854 7287 28530 19584 17980 6695 198 1170 22044 12975 31065 32736 29704 11690 25076 20312 21099 10693 29768 3968 8571 15969 20079 9874 10792 32222 24939 31314 21139 32587 26136 12706 11107 18510 27147 20181 15725 10891 24787 27828 19881 16848 4358 9906 17520 31501 5537 7911 28959 22836 28344 17028 1984 7218 28580 7121 1618 4720 12445 22213 21146 13900 22671 11177 665 19667 32681 3274 
28435 17883 2268 6019 24184 29249 22943 5777 4197 2343 167 26961 11253 15284 32354 3360 19520 30273 10302 11244 18681 17427 3385 19427 23430 12613 5845 1245 29553 22987 31249 13965 30028 7585 85 10067 6429 19817 410 9349 4025 2770 1115 29888 939 5799 9960 28389 32462 30168 13476 26738 2325 14709 27161 25962 10678 17799 12922 30661 4596 4406 8573 31021 31656 29941 9953 1512 18286 22256 2488 2300 18325 6824 6283 18751 24890 530 23513 17407 28441 12936 30828 29154 1790 9399 22893 24225 13469 14421 13096 16768 24079 29102 3545 12851 368 5844 23866 9443 21352 28526 17388 11594 4956 13396 23280 18634 8587 275 3079 32070 26345 9942 16253 7549 6944 15937 16433 10207 30306 28829 21969 32115 23798 12650 6790 5980 27115 20016 27343 12843 20923 10637 22403 24556 1884 5856 9782 9713 30510 20630 8557 29773 26887 15906 26958 10715 13546 16626 8472 15562 29747 29429 32072 5219 29173 32311 25709 10054 21243 11131 10235 13947 2684 25441 2674 1573 1762 5843 31162 342 30644 7511 16844 9570 16341 13469 17547 24119 16367 30045 17949 26796 2961 3260 32003 26074 10020 24710 8858 2017 4129 26944 2308 27122 15137 7443 27103 31545 8487 19634 17541 17297 10258 883 2222 31383 18223 30382 24906 21671 12762 3236 18162 3288 28349 12738 5477 7991 32359 16632 30511 19222 21192 9905 5749 16440 28129 4691 5943 23298 12976 10593 23628 5870 19145 23483 10664 28180 20404 2014 16516 14105 13302 23014 2657 32194 5387 15142 32322 30076 10015 31201 28079 3123 7604 1196 10288 2894 14591 9715 26989 10248 6489 7507 11588 6805 21849 22643 30708 31071 17098 22318 2349 2317 8929 24362 18553 31442 17544 2501 22743 32564 5770 13489 23994 28112 6768 22743 12018 3587 20777 13826 23561 4642 15431 14125 9527 20400 7157 16192 2850 5574 16400 15420 27323 8823 26400 28321 5993 8762 12928 14143 14279 6533 18002 16330 10049 8255 22576 14847 27432 13732 15149 4327 23684 21007 19544 24927 21617 9813 9223 569 18790 8037 25511 18800 30279 20241 26334 23908 12456 7944 16086 17535 18871 18424 29094 310 11691 31385 26361 599 8042 678 11366 22281 14027 8415 26442 11781 19013 4457 16614 29083 28315 5069 8136 16097 32435 14828 3065 23050 14972 10976 30303 8989 16315 10471 21762 7583 20329 27825 18317 19626 19378 252 11724 9600 4043 14286 5399 2551 12219 24012 32152 2552 26007 3504 
11567 15886 11194 3385 23868 2152 900 1404 11848 3607 326 221 23946 11885 6663 30175 29692 22492 24685 11964 15939 18097 3316 29230 25699 1301 22802 14514 15229 12789 21639 1372 21958 2505 16799 12877 30910 15842 16072 13564 17422 21115 16028 25030 3068 1964 13018 24946 1528 11537 31485 18061 8036 12202 17841 8575 13979 4148 11721 2108 7011 24415 7665 310 15034 3066 20019 1571 30818 13226 8455 5819 11770 6038 11147 7510 16539 19909 20536 26059 28744 20026 32574 21246 18399 21940 8199 28539 28493 18265 7201 7291 29463 27033 21424 12193 10009 27408 21012 7772 15385 29490 15112 16396 10658 5645 14801 30500 30074 16387 22447 6899 24697 6337 13203 25026 27626 22527 4930 14728 29783 17542 16014 14573 6277 12254 3872 21490 26789 27013 27493 3842 2154 6483 12723 11365 14924 17034 29711 20747 26380 25714 13860 17856 14154 27988 13575 17363 15677 27897 16007 19314 3319 13716 29903 26711 11676 25376 7307 13695 16404 13611 5916 9181 10989 6280 27947 29962 24327 17466 7418 24666 7118 8976 713 30367 31459 18257 24785 12920 17514 30424 26688 19598 11891 18263 24935 31860 23669 3313 8618 3335 19009 13642 24925 1189 8974 11957 8973 8200 32362 9072 28951 23345 17057 4238 32650 29293 6348 10382 24513 20605 5594 13053 30088 31851 2530 27776 5671 22389 21570 24355 16222 32491 32377 20660 7521 26389 17190 24480 23497 27320 31239 20463 15626 3383 25458 32480 23409 225 6925 9886 16566 26436 153 23736 2154 12304 15388 8759 11496 22811 20981 1168 12411 25295 24704 8801 11489 6728 28603 31792 1224 25884 3420 27692 32309 6782 10352 31993 27491 32292 10532 30862 8290 9953 157 25851 9710 10734 9545 422 1571 22147 1764 5542 7737 4746 10672 18063 25909 2705 16685 690 20240 3501 21028 4143 16530 28937 30401 22508 9879 1988 18717 25025 10834 22411 17224 15504 7179 9682 16095 16666 16755 16617 17733 24440 8920 2083 25104 10089 25153 20315 6651 26291 26823 1537 7057 23273 17211 4814 29804 31221 24773 12801 25986 32005 5885 5582 32703 19817 3959 31778 8207 29667 27263 12851 1003 22432 23292 3893 13295 27259 28968 5458 21108 6938 11845 18906 12092 13153 24532 26874 8270 4836 7565 24050 3602 20120 7153 18516 7121 26048 19689 24342 24792 23303 9064 13521 23057 7545 19677 14220 31907 16101 7697 5695 23338 1110 18343 24128 4574 32534 14157 17599 18851 19321 35 5425 
22806 24045 14373 25883 8901 2365 14373 15644 439 12049 3194 19746 9865 22264 9485 20707 15192 32670 13731 17599 5565 10181 6761 10835 15048 4023 6740 20440 29648 30616 30431 29131 27387 27494 11016 11995 3399 25141 21220 5964 25694 13443 4387 8810 18915 12141 1696 30052 14809 22215 31750 23711 4460 19615 9030 12021 14358 27988 18603 6118 17686 16823 24720 21371 19151 31646 30983 18345 11350 14484 32630 14370 6466 15499 19181 25943 28353 17941 4924 13006 28033 25002 11167 27862 6988 22393 6397 23897 26884 11876 23233 31902 7461 29462 20531 4357 14941 25608 10867 16854 7065 22717 13936 18730 28531 24431 24236 18430 25746 26652 21699 25975 8969 7873 26631 3204 22381 26111 2669 21866 30 29774 5893 6516 7537 16437 5917 20869 4183 29240 9841 608 27421 12997 1238 8298 29379 32105 8302 24820 3530 16588 746 22045 13701 1719 9967 88 29134 10196 23288 19767 30997 2599 9669 8997 11000 27701 23284 21849 11539 18755 17604 13080 30906 5815 25969 7230 31646 21253 17571 16069 28073 21654 25359 26501 31601 24805 7890 31486 14265 32723 3003 23525 24902 27091 11219 9827 23651 32219 19358 28107 3590 7381 700 29965 29062 11065 23124 19672 4359 10638 16921 5952 25573 23341 29569 11288 3620 28296 31134 5582 16363 15509 21865 2507 30051 15677 12706 5419 23251 10046 28166 1474 23028 3625 22152 31882 9921 26843 28341 1114 30243 7972 7025 7526 29438 32345 29475 15228 10114 31296 16523 8527 26575 1886 13923 21530 27980 18604 30584 24422 25430 1856 25459 28895 7742 13224 27859 17878 21230 9647 9986 8348 14433 14228 1414 23730 20545 21445 9935 12295 12412 13752 9680 31141 19302 25426 16098 2559 10647 18503 10607 2050 16285 2526 26331 5953 29605 16937 29263 1691 8669 32717 11383 1599 22238 3315 21603 6501 6348 20795 31432 11688 1855 11271 85 12896 16464 16963 15867 895 5794 32526 19312 5135 30495 30671 32120 26540 4230 32069 30887 1931 2160 22172 21702 27744 3198 902 7597 2787 14191 9460 1427 9769 15587 22651 1589 11380 32008 21356 8145 10626 23310 17914 23712 29343 29374 12 16112 30195 10633 23866 1737 17259 27159 15858 22209 17845 31616 18965 13186 15955 29526 20845 6139 1450 18964 28686 12958 16719 4661 7654 2054 16579 2569 13350 19286 6316 16022 8963 21288 17255 28674 13252 9040 32009 9629 10607 17893 31113 25158 12700 3839 15407 10727 26203 25409 1401 
26823 22623 1715 12445 2250 6270 6766 22169 15908 15858 14836 14014 4475 14064 6495 20206 32134 23480 4825 24829 16258 16528 31645 30383 19853 26071 20440 21154 23107 10032 6592 24097 11759 19162 11252 18009 3511 28066 4003 20288 20293 745 13372 31389 1509 4972 25105 11425 15950 9729 20850 26249 5509 3343 31564 3015 1876 16522 3791 20256 15291 5325 21422 2406 10955 22623 26747 3935 10039 13462 4684 16553 24032 22224 19711 29129 1507 23973 8172 19503 29861 24821 19419 19538 2692 19495 10281 9285 27617 12955 24367 26974 8233 23031 11001 23578 12074 14453 6771 24269 5909 19145 4109 7664 29746 5332 25487 22131 27107 19024 21812 3169 1224 1687 18716 16626 29679 6845 31980 27579 15863 8235 5529 24258 31704 26831 18976 17312 2458 28836 20094 11950 1659 12599 231 14904 23072 13426 28458 9452 3185 23576 12735 9102 18416 13817 13509 24903 6099 8019 14968 25184 26255 25960 531 1149 30307 7125 30413 13736 26338 15800 4888 27622 15332 3398 6850 11624 8890 30514 27516 21661 20615 26039 22273 2057 23911 11244 24842 13071 11484 4265 22572 10564 31706 32224 26727 7464 24241 29988 18979 14052 17264 6658 28151 27006 20525 20016 31789 5761 20281 22347 27804 1896 9046 20365 18190 20713 14731 9874 5088 23729 19556 8612 2238 16210 20619 21479 14644 7873 14048 5817 18189 30897 15330 29133 5298 30892 8026 26178 27642 29372 17655 25566 8052 1727 11647 18228 11074 17662 11158 18505 22168 4424 21124 1470 16900 8494 5713 30243 32346 20221 7689 25385 19839 7867 24597 13330 15999 11945 18844 21141 30101 4441 24102 3673 1606 15266 8035 29121 12929 4124 31019 14597 21720 23054 3906 24440 27630 18054 26560 12100 31740 12976 23890 26436 10986 20015 31131 18354 1878 2092 29079 21309 24990 27278 2041 96 21302 20002 7691 26798 18830 771 6243 23514 15353 10753 26827 28528 17067 28995 31438 26701 25651 25420 5621 4736 24669 30664 30269 30133 18486 13313 30763 30195 25298 14756 1936 12483 11174 24285 18115 19751 6793 18987 153 20462 13970 11818 26154 12436 24481 23990 30597 21866 5396 4098 21484 11126 24490 32530 11790 5053 31927 16972 6170 13274 30283 17862 8836 10308 21862 30529 21709 19521 26551 32443 14009 7099 17190 7775 31957 4014 20829 10955 7010 23101 14951 24781 13045 29519 12308 13836 14249 503 21360 11223 22850 4132 13852 6302 6294 30757 3371 17521 351 12159 5970 27734 
28451 24615 8053 1185 8193 29033 13509 19012 2433 6298 23057 25078 6506 21248 12342 30549 26258 11669 27246 15857 21178 25662 21290 22292 13150 11567 27889 29617 5293 31894 6434 12478 15157 24810 7178 9227 19580 3511 14990 20280 26867 23865 5666 15926 7016 9117 3806 27993 29963 30677 28354 2936 2642 18430 6633 2251 29065 17952 9969 10305 14387 15241 25872 11171 27487 14424 24270 17671 14953 17416 31550 30819 24172 24306 4147 298 15346 31528 26788 22942 2985 683 27680 16892 9422 25341 7263 22411 13631 22917 16911 22544 25241 14693 19069 3601 15381 10832 23131 1494 7824 28431 32 3021 3389 27709 16910 17114 15621 23089 14049 2588 26312 131 14381 14013 18738 17655 1070 30315 31108 18566 7479 17764 1468 29535 19729 11489 17174 1773 31259 16478 17643 8656 14782 15192 25745 6741 30642 18212 22184 23502 2883 15413 21409 27907 15386 17153 1306 28733 7352 20749 32257 29003 13198 3162 5626 5525 21910 3325 8514 18195 29743 8000 22960 2275 14159 30133 18387 14673 26149 25686 2837 3386 12098 20344 5072 17774 24337 12517 7950 8512 30068 23830 31292 2903 12791 29492 26463 14471 28268 11678 19980 31250 19205 25992 11478 12509 26886 17262 24383 24694 7135 18817 1001 25409 27257 19245 2428 17794 31485 23896 27922 7958 25327 19650 9769 12874 5031 27143 14604 27616 13120 3503 27817 9635 10700 24332 717 414 22540 376 18590 4922 1509 2489 26289 23886 28002 21412 10349 32430 2121 15319 32681 19280 17982 7180 1737 13559 9679 12239 6432 7498 29798 5676 7791 948 24011 30988 9004 3017 18846 24711 22128 17265 21405 21455 9529 18855 32685 25531 8348 12004 7706 19900 14585 15074 27286 20034 19738 12066 6562 3664 24858 26143 831 8148 6880 27179 3554 20402 3619 15716 15643 15292 22498 24825 6587 30717 8214 20475 16572 10463 25733 6362 13965 28302 16299 21732 1271 3965 28212 25835 662 17791 16508 16717 6989 28451 15622 11071 29207 13419 31110 15216 20244 1999 4088 22765 22535 9194 522 1081 28687 8988 29329 26472 20603 1897 25437 21905 29811 3385 23801 5690 6656 17753 10827 4205 10131 15447 28578 24066 12189 18481 2461 26297 23938 24607 7880 13460 12158 12726 14449 11958 24366 27947 32653 3729 560 14496 30466 25423 6836 12520 23030 23068 32364 10410 27615 27506 30544 18177 22564 26694 31815 23278 21094 24074 31900 25548 19527 15210 11407 2599 22252 577 5372 24445 
26073 5398 29122 21307 16139 23457 23664 15689 10383 13206 12194 7099 7676 6830 4873 23596 9481 21767 1536 11244 7292 24106 18338 2437 31878 32097 22643 24474 19931 29765 24794 25152 3869 6430 30001 884 20545 14261 17137 22670 30660 22554 31040 3252 9130 29530 7488 11172 29938 3070 11419 20432 20139 31226 31515 7637 17658 23991 16540 19342 15510 13836 171 24094 10133 21087 23112 22527 17457 26497 27988 29000 20332 11698 3091 30502 8146 24945 26328 25407 7923 6850 27062 26591 7596 4243 8157 17773 3508 14417 15418 32750 6103 10125 27678 32537 23189 8183 20990 18195 31065 23757 16621 29124 28914 10407 13796 9246 10611 7757 32171 19140 7097 26534 1068 1124 936 13622 11860 23140 19761 32434 12786 6299 31730 18776 15577 27402 26241 2142 18628 13119 24130 31264 6884 16549 20193 21263 27523 17518 29578 853 14721 15472 17297 4128 1401 32004 16 6489 509 30854 8486 25786 1453 31348 32173 21880 21138 22363 2374 17953 30564 2840 15384 4080 22599 16345 25034 13019 24512 2355 14615 3574 6086 21398 22231 8183 20627 19340 16401 16378 13451 11035 17691 18323 11111 23613 31274 20125 5328 27538 15067 31471 29646 490 3613 13408 12598 9118 30479 23744 18825 9786 9155 30275 14640 11005 27513 115 6182 18972 30272 17913 8151 722 22421 24380 28917 7501 19855 14427 32423 21543 25125 15292 22273 5991 13471 8365 23871 18148 23467 28284 21097 6461 11503 24105 26040 30561 4777 7107 9412 32669 7323 15702 13686 23758 11247 8664 19792 15924 2159 22330 11997 24716 22504 4853 21602 14836 12048 12534 1034 18009 21733 8525 28877 7169 20008 23888 29466 22928 10569 1738 11109 16569 11270 24907 17786 32400 8198 26412 26073 23945 22011 10395 27114 11597 9590 16502 17113 24071 11669 15565 18540 25492 25182 17923 8898 10279 5082 29817 8746 19748 18621 12971 32119 17867 28548 23629 10755 16258 11893 15467 27857 16595 29212 1483 4829 11283 12761 5347 26157 12510 6624 22815 3466 3911 17189 21345 6198 483 1436 28252 21544 15539 24228 6682 14479 19251 394 8553 23600 20186 26002 9672 6062 2973 8773 4033 22245 38 31641 21651 12783 11187 28047 30246 9498 2357 170 25172 241 30603 6343 27277 31811 14725 6340 28970 5067 18325 14382 17593 3934 21368 6608 26631 8078 28932 4719 12823 15139 18733 19538 29608 31386 7246 20855 17349 13992 24190 4503 23205 21767 10913 2399 25250 27801 7657 
31225 23325 2104 1695 7048 28280 5702 9669 24178 27489 30902 12989 106 7610 27567 13593 3660 29647 20170 10880 12320 7549 15052 15019 32336 13075 12211 5196 8633 3732 25778 14625 2671 5449 14949 14302 30934 13071 12056 32126 4176 21728 26784 5565 14638 20641 14299 28144 22686 10608 23428 14363 25209 17132 2379 8903 13159 17625 2495 24005 11612 1282 15505 3605 23016 28572 27351 9196 23840 4408 1768 21374 9408 17139 26173 144 19878 31623 9831 29494 14754 29676 1272 20528 9324 3467 509 6331 19639 25552 21708 19671 26997 17930 2466 13373 12668 3540 31313 2227 7079 15422 27996 27720 32151 18635 27548 25778 11000 11697 29970 259 12802 2596 6900 26195 8046 6648 12161 26720 2322 5578 24588 16398 4185 20205 22 11185 20389 23642 17275 1913 3201 32330 20213 32378 31677 863 24040 14416 6757 7927 21060 20032 11838 13301 1005 11717 8864 19123 132 10249 27735 4037 28334 7197 12937 1292 20213 29325 3626 19190 21534 14289 23931 21513 8998 20288 11110 9119 3818 16266 17306 2873 27091 28814 2662 24278 14561 9581 2594 5481 6464 6891 16943 18637 24240 15360 24564 3729 13855 26842 23755 11954 9748 22016 13303 24181 7431 17039 22225 32092 12565 25965 29266 17069 18632 25454 29985 2354 24242 10720 23139 17720 29702 12613 7436 26073 6811 12609 20296 32659 3763 25433 14657 4338 3790 19614 21189 22660 25003 2875 23541 9323 28822 26495 11951 22644 21170 27840 1565 18718 4792 25049 15182 23047 28945 30737 16593 21026 18799 24722 32410 21842 11376 15152 28093 7383 30350 3357 17417 8595 10486 14282 20411 32110 27609 21607 23479 27239 4275 9788 3386 32618 16261 14937 14338 29203 3877 27836 30764 23022 9080 7603 12091 7506 2508 31017 31232 27113 16363 13882 17522 10626 22957 5576 32067 2082 13977 17368 19751 31694 23623 6147 3157 9990 14183 13256 16990 12553 14173 28866 19393 22235 3020 19164 3364 10568 12437 843 23788 15435 6977 6998 8131 24259 27956 18138 2816 6818 5784 547 19975 25846 31723 8286 18305 32139 29673 5858 18560 24549 29943 30720 18990 4757 5160 3213 21368 20755 22936 6868 13411 16452 24457 5518 8847 7723 13730 28794 16661 32019 6790 16348 14981 7304 21111 19282 28871 16660 14532 24477 21025 10029 22480 4973 14781 32753 5741 25337 19047 5430 1171 19061 10808 5437 2694 14479 22293 5592 24087 28210 2186 1357 27019 16276 18897 14125 31995 12655 
6916 8597 32021 29809 19697 9600 12607 20095 31109 1169 4214 21156 3396 16167 19883 12543 22160 9234 21481 4944 20385 12398 22034 25279 743 25399 26572 16570 2885 13099 5180 7486 17067 28845 31500 29057 26490 27 22614 2926 32664 7078 29435 27386 1812 7887 17346 22897 28670 28313 6735 12122 13441 30541 11378 2031 30242 10297 26768 8435 4732 16407 13935 27486 29035 20474 8612 31066 20323 28814 9770 24216 26815 11674 19570 22358 18071 31582 28480 14912 10578 27054 30787 18038 14575 27549 6254 14853 17954 8698 24621 30513 32354 25883 25708 31370 25457 20687 16455 17866 9104 8814 7338 7174 24878 5394 16646 24228 23865 25142 13377 1721 12011 30942 9984 27354 5574 28764 25317 8858 24294 2737 10066 29169 24517 31217 19476 20303 3282 30719 28203 16422 25546 17082 1678 20503 30688 22274 26292 9045 19904 18915 19408 13578 7414 24163 21932 25313 2269 17933 22125 18733 18839 32706 12225 27655 2766 11620 14609 11472 7203 818 14326 18244 14498 6607 1247 26496 28749 32078 10181 23674 1440 12145 20050 6958 17615 16140 11943 21991 23442 13979 12128 10831 22942 24154 17048 2938 27862 23945 14911 17107 23063 15571 12587 2090 19766 1879 16257 28532 5176 15732 16653 9230 22441 31412 6195 9445 31725 9185 20353 25980 15296 17685 17518 22055 17272 6087 16472 15574 16718 5016 16074 18529 12086 19830 10006 16779 23804 25863 25724 5999 20624 26856 17365 25729 24710 31144 30568 18795 12465 30403 4092 9007 15121 825 25942 10704 1005 17659 9838 21228 14638 32472 20748 29524 9552 669 4132 4855 10054 10495 17398 21944 24059 11579 17055 645 12134 21303 23411 1291 23108 27861 26840 23281 12483 6198 14549 10573 8033 6468 28907 14530 26720 25979 19261 13028 12330 23485 6826 28291 5600 30057 30785 17436 18603 18680 8022 6034 21421 7142 1452 30601 25130 29377 21434 12654 26502 26980 28093 4101 111 3883 1802 3974 13312 24152 30848 858 27355 2383 16287 16369 13076 20449 28337 5605 574 2285 3870 1677 30920 14874 25363 571 22019 25500 28975 25176 8093 17260 6674 14468 29990 11178 17310 9152 26777 16850 24179 21754 15492 4448 24788 5345 13797 18546 11861 5346 14057 13285 31447 22519 4785 25124 31538 16066 31669 25492 30241 26112 19376 19577 22040 18783 17776 10883 13128 9208 23496 27697 23748 8607 32437 25222 11079 14633 8625 3567 6752 29814 15838 14449 7798 13829 15799 27030 29685 24311 
2795 15907 11599 22531 10466 13514 12356 8694 25338 8223 6882 4031 16578 17659 29952 12319 31982 9633 23071 30222 23675 12053 16721 29902 25359 10138 30087 30864 20125 21492 2442 7558 20942 22986 20805 15347 23330 22126 2081 30948 27352 24015 25146 16700 2003 27266 16660 19206 3528 8361 27442 19980 28082 13517 20408 3455 25685 2235 23742 23002 28666 32222 29978 15922 17669 3680 28758 31850 12859 3853 2664 6980 28976 31709 23971 22397 14419 1367 13646 17343 4816 31021 25272 30276 9503 8740 30083 1211 29208 6920 32620 29977 6111 7376 12483 3936 2228 8152 26229 12579 9312 20298 25399 24264 18852 21378 30740 32045 24064 28163 15835 24698 24970 21914 31608 1727 17180 29992 19161 23098 23296 25824 22991 6338 32575 5108 21804 4170 7732 4488 28442 2300 24562 2729 7398 4670 31669 23403 17174 18770 27511 31810 16181 10263 14976 19736 22372 14053 11286 11182 32013 4864 2383 32735 8839 9713 30328 32075 1298 30394 1287 26348 5699 26979 6433 20651 4833 6276 19416 2036 19452 32711 3121 23690 7948 9242 16985 20545 8440 11439 15976 30890 10485 6461 809 17536 17950 31321 12963 4042 29856 21053 9589 9430 24196 7696 14066 11568 22959 2470 22903 11410 22217 13265 21547 11248 25260 25895 30505 6979 15518 21378 10516 15230 23930 22690 13488 10512 28806 26011 26887 12080 4325 32166 26905 30303 6560 31590 2368 14806 22776 5818 4566 9595 29090 7748 19903 12681 5199 27437 11570 3131 2212 9063 13850 7437 15287 15284 4027 8976 26094 11209 1792 21547 8915 2147 9939 3148 7201 2686 7018 31230 18731 29486 201 4542 53 13276 9644 11348 18628 11055 5952 1209 22564 5722 15814 28772 7835 19949 8405 31638 9335 16944 15191 11588 29582 27926 21679 31301 2720 27045 25975 22831 26904 6896 12249 15709 6428 18183 19785 31849 4910 22468 17138 23371 19604 27267 5707 13612 20856 26124 16278 4448 11837 4590 4279 4123 30504 29498 26604 8539 13951 343 6509 3044 2642 25200 21159 8737 3269 21171 28300 24289 1021 28007 26539 19576 12690 18635 19128 18157 2883 7171 22411 24330 9828 31663 24488 17690 24548 13708 29947 2978 27154 18213 11658 17929 21409 14082 5989 4169 5100 26569 2391 29413 2333 15673 5847 32111 16280 30715 5167 10799 28086 11623 21081 24387 31464 5823 764 32501 11190 31364 11096 9809 7373 22833 27912 20189 11804 25790 6383 8976 9718 4198 32057 18908 27753 21091 
32521 21820 18827 7227 21830 19670 10062 15208 19174 10409 3860 27799 20804 3126 20573 11666 29845 32289 4076 3592 8180 22204 10686 28282 22302 5464 8791 16264 11730 31319 1782 7474 7950 7588 2195 5127 6217 313 3416 1205 11218 7716 12964 13373 30373 31151 4960 10604 25626 27865 12981 31203 27047 29206 365 15584 21516 28093 13208 26907 11091 12463 32035 8940 26774 8007 11353 25316 15186 21612 4174 30697 12963 23513 12188 15642 8712 25212 5007 11346 11069 14562 19491 12866 22773 10395 27558 31971 3781 19731 2598 4471 19879 22935 16598 23690 14993 20495 32408 19065 7466 27494 30470 7899 22747 21100 18279 7552 14787 16640 5788 12823 20515 13018 31304 7017 14036 17743 2336 3560 18483 29845 21558 5468 20116 18410 23294 17178 30668 3119 2681 18679 20274 7260 10849 21158 15351 30266 1359 3565 16289 8551 23447 8417 16699 1324 3128 12219 11345 26366 19714 20784 24065 1288 11763 21468 26573 26890 17638 27397 26719 6313 24170 8972 9109 12969 30511 3051 11799 8923 8915 11937 5642 21881 1224 1825 23493 12735 20506 23933 21190 17212 32552 20572 27173 25563 15460 5678 2090 20962 4580 10526 30473 15874 15891 18559 31453 23982 10163 1002 17619 22341 952 15633 27679 11876 6936 29437 15534 8326 4002 4736 1400 24967 3846 29187 11343 22503 16425 6833 26514 2968 29075 24318 5922 12852 2941 8744 31575 23063 12526 1961 6839 20711 13766 19640 20472 21936 31472 30165 20704 25509 32548 28364 15678 1278 8420 29463 7766 11465 25824 1731 13501 23636 15177 32735 2701 10185 13690 32014 27729 1780 6118 25913 14831 20089 26276 18203 8906 21631 18558 32564 31759 22179 21772 27256 8445 24965 3974 30516 26373 15736 1321 6743 27262 17961 10898 2042 20475 9151 9837 861 3556 28395 16810 21279 9506 5477 18246 11886 2715 27845 20699 9283 23480 6426 27486 30439 6846 9010 11975 17574 6423 32641 8075 1855 17828 2494 25439 24687 11887 8921 9736 32143 5210 13239 5373 24859 23272 25497 28556 19566 24569 12201 8316 24567 16779 4435 3362 9861 29537 5555 32110 5709 28954 18623 582 20435 16498 15275 9567 9942 22989 10594 18024 22289 3494 29859 14711 30987 31715 11300 18923 6078 26175 25634 10329 28327 21026 26180 22900 10085 3892 17270 28715 6983 656 32243 27076 28247 27472 19848 9364 27376 1927 30816 11221 4304 28403 14210 17842 10701 25278 18425 4889 25330 22888 28155 13085 31518 
1993 5808 4511 21898 27474 7976 15690 25201 32075 18863 20355 1577 26946 8834 3662 20422 1748 7931 14371 31828 4509 6807 20120 32384 11735 16003 6557 16483 7912 23414 31902 1710 30989 758 22216 31846 29034 16280 4156 6499 27155 31935 4779 27092 11984 19517 11107 3566 14565 2194 17657 17568 2764 19433 29687 4291 25684 9345 9342 21464 16899 22057 24540 22178 2587 7762 17389 29668 19472 14847 19101 19944 5954 28763 17180 7572 27782 9060 13218 16571 11282 22420 26389 11112 6532 6496 26721 18099 26775 10122 25116 25728 27899 1553 13462 31372 9631 4683 24529 32733 6497 26006 5199 28148 4947 26441 17462 9912 18696 11580 28120 28091 3815 3589 8253 7649 2512 268 28152 10227 15294 27620 9353 21193 9854 23409 1464 1497 21082 20875 12321 7203 19177 7064 29687 20376 28306 26468 6157 25448 27873 15922 7712 28630 3319 13964 30355 13940 3070 4417 28948 17155 11974 23344 3644 8122 5548 5083 6987 3482 13577 18733 668 15667 7582 23741 884 15871 17705 18243 7690 2244 26588 28537 10011 20510 10906 15186 10633 13734 20303 25266 27970 12708 8805 21599 21417 1624 20698 2255 18543 6066 32635 3856 21079 16730 10330 7271 31653 19915 146 28986 13340 15411 6393 28672 29743 13714 18103 7296 31364 31639 2336 12233 19798 28669 14949 968 18120 31154 25004 32094 1630 28578 2456 8728 3346 25881 2065 29049 14883 6644 27232 5049 2711 22170 7310 15043 32167 24302 1725 23158 1270 29120 21320 25208 9850 29737 19816 5696 5409 28325 18608 16320 29458 22207 6078 13633 19404 17736 16608 25388 18489 30620 32283 24035 24013 18347 15017 3824 12723 24570 31819 32279 29781 4819 14139 10061 21219 4357 19578 8325 6939 22748 27645 22039 2288 21654 2412 14168 3810 21405 29469 610 4008 31763 30381 5828 19080 9338 7472 27182 17997 28161 25881 20896 29545 5492 18445 11908 10652 2451 12299 31726 13006 9833 1516 29120 27195 5223 28665 1660 18640 23927 10647 25407 26341 9073 8109 5019 4211 14847 7993 19685 21224 12725 30937 32104 11335 9607 10367 8687 24128 19795 4058 15884 11126 15995 17645 6058 24208 27635 12363 27689 13646 22856 16138 9481 11260 20231 7063 32490 11733 21275 5866 29505 1940 21790 32020 18644 4480 29424 32297 15426 20937 14340 30113 5088 18664 3684 27257 10524 3356 29590 23213 24177 30376 4437 4846 20988 20990 7065 4359 10091 4041 16163 5371 9937 30710 20243 
6813 27129 25961 18997 20216 3489 17597 7128 10254 14673 6288 17455 254 8060 25089 11457 7338 15525 15110 13831 6099 25997 19983 7728 5835 11324 9991 4751 28412 30725 9527 19472 25114 12590 9927 31962 26516 28988 13572 10137 549 3043 13505 31429 15972 13550 32317 31479 3956 25615 15478 19842 18232 20772 25092 11083 9518 3420 14402 27766 23741 5012 18392 21494 17156 9882 20858 31594 7761 1713 31786 5587 19039 21443 5413 17536 21446 18179 22058 26747 26763 27074 25441 5817 8884 29561 27342 11666 4568 12084 32567 29630 23845 25097 16926 6538 10872 12129 19093 118 18871 23323 12717 3110 13885 30143 24497 5461 14763 4259 9424 26769 18116 18361 4837 2520 7532 9907 27282 16177 2925 5431 23249 23292 12375 12257 9462 18639 11895 19942 21988 9998 29589 9361 8328 16953 28437 17684 6948 21540 8789 18917 3871 3060 15372 3140 23135 20511 20970 19672 11399 32286 30920 13176 12136 7281 8058 19366 32486 8039 6567 1358 23759 26670 22990 2135 19377 22197 11372 3672 16972 20449 30472 26955 10325 18665 27854 20665 26420 30234 11556 15916 18456 199 11522 32620 24517 24927 24101 28109 14075 27937 2641 4212 29696 31162 17969 3856 19745 22823 27659 31463 31806 19344 15211 12345 18063 25658 17085 17940 17338 6443 1975 2316 11111 26516 4897 16153 5081 1548 1300 26910 32631 13682 5187 16095 3929 24637 10200 19348 27200 19420 25151 30587 9666 14334 23108 31700 13691 27890 22372 31316 19969 20032 28862 24426 27554 20738 31200 7500 530 30275 5689 28969 32638 4116 21313 24385 3961 20720 30621 15633 6577 29093 10623 26254 4217 20750 31930 19018 2393 29027 18295 19947 21624 6143 11542 11414 10332 18667 1895 22614 29408 17047 6441 2423 9778 18050 4817 6729 11702 5244 20215 12443 16949 25844 21869 10094 27008 14151 18076 12714 2297 16359 10602 18964 11354 4589 7931 22329 29077 30462 10525 24130 25955 31299 9107 6423 20729 29818 21356 5635 6053 27700 26286 11936 9087 18423 14658 9349 25557 7305 6380 3049 13569 23379 12633 28328 16764 16485 9292 11764 15693 25155 16290 6448 31258 7343 31562 26527 9808 31757 5836 20587 2017 5358 21640 10172 229 564 21740 31185 22782 26612 17557 24196 20068 18216 18109 19517 5841 20429 30332 2008 19210 17688 4536 11532 11824 18357 6184 31649 28756 13735 13669 12757 26277 16270 20980 23171 3967 29727 29963 7705 17530 3893 22808 13816 7580 27819 
13615 13505 4329 28637 22381 29949 28607 14742 3331 20169 10291 4367 15653 24156 16563 2858 15272 21838 12018 16148 30925 12575 6267 7103 581 11832 31678 10648 31058 17305 13066 31052 6710 22284 17478 7031 16510 17593 10846 27200 2277 4399 23159 5234 8404 32478 9656 27006 4965 23045 5036 2960 7405 7242 27743 8587 29127 12156 29012 23229 3042 12954 26108 15520 26667 1952 20131 7590 29423 1752 273 24557 9259 26753 15488 1958 7426 5018 23843 4869 26196 28048 15966 31885 26165 30546 24106 8433 5308 30657 18322 17365 5076 10552 21937 32237 30426 17975 30449 27616 27695 20787 20523 16628 13536 9604 10466 16540 20952 10534 26387 29122 7869 23394 16626 29141 30540 152 20678 24050 8720 5485 7514 32207 11947 7166 31561 8864 7893 13264 24268 25708 7172 15862 12946 8064 7243 152 185 11758 29387 8242 31728 8274 217 30181 18592 14914 17605 12657 14958 17259 28354 11040 4300 9955 21671 14778 18328 13982 24834 10186 23457 23057 3447 21589 21789 23901 22157 7721 1090 9323 1523 22500 11949 6876 65 1477 981 15870 30610 7447 14857 28807 15492 28465 1268 31519 22135 28575 6407 21061 10676 29805 2418 8502 16616 25818 1525 30085 24673 16456 20021 23715 30845 21277 15876 7493 9315 23603 11815 5286 12574 32017 31234 6895 10671 29908 4640 4858 31485 14754 4054 14707 9918 26193 30609 2737 17224 26216 22259 20533 2283 20317 11937 18805 24532 6438 14355 10994 17991 28618 22714 28063 11463 6121 14039 24465 20892 27833 7491 4805 7182 30543 6032 24259 9031 20271 27782 26868 18033 14118 30671 16721 28946 7676 7991 11641 27970 10631 26956 266 16958 2132 11626 169 31431 31715 5238 10143 7936 26143 16451 26095 6667 11876 32126 16147 24300 31964 20018 7768 2251 26278 21020 13766 25189 15670 21538 18123 2647 25601 3457 7475 2432 30625 6294 1847 15246 6507 28355 30328 13890 14865 30682 26044 4527 30098 26866 14809 25209 5276 15973 6816 7729 7943 849 26487 16726 17760 3365 25397 13940 23618 20934 14666 28074 20286 20656 9901 16223 18572 3161 6315 32616 1091 11506 27994 1321 27551 14228 15674 12328 418 17426 16105 8979 11865 13418 10851 21612 13448 27257 30844 23507 28856 13642 8733 3224 7874 13901 188 29263 29706 19188 2386 31691 27186 3576 22081 2455 19799 1854 16628 16985 700 7704 23854 14729 32487 9572 15301 8888 23242 16805 29984 10772 1290 2369 12162 
11990 8692 8293 29782 31134 29119 9013 19034 15474 26166 29476 32728 28998 10010 10501 15935 21695 23798 15299 9116 28837 650 19389 25180 21513 13823 806 4124 14494 29016 27786 3730 5092 23730 7329 14909 26732 21083 27963 780 22804 28075 19069 6936 20535 11512 11630 1973 16988 20818 16944 3834 27914 16790 19234 13705 9931 22581 13744 24293 12061 6246 16372 9047 7556 10736 29828 31684 2574 15095 18590 26533 27975 2156 32274 23984 26994 21669 6239 21032 23890 8760 23555 11722 21061 11445 10151 30972 8170 18721 25310 32466 5635 17381 8823 24181 6878 19432 4981 30335 7519 31269 26799 32462 13358 25376 14754 12749 27208 23261 10748 24025 1636 17476 18950 14610 11843 3963 10234 27032 11303 12304 8928 8003 11625 22186 8927 13727 22360 18191 8377 2037 27725 26183 5172 31275 12830 31170 21373 20213 28597 1216 23753 14646 12921 11542 6012 4554 27066 2599 9308 1916 4738 15356 9945 22130 1976 10418 6568 2288 3239 29420 10649 12335 10844 3719 22830 27077 4730 19861 2177 32349 12167 31972 19979 26876 14270 19393 4789 26605 10290 17108 25663 16636 7109 26445 9368 31244 22100 16764 11793 712 31090 782 3970 27868 25475 8023 1184 20181 28947 11260 24766 28013 6212 20227 26474 7905 30456 14837 18621 25428 15453 3004 20610 861 25695 9918 3237 10744 8434 31072 3804 13761 16723 11066 21395 17870 9009 30763 3265 19139 24527 27342 10611 28170 28782 14820 11444 14707 29024 30257 15041 26499 20468 26077 22345 30540 6094 26467 14855 23580 27454 9916 9460 16850 6576 21156 23953 25670 757 15721 29596 9320 18128 19598 27079 3839 22288 20215 25813 7835 4651 21312 32170 6666 23137 19640 922 2260 9272 2725 21262 18623 16757 181 15966 17335 21925 14660 12948 4387 30080 11274 24532 19597 28700 15330 5039 19628 5719 28143 8180 3354 11847 2000 23142 5480 22376 1412 13680 26389 19186 30330 17909 4101 20537 28222 18031 20626 6342 430 6416 16665 21903 25288 14596 28255 19570 18624 11456 31702 26247 24646 4343 2092 2896 19622 21396 15588 23125 10714 32397 15422 17124 8101 17135 30881 13993 30698 31666 13795 6890 921 13616 27231 13271 7375 13197 4610 325 2444 25699 28305 1247 21388 20240 21728 6847 26922 18135 19908 4264 22838 29252 2508 12944 15830 9504 30042 3424 27679 11138 24671 24737 18119 5288 29592 4174 32227 31632 30927 27 18069 31736 3310 15318 30300 15572 16246 
7683 24559 18580 12683 11516 651 28857 3088 8000 7735 25793 28905 15235 13278 24495 405 17972 12736 2209 11161 20085 8563 26055 28224 30098 19818 7201 26578 21252 15598 5120 27525 4033 13459 9718 3387 32747 26665 28637 18920 29793 32234 23502 22876 22403 1634 30766 29707 6024 31502 12982 14377 28487 19306 14812 2352 26200 2040 7667 847 4715 7115 32035 21375 17722 23756 806 29560 9514 26623 5423 9254 1725 798 718 13424 14247 31535 26476 9238 29534 179 32233 1679 19838 4936 18478 2798 3893 22362 25349 3264 19886 14628 8522 13108 2453 3648 20995 18836 23129 12535 6312 14977 5243 31038 15775 26253 26524 22087 9370 22540 13748 19347 15622 24889 32102 27848 24327 6088 15979 29108 27275 201 14192 14530 27882 1532 12951 2665 7920 19549 14500 20102 7847 29875 30555 2807 1479 12307 21938 27125 7533 25889 5196 12969 21226 22255 22187 30503 1647 8783 2449 8738 1272 22200 10628 9435 5237 8579 25078 29940 25235 1318 25460 19643 15098 21083 2506 17903 16459 14713 11449 18396 24730 21936 20432 31049 5435 208 1546 11243 3729 25553 4963 26054 22422 24748 18427 22369 10574 31670 11058 26133 5103 17665 22668 31897 17585 9031 320 28649 20407 17737 24956 4714 23095 4610 886 29858 12139 78 18925 6257 24699 18568 24658 6641 32415 29319 25840 10866 23357 2738 18149 5352 16467 9297 18524 3455 30057 19861 5264 1155 25993 6459 31155 916 2226 23266 9627 21130 27940 16866 16795 4075 2360 2096 25813 7742 8637 22094 32421 14164 3746 20698 13121 10084 21658 10678 4986 6489 22102 12534 18640 28901 31786 22308 26889 1336 24877 9626 13968 29724 6702 23563 4059 29627 26025 18060 14185 21656 4355 22850 16266 23996 9716 4921 15821 21468 13071 12085 16219 16393 2232 1044 28360 1174 20866 31591 7587 26119 12181 12873 8920 28660 4682 15517 25103 17934 26895 26355 20600 18188 29440 15013 21951 4757 6561 4708 925 1006 10507 26059 10147 8767 8111 6713 16038 25377 2038 28879 31753 4074 32538 9493 31079 6568 25609 3764 446 17267 13840 24782 28966 19005 10508 29983 6213 6238 418 15982 21079 8473 8368 31641 1685 677 26674 32190 4470 14712 20421 4296 20317 24952 25297 21003 13872 18230 27693 26934 18388 8567 29021 25294 30934 14710 26412 30649 30418 26852 18201 30219 12337 21210 4485 24957 16238 22337 16496 9998 15874 13934 16797 6173 2988 17661 18494 21669 
21899 14601 4657 12113 10657 3382 10982 18734 9169 3771 27550 1716 16724 23771 313 29934 23285 2660 7683 14655 18559 18248 13150 17189 20431 31053 6615 27670 28884 24306 15332 12004 20953 1393 27699 20908 8775 8437 3837 4042 24041 8292 2350 5239 18134 28382 8384 23417 14880 530 2872 1193 24702 6758 10599 6414 20448 12690 2343 30528 25631 25654 15584 28224 6667 3227 22879 20377 17753 27200 29683 21271 27518 27112 8639 9844 7036 8235 4515 13969 25984 30891 22646 13145 12020 20319 11374 30660 5842 5336 7913 25298 25486 12318 1508 13897 5650 6485 26196 20316 30840 20782 7166 27909 15466 21158 22526 21188 20520 32579 250 12724 1204 5884 28204 7972 17398 15776 12326 4617 7177 30159 32668 2524 15136 5412 27713 29488 20186 20617 9344 25977 19735 14474 19159 28862 28841 3095 23488 20177 18349 2704 29638 1960 2110 8224 20433 19673 995 19163 32451 32542 9497 5842 20286 3253 6268 10429 28124 20608 29556 23203 1333 23877 923 21296 26023 21153 5554 11545 20903 13119 10081 23477 14624 23127 28158 29524 9714 24935 25816 19792 20594 31030 4334 25231 27436 16896 23948 28251 15235 18524 25021 30321 28488 9218 32278 11920 16232 23152 13685 15997 20658 18032 1190 20770 11296 9766 22361 28556 8672 31445 4941 16688 4074 22462 32696 4478 22362 16982 16209 6258 8943 19521 20887 30251 3847 15453 6231 19210 1940 16988 7491 23190 26165 30658 24826 21858 27030 17514 11186 28026 32094 25970 7277 19729 6657 25382 2438 899 14116 21761 30037 883 28454 24384 25959 22311 30808 21711 15305 14293 26725 18932 28523 2232 4427 14192 32624 32011 6979 23039 16308 30238 21092 2673 31937 10789 6492 20326 25599 6005 19766 27752 5353 20392 5993 16284 7768 10364 25261 6479 14314 21120 32226 9824 5251 5418 27696 19613 16523 27058 3082 14432 19678 28888 11549 30201 19527 15680 26382 22271 5579 2252 20178 18837 12725 15755 24184 14151 3431 28693 2057 495 25519 15808 3913 25030 25146 819 32301 10976 695 16799 26611 2691 7512 2391 32018 7849 15845 4353 4877 16193 18348 17501 10638 26296 20334 20135 1514 408 21551 28186 2023 9207 23332 10648 9656 23084 21836 27208 27794 26595 30844 22725 15520 1315 4836 1829 20527 25724 4575 29824 5657 21441 13196 12273 460 8301 18766 14613 7608 11803 7269 24281 28829 23557 10574 1547 32555 25699 2419 14241 21046 23956 19611 17908 2964 28601 
5168 24005 21157 20935 14670 9193 6164 8259 32252 921 21142 25000 31099 119 29808 11970 12589 22171 17027 25998 29141 22879 30505 17093 21828 13570 30279 1604 11175 12028 20314 20709 19672 244 10074 28589 26613 21875 14731 12081 30424 31250 260 5800 2597 22081 18595 26071 10673 5455 21984 19781 7629 11434 13088 20553 32353 4297 3737 29465 28493 2359 1720 18752 21815 676 24545 28205 16619 22132 1686 19118 5845 4618 13009 23140 20819 26474 30414 13393 30411 30791 4626 30143 29119 31595 1852 10871 14366 4510 7817 31952 3976 29348 7281 5568 8255 1363 17678 230 13739 5453 18737 2709 644 20031 28333 1120 18200 15854 25961 22663 26471 16094 6384 21226 19770 14232 22814 19083 12217 5598 838 26162 29723 1554 19039 11284 26909 18393 29047 23616 32235 12628 16891 22447 12434 25982 8739 8321 16773 27252 19064 10960 25631 32245 3527 22443 9710 13079 11140 19340 4985 5623 29642 20042 11498 22610 27782 25145 14729 29712 3646 22324 32542 29627 24333 20273 32243 6156 1496 7873 15071 8957 18892 10081 3791 21116 10951 2468 1560 516 15895 25406 8579 14612 3469 26742 7411 2270 680 17558 12121 17587 9995 4935 22341 8284 20176 20606 23859 24009 19972 26446 18536 16333 22148 26186 6617 27106 20307 24650 14519 24148 2463 23336 3511 15921 11192 31857 3011 13919 10923 23599 4016 5269 10122 15364 23617 15864 13043 6894 23183 30582 12113 12632 30193 30797 10228 18406 5511 16340 16576 15928 26236 18061 10234 30451 10592 32047 23320 27045 15357 1462 13132 27264 28008 449 14125 26107 6470 31373 10119 2305 5626 23075 5763 18942 631 16856 26603 21197 804 10318 12333 18975 30318 14301 8202 6657 27798 30011 10533 56 21579 5666 9643 23606 23781 24522 27816 1619 16790 7367 24784 8169 15705 13821 30531 29947 13800 31570 1417 23053 28631 7318 11518 935 2529 26792 2845 23081 10311 13987 32670 12942 19135 8896 29324 2873 14229 28533 12659 28104 12269 11801 19220 23057 26007 19561 29322 11037 16880 12944 12971 17681 9050 18644 27073 20085 6353 2284 10874 13828 20127 10956 19022 26980 22923 24830 461 10607 16534 13111 11241 30197 24118 18197 13268 5715 21516 9062 31369 4979 9890 8986 13053 26799 10286 1486 6958 29435 22012 2131 3456 20993 15157 9649 15604 21940 4382 12492 28068 12871 12616 8150 9450 25774 21521 23134 29284 5701 27826 30187 606 5163 23976 1334 7060 8084 
32322 22572 26283 30753 77 27402 22816 21171 10316 32729 29354 27280 25329 15066 11569 23812 31430 2314 28015 29408 27076 3954 20775 4805 9760 2960 19833 18343 19376 3161 11392 32486 10909 28807 10423 6345 11589 14080 25844 23942 19362 19200 31252 21013 13930 24558 22832 17555 29276 22099 1746 18043 28837 24824 18941 4958 9596 13166 12536 17142 7168 31032 11769 19462 28661 12847 12137 2554 19760 28498 10499 13130 1763 1726 5069 605 27404 2342 11454 30398 21045 5734 18056 14547 2590 1001 15829 9206 21599 8302 31903 27777 17148 27322 28542 23759 11133 24378 24228 11736 30893 32575 16431 26149 25679 6366 9700 13630 31294 11686 11858 31512 24763 717 23597 10622 24486 22479 373 479 1046 31158 15937 13427 9712 4344 11079 9809 21117 11729 29794 32644 2189 30561 5507 16712 12826 25752 27974 11594 10935 834 30236 28789 24769 1841 19380 7192 17398 31563 30976 30634 22115 15145 21818 5839 15578 31011 13827 28005 25637 3107 3926 8455 18690 8584 2249 26482 22076 20431 25104 27439 30095 721 25255 26907 9063 19453 8508 31033 7580 5896 11488 21842 9897 32062 17118 29733 5796 2168 21549 32087 27999 24006 8436 21605 22460 17539 14331 26240 13309 23097 21759 20791 23764 21729 24468 951 13135 15147 16189 17398 11348 21218 7442 31042 25283 1948 29329 977 21987 9881 22091 27151 26331 4933 15361 20785 4207 7836 18722 7984 30747 801 22635 1990 1182 4337 29298 22153 31514 28523 8613 15954 15617 27955 4448 26728 26985 21008 24311 15632 20625 28272 10532 19353 10777 31439 4102 17543 7099 8626 24512 26900 23278 19031 1895 19464 1767 11589 30207 1961 11791 31782 1982 12956 14938 4800 16366 32052 22000 13903 23367 54 22580 23165 5729 7847 20943 19589 17226 29515 25748 3321 26002 366 8584 17873 15479 12600 29786 11980 26776 24845 31794 18445 18629 28162 24702 31583 6820 8857 10292 25091 9307 1197 19596 26031 21442 27376 22980 6040 15905 13564 9671 18995 31239 17729 24328 23938 23264 17517 3104 4181 24874 19720 17762 30878 16068 1079 102 16478 12142 5883 8417 9757 363 3522 15629 11700 32709 6192 21427 25695 27905 492 12053 5309 3784 12987 24944 15724 13686 21531 16129 13539 11039 30728 2204 24538 26895 2587 16251 15931 31179 19716 12574 13720 5152 8236 30989 15105 2158 5281 16888 29743 14600 18098 15582 20714 23540 31940 3724 19544 22117 3545 12164 4762 3958 17130 
3773 14274 3238 1082 12204 23712 2925 15651 30369 1205 9555 10535 20753 22325 12311 18910 16604 18999 30404 30299 19493 3157 30410 16439 13673 3741 17269 10888 10309 7158 14767 32564 17083 10682 14830 30105 2392 29598 4717 12621 19883 19775 26321 2078 30794 5294 9681 1758 11226 4401 12108 13928 15025 31198 9769 31416 16065 16118 11602 23593 16807 20111 20139 12861 22815 4295 26279 19295 30318 4551 3448 3416 14710 24052 17347 18743 28085 3402 21921 18410 10466 11068 25078 10538 5687 24137 20130 13913 14888 15582 32117 28673 27791 3369 17171 16803 30119 5350 3829 32637 14178 29649 14444 14679 11044 29830 8869 13335 12967 14909 16426 13788 12078 28432 20531 28546 17092 7215 10915 8358 30327 32307 31885 20702 25286 15292 32072 17013 6443 1883 24574 15488 13845 16082 15640 25503 31981 29015 677 18527 30412 10732 31579 28217 16325 26 22634 10798 16254 32588 3244 1325 7073 9361 21744 17370 13702 4417 12343 6001 2347 27670 12886 7463 27973 24959 571 1529 28557 23812 8512 1948 10129 19848 24692 11328 11880 19960 31484 15311 22821 22693 17576 1257 30767 31769 15920 23762 10449 1831 22356 23775 24290 18967 9850 22112 24849 21245 1948 12357 14478 840 20024 26189 5249 1129 27379 25725 16884 2356 5612 17489 23431 11266 28756 31284 29691 19191 16719 8384 16923 15795 26876 20993 20894 27977 15562 16262 22674 15706 2548 15095 10058 16552 3468 13435 16704 23664 28898 27159 4755 19204 10733 5415 5067 15269 5765 24101 1226 30387 12866 27047 11260 24923 30440 30715 2110 21465 20920 32252 20700 24113 31564 2295 18063 32399 11790 9786 25094 11162 5134 1461 22916 12928 18925 11792 176 11246 20588 31911 23200 32143 32470 4617 1417 5090 17400 32500 14627 11028 19531 1263 24978 30560 31613 13665 28722 12594 26736 10479 25262 21441 14712 3343 29006 15417 7867 28461 16000 8036 3061 28863 31153 12789 6808 23963 31506 20389 9518 19028 7642 7577 30658 11796 25374 30645 3849 32764 30984 18532 31844 22894 1789 19219 29624 22600 12730 11409 2650 26971 5861 22209 31895 24304 18389 17861 27931 23689 11935 28978 16431 32119 19340 32673 27792 20392 18554 8468 31307 30407 27168 23668 4265 2341 11846 17857 16354 22691 9455 23831 14871 18160 16901 7223 22022 21942 15656 6279 427 29629 9185 27021 8815 11528 13804 26543 1214 15989 22451 21507 17104 11065 19413 17451 30919 2265 10091 1392 8309 5829 
27756 15664 14691 17305 21715 6457 16336 12945 12113 31194 8348 19456 22181 10579 21030 18952 32383 18066 14334 15509 10808 24680 31714 28460 24870 1878 29043 27993 2051 27579 25896 27495 11903 28889 29775 2553 27944 17521 10036 147 18198 9930 7003 15800 7962 24804 26460 14516 22541 7202 22509 23878 9980 22804 22811 23364 17237 23988 16424 3205 22208 832 30546 2113 5386 24461 2938 29100 8592 27086 16532 28935 2530 12556 22346 16596 3222 14604 3357 29446 3096 30648 27267 23626 24308 7208 16453 10485 31395 20583 16451 2506 5749 18791 5846 30262 9379 32053 13714 26749 10415 5018 10612 13168 23188 10676 19117 20223 19003 24946 10170 10391 10692 29513 28127 15626 23526 11916 19734 19048 15620 8456 15662 11771 14254 24340 29152 18308 7474 1809 3293 28296 30556 9789 23369 19058 28936 8028 32108 26006 24516 23406 28099 5348 3412 27222 20823 11817 6559 8533 22600 11667 10555 15380 1950 24147 1481 24034 14353 12159 22384 22484 14335 282 13921 6827 27993 19281 1791 25643 151 31198 6677 26672 154 15220 17840 18379 16778 31566 17567 14092 706 2286 12278 21614 4025 31006 29322 30013 21151 21462 743 2233 21154 3292 22562 15833 21725 16706 611 14842 2289 7481 24390 31733 8532 21724 1772 22027 22875 8072 29795 12199 28854 32122 23450 18435 16273 17835 18774 20012 32537 10223 3878 15228 26378 32235 6953 30188 8981 26965 2043 24050 9332 28035 19637 27074 25554 1129 30615 23485 11945 20498 17170 10131 3067 30014 4404 27854 10403 29101 8933 24009 17016 14536 31187 25896 28422 6774 17282 1757 13388 30953 8334 1020 15920 2486 26238 2984 4676 21314 21068 13777 20365 13466 30771 13218 18100 18944 23017 16060 24413 6867 8652 22360 16147 26566 16379 13003 32291 23514 17817 30883 29186 20772 10816 17091 3677 29862 18877 7415 27006 26883 23011 18900 24477 24859 26952 28913 32094 23342 26509 17049 4259 11665 3263 5662 25694 24792 27117 6697 25940 8939 26174 22306 4133 5711 16903 6459 4996 11957 9843 715 10313 17825 29990 11736 11085 6738 10415 19113 13060 22047 8934 6642 1431 4680 18678 3841 15653 20500 17985 4332 3307 9340 641 8014 14666 31778 18693 11164 16195 17824 28596 5730 11666 15638 29377 3342 10745 4507 18519 4935 32745 1366 20242 28966 5246 12853 32413 12662 23529 12681 8812 16818 24534 7254 21441 30053 26406 11909 27517 25630 29893 1315 818 4523 4706 14330 
3770 4518 20378 18780 30570 23463 30437 28187 22160 23075 5427 7449 12785 28729 21389 9953 8496 10551 24065 13278 16754 17121 15629 29163 10177 17428 19725 29473 14123 18876 18886 3188 7956 28420 32037 18220 434 17830 23742 17409 25922 9372 1994 29997 27297 23881 27027 25196 2251 10073 15948 18747 15774 3995 23473 25739 21540 23573 30169 29105 23838 858 5391 8418 4912 31197 20678 12544 13065 22028 16121 18514 27252 4951 9421 27931 9373 15351 17621 20977 26648 31524 25494 1620 19062 28895 8492 27281 14141 18096 4359 29666 9455 18922 20250 32438 16726 23105 210 7593 7292 10611 20888 16515 28825 24262 14332 26807 14252 16547 2480 26374 6394 22181 23824 24817 19249 29590 12112 10362 12356 10256 24456 22988 388 10534 28638 31429 31467 8999 20119 5579 12833 12674 19693 30050 7401 13977 27719 17378 11610 12567 2989 13224 9672 24450 11889 15229 4548 32501 20673 6132 24726 25405 15032 8457 9488 31878 17959 26672 29921 17704 31593 737 6973 673 23167 18956 30766 11505 12427 3681 2963 27083 15188 15993 27607 6087 923 5852 26694 29446 4777 490 5495 30622 25514 14067 10457 4563 10593 3426 32082 18780 2210 4271 8546 5234 15509 30827 6923 25356 19350 22642 7666 26634 13120 29403 20444 14252 6028 24851 30754 28959 18288 25605 22870 10689 29915 5618 8872 27512 28243 27247 21555 15540 791 19636 31145 3832 16017 259 31196 25229 24646 20551 17282 15672 26169 13636 28556 17914 26287 14515 24152 22015 3086 16448 12424 31952 20947 7721 24034 25062 14068 31463 20517 19973 27216 32177 450 30999 13084 7219 3043 10686 26086 20021 13553 21851 24686 19897 28250 8590 30617 12497 32333 7396 20987 4330 7379 31222 18745 28947 7382 9479 17951 15571 21627 20984 15136 31153 14946 17884 32127 16369 13929 20102 14275 9696 17731 25323 12549 11008 828 26785 12424 2936 7124 11989 21343 28623 19458 22255 10359 19819 24513 1872 11833 17846 22388 12153 30790 22934 2925 18198 28507 17130 27990 22450 10739 13909 7378 32274 20537 23834 3673 24298 17987 17379 11117 10218 11654 17479 16801 32194 3958 24126 17297 833 15894 16723 28883 28606 28454 32676 6888 15704 21061 29794 28419 20853 10914 26689 31593 1057 27512 10217 22522 16279 24996 2516 24782 30617 9719 26974 22809 15685 12118 20655 4637 25864 5669 22077 7244 17984 30537 17302 15136 11264 31537 26685 23050 9908 19126 28953 11399 10720 14260 32327 
22818 16007 11881 12623 16813 15469 17862 21014 29983 32138 22138 28590 17982 31749 31523 16474 21845 6773 9323 2977 2401 8169 26377 13249 31293 12825 31883 29145 18194 22279 25345 31786 2027 21242 5240 6306 6025 17471 19569 12823 29353 31031 23143 5078 9806 14018 10539 23643 30739 8385 10023 29327 24484 12185 14156 2175 8323 3609 8516 16962 2026 20058 7001 20853 4421 5862 7227 2383 29068 26822 10888 15210 17967 30895 2317 32065 16444 27974 17502 3393 16379 24586 28315 29624 13130 18707 14057 31555 12804 2550 29674 21252 4651 7847 28967 22496 5218 14508 18296 12096 7783 3529 25241 22894 31189 19316 4953 12376 3224 1026 2038 27193 12136 20327 24459 6987 23646 8248 5031 21468 32207 10069 9543 32696 4725 29977 2389 2912 17616 24129 29011 30248 6490 11849 18517 18214 1743 13514 15422 3230 24366 489 29291 13441 30353 1518 9468 29137 18288 10460 28231 23507 1565 23400 32603 19838 31718 30702 6987 2955 23355 29607 4586 29673 878 26020 6107 18751 12643 30831 26097 26084 31479 29158 5206 9030 3621 13047 394 32663 2795 16527 13430 30517 5550 7322 5501 32326 25409 2936 20804 31678 29250 32160 29763 10699 641 16937 29074 32323 26883 7563 3461 17087 28356 17888 18239 479 4252 28364 25632 13912 11502 11802 11759 4851 3554 29125 6939 21095 788 9152 11509 17684 12091 26604 12676 8962 4571 5659 22495 6606 21357 16286 7942 12381 510 32598 22164 10278 23047 19759 17086 7221 31040 12988 15709 20858 13561 19144 10401 18450 13183 3478 31289 5268 24459 25528 7147 3533 19132 5972 28713 4944 23601 24050 5284 26994 19351 2195 11383 16588 9542 8390 16958 18449 29591 27012 2162 16361 20992 23573 5554 30839 893 21758 2445 17294 16636 24471 23497 28554 23035 25891 8731 9255 20774 32679 13469 28961 26802 22522 13748 30000 26524 26175 32595 10022 4541 12734 30756 1543 29571 27011 14374 26805 25669 23887 259 22738 24179 21690 11824 28443 22177 27985 4473 8824 31924 15720 27463 17254 10841 5228 22813 28727 23570 12630 28867 17127 8809 10583 9152 4015 18386 28875 7090 8215 11278 12245 31631 4515 18530 27180 17080 32693 24109 20697 15199 355 15938 6243 15383 7645 11692 19502 1264 17119 3706 16766 13348 2009 22599 31619 30365 22835 6094 25950 27162 22135 24871 907 22513 15700 22263 9304 32259 27915 3490 24171 14679 26599 9506 518 20577 11691 26555 12352 5665 28858 
31821 25536 25483 23039 20763 6899 4351 595 28355 7033 14752 10832 2034 32361 30302 31993 2665 18354 8209 22154 6549 10226 16407 11436 6395 521 3881 25523 24658 1469 30704 4053 3380 1517 17391 31281 10122 1771 12645 12544 15410 18926 29347 14007 8100 54 32304 23516 23137 11082 6714 8652 1835 25128 13817 25371 7737 8636 12750 27894 25060 8650 31301 9118 31388 7385 16486 24527 8559 7842 13002 29335 15339 24800 6226 10598 20062 3388 22911 10841 16304 14041 18404 4431 11901 28959 1666 16008 9770 622 22316 20627 7455 6326 20512 11305 8260 8411 8498 14602 9455 29237 3460 25455 24056 12166 24249 3464 10954 15904 1420 13704 8278 24158 14327 2118 5551 32252 11692 6439 9174 55 23981 28201 14412 4309 7584 5974 19460 29948 8857 17333 28812 28017 30085 13609 3781 17414 11336 25950 24198 9916 7190 16974 23679 15399 5842 2046 17040 8119 9738 8735 26840 1658 15431 20394 19219 17959 20881 2899 6286 24958 28267 28135 12452 31038 21463 16387 10497 20127 13717 29600 9657 31703 24877 25493 14972 32062 26163 32761 29070 76 6424 19340 7761 10161 6791 1890 12897 15489 21827 6798 32729 29493 23116 18190 23831 9372 2887 17848 11444 25022 19113 24202 22288 8731 2231 23402 17452 10355 26623 20297 19594 32240 30837 32455 17589 16282 30188 7395 23018 17066 6438 3372 31847 27076 14832 14733 28419 12951 31231 2252 2549 13785 11975 19380 16159 28943 31150 6544 31234 16806 27996 13419 18744 21181 12366 12158 23636 15311 18420 8786 18175 11879 24085 27162 21329 18231 29235 13664 12442 16661 31972 23807 6703 23389 22052 22651 22945 7313 11380 28436 2075 3709 23276 20774 30006 8667 11381 21215 1225 5782 15275 3372 309 25152 27306 16149 14809 12123 30969 25424 15310 8027 27141 11833 6963 10021 27682 15453 26523 8704 12872 15541 21987 30637 2895 7558 17413 16219 9419 1034 12435 3976 13906 17661 10315 16572 17651 13596 6408 11017 9897 9436 21256 19844 4232 3607 8688 14329 11334 25300 26514 5380 2333 12309 9494 2965 24504 18898 17834 10467 160 10489 23695 12495 8387 16862 18178 12976 31457 24420 26145 10295 31 31335 16336 11729 14802 5169 23610 7840 15120 12497 6679 20574 31126 19278 3096 31973 18483 11276 9859 8377 6370 6905 18722 22010 27656 26724 17420 31950 26126 4793 7341 14712 4204 18251 19763 25553 27217 28120 9107 19351 10685 900 20248 20787 31084 19463 
14351 10288 13009 6039 3699 28443 15962 19838 29926 30515 8594 28403 8916 28255 25553 19096 5713 3514 8419 12433 10638 28766 23588 310 19620 13029 28139 1995 6204 15760 12515 8268 22412 64 17329 12026 1866 11137 31584 15770 9288 5465 24982 31162 32732 1086 20955 10945 23498 16163 3218 1210 2419 19588 3138 29939 1703 6500 24802 18949 21796 9580 25474 21896 31005 618 24109 11390 8398 18595 6120 4825 6625 22875 30751 28639 14557 18414 11117 27577 30782 7898 29195 8389 12603 14428 7425 29273 6338 8718 1986 16761 11211 9862 13367 18177 997 8791 31428 3371 18079 31006 6155 25012 4311 22173 3513 25494 26774 31715 23073 24277 13210 28536 8536 25235 9124 26139 26561 26479 10844 22238 29242 26077 27449 30140 5481 13991 17423 30956 7380 9400 1345 18633 4448 5185 24902 9387 10216 12659 14259 12051 31794 9922 18050 12469 20591 18570 26447 13007 13361 3938 18771 3336 30949 12748 11291 14117 20417 13715 11070 6177 7471 11985 20551 23769 18817 15600 16666 6040 9227 4435 26692 40 31635 28409 13926 16913 1712 7120 1300 364 29893 4948 2862 22006 17394 8853 10187 28754 17723 20503 10967 4590 30770 31742 4004 3169 14913 14299 21751 11843 31037 29778 6244 22926 2930 5947 30856 21207 24303 7124 5126 7653 17871 11952 8429 8181 17818 28946 3370 30262 14079 14959 25846 24862 7425 32519 22488 15089 19752 20208 24638 19838 16380 4072 23218 30911 8961 12763 18432 5027 14776 10063 15875 15074 2855 20931 4569 1891 21479 17770 793 23092 19912 2364 7664 31991 1135 28516 29030 2355 11230 22305 18038 10466 20859 2447 25211 20581 8134 10642 17307 16217 12548 31804 4373 30355 16432 1113 29605 26210 13769 20959 24622 15049 28662 14871 2421 16236 6803 30700 1849 19271 5446 409 27127 30312 549 31661 26606 14260 4617 29595 21157 18728 12200 17883 17804 24808 31742 28834 18940 7554 30669 20255 26320 31184 15483 9580 9600 6684 5595 18356 23498 29956 9232 7885 373 4293 3854 11573 5181 26442 12101 12677 21651 11525 2796 16611 16103 13253 10700 28757 20424 7976 24330 16678 8960 25637 3559 18216 17471 21239 11326 5381 22879 11106 28101 9108 16678 26383 3694 171 15839 12287 25929 12570 24503 21957 14629 15871 25173 4947 27230 20769 11320 2653 29499 12700 8955 27705 5442 21375 5319 25502 18301 21529 16993 9596 31552 11244 5389 31114 17577 10263 31152 31525 28908 31297 
85 4233 27750 5204 1868 30679 1965 9265 5804 3027 16418 8804 13808 25338 14344 30576 6458 32458 207 12002 29928 6441 8800 30906 24526 16180 31215 28974 25395 9272 4375 31523 10043 31272 18003 4769 22993 8348 1867 2223 17655 14045 4810 24427 27398 5583 28954 21304 28226 12105 23735 28897 9182 19944 3654 31695 20829 15791 24847 2247 31 28327 4123 15148 20323 16700 14715 17102 10775 30896 18561 30691 4455 2381 16564 2825 32403 10974 29254 18760 1399 31182 6875 28082 17934 5570 7046 25049 11903 24511 19469 23770 31617 32744 31271 13948 12086 15075 17292 21536 27954 25931 459 26100 26448 25981 6334 9562 32751 22396 19053 14909 5909 26972 28008 21553 10236 5752 30641 17423 24639 2560 19665 14982 3221 20961 1823 32166 29035 8601 8334 11807 22463 17280 26532 32066 11681 30895 4734 4781 10976 1897 31392 16508 15148 12298 10362 28817 26926 7096 23589 580 21113 25067 15805 29929 18135 19728 16016 8856 28732 621 12283 619 13668 16012 4143 4850 20263 12304 30554 25381 6164 29325 4339 19791 21486 10112 3828 18706 7047 4240 19840 15061 21772 3035 25136 29877 6442 21384 16846 27114 16113 28048 26923 17205 30704 20215 11996 15539 6044 16678 16220 15493 26763 15295 1383 740 25578 12025 14648 400 17730 19511 5396 17169 5724 633 23215 4414 25279 12826 24464 24338 29432 31565 6181 28152 26974 22995 23700 16308 5920 27999 3727 16397 9259 3234 18686 23584 5105 19912 4625 21389 8589 7689 28296 4463 16872 16284 20911 27367 5395 26155 2962 12232 16994 4562 26554 19233 24769 22400 27787 14462 9278 32578 11758 4208 2745 27445 1091 4949 28619 1936 2972 13651 22341 32428 30345 30303 21593 22558 12973 6651 19744 30146 32746 25864 10322 21178 18785 6143 26105 9894 29789 11420 7254 7473 17661 7013 16930 27231 20725 32316 29909 14202 9817 22702 8350 1637 26306 19804 3897 20704 24174 9635 3109 15045 11192 21443 4666 26763 12246 21027 8331 29653 22592 30102 10486 3769 3881 4971 5993 28825 4161 13861 16973 16893 2104 12456 4877 29921 17037 3596 11595 24005 18850 7016 988 30892 4279 29077 6867 28946 28813 19772 6054 16076 13273 18090 29675 6460 4260 9596 26603 31385 30734 23012 14984 2960 10231 16546 10019 5360 24019 25844 15898 14785 3158 18967 8214 20786 32306 24813 6085 10010 16086 12952 6104 31112 28531 1802 13393 20872 17349 4597 6012 24279 14405 29769 
20151 7733 8649 495 16291 13561 26410 2320 25858 19022 25513 6949 31 3588 12942 3586 15454 22803 26826 26374 12393 10491 5762 3508 21169 22156 31516 25308 10858 7644 4274 26572 7151 23124 5246 21095 18322 16175 16839 29106 7604 13226 28080 9391 29356 4992 7492 4674 1620 206 17241 5031 21181 20140 30111 9676 14065 28153 27856 31484 27839 27661 2498 5797 24706 23730 29557 11574 12493 4217 11318 20096 29515 8387 7682 30939 20658 2914 1510 4958 30419 16649 17938 32171 31236 13213 13111 31273 3907 26560 4373 868 7969 8473 23524 22432 29814 3170 9692 12786 10628 9146 23503 20209 14359 32058 16889 19554 32573 15713 17086 18780 24211 15207 31508 31112 7529 18350 19118 12099 16297 18332 17303 26820 19296 9761 24279 11618 12967 24421 10963 27479 14753 22246 13783 21537 8625 25267 18049 5271 30967 8401 17436 6161 27885 17077 18162 13826 25316 14211 4317 10768 28433 26023 18288 23187 7230 28927 9164 5554 19280 10194 31394 30844 11424 31683 22424 5832 21052 24943 1620 10438 15749 13623 17698 31916 9451 19256 5998 1675 29525 32468 505 8588 25773 28800 22626 31647 13645 9831 26660 7421 24245 23142 31030 13890 14091 19777 11566 5157 7285 379 22740 17394 28725 3265 16068 578 1140 11810 7797 19958 11567 28710 12178 2284 22208 20679 30326 1027 26304 4989 22032 10063 1551 26542 12720 9037 29393 14818 27187 24437 27133 17133 3743 27230 24767 4690 32019 31147 17902 16089 30626 25196 25214 17456 30682 648 19389 18845 14758 30781 16878 29754 29500 13753 28527 7625 26236 20246 10157 19285 25366 30539 12328 30221 11791 28040 1862 31668 1812 14471 542 7552 5337 1635 1701 14602 21003 24995 30010 13883 15353 14423 1110 30866 20320 1096 27123 28754 28452 29298 31446 25102 2283 9604 2814 15186 21457 26022 25207 21965 32092 9292 14937 27581 31002 6273 17445 25283 9614 21052 12152 3249 28554 8691 20227 2373 4101 10631 20384 20748 4269 6221 16431 19098 31975 13814 26690 16002 15118 24717 31718 21884 21302 6399 4979 30961 23725 28733 1097 22276 5615 30203 31767 9405 24169 8433 21497 6361 9460 4775 25221 31502 5242 2122 16557 10148 23240 21818 28319 22075 23473 12086 27966 9689 26526 15476 20974 8439 18477 28975 13770 30526 14321 30002 15904 28082 596 20452 19122 10918 5427 6491 28519 7716 5332 18987 20405 7004 26018 23598 8404 1554 4470 21832 6180 29818 21677 23498 
10921 6183 5229 4587 15963 32230 7889 31071 9570 16964 16079 4183 2509 15370 26225 15628 9426 32035 3374 785 14765 21556 2454 3879 26844 624 3211 28530 3898 20524 6456 5278 7062 6278 12452 8542 11846 9692 25491 10966 30372 25716 10197 2905 11993 15364 13728 10935 12439 10794 14283 18255 16893 19332 22720 26566 32334 2506 27566 30728 31401 1950 30298 22797 26742 22243 28479 8687 26310 28391 1428 9621 16561 18661 26513 9901 16962 2875 6994 22608 29558 5737 18998 22697 16648 32027 24954 11393 12058 30175 25866 8938 3387 22597 30873 29032 9907 11682 21071 26519 12444 153 15473 21123 22784 8718 10324 25919 4200 27500 7556 6741 7679 16955 4675 2298 4266 2540 9321 4597 23502 14478 16936 24107 7112 22012 21916 26143 32440 26684 19486 20480 15080 7908 20823 10363 29035 31680 7231 22429 17877 10228 7353 13228 17523 28672 24055 12601 22208 20654 22559 9277 17844 1810 240 14142 12955 1419 32763 8284 2711 18791 10485 25781 10093 25050 25504 16320 26099 22094 4903 15568 29909 6348 9753 8304 10313 9872 294 29031 24901 5102 8576 258 6670 6345 27575 2010 15503 16231 24863 6992 14304 24989 703 20995 24210 6140 25548 981 13062 15479 11951 1325 20549 31336 17302 13227 12938 20785 31785 16637 18556 28624 492 7726 4363 8056 15190 6443 5174 32234 23872 6581 27109 14997 25829 13602 2007 24760 2743 18938 1890 30095 13637 8294 29567 25054 4782 7062 6867 14003 11194 19638 24017 9392 905 16265 19291 2158 4294 20225 1456 15259 8903 26720 8831 31293 8644 5594 14328 16280 22317 6304 19261 8044 8837 27366 30293 2987 2297 2708 1159 14177 25623 20939 18742 2637 32563 2578 4637 4199 32630 5778 31229 16125 3245 32710 9324 16225 828 9560 16265 5376 29847 22179 22226 25624 6871 4042 24285 3285 22094 18679 14833 164 9057 21315 19428 9269 7716 4474 30045 16241 25264 5283 8881 9296 20787 31817 12051 26973 20785 5634 27668 3001 12231 29854 12776 25553 29166 17261 12188 15595 24798 25210 22074 12882 3120 9027 1575 9112 13396 8831 5539 22214 29675 6895 23603 12046 28222 22414 30694 22792 7457 26632 4133 17882 27512 12116 30254 10464 18672 10101 10699 4676 7572 14021 8335 9045 6242 26952 12124 21649 13519 1264 23091 29946 1200 18958 22134 141 13205 16317 25321 28007 27989 25358 6571 18151 12972 25316 31228 4816 20849 15161 12673 20706 21379 24341 
17073 4388 29963 20783 14923 6648 4608 23882 11733 4954 29590 23161 6190 20704 18636 5529 29404 23040 27704 21653 27920 26259 13579 5253 23177 7248 30352 4446 6071 2825 22162 6755 15224 3711 9177 17936 10474 28830 13484 20770 8804 18294 29407 31782 15524 13245 21611 4705 12083 26426 5913 15511 288 19773 8947 15901 22410 19210 3685 27082 18358 15052 26986 7238 7431 1287 23501 486 7818 21840 8391 6730 19209 20084 31178 21244 6213 28392 13825 25850 12710 3006 27861 17433 13454 912 28961 8289 21307 1245 30452 25503 3579 14509 24886 1228 5519 4484 29656 2569 6283 8206 29829 19623 14568 7348 8340 15426 7602 28756 3835 22246 10589 18865 12006 16801 29511 13154 17873 4081 30763 8115 11355 29528 32125 15474 20809 30982 32146 4530 26448 3965 826 10257 19602 8720 144 18347 13078 4447 4536 6453 7768 25868 6743 13588 32032 24988 31310 14020 1478 2940 6564 25346 25617 10643 27482 10753 20964 27224 18851 19459 25025 31793 26358 21608 5620 5055 17887 9068 32068 2873 7789 13113 22813 29245 31993 4707 17002 31314 24215 24884 21067 12952 5714 9417 19161 24127 25929 11280 11645 13249 19036 12163 14899 9621 32157 7091 30949 6844 18784 27405 4453 9494 3953 21296 3146 9827 6133 29661 14759 30668 6431 9935 29022 14032 2631 21479 22054 26782 5795 14698 23096 8947 29854 20889 31907 30889 3021 16463 10542 27043 4023 22788 7051 25114 14451 19372 2879 24620 17665 13550 28997 6129 13633 19815 32482 7646 11472 29996 7591 21422 16505 13827 14929 26884 2889 5694 20133 1626 21423 24892 10536 20800 8546 16603 27433 24463 27205 24009 21270 24099 13961 27419 3541 14396 6633 19931 21104 13477 10799 28613 6748 22993 19829 16519 15512 25506 10091 18908 12573 18872 4306 19085 22208 5693 12541 11149 17875 18990 1438 26918 22246 18850 24600 19668 21125 4888 19301 15101 2837 15633 22039 8264 6025 7142 11570 13165 16129 25880 17769 26065 7432 30957 23063 31525 6760 19475 9226 24079 24204 23259 9089 12028 12742 1202 26941 17325 1785 18506 7349 32405 19746 6587 2199 18032 15380 8316 26390 4055 24824 10129 28054 32006 8373 5496 3938 8972 14498 28614 4191 1638 8908 32539 12550 20052 28399 20732 28085 1373 5811 28323 13880 7747 12700 13843 2769 18605 20954 16920 13242 30826 28391 12961 20237 23137 30555 30675 5135 17890 1875 30216 24419 25193 31999 11990 20954 10125 11001 14614 
29999 28079 17737 4185 10687 24883 6434 25946 7789 20201 9132 32679 1369 11803 7353 19093 8946 719 26252 23273 31562 19611 29207 35 6877 7633 20613 15675 2811 223 9405 28899 9226 29562 26835 9011 9083 20727 8894 4011 447 12182 29553 17280 14487 31392 3055 8525 11346 25347 23677 12218 13117 8051 171 29949 18822 11758 7706 454 31057 30859 25177 18195 5134 29236 18450 9322 5773 17895 3912 10287 16057 10432 21330 19538 20014 19363 9250 6713 9497 32372 13556 27355 12129 17753 7280 28868 1857 28199 7941 26362 16148 29248 18714 12772 27245 31944 31711 2108 8291 11533 5401 15556 31784 9201 943 5962 16110 21372 25416 19555 6989 24605 12846 32423 17123 29998 12912 19045 9605 15333 5161 17075 4374 8533 7250 32 30169 14070 10059 8413 25628 23240 6733 18268 5705 15926 27523 1697 19018 22734 15599 30119 19513 13639 5016 8322 17249 13859 14371 8356 5530 16064 16780 1774 25405 620 3905 13244 31624 14935 11074 4342 12938 22585 17193 9439 2021 16208 25159 17393 17063 21011 5457 28474 19626 11567 9946 11292 8897 727 11921 21272 5612 32288 28529 23516 14665 514 180 13219 3071 4776 6906 2137 2597 4603 21513 9802 14735 29711 19166 3262 22135 10176 6230 19225 9386 4025 15058 30062 16086 27438 13560 11970 22268 16088 23101 31731 31848 27531 23659 7278 4232 8159 27022 25529 29730 31297 32716 27580 5754 28588 21708 14590 15171 9198 21945 23441 26650 8204 23056 6462 19468 31923 14406 17762 5863 10930 25439 1604 8141 26324 6101 16881 11746 9071 15858 21248 30238 16925 4728 15985 24367 11619 7660 16150 693 28728 792 24573 23619 3907 23640 5404 7934 1713 10364 22095 17882 14962 7212 11252 10051 28304 20081 2079 23141 18512 3822 17556 18034 31451 23677 28899 28668 18604 8616 5181 15866 8888 18877 20334 22110 22130 21787 29013 16035 28585 13867 17284 26769 3796 29655 29667 32701 2979 1779 3899 10747 22362 9690 8267 30570 26624 29272 216 14326 5324 17867 9247 11632 14020 8324 465 25723 13853 31543 16966 19851 17178 15041 29407 27298 24673 28148 23020 12939 17332 12854 5940 12404 23805 2158 30220 14735 7281 1922 22558 26457 26394 30327 21503 30043 9015 4152 8010 6353 15287 1385 11767 13245 1132 21876 17002 19700 9425 26182 32583 32413 12033 11916 8779 21442 5160 24760 2571 22940 25906 9928 12212 27502 18393 6905 32480 15580 19420 2171 30372 
32416 2381 9989 8127 3662 17400 29292 17130 14972 13963 5838 16268 16887 13523 11575 13862 28282 23998 888 14215 4045 10951 18117 27074 4053 26037 32534 25597 4566 22060 1879 15355 26330 1650 2933 26122 29899 10983 11586 13233 3347 24513 10220 20381 982 178 31026 4067 20888 2710 10402 4849 21749 2006 15250 16360 9220 29299 3335 16052 16736 7458 6272 2412 1583 14901 10301 15087 13815 1373 8332 15919 25819 7552 26006 14240 11455 29293 2253 23809 21660 12428 7294 28224 31717 14019 9245 21225 24694 32341 23343 5654 24984 32239 17647 17292 14427 10664 29490 11945 13569 7498 4323 24719 29964 10468 25391 4373 763 26813 29021 3024 29705 9774 7753 21755 4123 30114 3138 4524 26898 27772 29883 22608 8592 8744 17467 12172 25556 1879 11412 29250 7068 30313 17411 1873 32071 674 27126 5013 4754 29074 30941 23587 32266 5473 22282 4810 5342 10676 4178 3551 2040 8368 27526 12119 5419 31660 24765 16487 17989 17763 27713 29319 11184 3116 1236 12655 27522 25854 20643 26529 7303 32445 16760 17412 12340 14791 16693 17204 18874 22102 8808 29353 26681 25053 25501 16226 25406 14126 16111 13824 22707 2795 14973 22119 26795 16848 26185 18518 9807 28874 29764 20104 18928 25867 11956 27165 6867 10024 22667 23731 12089 31536 7530 564 22296 19185 26004 4171 20143 22910 15424 32295 23332 17482 30443 23897 17169 10580 15639 23910 13382 11600 25903 6744 3885 8972 21393 13862 22500 27339 20993 5083 24319 8815 17273 20489 7303 27783 26803 26228 5665 24515 6679 30804 21675 21727 1448 2641 15368 16394 2076 7452 27779 8066 14 31345 6638 30779 31766 17922 23993 28628 24904 1033 14680 12467 4753 13935 7756 9809 22360 5655 11369 24814 23369 32200 10057 31407 20981 4684 22645 21135 11955 29991 3805 24695 11318 28455 22744 20637 27852 1386 2473 13591 27383 16181 30422 11653 20093 7120 31411 14734 5681 138 10382 13247 24223 8154 28859 14118 14731 4899 15324 16625 11882 26586 277 8184 12344 20371 21940 1372 11910 30236 2268 18909 20308 12282 5057 30632 30761 29661 22328 5522 9609 13327 82 17318 3869 29899 22330 31298 27164 4594 3180 24864 1584 29393 3524 16101 23354 11575 29288 18177 17910 6260 12255 28162 28975 6344 19314 18912 10165 30592 6208 8557 25994 25695 27523 11357 27468 24774 17847 16997 19767 26141 32193 30641 12268 8562 30021 1195 13262 23385 27285 7855 20327 11522 
10811 9870 15883 14699 7596 9194 30292 3608 19299 24353 10106 5218 2950 26473 20806 24217 25648 7171 29744 23449 26635 7116 13463 27778 31158 298 15589 9974 32420 11180 6484 3506 32433 4669 3158 30149 6855 28816 28254 20046 25615 6254 19401 755 12545 28315 22387 14459 4332 7138 10984 11331 13708 18415 6455 22693 23563 1243 21597 20406 32301 16503 19482 5320 4999 21258 7786 14026 26823 4413 4721 22610 14071 30901 29302 24978 28942 5112 18122 3410 32114 4626 1246 906 16767 18804 13611 18883 19605 18438 8750 25256 8862 15843 23757 12750 32048 27505 25935 28937 15327 8637 606 3531 21789 27076 5330 32690 14287 3799 9918 12477 1727 11801 11679 31663 6972 27204 10421 11815 329 25627 28512 14177 14378 18494 21947 2830 25408 1458 14223 9491 2772 4581 4611 23105 10347 11884 14606 31982 3183 13385 3895 18796 23046 27584 2439 28932 20074 21564 20402 27455 10078 6870 13675 12951 18076 15436 6347 30685 24590 7360 25146 16681 14668 21042 32506 23830 14052 7340 904 10602 18009 5235 7315 31515 22921 19128 867 30956 9098 5714 23863 28635 16872 19098 5040 4907 23354 23362 7176 12774 10269 9996 32370 18418 8447 8699 13717 13892 18306 21093 23381 9044 4083 15471 12896 12872 14962 16964 22061 13369 28857 8941 18416 32038 3669 14141 30147 15256 16237 31682 6870 30227 28843 11192 21959 16485 32277 26920 18137 23882 26679 30637 21799 28805 30432 1307 26033 22107 30224 27431 90 28689 23401 693 2338 25462 27746 24698 18074 32104 28790 28383 24197 30968 16427 3932 11442 7373 12266 12060 2470 349 22311 22763 6464 8818 32047 14195 2934 29462 2780 25718 25063 19138 27444 30632 29949 10363 1057 10999 29286 23112 4078 25683 27195 26849 27004 22819 29629 20420 30727 17824 21269 26481 32517 22514 31262 594 31963 3744 30763 24619 4029 26564 20251 29156 6793 7563 23849 14680 30131 19517 17655 29872 1961 26118 14549 8087 23845 1167 24388 11914 6270 16926 18935 19391 23266 25098 18597 23587 770 18903 18004 15205 1891 24638 11540 30458 3146 26045 21789 18269 12822 24612 16028 6279 32476 18799 264 22678 11414 32363 8004 3749 16344 17998 12099 24210 20585 15401 31986 13933 13340 8433 11165 10300 25889 9067 21482 4939 27869 10210 9872 27357 20448 11677 19439 19934 527 20372 18810 23079 4242 20734 4482 10524 14947 10029 19535 2750 22594 11833 17808 25308 26398 20365 28631 25229 
8649 25331 8443 23881 31672 24278 25771 20668 20452 16184 12605 16682 32665 17800 8077 13281 16234 25 31661 5583 29745 27368 6427 13723 32087 31216 26446 12775 22591 9279 32103 12545 18927 22579 32066 24527 2330 27679 32009 24094 24430 7076 19680 32668 1499 32547 26931 9317 30044 30609 16323 14008 13629 2986 32028 31689 20564 8507 26693 30815 2571 31235 20130 10549 28327 16525 6257 16606 15214 9877 14277 11718 19111 3326 24333 26013 8622 4599 7389 27159 23579 13552 10709 7346 28949 13084 26596 29300 26079 19044 14234 9022 26537 29149 3338 31864 13511 30532 21065 29427 19473 2767 27599 21125 11177 27690 18266 17493 23103 7895 9081 6936 23227 25650 18481 22282 3140 29331 30816 8353 24626 5076 17231 19813 19441 23189 32127 16283 17128 176 12740 20072 15547 7161 20884 27742 1244 28031 24754 29149 9232 5916 3000 30478 22603 2537 1466 8540 794 20394 15757 19848 21585 20174 24098 3945 16519 31780 21877 619 17481 27321 9416 4745 14410 26555 5122 6063 6472 18098 25214 32559 17062 17886 6343 6549 32170 28948 27230 20108 21085 24851 14349 21772 27466 24775 32710 3666 22214 23729 12681 19344 12908 2463 20623 31326 10738 13814 32760 5052 19241 26311 27126 13677 24609 10576 20875 19355 12279 11747 27349 3053 17968 28235 7198 29431 21703 23503 6997 1395 28884 21728 30782 18665 24175 13592 7293 19562 29621 2428 18076 21381 27004 11608 1104 1951 912 9208 159 10025 23561 20505 18739 11711 1523 17750 28594 26089 12829 27842 22721 1243 12631 21190 32607 21935 5926 11102 15900 2538 3381 14366 10003 20430 32468 21896 24890 4520 30482 25991 32031 21468 6819 19213 27269 23327 8062 20970 17525 16385 12699 6241 27418 5011 14166 25314 32190 31272 7304 23261 18092 27762 6366 12714 6847 9228 12527 18009 7771 21213 7496 208 11154 27120 3136 24186 17668 24965 15395 23017 356 24654 25899 8168 10750 25814 10284 12028 24807 2600 21336 3999 8590 14647 21609 30369 22139 3980 14442 30808 15612 1826 18533 10200 19286 29482 13256 21998 20113 5921 30465 1145 28612 8412 4200 4344 27064 32293 20410 21811 1138 18649 23388 1225 19109 15830 17956 18322 25353 7086 4124 29655 30418 20179 14784 23542 31714 5793 18531 3198 20197 7237 10699 23998 30138 1118 25696 26074 30830 7367 24279 30627 11178 19076 28032 23720 25130 16095 10091 3741 11879 13030 14487 20333 19045 18684 10378 26114 7803 16957 
32490 19064 14098 1734 13728 23792 22135 27600 30960 15285 17428 25867 13473 31067 21984 14826 13442 2470 6221 6596 30026 7828 16015 29156 3546 7092 22332 26839 15303 24363 24790 25579 30432 3573 29101 322 10664 2657 32708 18091 4224 30270 1472 3214 4832 17343 23434 9682 31569 25040 5780 6109 27362 6872 2875 25089 5952 15006 26924 10317 1194 14495 32451 26084 1478 17738 1074 6185 3997 16045 4007 12764 29200 15584 9012 21322 29714 10907 20368 15494 29123 2220 22570 31214 26375 5858 32661 1245 19871 5900 23715 19804 23962 14018 28540 2816 29703 21034 27431 548 24154 15585 17354 28787 4691 15857 15434 1109 32491 10827 8305 22013 1906 22659 5315 25369 18799 66 26041 13429 4438 6592 12834 8328 4219 27547 13503 29128 13650 992 24599 25215 20682 32417 5593 18178 1908 32317 6724 8981 19976 1404 11900 9540 21408 3848 32601 14741 5488 20460 27995 20138 16211 19120 27057 7287 4920 8740 17340 19332 32313 27525 30367 25510 14328 4134 17130 3488 7231 11232 22596 23293 8416 31627 8067 26146 172 16431 23372 5698 30974 24242 1041 1647 22284 29360 24121 9631 20562 1315 4612 2712 28962 27311 9023 16753 1114 16045 13949 6268 10826 31059 25102 16533 19058 8760 16733 26068 608 30087 15765 1313 2094 7007 27119 4735 31622 2662 21871 28613 13190 20198 13478 32110 17926 27416 10823 25812 28236 32450 30327 6534 7900 8403 13088 26300 6489 16045 23450 11358 24773 1891 4357 24550 1747 30383 10775 12985 2314 22058 21675 15223 32625 2959 20551 1477 28432 6268 10261 11745 32371 6559 3961 26214 15731 4420 20886 23928 30447 15085 16938 4923 4736 24986 11001 14894 19706 31825 23515 17238 18063 607 3070 27121 20139 28938 32334 16721 6394 16356 18737 2072 5086 18727 20949 17992 17350 27175 18504 21116 11052 22284 3130 19128 244 1313 28504 26151 15363 11650 24972 28759 3251 18617 3894 14664 8821 25067 26535 25353 21836 21214 16932 18845 1524 27940 4929 31710 31435 24612 15080 19315 9626 15927 16452 10027 855 16676 23950 317 16738 5555 4351 24193 6888 32723 10522 24788 3758 26400 20022 24894 5803 275 7546 26645 26662 29156 30795 13625 1624 16987 22933 2785 21624 22491 20592 30908 25027 28251 22569 20569 31107 25922 16763 13308 9424 10685 10392 4388 8854 28527 15535 11362 18859 25542 17891 19974 7965 11382 18900 1210 32645 2840 15671 20922 21884 10176 17949 14011 
32092 12960 1329 3916 24408 27753 24000 9096 12517 6552 25596 900 14607 17009 27809 12741 32358 12679 11614 14591 15149 17196 16953 2335 4938 28988 17682 6636 8232 15951 13278 14286 7410 8085 1665 31105 28209 27506 18409 27905 24621 4010 22004 9444 23432 26158 14053 28882 25992 30856 5607 22311 24244 19951 23925 21836 21535 3436 3001 16373 4549 11543 17164 19964 25407 21655 17046 16439 5963 3259 23099 6651 29637 9612 1644 17093 13598 15108 29500 3896 2237 6390 24645 30106 23045 12531 2275 31207 5426 9640 24131 2207 631 21449 10342 5022 26524 17840 15335 11187 7955 11355 18784 3089 17920 21104 16073 9376 5237 2902 12813 32375 25466 14730 24590 18943 21986 28600 19855 8512 26599 2477 3225 9529 31199 3771 18365 24216 22883 9391 20478 3638 8860 30059 6595 8473 24496 21917 17175 15687 13083 5460 808 19337 18807 24110 16310 21429 2264 21373 4732 21412 8562 30707 11761 376 7939 7852 13534 10966 21358 25549 27723 13904 8042 2021 6266 2438 30097 10949 28518 21298 17495 26229 14367 733 28636 28307 19072 29794 13067 13107 1982 16268 17734 3503 657 15028 22972 10491 25678 24926 16963 9123 6268 21198 24254 8726 23156 10934 10845 9585 5752 13549 5669 11757 29647 6063 24242 19765 31890 27352 31873 5671 20939 21545 4313 8749 14897 32600 16827 22285 24983 9294 29648 19011 31293 21254 28687 699 15181 3852 1969 13189 6427 13152 1875 9668 32686 16328 14648 31093 5746 25290 12244 29881 20631 3833 18039 1440 6854 10726 9875 21928 17939 21470 8363 18704 9042 12958 21212 18900 6841 7993 29433 1964 6573 23569 814 894 24948 18966 264 27386 29112 6934 4449 18821 1793 7273 17138 15898 7681 28817 69 3198 28945 16220 26184 11088 3723 23462 24345 11291 2892 32556 16595 21629 2152 29007 31746 21743 13932 8269 2705 1583 30875 78 599 13252 3776 13873 13902 10605 26993 2972 14150 23769 22328 30474 5510 30415 5104 8330 12042 13337 20636 29845 2988 28453 13186 4825 2200 7497 28413 20246 15021 10256 14979 2930 10588 4202 2169 3400 18831 12337 31856 30540 30724 12940 32149 11234 24999 9833 26731 17286 5770 29001 12574 10517 17374 2320 8332 14571 18734 10711 6131 1068 18053 14933 25918 10842 7977 918 20359 27440 15409 31205 8001 2891 14140 29461 2201 26738 438 25971 721 6832 14806 23870 4881 22941 26186 14882 32437 1365 22338 22089 15323 3891 
26952 30795 10473 26002 1543 19927 20173 3031 31283 3755 22970 13528 31066 1631 6214 19207 6996 29330 17175 2437 9068 11904 15741 19256 13386 20907 24738 1269 18315 28822 13216 12613 11780 22989 21667 22704 24014 209 29726 19406 22387 923 31961 26884 3555 30148 30384 20396 9924 23599 6765 15304 10105 12846 3423 13669 24988 3734 6522 28012 27437 3647 28500 10302 23778 30150 1403 30504 9543 29834 8678 11000 15589 29920 7431 31450 1195 27442 23069 19322 7869 7718 14072 22598 27028 11585 13050 2692 25566 29825 30721 21796 24454 31301 1340 25850 25736 20208 11200 6238 31164 30520 13637 7933 25810 5241 25814 25328 24291 8368 17823 16649 15788 14605 20003 26657 7041 21065 17177 31053 30235 26042 15823 12159 10603 16604 20831 8053 23524 29599 12312 8943 11954 18418 19170 28232 11043 9943 24831 5634 19046 30186 25360 9187 28599 29556 19851 22746 25045 27920 11605 19874 12713 7147 10925 8626 18314 6680 402 13867 8296 14617 11244 11585 26630 2134 9719 29629 9603 17364 11778 21038 25547 27867 19555 30037 19551 13963 3657 26482 6985 4892 32619 8977 8094 15291 3567 9441 1381 4823 18975 2067 13220 23345 18826 16722 11297 22617 17789 5708 12672 26717 10836 6025 1724 29596 31138 30130 24982 11459 24766 15284 20605 8223 5499 18820 6616 27525 3390 14590 31071 30040 3635 20795 13983 9306 19052 7624 17883 7178 13984 29505 17433 29679 12847 13635 3707 21180 20306 3551 26455 2458 21770 9672 4561 18110 32523 17596 16962 22133 20103 12187 17527 1381 66 3409 5846 1736 13534 17527 27234 5743 20229 29790 14094 13864 12335 25457 26674 24421 32423 30426 22500 14358 1718 18617 2710 11883 3936 19619 11236 12051 20975 21486 19711 30061 32325 6541 31473 2170 10998 25591 7785 28050 4570 1388 32632 27214 14124 13794 30008 8641 26106 14879 1314 5810 31829 19279 14266 9693 16337 18929 17993 1666 10499 19834 7197 29382 12851 2557 22148 13634 31103 2140 7078 14174 28785 32402 19331 3637 16070 2398 10655 27126 16282 4825 32345 6401 14587 20658 21392 20288 20384 12783 1025 10582 11199 9819 10785 8384 22815 15204 27841 8797 30263 9435 9612 18472 28060 7893 22794 22869 24399 32650 13295 8191 17660 2630 22701 23527 24536 27702 6783 10182 4059 20889 12132 18056 25865 969 18210 28628 7145 17566 17545 1856 16410 15996 13076 24672 12203 20690 23218 13644 31257 24817 32627 1850 23548 10463 
22688 13988 422 16778 39 31490 24780 6120 32672 16196 27047 27728 17807 10263 5586 30533 6600 3160 6410 19998 5610 23180 21960 15668 6932 8091 27288 26397 31408 9299 27722 14516 8846 15658 28830 8558 15637 9953 12305 27316 2894 16296 5279 28235 8878 6655 21905 13421 10039 26393 3971 9799 11108 7348 12084 3239 26773 21384 6114 5327 7294 10910 1918 393 8571 18378 21640 22381 19256 30767 11124 26718 14009 13838 20114 2541 26537 9568 31508 17509 25576 2762 21071 1379 6894 22696 26437 22869 32 21030 12006 4948 11136 10684 2807 12318 31995 28486 22733 3718 31416 12940 16489 4563 5845 31099 8382 29138 3590 25414 4614 7656 9662 3661 25643 10952 28841 30734 29555 16330 612 20407 16485 12723 27413 6467 23444 16447 29883 11775 15545 9908 22203 22814 19283 21312 25029 18023 1881 31966 32179 31664 23340 21500 17654 20941 29539 16613 3566 12710 17306 32325 23085 21266 9490 5172 13493 19188 7457 4974 20878 24894 913 10003 31573 13174 5451 12297 29851 7070 14474 24708 15857 15374 7467 30085 32730 21287 24562 7065 31248 1379 10409 16202 5832 23875 1015 24425 32626 1396 28647 17949 30650 12337 30872 5074 17036 5672 26738 22039 19855 27614 17312 20176 3228 14068 10848 10341 28405 58 21723 16670 15788 12496 29911 10069 10340 620 14316 21452 12192 31252 2769 1296 21979 25075 8837 26479 18597 5546 24577 4549 19946 13733 19853 14578 4927 23905 22320 10060 29974 2572 10256 11981 8597 18476 29662 5113 16794 27342 2121 21109 3049 4860 23823 8760 438 27675 1512 24916 6598 944 15169 14312 16094 18865 13871 17090 1057 30289 13579 27116 13236 10333 7308 3608 14100 16309 994 8080 18161 24926 9346 2201 9152 20493 891 17528 141 20468 5675 30379 20187 19247 15417 13713 22801 16692 6420 9273 19786 31071 21790 23093 26309 6168 1578 24834 28798 18584 26476 31259 8317 1733 13321 31642 17604 25277 16685 7581 32408 6906 23541 9642 7105 12304 3050 15472 886 29011 1373 8274 31497 7780 8254 24548 22209 15265 21689 25734 431 28157 16509 9975 5386 16192 10018 28200 5359 23907 4975 47 7404 7007 21575 12836 1594 454 24061 8755 19464 25256 9462 19235 22792 3235 9508 9366 417 30516 25215 5742 28777 12759 6720 13705 17909 29771 23047 458 14780 7285 4739 8727 22919 6728 27484 5410 569 9213 25557 30256 11235 9068 11554 14959 12870 28490 18981 21625 
11568 14584 26568 26295 14796 5819 26384 5958 27631 11037 20926 31400 7008 5410 17037 2682 20918 982 21056 20345 3299 32188 14648 24893 13170 9335 309 13487 1382 30523 17980 19111 18916 11361 20493 13130 32389 16741 2712 18194 26420 25739 3264 6194 18601 15068 31893 28024 16842 28937 32665 23252 28468 1509 25206 4044 15304 28810 4738 768 20710 11226 17528 31690 11827 10662 29942 3301 24400 32417 7752 22554 3845 27508 4185 497 29603 1061 13477 20944 5330 299 2452 29815 7391 15001 28554 17187 32540 27249 21499 15861 31061 3227 18325 14082 8836 10664 7727 10211 30762 22057 27916 17842 16941 27424 2577 6117 28350 26271 27019 24083 6872 6019 10681 8948 996 20616 29423 19426 9000 3861 5254 3732 22098 16036 5736 12728 15591 21408 12077 22880 14430 22949 24361 21078 11100 20366 26249 27700 25956 8532 7712 15466 15447 24519 145 30753 32688 23310 21828 29432 19807 495 19271 24393 30868 1678 23626 8950 11569 26805 16680 15998 20616 3765 28337 25284 10197 1965 30152 3046 22117 25894 4523 28585 28503 13368 29202 8132 25728 15491 23887 22695 27983 7462 12493 2728 1410 31112 6028 157 14663 26534 12300 4023 31451 30067 31687 5517 9310 12047 407 14370 5188 21071 15563 9945 13249 9950 8421 659 30135 19509 8231 19755 15072 28902 21760 19225 25037 1004 30684 7569 21101 11208 6771 21437 7658 20907 10283 16464 19762 16444 18038 12485 5388 27841 24053 2484 19194 26669 6481 22072 25556 26159 17165 14760 9953 17248 23065 4363 20774 6400 24253 26738 15369 4846 3106 28758 16109 29439 25415 25640 10909 32624 6682 1376 11627 1383 10570 2608 20906 1140 25739 12205 11121 6950 1628 8579 11111 5437 30612 4927 21847 12803 11382 67 22131 32748 31853 19389 25473 5237 13838 20683 14355 14029 14918 26852 15815 26345 7714 13492 10902 11554 22858 9324 17754 27015 11895 23024 16157 6956 24425 23503 26863 5446 24442 12142 8387 26186 16564 7282 19526 18801 13523 4294 14026 17271 3844 6808 22280 1898 23456 12369 2803 11340 23269 23288 10530 5432 7287 24374 13664 1677 10107 30744 24311 10985 15835 32175 24575 18978 13910 25208 31278 752 5238 25902 16113 12759 10526 6058 6714 11896 14036 28962 23887 25313 21887 18102 31071 32640 10880 4576 29141 32310 21708 31742 17976 27088 28714 25080 6685 21495 14790 16439 17551 22704 13997 31620 27535 23837 12959 25205 20346 32057 1277 20484 
17349 26871 15489 26435 3982 29782 8954 32766 15114 13776 8846 9508 4700 14784 30377 14429 19019 14585 15097 23678 21805 13371 20866 9608 21193 29972 26366 29459 5069 5033 6206 15495 25130 18510 14482 445 4048 21991 7852 17983 353 32382 17917 19815 22697 16264 11965 14764 8992 27837 5796 27321 31326 1423 14438 18867 16363 25047 20864 30923 10117 4987 4310 5511 2621 9577 16456 23581 21000 2199 3298 8343 12914 12137 20209 2857 2438 20061 28200 25820 9143 17649 22390 22818 18591 26481 14329 5625 20083 30628 22272 1318 3573 27422 4673 17580 2415 20051 31047 6534 25192 23487 7225 1934 27120 24562 5097 24811 21025 2634 2021 18731 6123 21436 23259 8590 1144 2803 12327 20246 19608 30834 9407 12938 31848 22864 19030 23467 1829 9444 22176 24281 20405 25602 8873 3366 7901 5376 29916 4729 8969 11931 3294 12567 2180 26004 19761 25 14473 16133 29454 4889 28247 28906 29178 15458 15688 14979 16492 1900 17842 6622 3828 23560 27072 1700 25503 23363 16463 31881 25719 19684 2595 13285 991 21051 17234 32492 21965 615 3973 21244 4037 29292 32567 20390 29722 26440 30951 32046 30716 16323 9418 16376 5487 8147 31790 31045 23970 15620 3539 9291 19981 24279 23229 27765 23618 27971 17105 31604 30147 20481 26209 10993 2731 19372 7507 4712 23395 15042 2442 15739 8080 4736 28368 26433 32412 10614 28256 8005 21208 12143 3175 19347 20768 6698 4771 9983 22176 2738 17960 21024 28851 31647 6920 2758 8892 13235 21615 8609 3375 16536 26598 3992 11687 1898 5493 12568 6311 29651 20875 32147 32622 11026 29982 13165 31082 21854 3606 2919 8131 31743 6858 16878 14620 23928 20110 5501 13892 30765 13799 10844 11456 7700 27610 7094 29144 15397 3479 14795 22584 3181 25234 12468 28778 28136 14119 25775 23925 8330 5094 8716 30264 26516 30070 26811 11483 24829 893 5291 28635 22143 29388 5203 388 1900 6603 11800 17809 482 688 6218 21439 836 5537 22010 29285 24391 17560 15490 12780 31677 13451 11265 12910 13364 1809 32591 8435 23432 14507 21701 11215 28916 32040 26119 3666 26440 18250 21601 290 5626 7269 1463 4771 9761 17578 24149 32559 16361 24217 6067 29482 23984 24689 19971 20035 9602 9443 10836 21180 30332 24047 18805 28213 5244 7218 24862 31345 11551 24763 14617 31927 18973 8671 26742 32379 13884 13612 2773 6581 28109 28406 14714 15955 22599 17474 19352 14758 7657 
22420 8681 11695 15617 13324 1364 1066 13696 28115 29608 13507 30716 21809 10591 2095 5438 103 8032 24508 28362 11896 15747 14467 27865 28024 32404 27663 32504 22056 50 1133 8397 25664 14327 4864 6486 10837 22699 26687 20007 3909 31840 11154 18327 14059 9886 17524 27858 26999 21098 32106 16445 22707 14340 10997 6356 14151 15495 27556 1208 2473 18179 3836 20914 27365 2157 9851 19303 19646 27814 30557 21319 245 8504 4763 16826 32067 16348 32006 26988 4651 4738 24121 13107 32530 7344 30646 4042 6145 9567 2225 1714 19402 13848 21650 20943 29511 31778 3868 21282 26611 16217 13406 27576 6764 14101 16513 15803 8267 8557 29228 2174 30178 5209 29931 6524 23897 15237 10827 8719 25183 9898 26154 20509 9589 2805 20192 12959 24489 28576 21399 20353 27116 24450 14282 31077 20797 11878 20504 31900 21297 146 2696 5197 31362 26233 18208 11467 28747 29603 11767 17517 26231 31279 19851 30550 18310 29106 27550 8884 20698 9530 14543 15124 19052 21242 16959 14110 29520 29598 3205 3352 18925 17669 3125 8438 26798 11945 11814 17573 29056 13317 28817 2093 11069 10723 28159 15554 15861 9034 22287 24623 32522 15198 27093 5227 6130 26699 6522 2404 24981 22903 10163 27635 25724 7084 19086 12931 25794 7573 13267 23179 16130 12146 2892 8606 1888 14459 18951 18331 26300 26563 5088 21076 8118 1837 30890 20101 8576 410 11013 4451 27767 21022 4094 9095 23727 9970 29250 10475 14339 29907 28675 8736 4429 20474 29215 7739 26635 20869 2655 1611 23178 30273 24476 1070 30949 11246 4117 20355 18757 16365 15631 13127 754 14911 27238 23443 12771 25845 23890 2088 26519 28836 30237 20432 22828 10447 11527 7516 4415 2287 32164 15973 26106 14649 18286 5428 9138 23483 19245 28952 20308 11177 17116 32289 11761 250 14949 30914 22109 453 27191 26730 21893 25071 8088 4840 23843 18769 2600 3461 26634 15862 5133 11077 8235 22782 17013 17541 26947 7375 20237 29877 21450 32331 3154 20881 31882 1851 14147 24535 5591 12635 30663 20025 24357 32313 31439 19431 15194 25942 2580 18997 22851 25079 21259 12537 29646 22529 14131 5486 15087 5398 3990 15014 7908 7606 26532 23055 309 19977 23221 31248 26802 27132 16017 14704 20532 22122 1420 25170 19304 13328 12520 32723 8655 3101 17404 20641 20810 4824 11807 15231 7595 2662 14194 1602 5636 4692 1723 17510 17311 27005 27008 23525 15517 14171 11585 11029 
15143 7804 13009 26550 18551 17907 8525 31496 30842 16635 16572 7173 26504 966 25629 10731 14516 28413 24140 1829 29769 28735 4719 9576 27955 12812 19324 29413 4710 5620 6230 23852 24148 17901 28601 12603 32666 7391 19082 30663 19527 6458 26948 15753 26266 17724 11848 4846 3868 3317 15564 28697 29093 29124 27894 32678 11919 10227 12389 17958 16351 21733 12242 14634 32692 9951 26870 6412 1181 3093 1567 28912 31454 19917 16160 19479 7368 10247 5338 4196 5549 8827 16092 14130 10557 15973 27567 28765 30262 11484 3147 27106 17801 4779 6755 30272 14109 18053 13799 23069 14313 13924 25914 17142 27660 1579 10360 31896 11635 2671 18335 10195 14444 23768 2401 25687 32270 14236 29646 27321 2825 4766 6237 29244 10829 30343 8257 19162 7199 869 15277 7116 20378 13330 10700 12505 15741 19468 28200 13918 2211 31048 29076 27372 31969 1995 29313 3586 6956 27725 17194 9653 23769 26299 19614 20945 22897 12660 14070 22848 30541 20534 3410 16263 1662 9781 26400 23548 4892 15441 21881 7240 23201 5040 15085 28437 8762 13074 32289 12542 17707 6298 22736 20879 14534 20734 24460 32619 32384 22137 15724 31543 21977 32058 31364 16708 23197 9039 18790 6038 984 12465 30395 31585 1354 14327 31715 24604 9532 3512 28637 10613 17533 22109 15252 3709 27077 7326 27072 10222 4006 8004 11062 4531 17000 6995 2271 9076 1478 23657 31911 25343 23412 6168 10484 21905 17362 22244 5296 26372 27413 20404 14427 28572 26260 5948 13036 8854 24793 29464 4102 6566 22322 7823 13664 6662 12440 26757 27078 21150 14436 4614 30606 31730 789 4107 32703 14628 30443 383 31431 1227 28479 12696 17300 29668 17993 26601 21355 11771 7252 20005 29294 17808 2666 23991 8742 6003 26251 29276 22794 15742 27421 704 20339 29882 7079 23379 19247 16894 20072 23854 6416 24472 23695 2877 10588 31101 24767 17713 14483 9171 1077 12003 17083 15835 15087 5091 19886 16726 8771 10932 22463 2981 24405 1658 30632 11230 30133 12656 18002 16870 6322 27821 1242 27388 31382 26083 9946 31999 28817 30096 28443 14524 13996 6069 2748 21357 26969 25173 6677 11215 1476 2698 12413 19681 22939 8810 5163 13269 19558 30085 11759 4606 30312 19485 22998 17979 2151 6753 22199 16543 25919 817 28960 1215 25946 10704 25651 2119 9571 289 10213 15116 13934 30136 8365 23405 8754 23065 14855 14937 20234 29838 17668 4859 10809 30451 10128 15483 
4799 7912 8300 22536 2617 10598 5052 23105 2755 1350 27903 9693 17703 22233 6938 2794 17262 32146 19587 32616 32452 1272 8647 16330 30990 13491 13970 16088 17688 19060 31210 25092 28330 26750 3442 23617 9500 1997 1616 6246 19543 25692 26346 9907 23167 2065 10399 22513 26110 5465 27931 10406 24397 4174 1326 11577 25813 1615 6243 3496 5087 30531 31953 9880 22479 4694 18437 12172 16340 30930 23439 26656 10608 27045 5855 21267 6373 6408 14494 20999 11612 19136 29443 10673 30918 27725 18077 28468 16042 22918 15252 26301 20880 7133 10960 10612 31896 19587 9889 7422 29822 17703 10789 5019 13462 6191 20229 19393 17552 14691 2513 23506 27808 32251 1470 25103 9296 29261 29793 5315 29765 27750 23473 19348 22730 19333 26918 18909 22870 26535 21457 15518 20390 28840 30244 16748 26357 31318 13753 28658 26263 25591 4244 1852 12528 23105 10608 6564 3971 22351 14935 15742 31283 24640 9359 16007 8774 24168 20364 14376 25359 24242 27159 9504 12463 32229 5175 31110 5366 25302 15303 14386 27611 28661 14203 4846 24466 13498 9888 30112 21700 32550 15167 26082 11874 802 28719 29274 4639 26968 25583 6976 6372 24680 18748 9375 9615 30546 19616 517 14828 17956 8350 5469 12668 12687 30624 22397 31152 7567 16993 16552 11505 20496 5438 22161 26115 3667 13305 25122 3626 4105 17001 8245 31789 32167 13890 24932 8100 26129 6757 207 7414 13690 21403 13804 3330 23012 24738 24877 25889 25347 27472 31729 688 30130 17545 11110 28385 2640 7309 31926 7979 19316 6964 2645 4103 15397 14226 15060 11768 32530 273 26267 1356 7851 15684 3050 9677 3982 14135 10371 23325 8519 12886 22087 12649 22717 11675 15212 15598 12682 16777 25886 24076 15320 23992 7923 9076 17291 14908 12730 12879 15893 12661 9949 2689 25744 6084 3309 20569 22018 10940 6322 14023 21004 16286 23485 29279 22240 8233 27401 16070 1894 10073 11809 1136 692 1243 17934 21546 8340 13642 13318 26254 8843 992 15223 25424 10529 8665 13126 10239 19619 27078 7382 15113 22329 6204 28189 13170 19721 25989 31820 5798 15864 28550 6660 11625 23306 359 24526 456 9923 27721 7003 22441 13068 32381 16394 27558 18380 30847 10549 8070 20971 2020 32130 30190 13095 8756 4816 22560 463 17720 31503 4952 27676 10409 27473 1638 9538 28026 25952 25645 6492 3991 4238 17577 13316 31231 12840 9730 17662 9023 22089 9081 29049 2625 17936 
21462 13559 20141 4187 31095 15788 8166 17971 32017 21895 6803 31964 13047 6602 8557 26267 11771 30633 25388 8928 11653 4717 18766 17332 4216 31454 21121 4381 26423 5861 21645 25645 18290 18092 21852 26718 8173 3373 19081 22856 10901 18830 23786 1264 29551 12720 6423 31917 19826 12495 24098 26290 5164 13338 11181 11190 17480 7195 25613 18923 24901 15696 6175 9446 2609 13695 21854 23085 26532 26109 18488 15628 9804 31911 14296 555 30439 12871 26824 13153 26922 10305 25540 8337 2196 9020 12364 29419 19558 23360 16988 23748 24405 27559 884 16918 4114 10351 6535 32370 25990 29531 5420 28131 8899 4696 13695 31967 13796 28504 3535 19236 797 8446 13914 12770 11982 27788 32535 20783 21817 26017 3204 3432 21829 19596 27936 16369 23205 30742 32379 4344 12072 8119 26127 24276 19029 30106 17088 13989 19593 159 15421 1176 4575 7754 17491 5817 24325 22203 30149 22878 32304 11030 5660 14677 14935 24288 4590 1496 12758 15978 25925 26310 12448 29738 32543 20721 1371 3917 18894 9915 4028 7759 19978 14309 26497 26948 17858 7409 15851 14978 23908 15357 257 27963 26856 464 17857 28383 31142 30310 3717 22333 21808 8084 10642 21502 8623 4799 3529 824 12590 25815 2518 5582 30456 14746 16400 14542 19064 12501 31023 17816 7932 8753 3339 1512 28603 16561 25479 22390 13545 2520 28425 26968 16223 16809 29384 4197 8545 26073 9797 29089 14093 30076 3706 17282 30524 30371 16838 25285 17041 31454 30984 655 24819 9323 23718 29665 21884 25057 29595 28377 11663 8664 15774 26148 6835 7608 28010 5984 23593 7023 26290 26766 31612 32674 24472 13836 16527 20261 2615 1648 25237 21348 13922 21790 28484 5399 16058 30496 15138 15138 17971 30607 9309 22246 7476 12327 9988 25369 19593 5533 20835 30213 13118 13085 25167 17315 25236 28708 27482 17026 16087 25105 24314 9907 6031 28897 6369 12088 424 12056 14896 8885 32464 17660 15651 20324 22015 11234 26652 3604 13340 21272 12287 24982 11737 1209 16902 26103 24078 19720 24100 8056 28531 16557 7234 8751 12933 31668 31474 8801 14650 31897 23418 4915 15192 7080 3778 14441 29353 9969 30381 29861 21031 9269 16341 27837 27730 14555 10649 16643 14068 20860 18734 27138 16881 19414 13350 22414 29288 23777 29095 20180 2044 27377 15745 23930 19061 18761 12113 24002 10102 26830 29705 11274 6573 19532 15338 12179 28649 15754 6413 11446 2380 1852 19464 25488 
9710 20955 9413 21015 18737 18675 4631 24330 6559 30638 31296 25670 12725 5350 8985 25307 31513 31771 22616 27943 25981 5660 25458 27171 7750 22217 8103 21052 421 28969 15467 16849 3785 19922 27331 11149 19956 158 13065 28927 17308 12433 8993 19566 24098 19721 14629 23677 16979 10575 28638 13303 29123 16698 21882 15433 27602 28668 8036 4606 113 5827 16440 7310 4400 27057 15779 11710 21253 6183 1386 8209 20738 16013 20696 7988 15081 17516 13765 18234 10385 3651 14323 9137 2625 31323 6115 9341 10246 1332 5583 616 2557 30729 16397 10120 3477 26453 28901 15155 22464 21892 23463 29372 13416 19431 14633 12050 10424 11856 10821 20598 23268 16289 9990 9544 15576 29638 12263 11419 18172 12062 8908 8557 25180 14665 16902 26168 31879 10551 26699 18870 6776 30677 28186 6976 32193 27138 31574 12847 20127 4885 636 14757 8932 3607 23 18478 14685 214 32364 5598 24989 3534 19737 26706 7044 5299 1240 26263 7654 23861 8173 30803 10133 20193 1060 32672 25614 22792 23668 20974 11637 5849 29699 16169 20168 3886 10740 22414 21996 14571 12196 22966 3075 1897 25881 3709 4305 23506 9442 29282 29305 30223 17588 22914 30801 2647 9176 10052 31025 8379 19698 27181 9604 10502 18660 2970 20526 2400 4208 14335 29798 17719 4992 2105 3184 20033 12297 11045 11666 28241 31770 21769 30383 20210 30554 25529 6960 29792 3363 1403 7189 22612 20399 13862 851 15247 7759 28629 20006 23505 16174 11648 13407 6650 3127 18254 3373 18170 14751 15150 2806 3206 25448 26275 7658 30561 7617 3947 14512 9209 25229 23232 7820 26690 12670 21998 30223 17037 19205 30266 23115 24803 13122 3207 27196 20008 32199 18068 14277 17964 859 17127 6891 15344 10756 27359 8210 19477 13078 15229 21426 10426 8681 24336 16455 16108 23275 10507 21789 18636 13412 292 24845 18361 14429 31884 9695 12870 29362 3219 25543 22360 19103 18558 9678 25322 5402 22080 17405 10145 14776 30847 31663 19845 5133 20740 19304 25111 32005 23430 27894 25493 8611 7986 2431 19836 27385 1100 11808 26702 30215 22814 18472 9196 5150 3480 25270 2451 10145 13637 26575 20787 3574 4517 29703 19027 12299 28970 26666 20398 22162 18662 1982 16421 12137 29111 20529 32716 4595 26457 5003 22274 25348 869 1815 10373 27243 13081 5740 316 4353 13154 12665 23916 4782 10186 20587 23167 30302 14143 14057 2098 19111 24914 14103 3145 1334 15638 
22798 15715 18595 5240 17967 19677 28337 4811 2725 290 3464 20098 16517 19480 2019 10602 2647 16178 30722 11565 29744 15644 13831 18946 26693 5240 18692 569 30958 22336 29197 31338 4057 8515 5441 14577 30312 21198 27048 16642 25659 12494 29036 557 29063 2073 28998 29620 14036 2656 19184 20982 12943 7272 19795 31266 2277 27359 3790 2776 24163 11338 23339 19819 2864 2363 29024 19331 8702 125 28386 24124 20706 29482 24947 1973 2724 10898 11147 27792 25245 1702 26806 14361 15614 5157 2167 26331 17789 8825 16072 29340 29869 28540 19730 23989 10681 26533 18747 15792 18033 22982 32661 9977 15404 13564 15130 17364 23021 6034 17039 3008 22598 16058 18585 15249 8837 15155 5462 2657 6658 12778 26181 17553 203 2915 14954 75 17107 946 10076 9896 18005 5576 559 10744 22484 29236 31126 3055 26593 8973 21316 23307 13070 19359 2367 3778 9649 25376 6120 26606 15456 1204 16698 25388 25157 32085 30788 28853 11168 220 18539 5530 5495 7714 21215 14481 2056 15647 9325 15481 6988 22727 4188 18401 10233 28055 15924 2010 20889 16729 29461 24842 13399 10749 5265 31521 11454 30092 14276 2424 26853 22425 14566 13488 30384 30406 13944 9645 13533 8872 32628 28267 1634 15975 22797 9022 15079 5983 27850 8307 20112 22856 23236 160 26661 25000 9463 5629 12391 15526 20275 26741 8786 23263 15342 24325 24474 10824 25191 21933 14740 16055 19324 8985 14373 8543 2794 10424 17759 32222 23623 19748 4198 28583 18660 30911 17962 30732 24019 7914 5759 2073 12743 1768 7793 19615 19533 1622 4340 29238 1466 5012 20025 25902 17101 11719 18677 7979 28349 2471 10025 32275 25778 7093 3031 28994 7195 28156 19145 15186 28282 28837 11484 13393 6911 27931 5478 10321 25261 10746 8389 26324 6141 20380 16891 17423 5356 11273 2982 18659 10980 24375 14068 5291 14664 19607 31514 23670 4255 25388 28194 17266 28193 21850 26842 31066 11837 22714 16775 13199 22139 2717 4929 24473 10385 679 29341 21637 4331 9705 23150 2248 3657 26752 19508 22233 21606 7364 8195 7518 30179 9604 16583 23383 29335 21013 30566 2931 394 4515 30663 1070 20245 24837 21291 32645 20698 14488 3021 10023 20573 16838 26404 492 32518 22970 31181 23270 31560 27375 16361 27355 30162 26498 16884 22978 20 7698 31774 3360 4923 16385 29960 26558 32602 2441 24308 31987 21013 22456 14024 21148 16864 8844 32586 5257 1304 22883 
19328 23442 26067 13406 16128 14046 10167 25270 15849 27128 20611 21577 5023 1407 28689 32256 9723 29062 12162 31362 16763 5038 126 14997 18144 13382 15666 15689 20218 18827 20673 3771 21146 10049 31791 15188 17579 1745 26309 28074 24768 17525 3213 11584 28686 2284 10988 24927 14562 30713 4320 18298 3950 663 18896 13769 23288 6509 27534 28952 21957 9268 24675 19426 11004 23459 12098 26415 21608 22916 3749 2896 5181 2451 29967 30683 29099 22061 10939 7329 27433 26820 30345 1538 25419 18084 28926 23668 13912 16577 23089 11558 8449 6302 22974 18512 4410 12672 26788 13360 28337 21098 24447 29082 23671 32477 2986 8915 6066 8856 2028 25827 28831 10204 12003 8823 21064 15613 18512 13346 6745 2191 26602 32160 20693 16377 4982 31751 22277 7116 1521 4374 18711 24623 18714 15895 29238 27533 7444 25468 30866 20722 17925 32317 2132 12398 19232 10998 13127 7705 3593 23215 25380 9094 1409 16570 23004 20884 11548 9505 11538 6450 23915 7336 12481 12101 4488 14270 1765 10282 3285 18675 29703 22706 32683 30727 15001 12285 10645 7571 4749 2167 7000 30920 22803 24430 13178 24802 9109 32089 6737 31406 27416 26554 25849 29506 1374 1462 13290 32544 31938 30282 15023 3809 20249 3105 11792 14506 5911 31505 29713 27570 29331 19927 27144 27510 27778 16058 1275 31479 22032 24390 24026 1043 22054 2126 7486 17164 4454 29958 10637 3714 20545 19959 31698 5306 26998 30571 16847 18676 26232 27341 21220 26412 26011 20948 8159 181 2457 17267 10906 10396 15297 28820 18611 3302 21080 12825 27815 29887 17673 27762 28969 19342 14245 317 3728 17996 20277 30006 9871 29218 22500 6908 21211 26200 31728 13820 21584 32640 13152 16122 12838 27625 17768 8406 2583 18552 8320 9292 23677 1392 28045 712 13763 5555 16051 8592 14633 30232 15678 6993 30712 30258 10963 30607 16464 29468 26223 24866 13038 4690 31625 198 11232 5117 21488 11563 17696 26137 3119 2500 16616 15676 12682 16550 12378 25991 22744 27216 23647 24870 12954 31962 25471 3632 9249 30422 12009 315 2143 7586 9300 7413 12202 120 24742 13173 14289 16301 30051 30906 32056 7339 21934 19015 10396 6073 1738 30436 25340 21898 2887 7998 13712 28836 31510 6277 28364 21064 32659 24248 13805 14545 20061 8945 31566 9182 13607 26879 4342 6097 4088 11930 3779 23288 18880 8252 10100 27555 7821 226 15327 25090 19954 26985 25991 403 7619 29971 
14431 31056 2382 31024 6817 806 12350 28053 30121 22068 23588 28340 22204 16689 16517 14990 18286 29922 23846 22998 20855 27468 2479 9514 25741 15030 31407 20746 11595 27300 32189 11391 22411 10198 11611 16286 20554 2554 24923 21310 3492 22006 13153 15060 17962 13199 1724 9904 21711 9355 3599 7274 1543 22944 32402 7502 5764 23996 12892 11225 27857 30581 26641 23303 22455 1928 2146 29685 8476 5780 2396 13649 359 19896 15870 1618 19566 28460 29664 8984 16780 6932 24580 481 913 4488 29329 26713 30101 17674 17898 8121 2395 13025 27855 1711 8356 11790 16624 21414 32728 14289 12774 16983 15661 23551 8776 13085 12336 9921 16167 11407 26540 23377 31127 24051 16604 9730 15269 24226 19388 14027 12065 2052 3239 5961 4855 7492 18899 7149 5839 1308 7451 13540 18280 220 17703 28639 4907 32058 32468 24701 23886 21345 12807 23637 9320 10210 377 17510 30712 8206 17583 16902 31787 29773 28673 14849 12474 27971 8576 14662 17470 11461 28724 12294 8785 9925 5278 18425 21722 15041 17422 29693 15100 14935 32655 16228 20669 21683 9061 16051 23809 14664 32161 7679 11897 29354 26898 18009 1311 12255 24737 31971 1997 18702 12330 959 17891 26541 3381 30726 32304 12946 9870 23289 3079 25372 20504 26585 28005 22209 16500 22303 18995 32564 19540 13455 28576 21462 11493 12398 29572 3584 223 30509 23192 24126 25708 1012 16614 21026 427 1672 25656 9477 21553 20746 1051 17282 22324 26890 844 9530 20822 16328 7414 27391 18153 25028 21856 25709 30253 24489 20458 17227 19803 5462 19126 23408 28207 291 25743 10376 21924 19569 23966 16882 4649 32719 4948 17979 24827 15961 9689 32743 48 11055 7765 6857 5750 26609 12613 208 30579 24920 22328 1312 31572 25997 32351 20496 17111 5735 9639 3427 21243 14623 16931 4470 16488 5330 25204 24628 2483 1222 22389 9726 31090 8463 1205 31229 23680 1450 22237 7612 26697 29189 26109 19696 20497 28729 21121 30171 3627 13 19245 14698 6698 29321 29868 2932 14093 611 2219 12388 4141 24116 21753 435 12990 27765 27959 3832 7425 6680 26131 13171 7259 32360 13007 25798 2157 2740 1536 11089 24153 20391 17280 10588 7522 19273 4728 24792 31456 29900 12434 31764 24949 11923 18136 2530 31620 20142 20721 16967 5406 24653 7208 6404 30775 32313 31985 21811 31291 10093 21744 1807 23869 16618 31258 494 13158 23520 9267 2183 11258 25293 18675 5595 
3391 11830 32278 28538 25679 31919 9469 3608 10529 30383 3518 1326 32228 2391 5106 12988 4279 20721 29539 13831 29135 14576 19566 5459 18611 19002 16820 5870 30592 20876 26265 24911 17335 27318 25795 20140 17587 6560 13740 232 30847 17669 31952 13931 18990 7161 28153 31624 19185 32083 6830 9797 29289 6077 9660 11297 32195 18747 30753 3639 11918 6165 8539 14270 1361 8230 13239 17356 32345 31356 17844 24503 4008 16265 22897 5903 12811 17192 28980 9075 25541 26722 31116 4599 30308 12024 17951 29147 15034 19562 3549 3367 13705 30335 2800 7780 23510 8765 4547 27361 9618 3314 22828 6101 6571 19776 11163 2349 11932 5872 18846 12722 6415 2371 9961 22402 8631 23601 18560 24491 3760 3420 9174 676 3565 10807 14287 13649 28103 651 30212 31818 6854 19005 24789 7459 27597 9345 25753 4081 17151 29054 32177 5309 19786 9937 16368 12563 30591 22820 11689 8336 15472 23298 30439 13638 19517 10741 16169 27396 20760 14567 17508 13497 14461 8342 8190 21799 31372 6605 6666 26845 9661 2865 1301 10870 5603 5471 14357 27933 16413 7045 17878 16012 26353 23272 24825 14204 28553 7537 2016 24113 25448 20570 25864 94 544 17615 21794 14304 26085 16554 28814 27304 26761 3517 6542 29371 10235 8871 2586 19485 26756 30170 6804 10169 7146 9852 8175 13777 10939 5919 1304 26779 8293 17211 21249 26428 14567 10440 5315 1650 26806 17739 13483 2946 20987 1855 4005 18554 30423 21632 23299 26529 1684 14367 24827 20346 1613 28940 29802 4204 15504 6093 22706 24509 11680 28605 27800 18599 6805 880 6139 9100 20319 15607 22279 17611 23054 2829 13761 30007 21513 19469 7353 28388 454 28489 8266 19520 5398 10176 11908 6467 19775 9589 2680 30549 5961 9721 16122 16781 15424 4684 6730 3876 26256 17513 11949 23548 6451 20722 27470 17604 21662 19248 13007 3710 26360 30676 28178 1469 13119 13299 16879 20801 4851 26133 428 25324 10204 27774 23823 25609 32094 23110 30763 13798 5705 5762 28346 25897 18500 29710 32522 8609 13020 21618 27931 15583 13150 3824 11404 28875 17334 20423 8819 7447 26947 12527 30132 611 25683 23256 9267 18801 3556 31960 13315 29681 6973 10450 23411 25139 14760 31359 15811 29718 21114 21227 30592 9372 21308 6194 1833 27326 28166 7355 32080 31510 20074 1387 21094 2432 20839 1853 27380 30834 25240 23633 6814 17137 2328 19716 6228 2029 15431 30387 13758 8732 
3794 22785 29302 5649 22923 32344 13377 27787 21710 11155 13036 4711 11416 58 22344 2519 31048 7311 30400 28810 20052 29504 13214 22789 4496 4320 31985 20192 8215 17936 25138 19683 15280 16843 17872 17815 6192 31733 22528 15614 9718 12902 14981 22767 1114 20479 15528 17760 4787 13603 7601 22245 13317 851 16268 1903 32456 23270 21519 13546 9112 23532 9279 5450 31416 28945 21011 4940 6543 20947 14424 19144 2837 26539 1818 22445 2167 7399 24508 31842 16084 13749 4157 15868 10333 32334 19909 30910 6490 28029 22706 3331 24420 23618 4830 6525 3262 27287 12258 4333 7752 27544 29636 10746 19708 3435 13826 20405 16126 5752 9289 19425 29822 32566 6817 17914 677 1899 2682 10392 30104 18765 27947 16959 13922 9382 23878 30442 927 25512 9041 7702 28359 1286 6880 19979 15786 4646 11868 15172 233 7739 3618 1978 11882 5222 17548 23490 13895 8864 17646 6806 10038 12277 31551 8498 2390 26895 26464 20503 13066 14958 5059 10267 11568 19168 4257 6041 3399 11044 31406 13004 27859 7528 20204 29444 28454 18016 15703 16112 4622 30863 31520 28967 7974 32539 14074 10286 28441 30285 8706 22775 30683 21601 7356 16177 9947 23423 31727 27978 21340 14295 13656 8560 3931 28973 6810 17562 10397 9232 11915 8320 14043 19497 28890 22195 490 26072 30112 3408 9208 23853 10673 18197 26634 10273 31305 20272 26346 30457 18130 24174 32317 26809 1284 28274 6741 25033 24347 4295 26880 16433 24300 25882 30069 6500 10197 15977 5207 12474 4679 22311 30789 3836 18678 10624 5978 10734 19895 17520 12600 4780 28239 23672 13860 27378 26989 21373 1031 4291 212 21130 2974 15801 15657 28689 9038 15158 31196 15312 32404 26892 11065 5753 30545 23730 23211 30849 7022 16442 14781 27649 24046 21336 1765 11289 18170 3942 26619 6792 19146 9405 19464 5145 13024 24114 30974 21444 5944 16473 17809 1016 26662 29584 10499 26851 27319 20926 5932 4195 11104 9553 12283 18559 32711 32521 30524 10456 9438 21977 23748 17392 26304 25033 28754 28255 25196 25405 20750 30451 20814 21849 2002 8285 4896 19310 10547 32306 6708 22704 32740 28114 6032 23499 24299 24164 6290 602 21953 10140 2675 17764 10985 24794 27023 20239 22129 31284 12506 6003 22809 21986 25552 16505 3495 6746 17487 10380 21627 21643 23668 18269 30388 224 9335 27581 7576 22783 23557 22019 11073 21096 29493 25159 11545 10730 25880 18678 28089 19338 
15503 13076 27110 30095 20983 5913 8354 5451 21984 5323 12681 17271 23857 16019 19581 25628 29951 27141 25741 25449 10381 28994 17395 13375 10709 23066 13533 19675 19567 28678 524 17175 741 3140 28771 29790 1906 9511 20298 20205 22260 24318 28653 15974 13093 11718 9199 32581 25628 25472 9652 22728 2249 5828 22423 30416 24164 25124 11632 25499 28141 24871 21106 18434 2082 4405 16750 16919 11149 4905 5676 5117 15408 19239 26680 16777 14399 11472 16012 9975 2694 13064 23663 3218 28152 12773 5831 13385 25248 27945 2893 25001 7191 24268 23185 2702 4553 4452 10146 29567 6648 28102 9528 9546 9836 4470 30219 1235 27474 28456 1801 6342 5697 15871 3500 32071 20752 1679 17510 11916 3502 14884 10913 14631 23442 7130 32072 21899 30234 21742 20974 23339 13494 28742 10041 1868 6710 17285 19738 26149 6162 11447 1975 5502 31131 25062 4978 8857 1501 14721 1818 22739 20377 25484 29914 28980 29316 1369 17680 18156 21267 18736 3816 16611 20432 9874 9387 15120 954 4715 16486 21716 23780 18946 14776 16721 26662 19423 8558 7664 4304 11046 27694 3642 23149 7659 20511 24215 18401 2683 17406 8941 1343 1452 1420 24621 27052 31947 21610 31236 8435 21419 2922 26517 14253 12305 5909 17416 17262 18698 16793 18948 30352 31711 28514 20829 21183 22524 11547 329 18582 28492 1451 4810 5599 1081 3291 23508 27916 24142 19530 18406 19394 2987 24807 1078 19532 16383 15261 11260 29417 20248 32092 5167 9345 30754 22567 27741 2389 18498 19181 33 6909 32056 27124 6082 14532 10222 29394 27388 31050 19607 9570 3174 27783 18251 11157 32560 6774 15670 32336 31110 19063 12798 23244 1404 10484 16387 24860 20807 1707 20159 16092 29019 29212 24303 9064 8566 21273 19212 32000 11787 16848 32119 16581 11768 20565 31410 26073 12697 25011 3034 22379 12381 18456 31230 20773 12624 24269 10547 29202 14707 26008 31985 19134 17953 4532 5873 189 29363 8789 29260 29178 5079 19880 24301 3150 30851 7402 12751 26069 27075 16867 5436 3744 15558 12829 29884 32673 23752 7800 14490 20676 703 32361 30959 8760 20283 25743 29232 22723 17778 15393 19278 7060 28653 13017 16937 7637 1497 5951 333 13901 1904 6589 23590 26884 869 1567 20509 5765 7260 7334 22048 30286 19156 2183 11637 9281 4751 22190 4993 3888 25726 1382 24023 29886 1699 21674 30854 2850 12770 2024 24618 9053 27498 379 9433 25439 5902 
2782 6168 3641 4888 4859 787 11293 16486 7973 11060 12356 12991 24463 31770 579 32113 11726 27176 28787 16967 28822 9056 16784 5295 12629 21063 4347 28346 7957 9246 25849 26151 31887 7671 9022 9343 18081 19856 28492 5356 9759 10149 25399 13405 10576 1553 32176 16601 17697 27444 19012 15734 32681 2165 22214 30642 29744 15461 14098 27201 24851 13358 21672 13649 4700 29043 3977 10427 5375 8510 16437 24234 23033 1818 4818 18949 25102 12812 20251 18934 29295 29739 28273 31073 11202 621 22488 25852 1624 13310 8648 24561 15176 8796 27072 30725 523 21199 11924 16587 32720 1716 31199 21222 2066 1580 8922 17354 6333 10600 23185 18335 28456 8717 19262 7314 19329 1073 6345 27017 19483 13713 9424 25762 4781 3465 4024 10061 12944 15109 20397 31180 7248 25994 2033 20223 13850 705 12252 26430 8027 9203 760 23885 17936 2122 24564 32624 17161 19056 10286 12548 14455 13418 11528 20583 5299 16829 1559 17676 2113 5817 25904 2089 4117 8585 18233 20076 11043 28970 18215 17260 19063 26982 26981 22827 14460 27010 5084 4089 11506 7525 16203 31497 27999 11382 7393 6760 9925 12365 21569 19122 1867 24703 1103 23019 3646 16913 31457 6711 15893 22780 14075 15639 15194 30748 8140 7396 15668 18777 8029 12890 10325 4423 8483 20061 22071 13581 16208 25538 28824 22906 6578 19290 21791 30425 23768 32481 25878 16200 31002 16446 17403 31283 14587 24632 4852 15977 8527 3584 2474 25160 25603 2832 25023 8068 29820 24710 27452 17884 12566 18739 32108 12397 5216 7213 29302 9241 1150 14101 15385 14331 11872 11637 15404 18214 14381 20293 28234 22395 31809 31395 4914 646 20156 122 11471 7588 4183 6961 20782 32192 30564 3652 27941 17514 17769 19984 25433 15538 4460 12533 114 29825 12575 11436 10857 8867 24678 20605 25518 7490 8948 16577 8184 8527 3262 7238 13055 18396 25208 12453 8517 13195 30703 1210 31762 10689 1221 26023 29614 1474 2459 20912 28620 30310 17948 16663 16144 9650 22925 21065 1962 13127 21455 14199 29806 1681 27491 26868 25357 25041 8576 12221 6185 18568 8087 29367 1212 9582 12024 20469 7370 32437 1937 19351 20129 9040 29594 9609 7106 14776 6657 9417 5713 1887 32244 26933 21732 7103 21340 18732 21467 10597 3646 5274 3124 23409 17169 8428 31612 23640 7177 24581 6840 32136 20396 530 8466 15079 5815 14008 29069 4063 15267 31654 16170 8638 7825 32076 
15652 3356 7613 32158 13437 10313 29243 12955 29101 16276 12857 31819 28160 2742 31489 7296 3259 23378 23325 28325 1591 19657 6566 8408 5919 24499 6028 9597 19125 9237 15178 11534 18390 20107 8401 20853 29669 1343 31221 31000 20159 2852 8846 14960 3167 4072 15139 25486 1028 10003 29232 6754 29193 13362 27293 34 23754 22396 22350 11574 15962 19163 9526 4804 1928 32305 31013 9302 23099 19514 17661 7206 12777 23610 12832 5632 19803 21584 27940 27072 31002 11128 31145 30908 10126 8941 26221 17569 18872 28530 6542 19632 24561 20884 9987 17025 31897 32491 24598 31049 25368 6641 19780 21775 19578 26470 5895 10455 29843 149 861 23172 11371 16069 31488 11645 31713 4114 2253 23020 11441 28395 26394 13726 31741 2278 6924 23380 27024 23170 19299 31625 32435 20640 18617 4495 29555 28174 5599 14634 28678 7406 17141 23779 7067 14251 2753 16456 12483 31299 30438 3341 5525 747 21494 7251 19107 16150 32362 25660 5850 23801 4020 32711 5180 19722 5208 18379 27263 22603 31134 7022 11424 915 31724 3634 21859 28850 12356 29211 4392 28568 10835 12523 17810 20179 1551 16012 24191 7776 14790 27505 9723 27633 11312 27989 9190 9534 28819 1502 19578 12019 27056 19179 27663 7118 7216 12414 20789 11624 5526 24903 28285 32317 333 31401 11923 10852 28945 27627 2149 6051 7689 14629 13740 25693 30173 16591 4962 10823 24676 13543 21480 12592 111 3498 5901 21801 8182 30526 29643 2555 12059 31610 2224 11378 14543 30111 11540 11802 19767 14304 15925 4334 23216 25717 21177 29021 26330 24189 12240 17383 1328 3517 17110 24906 16254 13056 31687 28538 13605 2795 16592 7392 16127 3788 23757 16752 9567 27597 23254 23267 11802 18999 855 16291 28325 17726 3803 6402 13338 22619 2677 14302 15739 5279 23066 18771 588 21940 19326 20538 25716 6680 28408 23031 32747 20081 14230 32187 20097 4273 3463 18844 1022 4491 6311 29603 29015 12650 25178 12072 16386 16573 11574 504 26112 19000 27597 22391 28815 1245 22536 29004 28993 30700 29812 3542 9030 31935 3720 1928 7050 14410 12593 27377 5270 8405 13675 19537 10832 28161 29584 31139 15562 13479 22621 7453 5425 17901 5708 6123 4221 582 21027 4960 6569 20377 21984 13394 37 16695 14183 16913 27299 5902 21454 10700 32617 15930 4995 18720 18948 11735 20406 23545 29114 22182 15343 11683 12818 28199 6631 1281 7297 29163 11803 24868 4553 13668 
13550 22646 9255 8089 30138 16754 22906 20751 3461 5801 27429 3851 32666 19236 12494 11932 837 26354 6119 3900 27017 28384 12816 4553 1007 20551 28799 7459 18077 8286 20221 26789 90 17223 7156 27762 23632 21416 779 297 31846 5474 28138 14643 19021 26566 3884 8520 824 29020 31575 14380 906 1108 17421 20171 4803 17654 369 9673 20204 14245 1910 2919 15789 3988 30691 24891 4466 5823 20527 25947 9429 23535 28956 29455 5908 1031 6917 18281 10286 14569 17115 9741 11245 23747 17275 21990 71 12422 13413 7818 22783 23459 25253 14473 14909 4808 31282 19643 26521 27426 19462 29801 9021 12814 1819 20966 23460 15869 7817 17158 18248 11898 25335 28484 18484 9868 30760 3422 26589 100 26565 17926 11224 5546 4132 19849 10245 23719 29813 1481 26041 1377 31201 16389 29258 19671 13285 16684 31933 19482 3731 21881 12927 31252 24805 288 18361 17228 23579 7114 12399 14940 13277 23604 13286 9688 26563 28970 15194 11664 24230 20966 23299 5241 18049 748 13985 25276 721 17833 4528 18988 702 17234 13228 21206 14305 5263 5725 4505 2018 2005 1139 32018 2045 429 3556 122 19438 30697 19620 133 8026 30811 8057 17589 7452 32101 19453 11772 27884 8516 22476 3362 18321 21486 2071 11837 190 15274 9434 19904 15811 18112 14076 32619 2629 4034 8419 26190 1659 8001 23663 26275 17506 16084 32066 6027 3725 10468 14674 9823 21902 10070 24595 6710 20248 27748 2534 9452 471 1796 12561 13018 26330 2086 23932 10073 22396 2563 4226 6865 4501 6196 31843 25811 28323 10083 561 18002 27388 5654 6300 26903 22192 27863 19703 13196 7188 10977 30479 5005 28091 3517 6548 3547 19146 3705 15928 31715 14789 20980 9145 18258 25628 14273 11703 18682 18721 10195 19402 7009 23076 27557 14939 10878 12108 6088 14884 2927 27091 28428 22104 25919 18539 22950 3943 7219 19370 15121 22986 11748 28200 28315 11626 28205 5848 6052 6568 23943 2426 14665 29376 14876 19697 12805 9900 10209 26323 29898 15481 3918 22093 2611 22876 28928 10842 18467 504 25283 23044 7462 1703 15492 23228 7700 12357 3271 19066 10612 31389 24937 286 25339 15966 22295 19197 29567 10152 25000 18554 7892 18320 32437 15523 25384 2904 3806 12232 9892 1635 13668 14682 28318 32673 18185 12169 6919 24661 19600 4612 11569 20252 32670 12344 9683 12117 185 5381 17122 13891 28514 5544 17841 8647 20705 12752 17699 
27999 19134 18454 17113 15394 6543 4562 11495 23684 9336 7951 28615 30217 28994 32703 7435 4564 11302 24083 24647 31974 14300 7342 28162 13547 29017 2704 25821 30449 653 17205 5683 17416 18309 22121 23191 18401 4293 14074 3238 7489 17861 20072 19089 23660 18514 3016 28278 30091 5772 5262 6104 30966 16628 8755 14521 25607 19373 10121 10788 25506 24736 12580 10190 24894 6559 1111 1338 3085 10957 18920 20630 8173 3736 24937 17043 23315 24625 6547 22996 18790 6078 31798 20907 14675 28046 19722 23125 17356 31995 18910 2583 5735 2371 27727 22294 6466 25309 23906 3247 12942 22201 2944 31558 30788 710 7237 17582 31790 5626 20258 6306 27856 9833 21159 16208 10241 27331 10654 2105 31986 7936 6003 28538 10319 6304 15216 26779 13853 18417 27179 31028 29000 7826 23383 12793 947 31343 6974 20114 25598 31636 30298 20467 30264 5714 28731 21583 2424 12690 12729 3004 7173 9735 14989 1975 21726 834 10841 20370 25770 7765 1066 24749 15022 30669 2412 20126 1066 24169 29824 12603 14285 4295 3224 23257 11846 14318 650 26321 15684 2291 16951 27265 23695 17700 15564 31306 27186 3736 10595 23657 27973 13768 32592 15578 10018 23008 6918 13139 26979 539 10491 28427 8249 11292 13806 31410 15122 19072 27837 605 20573 6385 24715 27548 13332 8381 13610 24349 24733 12859 30453 6694 26375 8781 12156 4155 5373 28221 30233 31657 4418 25916 18468 21369 21622 14598 27464 24229 20686 27872 14090 22378 5734 29977 25570 20642 27414 6502 13218 32262 21364 26506 29406 26522 12128 15781 6376 309 11671 2075 4190 13666 5753 24743 6157 1555 24985 14473 11108 9219 20403 25950 26036 2298 28498 25894 1014 19993 14628 21029 22841 28406 16139 379 15327 15203 2644 32502 2609 10980 16086 31774 17471 10931 20508 15251 12998 31683 6616 12785 17915 14851 16831 23439 5575 13346 12204 29558 5533 3087 26911 20424 1372 24104 25949 11346 11865 26346 24048 32523 20864 5895 31298 15033 20318 28943 18519 26187 24849 32398 21428 3786 18353 23499 19874 1505 4939 21561 22966 27312 22709 31953 4573 21971 32059 29666 28789 30813 7204 8897 24185 25869 24869 27568 15347 27066 29357 1153 10365 11184 12217 22486 17683 17267 9669 25487 12252 23337 31321 27506 2380 1471 757 1660 19308 30266 5044 5252 3382 1207 8707 7498 31130 27246 1061 14527 4628 12759 21953 3900 31743 20650 22061 6908 23941 15201 10056 22411 
4441 1965 2755 24752 26092 5514 16560 20157 1118 13062 18515 24673 32095 26040 30814 31374 24885 19367 23021 11351 20963 17615 16537 18955 12730 20274 2449 9883 27938 31795 21922 17809 18083 9107 5340 12138 3776 8262 32117 22273 29185 2145 1546 5325 28632 31419 19464 32448 11913 8829 15453 26249 24559 20681 18405 9250 2598 14339 10136 2378 24306 22395 27320 22707 9448 5951 21339 13792 17863 23495 1798 25423 2967 23322 6849 17013 5122 6422 6375 11144 27679 31567 1588 16317 10778 26733 18118 9245 13330 11016 19781 25403 10143 18267 13245 27546 3992 5561 868 5322 32128 30224 17418 13313 10395 32690 5303 22945 21957 11759 6275 8093 30646 22404 11584 591 8665 5264 16152 10420 1514 7084 20673 24585 4315 4720 3353 16627 5092 21147 28056 12520 2414 7102 15226 28838 8356 5567 16155 16624 18518 23025 20576 13830 31551 14143 5387 10669 24407 5229 3901 14258 6878 31344 6004 17593 24478 23233 954 21424 25936 8486 13383 32459 24031 13493 31143 28528 6546 12256 19764 8511 31970 22054 7453 4 7102 6722 14924 3493 9717 25576 9781 17481 8036 15201 30189 16942 17488 7452 28807 31559 13462 32480 7862 30229 25372 2378 26513 5153 7525 5786 23871 29968 14418 26283 27351 16348 20469 3611 7820 18379 9020 4295 13805 22501 18302 31645 27865 31485 30345 28288 11069 5953 21157 24387 32313 22998 15704 2539 30220 10225 23200 25343 2326 32214 2446 13830 23600 8202 8011 17884 15241 8623 22088 11165 12094 18540 907 11455 4070 14327 18282 14686 14220 11124 3429 22358 11384 24938 16893 21918 31453 25542 7537 2475 14827 31418 15103 32386 30814 23536 32602 21019 17805 26052 550 12583 2321 18756 8081 29265 5493 14417 3658 6663 1003 6574 25346 8192 17366 5353 8498 25761 29173 6883 5445 19843 27564 15082 629 12091 479 18485 17421 4198 1642 15695 26235 16499 13723 14525 21790 1727 26189 15136 7945 4438 3103 24674 18854 11281 18921 4047 21812 5055 30365 29810 682 14016 30173 9510 17273 23281 12947 6053 8417 3796 29378 22290 15780 9026 14066 29739 6586 26698 27050 10773 26853 28503 6341 32475 5784 3636 29472 21653 9818 27184 6995 2031 18444 9927 8137 1443 11607 6771 22012 13687 32129 25391 1652 21720 27252 8074 23949 597 21533 26809 22462 30022 8427 6260 18917 24255 27816 19498 20720 6360 955 29742 7412 8512 9268 19463 5116 12641 21641 6971 14230 894 
25744 18052 429 19912 28859 9955 12326 29215 28675 20538 19074 14263 25871 22069 87 19292 25047 21456 26470 25596 5001 17095 20622 27334 32009 15747 23368 31699 19188 18362 17097 17397 23746 10864 32341 25560 13345 17281 5830 10457 4905 9039 26649 12539 15179 5596 24774 26685 16605 30226 30555 22079 3849 21739 11356 10080 13538 20848 20150 32317 24164 11771 16725 11001 26272 2899 23282 17353 6033 14097 17233 16981 22081 6195 18210 29798 3220 9336 18355 5996 18782 11812 19092 29945 3481 21435 30569 17646 11422 27359 9580 4264 21325 26693 29846 5760 13525 3464 14946 10431 27510 9585 19293 13605 7290 25913 26531 10328 2028 11276 13784 25934 4511 21440 556 20477 20100 11108 3817 4969 12580 6585 23457 3809 7039 30364 11486 3147 9689 30263 29854 3207 10264 11953 25526 17465 7442 26120 22563 31360 32120 5202 11496 20200 29228 19902 29898 25349 29898 15366 25046 7170 17289 24239 27643 198 6934 21782 8195 7943 28627 23268 17526 8411 16550 12484 32260 30310 3175 4876 23333 29682 7536 26367 27978 3383 22034 15227 24355 4297 25800 20707 25474 12137 5433 8791 8460 4450 666 28890 26010 7792 7300 16311 7724 10762 14896 5850 9265 17955 13737 32218 30103 5890 18578 24267 25007 30578 25873 29978 14547 7510 30078 2886 17420 10116 8447 30873 9351 10526 14210 12429 29979 13835 23872 21187 1924 2345 22639 8867 25313 23561 7632 6210 25646 14473 20181 16020 25537 31707 13844 19741 6917 6028 27555 2599 20577 30033 23343 450 21783 32326 21996 2158 28282 13528 6694 12807 4184 10107 9417 11423 12455 2648 4815 10818 13653 842 2599 12698 31338 5776 25553 20830 14232 20767 6148 27875 32424 17400 9186 22233 575 21911 26516 20535 752 31794 25276 15497 11343 27784 10035 18105 26391 30299 22997 27119 9407 12602 25280 7134 11066 27101 21884 24837 22939 28098 12220 29694 8603 141 28670 11351 17086 5579 3268 5040 30783 4690 27456 13379 17080 10999 23552 26561 16510 1416 24844 22636 2651 6012 27849 24279 3980 29385 10580 10567 11292 21917 25798 29602 17227 6443 21385 17564 3024 6474 15702 23545 31662 17162 20284 2405 27630 12835 20149 14776 30641 14366 257 17041 18689 17749 6193 21767 22812 26623 17084 27694 19096 3568 31188 2414 12641 14693 24679 743 2397 21450 11173 21902 17114 18276 27633 16259 16734 9146 18478 16000 16405 8594 18146 9631 6839 32292 22933 21569 19766 20165 
14418 10277 27698 11885 29894 16598 13341 1716 3900 30304 16436 26946 25982 28937 25938 9570 27763 18813 24530 24165 13696 15021 9664 18305 32646 27078 23558 21697 7210 31588 8741 8652 7365 24635 5931 3121 23467 14551 31593 5741 1570 14782 9287 21900 23974 17831 17813 1133 11707 11680 18463 30716 7178 17315 13814 12309 22488 17686 32661 7496 11248 3936 1413 11986 28244 29808 16842 27313 18998 13892 21413 23674 27679 32682 14388 13647 6580 28359 2901 2745 30274 5355 2585 20989 31369 31031 15344 23147 21928 17229 11714 19797 24934 32463 15965 18404 14714 30913 31282 30525 27556 31581 23776 2152 31076 26024 23500 8103 254 7807 27180 25890 18840 19636 26127 1197 14957 6392 29553 29694 25561 5494 6796 29846 13174 15533 6752 24033 16470 18728 4002 22003 3842 20605 1783 14679 19584 6054 5357 16940 8086 485 28995 2358 9767 10466 31733 10962 20681 9405 29608 8842 20377 30292 2910 12163 23076 32180 32624 6041 11342 12075 29809 24005 16356 25625 455 6020 17847 772 14813 17268 16946 1535 27320 4141 11854 21355 15491 31472 11312 7172 19392 4281 8766 31938 7741 18410 6952 5125 12772 14968 12620 24885 28763 11105 28681 27754 22136 2813 25092 2546 30576 13973 14727 21255 26992 6473 32380 27094 3542 14106 22636 16386 5949 24083 30458 18477 22023 26646 14303 30759 24303 16803 26930 31336 29785 12198 4640 11600 11837 19124 10516 12621 1751 30827 26305 25012 19653 11192 27712 29644 11431 11034 17406 11502 3072 2100 641 30146 23993 32537 19163 28090 13691 11407 26629 1492 10498 3513 18668 1421 16792 3751 22803 28114 22091 18368 591 7732 26062 17797 23886 3928 8922 25235 15086 1001 25996 29214 11820 3472 693 20799 19434 7975 11570 16811 28252 26739 19098 5586 306 11603 26748 5109 31221 19024 13855 7251 16761 12847 4275 30068 2486 16600 10006 24630 17643 26679 16006 21260 29676 6630 2636 24612 21925 7168 5212 2938 6159 4147 8214 19916 29273 8864 20591 27819 8660 24367 3431 28587 20480 24225 29767 10917 26857 23359 3995 23897 23120 1878 23958 25908 7663 17143 14916 23915 15598 14850 13449 26270 3543 31403 29275 18237 31683 30153 17113 3390 12611 19459 3860 1935 24589 29534 29269 10364 8 22003 23788 9917 25033 15478 7640 7476 9423 1304 8258 21844 25177 22307 19616 15275 27920 7539 27581 8601 2409 15123 26342 29270 16509 27793 31894 20892 9510 32738 15440 5611 
15524 31096 4487 18844 5175 26237 30036 25631 22783 1017 31214 29978 11230 28955 29779 488 561 15666 4749 23139 32059 31727 20981 11834 29750 12147 10200 9429 23524 10426 29199 28248 24606 13414 18505 30277 23974 25201 6453 6387 19702 10393 3200 31817 14723 15647 12404 20287 10229 11882 20514 11503 20706 30658 2523 28798 14306 27835 21923 22347 16357 28954 25085 23791 6645 28340 9107 10986 17076 11800 21549 7218 15470 31746 20474 28813 12617 10816 9218 30753 30406 10237 23886 29518 26727 30233 21661 24186 10542 18782 925 26586 15863 28696 19078 12236 4229 30238 3024 29420 15986 21589 27300 2482 25165 25528 26782 4746 4934 8223 29146 18535 9862 12175 29281 9067 13503 3377 18568 13456 3473 27487 13679 13738 1086 9029 31681 16653 8600 10123 14964 31944 17805 5977 13601 4830 1128 13463 14733 26450 20623 30241 15120 367 15560 31885 2581 20545 27095 27936 15292 9972 18727 9047 4292 9666 13341 2847 5118 13196 8258 7025 15369 31071 11699 8175 19841 14258 10955 6045 4950 18286 18020 5758 8132 8075 738 32501 21023 1328 1802 13659 30719 1810 31050 16684 648 12478 14408 4862 28432 31163 15151 3230 21340 9981 30377 26848 20564 14875 2645 4110 28570 29956 1954 7194 21844 11677 29418 20416 26031 19463 28352 23763 17830 1162 14241 15146 27203 17821 13097 32605 18444 21799 31255 17456 26468 6567 10532 27669 14985 18762 10574 9069 30197 1361 12957 30662 8930 18025 26217 25991 30869 32467 28892 5381 17760 19555 32221 8370 1205 15877 12628 7565 32679 6567 22874 26913 10549 31307 3465 15749 8083 17079 17533 11692 31906 31485 7636 4778 22010 2160 1982 29666 28458 19000 290 27600 27011 14106 27506 21107 265 21507 3998 27607 5775 30352 29516 28816 13112 18924 26222 30489 22128 31908 11096 6242 20021 7311 3636 17595 32181 4770 24882 8574 7438 19569 8792 29230 9108 21490 25298 16154 20542 29941 12580 21836 31720 13748 3553 6533 32233 13778 3338 22742 6911 1031 3214 1135 27072 6944 14802 9873 4727 28253 25207 4252 10579 29067 29476 21158 12310 48 385 14769 18098 26637 4277 25799 23434 5822 22747 15231 30769 19645 30914 24766 6330 6412 13929 12505 12730 22526 21155 31797 20871 10255 3802 32218 8091 23082 10012 5865 16073 24045 10811 30084 17715 19978 26589 7670 32553 25116 7650 8782 27654 24269 23453 690 562 23512 3186 17462 22520 29474 24839 29081 24947 5511 
29422 22183 9626 14486 8067 18960 26656 13254 12470 12013 6767 19899 14588 32291 20220 1558 4749 16421 2006 8911 1275 15457 12918 9318 14640 8864 15884 14690 21290 11052 29278 17445 28546 23826 21608 19001 21550 5482 12903 24350 875 42 26450 5823 17346 15942 26245 6633 11744 28308 10562 22674 25851 19302 29716 10033 1055 29799 4988 13934 27552 26712 26864 28248 21653 28196 1394 20069 21710 26107 27389 8358 15013 19817 10099 13251 21428 6595 31703 19888 31102 10260 12267 13902 8431 20991 29181 2407 5628 32266 32751 2731 15177 7694 12606 13206 1807 9842 2466 22118 6580 8585 4382 26620 25223 30672 20172 17640 18191 1900 30773 28958 11400 5266 26662 5874 552 412 29717 2697 10373 27246 6184 23457 12232 21003 18506 26595 10295 21116 25388 11948 23019 2866 20652 15582 21672 14190 3759 15568 156 24133 9017 27279 776 11178 10255 31567 870 15475 9628 21651 27512 21007 17844 8004 20306 16519 12497 18689 20156 1547 29850 12649 15202 32525 7604 7300 11701 26374 20557 6934 3926 18045 1139 19285 18356 4220 21433 11348 16391 14511 31202 24722 6696 28710 28078 12054 25281 6678 6533 24795 4298 10489 20500 26947 17560 5170 11560 2357 19566 22380 17386 16621 4919 3788 21222 18992 24024 25374 25369 21882 19471 21062 27535 2480 17619 25261 19460 11 25320 5640 20866 4731 17807 13346 4306 4938 29553 18232 8954 19130 20927 27513 5351 18898 15088 17740 7098 31052 25133 26360 13131 32381 2405 13273 12500 15977 8731 27938 28741 23252 21499 14210 1410 23984 28666 24802 32169 8662 22792 26197 12036 4875 32126 14049 16121 27995 11193 16377 10479 13858 29429 11991 22903 23578 8971 31828 3043 8581 4324 29778 21722 23290 12919 9568 5173 32384 5157 8667 2808 12323 12985 12126 1973 21859 12619 11891 23018 29457 9679 1664 29617 854 31881 25345 11092 27107 19894 11301 14408 26184 11358 29619 15430 5746 18776 9411 32001 30237 30123 23003 28370 20824 16987 253 27165 20798 6259 24777 11010 26884 29739 6973 8699 14987 10338 5641 11670 5005 15527 21562 18778 28792 8418 7573 14396 23649 8982 11256 18616 28403 13659 28749 5025 487 20802 4599 26013 16219 2430 1727 17626 31547 12390 12382 14409 20198 15445 2804 23346 5526 5380 31728 4976 2488 7545 20189 14270 23130 2532 15286 7002 16504 15072 19812 29215 14729 11644 6779 15726 8829 15272 11333 2863 15195 18653 12703 15845 17646 
21341 13384 27620 21455 28393 7827 29465 31517 14808 28171 27240 19193 19862 5813 4149 27327 13356 180 31873 2656 25974 14519 17964 23431 24385 10392 21724 27218 20640 3072 30134 28843 17545 25920 23597 29252 20847 8762 14071 20017 5541 29970 18646 15739 373 3601 8859 14745 22647 27800 821 19237 13167 23198 15719 21656 2094 31170 371 24169 26261 5746 26863 8654 29406 22779 16379 13586 23451 30825 22903 22716 26862 9542 19320 13997 25606 29161 10895 30380 7136 28714 20019 14276 18771 29959 1157 4892 143 6900 12461 14316 8092 23675 18786 3553 25146 30636 10160 23222 4460 23266 26616 6436 31891 4456 31277 11146 66 8108 29916 11099 19737 76 25705 4399 31506 29899 12083 16509 31733 837 8798 11684 16966 28335 13045 3299 4175 6713 15747 5837 22933 14329 15003 23978 27597 13187 26038 29919 5093 4754 4411 11707 11500 6822 6794 5657 14839 429 5693 6834 19574 24534 7622 24620 23177 10555 18189 13338 19095 30711 10892 21354 14984 6380 28727 19046 27402 25103 32582 11242 6857 30296 9270 26955 6877 9990 14728 29503 31111 21796 13139 4006 8578 31210 12000 25781 310 13284 18200 10479 11155 8527 30542 13712 8674 16413 17935 23899 16449 25044 26332 24305 2953 5545 26724 13870 29118 24037 2482 20233 25348 4 3695 17526 9428 23281 22319 912 2197 24704 18763 22548 22572 30781 5583 27952 10240 5870 6383 12229 28085 29880 3920 1502 24027 19999 24586 10587 9120 16971 22418 6932 17978 13847 9590 12957 28698 13150 16208 30275 28262 21844 28598 14159 32133 7174 30798 6586 22241 2681 6397 7850 21867 14990 7618 8471 7389 22603 21551 11507 15203 14097 4275 30907 3214 32290 7249 23134 12125 30890 28580 31256 19968 28612 16881 8564 8371 11304 7255 13395 6212 29069 13785 6467 14566 13669 29085 31061 12106 20720 19233 7960 9258 10286 6335 11011 7327 27126 13041 1335 19008 7435 22756 27932 5255 18244 22974 27177 17445 28824 15139 18984 14483 22297 13769 14743 14897 27041 7056 15248 13759 12332 13998 10477 28610 4598 28920 6190 32291 15633 14160 23032 18528 16181 27462 16959 3127 29327 10868 1735 25948 517 985 27105 28565 30086 5442 30631 27928 24313 15657 20129 12825 24071 5562 11286 9518 17320 1661 29627 6691 18823 25334 7216 5709 18093 32683 24717 31796 30443 25282 13193 1741 1238 32424 9444 27032 23119 32299 23453 7712 15851 25773 1001 12588 530 16412 32132 
10195 3860 18064 16524 25059 2442 18400 12670 23563 26669 1079 19128 26708 26755 7729 26 21327 31546 20008 27537 27515 20853 31077 5837 2754 23604 21851 12121 27054 17976 28467 10728 21842 15525 27523 31925 15369 16362 26122 562 15249 16769 28463 6109 7924 15390 5086 6472 16971 4443 5264 24254 4788 488 31545 16980 8497 22029 20707 14398 13230 32655 19634 23013 23714 15354 22723 8803 13513 11128 284 13270 30349 21980 16548 10403 21313 2525 32750 9167 19816 32246 29918 10687 28824 6157 21766 8913 13414 283 25441 14612 22823 32206 21413 25014 374 8744 6122 781 3925 10419 695 31750 9313 4844 19357 17477 28650 1385 15518 32252 5833 12937 1208 5445 4616 12999 4294 26981 6095 19882 6626 12122 28089 13482 18256 4555 30804 23793 12242 20847 25465 11575 29026 6207 20071 32144 3245 25306 9346 836 29660 10090 30858 18837 26603 24987 1102 24508 322 11908 14687 30454 11342 19337 24545 21649 18509 1357 21257 8806 20691 10239 25505 2975 9714 15793 25721 13102 24603 16267 19843 29223 20480 31154 4619 26214 5265 25295 28345 3127 24381 10128 11683 28496 14779 19673 28200 7016 6316 19805 18798 32032 9332 3732 21298 26928 17310 23104 23841 6026 24802 1304 12043 1919 3357 30180 158 3276 24281 23381 27826 16144 18127 26368 20770 8455 25482 21724 25228 11481 11249 2800 2286 25206 15588 8487 28492 4731 28046 26427 4538 21107 32147 3617 31351 11612 32137 30792 8144 26529 31040 24558 23941 15434 21312 682 9898 27494 5586 18364 16503 11745 4458 17812 8220 31783 19087 13471 8250 20188 24062 29522 23411 26097 9855 639 31828 32228 24329 14739 31515 15117 28401 2347 15966 26676 17437 28620 2096 31573 21857 4184 15871 27510 21787 3530 31867 19482 15560 32132 32111 15938 6928 4022 14232 4648 28507 485 4420 11648 11985 31483 17002 17330 6675 13244 14095 1039 3356 10753 18066 7256 30783 21953 26715 6447 17633 13121 17940 16225 32559 7664 25933 20567 26319 25095 4216 20489 19050 30392 4612 27154 10823 1301 26432 20090 17206 966 12752 1596 19507 25207 21608 3350 21887 17922 31366 17632 14850 27341 25561 30947 370 18844 13178 18136 1036 25088 734 29651 30636 8871 30061 7120 17749 17297 30380 24525 13440 26627 31455 2583 14404 20561 11414 27907 24667 6778 25890 27554 17042 5976 8601 4232 27141 25522 19178 5458 644 20704 26615 30653 3206 2321 30459 16462 25282 14159 
15979 29723 32575 20951 4267 4761 12344 14601 5683 22171 5568 8207 24772 24215 22332 21135 10600 32481 12577 10817 6852 21531 13589 2865 32750 3741 22653 15028 24794 13301 10500 29696 23735 4021 14114 20016 9958 26545 981 31249 24937 11695 29233 32177 22722 11409 27709 16056 31680 20767 25163 12691 31668 13740 16077 20729 24438 11793 35 6616 7788 11196 27347 16289 27163 22457 7071 7445 32088 26667 19370 6284 31555 14271 27016 10248 22817 7177 15874 14653 18671 21797 1485 10718 2863 5023 18852 17057 7270 1059 10167 21517 14779 23290 4574 25278 8161 3822 7428 12485 31235 1156 10437 14259 16537 2492 1532 10512 7990 15429 26844 15435 13003 11867 19137 8256 7453 599 2029 18019 6895 17544 20721 25842 22224 17433 13067 12177 30670 28781 12092 4082 6893 9686 12417 25382 31086 4775 28154 29517 6720 12799 27778 19458 23824 19285 24428 4781 18022 11179 1927 3183 8746 3518 21078 2061 18482 6207 11644 3963 11654 25770 18379 15000 6614 21561 1315 26573 31032 25838 16743 21765 21935 16873 17540 27986 6733 4424 28335 6270 15589 16631 16609 31789 30410 7006 4535 26806 18687 20500 19251 28383 31389 30174 18717 1277 9112 14454 24198 13508 15136 1537 20641 25030 14204 7212 11729 11987 23679 19771 11213 2354 31302 5702 24687 24105 3454 3558 23306 1127 30754 5684 30547 3123 1440 25931 20451 16263 23266 20929 17581 12969 23657 28577 29479 2073 1226 8042 6548 24415 4575 15568 9275 22258 25531 26682 28942 19973 12741 27033 18053 27721 4560 16435 21953 6886 603 23254 27699 9797 27786 27324 11188 22878 5603 27389 995 8303 18317 5656 27440 1004 830 20033 28792 20675 8720 30013 21073 13839 23036 26924 28246 25974 16885 13237 19626 19825 15326 19767 4506 17136 922 17745 22752 13566 6365 4224 29187 3036 29372 22782 22447 12624 25042 27256 10284 5114 11670 15795 32210 21826 31830 23239 13784 30381 23643 11422 24498 27550 11863 32596 8208 6825 31163 29941 17782 925 8610 21038 8749 25729 23955 2866 1585 23281 28748 20162 553 9153 147 32374 10440 21950 24349 32060 4699 5806 28237 16240 6528 20767 9627 29184 14510 1519 7831 716 30515 12868 10832 14772 22319 18535 15235 19551 25853 27372 24237 1538 1670 716 23809 21499 19225 29890 24399 14607 17426 419 8696 20659 22982 15690 3944 9818 31276 13730 2472 11561 10608 16556 15840 21074 2386 26343 32110 26943 26161 15955 
11289 7735 25121 8951 2857 26952 20731 4373 8286 25591 5882 27679 11307 25802 15358 14540 28407 9861 24593 3489 30702 26962 28702 269 32431 23349 27975 210 27715 12187 27944 6852 22314 6469 3916 2417 6173 2605 9501 27536 10201 19082 7075 30998 5019 8664 26098 19703 21511 5479 6653 1774 17307 11344 20342 25685 19472 14173 4849 32092 24479 31459 21254 22210 17403 21993 2009 28052 24276 24300 14809 4092 31198 5315 28728 11148 23241 28209 22103 4862 5819 26229 30017 23718 25223 9051 2755 23708 666 30667 18864 7184 27004 15230 25383 2252 18503 24968 29326 21206 25098 15827 19935 16367 7950 15465 7938 5461 14742 16255 13601 3683 12980 27744 5783 2804 11580 18237 3639 5422 14687 13106 18694 24819 22521 6739 5948 18445 19826 26942 3708 11839 16869 31224 26575 14852 21415 19108 7830 7279 29632 23146 25086 2110 9913 16602 26844 15280 31704 23924 25703 30281 30378 8865 5065 18740 12784 1724 30614 29893 4823 22170 14549 412 4706 16848 10050 23067 30006 16521 16582 30 8619 32021 19387 32259 18496 21308 2118 20639 3467 28369 7636 30892 30903 8233 30829 1769 31212 22356 21669 29447 9884 14317 27475 8888 6466 13061 5135 2986 2372 17407 8653 24355 30393 28615 13206 27682 12685 14784 5141 17098 22940 5762 3140 21790 10080 27345 17561 30226 29866 26476 722 12905 10644 1477 306 2240 28556 31681 23483 20642 21186 9661 24652 16870 27976 28590 14504 7740 7259 32557 21175 22727 19173 32535 6208 24828 26556 8362 8846 24892 24482 31881 15275 21350 12250 5240 14266 21768 31430 4444 10607 31514 16972 22340 18275 3597 8346 22573 17261 14038 11171 8817 31427 23687 29886 19242 10167 760 21638 18953 31571 14637 24366 16399 11946 13821 20090 1089 2717 12120 29423 7915 5605 9437 27626 29466 28586 17579 28406 19150 13064 17289 11283 16040 23831 31835 5822 25242 19135 14248 26988 4888 11223 20618 11793 18077 26216 10742 6330 27800 17309 17182 30596 4837 18471 26402 31132 7053 8299 15965 12227 18863 7525 6480 25263 3870 26047 29341 3235 24256 6086 17180 17606 13671 19096 6685 23916 12728 27985 29034 26412 6834 18132 27736 27119 6660 24508 11288 22836 17232 8313 16982 25070 16733 10739 3787 24577 16041 15246 17420 4790 3114 15190 11988 16433 12990 16891 4441 94 17439 1256 7906 16531 31908 8615 32548 12675 18530 28940 18562 26255 8235 22438 17196 21208 23383 500 18821 
27988 16807 14698 27567 27309 23346 19970 3468 19086 27374 29648 29029 24663 14547 2965 30746 28843 24420 4536 18856 971 28974 12771 11676 28197 246 13393 26824 29859 18938 31445 25403 15637 26712 23445 19824 4256 19003 32348 321 14114 7419 336 5940 17026 8896 3861 32022 9223 21293 3104 14033 19892 21039 17423 8151 15563 1063 3927 6340 1123 4588 11967 18824 23829 25493 12935 1655 717 23609 2366 23920 9147 20180 18454 27961 9860 24194 19366 29151 9194 19014 13612 10634 9446 19318 9054 14153 16540 4517 24289 17825 18923 10345 31195 13806 10452 11099 24306 24051 17235 22695 30969 6922 1572 20457 21827 22775 16823 13730 20036 26476 30892 2281 21374 26042 17086 6163 16398 26905 6067 19825 9574 26682 29863 4321 15110 2808 4096 1214 7048 29497 7333 28225 14807 9665 14629 15647 4505 20548 15453 24812 5811 29514 24182 18455 8678 20172 1070 22827 3619 29263 29986 6139 31256 22304 12300 29729 29081 9407 4555 26449 4831 2113 19472 21092 6895 21711 17159 346 2265 4313 9849 28831 6595 1173 8005 7987 11815 26440 10462 16067 5036 27117 4123 26911 2725 19220 30345 5442 16112 19186 1314 23150 24830 11708 31241 32628 144 12843 1451 919 9939 30929 12986 31435 1493 30961 9599 31412 2881 17876 4353 31724 21827 3173 15088 10211 12763 17433 12679 4642 24494 6696 1243 19821 773 19362 14158 7430 28912 32376 31684 17218 29571 19316 64 1936 13854 20538 17042 8087 6535 2753 28386 13245 699 15009 8299 15515 9815 443 28126 30952 14385 1683 3067 173 6301 11804 2257 6538 18277 27736 24446 18408 26260 18961 7801 24051 5580 12161 7326 18162 11175 22332 10147 858 13832 22912 12108 21283 26649 8313 20078 17044 19466 24089 22068 18168 12740 29656 22219 1228 17096 22403 1307 15141 16822 10867 4306 16769 20765 28828 8086 15784 30612 17946 2358 19936 31367 19186 15780 24677 26314 16129 21736 12071 27102 27687 11644 27057 22775 24271 31825 9778 28267 15437 18442 28140 14836 11371 29108 14961 28664 11966 15232 32509 1077 16394 24802 2496 5559 10 8722 7285 29246 17965 3028 25738 12426 13641 24718 31995 10749 29176 2330 19030 19301 17971 25677 24159 5551 6565 18291 31167 10977 6627 14992 5685 914 747 10037 32764 25893 30708 2184 17417 17369 16980 391 10892 3189 30215 23755 29828 30864 4913 20629 20031 24420 26145 27725 13933 7945 21449 17683 19486 7626 9522 
23717 9110 11563 9590 9424 16037 17347 16412 30247 12148 15468 14242 31606 29124 1312 14062 20747 11809 15703 8469 17987 25445 17568 7589 29621 20094 5668 31975 928 24766 3439 24293 11556 20150 8694 32557 26936 1304 28656 16363 16244 13140 2976 26069 2879 10564 15360 23795 9018 26631 30613 20466 29420 19066 24232 2214 22913 23362 9201 32310 25356 30972 31898 28732 10945 5498 11474 12549 21769 22541 8630 17184 10050 27187 26752 4948 8712 229 20536 7036 28876 7624 14192 32448 13835 20552 24768 7379 26772 20431 4893 12922 7921 18714 32269 6148 11985 6477 30567 13901 31261 17405 4723 10829 19073 9426 27405 29768 24855 10206 30586 29783 25813 23915 13132 16486 30705 10426 28602 19720 21454 6378 6210 5937 2742 12226 12457 18949 12498 26770 20203 5406 26794 3430 19415 27830 9243 6108 28470 18674 5160 25027 27198 18136 30278 213 23833 12449 22772 14274 17295 13557 31430 1606 19627 17131 12786 818 790 14146 19794 19023 17520 8910 22027 25495 24945 4700 31623 25055 21494 7824 6789 716 31401 16131 11674 23257 17979 30805 4903 4471 22517 19611 8169 9215 28803 9027 22887 28821 20977 4712 11755 25706 5846 32536 26151 24496 19532 14352 12080 27167 4478 30665 12903 19937 24566 32226 31523 13972 4181 17263 25009 30656 31124 32728 32354 12067 22598 2855 18269 30330 288 15515 23242 17572 21503 15464 10135 27257 19830 7163 21416 8996 30775 18880 30827 14266 1541 20739 5437 5110 14336 5414 9074 5840 17001 8071 13644 9958 2919 9554 411 22603 6042 14310 388 30403 8606 32567 13856 18880 789 19523 20793 31916 11970 18454 27516 32578 15204 15807 4947 26087 3085 3490 18401 3427 16558 20585 7084 31518 30990 13504 1642 15638 24717 21743 25431 21797 30860 30800 21361 3605 10724 28864 24857 12550 1485 28068 25073 7302 28203 19382 28188 7884 29072 20369 16483 13330 4507 21181 14879 12034 3014 4191 31463 28417 6951 17554 18386 7425 13594 4371 6603 7500 8380 22873 16732 8462 24182 29172 8306 1705 3656 19916 28111 22531 25918 18126 3957 12995 644 1498 1243 12674 13500 15961 13338 487 13544 16751 1981 13101 10507 13076 10598 32581 28709 531 8553 17859 26605 22986 6609 12707 17773 31337 13991 7540 184 24208 14281 19880 10853 14879 9695 7160 527 10867 14021 11563 9216 27789 11172 21244 16208 27058 25810 20302 2434 14119 30092 6537 26428 26408 3221 23137 18691 22949 
16156 28452 26498 5021 3636 11599 14583 4150 3635 5365 16789 16165 4192 9719 12891 3750 27836 20948 28583 16040 1080 14669 19652 14140 27671 15916 8951 672 24928 29608 18127 2202 25303 8191 1439 15027 15847 11996 11612 22882 19713 28587 5434 2034 12936 11104 12671 11175 9702 1179 32132 32322 25392 838 13310 5660 14905 1666 592 5078 11964 22524 31806 31859 11997 12437 21770 13096 19751 26194 23572 2326 18687 328 7825 4670 29464 16511 10243 25754 9403 2285 28418 31344 9661 872 25657 5990 16824 8120 19117 6844 13195 19481 4977 4264 22981 6098 8726 2628 24299 19826 22731 26254 25085 31814 3516 12392 20292 15274 3438 8768 1423 5334 1334 14215 3952 2498 27198 4953 23210 16779 25041 19808 20876 14495 30346 6826 10629 28763 10019 31845 24011 12628 303 11507 29877 31945 2164 3827 12363 1429 25658 26848 13605 28938 14194 22076 30797 4826 27669 25228 11367 2425 12538 4301 18604 999 22782 5918 19099 23816 27656 22229 8748 14955 1212 28453 21503 4130 28873 3562 776 28631 25102 23050 22424 10648 1673 17736 29925 19897 1908 25116 12533 1415 17484 24713 13816 19617 22087 27248 18238 20153 8933 17248 2426 25916 6318 31750 19185 20947 31038 1402 2932 20712 23553 17329 1827 23229 17816 25935 10167 29047 8499 32595 3831 31684 3408 13444 4959 9353 21784 15267 20208 3110 29630 18386 5982 3433 19787 29238 21548 16906 29441 10988 9452 9875 16172 10232 24863 20393 20268 17031 14218 4513 8250 14282 8788 14937 16278 29795 8509 4482 17822 7902 9696 6458 12918 16751 27739 10746 27848 10031 8085 12590 18203 12824 24871 24723 27840 10914 22190 7683 29934 13918 17117 30291 24454 11627 17469 11453 27500 945 5808 20195 29067 24967 25897 3487 19673 23698 4399 30345 31433 7578 10802 6615 23309 24237 11211 18072 10764 9219 27393 20382 7123 11847 25318 9602 31281 26876 590 13850 6729 32242 11065 27806 32195 32638 24458 30790 3943 27910 2898 4329 24327 13227 32080 3783 6421 5396 14795 18511 574 18654 25301 19501 11011 14225 24721 27964 58 18603 3675 133 22866 28201 28696 10115 20052 28845 19232 15777 5404 14318 18220 30059 14864 27 30588 30878 10674 17066 4939 26011 22003 22495 22433 20232 5204 2299 23493 21088 21754 536 31548 13398 8608 27026 31418 30557 32033 28703 12809 23803 21731 25872 18080 4830 4679 16238 7925 19189 27058 15210 9403 2102 8874 4135 
7265 9648 26966 28140 25499 24066 10382 30883 25627 23893 26175 3622 17939 26822 31793 25453 5570 20821 2188 17146 28477 17608 31099 27384 23199 31488 5387 6526 19250 12811 12647 19154 13228 3097 15259 2251 32696 27911 2636 8175 12429 3489 28869 24245 29225 1678 26454 17512 18297 29528 18887 16514 15672 27337 5726 28982 7920 20148 5119 16144 8878 4071 21876 15733 20272 22873 12221 16493 17410 1729 2112 4007 21721 11879 16611 20352 29195 15658 2297 21519 28009 22115 14323 4450 17227 27271 29827 25468 1874 28125 16712 439 18433 12605 17160 12461 9588 13861 21122 6300 82 24679 28700 18634 11699 2480 31317 29076 21176 32353 10955 5696 29640 17155 31005 12182 4113 22906 26647 7375 18983 7395 1002 18678 29566 11762 32283 24142 11280 5723 22504 2856 27475 9130 23584 32683 3851 8537 22541 5097 16783 26461 22658 15772 12771 19041 10805 11851 28672 17965 19721 32411 21025 18819 15526 2603 32115 28791 20372 28453 14093 20596 19384 16873 10494 1689 25464 10696 24016 17975 14611 6481 27962 29665 16784 28476 10484 10395 27126 9795 20569 27579 10650 22777 13237 3814 3598 22608 32716 4150 25939 7672 30956 19321 28906 16695 13744 8899 20896 5862 15741 28495 28041 4769 4145 17556 22391 24423 17238 2977 14737 30326 12866 1560 9 5046 3883 21465 27858 4458 5005 19095 32746 16667 5779 2015 8246 3404 2126 25195 3368 31707 25490 11863 25681 28285 30777 603 29107 5234 18550 5264 32194 32256 25569 28361 31610 7275 8195 13813 23485 8958 28730 9090 8520 5897 9166 7325 6318 19850 17100 30682 2589 10883 15832 9468 10591 16687 5648 10497 8782 26287 18550 6258 6765 22057 8775 23141 12112 16914 1119 14795 383 14984 4532 4530 15747 31514 22449 26638 11926 30243 17249 27236 5948 19901 10201 18479 485 12809 13400 16189 10060 26994 20138 20447 28813 675 19378 21977 4047 4564 8920 24298 6567 10425 16035 18278 3440 1223 9910 19585 12745 12941 18107 8347 3292 25424 7909 24100 946 27767 1700 7991 22802 784 14465 9996 30553 1236 17697 7589 30186 27945 13307 26713 9176 22734 27435 28594 8213 7271 30980 26769 10902 24682 21934 15236 26519 11319 966 27163 13097 23255 18735 20510 1953 25117 2409 23704 20401 13430 5519 28859 10019 13736 1702 12755 28661 18864 24556 31965 2623 24736 8511 12518 22417 11448 25279 12632 8619 5118 16237 11638 12396 588 15183 11374 27598 27205 
724 3643 16512 22910 3889 31040 29710 15021 18310 29230 15558 10137 2464 308 7728 29365 1870 14588 19585 11083 31174 16178 15622 17180 562 2006 15209 26216 3149 25457 12159 28843 20907 14833 12374 20697 26666 28687 16409 25232 20412 25706 26616 21244 2192 5796 13234 19893 22179 832 9995 3530 29798 4935 27998 10116 8096 13464 23069 22796 30009 7508 25021 8886 29383 7253 11180 31098 16931 22832 26894 7994 30426 17010 26977 11434 2907 16227 26407 13260 17929 31973 8818 4045 22190 2893 6974 25849 2432 10053 3217 32519 12015 25871 11709 26220 18775 28259 5597 29546 24429 26739 22657 5102 23682 5948 14055 1651 2393 27309 19979 4141 26821 15810 16502 27074 28917 4206 17564 4299 18603 14382 3347 12465 20493 330 15899 5262 21161 1138 16064 11521 1581 32011 21816 19772 475 22772 26178 27229 8069 28640 10029 15238 6369 6622 3097 31557 24067 2932 20746 4865 29289 11579 117 28949 19941 31156 25905 13412 6141 1378 18482 30204 14630 5808 26110 1198 5865 3516 16206 15502 22610 11723 10587 5857 6752 5522 21546 13292 10305 9666 15054 16696 2449 7711 21569 17151 2413 11604 4012 7967 17360 23342 26011 6513 22059 21959 20911 11069 12853 26649 24087 30350 16776 26273 10280 30417 10802 30518 11272 3631 22808 24607 398 29872 32512 6733 27128 29504 21455 19681 6785 11519 370 27745 14715 29239 20128 27547 24796 8501 26144 2970 18344 24232 844 26886 31721 6754 20957 14502 1120 3838 27105 22292 26665 16746 18066 14217 1564 19011 18921 1744 2146 13409 30586 18700 24307 4757 10928 26432 11643 26933 7039 30776 29446 32252 28550 1424 21160 27596 26750 31670 18079 6162 11784 7935 23722 1624 14177 1611 26007 2558 25780 21872 8754 25873 3537 8216 27155 25841 20844 73 15042 30358 12661 6620 12685 9668 28161 26146 30658 30222 3971 8126 28835 21102 15626 14202 25930 15665 11876 16488 23328 17871 30979 13593 24228 17462 30256 26134 15617 15572 2411 17940 9877 1952 15672 7394 21355 32421 6199 12935 13107 12204 1237 29209 17945 23155 12068 20596 214 27237 31672 21981 29334 17991 27440 28536 25641 13609 28199 9763 7015 13401 16021 19101 15240 10018 30387 13154 23970 3887 31723 7283 12013 11959 25040 24872 14014 577 8456 10707 8581 6870 2454 17042 5650 19529 24335 30319 11982 13260 17800 21245 29723 13504 3753 11468 25453 29458 26152 7655 5430 21834 7053 26800 10165 2150 
27830 3479 17983 20367 32283 22365 16671 5797 29269 29233 23984 18895 7398 28135 8123 927 1618 15444 1816 29648 4048 25068 30361 10803 9524 514 14723 30341 25152 19316 6728 23793 24389 14954 25912 25159 3598 13942 30275 22436 15900 22695 29331 13853 4860 20145 22550 18654 463 8526 12626 17051 10376 6322 8731 20074 1056 7395 22343 8654 12215 7072 4778 6200 20255 5273 3417 17853 20788 7119 17698 1050 5103 2350 11494 14379 22773 22946 29804 30207 2460 9640 12446 6739 26984 13447 1448 24090 763 6164 31360 12199 22855 18988 28234 30680 30973 12182 3784 5565 31724 22217 23661 11637 19432 8132 26706 12086 20024 16795 13466 2282 6272 19814 25100 3668 27724 30162 22479 16544 3579 6003 18717 30456 8879 12539 453 6409 29174 22607 7362 30979 15448 3072 16154 15063 2151 20298 10156 19232 23563 10443 20655 10583 19571 19001 20239 9828 24561 27767 192 17584 27477 6509 15610 5671 3273 19605 20240 997 5787 20685 23590 2560 9622 15760 1820 19160 7860 23938 10593 18754 28788 14043 6247 16856 15281 28466 16988 6674 29209 21643 15194 1439 9541 6701 25097 18344 13257 18091 4912 6402 28226 32589 678 26913 19240 8861 9794 9295 30071 7338 923 6778 18779 11548 23829 19628 627 27378 14886 3290 196 21990 24760 9928 7079 10470 30732 552 20400 772 22647 25053 25602 22187 27400 30523 10885 21956 9612 2761 25009 12587 3838 16096 5098 3559 11885 9540 11972 9790 1452 30689 15279 14422 16507 29409 18649 26343 12424 32416 30531 28739 30261 27205 4217 10941 19104 15274 2364 9493 9551 2042 15116 10234 17922 9834 5152 12966 6576 9955 10417 3943 586 26107 18629 1359 32064 32234 2502 18874 28064 780 19432 16454 17277 6849 12780 6013 24416 29611 1609 22009 28361 22895 12040 20823 18977 22944 7267 14068 7776 25170 25346 28455 24822 7912 304 32212 23383 26327 32055 7951 12272 15592 9789 17387 5296 12642 17268 14580 5958 18771 2653 21933 29360 25105 2650 79 315 22485 2236 26495 13111 387 21775 19187 30317 1544 25331 9574 23153 4858 31392 1265 1779 12445 30597 1502 28986 25396 26833 15546 25455 14313 21931 28345 12560 13769 23864 30144 14384 25144 32573 23470 9294 17144 21063 5921 17506 31138 8042 25980 1825 25027 363 24892 8655 25551 18173 20381 16216 28485 22692 26200 23909 31972 15206 31718 21717 17821 14805 16057 18740 12061 19303 9272 6748 16959 
26183 24868 23648 1265 312 26 21253 431 22377 29283 7806 28595 32613 6917 29460 28015 16927 2642 14157 13359 28593 17324 18370 25237 6153 19463 28702 7101 9928 6726 32289 6614 7635 19426 14257 17435 8228 21803 1914 6331 6110 8386 18970 25177 16937 21264 21512 18635 30245 28593 22383 26097 30874 31165 29770 20930 23707 16283 27503 9835 672 8402 27567 17631 21402 4965 25169 11243 29053 16803 27892 20509 28407 20871 20615 4240 29980 22082 591 1815 19693 22828 30683 15713 6102 16649 12381 8801 3147 19070 16440 9940 16241 23372 1052 1974 16831 32208 11447 30305 5085 2949 22440 29445 3266 829 25239 20432 30545 29215 2500 16679 855 28871 14493 9751 11191 23014 21912 7318 22704 2214 6393 24373 23413 3654 15611 2061 6229 12109 19449 29420 776 22875 16738 14387 10169 13212 8458 20770 15296 5659 14708 6795 26424 15827 12701 8636 23588 17113 19034 31319 26680 31143 31744 19095 25516 12078 4950 30596 13602 4193 3379 30926 4134 16088 9176 8742 14382 15489 6415 2563 23517 15403 29995 28251 3623 17464 25998 5292 11871 32407 23957 6869 10834 4943 12629 23395 31910 28028 17301 24577 21370 8296 15703 14098 28161 23844 13013 24511 16209 26327 7159 12476 5145 1588 15709 496 28804 19612 12057 17132 9162 5575 5839 8442 16388 3456 29460 1015 30648 22623 1056 16355 24661 7769 17372 3707 4032 6478 29538 23010 29563 30111 27891 29096 13875 13492 20427 29234 27676 1201 21641 4668 29325 10276 3256 8798 17142 24716 5108 15544 18224 31918 26548 14582 4502 14705 3736 3471 4468 16676 19831 27879 23299 11371 25131 5356 30129 19201 541 10481 21440 25166 10854 29015 7101 25293 20797 23197 24999 4907 15658 1941 28775 12444 12542 19430 28005 19491 2096 3916 26695 17713 26365 11768 3853 12866 6462 30549 680 29767 9807 16020 17018 22946 4583 31453 13530 27159 29027 2649 11007 27101 27337 24202 27134 28304 1772 1701 8337 25928 25154 7026 26258 6238 10971 29410 8487 13445 27552 30599 26131 9282 19780 6454 6482 364 11523 20781 30541 20565 27592 18751 8704 5526 14705 24251 597 441 24086 14323 30028 9565 14458 27898 30869 30840 22248 12531 17903 285 18691 15085 4865 1874 10118 5086 18618 9261 12976 3942 24907 3959 10282 15115 20977 23460 9787 31682 27385 20559 27009 16683 27188 22868 28289 18945 11322 17516 29453 27693 7992 14237 852 7256 27686 30250 5551 29456 
30321 5446 21619 14845 19145 3726 32343 16754 1047 27939 17348 13119 20606 17519 27850 4473 9279 14424 9372 403 4296 11856 3697 27543 10921 501 17384 11728 8710 7965 20511 7605 784 5988 4213 31091 28978 14595 22404 13118 6107 23997 23443 18459 26906 12991 3608 31677 26466 3574 3114 11415 24961 762 312 21655 18088 32503 1312 1195 17760 5082 10564 8407 22159 7453 31223 13237 12484 25282 13856 10788 1240 5371 32593 26412 30220 9508 17998 2909 3321 21832 14432 1278 1772 12382 8959 6410 25121 14640 14851 29882 7038 21391 2193 17430 8936 30876 1255 31775 18351 19501 5787 3338 2326 7322 19972 19052 3811 6780 23545 4624 12348 27573 12205 21861 11963 19508 26690 17959 23622 26516 17435 12813 8901 15922 23758 24107 8694 28368 9626 8951 3796 20504 14151 31221 20276 3666 24993 2709 15625 30614 25699 25427 22215 28988 29936 18521 16647 5605 13624 18888 1252 20011 2972 9734 7191 6054 24771 6421 28456 28180 30527 30415 26391 4511 9190 30680 32406 20367 20037 19866 16954 13897 20038 31634 22545 3879 5304 1556 30614 3176 28221 12377 11465 31158 17696 27198 11749 28161 29535 1975 19469 20571 15978 27235 1971 29736 26149 9801 30166 20519 10600 9382 3305 30301 12111 2728 17230 23447 30337 26721 3684 19100 16746 6672 20197 3151 4015 20641 30534 32213 20989 13855 28208 32399 11839 5634 9189 1937 7837 15466 30104 18654 3087 9473 409 23734 8907 25332 28212 16714 700 30784 29151 2802 31492 11864 23585 27353 30328 13095 26391 30692 6323 1203 5773 20116 9955 3191 26684 7240 2309 4049 15962 18673 21748 29501 11757 6244 26033 4448 10532 8838 9817 9010 29281 29555 26769 9212 25886 26256 24689 12922 19941 5260 16095 17884 30772 10767 18893 25162 24162 27332 24755 18469 31977 368 28266 16905 1319 12523 5699 7804 24197 8930 9911 12042 27992 24740 28662 13340 17375 15579 17111 31473 12835 14000 15620 16294 824 12646 31577 15155 8210 714 4276 30483 11766 25596 24530 4654 15079 27213 3206 26628 18835 5460 27484 18703 92 31322 22960 14314 20470 5131 2367 1871 18872 30884 14941 20801 30607 7338 2052 20819 10031 7875 19707 11375 30845 8531 15555 2738 16793 28203 270 5600 29858 5214 17765 29138 21100 30211 14858 27028 15900 1053 28536 28970 5205 15104 9371 30464 19198 22756 21861 27275 18846 31185 200 16480 29076 32497 2441 3005 22657 618 11151 27045 
4409 24146 6309 3878 29789 3450 2220 29694 17334 16783 17318 24480 6414 28400 29420 25876 15194 7474 18028 21550 1485 157 10568 3828 10845 2479 19707 27927 26617 32286 25645 799 5258 28531 21340 16926 30757 24692 16294 2880 30045 3178 15401 27963 16578 7559 16085 5148 9189 32177 7926 1777 28083 21445 14185 9336 22392 27122 16079 373 32263 8864 3210 22800 29803 12193 20856 6914 16851 9626 28988 8442 26098 4322 20154 19074 2588 5132 19209 346 24267 3228 16483 26728 770 14067 30817 5420 28024 57 5170 20560 14658 22870 30972 9007 9161 13695 31724 17353 17302 20964 25766 29099 8887 31926 27984 16845 22490 27133 15038 16086 1905 28019 8813 20166 97 24982 6610 23448 25957 27128 1310 30118 21739 25926 25528 2060 9910 14467 329 7703 14345 711 2447 24020 23992 13265 19899 17499 13625 29600 29301 15728 5742 10045 3226 28117 24545 4682 13036 6861 3416 21492 9792 23526 15743 21730 13916 8463 18462 26152 25065 32245 1309 4881 22088 30548 2461 30776 9016 30857 6475 2674 14455 18292 6972 6440 26383 23505 32082 25367 9853 23351 19878 32291 14405 17494 29398 16111 28736 3451 3356 21420 8209 8113 17527 15809 16098 13339 30216 21445 8966 16858 19187 16595 8238 8516 12830 1494 7533 10263 21096 26970 2533 21531 26902 3856 10338 9280 26310 29041 16520 17235 1694 32376 4685 3903 2784 12660 22297 18613 11589 2610 3644 22167 2957 19761 26228 9040 28635 10007 4524 18849 15300 21295 25172 6182 32028 2720 26093 15472 19885 10126 19196 7706 29524 29984 22161 1688 11947 6654 22711 22534 24547 1166 12977 21159 14475 26411 6153 22901 6967 359 19440 22833 28557 24783 18277 22868 16735 17472 31260 20561 2675 30920 30586 1615 19545 9347 15365 32220 11573 15006 1471 17216 9755 4977 5577 32533 3374 11329 22110 30341 17568 10578 7329 21462 17613 27978 2452 28948 29948 12822 1484 9311 31238 30245 7027 12278 5469 16045 7156 27870 18139 31596 12722 19694 15288 29274 6789 22406 19438 4722 19777 31937 22947 14333 20847 8671 15592 20479 8690 548 23211 1694 27699 6660 9994 31445 28986 15330 29788 7982 25025 13609 997 31061 3306 26342 20578 4912 30587 2419 12568 17527 21919 15281 30392 5980 28851 653 26547 14073 23563 26722 7348 1319 11249 23245 2665 30443 3135 18716 26375 28708 19491 19803 25924 4137 3432 27172 29205 17430 28401 1090 3300 2950 23176 5200 
29704 18047 21502 25273 13314 4889 23048 19066 12456 17848 3370 16507 23636 30047 5397 24084 9974 9611 12793 13971 27465 9728 18428 30987 5041 20847 10344 30165 1286 32209 12910 27493 12777 21920 23730 27436 20222 18244 12009 11721 3920 29378 5808 1267 25724 5250 24624 672 16422 15553 10410 19707 23241 4596 2654 26198 2398 25577 30095 12297 19059 31348 31088 10309 8278 31230 26250 27437 23526 12106 540 26362 25605 3987 9221 13533 12047 25492 18571 9526 25204 27960 653 17262 23959 27015 16729 19970 10339 6226 29433 23506 32007 4390 19927 19552 26774 23353 4253 19411 256 24982 13171 22472 2144 31790 27319 10463 22378 3171 4333 8558 9686 15528 840 45 11470 26505 12785 4179 6376 27946 17848 24941 4470 30376 10322 2948 28075 3636 854 25616 28670 1984 4343 8827 22498 21662 31922 15817 2639 22340 532 13631 2121 20640 26644 8331 21779 9243 11742 28208 28045 20238 11613 8083 17174 7389 6660 17694 810 11633 29253 16452 2158 27293 28728 12716 19091 25687 25197 15744 25468 6150 21424 23682 30889 3851 14401 22540 9297 24236 1526 9019 25945 4667 31407 4517 26818 24632 11488 15587 6317 2582 1958 10922 29346 26943 3879 31791 32486 14677 698 8925 23913 25157 32310 9175 22052 11407 22556 9483 1790 1924 20357 18875 1926 24848 152 21662 32325 1200 28004 27133 15382 11770 14910 28219 6657 4580 24739 12634 31502 7744 28048 9191 16679 19171 25721 30601 14393 16919 1371 27059 14760 23245 25822 13891 12211 6460 29283 26431 4391 22047 10190 8429 15701 2762 24799 22834 17930 10489 27314 17121 9893 31569 7052 897 19508 26262 30523 26587 14071 14995 21162 8878 6902 29495 10607 19847 30336 6115 19809 16232 24550 17377 11963 6528 20065 20114 22016 31904 3889 566 2653 7492 18866 7374 23257 32696 18140 4113 28457 30393 26519 3363 18954 4173 25166 17792 11348 12275 16637 28491 2726 2710 29710 3167 26367 14437 29614 22658 21894 1811 21565 1579 22878 14371 31980 1369 15781 27251 12247 17908 13951 3262 2504 25150 32663 13240 10080 18921 1216 31452 4858 29511 1184 25402 23858 14483 13988 2656 12431 32132 17120 19007 21865 24530 20224 4478 11654 1748 23665 9504 2873 5946 14448 30176 31024 24566 32047 2615 20329 5965 26728 967 8199 21296 7290 31973 8953 25129 19778 27593 9079 29033 25857 3755 7705 25615 8577 15664 28470 21558 6891 30857 27719 17783 15946 23669 
20208 16113 15171 32281 22850 25534 15794 1118 27412 8822 20224 29534 5167 27076 10523 14631 29624 6039 15837 18935 28900 30908 5705 10470 19524 26308 2957 25325 32276 8853 9498 3288 9275 17147 15075 25534 3067 19832 19086 15939 1744 24079 23285 12548 29037 28982 713 19651 26929 29098 19866 24336 141 25234 933 6956 16483 8473 10640 15204 23861 14359 10000 11258 5226 1519 26936 18530 6535 30015 32573 4874 32234 29979 19256 13077 22829 5292 29429 26605 25266 22753 21162 4812 3661 14615 10339 29283 21197 15589 22730 11909 25863 26778 25321 32311 28914 2936 15151 19584 30911 4984 5966 30675 10895 7710 11737 30021 17198 5090 28445 1544 14545 5282 6096 8317 22736 10021 4501 14640 29543 17618 517 2908 14544 30681 16431 14221 5491 8701 16770 5256 1409 30873 11203 20167 27141 24710 15313 20480 23839 18611 24884 2904 10565 32245 29393 18825 16551 8719 4553 12342 1960 13865 1367 27280 16406 28778 16625 29871 1251 11942 15773 17541 30994 24404 30852 25022 8573 13011 32392 6155 12981 28887 11572 3712 3767 22417 14514 1202 7610 20593 21020 26272 31085 16687 32126 25386 7514 23455 15976 26512 18710 3422 23838 19274 29933 7809 9890 27011 30113 12135 14208 25774 22320 8986 18579 27282 20193 31980 19359 26002 18549 24001 31458 19137 2551 6689 29662 9972 817 8328 12425 6443 11568 14084 24326 30557 23663 23273 7085 9118 13189 27193 17001 3058 31318 8086 30655 25129 4088 18651 5075 8492 23753 25149 15530 24299 10705 29285 23398 25709 20864 8684 414 27771 11365 11137 27025 2551 7436 25748 18151 18866 13128 23186 30551 478 22500 7948 26199 3496 26137 15004 2544 458 23210 24106 2612 24286 7692 730 224 4995 27894 16865 31893 3465 18733 7090 32302 28043 6301 210 19098 18852 6748 18938 885 16771 24479 14449 322 20832 11760 19570 30494 29581 19593 10880 1766 11869 1228 25253 22094 418 6067 2421 26652 23035 24198 32765 4986 15056 26136 30869 6563 1689 20008 15564 29664 26236 25319 15018 27826 1057 568 20284 717 22027 7908 2645 22293 27452 23535 27608 22762 9878 10820 27112 322 24742 27366 4445 29584 3574 17861 6250 15409 18957 4414 2974 11587 25864 32250 20230 17613 26548 27074 16749 12418 9992 9026 17078 8721 16868 15781 1261 3158 12300 29332 14639 29871 30393 21665 4250 18112 7210 11210 6749 10616 3876 16731 10391 16721 22854 6692 5802 8740 21872 
32332 27166 16485 23148 26661 30677 30779 12016 20316 16557 1630 16012 4835 32259 5675 31063 31936 10029 3101 6556 31759 15939 12977 14993 26815 19595 13455 29881 31727 5947 29847 13790 13349 10156 7908 24572 16360 29401 1478 28019 30981 20057 19940 20199 11635 18423 29486 25566 18157 10403 16678 10813 18041 10422 31670 6531 26745 28034 29215 23554 15090 1180 30760 10330 29604 5865 28215 2429 21847 14083 17715 29488 5555 17124 20973 17381 9621 16004 3855 5731 2352 20683 27289 24297 31388 26885 6916 32162 31868 6216 23861 32677 12179 9839 22733 27654 7504 16740 6793 26645 25624 18160 25717 21942 7668 29221 1546 2928 6881 30109 29889 5279 3013 29918 218 3700 14866 31667 11704 19388 13989 32084 22126 12968 16537 5332 24005 10817 29104 17749 27203 2425 3540 14576 23970 22338 12953 11724 23886 22184 19571 20412 943 17221 26206 31392 4611 137 24445 10771 28084 32098 3905 5622 885 4380 31300 16278 13094 1315 8762 29210 2823 13349 13613 13700 11464 16627 6553 1075 14234 11597 7010 8646 9625 4555 49 16278 16489 16323 7212 3183 26877 10870 5141 24553 5480 7549 23203 5147 25791 18401 434 19012 11405 4609 4481 13019 12269 7711 20708 16503 29196 19997 16156 21892 22656 21895 8240 951 29522 22152 23362 16761 4485 3098 28700 29328 9394 27289 3803 31256 31677 31479 29028 1129 8540 27952 25651 4049 23370 5456 30389 28150 6334 14882 4428 11700 22942 22553 30627 1103 11490 24777 11829 5930 10157 20846 25824 26566 25421 20374 10671 6446 18805 26759 17510 484 23212 1474 23988 9853 8621 5841 1268 10055 65 25253 13460 23252 17982 2031 9943 32416 3984 26828 16387 19925 4764 4245 19278 31245 1075 20302 25091 19777 30067 28863 27631 15495 6728 23537 5705 24364 22139 10727 30602 3666 12717 11075 7202 17667 24135 5336 30438 18015 2538 30294 28766 60 21802 14195 16192 5536 25566 31533 21470 28582 4325 28097 12032 25265 31729 7184 29147 3992 3263 25146 25772 27497 15958 31724 13359 22164 7940 8988 22453 22567 22757 31804 13919 32259 30002 32129 29012 20934 28575 19163 25205 23905 15443 5581 21369 13267 11676 26985 178 4872 20628 18915 12911 29177 11611 22798 10823 7511 11277 7683 14682 27184 13856 29524 13423 26902 191 26013 28861 13067 19715 11743 19387 13504 17292 8614 28748 8565 15220 31169 8363 7667 25127 20138 17353 15300 26007 22574 28491 9397 28398 29420 
23445 12989 24917 25317 3425 32455 16091 3572 3761 30623 10695 7084 20757 4153 25909 16115 52 14431 22437 37 25218 18007 27948 7763 3540 25747 25287 27073 433 29833 1107 9346 9120 8209 16235 23300 25982 22525 1166 3068 28418 15066 20339 11212 13373 6660 11663 3095 28536 30680 8072 7616 9970 14347 7270 4713 16830 25108 12010 3819 26172 20526 31442 6833 9529 6422 22928 2072 18663 19596 8924 22132 2854 31727 27291 6261 4633 8208 23774 333 4863 27648 15750 20805 23290 2556 21760 22273 1490 6111 30854 4176 19515 20605 31550 104 3411 9111 12874 6710 4299 20308 10482 17468 24554 10416 23409 6306 22173 21813 16693 9864 5749 6903 12566 29669 7964 16857 32292 24201 28454 3757 30062 32367 12828 17791 27052 19733 25132 6469 7378 7401 9558 15165 4818 16183 8987 5295 496 26723 18187 12177 12920 3186 10845 25623 3919 599 31032 12964 14529 12345 3105 10705 20670 20259 30499 7262 27913 3817 6907 21062 18585 25189 12313 30318 6648 13031 7368 20690 11673 1073 26602 23295 12539 29280 14650 18160 32155 26721 9204 10275 12991 16135 23245 20451 8064 18582 16965 19212 29416 16254 26683 30729 2432 14854 11852 22106 18161 16077 22262 10707 10926 235 20907 16323 20491 166 31215 5925 22245 23599 27739 22576 15243 7325 4958 21286 30513 27563 30711 27843 18147 5005 7502 21948 25311 9674 21751 10687 2882 32356 5896 32758 25145 16419 4402 23335 11192 27004 27841 23152 21335 32649 13799 18097 11200 10063 3444 30151 15129 8832 2440 4218 3768 21541 17633 2950 19062 26344 10168 31777 20616 31298 2142 18175 26259 4784 4445 30160 14532 22818 22344 11287 26609 5473 1590 4189 3314 26371 17414 29530 31642 24676 20597 10136 16480 3283 5880 31121 27428 11250 11178 11391 18695 5186 4717 12897 25429 27423 6783 17296 19976 10234 5268 19378 1954 2790 18487 60 17695 16576 11897 28312 28840 11427 29011 20990 19840 5661 25112 711 29856 20689 3227 15183 31705 22871 28880 31414 1823 6571 25032 7702 5066 29271 31972 12566 31864 2989 23454 22540 26098 17459 2484 31070 20168 2915 3297 15940 19381 15512 12419 10154 29827 649 17827 18551 1681 4040 1527 11418 9326 29693 23785 5881 22591 24133 32521 25609 11054 2013 175 11006 2574 21200 9335 14210 15092 24695 29584 7446 30861 14751 21091 24437 16208 22959 14618 21364 7120 24841 18844 32144 23607 15786 29067 19762 20989 14482 
11245 21854 11765 29899 24192 4626 2227 10675 10002 12204 32723 29221 28831 2052 21799 18178 5796 31353 11599 17981 23239 23875 12580 13218 30860 14719 17984 16013 2537 5741 29812 21693 18793 29219 7881 9611 8873 25038 18049 7159 14218 15640 979 522 20463 32711 8130 14485 23244 31878 14697 13656 25700 10842 23221 7574 3468 30515 11219 17595 22424 9655 29697 6028 8101 14683 16171 11195 3511 30698 28318 7164 29511 12184 23294 6671 11307 29357 7429 28344 18825 26608 2422 31863 5354 27349 4091 23990 24803 27969 24082 5553 8317 23563 8983 29611 3594 16226 30409 15723 15054 22507 6421 22267 8951 30377 1296 22750 29199 29589 22559 14609 11928 29622 20160 25700 18067 28317 24164 21591 18268 2977 22319 332 12305 766 30264 18536 31635 6248 15866 966 4807 10787 31324 27069 29209 16785 354 1755 29106 24422 12047 5400 31436 14966 14110 10651 9949 30512 7749 12893 29978 13040 18758 1601 17881 20851 24391 24515 21731 11735 3816 12134 27690 29789 16729 31229 17889 22945 32725 18871 9951 8289 4936 4526 25152 24491 12823 12097 17922 16795 15378 19497 18332 19253 7886 29419 26319 28154 26048 10477 22242 11465 15781 12206 27001 11961 9773 19767 32283 22275 6237 13103 31253 3041 13597 15361 3155 20321 1496 21500 3008 8893 31520 17981 17768 13795 5453 26559 1007 28583 29446 9334 15639 10042 17079 13286 17285 10926 14633 1041 15752 30857 22591 22467 15967 30992 32558 28896 9704 22150 15859 28438 21521 30875 12050 2291 16732 15552 20471 30998 20445 10385 29179 30058 11164 4874 7031 25490 13172 20508 30427 8147 20440 18276 21910 24814 1074 2050 3795 5922 19575 3122 23332 21336 1887 14096 29379 6767 22588 7811 18712 19076 10041 26560 20539 26723 5754 18 28163 16456 18538 32093 22343 17699 25693 26412 15949 17171 15634 9584 19104 15001 16889 9388 27749 30311 5494 1771 5475 19405 17901 17350 23585 8640 10216 8434 27531 25185 11250 24908 6794 3125 30364 14569 20324 16855 830 29430 27277 31420 30814 7376 14854 16340 26529 18709 9326 31868 20207 3869 1263 30840 19998 21896 27484 30811 26002 12684 22554 31044 17897 1066 1471 13662 1433 17607 21796 14087 25764 19389 25579 24895 10418 30290 10204 31502 20272 29672 12408 23763 3607 15865 18360 28351 12774 11214 30575 25499 30399 27490 7833 6633 3471 7415 15258 15592 12144 21605 4601 28223 27477 494 8535 5879 20353 18718 8828 420 
9434 19495 8557 32675 5438 2486 8103 23306 15442 27339 9143 26574 14161 13564 30283 10057 22345 661 10773 21307 8605 28155 17255 9468 5163 10859 15459 13053 10648 29200 18794 14070 30805 19778 14838 9535 25972 28362 18643 1286 7726 6894 29110 10149 13903 20709 20543 8181 31940 29347 504 18246 8780 8823 5927 29429 30928 1271 15967 17167 478 7866 23415 2467 18907 14197 1883 29496 11377 11819 18018 32004 4036 18885 27148 28044 20300 13151 20729 13532 29474 14298 13924 10103 25775 3038 17734 32681 11367 2482 22382 9560 31772 31544 4828 24315 16783 14309 6156 9083 775 26794 12205 3611 25443 9244 13257 2309 20357 10525 21370 20584 17055 22436 15930 23975 20872 4700 2841 3819 21102 17015 23994 7828 8778 25655 9402 22708 844 18472 7834 29511 28278 6562 18617 7728 14637 21078 6937 29881 27772 30659 32035 15197 15732 12009 18746 2061 26686 29644 21917 28568 19520 22674 17278 6964 28459 13249 29623 20707 16476 2005 32321 6512 28842 29139 7305 18651 20112 3190 12499 22048 19607 13548 16440 31015 8529 15315 22886 12909 27614 7682 26153 25400 26823 7533 5146 20075 26595 25569 2950 31133 6360 18970 32663 31640 2442 23037 16368 30744 14412 21702 1758 25732 10768 1319 9127 17741 27731 20433 31685 8286 27753 11239 27938 32054 26134 4018 26471 3571 25822 15126 29311 25922 31027 31721 22762 5227 11709 31728 20961 26750 13848 32250 16623 22275 13773 23862 3632 10098 12440 19113 19632 22635 18332 28013 4320 13998 17352 5385 30195 29022 25337 10858 31896 31473 10793 8383 25592 14646 18453 14185 1063 24345 9924 26004 4368 15167 19063 4588 1839 17987 8068 3204 26575 31390 15722 17724 21540 7660 22539 15256 31918 6255 1180 12239 13997 4097 25724 27678 17402 28702 24524 18138 24479 10375 16777 3632 25668 3751 1951 11400 5192 18054 16808 21725 18468 11260 722 20205 30278 2756 31415 20200 5453 25675 10464 21977 6378 6810 1449 19552 4482 6065 12019 17234 21433 24627 20585 27790 30887 12609 10794 14520 28217 18250 28771 10661 5071 21929 10473 29356 2105 2487 58 11994 29445 12552 2077 29740 22729 528 3379 14248 29544 24353 20023 11370 30709 27069 30121 25859 32765 20314 9819 9544 18186 16345 5039 5396 14705 19292 30398 19933 11633 8705 31512 17980 9712 17105 2529 371 7148 7578 12559 16630 32724 8672 17703 32536 804 18261 27282 634 10455 20067 12021 1101 15281 18454 
29487 28944 6688 2001 489 16429 20064 19277 4500 23406 5325 27964 7550 25677 12290 24901 29053 14079 20166 32582 32300 32742 17004 27573 18376 25320 11184 11760 6879 31115 10026 15734 22746 18495 11613 17259 4917 6067 12982 19207 15947 13922 349 25195 22433 22499 19034 9271 22277 28731 3352 4878 17613 18362 18127 8367 2711 14362 18956 25788 24605 25202 9780 1820 8348 31950 4597 22054 567 23068 11783 5444 15209 4587 7903 20390 14356 11298 25830 6179 4822 22346 28678 2701 20174 15226 28846 18500 26167 30449 3040 31530 31095 8342 22814 3753 15993 29715 5823 28608 6720 20356 21229 10447 7417 3368 32155 17130 14630 7243 23787 30403 16941 9419 17788 30574 21436 1105 21429 31652 11570 12920 14441 16631 5321 15142 11281 23515 2304 30110 15002 24210 16210 2873 682 21396 2533 18119 27404 23842 23895 26461 32165 24778 13878 8950 27468 317 1999 12454 14658 20146 19446 25335 30299 1665 14193 22370 13181 7846 17754 7361 12549 20180 12871 32545 23897 23366 15625 16494 18163 30242 30334 16623 4616 17944 8749 14915 28044 11784 8213 6093 19703 16997 9579 12397 8799 32366 142 305 26266 8313 17851 13454 9382 8281 28185 21161 13470 17421 2617 19825 23803 11923 12182 332 17627 25816 24520 26424 28249 8147 5756 2398 6778 13135 20567 23980 5803 14248 6571 23059 27129 28509 20508 1471 18280 16113 24691 21683 12630 4497 29689 12282 26907 7245 7064 32277 21843 57 29458 31360 27275 26118 32077 31244 1286 32296 25317 7780 10434 26076 18150 18055 13234 4336 16082 29518 29816 16556 16892 23304 27783 2538 11819 27929 4742 9651 14384 22204 13174 12369 10051 15165 23267 16937 12864 14360 8582 4056 20606 815 14497 18965 5577 6718 16965 9334 7914 32668 32092 12357 27841 18299 4897 18180 18491 27868 13359 30897 31444 6604 4777 531 29394 26641 11914 20220 13584 19209 18385 32225 19896 32083 20664 17357 12144 3888 18209 1528 31014 4837 1797 10731 8910 31710 32581 3724 29715 4115 20150 1466 31363 20503 6975 21210 32572 22471 14345 3680 25914 6586 20133 8793 13819 7685 29858 12009 21543 7719 15025 3258 5947 7274 11756 31046 9754 19759 19156 6579 28472 25295 2973 16422 17891 22597 2290 29902 29075 21930 3873 17280 8717 24873 21719 3008 22353 2544 1518 25622 26100 9849 4600 7932 24960 10748 17445 18258 8481 30424 4566 6880 15688 23013 28480 24495 9817 24065 21758 5823 
26796 5775 1094 21574 10594 21810 121 22245 20434 14453 16526 20835 29298 32629 14221 28318 24387 7477 8502 5406 8083 23560 31034 17972 10861 12008 24090 22134 32436 3072 20316 12761 19602 1921 27702 12099 6742 28372 12853 30315 26480 7701 16646 5826 31435 2978 12152 25874 24315 7971 4389 7259 16315 11544 27994 26685 11126 15504 23958 31955 10686 25434 5592 15083 2902 22841 30768 17509 3142 19783 8164 17154 8332 29175 5097 31538 872 29219 22478 20573 20015 2926 10809 16202 5124 1735 1628 30841 21543 5049 604 16684 388 3494 25677 8887 22749 4280 5846 31952 11309 4699 10511 17105 2184 6709 16080 18331 8066 14621 13077 15066 3019 24629 11184 26731 11273 8404 6894 30827 24535 8687 17814 31370 23903 24908 28918 10563 11975 9293 8683 16659 22327 28358 21051 16021 18439 24029 1444 27829 8210 26064 11849 31422 13179 14589 23372 27002 19240 23110 7029 11838 30634 23429 6152 9522 104 14078 26667 22198 28897 30510 15251 27271 11711 27532 19418 30390 18071 21561 13501 3345 13689 26277 682 30689 12369 7488 9496 10520 3066 16039 2027 9361 22205 27784 20501 25000 15810 20625 4852 31899 32362 32751 27000 24807 16453 25261 701 32037 20171 13589 8389 4600 18361 32659 281 6937 4210 24557 1885 12641 32171 1004 9989 18045 9799 4522 15418 21445 10334 19909 31757 32328 18292 2068 12491 26748 15202 21317 32215 27958 21121 1211 3020 25747 13399 13735 7194 30917 3533 1866 25942 30258 17507 8034 28387 20278 27454 23420 6251 1919 17754 12912 4011 19986 6285 19538 6133 18830 839 6903 27685 16804 154 29415 31889 10495 6893 9761 13196 5051 27407 7859 19851 30183 4922 8549 17026 29867 16801 30968 8712 6217 18552 6280 9302 30608 23224 18979 12974 7044 3070 9626 5804 480 3727 12451 17941 10505 23925 6527 10495 22480 25265 18855 23411 1128 22010 21884 17853 6564 30147 15337 14252 11553 6885 25552 7177 23206 18864 26725 4813 31526 6111 18472 28156 32722 28888 32146 20907 15523 21824 21104 21808 14566 6691 12402 10613 29945 6230 31749 10503 27206 6469 4708 27524 6161 9965 18705 26617 12981 21905 28361 6090 17696 21332 22838 3925 10054 27600 29143 15147 711 19300 20304 13100 31797 31304 27378 25261 30865 21943 22601 31808 4569 1166 16993 14746 26900 16081 26401 29531 7445 28839 4142 22005 9420 3814 32326 26796 19121 2400 31269 9103 30275 8283 13093 28387 26014 
15160 29169 9533 18655 12492 6691 14802 8398 3079 26920 7286 16244 127 5103 20236 6002 21468 7586 14566 6135 2403 16289 21013 27137 2344 5396 265 20195 24755 4790 7039 29094 16638 25425 29733 11069 18676 29646 7088 20875 30118 7349 23367 12597 13217 30379 23718 32149 15752 1954 16237 13803 4821 2199 5345 3023 14126 18734 26554 27486 14356 23071 8670 3621 6860 22635 25499 17098 16082 29571 18374 20188 2566 25567 3331 1654 26234 32251 2110 3544 4819 27941 26972 32425 15498 24108 21274 15647 30212 17624 26781 6769 4614 928 14761 3158 26354 17382 20444 7597 11407 1925 8788 32480 12639 11093 27785 23989 28246 14283 2100 28116 19446 30164 28070 12340 5440 32729 27179 5739 25576 726 2037 21052 14329 7443 4907 30317 1998 10585 16320 12858 26290 27113 14883 11632 11289 20992 18298 10631 3649 30089 32018 451 7487 6834 8245 12481 4510 32084 19091 25481 23140 7780 18730 5059 22083 19259 32224 26081 9882 25979 18254 10626 7218 1761 18374 17912 18940 6409 11515 22146 25450 22866 21269 14425 32005 21933 22894 29343 25212 29249 14885 1777 20881 13 7472 28851 30680 16477 23948 19067 21436 12710 15772 22540 16694 13845 4559 5528 18851 18466 28055 28183 14595 14873 3472 26009 27137 12858 23639 11698 10883 24708 17237 13268 21081 1094 6710 24793 2372 16835 16754 2013 16012 28253 28623 21105 19319 21852 18397 14315 5651 8256 19393 5934 5008 6891 9452 2569 23158 31698 22358 11768 729 13789 23695 9017 8351 449 26787 2554 1707 31180 14260 10131 12098 7685 8470 16898 25462 1457 2138 27598 27503 24902 17220 8792 15868 13608 3353 2054 8518 5690 23992 29821 2063 19481 13517 981 1683 26480 16375 31315 15163 8862 9329 6569 18361 25953 12107 925 10609 20978 19844 18236 4363 30982 19496 8600 4876 11907 9017 5196 15986 27000 26663 14120 15106 24018 32516 31722 29976 28468 15813 31606 12305 18502 31906 20822 7491 7881 22274 1389 12987 26791 5603 7817 1264 15495 31658 32023 26346 28105 3269 15600 17055 5192 12352 7275 3671 13787 19378 3940 16689 17768 16101 31105 32015 31265 12624 16449 19624 22000 7925 2537 32634 32658 11250 15751 21424 29572 23626 23216 6399 15191 4714 4562 16309 1778 22807 28738 22722 21471 26410 21255 27246 26579 3399 12783 22926 16447 20876 23751 18541 14679 530 30060 2603 21051 11802 26369 2719 17798 13351 23287 20304 28485 12619 5631 
4301 32399 26713 31206 8424 9631 19904 19119 8903 8336 17001 25487 8808 18436 3237 21295 692 28065 17563 21311 15333 24134 26725 14280 7291 8516 25253 29488 27199 4077 22654 3813 10513 23519 21943 11441 18792 11266 9853 13281 16013 15985 18671 20900 5323 606 2253 8025 29466 16654 28168 24010 10711 10418 25011 22818 23035 18137 17970 30287 8138 10692 15601 23940 18693 18854 18062 16531 4556 20959 14974 14039 14610 28746 22330 17974 10155 23724 15516 12155 23626 6212 16324 21113 9923 26160 12867 26415 21773 16034 5899 22273 15367 28599 15997 6139 24294 11840 1951 2295 2951 9862 13707 14633 17624 4605 15714 2690 15093 27560 12216 3818 8537 24782 9122 29752 26520 32548 24504 5501 29630 9021 2744 7366 29969 9981 1496 12823 3660 18385 14475 24193 13150 26305 13878 10889 13279 31054 11169 20076 18717 11236 18209 727 31334 12653 23372 10079 25654 30263 19966 698 28909 23473 23968 14882 1354 23045 5103 4313 21661 11511 6434 8464 711 30379 7710 3410 13594 28103 26606 5298 31733 22852 25417 30636 28377 21343 1214 10910 5591 20119 21927 32487 21512 25476 7713 3384 27960 20053 29474 640 26438 15328 27004 19852 12018 15050 17329 12683 10977 28118 21961 27418 28651 22687 19289 19917 26015 30572 25907 7863 2240 21794 1821 27203 29680 19707 22281 26388 11839 5564 30169 31080 6242 22805 24582 24137 15957 3949 27192 26679 20478 12768 2553 23516 5446 19967 6271 583 6849 20940 21528 399 17430 4709 21179 11752 28374 25481 22095 30828 23521 30427 718 14884 18303 22995 1280 29451 20261 25314 3706 13868 17340 29584 5744 29914 22850 21828 22086 9520 18171 30645 18712 19422 11054 26781 10485 69 16727 2484 14798 6723 8655 14584 26056 702 29590 23487 8762 3760 31921 9215 17105 12642 29404 6924 20642 21324 21288 29442 29243 24742 14130 10648 17925 6558 11136 12148 16917 17016 25898 20956 20783 22655 22688 15816 29452 19511 15444 1216 5205 15579 6267 24124 23984 24845 29492 1319 12517 3126 29606 14379 11569 27914 32231 18537 2893 22344 11975 24863 10789 12196 26696 6885 27418 27099 32636 31293 24434 30762 18798 3766 31865 12745 15193 28511 5577 23693 29340 3324 25962 23226 20060 5639 15779 6645 24737 14451 1279 30272 32536 2465 27256 23016 31322 4744 2576 26340 19637 27471 21355 516 25566 24346 20110 2969 17794 6525 15441 21262 10046 6916 5916 14868 17954 21363 11189 13727 
25068 27408 19406 5738 29986 28016 4653 23591 6276 18267 20827 4086 28174 16847 13227 20219 27331 14510 28955 25027 23273 11778 8831 332 15263 16437 11332 24139 2263 6636 14447 27176 926 8099 15948 8093 18052 32108 28217 5231 13008 25611 17661 25456 30699 6903 21410 23772 10975 28959 18180 22122 31330 23876 27521 17917 20798 10438 6697 13820 30025 32019 21262 30246 13076 32270 14640 5435 20844 12317 27708 25573 20734 8082 10862 8571 11951 23210 19460 14035 18210 19473 9873 858 717 28539 8607 18708 10563 26753 14881 14746 3987 16646 10468 17647 16366 20667 24320 2163 19393 30580 28804 21907 22118 32455 18749 32705 2970 10307 21198 27777 15009 3262 11991 1159 26311 26066 27811 21208 8383 16441 21872 4847 7781 22822 27906 23031 12982 8444 12235 594 4728 5939 21209 18345 22516 9299 5689 24173 27481 8690 2347 5110 363 6363 29092 21853 16768 11575 31172 23042 25538 17455 4262 19208 2374 17279 21649 27236 23673 7886 7322 14388 21189 11644 29969 12968 10099 21091 10721 17400 11716 20356 3039 29131 26486 10601 24957 17917 13449 30582 28970 24474 29048 24268 13948 17025 32662 3534 2903 14740 3427 10436 12435 18280 22332 11942 17224 13318 29953 6528 28116 26537 20354 10960 5332 4372 10994 11691 2928 9202 32730 20794 13329 27320 23431 32091 25907 8176 26639 28051 11616 7521 20041 6303 26806 14949 4061 21434 11336 549 31746 32091 29574 8053 5286 23331 21928 26720 24720 14994 23700 15899 11601 5252 9444 3486 3333 32499 12148 7702 10095 21272 17223 7077 29968 7251 12252 16200 28305 19477 30171 22073 9810 20764 12660 16734 5621 31670 11494 16192 18763 20006 16914 4377 15363 27313 31399 27948 18994 22827 29909 9753 26999 2008 29190 15736 16446 13369 5619 32574 10543 8896 16306 32346 4438 15000 2651 7327 6572 25876 15943 20551 14568 26234 31220 10105 10347 2786 2676 15121 5638 20812 7000 23595 2258 3036 30103 4462 26367 4571 25162 4102 2335 1865 30636 3317 21964 11845 13981 29334 27856 28453 8427 13589 8850 23540 14277 30158 25482 9737 12684 17243 15535 8846 10635 5809 23737 2292 7984 344 8931 4251 4378 9551 8551 11939 31233 30569 10481 31271 1123 8283 16846 24302 19 22729 12275 31208 23565 22702 10720 11514 31863 25272 13107 19830 32054 17469 6947 7341 26892 21274 9449 496 9441 25466 2672 8132 11133 28181 28178 6261 2794 28940 14784 13297 22824 7489 
27147 13259 14953 16762 10546 2556 25390 537 2332 5919 32521 7110 18043 6427 4998 5877 4825 28674 6469 4874 13632 8061 27509 7506 1417 28383 31407 14831 5581 8972 11986 16378 23326 30768 17112 719 1869 26158 17679 31972 17860 30197 30857 8975 3030 26330 21502 4605 12460 10023 17117 23022 4717 10430 26955 10798 7771 26008 9908 19156 30556 29656 19816 8452 28118 18551 12668 28874 22451 7580 18664 21487 4546 24727 116 30170 26687 14682 14856 1071 961 17150 24761 24577 31898 26947 24820 26064 10216 12695 10062 3037 30594 4227 27519 20448 30179 18204 30679 32017 32016 19725 26051 10091 19851 2671 25696 16117 23087 9830 28536 28107 10618 9196 1718 8511 12469 12532 10786 24313 19556 3593 5482 24021 12275 24729 4690 16954 28380 17209 28792 25662 22042 3100 8482 5586 18195 5357 13292 10753 3257 26046 10505 30517 14751 356 16641 31238 31597 16886 22116 17887 18099 21060 27836 26776 6510 6667 9503 20368 3735 21380 16706 23167 503 7698 6929 9499 4318 29053 2854 3199 9829 31341 8100 31289 18387 4411 20184 13631 11116 32216 25499 10374 546 29288 28565 10418 27809 1187 18065 29641 3579 12446 16709 14769 25025 23365 11645 17081 26089 16097 15052 115 5076 26520 18139 26744 17085 13157 6554 32607 21623 32619 5189 20530 28070 18435 16165 5221 21799 1700 9574 1057 14043 26699 21742 20030 15067 25247 20879 29295 24319 32439 32050 3008 12546 29639 13068 25203 17348 4833 18659 1363 27574 28183 10846 18814 32198 29889 23128 19893 7749 26718 18511 12532 8773 21070 28976 4556 12917 30930 14671 10915 11113 32554 14142 12412 23907 13854 20929 22452 5448 1824 5220 28725 19522 19471 23240 12102 22082 2983 32472 13624 20337 10845 29472 7891 17082 3056 7115 31990 21228 9914 18656 7648 17927 16170 16922 3407 32128 4899 3478 11763 49 1135 17124 21738 31963 23645 593 24796 9007 21831 18037 5931 18874 20250 29224 6016 19307 1185 4296 9377 29873 29341 23965 5136 28283 32557 25022 15416 18018 18213 14138 15274 13204 17774 3575 4377 30646 12985 12461 2744 31451 23566 25965 25477 8926 21768 16079 9522 6037 7128 11685 16318 31332 24051 12358 27368 28009 31604 30316 27616 24694 19090 17330 30092 21011 42 28706 24788 32026 8424 22380 2691 7931 4109 32450 32135 31625 23001 32494 6958 6330 3346 29964 20036 19491 12574 14429 4061 485 21034 31775 4097 6924 24430 19364 23878 
2017 26041 11324 23183 23300 4567 21728 195 21309 8451 904 6132 22759 2316 28283 23004 760 5968 1424 9358 14321 849 8697 18652 17749 31799 28898 32433 6456 30471 31986 10724 8114 3242 14236 11699 10018 5218 22890 6657 21321 14227 13758 1008 6719 25880 8488 17283 9893 10459 23886 22856 16096 15678 1197 25645 8150 4080 17056 21839 11908 10334 21364 10209 19939 22869 16304 4514 27881 9059 28026 32348 4739 31776 5504 4962 14880 30017 14570 15355 7105 29030 27614 1063 24670 1472 5114 10691 30051 15306 18748 31713 27864 28325 16404 7226 3277 22210 19115 5007 7177 26193 25424 4709 23853 15205 25569 7561 22112 26033 13620 4734 4005 25153 30405 7365 30697 23421 3249 17723 28900 12059 22202 19530 8226 24979 3592 11570 7565 22951 13162 8836 20813 1408 28249 11214 24626 18943 3684 3346 225 14840 30416 7740 19099 16781 12314 15568 1217 6182 20684 10049 28934 15302 3235 27102 29638 3632 23553 21041 2987 24239 15571 29322 11857 30153 12906 26200 7449 20336 24232 30655 17127 31607 12149 19602 10134 21667 26931 2597 28832 19345 15147 31719 5306 20278 10214 28331 22351 25967 23115 9701 22247 17483 31952 3580 20161 13763 17804 25044 27403 13727 24943 23492 28467 17247 31054 15023 4860 27737 7417 23973 1760 17408 21317 23076 12283 8308 29706 11912 23944 31946 6388 7025 16134 22896 9096 8111 1384 30904 1454 29643 8170 23963 4559 7694 19216 14884 137 349 9764 22097 2700 2247 29855 3714 16965 6101 24595 8276 1826 19716 21276 20829 5811 27845 26487 23251 23019 15000 22555 29038 19933 5818 24638 24834 1013 32526 24210 24502 4126 24247 24353 2562 21052 14691 26373 23376 10315 6501 7600 49 9807 17186 3181 7422 19219 19402 7668 8256 28645 13269 26804 11090 23480 16577 11556 29282 18710 168 30848 21471 13503 22512 520 28292 15373 18118 12021 14485 28008 26511 29605 23937 17261 3387 15060 6432 11367 3066 4594 15785 27055 2697 16266 21213 23888 18443 27677 3909 20286 6451 5922 19769 30299 14918 7312 8743 21756 11269 31928 13352 7257 4358 3753 22036 2112 30988 1168 19259 9580 13221 28383 32567 17214 11661 2244 24367 3261 18134 17677 9541 12033 29792 9002 28747 5360 6693 7604 14053 16161 19429 16686 17807 28537 20765 14951 14945 15019 889 16287 26551 24218 28068 5904 13144 24760 10047 27211 8133 30529 16354 10046 12009 21353 28149 26071 24574 23853 25828 
20917 20922 19599 24291 27622 18802 23756 16699 26154 15529 11959 18140 6089 27626 11530 503 10097 10262 4781 12225 30663 31452 28942 12024 12534 16362 22193 17586 24949 31310 3593 14926 996 12072 32553 5879 5845 2453 21327 26058 802 15587 24908 31446 26279 17346 24671 25634 5064 7386 19639 10172 18484 2773 1212 11390 17502 13224 4283 20202 20240 3756 3596 12525 5208 8210 5354 14662 4779 20379 202 5318 3783 5266 25063 19187 9394 6660 6801 18928 32067 25477 9734 16543 17053 5564 30296 31861 13038 20646 19671 22729 16814 4054 1749 24640 1151 12833 30622 18598 9221 23902 4567 15129 27011 18336 22935 15206 25682 12383 29610 28198 31274 31841 29590 8476 21052 14688 28228 19584 10199 18688 29260 20318 6648 16170 9081 13502 3115 15775 11172 20305 2060 26351 9196 19837 2221 556 10543 6000 18521 19545 3599 10042 17844 19442 15671 5270 27539 9798 30687 4879 31888 23052 3369 4188 30798 31707 16359 32574 18038 29954 5195 20892 7136 22256 8259 24301 15203 11784 13115 19881 25380 14876 24463 7789 20428 27346 15810 8236 16467 32700 4354 14310 2731 19061 9984 13389 28960 30364 15563 30853 1666 3336 24774 1715 5856 28060 20886 18112 9622 15617 23212 8530 30120 5002 25893 2210 5737 32567 30880 29950 32686 26080 19015 10764 26485 27069 12108 11082 29209 31420 13563 31879 29495 1875 1680 5057 439 26519 12501 22503 8034 14062 23480 7615 26189 14721 22893 4188 18517 30703 18783 27848 16959 23284 24477 3942 10221 10268 7193 22938 13612 2069 31306 1492 17717 15599 15621 23462 6668 17141 18001 9560 14120 25825 20832 29414 6310 18148 8189 31231 25642 19098 29486 259 21877 11956 27124 9266 1173 20072 5584 8659 14949 25349 28362 13437 22581 27688 14798 18452 22962 7926 11264 17515 22736 23826 16498 500 9129 22217 16984 12952 30455 19869 32134 12409 316 5668 27776 5590 13762 7049 28016 2710 28418 1434 219 6194 925 31741 19441 6381 18747 2303 13388 9866 18950 15937 4956 5898 28362 12921 24805 17066 25003 7963 12232 15317 30177 2532 2124 32762 6762 25349 17298 27199 14455 11690 5825 1979 24002 13576 28964 7609 430 5369 390 2194 18167 6366 23911 30802 27287 26251 30704 26600 25417 3869 27388 20474 10837 9513 10725 22920 26571 1529 10203 16038 30680 11754 32037 10898 27831 32456 13811 4792 5947 2815 7071 14794 14968 6319 24072 31153 14727 30361 9228 7108 
11835 16076 15292 20054 29849 18243 29030 10837 10269 26308 22079 31685 19166 7886 9828 2347 18328 17300 3055 20026 27875 10775 4432 31648 343 24511 18636 21615 15257 32171 10828 18303 2628 2435 21430 15690 18834 8013 12133 20347 15974 21151 2348 21849 12664 17357 13423 30221 9549 20913 4184 25985 4136 21883 29863 16638 28645 22667 27847 622 9124 16702 22429 2922 18925 20618 32536 22632 10782 18700 29790 19342 9289 13466 7143 6156 6566 20319 29343 12266 21527 9453 12317 27869 9519 1687 22354 31433 15759 30654 6787 30331 19477 19071 32001 27783 21806 13276 30574 30785 16679 27312 4555 18326 20084 25704 30364 17498 17141 5778 19916 19509 16315 28945 26696 3309 20180 5485 10475 217 799 9648 9310 2373 29196 1661 21224 20113 28888 29147 27913 20981 1046 24918 22873 773 7508 4801 3407 10271 11610 13107 30755 12820 16358 1886 29753 16799 14485 11649 16227 19764 30843 32069 26080 23182 25554 16321 24515 13325 19538 23833 6556 1636 13538 25205 15827 26637 13952 31982 6645 14432 9666 19604 30533 4415 23990 13054 15758 4662 10760 10748 7121 30589 26040 8812 6787 6017 18133 6784 5650 31627 24283 7557 26250 21629 20436 28753 9259 32227 12976 16663 27086 28901 13207 31013 30063 11560 32509 109 31086 5239 15086 24331 2949 23505 15272 1321 1744 3814 15461 2585 15345 27281 1554 30524 32118 1635 9218 28622 5127 25960 20418 11914 21693 32372 20906 21205 23502 22113 23498 21877 16237 10146 19512 17957 30922 4703 1798 16631 31183 18463 6245 31234 16458 17393 22758 9684 18956 12199 25306 23633 30174 29436 1859 18368 17964 18621 20558 7006 9068 10022 4595 32378 24625 17712 32620 31247 3825 19346 25584 22897 13485 17544 11449 21228 5346 19904 19738 15951 12864 22197 6597 3698 25478 27911 24577 4311 17594 30750 30635 18663 28242 372 4187 9810 9178 22831 2336 4596 9288 20843 17251 30883 10325 32048 15575 11430 5249 11777 32761 15360 19361 21064 22492 6757 2290 17918 2841 27104 9141 25081 7791 5726 23151 18229 13536 17365 15423 7290 31328 21032 26074 20370 1068 14632 10029 8154 29869 17554 11224 17131 8000 28085 22863 10095 6858 16912 8922 5973 8665 14164 9429 255 8664 18396 20222 32535 22479 8399 13205 27963 28384 19913 2969 8888 12192 10560 8522 11239 5304 16396 8650 23025 12752 28101 17161 22979 6173 25475 3837 13956 30433 10084 28716 8763 12268 12831 31829 20955 
15406 21415 29699 17115 36 18379 894 8735 20098 11090 14111 32163 24427 19998 9177 32201 5994 27415 1319 31868 27325 25717 10181 11481 28052 5017 31544 19558 11659 414 28236 7985 15405 26241 22894 30284 1849 21140 11917 11820 3920 21979 20422 21453 7306 30230 28427 19475 13964 32637 26265 6456 13687 3877 27563 10810 9114 9621 26820 27827 16587 12552 5450 16607 23832 9278 30780 32210 32450 22769 23451 16302 24103 28239 30539 17949 4279 6549 23755 2986 24584 22862 30457 12035 3361 19791 19875 28026 1477 21575 30427 1744 16301 25262 14474 20472 10041 9430 29525 22224 15079 11778 28723 5821 28125 755 17011 21748 23807 11536 18542 14060 8645 6090 21719 14746 23989 16146 1139 18175 32421 14695 24615 5431 5560 32465 28985 6301 17930 13494 31306 3803 3550 6185 27467 23945 1901 16325 18531 15951 28633 24260 22247 14108 8185 23484 19003 11346 1884 19992 6964 5413 12163 10669 4713 8755 20427 15085 11236 29729 30124 25665 19107 29037 17383 1955 16111 23436 8479 23739 30526 2119 16856 5100 1185 20952 19931 10111 26456 4093 20065 15870 26683 10527 23063 29807 31582 385 20572 25281 9157 5785 29058 14214 6980 9805 12194 3281 20250 16345 21681 18334 17200 20243 9060 31738 10956 27919 19048 6517 15323 10498 17854 22246 11266 9913 30570 8908 10158 26732 21189 3178 10887 2792 28035 24522 13160 15924 31265 2713 9792 14538 14932 6962 6359 27010 31682 10161 14969 26823 28156 16356 22087 29320 14965 18008 23988 11014 18706 2474 6007 7813 11049 20124 2203 24422 23293 32591 24435 30229 6958 9326 1787 6840 26878 23814 8989 19117 2110 21589 16929 19429 9014 23645 10313 9804 17520 24070 17533 28082 4855 8996 29617 5201 8712 10908 961 10205 16021 30375 26778 3347 7486 10644 7914 15192 16581 3757 20600 27614 17813 5565 11232 32016 18741 2177 21286 14775 30627 21451 3313 17674 29510 29710 21468 27635 1138 815 12885 25396 26738 10521 18997 19719 13773 10934 6792 17205 17542 26172 32108 30931 2836 6006 4529 32533 32656 25535 24197 23705 26137 3779 6999 12088 207 3114 23006 29219 19454 24828 12712 4610 21741 17877 32458 8678 28784 25716 4632 30026 20829 5597 20457 25577 1023 2460 11964 11291 16934 17196 14914 11091 7845 27748 1464 19956 11403 27542 21659 11176 18923 21801 22780 22761 19221 13988 13554 24946 3730 24779 9267 16979 20860 30089 19026 20687 6425 23075 1367 13579 
719 19154 19063 15385 6319 27971 9407 9565 14554 17199 25723 32733 520 18773 14965 15279 28604 24565 12655 22699 8690 20545 4194 19854 16175 26921 24436 6051 6856 30359 28974 22181 5209 25909 6097 16147 10777 28173 5321 20063 29352 1584 14622 25728 22998 10281 24046 9011 4803 24065 29319 15136 28765 32407 3907 28668 4487 10219 10631 9267 3077 15008 19448 15305 11717 727 30216 31755 4140 7046 32646 22396 1139 30484 25043 4701 10715 8660 22924 30588 4055 23790 32362 22202 15456 997 17807 31231 27734 29872 20836 21182 6832 24316 5293 30241 32074 23838 8648 15854 1589 11598 4088 1471 30187 12645 14689 22251 5693 1175 21365 30998 6919 18001 5974 694 32583 3352 32704 15598 14232 352 26185 17610 15399 22415 26187 7992 23244 6374 18442 577 3543 11429 5103 426 31114 29269 11979 12156 15291 5040 29022 25700 19225 24347 4948 22687 10502 5814 9503 23578 2176 3970 1929 28019 5595 820 26087 9453 21102 19426 10540 234 19287 517 17565 16448 12264 13062 29761 25751 20896 30232 30260 845 16214 7366 13671 13703 14647 21665 27117 26275 29358 28449 19258 7067 6243 20455 15579 24339 24246 16120 24503 28375 6890 31330 28809 2277 29418 32579 17168 28335 21706 13564 30441 9916 29985 22793 16376 17001 27920 31014 24345 18525 13946 16418 8522 12069 6530 22593 11006 6311 17893 14148 24915 13899 1239 30385 18674 23103 4689 23372 15444 31174 15123 20751 2479 8229 19404 27048 19428 225 3217 14303 30682 28007 30272 17818 24827 14142 29856 7844 12535 4496 9515 27700 29450 15988 28367 28915 4596 206 15225 31235 11740 6400 25344 13623 2110 20701 2668 23440 10100 10159 13464 32404 24016 1214 23073 13574 30127 19125 13546 21165 372 1833 9253 22066 28685 392 19760 18495 18197 2312 27569 3343 5563 27202 25514 1612 19525 15128 14263 18541 9376 19424 21140 28013 30226 16944 2308 15421 18361 18826 18660 10616 3772 20123 15684 30414 11322 3586 15738 5435 31973 31226 21428 6560 31613 2197 23832 15227 1077 27491 27426 558 4084 16043 23110 12165 27938 30054 19880 25710 18291 19190 20169 9673 16162 31300 31875 5515 18054 15432 27430 291 11617 13598 28815 5753 20472 29559 23503 22610 15850 13764 10410 16341 12289 1306 3220 31445 59 19245 14123 24886 16044 30980 11367 28917 30891 14915 27308 21993 745 31754 26624 30451 16999 29048 3714 2594 15995 7286 32137 3060 12178 30287 
24783 14558 20471 13703 8807 18009 1602 18536 8621 8371 31778 31862 26965 15372 1540 32546 819 15156 14851 10846 19572 20197 1122 29663 15288 14754 23183 7477 26265 2103 31082 26788 32182 9875 11431 32480 27165 11139 4989 23858 16269 26837 32003 16619 27708 24929 6439 5900 3916 26074 6239 8041 16496 21952 30709 6392 5325 24980 13856 26310 8104 19734 32302 28596 24588 27937 9515 8045 31904 29236 27309 7936 909 23461 3945 30120 27715 15323 17713 19475 14725 13048 29972 18177 11190 32690 32202 343 13583 32527 31512 31830 6745 22001 13099 19724 25809 21745 18468 17714 24165 23326 31312 17364 1487 23376 4274 10436 14009 11541 20464 13472 20607 11136 28768 14166 19119 623 8119 16880 7945 23497 28937 2599 25607 11885 10409 5783 14073 18195 27208 18661 29619 6603 21032 10622 9469 19275 6989 1156 14841 11233 15539 3180 3346 24859 3229 23042 7535 751 4695 16354 16939 19278 775 6517 27300 31778 29385 19649 28688 27564 1179 2692 29517 1292 7090 12971 13835 25595 29893 21581 3108 21166 26486 10638 27619 400 31033 19007 1746 6524 13149 32460 31404 32203 15628 21195 27061 25906 7242 5627 63 32011 17848 24410 30602 31668 20680 16601 6315 30487 12106 16518 6916 26606 26445 13487 15563 19868 24628 1236 30331 5136 22566 29011 21052 18630 4890 15036 5769 2065 2020 20433 2858 2875 26902 26558 23583 1155 28771 31883 25154 3222 3940 7319 19823 9190 12611 20414 20437 26018 6224 5210 9354 17865 5574 32559 146 17609 15865 15195 23756 22737 28002 13183 14850 29517 1480 28621 5088 14769 17821 1750 14894 11178 30420 1379 21314 11249 15999 17118 30512 15491 16682 18996 30653 170 30631 25121 20418 23974 19209 18289 1040 21478 17019 31916 27914 9023 10402 17660 20254 27924 9103 22965 31503 30860 12955 1905 31568 15602 23368 16803 29799 26914 8667 13569 28998 31135 31151 7347 32231 7722 21294 20938 24785 15349 17635 4721 9715 4378 78 21432 29944 3210 30524 11975 22905 4226 8459 13247 13007 1565 18334 10682 31585 22100 9628 25476 9910 9755 28171 27104 27428 29304 101 14222 24389 6893 27871 17319 25210 32752 28982 13593 9743 16895 16545 31196 15368 24357 7042 28816 24563 552 10958 19965 3626 27138 23026 28 21614 26071 13526 22497 2136 25232 22504 22215 2777 15231 1470 5050 23259 19514 599 22536 25683 26427 7513 16984 10647 6883 21932 12372 22705 30387 15935 13819 
19064 20559 1088 21036 21052 329 25495 1228 9889 29076 9942 1011 11244 17629 25863 24787 26658 24591 30260 19938 28474 15306 17479 7370 21928 18944 2463 1345 2779 14908 30906 30754 22965 1088 15129 19955 11502 22430 23419 15838 19608 23138 16604 25266 18040 1715 12827 24910 1264 20572 31633 9984 16270 12978 30002 28923 32277 15686 10764 5168 7966 24805 1532 29477 19874 29641 18215 5894 21594 19341 3927 3052 18311 5154 9665 22406 7013 10798 6862 21902 11769 9847 19039 9523 21594 29377 3985 7267 2275 27726 21633 1096 10007 21314 31760 32012 27130 20827 29856 13095 2778 32258 3273 12298 17906 129 17456 28877 2716 28338 636 4083 23259 4620 15545 26930 9723 7720 5958 11688 12287 10878 560 32720 11377 22665 26357 7881 6863 4984 24798 2573 17488 30750 26549 17207 5920 25643 10270 2058 14317 13689 20751 23409 9875 9127 10921 10813 15246 8671 2343 17312 12101 27565 7207 17162 30785 10964 30833 31673 489 3785 4988 26239 8679 23778 28801 26254 3032 517 3029 10822 1925 8440 26194 18797 12846 32332 28078 28965 3130 397 14757 22738 11962 20708 16340 13171 23426 26905 5300 860 5729 26981 12034 10566 29025 28087 25289 30959 9068 16734 15365 13342 28988 10020 10634 7493 21678 5347 28746 20999 23869 1092 29804 15922 28045 14792 24021 2180 25713 1125 24335 17843 17959 16786 28200 10836 18007 7633 27412 5456 13963 31519 18597 19390 3716 7821 1839 27900 25386 1087 1139 323 27157 1907 14964 12922 32243 30289 29044 24304 6445 7647 4770 14118 28696 12895 10578 19050 13248 26390 31227 10828 11549 30512 7654 25506 11583 10241 22935 7484 31333 250 18384 22118 296 19262 31042 9916 6392 29563 22437 19623 13027 2574 26810 6766 79 23813 675 18026 28699 25772 32117 10481 6262 2519 18859 21541 31841 5797 18881 14541 19160 16016 27208 12211 9216 15913 4291 14530 27574 15470 7088 27902 6135 12000 27289 25001 20771 18552 6626 4753 31089 19925 20464 1974 17042 2513 4182 16138 9479 285 23260 28272 30791 24976 2115 8555 25608 12843 32221 4115 18282 30278 12544 5339 5965 20627 18785 26369 23361 977 10966 31505 21533 2074 9338 17639 1206 7946 9465 17826 30932 6051 27878 18882 28236 1578 10544 26635 2841 7079 4096 2003 30097 19401 32501 2160 11779 23540 16680 6920 17846 11385 29140 18404 16839 514 3522 30178 12450 20339 16197 21490 1486 2046 12645 11116 
8499 4577 25293 32496 4802 31660 12898 21708 1821 4558 23629 7289 303 131 9016 24142 15241 29688 30087 25934 25388 32631 2220 882 12391 15611 32054 15808 16360 5531 7432 7094 9539 7892 1114 23848 32405 17551 22650 9405 23452 30162 14418 23543 16892 25427 29525 17872 24192 30598 21930 12266 4287 21805 2881 30413 17911 18933 20845 30407 13640 24973 5083 56 12331 20424 25463 14799 10975 4319 8813 18628 20172 24957 4037 29574 5280 6825 24262 20753 7607 20927 18088 8184 7484 4863 5946 21416 12623 32556 30046 14673 3541 21731 9333 16693 17994 16699 28726 15654 12394 18590 29998 25623 3604 7006 15113 31353 22950 2161 24885 25746 31972 5885 8766 5480 24674 2387 13105 6600 22868 26994 24458 27432 11304 18361 2926 24414 27304 9308 1045 7903 17411 19523 1629 29560 7239 26504 3 110 28667 1037 7540 24156 22884 30167 9933 11262 21077 6647 7369 21480 19762 12029 4962 9168 20181 25312 14812 16207 11961 17920 20672 27043 29049 32766 24385 313 23765 22303 31431 21492 689 3577 32132 25293 16545 14386 2916 7365 5693 31386 2965 10634 5631 31533 28672 30072 2593 31461 14791 16176 1752 31827 28273 12444 3073 26736 13670 7787 24222 16298 31318 21386 7503 10108 8385 27133 32086 8495 14654 6881 25616 11704 10723 15715 28763 2152 26682 324 3049 2552 32266 25213 21026 8022 23360 2835 19385 1583 13177 11242 20526 16162 31774 114 8394 12361 7354 21825 14957 14722 18038 2865 22542 28142 29530 22883 4409 22220 14704 29541 22875 7969 29833 28457 22367 31947 11295 10922 21885 1921 22204 30246 24971 22395 10144 24997 9017 18282 14128 4481 3937 5276 17897 30648 13527 29259 10667 9782 27217 9673 22726 18288 7129 13744 23674 15804 12526 12916 30346 15238 22330 8310 2725 14528 22919 9028 14240 15067 17148 8210 21519 14550 19906 27235 31108 22341 18823 6928 21633 10519 31874 31408 12759 20390 10875 23279 5129 5665 23823 27079 22223 2010 9495 19340 7041 32126 4217 3522 9328 9573 13114 21585 29799 8119 32716 8010 29048 9979 24017 2353 26219 31905 23023 9950 26686 19521 8140 6557 23697 1267 32112 2897 11913 5625 13757 25303 27286 13630 677 15536 15413 10289 27346 22581 13513 16886 4395 19952 6088 23472 2261 9655 14640 21645 23722 14148 18199 9724 27046 1525 29309 23116 6120 30331 29032 22582 23669 19290 25923 25002 17328 4716 20955 754 19057 25575 5518 32492 
920 13719 13277 9240 6714 20835 11678 2248 10254 18936 22483 13454 23825 1391 17550 10928 25319 5991 5158 9852 16134 14278 19083 26811 27794 12562 4714 19174 14545 17670 4424 18061 31482 5944 5498 13795 12189 18816 10911 17434 23382 2494 2669 3532 9436 16136 30082 24202 6439 10317 28335 24261 30207 7497 22125 24757 29563 86 27244 6940 19118 28618 9797 31732 15332 1339 3041 9260 15078 457 10153 24389 24169 7089 22555 2890 9187 25566 18269 22208 28842 12916 5107 17616 19529 6705 21917 25133 27868 30438 8219 19807 11888 25262 30800 5843 23703 28314 10539 14539 15123 23000 12512 6521 8953 10480 31426 26824 24728 19493 5188 21534 740 21481 3261 7385 8190 2309 30386 6179 28846 15203 26148 5321 14884 1499 31797 32701 31467 10752 1884 23305 22601 19507 2462 3219 29317 7089 31331 30389 15781 26451 26837 19910 1774 18756 17095 10113 26804 18967 1983 18127 19392 15335 29733 18621 8900 10316 22482 26400 10932 9394 7550 10141 7232 24010 14121 13908 27943 25105 9597 1592 17159 8763 2316 21118 20026 6224 21035 23958 1814 26789 31407 26623 10370 20353 289 79 19619 18970 4917 17767 7171 22868 2899 18144 10312 22582 18150 5067 19781 25091 14022 13266 17272 21563 3599 1219 7210 4818 13130 4267 15804 17549 17507 6676 32745 10217 1530 22483 21154 18731 6722 14786 1088 1945 25415 17449 17312 26579 10176 16897 18058 11704 29576 29959 29235 480 9718 23550 20138 59 29642 13952 9356 29937 25365 16037 6522 31460 3091 19811 6133 12817 27226 1804 11325 3428 17541 19173 24889 26533 24214 1285 7585 26698 18912 19948 3510 24334 15396 15583 8698 29479 23909 561 7124 3836 4309 23746 6535 16963 13775 7885 19449 18153 2321 18653 19742 30093 15351 31268 12276 10588 10171 13426 25270 25584 23936 22037 17042 2831 20294 28646 25308 24653 31345 10404 6399 18139 2564 11629 18460 30423 32405 20980 23406 31644 30292 24020 30077 2572 4362 4598 4168 24666 31554 10034 6751 21014 1770 16444 14058 27579 23521 23110 8806 10897 29965 21793 30677 16467 5543 16087 7796 24291 27586 4978 28563 10832 4893 397 6538 31638 32538 26760 6491 6032 25861 30638 15611 15134 24464 29647 6762 23760 17195 21551 32762 16481 26800 4942 23093 30646 26526 20784 4704 8121 8682 308 3274 11843 26185 24852 6981 27810 23146 4856 8559 32010 1147 28954 6856 18543 5667 12285 6979 30960 21323 3024 
8653 21821 8817 8145 16922 2443 15078 17572 29413 18082 7756 32708 1718 4653 11482 2418 13573 5154 7250 6194 16082 8172 16587 19230 7801 1640 14226 27888 1660 14209 30650 28589 14797 20086 112 24329 14174 2883 16698 6118 32760 449 23255 25125 25670 7339 16665 9904 3851 24286 28632 7211 22999 12941 16934 32613 4993 4775 27239 16609 16759 15689 10174 9855 18201 21128 30745 16405 11335 5513 21760 3594 12833 15180 30230 641 15141 31585 28100 10623 16469 6441 18060 18579 810 5328 27906 10405 5676 18428 14946 31171 7347 4853 12729 26201 15666 23328 30737 32379 20372 29944 32425 2631 21875 7430 5610 5318 22364 27527 6749 17812 368 13008 17869 25354 7494 26405 13015 21727 28637 1455 23471 30586 27211 18162 13271 22499 27231 30073 6746 5649 14236 13523 32676 17935 29704 23827 2206 10729 18350 13547 5998 7584 8749 12329 21523 31958 324 27927 673 2707 1923 22854 16619 7387 22440 27253 26719 25652 3499 3347 2465 16484 13404 2213 17722 18667 19495 31546 7438 23731 7013 25763 6755 1831 10145 16629 16066 20295 1262 852 806 10918 22457 14215 32705 31133 26345 13570 27607 30012 12414 14721 7202 24206 7310 1219 27950 28588 28285 17913 32254 29930 31448 19954 9503 30388 32225 11310 6099 7448 21247 9507 15918 3121 4127 20869 2541 29035 23387 1160 12435 8811 29599 14459 23263 18182 14092 1429 9307 27680 14903 562 28202 15836 14750 23124 9611 6457 12163 10197 11704 15106 14427 21744 1565 25848 10286 8892 19272 22160 6882 12481 4900 8771 26512 19299 5414 17298 3242 10645 8946 15260 30744 12833 17794 18277 14704 8847 20333 27723 14578 16794 17745 17468 21967 26153 30462 32459 29065 29936 13845 4258 25549 1171 28265 17389 17837 25288 6683 8171 15415 21573 16003 9472 14685 5882 3354 19147 30810 6979 9049 7920 25102 11149 26300 12039 755 27304 21754 12004 11961 2117 8840 11746 4910 2388 22351 32678 16129 1966 27276 29997 9458 2445 32420 28451 19345 23679 19751 10966 29407 22712 19421 8250 15959 23940 25831 14650 12332 4376 27458 13686 10226 22493 24731 10801 11994 1538 21131 30257 3915 26891 5972 12029 8651 8835 15017 494 29996 10668 7948 27053 3736 3278 31931 18223 11708 26343 15720 24504 32102 21740 28788 9796 25468 7271 21662 25814 23316 7940 11278 19639 15595 4337 27717 4613 5334 26154 10011 12871 21080 9079 16339 9375 25649 24791 9240 20419 
17159 22923 7112 18570 23392 31133 446 7859 1024 25979 21519 21792 11392 24518 17617 27816 14103 9377 22132 24505 12834 24899 2046 27679 465 16194 4229 5649 20113 14065 25925 30875 23811 4118 12067 25424 26110 14632 4475 10896 2685 20429 4087 25722 32476 2165 27559 14280 2021 8393 30369 31707 6159 30211 21178 12917 14723 14205 10333 22933 8163 15720 11514 26477 30383 16654 20824 20833 9501 3325 9224 17893 19583 26937 18144 17705 18450 17506 804 29157 15844 11124 32534 18617 24478 10206 13801 2814 8693 25804 18794 28567 20778 2246 5636 14113 162 16384 11994 17068 24606 31669 31182 16845 27417 16969 12388 32435 20880 23322 3538 4066 13666 702 32135 25608 7821 22590 32099 11695 12156 22630 11002 25020 9109 5520 31265 28715 16551 20212 4483 2253 25956 26770 12977 21505 1564 31099 24672 16777 277 3749 19227 9129 11220 13984 23303 4258 32400 31601 19626 23362 10838 11781 14552 12899 28559 9431 4598 24964 21501 21773 17816 14557 32759 13146 8532 24778 15965 20072 24645 5187 13365 844 3945 8106 25029 2666 28883 15602 10189 9592 2373 830 8524 2481 11673 26264 8390 6135 2661 28547 20356 12124 8569 2285 32377 32254 24157 26936 19460 6202 4365 12928 23246 17925 10562 7896 13862 31227 28544 26079 10001 4214 29138 8248 10089 17938 15289 18002 28954 11509 1033 1720 1429 27609 32720 19902 3102 2766 3766 28680 420 17576 28596 16747 31486 1262 10210 28408 14229 31881 19578 31393 26447 30751 17399 22119 12235 22895 11173 28313 17932 5662 21046 19095 32122 11106 16886 19773 10313 29181 13347 24414 13557 30226 3130 24691 3781 16742 21543 16517 24235 117 12068 29598 13284 5268 8248 28310 20153 8838 3498 6954 8856 24600 31176 22281 22146 5814 9928 3935 16232 12591 19595 7996 31648 11013 11612 25746 17290 7751 1100 25157 15890 2934 7726 5150 331 19852 15404 22432 29389 4348 4043 1767 23142 21416 22503 11995 4757 32100 11148 2332 20136 30098 16838 15678 28955 3763 882 19986 8782 7340 26408 12614 12013 22621 4392 22147 8257 20982 11498 931 23248 17311 18607 13918 16879 26930 5648 12428 29604 21829 23549 25592 5380 6465 1166 17574 16678 3854 28916 826 10942 26274 1679 30118 9267 9344 9061 10314 11916 7343 13949 16799 24270 7495 29787 18337 16770 28795 24582 7614 1315 3043 23577 30201 5107 32115 21709 17727 22470 26546 25320 31783 1771 1585 1478 25456 
3691 20305 378 3683 31188 10889 7734 11369 19249 11602 29109 3696 6942 14959 21896 19023 17082 9850 22418 14524 13809 12087 18283 2003 24047 17803 1413 31653 29986 30365 8552 29492 25524 13872 18171 15080 30585 26559 18992 24854 545 22485 20251 22625 2742 22140 24921 18077 5810 23579 22603 17394 32058 80 7794 22727 12525 14531 3652 17833 28652 7576 23673 2265 22885 31567 7685 13270 3552 10531 32269 21083 12657 31473 30011 16546 18872 29198 2367 24731 17066 26576 10098 32282 19184 15281 13238 17811 1932 5541 30995 1585 945 32386 16746 30739 31472 18693 380 29937 1712 4105 20681 548 24752 4375 11026 4624 28155 3017 14161 5521 11572 5171 23048 19274 24315 12055 12023 7633 27858 29745 25058 30003 31545 20038 27257 1081 13505 2172 28064 20225 16541 24704 12113 12080 9196 19521 4075 29322 25406 27888 15622 28132 21700 15225 17799 17855 4596 2933 15163 9653 3241 22028 3506 4707 18909 32729 22548 21613 29693 16310 9217 11047 30590 18671 26610 4006 4592 7610 16399 27713 10830 18758 8660 12971 30522 11303 10961 22909 25632 23487 11324 5562 26543 1453 11425 11946 14063 32739 8830 7744 27395 24396 12040 17524 13840 7030 12911 28539 4760 19903 17701 11662 26596 8800 23419 11805 23714 10661 12421 29379 24556 14750 9777 27811 10118 10107 12005 20456 6159 4409 13292 8956 10590 25112 26599 9836 20549 6608 25140 16528 22876 31610 20188 11345 14185 10378 29487 30987 31023 5805 20460 32614 27407 8162 22424 10078 16684 30976 10711 24511 5897 22186 17803 2233 11255 14664 19013 1627 19605 21895 30177 5720 12644 585 21383 28134 28771 27665 11212 5061 5355 19655 26811 26510 29727 9194 18833 6039 15717 21758 4043 3768 11418 25429 16085 32714 17023 11426 4362 23685 17646 30436 29881 3667 3599 6266 16523 26681 7068 13827 25653 12196 29916 8019 11769 12304 20823 32137 20635 3473 29442 1700 19367 26051 28162 6298 28041 26726 4237 4818 6963 797 10187 6353 28022 8493 27344 2336 4674 28125 28641 29735 25526 31899 6061 4627 32264 19574 6422 15217 2753 21481 25056 22148 16475 2688 17401 1737 21851 1288 30987 7009 5871 17831 30417 11754 20406 16882 17068 16083 10660 28209 16782 24337 22175 20483 9976 27074 19145 6426 16297 21740 4966 11944 4177 6616 14155 31308 8529 2509 21169 22124 23627 11987 9316 386 12636 11658 30162 22192 31060 1286 20218 3332 18773 27495 25956 21164 
9825 23673 816 8417 15848 27897 5833 15140 7594 32176 17434 10503 5838 9740 18224 19314 18102 16496 29514 26457 11813 9549 19983 27960 21195 24372 5958 104 11229 31819 21427 8009 11665 4459 174 21210 24780 18102 323 1705 18947 27330 23889 11837 24367 10434 2236 16429 8061 28477 7495 26302 24161 2139 28834 18108 4736 32562 13359 20645 12445 5970 14740 16212 26866 7861 25856 3458 29865 1076 23881 26752 2636 29816 12944 30793 14588 18928 28495 141 24893 24085 7822 25235 4988 14949 14802 1530 11079 30053 623 17652 4495 10991 4198 6485 22324 12884 783 32504 15754 8 17004 9876 28603 2118 6518 32394 15405 7708 15821 32059 27928 26372 5907 19081 24309 11534 6998 6004 28070 22303 9062 13063 28789 18593 7852 26208 9248 5769 13968 14829 25773 23449 16477 26057 27481 24254 10386 4075 1076 26147 17420 30033 11031 5335 13055 2592 12962 6039 4286 20907 4472 25897 30978 21999 31535 28328 23551 28325 13627 3692 14898 16778 14977 25941 10211 5045 6831 22330 1683 30905 15341 5603 22073 18700 1320 5768 3580 10177 27727 9350 14400 14495 15126 21496 5917 24240 15415 3116 17652 26128 25793 31004 16066 12062 8276 11124 7426 16468 12164 1898 3456 11771 11566 31013 15066 26949 4899 9296 25778 14642 29841 1689 18265 6308 21774 15666 18292 13012 19805 26880 1328 11341 23720 19649 5817 22871 15400 18467 5586 16539 29680 15537 8604 5865 26478 4679 13034 20745 14096 32459 23988 29993 12027 31216 18590 4460 18367 304 28594 25530 12845 23444 21984 6376 27955 11868 24982 26993 2034 25774 4755 30212 20551 10968 13833 20977 18903 6566 31366 18964 30552 31432 32285 13092 13973 16296 19455 10662 5089 5825 11008 12729 32635 30537 27269 21870 20738 27571 29292 19980 10946 32155 32093 10947 8059 20956 20139 22248 30687 22793 5864 21698 13113 31158 27183 15962 11115 22189 24832 18851 12356 24254 670 9272 12114 25225 2642 31998 18707 14422 11846 28512 7594 26248 24344 5424 28199 17799 11633 12778 20187 29398 597 20666 6905 2143 2226 18037 11597 18478 27903 29175 30342 31921 1190 20717 26207 13402 6840 18975 11857 22592 3971 14920 28652 7525 22909 2181 26284 3589 22476 18081 7754 10397 30472 2915 5838 8189 3982 9876 695 28901 16330 3664 14901 8826 27719 30988 18758 30807 29306 1916 21643 24220 29145 27075 26255 28228 24574 26146 28302 14378 13438 7726 4312 17093 8013 28114 
19199 8086 25342 597 7907 1172 10878 16240 24621 21043 11647 30549 10234 6280 23053 3366 21724 26647 32582 16441 28797 12188 968 24069 31212 5110 25079 11878 15552 28635 7305 28510 28036 30845 25758 32424 26807 28295 32471 9567 23248 10872 19546 29684 25757 32376 12098 27779 5812 10951 14251 23746 31692 27987 22409 15965 3756 32013 3771 2962 25593 21013 19750 31758 15891 27517 17160 3061 7175 6446 6224 32418 27949 15965 10382 26686 31885 7258 2765 21170 29700 10167 3526 11541 29479 113 22301 4974 5733 15729 9442 29983 6244 25839 4059 17608 25012 7830 30507 225 3360 9869 10547 11008 22225 25228 8736 10456 8677 24969 24820 1337 2822 5760 13629 17019 4353 17780 21509 26703 23120 2385 12675 14562 4258 6277 13894 23458 16330 9665 22150 17632 27011 8407 31881 1222 9541 21680 18035 22451 27750 27874 17105 21537 32626 23266 5935 23489 18852 14642 28215 19659 22911 11539 8409 866 25486 14732 10131 32485 12637 8045 350 26496 13686 21376 28443 22261 205 30746 9815 31983 30922 22760 6464 23330 8319 15994 698 13514 5572 19407 6257 27484 23294 9843 17688 2395 12116 23500 28748 29746 16895 27772 22190 27499 32240 30904 19735 32701 13611 30592 19009 10071 10032 21552 10718 14545 29625 11310 27066 5322 18609 21143 7028 31143 29326 17152 10137 885 6214 2813 25869 6301 12448 18310 29571 31221 15125 4814 19231 6953 26204 19269 10087 8351 27609 16757 28411 22826 18806 1609 6775 18554 24267 17458 22065 13660 31776 13132 12787 3988 31198 16677 7037 24234 16402 11309 20445 4769 10557 32518 9224 28584 9900 499 2352 9834 19777 25449 2652 13720 7506 21313 10800 30574 3668 14215 7809 32540 21890 26429 14417 16286 6868 25238 14424 22810 15607 11502 12140 9978 5108 21604 21803 2025 8588 30971 26193 19449 7014 7273 1970 5578 9291 21115 5537 22204 11268 23927 11644 20143 25359 13881 20184 9282 401 19038 26456 25376 32435 15990 32483 19379 1045 19275 17506 14982 31337 2165 28153 22380 19965 20575 3507 2606 16362 5947 15129 30765 13358 22537 30652 20759 2107 9134 28570 25647 30630 32470 20972 15326 28001 26070 9859 15822 7757 32379 24186 253 12610 28605 15804 30899 13056 6684 27299 25602 11061 20542 11369 3103 1399 7213 25095 10424 28989 7493 14210 13887 24166 24874 5156 24301 30882 16211 23807 8864 5403 4352 8285 17308 5041 4791 5676 11018 32153 14378 23755 16451 
26 14751 14696 26451 24619 28230 21838 15357 24539 4552 10763 27109 10300 26886 15177 29911 18782 25959 29109 32233 2332 4165 9622 23274 30690 7521 3493 13144 16498 14335 3200 1191 14013 15268 2854 28583 21455 23968 24666 29109 1926 10488 31287 21896 24978 10533 21326 10050 15055 12889 18608 3776 14383 31353 31474 26075 14984 21009 18246 1654 27284 26749 2179 23929 24184 19134 14220 15038 21946 24505 3216 10927 22100 17181 15262 27179 31331 30908 8124 30436 26574 2322 644 8676 23086 7514 6779 11478 6192 15129 9767 27684 27736 17873 3278 30915 5911 27266 10533 7884 32232 23072 21043 2648 25983 28907 27817 6530 27833 5377 27536 25452 19783 28080 16805 30027 20967 27662 8725 9741 1285 1493 19956 1440 31436 459 26831 19128 928 7954 2237 15792 23925 29254 31073 19579 14646 29623 14708 17556 22610 4980 17378 9159 31831 557 19636 20571 28752 7407 10493 21082 27114 26922 1183 16432 18619 7136 32404 28425 20050 27496 23627 5075 8167 6869 26970 7913 10704 25939 28830 21663 4159 2393 11414 22852 23790 29683 19387 7909 4658 31466 6295 15462 138 29138 18552 5624 19480 23217 15871 32633 23139 25467 19416 16543 22310 26151 25348 25855 21507 2986 5999 9233 32013 29903 31952 15384 13078 11786 30192 30692 5254 6941 15921 20339 19373 10159 11391 28811 19518 6582 22213 15938 21308 6580 18681 19161 25141 23491 17803 10115 27330 29875 1272 31584 19888 6256 11309 16396 21614 30861 738 1727 31965 537 22807 24151 23430 17156 22287 23888 22737 18118 4273 15001 1791 14538 30933 684 23230 25151 2246 24404 21873 3598 6310 13635 7777 22462 11712 21875 12218 6149 26841 16036 2730 13339 19390 15702 25423 3161 3347 8480 25529 5448 5272 29995 31946 4659 24056 5157 23207 16152 3250 19283 20275 6925 958 24610 12513 26100 13481 31263 6503 11247 26449 10294 8077 26330 1574 28385 7253 14313 954 1618 21526 16015 6683 22960 15437 24202 15743 18019 20599 24635 25502 25637 12516 1402 2628 18834 10690 7256 323 16174 11089 24204 16132 30154 27483 7816 601 18837 18688 21584 16862 9871 32274 9548 28808 14802 4547 31237 6933 31918 11921 27182 6908 23617 10858 4437 9616 31014 23656 30669 32070 4147 31801 17467 7084 4498 5967 16519 15373 9118 15003 172 29247 21296 25981 25155 23304 19988 1516 30329 959 7331 27590 19025 26677 27162 7223 2856 22941 4394 3897 11580 21299 22395 
15965 7222 32296 5313 9041 9240 21693 21287 28168 32758 24593 29507 8292 28094 19961 24343 15816 31875 7310 13476 14401 17925 11504 8368 12080 4870 3670 18686 15835 8974 5252 8798 26050 9297 11159 24063 20091 21544 18220 12054 27759 6436 11829 13213 26293 26261 29815 1961 16172 18664 19366 20333 7210 24628 30968 20831 18869 23950 20219 4867 20252 21039 18169 26689 24226 7819 27639 7183 31650 7545 1704 1714 15513 30543 19112 19408 31154 544 24898 27081 27204 28400 6483 16435 5980 142 11335 14354 29104 31636 1176 32115 25186 16282 16825 2106 1737 12363 6237 654 29637 6835 20349 10392 27774 17711 11490 16226 7504 21691 17717 26092 18553 2665 30017 23148 11852 14959 23955 32617 17254 31344 5870 17745 6287 10868 25065 12650 32133 28115 17581 3650 31197 23354 31572 8297 2519 19242 15891 19454 28993 51 1806 19234 23621 17961 11052 6273 7035 626 27483 22128 17396 4689 27803 29426 24098 31524 14775 18313 7830 32198 20199 25616 27048 8516 12701 13539 115 11864 32756 25206 26421 10832 7938 11560 12563 1410 9587 22321 13037 13083 1729 18250 15741 10362 19549 10582 667 13266 28294 9134 11139 5195 30951 22029 24999 11007 18389 5883 22432 21035 4543 2200 13925 369 4172 7478 21595 23797 16861 23110 28318 30125 16079 13071 10981 17962 13095 13212 23217 28406 25561 2839 28819 14333 23084 23791 26069 13329 28851 22656 2152 26067 17648 16564 27163 18383 29095 14894 27409 19245 7988 18803 5173 32050 2893 8536 28043 14592 1002 15276 18571 13458 5419 13521 2565 14822 8425 22423 502 8485 15749 28536 4604 9553 3025 8030 26561 12525 8108 21256 8760 2766 21644 28485 12116 31335 11452 23251 3885 31647 12261 17521 10445 8566 6440 2281 6216 5717 26405 27027 18402 8390 3166 5972 22230 19881 2617 10899 13668 17237 28991 1201 26649 32425 27076 20394 8488 24262 18514 25812 2172 13710 5902 20927 18560 24038 43 19052 2280 6492 15062 24670 27975 20196 19856 17521 13363 20272 16141 6272 16451 5800 6690 5224 18188 1118 14961 12187 5988 27386 8202 8271 14362 29133 17714 20781 9448 28189 4461 17368 19908 24594 25653 2054 585 12464 18837 109 23907 12536 24742 9025 7709 3259 23651 22238 24958 8119 15603 20769 18027 10344 7094 26138 23711 16443 8997 17916 30834 20947 9221 22748 6983 4092 32260 19853 27946 25583 1577 23715 11638 27811 2807 30593 11062 16826 20304 29395 
25435 474 11343 26827 27654 1267 3050 27238 24621 9330 31189 7734 25208 24955 11709 14289 12057 24537 18456 2463 24197 3679 30631 22549 13563 30831 21271 9748 28224 17315 31310 32270 12971 26714 7897 22634 25605 29376 7983 25187 32280 6135 23776 15285 18055 14573 13188 27110 17158 15403 6304 9785 31108 16344 17536 30 362 32486 11090 24673 10994 9885 13778 30494 25000 2810 31461 19054 12688 9902 26964 31231 2138 407 21552 26728 24681 2521 3623 2984 23378 24987 11952 11655 2724 26993 16042 4313 9075 19623 21808 5744 28687 30984 15839 16894 15375 28414 25751 1793 3811 2777 14475 22869 30720 7418 24749 3434 31227 25900 7041 31774 3543 32299 13006 24433 7553 29901 7549 32443 28326 22878 13437 25024 25860 19508 16587 14521 11540 21431 20894 30403 11250 5414 22107 3705 31546 12310 300 444 5434 28285 13674 9586 17435 25632 10727 12931 2058 31831 8653 13887 15401 6014 3910 18189 294 30986 8680 17216 12492 30112 20055 27713 16169 16665 31559 22506 12401 32297 14022 4735 15455 27881 23179 31047 28675 9460 24398 23014 20280 19393 25556 27453 25642 27088 24751 20476 10038 25946 28481 7027 4288 9707 5481 28555 9688 26663 8642 20407 5037 26777 22998 17074 18099 28858 25985 23331 1063 8336 11043 30158 5499 20392 6472 31986 11077 18023 24980 12803 23013 5460 31887 16970 30160 30230 8182 9142 14123 31640 10005 31332 7918 9988 18813 26209 32530 28813 26093 14356 13572 18884 18788 4410 10689 10407 19030 1885 17940 29525 8152 31582 14858 10468 19231 16403 9618 17714 16717 30827 11639 9191 13569 21601 1099 1352 27557 11708 32020 28068 24579 7276 7742 26139 20291 28473 21776 17683 24028 8242 1014 28 21055 31452 12569 24594 15472 1925 3353 32453 3434 29158 15183 13333 26310 23234 4042 6637 4394 18891 11033 18301 27303 8427 16215 22766 31434 9265 54 18528 22537 140 15743 31812 31464 24566 16226 18552 21678 19959 8951 267 29761 13193 26369 23635 11387 457 5402 23003 6655 22047 21059 9727 31322 30035 13188 3440 22325 28039 2880 32022 11017 9123 21770 14120 20513 15972 3582 17650 29898 24036 31687 17791 10085 23608 8207 30410 24801 14965 8394 23998 13035 31111 20755 10424 471 30746 13611 10397 2108 23797 14485 19516 10592 14075 23080 8176 7896 3062 2070 26951 27839 17959 1611 5545 14064 13047 20802 26091 1540 21359 16256 15540 26040 30399 21640 9240 5282 19354 
26514 23588 6237 10383 6800 16270 10089 5203 4404 12209 20752 28844 30183 31516 25499 16437 1404 28548 5444 13548 17972 22794 11507 10267 9170 18640 9646 17260 10141 18425 11772 8458 23190 3927 32693 32544 11136 3150 7030 16510 30111 16178 19138 26978 1519 27995 29191 18622 3230 4338 10066 9793 25500 32653 15272 6066 11569 2592 27417 28532 6180 28179 18103 5856 23059 30183 13282 31910 10279 2179 29644 26455 19497 17046 2218 4237 7714 26349 25624 21312 31040 16612 13780 8779 6742 28572 20186 13285 2178 5659 20410 5757 4443 18337 12496 17322 25371 9818 13315 8199 30468 17302 8349 16300 11879 6398 17068 6817 17912 17996 17120 14651 17633 30605 13488 24647 11680 12274 23737 12650 31881 28739 13785 29933 2909 16708 8568 12412 2190 4166 7798 3350 31765 22039 327 24674 27876 9288 24192 17819 13032 32083 10306 1727 2863 8600 4438 2299 21129 20418 12045 23037 10455 29510 14957 11867 18589 6043 9162 24438 2983 15255 19436 16750 26946 10101 10736 21097 11723 18605 25921 3579 26425 15698 11247 23708 23161 23298 8591 5491 7708 26504 27655 5132 29611 28012 967 32143 17602 32583 31072 21573 29473 13934 30734 5041 15313 5997 29399 12450 2268 10722 27709 5806 16435 327 29265 29204 29225 3711 22213 1919 24824 29323 23810 10200 15917 12157 20633 12745 2889 27600 46 30053 1327 725 14154 32137 10810 24818 12030 13766 10731 25951 12744 22806 30217 29329 27431 17406 30490 22762 31251 26556 9425 17940 27667 31791 17075 22532 4323 20606 10022 6113 15281 5367 29375 22389 28510 13553 6550 24863 6827 11658 27865 5969 14664 5737 372 27361 30469 5952 8709 5912 863 23290 8540 27067 24945 31363 11969 15562 23645 26907 9637 5334 18909 23968 24757 7382 1813 20087 20389 307 7777 8392 13635 5022 21438 13887 24685 12179 7361 25219 10975 14675 10864 13107 10593 1861 25602 12372 5300 17887 24916 10864 7409 27227 10053 31464 25522 32235 22655 7336 22137 15910 15979 16025 22145 25511 30390 23959 28076 4127 8305 8640 3110 12758 22244 32752 32627 13630 8305 3297 14336 13063 8048 9849 28929 30715 29497 24332 10253 13934 21604 27990 16051 5525 24914 22118 12636 30047 17168 18354 21215 9715 3598 30599 25451 6243 24769 4032 5043 4184 17461 17649 12011 8010 14615 31037 30783 25592 8229 16303 13643 14146 18821 24249 14756 28835 9836 5914 6957 6342 12238 23264 20140 26176 18055 12638 
29028 22787 5669 3436 2552 19780 16491 4615 3707 23538 17310 21968 17688 26854 10386 31083 31013 18471 3945 13173 29082 974 13941 468 28715 31282 3717 6675 3051 20006 11082 10674 15667 17017 20482 11481 29961 18300 13344 9147 31790 8116 8520 32130 30250 28048 9710 8332 949 4109 25908 29789 6557 20992 31067 12160 31057 13243 20847 25603 17353 16778 32397 22223 19004 23503 15470 11010 31720 14458 18983 25081 2547 29289 30682 22551 11977 14198 24805 22058 32329 25614 6251 16474 10875 5475 25353 27434 14099 14232 15448 18410 8375 6601 16936 7728 31353 11543 25773 17461 21790 395 16111 14491 12311 9834 9711 22235 22203 11810 22207 124 28847 5584 16956 2222 4516 29661 4876 2972 21459 7797 30506 28656 10062 1626 12479 28415 10887 6966 7042 26560 25830 19734 21658 18169 16886 19711 29810 31844 16578 14835 6651 30563 24913 26045 14544 6915 10048 1628 7532 30545 4117 23860 27962 6369 751 10402 3635 27577 17026 29631 16417 19453 10628 21736 27228 20343 7785 16625 3082 19589 13867 3673 2811 22298 24747 29044 6035 27736 21356 7818 24421 22477 2317 9961 32583 4595 4509 3845 5631 4981 14650 22309 28022 939 25409 17697 18027 8260 10468 17772 21327 6050 16372 19723 14010 25121 32573 10966 25184 28318 4852 7412 23535 12249 22611 3785 16120 23286 23305 2953 13010 5063 7134 6823 13946 9304 10648 10589 1414 9070 3023 20174 20834 8106 3823 14384 24750 14021 30823 21763 2088 23084 32053 12654 25207 5770 7661 20052 23648 24908 696 32306 9041 1168 24483 27638 7334 13387 11323 19639 15931 21364 6911 25567 11521 28230 10631 26046 12895 17884 12162 31758 32270 19981 23469 29332 32389 30771 4176 8464 27930 11447 3968 26941 14154 8502 6869 1749 559 13456 23074 19858 19819 29127 19415 24725 3656 27381 19053 6679 8366 4702 30072 19915 21444 575 22283 1514 24603 13533 6039 12629 20465 25689 8081 4612 29311 16996 13778 21992 7107 18473 4298 23832 7470 30706 2605 6638 1851 24805 16535 23356 29100 18965 18746 19629 23306 22254 14752 22560 14733 16179 32170 20934 30772 8058 21485 17105 507 27338 18471 16315 32382 1828 30035 16798 4442 5679 6247 32092 22596 12482 20185 10214 17240 21720 7399 3897 1254 28780 18871 27932 9882 9542 20960 16724 30877 27702 22971 3999 20708 19339 30811 11164 3751 10752 19270 32362 32250 6710 8104 13605 27388 5248 8870 16849 11621 31268 
2663 23754 18904 16237 7197 6377 16413 481 5941 30653 19611 1342 27852 20358 28669 14790 26906 9076 19348 23677 32583 25462 23505 18865 31181 13094 4923 12283 20082 12576 27515 6236 29462 19704 11145 15932 11757 2096 8350 31683 6567 1517 13733 12743 14270 14928 12329 28739 478 5341 26311 3021 15676 9373 31094 11809 30086 13413 9911 23095 10564 27107 6079 6555 2728 20299 1088 5516 18117 23865 13005 2036 21865 15180 32522 44 7103 15800 31221 19305 18530 5093 1206 11540 31600 900 2867 18520 7474 25627 15864 5860 13745 8319 11093 6547 2897 2501 26191 13521 15890 8587 14722 28106 27437 3113 8788 16788 7189 8762 19104 32010 11773 29240 24652 10396 27712 14126 27403 4791 25884 25364 8896 628 8162 31832 11057 27610 11945 5331 24175 21445 12453 10744 8738 4616 4584 8742 4074 8289 15388 5070 28324 9151 18334 25730 26792 18350 20216 26527 26134 21143 21220 30160 26770 16066 31770 16527 26582 19683 25470 7542 26925 30955 6227 17678 25470 28441 6315 5436 12982 20966 32491 7076 10062 9238 32573 4864 10859 19377 2076 4493 4937 11053 12805 24581 15598 17856 31779 17261 31808 19453 28991 15305 24172 5104 2683 5269 7527 3073 18677 22117 92 9370 9848 12116 31653 27228 22876 16472 6354 6304 29120 17206 22657 15264 27606 20478 10593 9068 4385 32615 294 17103 27609 14357 28188 31824 5024 29645 770 30005 10429 25798 8732 22114 7701 18531 11404 19668 9735 31719 21945 24093 32663 49 22403 19902 10236 19442 7575 8969 6737 17234 16223 29947 674 18953 7938 16716 24836 5181 13068 4701 24739 6517 4373 12212 3781 20868 30175 21351 21922 10873 25230 32751 10694 10625 15255 6123 7848 455 23242 4531 14296 29300 3696 13756 11486 4301 15305 4974 16330 19108 12257 1924 8347 2878 20300 8800 31712 6607 15568 26379 31456 24733 12454 21195 18956 20958 21736 6498 13488 346 22371 10050 30627 11205 18431 14405 3239 21297 2923 23057 17646 7579 20551 8160 16395 17881 9899 5864 9782 14358 18838 14383 23891 16278 7614 2679 32150 8932 17706 17770 9544 6120 32165 24132 6237 29868 13952 24520 2001 3893 28571 16136 22579 9642 25931 5664 20449 27200 19148 32163 21747 29733 23527 31239 12792 23088 899 19157 32252 4740 21730 31611 2962 9824 29332 6664 8862 22027 9131 9063 25239 16247 11808 8245 6163 517 20624 4657 14189 27252 17879 5197 26032 26738 11241 13308 
29557 4471 26773 21642 24825 7898 15063 19159 14063 27153 6766 21410 19958 25419 26702 25244 15854 26915 6943 12699 29039 2249 26008 2406 27381 1462 16127 29430 16164 7629 13790 13843 24270 19383 6801 1640 13646 28006 5480 27080 1518 30245 14176 13483 29363 3251 5231 2123 29285 30505 1527 4628 26964 12815 18463 28783 13293 30701 19362 25632 20159 30527 19244 11898 7016 25130 14990 11922 3187 25278 29641 6237 15756 13240 8522 1514 3251 25527 32222 7256 20372 791 32533 19390 8940 21526 1606 10460 2611 4580 16261 25629 8408 25248 9068 16986 16178 23790 23894 31353 19337 11879 16457 20677 22954 9113 25150 30951 27146 1548 26624 3782 10566 2017 30304 13260 23841 25243 23566 3661 22267 22809 1925 13492 20318 10547 29808 26562 24732 5084 18541 28940 21824 8661 19169 27520 12458 10786 21159 14488 1286 24405 4965 25394 28323 18273 5168 7318 20928 9059 32383 23908 17229 19889 28541 28405 11835 9909 23509 10418 193 19254 12725 27346 11247 16852 20485 5698 28428 17219 9920 4766 5495 6735 14879 27188 4670 13567 1302 31819 10829 16098 10762 18633 13091 8556 25564 963 12089 12044 8144 14464 24333 4993 2328 11976 9477 2698 15565 8174 17287 23291 483 24609 29820 10812 18879 30861 12734 11086 29367 31617 12218 13686 11445 8709 15430 8522 6744 23309 27175 623 351 28247 18218 3072 30305 19267 7306 16755 19852 8518 26310 23558 3374 21968 13016 20674 18915 25957 14888 24700 28569 28425 24 11794 30060 16019 30719 25037 32640 15750 24263 7911 27145 17513 23806 6474 927 13303 16799 4342 10524 11944 11079 18601 23811 16225 26914 6772 15372 31679 29573 23253 20797 18596 1163 26386 20250 29557 23044 11282 17536 1874 29963 24971 4573 3239 19659 12038 21533 32495 23874 21539 3920 32267 28602 13964 25786 9562 14938 26404 13946 7568 18966 30317 29170 10844 12266 553 5762 31702 14230 8060 4850 5703 21180 20478 20184 28783 13470 20961 6221 13008 25514 20439 24230 10259 13734 19981 30103 2562 19218 1933 30245 28308 9889 20128 11917 3251 15751 31405 15732 24254 12517 1943 23545 26898 20839 2871 3549 14288 2144 14150 15252 31065 9711 3813 8042 30126 8156 16460 24908 28461 16004 1003 28436 29656 32396 10272 6948 5751 22320 17758 4248 21444 32505 27149 2331 22094 1992 5271 12516 112 1859 13367 1350 16786 23746 15605 517 25266 12718 23194 1512 17434 10574 20688 8265 14626 
9533 1967 23125 30310 15654 5932 4550 22352 10991 17950 5132 5491 25828 24240 254 8787 10758 18257 12413 31375 11628 22753 26508 1095 473 5407 31821 10283 7009 13476 25907 25317 2120 3122 9138 32302 30125 16325 15184 25521 29176 8285 13055 31027 7151 1488 18704 32435 29680 31801 24696 21292 18799 32358 24643 16264 3776 2445 17868 7200 21431 30788 3627 11887 1415 19292 31364 3157 2471 26075 4093 1730 2305 14146 31758 20865 13071 10694 4386 11746 4993 8230 8308 24395 11295 9939 18141 13296 26517 23241 30955 23897 11978 2360 16459 9651 31965 31440 13345 23845 22341 14139 28964 617 28394 4004 17498 32722 9909 25347 7729 16439 10452 385 6448 25676 7988 3754 27162 3200 24635 25771 10116 16370 16412 17350 28265 26440 12660 732 32717 17768 12142 20189 9962 17108 25580 14307 12598 27760 19607 2657 4797 17037 6797 16529 649 27008 18063 18687 32092 31437 18797 17779 3515 20202 2093 23276 16465 20207 19716 2950 29721 21113 20848 13712 12922 28094 8516 27850 21099 13910 4069 9830 4625 28348 16488 5511 12160 7352 4118 7201 4336 23200 31702 30090 25971 32295 15719 11380 26037 15548 25487 10589 15021 12925 23700 23209 1585 9862 31221 31690 23007 18500 22695 2264 3395 21789 19106 953 6208 26163 28540 15462 2596 13752 23240 5106 1725 6482 21520 18350 4948 22364 7925 16870 12831 31733 19188 23318 12181 23672 6416 31227 16307 9834 7186 14799 4397 23599 28253 15609 2733 2336 9605 25117 9953 24179 2322 13676 20523 27258 20395 10346 23005 13227 24875 20930 449 31948 20178 7348 18368 6050 4484 24539 19498 5970 23334 23842 17402 9438 7148 19597 30991 24363 6840 28787 8123 13208 22489 21811 24023 9579 26990 18440 17802 15033 25967 29362 5449 1754 25592 29169 16918 14158 32351 29526 2527 32474 1450 8424 15118 19532 418 8152 8642 24720 12787 32386 29998 5947 25770 26738 29251 23971 25764 5955 3771 15555 17309 19110 2404 13325 21381 28991 7059 1846 13956 19472 29272 28847 26299 27309 6347 13806 26108 2325 31717 14996 14853 21019 20303 6857 8206 29674 27262 1727 18443 12076 14289 30638 6903 20138 15905 12177 25787 5601 17219 5708 31853 7462 6368 24284 32127 4703 6427 20794 25390 20904 23955 22402 18378 8001 20727 26382 32311 21062 24966 13114 12318 18039 16641 25613 23594 4698 29153 10185 17094 14839 16282 29173 26508 26601 24275 29574 308 28726 2290 10330 
10289 22764 737 3068 4712 22298 8096 31349 22105 26017 9544 2529 26198 11069 24083 12586 25382 10286 4517 7559 29937 5114 6939 32345 462 18319 840 29528 22494 5073 11776 24688 16307 12774 27361 29134 16964 27019 23942 29167 28557 25679 12262 29616 23814 10470 23034 5434 31413 7805 26598 15643 4407 10810 14874 7143 27245 7830 194 1022 10218 16035 17847 3026 12668 10366 14570 1322 28917 29691 26000 27963 9755 16614 262 11103 12635 10941 15806 642 2360 11977 2404 2156 28832 13198 24896 31859 8279 25661 13401 27746 3345 29573 18380 23683 27224 4232 3480 8782 12130 2885 5490 3335 30084 12937 8027 24416 24488 30920 21649 11556 20825 27111 31106 12296 16270 5648 26682 3481 17075 29570 16307 12648 24775 15115 31476 21267 4438 19285 1888 2050 13645 9777 19091 21266 22099 1706 15838 27437 25445 11576 12307 31601 16488 21318 31122 5139 9533 20403 9124 30453 2642 13408 23182 11400 20196 28452 9999 26741 10312 10365 736 26291 23948 32090 5414 10110 5943 1084 26327 32031 18124 6427 19059 26126 12317 8848 23290 2460 32120 22524 11871 6323 30481 9253 16157 191 4492 10261 23009 15749 30212 6768 30909 15907 1164 15112 28127 31431 11329 12268 19846 10862 26425 20892 14775 11360 2058 7993 31894 11199 15393 21960 25746 30339 18468 28920 6216 16020 29196 20044 2973 13996 11523 24722 24554 5352 27561 24931 9165 3179 6164 27619 22898 16516 24090 29318 11704 14359 31308 8878 26954 9367 6302 15788 9885 17420 2252 18791 19757 7808 21526 28398 15073 23247 21729 10793 689 25466 12692 1843 20484 16256 22625 25538 11730 25734 23140 31536 15214 22201 15235 16303 25767 9313 25862 27448 14253 590 2193 25067 28927 24816 25489 28006 8586 23318 24487 8527 25370 1933 23082 10911 29395 26188 782 23337 26413 10659 15759 13594 26099 20000 1189 10538 8041 22220 17205 20641 1808 3248 20560 25254 24206 7097 24971 27103 29632 21088 25223 2834 29403 4463 29489 1656 25775 14592 26425 13396 15319 7803 22233 10392 19086 23401 3596 7067 4922 23760 23844 2268 13098 20293 14784 30368 25021 9906 10659 27289 30985 928 3683 4974 6743 22773 8119 13037 5196 12201 21640 13278 25292 13572 7401 9480 23559 3746 13101 23624 8977 22852 1689 15636 14160 24342 12263 19219 23266 26203 5729 19608 17074 25013 30329 2922 5191 14880 15614 11836 18574 23219 27847 30894 6119 8154 19388 13503 14513 18455 
14325 371 8 15209 27854 8162 25297 21791 13222 17515 11617 30854 17893 18218 1818 10431 23863 12172 8504 313 2608 1607 12130 21360 11667 29452 22492 21311 28146 2657 30064 24151 13529 23866 13810 2598 24290 20130 27683 14384 15304 24066 23800 28689 3555 8236 6909 1713 26114 11231 24077 14385 17086 12088 3158 27694 9345 26786 29210 20683 14939 7244 30837 5715 22689 25165 4842 20061 6399 16600 21866 18140 32599 28128 20205 20720 9334 14091 6208 18905 14264 32453 23229 261 3632 4719 21155 10627 14351 2369 23777 25301 1210 26464 18883 31459 5954 32761 23988 13288 562 21432 819 22071 26051 6365 5328 29453 3877 25824 5678 9836 6111 22912 2583 28993 27204 22929 12410 14352 23101 27255 10131 7127 10848 1450 5490 14187 6434 7202 24109 24562 29362 22977 29747 4519 528 11110 18346 21651 13905 30189 16583 20175 6633 11480 27627 19306 26417 15730 12749 826 27503 3722 9212 26714 14025 20503 13226 32231 21617 9511 555 10410 20951 12624 12926 3408 12889 19404 24718 32493 10038 4567 7896 17089 22528 22730 2316 373 30740 29442 3751 8306 18777 3061 20720 5895 29255 4306 16508 7494 15302 31675 31614 10640 30907 6473 10758 6299 23121 29150 5893 6024 28391 20310 12962 14555 19465 26227 13073 11384 17206 1854 1728 18404 10770 25046 13176 17185 5529 12665 23578 6785 10490 22827 15645 32596 907 20050 30357 1776 21411 20065 18000 25575 10336 16170 12251 6958 16966 6761 9733 1945 30795 15501 28524 29309 5525 23434 991 3577 21329 5342 18197 11036 8642 7101 7897 13956 23216 13639 16690 10487 13490 12480 6828 9047 1411 21895 25843 28904 20122 3548 9470 30233 17171 25217 15558 23046 13844 8070 28686 10601 19513 6206 29664 3062 9397 7933 25123 16198 2225 27001 17911 3475 30066 28386 21421 8348 17529 6468 1822 20485 12888 25301 31857 4384 15136 26317 19543 20230 15035 8012 24103 17746 14921 28186 4179 14675 30209 17010 309 7706 28391 3981 1147 28319 13394 18923 22983 6950 25104 1858 7002 15566 23534 13083 7612 21001 5929 32259 5539 22736 8827 26104 6536 21875 25409 28618 8832 18562 11931 20024 15775 7994 32266 30928 11698 2446 1919 27251 8199 32230 582 16346 15339 1697 1553 30190 27603 13313 23598 20377 5365 28073 3654 15926 8517 23353 29924 19898 4025 23268 10199 26723 7381 5290 9956 5816 10824 19368 8508 13134 4451 6755 4081 344 2857 27843 
12875 20410 2379 15937 7011 30577 31211 6288 27323 19707 30320 24871 32005 22318 32127 2293 23011 21048 4326 19378 21593 26683 2105 7374 860 28504 28625 21389 5878 23168 30957 3131 7562 21936 25740 13735 10610 24266 19033 13886 21502 6636 30251 24619 31874 9579 24317 24489 3526 9839 1227 1008 1273 21229 5851 10471 20259 6291 29504 2779 29635 12552 29572 15930 26835 12544 9739 224 5094 1688 19553 2258 12834 31507 5054 17586 435 24793 480 13346 22876 15137 28206 29878 13388 23523 13095 1974 16058 7173 5963 16503 14812 16281 27840 9056 7265 24154 22169 7648 26062 31579 2430 15740 10274 7782 13321 28198 11989 1282 29369 8887 1618 17009 15436 27612 1731 17008 9012 24314 26255 27768 19716 15607 1076 11755 1238 20251 928 9508 17635 7861 7452 25421 11539 27827 8382 17926 19945 13728 7108 30441 11606 12308 23438 4467 13996 18713 30671 7731 29531 8512 6451 7275 25596 26362 3704 13795 14423 31622 16791 31279 14685 22279 3306 31052 12658 29405 1439 10728 9151 26380 17937 15010 916 2466 14355 16026 26635 10768 7843 3842 11814 13355 11475 16569 28765 25669 16590 8491 1109 16029 7345 28982 2981 3424 26351 24225 15864 21815 26380 13156 6542 10538 27528 30235 2914 7855 16631 7250 21392 1273 20880 5002 30571 14610 22083 8000 23414 16341 25504 1266 3767 5804 3996 4068 979 19341 2566 2524 23 3415 25668 2652 11029 30072 19708 17719 32510 29405 9010 12300 9671 2174 29513 1191 8777 14621 25414 10893 23411 28314 30393 897 22157 14529 759 21396 2858 26417 27654 18147 20817 32505 2692 18591 6956 30126 9362 11693 13723 32472 11279 18012 28315 13474 16510 17982 14402 3138 19299 2654 5016 19044 4522 24609 15460 27652 2205 26125 6074 26329 11971 4232 25614 5817 4577 13924 29622 3365 16716 13571 3821 6072 31749 17764 835 9761 30807 3594 8969 19487 14748 16183 18708 18207 5137 3906 3424 26571 718 17130 11195 7225 27023 1563 28231 5682 25481 27931 23517 10311 32618 6796 24892 4770 15504 22540 9393 1036 13117 10108 30489 10891 22394 8791 2498 27321 8327 24989 30718 28439 7683 3381 9736 17106 27633 10603 6996 20546 13599 332 12454 6313 24701 7653 3429 13950 7246 19735 21155 13742 1954 16032 30043 9416 30422 720 28744 20369 6018 11593 23167 24011 3491 19419 27103 15645 16846 2837 17987 15492 21637 17955 19157 2097 20373 29709 631 26864 
21843 32507 1514 13277 17736 29882 32612 26593 9130 50 4339 6326 10334 7979 3326 14703 18124 31646 13339 11343 22758 27170 154 22456 9817 15631 1008 16739 12781 361 17599 5165 17048 26156 30267 10608 32302 6708 32514 12473 20992 7993 16463 2753 4281 24037 15453 20304 32265 25529 7820 3120 7920 30103 23105 26285 207 905 10890 11815 16249 31034 26907 6321 24242 8274 21480 4999 12619 8888 22490 22964 26335 25231 11018 16792 11950 21686 13459 6563 25210 31316 16016 25627 7388 31960 31387 19566 24171 2574 682 26453 32766 31715 809 5772 9608 14101 19806 19061 25548 18875 18448 2468 30389 16055 16598 9005 7749 14060 12999 15483 19698 5762 24970 2783 20492 27584 7415 12067 23099 29259 24169 18933 14203 3438 13858 32456 24845 13977 30550 19764 8984 4289 11065 4898 9917 4999 29841 30466 10865 28786 15825 11499 16503 9224 3494 17055 8044 3068 18937 16486 26222 25598 293 26770 24730 13003 22684 25474 9609 3012 8014 3207 31921 18145 3547 17003 7269 9639 31375 30664 9902 2864 12717 30784 2168 20556 19043 4186 25688 965 10399 10065 2121 20950 6822 7941 358 7182 14390 13821 13725 4449 2578 17617 30330 27635 28379 30327 17592 32667 20067 9330 15262 24216 2480 31911 27020 27010 886 21565 15407 27293 31643 24007 2058 32363 966 10759 24306 4876 17598 6549 6440 28735 5475 4724 9002 10889 1053 6767 7932 3362 22341 11093 2797 25618 27550 20473 28127 28154 1501 29540 16367 21948 9605 6701 12340 18605 315 2849 11196 4961 21051 6091 19360 10120 1520 28387 28191 7026 27762 17386 9622 23375 14067 31858 1235 29870 3233 15045 9134 5455 8768 32445 16818 19867 6893 22984 4294 23186 24973 9217 12746 2341 30261 19401 22280 32525 6935 26642 2894 26034 21843 12777 22294 15404 28043 9790 19720 9240 7552 15068 9828 8102 20034 31379 15979 14568 10092 18401 13414 26012 14081 8389 23058 28455 18513 4804 20849 20535 13372 28117 20038 7492 16997 6372 32206 25288 29884 30274 16234 1135 17389 15258 2740 21109 27467 3479 19096 22648 20206 10925 19394 19024 9706 28643 14145 18573 7059 20588 22867 5566 11129 4743 19107 24403 27228 13512 25628 21038 32476 19394 17081 2110 22114 23583 25667 24760 17994 16194 23189 28860 14850 7697 8714 23480 17804 8115 29071 14008 28557 15931 7636 24152 13607 25905 6881 11918 7173 32352 23651 17702 28200 30696 2343 9950 1770 20316 
12732 5757 9975 6357 22918 14031 11183 23906 4305 17793 11261 29791 14040 31568 2030 15515 730 23626 8711 29657 15034 29796 15296 29741 10765 13685 21415 5516 31104 8792 11766 17604 70 5865 14287 20712 28035 23270 25627 26025 14580 28851 29760 29219 365 12036 29056 14196 30162 13140 1650 28104 1939 1812 31231 11180 17173 23571 23986 7685 22352 10202 26160 32738 15701 8573 413 18266 25742 32154 11766 5557 31056 32023 11598 16838 24794 19350 26360 24590 8429 21528 17620 28781 22017 28773 23001 18839 30406 22279 10373 18883 18194 30717 25069 7683 18482 26209 26409 27592 10021 9197 6702 13998 26580 3153 22003 3515 14372 15427 13651 28797 25119 12377 24070 8845 10067 10011 21349 20423 19733 14698 4546 4862 18012 8372 7970 3808 25727 20820 13593 17767 3259 480 21343 32039 480 25388 30913 828 26849 32129 5481 3161 194 8548 14323 12254 9384 20106 25334 12539 15596 8590 24772 31892 19863 7533 20291 20407 20495 18913 11935 22457 16971 30240 15920 3716 7150 22593 22514 1276 2267 25055 4372 31075 6878 20524 10456 5327 23048 3460 174 26968 31016 3411 7663 10559 1689 7791 5903 30419 29865 23051 10580 15181 765 12530 22328 10192 16343 25964 24850 7090 26334 15364 12940 30789 28149 28218 3939 23140 17134 15501 17958 14530 8239 23768 16113 6818 7796 5858 25723 7792 5933 666 28360 4608 17692 14256 22579 24691 19907 32009 28673 11678 15018 31316 1631 20500 16779 27193 25300 6186 14094 3425 27744 5575 1360 5443 27260 26356 9297 29953 24996 10188 5411 4812 19817 20485 28856 29460 23198 23915 23756 20029 27736 27490 17875 20166 10138 11155 12062 15457 20608 14113 6882 28183 20343 25005 11770 14300 19942 4578 28419 510 5269 9838 28717 16801 5923 16594 5414 1175 29121 16322 31395 13439 10328 22150 10086 17231 4353 10916 16734 16599 25180 8907 17450 19704 23313 29963 3663 26182 21777 15689 3493 13052 24519 19126 26042 22339 12383 176 18407 18316 16922 7046 5505 28873 21866 22520 14099 5756 3345 4351 4747 16947 22263 2053 2253 29099 16070 26828 22079 31043 15198 15426 6939 23122 17607 11136 17646 12068 26487 10072 15939 25222 9781 7592 26347 26053 3281 9855 28686 28142 17289 8290 25565 23805 21323 28820 26613 15058 12933 18517 25174 21946 14338 16637 15023 12016 13423 25396 20488 542 6616 11225 19512 18761 19965 30385 27359 1279 13655 16315 1952 5712 11940 30358 
30540 22997 11398 2730 27326 12316 5128 17321 27537 13135 20265 32463 11458 25232 267 31030 3694 18297 31507 3961 30281 30949 7136 15235 719 2357 23951 5947 22440 15689 5195 31248 27110 2439 14693 24704 244 22723 32556 27318 30725 25308 20109 18026 21956 20582 6786 4120 27528 25281 31367 8912 17860 26390 18138 8330 29954 27820 14152 24110 25715 19150 21933 32267 23594 17460 8993 30729 15174 24102 19739 2749 5714 9607 32251 2384 3828 25635 23924 23396 31495 14017 4411 5362 15513 10190 15569 17733 4639 23335 28557 32717 30842 22361 1091 1412 30449 25898 26492 24862 26991 26431 32146 14688 9999 7438 28097 22309 17401 19511 23368 3468 11030 20355 30572 557 7327 13915 1816 27793 19038 23290 1879 31692 27134 30537 25216 911 3724 19157 27195 10995 14303 24883 31406 28475 502 26841 25573 7430 7485 17581 20670 4403 13678 7511 11306 8934 14825 29258 4603 13503 6844 30342 13467 12033 18296 13865 16527 16422 3287 19657 20337 509 7323 22254 15051 24416 26593 22713 2859 11807 20530 13620 21443 23699 27195 12482 3059 25363 9534 3093 30563 16981 10340 26765 16655 15668 18537 25113 351 11818 2678 28525 5471 14510 11945 32383 1966 12944 26929 28100 28647 6466 11417 17651 18133 14131 12183 18623 28103 11011 16059 4283 17911 29753 24489 16971 5920 1111 21427 16715 7455 22622 25939 14889 21837 11574 17279 22001 19762 7112 27437 6742 19505 22713 31448 26295 31007 31916 7689 14734 18105 18692 26840 24689 29599 30004 20149 16151 25566 13032 4914 870 24673 19683 19049 29759 17574 962 986 23962 5121 24195 1952 22611 29346 26701 26987 16131 18906 19239 10924 27681 4958 15731 27056 9204 6493 7144 29042 4528 12430 11943 13090 6103 25105 13836 18418 9975 17390 13423 30490 9456 7993 26824 12518 795 18730 8693 9026 7692 14380 21226 27426 22793 3380 11116 7027 6804 25818 4248 7075 15394 21914 6951 10708 1863 21514 10017 1364 6873 15887 9141 29827 25615 8038 1754 19707 21753 20199 9315 19776 13784 31425 2957 5777 15898 21301 15479 27661 1501 10773 12857 26272 3375 21981 4907 21348 13592 30271 18196 4359 9108 29595 32181 31353 12388 16825 26374 27737 26144 30675 12973 7419 18750 13850 9181 10386 3721 12263 28573 6506 14968 4475 13924 26970 6998 22243 13558 16621 10329 18906 10356 25460 29856 8288 8286 6938 1448 11126 10943 17623 25250 32638 5049 32567 6402 2741 21325 
29433 19195 14846 32758 28774 25076 8789 23421 29743 29948 12908 15316 20697 11584 32337 31272 30276 8806 24386 11289 26354 11288 12579 1970 24003 7462 29848 4604 11881 16022 7084 15596 24854 6329 30192 23022 32686 32259 23207 15406 1684 16499 1103 7397 15294 23649 15885 26 25867 21028 28738 6006 32238 15514 4622 3516 10224 27252 2220 8857 23204 5360 27294 20069 11573 22372 4434 19066 11700 21823 24803 31684 7280 4410 1975 27871 31024 6689 31938 31150 1612 1321 4296 3595 20975 14302 2534 19194 19091 9353 14525 3738 15685 28016 15589 10080 29548 14409 25149 8858 26178 1210 21229 22382 31969 7019 19564 19451 11485 7897 18330 8821 28263 10853 23116 15869 29950 31722 27281 8384 10163 21132 2571 23160 16444 30176 29312 29927 15435 14603 18758 2341 13267 16380 9831 20549 8461 31783 11651 9706 29392 3530 30898 2268 28141 19099 11770 11282 384 1293 21616 3213 3191 25591 3721 3905 587 11813 14055 2324 23006 24104 21771 5549 12091 6242 715 4458 30134 6088 5798 1969 14822 21026 6663 28844 1379 7607 3947 17836 21072 14455 3043 7512 118 25210 19697 10138 8842 20028 15805 28455 11323 21975 21011 12037 6252 31768 8995 14622 255 7625 21338 807 20448 15706 10715 28664 27348 9773 23078 15741 11454 14200 12431 20570 26576 27068 18460 11919 32537 16117 5082 6320 11531 1373 20255 21077 9635 16857 8577 147 15754 22256 1915 21855 13929 29201 8206 22378 6945 3016 3804 12458 13178 2501 32194 10080 10377 31654 30518 8497 31221 15153 24207 27857 3902 24994 1928 18041 20957 2669 30095 20901 15850 4624 30270 32095 31573 32338 14078 17025 22812 1225 32074 25401 10806 10877 27379 3539 19879 25844 12268 2201 8925 28901 14792 18036 2628 8731 31671 19865 7631 26485 1551 28916 26877 17341 17987 7691 22767 17937 7542 4983 9506 23891 4608 8100 18158 1592 15511 22172 3432 3844 23586 24725 26373 865 12014 3139 15760 28855 1583 24516 12163 9875 15970 22317 4204 17393 26649 14583 15242 4255 17940 20476 356 17410 20054 14191 21225 7815 10578 29224 30600 2149 32000 20237 26892 2889 5351 7537 7284 23152 13401 15658 32088 17033 32158 29810 1762 28932 14502 22374 31220 5428 23166 1313 26998 21876 17361 29394 16764 24428 10116 17947 23575 11817 26224 1823 8890 26407 12137 24380 30554 128 1138 25692 7821 16043 21123 5231 14700 7433 8798 1829 12599 6251 18255 27508 
28903 9005 1496 31917 29827 17181 22443 15086 11476 21123 2540 32644 10675 21287 16737 21207 18564 20765 7083 17871 4326 29053 4755 11526 4525 5523 20036 6372 2588 15414 22138 19011 14629 27993 31113 462 23321 23989 30437 32714 1761 21961 11018 7153 4064 5322 26847 23542 2485 13310 13874 31293 8535 17728 9818 8261 11673 12331 28395 280 26196 23204 30699 18189 1992 1390 30300 25872 19358 30323 18613 13449 29678 11964 19212 16458 4068 30071 23841 24466 24955 17310 14490 16735 30332 24491 11422 21395 1680 11586 22307 23692 18673 22640 16373 29759 24211 4498 9608 25055 4065 8759 12186 28538 16433 16491 31244 25756 24520 26623 22108 31615 24092 27150 25578 12587 23202 5871 11224 20758 10974 9728 23149 10242 2152 31678 4486 2030 584 25996 17023 20675 7915 19880 4032 23713 25111 28734 31463 11966 10587 8638 7109 5201 2914 165 5501 30864 6852 8352 26652 16055 6500 4112 28616 1757 16309 3614 19774 15639 10459 3954 2761 2876 28078 5665 32064 32097 12927 11425 27060 18852 19844 31390 32592 29596 14837 20499 646 7590 6159 11671 14257 27595 15229 15451 317 419 1439 7992 2937 1473 18316 12212 2671 7110 9150 10260 1807 15744 5731 1664 10087 11164 32580 9495 9393 32039 19203 2760 32736 26792 27657 8778 17136 23364 16111 4669 10037 10091 12865 30815 37 692 6474 10928 18414 31371 439 29161 31728 5476 13593 4545 14220 30166 568 27315 13194 11657 23834 6320 2655 14898 6780 3811 1916 3932 25418 2966 895 28513 10897 7520 2683 32603 26288 5388 9048 7374 4096 32244 12992 23071 31498 28681 14685 26107 17378 14213 1881 7285 22117 27997 29232 9413 8473 32401 14621 15899 28404 27807 20808 3904 25523 20754 26308 25621 21728 6020 569 16929 2658 8631 22414 20586 3761 28858 9200 27600 32306 16224 25392 25161 31546 32224 15070 18240 20166 12890 26101 7234 2347 18662 251 28575 7184 23493 18688 7966 2673 7208 27134 11144 12896 26677 21529 10047 27156 29352 4628 21907 7612 26781 2209 15950 8062 21146 5106 25804 13036 3763 19590 14868 8292 7994 13840 14424 28406 31905 4828 26203 29571 15968 29263 8180 26798 17039 9082 11524 27151 9373 15230 893 5535 15215 3036 15666 31175 1280 1934 24277 26338 29215 32508 8815 26994 2401 13564 12304 16064 22396 22189 23886 27120 29222 18564 24278 22643 16173 29180 17975 9724 12238 29202 24044 9706 29083 19541 17642 
15320 21995 10586 15286 25910 6598 15872 3286 13912 23738 18511 19785 3394 5988 2061 17761 26713 12747 18472 23703 28678 13004 24013 5957 20922 580 29961 235 19523 18733 20467 16418 21517 11189 10024 6141 6615 16319 3448 23918 22961 17887 242 31343 8721 12680 270 4634 26323 11069 5113 264 92 13683 4316 10821 30777 16547 20129 20831 14409 20212 27647 28515 4402 29613 30822 21547 28524 3907 32647 28990 3260 12711 2457 29244 3893 29083 22703 13276 30305 16493 16768 12714 31467 21955 14914 23953 18614 24669 76 25145 4333 5744 16525 23528 25984 6628 22529 24180 6197 24651 31538 21181 23409 19534 5033 12094 6180 5439 17222 24777 28351 19800 30567 17594 7094 26444 10309 2272 29524 29107 10288 25480 10618 29279 24199 5564 12986 12747 23184 7740 21911 7043 13504 32663 30478 25138 25852 2427 11618 15379 27696 18036 10322 20044 9406 20256 1780 3867 27253 17036 16329 18578 2785 16892 16490 3443 1481 19351 2657 31967 21417 2920 27368 1371 25809 29510 11732 17003 1710 20776 3733 26767 25029 18739 13159 27532 27787 12321 12248 1372 24009 16021 27583 10570 19160 27593 22747 31327 30689 16231 9993 21961 9025 27677 4087 3548 6940 3322 32267 2841 9486 27593 9972 3579 31492 11374 20930 26135 16146 587 31013 32664 17150 11015 22118 31972 30129 14895 17157 22470 9040 27732 24075 16369 27884 7293 18141 23119 3456 7957 6463 24020 12482 26243 26417 25401 31404 25826 5849 18221 4819 23654 17748 1513 17780 23991 17347 12145 921 20430 17281 11124 21007 29765 3720 14832 26910 29284 17590 18449 21913 26434 18373 31790 9324 18307 16953 7012 17530 27593 24142 6431 24551 14182 29338 15762 8518 1821 9784 96 20349 32700 30756 27014 32619 387 15826 8870 18264 8289 30207 6682 30300 16859 11741 37 2622 13009 19407 20152 27171 14513 30136 28851 31966 24386 24266 6162 26930 14621 31970 20514 29734 16974 30434 2242 1982 11681 3647 27942 28707 2624 24825 23260 29257 2393 9676 31277 3153 19046 31575 7204 30702 4162 13051 23647 31201 2115 23887 7296 30255 9871 20992 31241 16042 17235 25214 22373 4779 5464 17350 6416 11317 14433 23319 3321 21563 27215 24504 6764 19548 3016 30166 24233 18870 31767 23685 27821 26527 27645 9320 2546 21200 16282 26004 17804 25357 29360 9150 17258 9318 2122 16641 11674 17019 18923 29942 24780 27854 4368 15674 19308 12070 16126 2616 28275 11592 10283 
12701 25575 23385 17407 2950 29165 25748 16527 6633 10325 28028 13825 18135 28426 19860 6009 16521 12475 4793 30071 23159 26470 16464 608 30124 1343 26648 21763 30282 15201 30757 21560 3809 23300 8538 5810 23501 9065 6454 24655 17564 26253 13920 3658 9041 27097 29707 13088 9465 31749 10281 24466 8143 13348 7016 29928 25109 26068 5834 20052 16115 9302 28329 4004 9572 13518 9950 32381 148 15235 10806 3248 28166 10533 1782 1534 22596 5553 2851 6125 16118 10055 15387 24915 1801 26397 5999 26177 15027 29029 18130 1544 23921 15582 9018 18239 24273 29717 20167 15272 7869 18608 10364 11582 8556 7076 14750 5858 25604 6085 9363 1203 10572 28840 17317 30088 19638 863 18164 12050 26545 30539 7195 3051 10171 15785 23127 5589 24923 29259 618 26719 8718 3155 2059 23972 9608 12476 9068 19227 24587 26545 16993 14312 18330 31173 1477 16518 29374 11244 16017 26783 18979 11502 26265 12834 2876 10431 18612 15442 6099 31047 22792 31944 18536 6871 23924 1706 26408 5400 667 28192 23314 6372 5805 29235 31383 3657 4704 21565 689 4320 29999 5649 27450 23802 26535 4376 31247 27222 11267 880 4212 20095 23493 32657 31105 9366 27172 15494 7375 10446 19512 6911 31511 9621 14746 1860 16067 9164 19136 6763 7988 30002 32068 12307 18265 13856 2717 16934 9848 16969 30592 925 12356 18793 11974 9003 11612 2918 6315 22602 282 11985 28000 9247 4226 6077 31905 15400 16529 20147 13095 23468 7334 13428 22574 26509 26264 19167 16838 8483 54 10024 6002 19611 14246 10509 6717 16397 27776 28931 1668 11739 20608 1801 27912 12571 18725 14278 14543 1823 25638 32247 16209 1513 15078 3330 902 3178 9954 18019 17118 7607 11774 5175 10024 10274 31664 6886 2262 6572 11332 9512 23247 32149 21331 9700 29899 30928 25043 19229 27359 25381 15162 7719 2426 29438 10562 15103 24593 11439 10965 31315 12110 21902 28453 797 7807 26376 11614 13854 1766 32059 18346 5505 18388 15539 19472 16336 29188 32331 16362 31591 1095 11232 24152 13172 22827 30318 19596 28686 32313 23582 18925 20844 17851 12753 25782 13496 10290 29241 28285 30593 21840 16228 27423 4666 29877 17600 29807 16277 18338 2070 18530 13535 30751 10806 17852 15456 22097 8027 15614 14416 18557 32191 2461 29872 7061 14199 14320 21797 17840 16846 1474 7607 18793 31758 7895 30710 21543 270 25638 8262 23177 15074 16726 4739 15471 29572 
3796 12801 10138 25070 31696 7256 27091 30898 27581 24574 10308 10822 30192 5441 19722 5459 31446 26890 18980 6780 31974 17367 19873 12151 9865 14841 11203 28566 22275 1643 8232 10724 23269 465 26528 24735 13907 4310 31724 22436 6716 2719 25827 13437 20611 23779 10391 9756 16098 10000 6989 15085 19011 17078 22635 28474 34 31274 2904 5106 25730 2017 21420 5173 6289 13544 22553 31839 15453 290 23751 6545 2241 13733 22294 7573 16801 20591 17592 29761 6428 27403 22501 4759 26991 8736 7487 5010 2448 29311 16744 26393 5559 25574 21100 6967 2916 29260 23793 17890 2454 7152 8217 29750 28790 23097 26958 16570 1041 12116 5432 31157 25116 9752 21154 26735 9496 10411 5262 16234 16605 30978 19498 27685 29565 1643 16036 7402 3743 2325 17698 689 26368 19768 21880 8778 7133 10110 27624 4210 20047 7106 20315 32764 23491 2714 30614 32320 9565 8209 9917 29235 32036 21673 20754 23678 9261 14041 1043 4090 24017 11926 19768 8083 20974 16038 5007 30072 7233 1696 3635 31067 30599 20403 7081 27095 25461 22427 16080 27067 4918 19666 21516 2703 2947 2691 22949 6252 8556 17499 31656 13244 31682 28298 7397 27947 12709 3242 30396 2843 32249 18180 12973 23053 28105 14584 29139 9046 15901 16260 8345 6270 10156 28022 138 25585 6986 19064 23091 21254 2128 21099 29242 1467 25554 1414 20628 4428 4895 18208 9176 10231 22055 1582 21543 15690 20186 17208 19080 24709 9368 10659 31467 25422 25655 17278 9065 4091 20113 27056 14066 25796 18425 27824 4872 9666 1609 1409 4008 2913 21953 51 251 8665 17076 14242 29532 16412 10476 12026 27190 24977 6137 14856 27210 13194 30709 27312 25309 6326 17648 27610 17904 14344 15602 20197 3728 12059 1119 16231 27797 10416 5395 6745 27712 21243 22732 32572 21603 13179 3493 4292 7536 13589 31762 14684 4313 15969 24943 19273 23025 5508 23213 20253 6260 2266 14668 16508 31799 17058 23830 25855 5939 17308 21761 11336 25854 24787 4479 13630 30662 8186 13461 6306 6897 16529 6657 17906 6145 10840 24612 31621 16487 22679 18302 20075 10647 21359 13044 6561 21634 6839 11806 18938 6044 27307 11809 447 10693 11280 21078 22232 22545 21178 13409 19769 15613 27122 30193 20294 26444 16667 2482 25851 599 6921 11546 6398 17871 24054 6464 10239 20192 9665 12976 2105 7332 5171 28596 10905 24610 22442 16847 2756 23269 14860 29605 24389 7064 4293 
20497 27720 10457 2244 17018 22020 2173 4081 18154 7794 7544 5718 18678 14239 26161 12734 12870 10764 1364 30778 1047 21237 16780 16257 27388 1206 19641 27657 26360 16847 15997 5743 23357 18689 22379 7526 19684 555 12746 29496 19950 3171 31986 24833 29023 30288 3741 5006 13116 3929 18450 28376 8618 17419 12325 1171 3347 31593 17375 26951 7327 8903 6866 3809 21854 21015 17340 8587 30180 1306 19878 382 18881 12103 29818 10866 32348 27783 25179 8768 31833 24366 10310 31520 22387 22449 20256 29789 22229 24962 5887 30747 2789 18640 23547 1591 26000 11962 29889 9647 4964 32421 13610 21418 16611 25564 12316 15532 16271 11800 22046 29077 15157 1107 7320 8211 31312 20297 19562 853 217 26655 14240 15474 16541 3415 1536 32270 15984 6312 29670 9093 3861 26222 19938 15152 29100 27745 21544 4682 14797 595 11447 32762 11850 14002 22752 32114 28071 2225 9093 30018 23618 31557 17910 30566 1631 28727 29590 224 7202 32504 27125 4008 17275 19691 14313 10239 30962 897 27566 20963 20352 25075 443 4601 12929 9193 21129 12978 4844 4514 11585 26513 1015 25186 26761 32186 26480 29545 25387 23959 31576 7126 6181 20126 31182 25495 3166 22576 13270 11815 30845 20057 4619 17106 16223 22299 5775 25206 29775 29703 21322 2813 5994 3883 7267 25023 27181 30720 24107 30717 22069 32108 17723 2913 5344 12162 5577 6722 26383 11471 1206 15424 31615 16540 16091 1509 13534 16179 28500 17413 28406 27091 9698 18392 6587 12601 4952 439 23516 7428 13927 865 23715 15230 19245 10470 1932 24846 32126 761 9037 31089 15147 5073 13139 10350 9860 21869 4970 13192 22329 7030 22733 22902 3203 93 23757 22469 13324 28719 30023 8500 10365 29968 14333 15755 23375 15139 30176 8299 9412 21461 4260 31701 12064 7283 27998 16719 15832 28887 17484 11555 16326 9649 13309 13895 32044 18057 17005 2432 17764 3648 10887 30461 10998 16477 9115 25610 21775 21364 10775 1156 23313 6913 32683 5203 7104 5708 2459 15539 1150 27959 9837 11432 4903 14519 22166 3876 29598 29432 3618 28723 22980 14224 7607 271 12247 27776 20900 9661 11410 19303 16028 1514 30192 18929 8714 21813 14241 10301 15216 31534 7306 5143 8950 12738 14676 12420 30829 26748 10125 16374 13259 26133 17845 7534 27192 5052 29074 31737 5143 27054 19103 9984 8346 7537 12166 25618 5457 29653 17932 26555 22276 18426 22472 4414 26959 23503 
3463 27120 16319 31220 14950 29748 13700 25997 26259 15181 29233 17933 5769 3004 8055 5438 4701 5970 5568 15883 7849 16095 9331 17512 3013 16200 26625 15338 6793 20490 24197 2709 22817 13857 29906 6805 18674 22013 27727 29492 18060 7453 10606 2460 27895 31030 28483 4607 24112 1034 17131 21201 32440 8062 13246 4255 14896 24300 16185 29895 24468 12413 7025 1720 30037 13659 20881 6442 29685 14722 19028 19499 29585 19780 2429 8864 8993 2830 7564 30381 31176 16612 11962 16294 16682 31531 14666 27809 4981 25903 15102 17683 25188 482 27567 16443 25446 16859 23629 6172 11550 28491 9583 19448 28859 776 3427 18694 22421 23255 29663 26233 32270 15607 17512 17985 28532 26054 28059 17157 12199 2738 31039 24709 13620 7474 31872 28783 26406 14270 3215 19380 25749 9629 9852 27696 17420 22129 24580 28730 14827 13083 9136 10282 24060 7604 8280 20182 28765 18622 32255 16822 12533 19420 16682 26867 11151 5126 12687 31051 13918 21425 7705 10089 14626 1007 22973 6893 11976 16591 17235 5602 20966 29178 19938 21695 25795 8694 12186 11248 27830 31881 11426 3026 31111 14524 2773 23818 1225 20582 17047 12422 891 5804 16139 20078 20533 8832 15809 21822 25393 18765 8529 4204 6176 13493 4533 17029 2049 25664 23330 4562 13795 31921 30120 15949 8368 20165 2894 23549 20905 23965 26089 26350 19510 27230 31681 1951 6880 11516 16158 7689 22336 31490 29572 1547 23031 31153 18239 25157 22233 16227 2840 7154 7935 18351 3182 24885 8129 14357 7270 20483 22391 4138 29204 12562 31914 22897 15234 28282 27280 23984 27923 6550 3613 21263 19222 29129 13585 15981 21404 3099 3250 10649 798 14828 22685 27873 24055 20444 31195 18215 528 19634 3148 25014 29704 10670 3648 7644 14127 21291 4154 32506 20489 1118 30992 10818 25824 19075 9361 3939 8646 27647 2170 4486 25553 11673 19685 18983 12283 23402 27918 24781 24924 12736 1008 21944 14126 25728 5415 8415 10549 10308 16688 30732 27864 23634 15809 22466 20694 25767 9559 20336 24730 22582 13902 6693 20786 3478 28943 10114 10342 4312 20342 17561 22501 5431 5312 1966 7132 13887 27049 25795 236 31631 20717 1344 6566 2486 24321 30750 24259 7270 12187 15645 4901 31739 16866 30396 18711 18890 6208 32605 27041 879 3799 5517 19543 19101 2589 3852 3236 15961 8715 11799 18358 10772 7950 4380 9703 1756 3838 5848 118 15699 11171 8979 5618 32378 
31522 18037 8599 5965 18377 26197 15313 12869 15724 20956 32664 6876 16932 1125 7638 25009 31661 13425 10853 17623 30522 17243 3367 24706 11266 6640 30506 12047 32289 10615 22761 29214 13380 17885 21136 28531 31067 20093 16276 15383 1977 2613 10628 22790 25711 20913 25078 25377 18948 4901 7442 3135 27231 18506 31863 9584 26834 26452 14423 13626 8955 28077 8512 11809 17556 25657 6865 10537 10163 25699 2098 31681 8358 18014 21002 24792 10334 17166 14791 4836 32292 25732 28150 13746 17302 30390 23752 27934 13437 20873 2925 19823 30564 13420 27039 12037 12103 22055 20001 31669 24360 26136 20785 1427 25469 18850 19498 14095 11039 12416 619 32475 16570 21183 26508 29458 4063 21883 20819 21171 15461 3998 13227 14400 13417 9096 9527 10802 20574 17487 7457 3487 23927 22761 12644 17106 2910 16358 19683 8651 6533 27008 23455 18688 15669 31479 29446 32717 3305 15284 18655 9933 32536 27171 6088 30663 10584 17276 11014 23762 13260 23413 14989 19806 8872 5095 2846 1136 7216 32243 13018 4812 4069 7621 17894 32213 13961 5993 17077 20705 31161 17387 18627 19105 15269 6602 32112 29063 807 16582 25185 2243 10879 13902 11289 292 26877 25349 2986 1653 8349 7097 20732 168 11660 28350 28434 15327 5877 18714 1690 13214 18209 30200 2397 26075 4592 19971 14286 13656 2991 20330 15425 20358 18166 13057 28149 23989 29052 2552 22215 12146 22551 14181 8631 7691 2198 32123 11322 17819 8230 12165 807 8671 31373 17702 31919 7120 13561 8786 22644 17814 20861 4291 27623 5627 12018 29115 6042 11154 3077 28993 9487 3393 19043 2923 16886 14218 13965 6630 2631 4241 23666 8236 1718 9886 27193 4799 28805 6866 31651 23759 15136 15469 1821 31654 1472 32258 2241 21286 2381 29391 9473 18083 13352 4495 25019 31536 1217 31538 32298 17144 15693 19172 17959 19614 12005 17309 11347 24962 28658 30437 28264 23364 10644 24451 15704 5124 25981 11852 13417 16830 16005 11261 28329 8425 18691 11021 16040 32565 20119 338 6538 2925 20392 30597 9071 20079 27123 24966 4326 647 15420 2822 18384 3601 25001 27712 18388 14297 2924 10021 30215 10672 20759 27267 24403 31708 27479 10825 21850 6415 26665 30437 29348 23318 21468 30070 28852 4814 11442 14462 24422 12777 30260 1744 24949 32223 7889 17926 6264 4480 19679 22056 18849 15258 19870 32416 26182 31003 32310 25996 27551 9471 26000 5421 19617 8614 16405 3986 
5556 24928 19159 24440 2967 9817 17076 399 17371 25048 3161 12078 6414 1469 7732 20382 22446 25760 6841 26750 28394 456 15807 15912 1816 24956 19846 31780 5317 989 9144 6744 10095 10714 22410 18130 32497 28598 15666 4647 14941 24560 9070 4667 29373 4861 22265 21033 26720 26825 26443 17012 1415 10331 11556 16073 7399 27437 26742 6534 8673 16018 18621 15506 2978 10823 967 8781 31320 13190 12451 32520 5415 17003 30276 28942 12639 22049 5941 11597 19885 13218 22860 31124 25009 11330 16614 18003 21231 32645 32473 19779 7517 15454 21782 25314 16540 14544 8048 13880 11352 4677 26610 23541 17471 2025 9704 12940 20692 7152 1690 22124 18994 17891 15208 5450 22299 23095 17622 161 21109 32230 19556 26038 7526 26335 16629 3577 26595 21808 25699 14189 28701 19804 14241 8608 29676 16808 32119 3494 18007 29201 30666 6990 23325 19787 13361 103 13641 3931 17387 19933 21626 3251 31712 22867 859 19311 13596 3308 23916 14529 28002 875 26000 21505 8428 2573 8293 18753 25251 11432 13084 10631 3963 974 16879 16830 19350 18434 7594 7955 14297 12710 23621 19541 4128 14892 16042 5811 8154 9340 7139 23730 20893 460 21159 116 14181 2607 28953 26255 22319 30980 26552 15570 32429 20871 10518 8247 18258 8033 7014 5414 8103 27668 21033 4519 23144 18728 19776 24020 14048 4915 1282 27599 1551 18572 15564 29664 29030 8093 7078 17194 11729 5548 21124 7234 25326 3229 14458 7626 6207 29848 32634 19006 3850 25793 21689 29599 28769 6178 9291 24280 9074 1854 19863 25895 4028 10447 10048 29488 3784 22967 31111 591 13907 7028 7035 2681 13347 12795 23594 17019 15332 3606 1741 1695 29666 23827 22927 2031 26838 6780 19381 27246 6222 17099 5485 21820 12515 411 12927 20849 25726 5110 23722 14025 3607 19532 26677 18912 10800 5520 6341 32596 7218 15349 27755 10996 4879 27487 2943 27912 7260 23490 15026 12446 30271 15768 26556 6460 852 11062 2253 639 496 22294 15474 10670 7877 30903 29908 8656 8473 16 28331 21548 10445 28511 8661 27159 1571 5692 5195 32341 3025 1774 13247 1745 31074 2309 22354 31318 27568 18800 21465 18790 30620 30787 18129 16544 22189 23313 13733 12466 307 7923 8314 868 17639 28837 22619 32341 27497 19848 26465 30353 25588 24179 2195 30268 5331 9779 14611 25228 21256 6815 20577 4408 28349 15526 31368 25074 22517 6334 30975 7040 24300 3964 
23698 7457 5287 8496 29172 2108 27883 24586 162 26636 5593 28459 26352 24662 25559 7401 14913 15119 11579 29268 6692 5742 23151 14949 738 22988 25994 890 30212 20986 18108 12304 16800 20195 20600 23550 30783 25419 13923 30553 32047 11019 19651 17459 4830 3450 15918 26512 11165 29498 15276 4543 24996 6766 29383 3244 30623 15594 14513 24928 15470 27993 23077 23675 22918 8731 21834 27069 9436 28884 3249 21895 14065 14936 31371 852 16481 1984 8472 6408 4317 15052 17148 11426 6151 31681 30641 5131 26233 30490 17882 10257 23600 28714 23098 17767 9713 23685 4727 30112 21754 25355 28725 9684 13981 7143 11080 24932 19315 2950 11425 14842 17436 3897 7756 27741 27170 15009 13436 17220 12790 17232 16980 5719 2836 22075 23025 23961 12051 16165 28832 4572 1333 339 18796 29865 28500 6686 17894 16484 31397 12702 367 4698 29262 9868 26238 12505 10490 22177 17291 31215 4052 27374 11214 5253 32152 17730 31737 22916 23747 6934 5250 10923 28718 15277 12101 10433 7183 660 29908 28584 22316 17696 1735 2472 3020 26131 455 30894 10307 13847 14113 17937 3149 26940 23818 2560 5005 12816 7335 26870 21740 23830 7825 10973 23701 17455 31389 15894 26895 11548 26779 836 6016 29562 24860 27125 29198 1067 3803 23997 16004 28961 12319 29267 29844 16059 20920 4345 14239 18267 19057 25189 22682 25217 25098 13575 22437 1778 18001 9915 20932 5770 22483 30553 3147 2562 10777 22608 13863 32379 26490 1754 14965 701 325 17017 7582 9101 1917 20174 4921 8459 21334 31935 29676 28538 1692 29137 1980 1973 20888 17042 24678 14105 1777 538 17968 15767 186 13498 22625 16181 18432 22055 6284 17012 19215 9499 25593 11185 3068 29119 21096 22146 11436 20694 31798 18390 22178 21351 8156 30622 164 16077 25394 2994 30837 7369 23902 7044 7186 12037 1132 12570 16074 12821 6247 21044 16429 26335 1627 8044 14097 31459 13059 31142 27262 26125 23685 27669 4250 23583 31257 8066 19556 26308 26711 17382 7269 30322 10468 811 18443 30508 13943 22818 20282 5245 15399 23733 17533 16621 220 21274 19482 8274 4702 30817 21796 31413 29568 7379 31217 5455 18835 24925 29957 22502 28878 31218 29058 26508 10078 22839 17001 3512 10376 4762 18006 20473 30334 17805 24305 25775 5224 15311 14983 4271 4428 16003 30871 16084 25365 6407 28941 26485 11800 22299 2580 29784 20731 12458 2580 25869 3785 15437 135 21510 
29119 21507 15985 3869 23027 10021 17483 24162 25425 1798 10084 28910 29023 28212 24719 20826 22317 32558 15678 27533 21782 7769 20547 27119 20047 20834 23236 12010 4627 29820 32533 2086 24659 8430 17512 28185 5641 19134 16599 6550 24928 4986 5948 26027 20848 21426 29708 28322 2400 10072 21700 24872 31486 8956 4199 9235 5423 13021 29387 14232 23787 26082 11470 8057 14070 4988 4631 8392 5891 17440 31621 30600 5535 18321 32509 21898 14488 17383 15637 10448 27058 32355 8538 23203 28076 12048 14505 6030 26901 17953 24859 18856 227 873 30736 8852 7562 5393 18557 3257 5531 12894 1477 15424 2063 20440 26258 13516 16387 24918 8632 13346 5730 29830 27659 29371 21376 16744 12317 906 12717 24495 29150 9174 10733 12119 26904 21681 4443 11979 11998 1128 11225 20525 2719 25577 29366 13352 15610 19212 3990 8287 15957 5442 27143 18323 29787 27942 1820 5030 552 7194 18913 5533 13588 11637 26564 24877 15165 12083 27151 24801 11965 19701 9736 12608 19220 29823 13511 7793 8473 31102 28707 25700 19315 824 22990 7549 30740 15036 26126 13886 21282 15306 5281 11282 6596 18057 31009 23261 32472 8374 21758 9944 3329 5400 16714 31461 344 21572 27307 5062 16452 29841 26084 16249 2137 29068 26891 271 20423 31332 11341 4943 5679 7634 15516 6611 26894 5 29786 17343 28600 6485 2144 19049 16932 5723 8619 24920 19473 17444 14173 1875 18368 5394 28653 14750 9634 5376 23728 24766 13138 25143 3969 27682 4817 16593 13469 25499 13717 16804 15823 555 29606 18823 1849 10603 26611 8347 15882 24040 20727 2695 16409 6297 3296 32664 29857 29450 2391 6568 24071 15766 18516 31094 21064 6643 21721 23661 1018 11990 1650 17163 15302 17383 4243 17694 20719 22243 27130 14001 11150 31800 21541 8278 1942 29308 29771 28058 7984 26986 28791 9849 18424 9741 11297 1388 26763 5663 16650 30645 18041 12530 15215 9567 27207 32568 12860 8788 2350 16558 24627 20565 1929 17279 16547 22326 22707 31702 5658 25500 31571 21221 22666 28149 10530 22553 15464 8028 7359 25369 7897 30639 10297 80 6064 14904 1193 9142 18894 20205 3730 19439 15882 32393 15263 7701 19229 18986 161 30115 28784 21939 30052 5094 15093 13208 13432 13673 22452 6798 24736 31817 23714 16552 14874 12961 28364 7543 889 23499 6493 29863 31910 32380 23092 26997 13427 5215 11650 10127 1321 26699 28473 12812 4288 8110 17757 5718 
12668 11642 27293 1890 32543 22342 4300 20626 14055 12321 7247 17748 30331 20559 24993 29280 22666 15445 1666 12165 7586 14040 4835 3647 17927 18870 13522 29273 32085 283 6123 12371 17646 29165 12414 29343 19038 23071 30974 19721 7025 527 18878 11775 23247 16896 13746 4988 15425 28980 21940 11503 16402 7574 14683 235 22318 8490 20953 9981 27179 9422 1364 32180 25997 28583 15503 11702 21403 13552 5489 24480 8560 29109 4008 16327 18045 12991 29669 28533 29596 24297 30779 12740 7102 32315 20701 32622 13952 29180 24985 32237 3329 3250 21853 6407 16385 17560 32418 22480 31971 25429 10976 32646 13375 21569 30336 17177 12985 32498 21350 20996 32514 5117 17173 11590 6330 26570 22171 17390 3167 11298 15648 12723 32394 29206 723 10924 21447 12936 239 32033 17242 4962 24659 2876 13318 4133 805 16489 32766 21157 24098 10642 24245 7655 135 5313 32492 14653 23236 23988 31623 27122 29711 16544 16737 7013 6006 451 679 16464 27939 16485 1285 3965 2786 14366 16244 974 1530 29499 28805 32565 2379 10379 14888 4090 15978 21359 12091 20906 9421 31370 5591 21821 14185 19099 26291 6546 32325 1525 6018 28872 3385 12520 24413 10498 28324 5214 15632 18233 3731 4179 14092 21309 8664 25215 7840 15298 4911 11584 729 2567 20978 27451 14102 20141 3037 16013 22061 20752 3086 19139 14988 18459 21422 18398 604 12058 20662 19445 22097 25829 3991 14896 31971 20770 15338 25404 67 21294 3668 25456 32145 23745 16470 27359 31313 21055 16057 32475 26747 25426 31294 9988 20147 22054 24086 25501 26830 27847 23919 7283 28195 25968 31017 25841 23667 10722 12788 1414 26642 2669 9518 6254 12730 8904 29918 17077 9664 29480 13894 1459 18077 21958 8555 10295 24483 672 10319 16343 13693 6253 29776 227 30267 18893 30170 24233 8532 31644 6012 28638 6580 13793 20552 22815 16592 18694 29675 3865 27138 5692 9891 16192 26686 13738 31203 6351 21197 13589 5465 25064 16596 3958 24282 19156 9963 11503 20367 20732 30777 26083 10812 29476 8771 429 28811 11579 1435 16840 6959 31122 3950 1078 16577 1472 22339 22532 22156 21872 18116 27806 30126 6108 30659 14474 18467 11190 8042 26980 8858 24949 24198 20200 3280 13447 30335 17793 11716 25772 12865 15013 26353 2804 6313 18245 30015 23422 7927 5113 32442 24640 32524 22630 30077 15729 9187 7501 11502 5994 21180 15812 9979 28984 31476 15130 18209 23683 
274 5564 21916 17027 11927 9491 9977 7194 11274 37 4826 11123 8601 27682 4603 25597 10613 20210 27387 10838 22910 28756 25576 2944 28315 20369 9280 16190 11277 31497 19503 14890 28614 22295 30667 19687 31686 29947 2651 4346 12961 8270 22785 18687 30689 31804 11188 20001 26146 29114 11438 22333 26203 21335 8449 16300 10442 332 7970 16914 21175 19982 24824 22134 6620 28545 27789 24380 577 19544 24586 15125 20207 19897 17077 7139 6315 17731 13620 7208 5493 31245 26112 29758 3391 24964 8289 11631 13414 11350 24919 9216 6827 19169 27317 4458 10584 26579 6591 30261 16332 14498 19985 11376 2835 19348 18208 35 21661 25685 3842 16283 4134 12131 19000 7007 29461 1258 15629 5719 16668 31279 326 20629 11621 10769 3399 14740 1875 24120 4264 21641 24748 18557 12541 22233 10671 11678 13352 18668 22948 27866 28449 20339 28976 29637 28375 32187 20280 16371 2794 18258 16792 8850 17016 12599 11920 26911 5570 16111 5364 181 28487 17577 620 12054 27698 21925 24569 6487 24670 7942 19817 4485 9160 3127 5321 4893 31730 358 27613 5925 15462 31322 30110 23632 9102 12740 24367 24576 32712 22253 18298 3837 17794 21505 12480 171 4760 15685 10531 28626 997 7048 7837 7045 19251 30185 28033 25956 27452 10512 11340 14045 14566 11113 22545 18817 15888 22875 8805 8201 14286 3205 10665 11753 5730 356 12109 17856 25032 27963 14667 17731 27031 23061 2095 6341 19865 20367 18487 15238 16882 19588 4261 18243 2245 13050 29843 3362 26136 5988 27809 32072 25184 2941 48 12619 14537 5021 288 29819 16360 31204 5883 25480 11496 3012 24621 27546 19065 6924 32541 27535 5794 461 17393 26008 15246 22211 15394 1959 29430 30870 20507 31740 15196 25050 23791 12097 12488 31124 20040 30649 1906 1905 14740 28003 18678 31384 28262 13508 31900 16137 15760 10300 3709 8650 18457 5584 13025 9454 8172 2563 24576 21986 27027 18783 5363 7278 18182 4550 9276 9296 28254 21927 7564 16992 3744 22913 21198 8118 27805 12010 25057 26982 25839 23521 27618 27477 19247 23351 28077 32299 6318 22927 30401 3833 7778 28053 20408 4606 21788 27891 7707 16109 28282 19200 7928 18156 5714 2509 16028 20506 6272 8790 21215 21070 5285 13394 6983 10357 12485 7526 23842 18675 31591 24806 18397 28256 13660 15136 17560 4772 26663 8371 18749 12538 15169 26528 643 26052 31892 26896 24562 11361 5123 18309 24140 11412 
1504 18749 28530 5395 18455 3030 10614 19645 10288 28613 29018 4368 28544 590 8079 4349 2450 21997 24326 17022 18203 11020 10566 17648 24884 3611 15412 7577 11635 14070 17228 22421 28991 16567 28350 25262 31410 9927 16610 18649 1382 30119 3088 11764 10794 23590 27603 19314 236 10568 14179 21104 1328 11150 1255 13190 25233 26422 21313 29804 13256 4718 1524 17402 870 11186 6244 2166 23116 12141 8342 9624 7500 3176 30627 12364 4417 17346 16939 11327 923 26390 29638 5329 29166 748 26322 16410 27287 22054 4840 4831 13453 23712 26005 30085 15843 14955 28422 20238 1098 15195 3024 29414 30118 45 21429 4198 8950 17032 22265 2288 20609 3329 15537 14785 16984 28394 8855 12144 25488 13276 15771 20271 14168 22195 24511 16460 17957 14587 29447 6344 8139 8141 7563 17044 23599 9540 20271 28427 2882 1795 9382 13959 21562 20981 30340 13565 5433 19995 7190 20982 2542 21028 7786 24514 21026 26568 3200 6545 23913 8895 21490 4320 17342 10620 13267 3340 22609 2904 22300 32677 1361 2091 21347 29910 23475 31500 13556 26712 1744 7234 31839 31926 7152 15487 27196 31224 6256 11136 8573 4633 11025 31441 3366 12609 26215 25034 21152 21607 22506 11455 31642 5452 25470 24554 10783 3324 27839 31433 7912 28675 17925 9146 8762 25924 15238 6926 26906 30134 26232 17836 14577 962 26632 16380 19712 29693 1218 28470 19482 9286 18412 15479 22897 8784 30755 11106 10712 11620 8728 16500 24691 6694 25064 22653 22732 22463 784 25839 24038 17578 7 24088 7401 23273 13348 9157 20373 23666 25600 6038 12273 22995 8576 25717 27520 9510 9520 3587 24736 20019 18129 2108 6046 32357 31689 20170 7453 10628 15088 18757 25763 3550 15743 31438 14819 31850 23976 4945 4961 15448 9954 31484 8136 17596 23967 17669 6537 19031 8895 4911 24414 30839 22210 9098 18730 14440 6473 23627 13774 7728 21751 15078 12182 16424 18026 7139 29746 10664 16878 10061 27858 18469 30138 14480 14828 3257 29428 23076 13507 27163 27314 8808 28481 11994 8823 11688 1567 19807 6104 31980 17784 8671 18800 30313 14059 21806 20114 8944 30903 27716 20746 28129 31899 24095 7213 19635 20377 4289 30918 11183 6444 31065 8934 21473 5164 2154 8745 27537 8274 21765 12343 7843 32528 7559 23020 1735 31896 17249 7500 2281 17349 15584 4300 31395 21913 18737 14002 3117 1600 26237 27339 9422 28420 5750 31554 1470 12686 29530 
2613 4646 14202 15778 17538 3242 9121 11487 6623 25763 20233 2362 3630 18145 23163 25297 17825 5703 7160 12628 6817 22387 26550 18297 26741 19031 19874 23322 1219 5660 11790 3457 20235 29033 19469 10763 20652 27263 22701 15254 260 26368 23067 1206 23464 11240 20053 28125 13575 32118 20371 1786 381 6053 23617 25211 12853 30912 31055 15676 12381 23058 25734 13318 9280 14283 13609 319 1262 9451 23067 25833 9750 12266 19665 21269 30162 603 17681 4074 27592 21344 27691 16037 14358 29296 21442 28917 27820 8205 20967 31801 15250 24951 19281 5220 2777 3746 25901 24936 5900 22521 9875 32294 16283 5384 18366 20265 25965 19479 27144 12007 20876 28458 17128 4608 19310 21608 16844 10323 11609 6029 27312 28073 16238 11434 23739 7776 7033 31543 29869 31303 6464 1037 5666 25700 28683 20034 17053 7888 24061 31679 24959 30996 7251 8234 32052 3309 32054 32683 16362 15724 241 7374 682 6426 9430 7610 18450 12400 15976 11239 984 27867 2446 18404 23218 11862 31082 9842 25348 11446 24766 9435 27615 29043 29893 30415 1238 5742 10531 15907 12044 16273 4519 29941 12032 16447 1841 17727 14721 25838 3494 5541 25749 7504 23127 24419 23106 6048 9992 9068 18973 32298 15030 5888 1024 12764 9982 8759 10050 21816 14533 2603 9568 17613 12551 16614 15800 28998 5995 29138 6496 17962 7151 10101 6705 12988 2031 22181 27713 16884 12294 25851 20197 15034 25238 27767 3047 21909 32763 27838 30442 3518 32250 24617 1073 24303 15207 28442 13506 3178 8717 14382 19169 9373 214 1393 17948 9629 11961 10653 1492 17655 22684 31622 32475 10427 27672 13030 28404 19779 7736 11745 1389 18014 347 13251 4145 11985 31358 10909 18888 16970 14062 9160 2267 23749 13481 23512 20884 7054 29158 4344 13800 14942 27438 4197 12672 14229 2453 17916 28644 3302 6818 14084 30986 20919 27215 6190 20684 224 32447 22909 17770 21860 30475 2021 19665 8027 31638 25419 29429 32562 16618 18660 32572 26121 8260 20163 7020 7796 19765 16329 27969 7681 15291 23447 9792 21604 4213 14275 7895 2120 28333 5809 27656 27071 20152 16023 32527 25005 31490 18938 3685 32251 1233 3507 19374 10235 1100 16593 27759 8021 28095 22019 8321 22877 23172 19461 17840 24962 32601 29184 19333 15797 6222 21202 8106 31778 27859 13848 10079 6601 24682 2299 11743 7592 18771 31298 2551 30067 8919 17053 29147 25032 16059 18785 3271 12007 
16534 22414 16788 17429 19137 11195 310 13371 13444 23528 8044 604 26533 11075 20795 17976 11652 9855 14220 10391 24309 19469 9741 7694 7993 30430 30912 10736 17659 24885 28790 12697 3433 7212 2733 350 16133 24423 20278 28530 32076 23143 29758 28287 16963 8999 20512 14373 4426 9697 1285 18072 6976 2925 12133 19493 18309 18618 26124 10466 15305 11467 15505 1666 9245 24874 16017 29978 31190 8995 4054 22513 13261 17926 8251 17258 26533 5152 29313 7101 20042 2148 26361 20072 16070 30941 11887 19470 10051 9654 19538 1064 7861 1340 5178 27888 7491 17773 25945 11420 23893 28206 5143 25831 23768 31954 16165 6101 5463 26554 1584 21974 5354 28763 20410 30546 19420 17974 5161 5196 26925 30448 32134 15050 7391 12017 15028 10040 1198 27000 6721 4268 30585 29923 13414 24332 18552 28769 16443 1930 19430 14605 6093 31115 32066 6904 32283 6123 30 17516 3624 11701 11938 16060 26298 6138 10474 179 2628 1961 16373 2534 29997 21118 18200 6745 230 18291 15877 14452 6143 3127 21327 29586 12126 7619 10018 12286 7398 3319 9812 30998 26245 31659 19588 7085 4330 13429 27640 10622 13074 29592 4416 11772 24192 9804 7647 29283 8999 20936 30165 20535 19634 26373 7232 13841 13743 16302 3491 14705 31079 13971 15853 29966 28948 14016 14274 31325 13379 24005 1947 14807 31092 6188 6228 15977 3374 1679 28886 9376 11570 3558 4853 27450 21197 25599 832 16333 24290 27476 11532 3381 9266 12594 5695 22661 4716 24818 20393 12838 23593 15552 22655 8172 25566 19004 7861 15564 30994 22120 2365 20272 18632 3158 27208 1274 12717 7388 2476 32142 10935 24859 23355 26216 14895 18548 2492 14399 14885 20826 21585 10662 7922 8197 16252 7139 11149 25869 1815 403 30535 18852 19445 9924 23657 15021 1619 15563 1403 29851 21455 2741 6087 27069 22014 2103 4298 14514 25050 26209 23867 31123 17501 21559 24227 5859 31029 11614 22872 31972 18243 14578 4218 12727 3710 23994 15063 18936 12946 19140 19511 17952 4406 513 6821 26881 13925 25428 25116 27930 4198 11767 32054 7304 17293 22381 19807 20672 13780 2338 30536 18364 14169 32037 16905 31908 26767 6558 26152 8879 8881 4069 30242 25912 25340 21429 10213 4145 506 381 29042 22733 25354 9555 30956 27975 27006 30195 32251 7073 18456 17606 29618 266 10650 27650 30234 23281 24012 6964 32375 23022 2278 10902 18090 17860 7858 11859 9743 27829 
16760 26443 26676 19152 17088 28304 308 5635 25257 2525 5933 9615 3012 19224 3041 9596 18391 19741 1487 22684 8779 13168 14535 1343 15211 10305 17559 31673 11963 337 32699 7993 208 21777 14627 28424 29866 22199 4443 10597 19226 5166 12684 1123 16358 1144 2266 24531 2814 1282 14458 10035 21692 22816 3466 26350 30268 190 12524 18742 13738 26826 21186 26086 26657 16125 8496 19138 24149 16511 23382 19051 14930 11572 30739 29891 16471 14776 3876 22634 12043 7154 8507 6592 21523 187 25693 16046 31984 15290 25374 3115 16744 13986 20347 124 25536 24612 21198 27060 20498 13819 8939 23479 3383 30120 30825 32138 30077 28440 10469 22898 32564 17194 12969 22785 4015 5545 31629 31670 24310 18889 23178 18329 26214 31518 31256 32079 24684 8765 30934 8533 12068 28826 4963 24259 12365 13952 8791 23865 32315 7378 23251 28653 25748 7725 8704 26776 20881 26871 24288 1168 4158 26001 14306 13591 26412 14415 23635 13050 8182 25231 23077 17244 15937 23151 11764 2179 19436 15134 16327 14867 11120 22641 11516 15507 14003 22460 31534 14372 18092 26860 14230 20347 32269 20087 27156 30184 11784 27278 11392 5953 13829 7908 30224 15745 16817 23473 14941 4002 29056 27528 5838 27500 14711 11625 16050 20157 7904 10962 11638 30937 8100 19811 18019 28262 32112 7175 15552 14812 9289 27227 24262 17254 17299 10330 18986 13340 52 5213 9689 1728 24178 17349 10461 20973 3226 2944 27982 15196 1508 25869 10844 7077 27547 6767 14006 5741 15500 29575 10149 5831 24396 5479 8560 22296 19180 2361 3854 15310 4720 21864 24840 18439 13292 23379 31415 2393 25730 6627 28712 7593 32666 29269 24524 6313 9060 11030 22646 25861 9563 26005 7614 1879 5097 23035 8265 481 5043 23951 1248 26614 18572 32751 19532 19413 32499 29146 12350 7500 10758 28897 15539 21507 561 9616 28063 26249 27888 4816 283 17398 30975 14506 16974 21860 24287 20372 560 30577 23751 23399 20918 25836 27431 8029 16621 25803 23245 4554 12028 5310 10568 15789 526 9467 17562 26155 2928 2553 25929 18544 5769 17956 519 26594 12164 18779 12121 26033 8740 32187 7075 19898 6268 9945 30688 30733 17699 1096 28527 31084 17907 22859 14830 12787 22407 1431 9982 17225 2174 23703 25676 8214 17480 30781 9938 18540 29980 22018 3800 22295 14433 22189 18493 10704 16723 18108 30704 11207 28668 21371 31059 24068 11235 7131 21644 27507 16958 25245 
11490 5961 24829 6502 13831 1276 15655 11436 12223 25148 10602 16333 16558 31312 31291 7016 25381 12739 28775 27279 21964 26533 26419 8164 9508 18664 13513 20411 9247 10759 13237 8521 5938 20446 14566 3272 8720 3573 29839 4260 14288 4890 17001 31323 7345 18594 5573 29713 18474 1001 3611 17628 16168 19314 11941 27485 13435 13854 24623 19322 27864 14173 9196 8421 29043 2489 4480 26674 13613 16497 22190 2584 27120 26610 8749 16566 15699 8105 24101 24776 5125 19863 10678 24834 27772 21851 2728 8495 15403 31888 16016 20392 25285 5584 15707 24296 19009 5962 11888 29796 6727 23512 31141 19378 15005 12267 11478 2009 23034 29128 30167 32086 6399 10472 11210 11982 18336 6596 16244 27776 6788 7889 10693 3944 1779 13236 28016 18124 3661 14369 3755 12591 14505 8612 17113 13860 17692 21725 14459 2512 23106 47 4023 12915 24009 12521 27386 7520 24799 29657 11284 26108 10857 2912 6073 3768 30304 30631 13537 19285 11624 6296 13928 28919 16729 12569 20735 14783 188 25537 6988 16885 31750 18167 10744 5494 28604 13600 22551 28897 31213 5251 2498 15480 29104 6819 11575 13976 13098 16994 32375 29169 29805 30010 1228 31407 490 14607 5957 3672 17264 31839 29048 9853 32375 31045 28010 19181 26378 14440 18812 16261 14110 5130 2801 28074 8427 12162 11052 4523 8970 23053 1565 9661 9488 23962 28379 14716 8634 18814 13130 14277 25562 7259 23797 32571 9706 4193 15324 3971 8433 31344 11202 27125 11493 15217 24499 25749 24389 31977 30608 14086 7591 4706 643 30155 14720 3774 19623 5248 17764 32147 25684 14927 30855 32570 18731 20789 13729 32278 15935 26079 30705 13022 32278 13695 18053 29926 7722 26732 32344 8727 26157 27650 21509 18100 18799 26636 4799 26130 7455 12826 22895 9594 15960 6047 17903 23789 15389 15058 20555 29903 17303 22718 23619 10113 23544 18891 16480 11181 1287 12636 6126 30775 8816 25041 20046 25159 10752 27383 8538 3095 11041 4358 7705 14294 8571 12699 15698 18131 3106 20563 8152 4065 3679 27293 23057 21705 24012 22743 5574 28529 18895 23071 25566 18931 32521 29849 15461 26039 18359 20799 26500 15629 26442 17491 27879 17335 25954 28990 2548 26769 16050 3293 16893 11490 10943 2375 16542 3770 19314 17747 26667 22049 7876 4452 22561 30179 21882 10439 12417 22299 5365 8814 1584 5474 5443 23281 30291 25074 21307 17378 4836 16168 9282 1301 2655 14254 20210 11114 
15042 2040 12309 13150 20208 31465 7513 15640 27282 21036 32007 31503 19077 21474 1242 1340 13823 3934 29197 8285 18881 21898 15117 24611 30049 14560 8600 3449 12775 28874 20638 19547 25539 28633 3459 31277 11776 18909 21796 28390 21242 27993 18481 31048 21875 18163 893 15742 23298 26872 31417 1019 24916 17493 3786 13162 11113 3354 3971 10596 23944 19633 985 21237 32552 16941 22371 19054 26298 26039 24030 16148 32207 19376 19780 10851 29633 20678 642 27214 14930 3047 25576 23554 6945 31354 2870 20942 9306 31416 4937 8431 15147 23168 3749 13047 25287 16737 30789 10347 26732 20715 22830 7318 22817 27932 100 30515 16308 4526 9126 13410 13067 27289 3160 14188 4201 30689 5726 4523 10227 19011 1086 19766 31641 20290 808 23392 2660 7021 30888 22792 11706 30821 4129 3070 13972 5838 26168 5619 21719 1675 26309 28662 545 21392 11434 12008 687 272 14580 40 1720 27540 14754 15805 9626 9957 9328 5641 25480 7380 16392 12107 10573 17329 20824 882 25385 16652 1519 18276 1783 1654 4371 32042 28702 23798 15048 9808 26615 1100 29496 27619 6874 30708 5388 16529 25575 29676 17568 12965 29661 16051 18900 18459 1285 22202 3898 2744 13568 21473 19698 19627 11799 5369 30554 13136 26304 13691 14301 22371 27845 1338 26397 27814 23990 14238 11606 6109 9700 14556 16281 22562 23591 10901 5062 10713 10212 16364 23373 19138 14314 8630 13035 13348 18173 7674 30491 28713 17957 17328 6320 22263 10303 21072 23975 19 11697 27202 18006 16357 30194 1265 7753 24102 24802 26634 10089 15267 14717 26128 8707 153 21276 17378 13167 19991 4888 23212 16190 18391 20457 10531 25865 560 8833 6226 17729 23018 13925 10319 9714 2766 20439 22957 26333 13869 11110 16791 19046 26534 13132 30582 21566 29095 19516 18839 23741 30135 17070 6974 27646 12485 1848 27043 30866 17436 10050 19785 8852 28906 12480 21360 26873 16296 4369 26187 11578 21238 6858 2921 22352 15390 23735 12467 24922 17358 18608 4430 13236 18097 22378 21009 7698 4358 22477 23816 18740 1540 22570 30715 11322 14171 4248 21805 25553 12398 6394 10454 4090 31407 10992 14029 9242 31478 24036 26875 17945 19506 30241 14784 13382 28447 11202 3731 2038 27085 20292 8699 3669 16052 10627 29278 9712 9315 6604 32352 20951 31761 20513 586 27954 6100 2062 4927 30985 23293 28928 30892 3769 21136 1501 19 21886 5566 4505 14209 11815 2328 
31752 4435 25581 17949 28971 28029 12596 21830 10143 16345 24988 6045 19711 17085 6452 8807 28658 7287 1249 28510 9475 16961 28836 2100 9365 15764 16655 16631 30764 22167 11728 21322 203 28182 32414 1777 17459 23617 27451 1824 1537 6637 24307 13796 16415 31648 11856 5979 18074 8431 13818 1687 28461 32511 25005 32022 23140 13847 29009 18142 17254 23111 22870 15565 27601 795 21990 32714 9602 8777 12341 21174 30465 25023 9192 29297 16946 9738 24088 12718 25712 7669 2712 26590 1009 3508 2627 30739 4319 2161 30216 13472 10179 15826 2947 12734 6586 13641 9156 5660 26157 1132 18019 9100 1864 30103 32347 9662 32024 2231 20070 23095 5809 15581 17715 15437 16945 11015 9811 28734 26402 26466 9999 11682 25490 30334 2680 18010 26543 32163 9510 21954 9443 12606 24318 32104 17026 28996 30393 2497 28898 26750 23763 12584 29476 20994 10579 17927 9435 9375 12324 31185 20021 12791 19048 2746 12001 27621 30918 906 15426 3882 841 16481 18771 14561 1212 1432 32413 554 13403 28988 22000 17523 11311 10295 2939 5784 25004 16291 16836 17185 26027 7137 21581 1558 20450 15518 15541 15951 7013 19729 29709 16616 11266 19331 16761 24244 9392 30701 15161 4422 7237 30943 20709 32555 17681 15914 30202 18670 25072 6936 20695 5746 18198 1233 17171 2532 25402 2973 26044 19198 32476 251 30011 12725 4216 1014 6435 32339 10707 27178 31176 4799 21727 18890 10331 19109 6280 3818 6346 20500 9188 14488 19242 13454 16524 822 501 1611 17752 295 19897 747 15339 31189 25077 24960 27222 14688 32629 21290 2254 16954 22083 31106 19841 1310 17745 25844 28981 22273 32489 24293 27276 26988 2571 30513 14994 22995 18893 22815 8358 4363 10884 4394 14803 14696 3432 27443 12722 16837 8289 2798 29922 16353 222 11225 32367 27817 31172 29699 8825 9314 3655 17450 12399 30199 22540 6063 18507 31606 15916 28142 20700 25156 3723 13824 31309 28395 7720 4567 16616 12048 5843 8377 23818 6269 29706 17540 20635 14734 9020 14104 487 29978 13809 30047 3500 14024 30947 12829 29447 23789 18665 4740 17561 13543 12862 1440 23898 11693 2219 24277 9613 12510 3883 9166 2685 26141 27753 6396 21856 10760 13151 13432 25842 222 26040 26999 17684 29908 719 22897 28145 32554 7047 12481 8547 10546 24376 29171 28929 6904 6381 6152 9766 21178 4608 10086 17266 15295 8770 19921 5984 15854 16639 22183 9564 11270 
31012 22645 3814 32152 16008 25398 3981 29088 21266 29888 20779 26527 27459 4214 22343 18992 12395 9498 2958 3057 2032 20233 24081 22911 11925 626 21453 28068 11015 22210 9721 24865 8277 17583 16721 7319 17272 886 29337 31975 25928 8114 18551 2177 10145 4493 3931 1777 913 32054 20569 12781 27144 31097 24061 20224 10284 6469 4581 23956 31927 32568 7215 10073 14311 13218 11808 22708 13931 28407 2886 5445 10178 13779 30476 344 6276 16258 7021 21724 13156 21476 26359 28975 16551 22326 20872 22640 9054 23567 15086 17596 1238 25162 8978 21114 5018 29392 28728 28940 25313 26754 23886 13757 5635 32615 22169 31605 9364 872 143 21888 9505 5286 29178 26951 10463 26874 26076 9950 29077 19722 2782 20810 30547 17616 17897 30160 29469 11011 22016 26366 672 5755 31945 6906 20731 5748 7004 10394 14786 5829 22805 1313 19482 10764 4180 1388 5720 6 28507 2471 27991 24242 23733 14602 1861 17975 15140 11984 2672 15562 1163 11325 17364 5424 12403 24666 5666 6555 29916 9293 4536 23368 7310 24706 10418 26342 31728 13674 13669 18711 9488 13569 2316 6665 14905 21280 29163 10385 22503 28562 915 7630 3066 32093 11038 26409 9992 14310 14320 29059 2386 441 17966 10843 59 18585 5925 3107 12335 25274 2830 10273 13763 11530 28676 13258 10931 27936 20662 12478 13759 7970 275 12365 135 22552 2961 27251 3334 4229 16065 564 12281 963 1964 1860 2580 24604 3392 16616 22214 1513 15543 3742 17780 10020 3778 15777 3787 2363 22974 25107 24675 5183 1980 10131 3746 5177 2478 19952 22754 3497 26913 24932 11981 11524 16099 30509 21739 30528 12963 30280 22891 31232 31212 5250 17076 7458 9114 1978 23119 8065 25322 30659 11510 10571 12993 16641 31847 29660 5332 23224 19866 8323 10719 2579 23373 29397 1857 1637 2140 10075 26488 4144 15304 23116 8676 29265 28089 23304 14451 13059 6008 27351 27529 9036 2220 8423 11281 9781 10825 15804 28965 196 25986 20364 2844 29335 30537 13924 6072 11267 2090 23192 9459 24200 31136 31217 9049 16256 24781 11247 2492 13836 14401 4506 5124 12922 5567 12688 11849 23116 8155 17048 13391 7352 24709 27714 2821 20517 28240 13074 8358 2032 5224 14459 5432 17686 18077 3700 21145 11497 21286 20366 16464 7748 5578 5037 29732 6426 16317 13364 12154 26099 26352 7901 22 11381 26337 28326 13427 23470 6117 29775 18794 32469 15102 21800 
30350 16596 23091 25730 203 10689 17374 32132 26876 491 1018 9052 3525 23193 21670 19850 26645 31226 9698 18423 2870 26591 2799 11912 24091 8793 6846 3424 14126 18131 30031 12319 11810 19821 4676 2328 14977 4410 16110 32609 24705 30582 31082 4107 2935 10325 31231 29851 20125 13633 27230 21232 13565 12366 20336 12398 16651 16198 2309 3823 13227 30927 31314 21682 32628 9167 26410 12787 12916 27382 8447 3592 9937 27810 9926 27515 22048 17058 22167 27813 9640 24266 3345 8837 15972 23988 4514 4010 30819 23623 27046 21149 22100 22052 12624 3552 29129 4442 6273 17160 19149 9044 16556 31107 32225 5426 11475 2302 14945 13570 3377 4521 8613 8181 6009 12901 30326 3752 28348 25598 23732 8435 12943 24757 25381 12713 13809 31677 32501 17207 2555 5225 11850 28439 2277 1379 16379 11211 18585 31236 13278 13729 17059 11750 3053 17484 4413 21455 1806 13034 12859 24135 12863 12250 14509 5823 28205 22973 17718 17672 20182 2406 20997 25335 30772 8514 11591 13927 28233 24185 13726 4393 8592 6882 5079 30945 32124 3577 21107 31338 25510 3884 24149 7449 20741 30173 27964 23134 15406 12085 2074 10508 590 27599 3050 23282 4420 8103 8945 14960 27462 9169 6415 28947 21304 31643 2128 26729 1637 19735 15333 5033 28840 950 20370 25643 24156 14364 20346 10137 18295 21748 10929 28693 17441 27836 22147 20096 3329 16768 18956 18158 1671 16415 23599 12438 4747 31075 5179 9961 14510 3410 31947 3984 32677 8512 32424 29204 11653 20451 22267 29898 10383 27644 17694 21275 6478 5077 23665 29092 23962 9184 24531 1667 18316 9120 7577 10150 31015 20414 17701 5642 7456 25270 30769 14560 23241 31822 14249 5972 23049 18793 6650 8093 25341 4073 13240 19142 32490 27515 2552 32270 8700 31749 16370 18929 18400 13955 19269 26504 22804 22914 561 18342 7427 10309 21498 21098 26322 21133 14397 21241 9917 25823 32122 11805 27012 22941 62 17299 7653 29796 8213 17619 22735 17361 12835 16152 18551 709 13127 2556 4207 19229 3745 3920 9016 31527 13954 15311 13855 13134 2520 3858 4665 2362 21718 28715 1034 30322 14345 18439 11935 9275 32005 17738 5857 18799 20986 22595 23824 27701 20142 17829 15234 15894 14333 8137 27433 8510 631 17909 17068 11708 10696 4951 27502 931 14334 13887 15774 1119 6736 9867 18240 2925 18103 19884 11224 1805 2318 24761 20039 11622 30649 28767 13106 20175 6552 10400 
21131 18660 32193 22702 23087 16263 23448 12052 18963 25721 24265 18777 10567 19426 2664 12234 19537 16534 5317 13438 24065 27385 10458 27768 27888 20570 9231 11625 20298 20396 24386 32652 22512 22529 29963 3396 497 5716 22877 22038 11672 22216 24672 12127 29809 22187 7117 16470 21927 14489 9561 26350 28834 32264 29916 4792 12696 18156 9375 14547 11648 32716 17526 32566 28182 21018 2902 29995 2975 16103 25613 6429 13184 16859 20756 16661 4149 15572 32638 1823 13859 7747 23434 9468 21439 18954 5914 13510 21138 19388 29412 9972 523 22067 15273 504 9697 779 21970 27461 7768 9648 8563 24220 27346 14835 27995 11225 2019 31447 16732 28413 26924 13374 2812 27386 6999 28748 11324 31602 22905 5086 2289 24828 17821 14065 620 28003 6679 11496 25 14936 23141 26286 3028 22352 1077 18510 16183 18500 29749 15175 1900 2224 18263 31868 28827 14817 8591 5844 11710 143 2672 2105 4750 23753 16828 27333 13247 5271 22351 32593 26913 31572 16489 1055 27181 23278 26865 23436 2609 16328 11841 15047 7495 14914 16747 27777 21864 13938 18718 14674 16562 4850 5132 21674 8067 23348 12540 13286 8724 7492 18317 19462 19459 25159 19120 4563 13151 27756 66 29840 856 16812 32435 24040 5845 31456 1390 25265 28822 15251 2066 15767 11497 8010 1862 19573 25032 15893 28810 28576 12974 25930 30357 23795 21562 17895 20517 24021 20169 9320 8833 1737 15324 27462 8040 14680 17583 11884 3186 9945 18333 12421 30286 6654 12400 11307 19895 6064 26297 20189 30748 7464 9949 2607 18788 24994 292 29441 28869 31743 1853 28478 20439 9209 1197 32574 26283 14450 29287 31645 687 26887 12071 5655 17075 14950 17155 24062 2265 11394 12274 21303 12068 25391 27315 2427 5113 21216 30413 829 23104 12337 14538 31450 23077 17063 12261 23431 12537 7471 17649 31608 24603 14814 8451 27969 18106 16520 31092 9344 13616 8690 25270 4015 14645 8453 19929 27208 15876 5905 27113 24137 12468 3515 3679 21775 26399 2914 31602 20115 3831 16038 10133 25026 13328 32462 11041 29823 3997 19167 21897 23067 25109 2222 20807 28717 24248 2200 30524 22218 23704 16768 20297 26900 10473 31729 4958 16024 18356 21712 25438 19066 12339 3591 7180 10367 13416 6324 8451 2374 19061 6615 6111 6715 18084 1682 1434 6067 13372 2297 23516 19661 30694 22071 12780 21957 2828 8384 20850 18174 21055 3495 16127 24589 18171 12612 17866 8788 
31708 9811 6649 2215 24038 29034 5660 16430 23938 21505 3779 25284 14759 13773 21508 13750 9143 10492 20009 31428 1596 10883 30154 21220 23276 16359 1372 31225 24296 21603 729 18301 30460 7405 1176 10926 14816 20510 12922 11297 7208 11743 5614 27420 25825 29364 30256 14154 11999 2981 6705 7819 6407 8207 15231 10550 31476 14947 7729 1233 26059 27201 27363 7482 7821 9685 1087 3684 28455 14719 5175 25206 26478 24713 28778 21695 19031 21314 15302 17354 8582 30313 15011 15027 21701 24487 22762 21671 5021 13147 21069 31252 32137 22284 20287 24438 21390 2076 24164 13585 6755 8574 7689 17947 16369 12965 26308 25024 14880 503 2621 29103 236 26980 12285 2486 21210 18502 17078 24931 14910 31016 15990 5165 31643 11833 25609 25605 2519 14106 17645 21788 24526 10700 10592 25015 132 1980 14308 7880 25587 1468 12856 29823 24683 22229 23246 13776 23985 11170 29322 16131 29175 7714 21131 26976 15383 26193 27770 10359 31300 4647 32167 7403 3279 26173 297 11795 713 24768 4540 17526 58 30912 2608 31071 32097 8991 10581 25744 26654 21795 21005 30233 1040 24865 288 24228 2899 12146 27734 24235 22815 3662 30452 4400 12447 9820 25793 18772 16396 25453 25337 11195 5180 1077 4985 21082 22251 18049 4659 4457 24383 21012 13405 14578 615 21657 22855 7252 17718 15990 641 12762 24900 21001 14213 30338 31139 18448 10594 11483 8645 14430 20862 8617 5291 19704 153 7894 7380 4184 30401 16826 2318 23127 8497 5072 32072 11635 1734 11845 11948 10857 20236 3903 12391 18422 13990 6402 3601 2517 19266 13197 26218 32354 28955 22743 19940 9830 26188 15246 24171 19629 14771 84 5736 21603 27702 16901 6804 15492 24563 16582 826 22031 30688 4481 27130 18199 5183 10209 9168 23839 690 8784 30174 15597 25155 29898 5685 27745 25863 7321 16371 1645 18823 20034 2897 7638 29123 20190 7206 14605 10558 23666 2846 2867 28291 20064 1957 7454 23389 5035 3351 9198 31648 5898 32107 14348 16544 18684 31300 7099 12090 26131 18538 9387 16506 13483 9565 12262 7118 27136 3041 18941 2345 3185 12898 12002 30222 11155 27598 16087 4339 22002 23639 15113 3974 19490 20575 22491 9929 18309 7833 29084 16220 14041 485 10822 18613 19532 31252 27428 22990 14549 3573 27280 3085 629 18909 13590 31726 15918 3478 8369 16225 22632 29632 2085 14378 4396 3237 10220 22802 2419 32563 16250 25001 4488 
4871 9768 18720 22604 10977 24484 29565 5907 9266 26925 28308 10448 12243 17543 17690 10213 20609 10199 21527 28161 17215 9223 9489 30815 24956 17397 24007 14413 29614 8779 30172 22243 21154 24238 14739 12349 5861 22078 12023 8442 297 2408 15407 30272 21385 26625 30879 11606 12649 19878 2441 11506 298 4869 4337 22204 32190 8777 4269 13300 10739 17295 4905 27087 20246 23632 16211 26450 8134 22347 26666 24246 23607 31705 28198 18026 21725 29492 7502 31994 28425 15529 30930 12547 18692 17921 8317 30198 1073 15359 5791 24667 10581 21061 24254 27988 2161 24376 21201 23746 11496 13873 2556 24533 10530 21698 9273 249 18741 28839 30244 20022 14530 17678 21561 30357 12421 11778 19195 24948 19182 7005 19769 3799 7894 14200 13973 20107 28243 15658 26912 19576 25710 740 5559 5246 3956 13116 20678 31885 18046 7396 17311 14579 32746 17411 5668 32090 27919 20664 25327 31360 21532 3160 9002 13072 31005 26333 25305 14956 31939 31348 3587 16503 22830 9913 32688 28782 12439 31910 27881 24060 30888 31616 2244 29917 13637 4891 6959 10541 31982 13901 3784 17920 1485 7080 14505 28663 14955 1296 31577 592 28236 24602 14180 1640 26097 4403 29985 20105 9557 31955 28920 8952 12747 13721 19929 2992 12222 11341 25928 10594 2430 11897 30400 22640 21010 4045 31661 21450 14434 25294 6766 23796 9960 8349 24430 8612 12942 20919 6170 11998 10634 11969 8002 26412 14316 25273 17651 9359 18978 2150 10829 22933 16452 2848 14024 16662 23875 8918 21108 31271 26446 30321 14416 4362 10598 26598 19976 29160 5159 3202 1141 1728 27735 18966 9648 8246 8101 24210 21898 13445 24260 29206 2602 25436 16095 3003 4803 264 1340 13845 24233 30442 14904 27250 12447 23695 4283 16665 25507 14553 7628 18508 1717 2794 6226 32759 25378 2596 6602 25034 12236 17282 26857 24355 8049 32588 12999 1025 27913 3074 12183 27954 25357 6708 12584 27313 20924 19250 32464 26294 22409 8775 22814 29240 18301 27891 26730 8718 26359 19065 13948 30780 21703 16982 4953 31572 15551 4128 1035 29815 30786 29842 4938 13499 13095 14194 13780 8352 13179 15071 20778 2076 603 24772 28117 3041 4475 2297 28837 1514 5 4497 9549 12767 17830 15982 25772 26491 28131 4844 2382 11233 25936 22494 31839 9880 771 24296 12612 32238 8915 6763 27994 9341 21348 13712 15826 7307 18396 2060 10057 15754 2487 25446 20642 25333 21636 32592 
16307 8030 29409 31641 8300 13644 31566 20662 27634 9722 25522 26186 30671 23992 4794 23641 17465 30743 5549 24545 11673 12981 30850 9944 14665 28336 16858 562 25270 22033 14693 27007 9231 25864 1826 3556 5170 15568 23058 16171 22223 9584 1752 12327 12862 29136 8250 18220 22304 8800 32691 15608 16630 29133 31638 22892 9456 6374 4489 8334 11929 12152 1944 4709 2429 12033 20375 28606 1545 7292 24745 6077 11151 7407 32218 5007 11762 7983 8646 13579 26898 29708 4795 18815 6831 24378 13753 31237 7719 20080 3149 14257 32251 9455 21 23443 20211 30592 12335 15532 6996 7954 4590 21703 16578 11724 12443 22399 20158 15136 21425 27375 14074 25066 22552 11956 32760 19249 29944 26082 28472 4237 7918 7984 21134 12095 14332 23692 9565 31517 10350 5900 13972 21495 23415 16112 32476 24665 9314 29073 14317 457 12902 25723 14780 1882 14372 2475 30926 11418 26937 29832 15212 12601 21631 17498 9082 12506 20079 12048 26021 15953 10704 29025 13653 8928 21961 30785 20201 21973 23357 27197 29089 7062 18181 31595 8577 20213 19407 18145 16205 3782 2745 7343 19895 26004 21297 23708 16270 21353 10801 3082 26512 3184 17186 27804 25577 27704 1165 6194 8967 4367 21198 5855 29674 30522 11841 31792 27097 8627 18357 625 17528 4084 8696 19162 3494 23779 15919 17116 10847 3860 9681 8132 11342 25195 6345 9676 10664 24906 11998 14657 19746 8125 19763 23770 15434 18527 3829 27379 2228 19574 6858 14801 19324 22212 26591 9555 26338 16812 9932 30508 12585 11836 19208 12468 12395 20809 21023 15150 5333 24662 10275 7668 15516 1639 2098 504 21403 4671 18173 1552 504 21141 6138 12545 5798 6989 11811 20636 8499 31883 20620 29340 10430 22480 21228 31139 10200 857 17770 30603 10336 31778 27666 11325 28443 14351 1206 22516 13196 12227 14642 13488 30316 24347 13663 24576 27623 4843 4630 32742 10241 5786 16889 5283 29560 25136 19745 16578 20144 15465 3004 16891 31977 19744 20839 17196 10289 11254 20254 9420 31787 5721 16213 14510 3335 9861 27441 1863 21574 28104 31662 25390 32145 11075 4808 10027 18052 230 2478 20767 27031 3048 3693 14311 11705 30244 24255 21201 18850 2928 19553 28622 7968 32378 2959 23120 4234 2312 2679 9719 20729 8295 6408 11953 27041 7274 10476 5500 29747 4715 24173 5431 20331 16716 2499 977 27576 23657 27441 28472 9658 6894 11584 9922 16255 19007 27996 23264 
6287 32426 3624 20055 19773 4017 21479 7029 28470 7099 26398 26604 20115 8721 3339 25445 22069 3484 28214 21088 25972 2009 1614 5313 2719 6643 8965 1787 25365 768 18089 17473 4246 11546 5388 6745 24065 31826 28453 20331 27805 12944 3723 19290 9053 28324 8499 14220 15075 3326 26872 6528 31373 5625 22649 16171 1030 5079 12699 30668 22142 23647 26768 9866 11623 27715 28314 8206 28863 4132 16819 21167 17358 5510 5023 20471 30287 27413 5722 30086 32048 19428 23197 26938 27659 22577 797 15259 30344 28735 2195 18402 28627 21709 8325 11177 26817 18523 23321 22270 20623 4217 22636 13113 20418 23401 22044 16134 6414 23500 29316 26520 2055 15843 7499 32350 15043 17831 3128 26660 12184 28117 12618 809 10087 25314 25740 19092 1867 7444 20212 19998 9944 1477 2611 7700 14130 4834 9865 16663 27773 8560 28440 21661 17234 25568 27157 14059 27715 8339 26134 4348 8571 27447 27455 22232 14082 20252 21024 5139 2235 9453 32110 7604 8807 14784 29583 10770 31043 22446 8533 4611 17727 22658 9593 14488 29981 30336 15147 8349 11610 23216 23059 2176 25462 25249 11361 22227 4009 19721 19474 613 20430 21786 27280 24369 21922 8729 19417 25295 20469 18625 4273 1254 14369 30197 24136 15257 12912 29131 28010 23173 25133 7425 10200 23936 25075 26623 30728 4567 17278 26250 23608 8113 31759 11378 5411 5052 28019 1649 6582 14067 9801 6950 28617 24546 16003 19615 19194 23145 7692 8063 22644 23400 4185 15161 32528 32736 14330 27902 17791 24737 19701 19076 1522 29213 16279 737 8251 31571 24474 25607 26704 31415 31268 10721 25541 26084 31470 395 5098 8741 30399 23816 18295 8727 23691 24954 4465 28299 25037 14532 26639 26091 26743 10967 4275 4316 26705 26442 5467 15055 18232 26477 14868 21668 4192 17841 27961 9179 26119 27941 11142 16049 21826 11536 3022 26047 5169 18668 29384 24026 28888 785 23647 20564 4610 22868 3976 24547 11257 15933 19372 24350 10155 15267 16404 16749 21449 13767 19075 5474 27163 27798 14443 2163 31075 8767 12464 17173 21088 24685 23884 24283 16084 4995 31520 5399 7645 17079 24715 27997 9425 8762 29045 16136 26279 15085 30189 32402 32148 10761 22304 5790 7891 9855 31652 7018 22187 27460 6628 31074 22970 175 24908 31644 3947 10018 20913 9680 23921 12209 3528 26085 12303 25721 6870 17256 15795 11984 13292 26985 4600 18462 23895 6787 32018 14979 27754 16892 
11594 20202 23556 32286 32061 3691 10945 15400 6889 30947 3639 29464 11111 194 11252 32101 20107 26804 10607 12394 7687 16919 15667 1671 21495 23770 16551 13824 31865 18114 24920 201 32422 11351 4456 29935 16061 21288 11226 1298 26123 23946 31651 22207 14311 11777 26607 29800 6712 27713 27478 13678 24489 26584 22798 21587 14055 19469 4493 5142 10252 31886 22575 30034 12553 5527 10908 7858 26010 9615 7821 19771 15510 29284 13763 17122 15238 9685 22445 23486 25037 8863 30930 9255 27660 7432 31982 6146 12455 18919 16949 19926 26694 4254 16391 8752 25186 4488 8849 19808 31094 20666 596 13783 18707 17444 9970 18963 32499 25596 27817 19444 28625 10376 26657 21057 27488 8016 19166 18596 20356 30946 28908 20655 16816 25376 30652 19436 13959 23085 28446 32724 26004 26751 31402 12626 9762 23938 23519 1773 21408 31076 6959 30686 19106 7339 21974 30734 14909 726 1754 7192 1490 16177 27379 2621 16748 11394 15746 16343 4984 1708 20522 21447 32153 28937 10234 4421 32300 25034 28602 13458 18882 9120 28844 18233 14641 28878 6630 1583 10330 21597 12648 9596 10373 6523 23429 25485 24197 17233 25246 16264 14550 20168 9087 13078 16583 14779 30995 29748 30137 12442 19504 19397 25365 7910 6017 1380 7368 28428 28192 28006 24400 29905 24107 13994 6963 14890 1783 2312 13562 20592 32321 20364 30554 19599 17071 21767 6230 18079 17501 579 9305 26425 25516 15512 30346 19129 19249 6584 7925 16469 6742 25996 31233 30808 20262 3988 3154 13966 30965 4993 11464 28102 17074 6139 20033 22073 6521 6073 18160 20252 26471 22552 13078 593 19343 26668 11844 6230 10221 30165 31681 17898 12629 25920 5709 21721 27589 455 20831 16393 28543 24478 17160 2169 30758 3143 23704 11512 9973 17386 17316 4981 24828 14471 13904 1824 1854 10799 16885 14917 25100 10983 3459 29484 29284 9536 9501 16581 16963 3157 19801 12815 26000 1376 18437 19187 4726 31799 12757 25224 11757 5268 17761 4155 8114 29234 2537 8854 5259 956 4651 25394 1291 338 8969 29815 13049 2732 24286 12297 9045 8833 26704 30334 28046 2822 30970 9441 23253 25670 22099 7587 24047 2228 21934 20525 10080 15741 22085 13277 26561 10450 30537 6584 11870 29826 31696 1930 30099 22322 15212 25722 4846 15420 24005 20376 12613 8650 2792 27433 3361 22594 6411 9192 22835 18963 4829 18027 12414 26498 15525 21413 9305 23437 21285 32727 23901 4435 
18589 19229 24513 2696 19072 8577 9818 14843 28244 23893 30867 8080 18004 29638 12879 24168 20187 4078 1930 11965 23235 23639 11766 265 29482 20691 8155 17231 23680 20582 11459 21857 6193 14551 30979 25819 11617 13617 21022 13171 12374 23774 5214 25461 7443 19425 31141 19652 3029 14360 28280 11748 517 9434 18270 29711 3022 17118 17583 12941 15964 22347 31378 16166 22581 16751 27047 26446 30364 6854 1926 25869 23732 4572 24902 32642 4018 29966 22357 23724 816 14120 29374 13581 17161 19389 3334 29512 6810 31150 30666 21007 32115 14135 17744 333 28256 14232 28288 10538 15431 17943 18754 20539 12936 23865 2829 12843 27396 24490 30935 30341 13421 3787 28371 19421 1099 20213 17626 31013 26051 28777 16551 10026 12628 23346 1320 30802 21863 10566 19980 24849 29706 31437 8944 28505 5988 13177 5381 989 9184 10908 3960 23769 29267 6370 23516 15400 16590 16022 24361 3045 9519 11671 28228 7087 15621 25207 11241 7449 3679 29319 8998 28174 25682 4226 17735 6551 4228 17408 13626 23953 10073 6788 15050 24548 25556 24366 20921 19122 25593 5100 13008 7399 26869 25022 4695 29221 12456 5700 18510 17342 23821 3082 32288 29387 17184 890 24491 2863 7880 13631 16378 19436 11819 18522 13433 15777 28646 9450 8078 22799 24954 16212 16067 6985 5403 18276 13924 22818 18821 2203 8551 3358 8466 26261 5695 3558 18097 24493 21863 13281 32430 1691 15361 26256 2635 6944 2304 25985 22943 24859 18880 8442 6684 12943 16606 19356 26789 20118 30984 9667 21155 24363 23428 13517 15597 11246 29965 4519 30828 14621 21164 17086 3814 10349 2441 15748 4043 3483 25592 19950 26951 92 18782 19371 8859 18669 18085 10877 24535 12201 24355 2447 30006 13302 5039 11020 11701 26873 11760 27745 12258 6218 11031 7827 32574 14298 9896 26019 2831 31235 10407 10299 6592 14093 32527 15025 26444 3335 30496 12026 17986 22065 31063 6103 27535 4409 28192 12942 24828 24860 19189 15958 13274 25487 18346 25828 6645 12844 22749 26835 180 19153 10859 1922 7465 10503 25537 16002 1043 21290 10926 31050 16970 640 17971 14424 16868 6645 28889 2405 2418 28261 57 2766 2771 30979 7652 29815 17981 30549 11211 6676 18410 132 2113 30122 25238 4368 20037 15325 3070 17833 30639 5860 20369 1125 4436 13086 9658 18691 18773 24482 21052 29670 23987 11723 7514 24649 13791 29977 11136 18170 29589 30201 32253 11940 15617 11657 
17751 10299 21408 29678 7320 9377 27973 5124 21135 2758 11467 26280 8563 15193 26844 18803 30789 11875 1561 22369 2846 11435 16735 2078 11170 9992 16843 867 29421 4223 1610 16935 11660 22412 14556 28496 57 9090 11463 5373 6581 26752 10291 32198 29800 30725 27983 17075 25075 30952 915 27192 2980 15424 15811 13378 28589 32516 22689 32063 31526 26709 24869 5458 28041 1507 17259 740 28524 6491 28375 13334 16582 6743 22480 22473 30680 25630 19490 4219 12451 29134 29664 6076 26296 11003 25750 20798 28210 5084 21808 9984 25024 20882 6389 11110 15574 21278 20952 4598 17372 29656 16932 12050 29735 14822 18729 14480 28171 22787 27007 31876 1486 25345 29806 6162 8290 17113 31603 17706 7810 29471 10171 157 29455 9168 1575 18515 655 24191 28437 24076 24921 27216 13539 4500 11568 2132 31671 4418 2187 30677 10067 19211 20888 11900 18498 2118 30559 25036 20489 7906 3630 5123 10976 8228 19685 29458 11671 27342 27624 14798 6194 14563 20590 1033 21252 12589 27991 3922 5336 6183 32458 835 13235 22964 19923 5577 30884 3793 23425 24789 24076 25976 10253 21151 14375 28045 4370 22271 21863 2413 19422 1363 5711 21933 25872 516 3653 23203 1767 426 25374 7348 10064 18621 29640 20680 10108 21978 4141 5871 12651 13615 3417 8751 4194 31039 8674 15235 18113 5395 17709 23048 8716 3343 12341 11633 8907 24832 7733 27819 4196 12673 1320 19527 31575 13077 28306 6563 3265 12185 5431 25562 1412 9096 17982 10841 2140 284 12749 27 22443 6627 77 18772 8933 18639 25276 7168 6060 2693 31061 9154 21252 24655 22286 17212 17027 5194 195 856 25070 15585 3643 11826 17238 18345 6150 12350 12667 30645 16496 13032 1807 6510 24673 5920 14065 1784 17069 18293 30174 18004 5695 16249 16298 25571 133 19919 27879 21150 26184 19202 7881 23550 110 28725 15176 23976 15868 29386 10082 30932 15562 10874 28250 7391 23745 27767 15631 19736 2640 19433 28266 23729 28264 10113 21267 14229 30446 14225 20693 7869 28638 20457 23128 2418 6352 18498 21898 15961 15720 30626 19207 17570 18060 18023 24386 16053 8294 15304 20154 4785 2532 27386 12065 3646 13118 2002 17826 1453 31618 25108 4275 4746 25662 32374 4769 31698 12357 11956 3439 20886 5374 22456 10918 30862 30445 21191 11558 9908 18862 25626 22362 7210 963 30121 19070 12847 8857 16142 18111 27821 14770 30972 8396 10403 13692 24057 
6416 2381 30550 4284 7786 5355 12746 756 31851 26810 22606 30737 11066 6543 21444 21152 2604 13366 19062 28495 22293 25329 29386 29022 13429 31977 8181 14898 29278 18013 6277 7519 2401 26652 24294 28157 1491 22359 11691 15528 27056 6481 9227 24757 20828 11717 31735 26349 26014 26722 6807 16265 8642 25604 1390 22780 7694 20319 17288 17285 15765 30698 20215 30383 15174 17374 12786 31798 13890 11704 20469 1792 29586 22483 24934 30385 9293 3280 2531 16287 12777 13616 24785 18037 9914 19181 3976 25280 18865 9714 19429 19805 14878 31036 22269 24539 21234 13523 1397 21154 20543 7600 9826 30900 13269 14214 7312 16576 17720 5208 15927 20659 19865 30464 30508 16847 24591 29920 31441 8546 14291 18654 19438 11382 532 9970 31398 3156 23907 17649 23322 4846 2137 13673 20029 26191 6123 27147 5766 20670 19988 12934 29540 21401 16852 25688 23248 7303 20932 12199 8681 26616 18779 23504 27795 5658 25743 13006 29327 2880 26401 11482 30736 22281 7428 28727 9389 9501 7340 8082 14591 13074 8688 17609 17233 11965 231 4199 31776 26013 32022 21765 25144 24935 5395 31586 30353 29069 3379 27850 30967 27995 25890 31151 17412 27906 7054 28986 15691 21263 22869 16492 8369 22677 6567 30907 3970 2939 13510 14887 26748 14470 19041 18256 17420 19065 24011 18065 19050 11657 15876 12806 31295 24121 31186 879 5093 21266 1321 4430 19514 18016 15315 14974 29167 8927 6610 1686 14910 17183 29042 5827 23228 15659 12503 11539 28208 10462 15167 32605 16139 26915 12633 3677 24239 6235 19118 15863 30728 30409 25267 29062 5824 24402 32756 30462 2232 9711 1764 8079 6267 21274 14476 4249 9410 28677 9140 18033 23020 28741 8115 15365 23551 25495 18995 28462 8583 22038 19053 16299 21466 16074 16943 29806 16254 19236 32084 5857 21256 15440 30365 31902 25521 21219 12232 5182 12749 26351 28979 14700 30677 30447 23249 582 12388 18631 27265 21854 13514 14736 27125 26881 21046 2836 10655 5046 4758 24040 22984 21055 2393 29001 6310 32316 14583 11489 19298 13517 13482 7654 13747 5134 285 26367 13576 23247 7449 20193 32571 16012 1439 21969 24056 694 17503 27033 22230 20930 5252 15656 28067 29395 24126 25562 9044 1514 18633 14493 32710 16603 19927 27074 6177 13992 31395 6611 18511 24380 27215 17748 30744 13161 25562 26252 31495 12982 23309 17075 5162 8523 5930 23824 936 717 6076 32109 27139 8236 3940 23734 
30620 4923 678 8539 10634 3862 30503 18645 1883 25510 26327 14204 6255 5886 6245 27580 28721 21559 24035 19950 882 1827 30871 5892 28761 9898 12458 25125 15873 27333 16515 9612 14314 29239 1273 13486 26376 27325 16498 25361 30829 5550 20734 9247 24386 18991 13435 3117 16537 12047 8695 7372 2526 22660 30057 274 10453 30408 3129 5012 17124 13044 9012 26521 19713 18564 808 17403 2184 12902 27877 30385 25081 31892 17030 9017 5926 5749 18148 16384 30094 19519 23852 32407 2836 23861 17037 21991 15053 7747 16384 28936 30473 8051 30072 14246 19282 30735 12003 26755 19776 9800 17973 32236 28102 16457 31197 13376 26670 19660 27863 20165 15642 20705 2659 7423 4381 10573 17967 19275 19048 29886 29960 3383 14978 4538 5347 9052 4020 1031 28642 20056 16896 4180 22068 11572 24609 5397 18483 6720 9351 20316 27619 24838 32630 17196 29850 18509 1384 3962 9798 14883 17698 20558 1239 28484 26758 30644 31497 24223 31821 7411 8671 30782 16495 7161 29685 12745 22943 28558 27354 20479 28090 4805 11173 17676 18737 14877 17424 25429 23416 28131 3060 20757 1596 8097 28119 17738 4984 26895 3197 24608 8436 22323 27929 9509 30199 14551 16157 11980 4310 18346 29415 17380 25596 5658 19618 17604 6866 27419 16352 20471 16917 31267 5785 27238 32370 62 24179 19917 20715 26825 18817 1312 3622 2578 22767 30810 11125 14552 22683 5958 24500 11791 28373 23180 29442 8415 22348 12383 5557 23432 10704 4116 15975 17614 21595 9568 5630 14513 28374 25651 5770 13527 17066 15509 17499 3649 12900 19266 27790 26381 30919 14986 31913 1862 19995 26503 10824 3394 16080 1803 22707 10465 20895 3640 24794 19431 9965 10043 27278 10789 31140 19044 24252 2972 23990 22600 24745 31567 20082 31260 12341 28859 31889 3648 14817 2646 2676 9455 18733 12731 19312 7922 27842 20633 18736 7592 32628 26070 16154 18049 5549 8030 24549 9472 916 6100 28009 5039 21029 2856 22957 25308 19885 16318 24059 32111 29966 32208 4709 23017 22280 31647 26235 13961 11796 15775 2598 12954 28742 12763 31616 257 7527 5256 30849 31591 21445 23844 17292 28291 5255 31365 13764 29049 24773 29301 9797 30277 2895 25942 15605 29771 14841 3055 29402 5249 11080 7001 23774 18715 568 15329 10773 25680 28387 25489 16537 3816 32304 20219 11034 9716 27561 26338 7291 15166 26931 32763 26256 11228 9105 6273 18140 25286 4907 6446 1485 2510 
10879 20143 1306 21828 13216 2437 21963 28413 4266 6010 31339 8668 25274 31651 8812 17283 4333 24403 29909 7444 29375 16007 22082 23604 27963 10962 14020 23215 3518 25861 23598 17548 4157 28195 31769 3704 27508 20345 12596 24358 7196 7745 5619 29882 29063 12830 7868 23086 2843 19025 25086 1582 370 30827 18436 10515 16403 26687 21598 8068 17008 28369 22961 790 28643 5648 12729 22117 22859 624 14615 6766 10926 24874 21376 1912 15971 14078 23943 17293 31087 24592 17097 25116 2372 853 28915 25548 3538 23786 6382 14517 3503 13962 17385 23976 2043 16840 12574 11671 7645 14004 21504 7152 9518 24452 3173 19049 7227 21750 15393 31098 14473 5102 25202 31306 26348 16548 6143 23979 29960 30323 23688 2371 13180 4190 2229 14665 8433 1647 6516 16641 11631 20808 9708 8899 4295 15687 589 16202 31999 8065 28021 30317 25658 13621 362 28109 10700 299 13279 20539 10827 5088 23336 12317 26344 21229 7990 21396 16556 16638 6777 30811 13881 30972 27384 28073 9370 31938 10514 22563 14668 4992 32197 13975 8482 7263 20576 29704 17285 19206 9679 11824 1942 13243 27342 11451 21437 666 26140 20074 22707 29299 9436 14884 21507 11068 9318 25523 841 20697 3605 15906 9602 21602 9172 19598 10407 19927 9559 27312 7146 13098 30137 11482 29807 31844 15292 17169 32432 20105 31197 23995 8627 11329 13585 11341 8306 25739 7157 11729 31501 7082 10977 17485 30289 20447 5926 28500 29220 10808 28658 24623 6876 4087 413 14793 29389 30088 2178 20976 141 1220 9543 31090 27620 398 26350 9006 12265 15750 7258 1740 15673 12316 15721 23336 16663 17253 18270 7034 29988 9969 27429 21714 12447 6801 19402 16241 8634 16663 18915 19362 16035 10401 30237 18093 24351 14210 12214 19279 24253 27988 26518 18217 19501 29443 14007 11767 4139 7578 26489 15436 14799 2562 24512 15561 15509 16140 26206 22645 16965 26419 10803 14234 24505 6479 13239 6389 173 31863 11121 11654 5001 28268 2116 28074 2959 27239 25152 25351 12378 9237 3436 26617 12377 7531 15831 12830 7840 7538 1765 13474 2222 24792 5436 6438 30004 8834 11541 5610 1425 9126 698 32742 438 30216 12845 6003 21666 5527 15313 9693 25323 1386 26647 28735 27344 17706 26410 8887 5130 8756 26877 19698 18723 6280 21672 19778 6422 13405 991 910 10261 23047 31314 12567 2356 21192 3875 31116 11677 16012 12932 4174 21837 2342 18436 24310 
24259 8548 29079 3672 28134 23621 31734 18120 18345 6867 27130 26991 21167 1915 22832 30431 2533 1695 28962 9133 2027 5323 6587 13761 3750 23799 24499 24383 22805 4260 29505 14433 11000 29807 14647 30774 21999 26586 23777 12675 18931 16123 9432 20240 28675 29378 9331 10991 11909 22428 17853 15473 24231 22293 32058 22948 11274 5698 21409 30333 16949 20299 10994 20273 25771 2599 23914 16692 28906 25082 5251 31505 3782 22661 1565 1287 459 11195 15881 9196 28206 9508 13693 294 21616 21473 20834 13242 20914 9181 10149 19201 4173 10758 27701 3406 7983 2471 5587 27147 17669 172 29775 19501 18679 25612 28382 29274 30788 30618 31895 31388 19899 19908 14563 18257 6212 15577 26286 27727 29817 702 20730 22300 7164 16635 12884 19435 31259 17991 7863 15744 31755 29208 8508 25917 7148 17322 16179 26338 23862 11703 4090 22085 20385 4681 21645 13826 1556 8575 3413 14323 24945 20722 19782 32294 23684 22358 17931 18710 2159 18846 25185 17802 6298 11697 9835 26978 12140 30529 1303 19582 20304 6355 5709 22287 21264 30880 32200 22858 20243 6170 27299 31220 12963 25165 5284 12818 28106 11393 5850 23824 15180 3752 3630 18158 22544 19923 3450 10834 23120 25342 3155 30887 21120 7104 13233 15947 23798 31266 32284 20323 1557 6219 26672 14808 24303 21743 31497 11490 25608 25490 32506 9739 6500 1518 3991 18699 218 15689 3365 10389 3873 23979 1090 5550 5231 8487 13098 28677 10615 25170 11338 27068 7740 9415 21006 1596 5792 3866 7762 5196 11140 31747 25057 7482 4180 20083 5874 11083 13530 10037 14534 20109 5541 16394 5542 13362 22541 30211 2095 4143 11829 13720 28278 25944 10110 24017 20693 24848 28094 8964 16739 16826 9964 30420 1474 32105 1307 31717 2248 22900 9449 28190 5688 7367 8610 8945 10451 4717 18366 21659 26022 1739 9870 7278 6610 4239 11980 25868 19666 24713 5064 27525 16977 28121 8299 18234 7829 9398 4180 24380 19098 5469 28228 20078 11806 14518 26536 8415 19439 13395 17589 9339 26164 4152 9531 29985 19876 31043 21118 31204 30834 8895 28095 5427 14387 20774 11083 10624 11980 24382 13066 4200 10432 5448 9756 666 31523 30993 15796 22895 18056 15601 25025 19581 18637 32556 1680 2545 10238 6959 3486 29005 21241 6700 25689 327 12909 32089 31097 19480 23456 13240 26976 30123 10206 10591 30790 22913 26362 32265 26782 13308 26310 23763 19559 24072 19045 15404 
32675 28809 13524 27336 13244 5467 18956 30021 32209 23475 7160 13149 20053 6008 11381 10552 7284 19580 3489 16547 3435 20508 13962 29927 16087 19555 18298 9940 25072 29991 1050 6643 3513 26305 22567 24699 9092 24369 17311 3930 24472 9915 32629 23905 31586 11433 31444 14455 15941 18887 10750 19228 2253 18785 15826 12163 17827 3094 28578 32111 21014 16330 25649 21022 31994 19265 16993 6888 12539 10363 10181 18705 15863 31283 8773 22115 16520 9723 5471 28987 7717 17480 3937 27373 22841 30319 29918 5510 17418 21341 26345 12473 27338 24418 25101 16536 30745 8515 20382 22506 20641 6149 24834 5519 27793 23258 8037 3794 15690 17294 24849 20727 1995 16301 26947 7493 8368 31237 25704 13808 21650 20844 14585 17124 13673 7222 30776 17215 29308 19185 29068 13454 10566 25798 17607 31729 16126 23617 31162 19058 21611 7585 2566 29871 19191 8441 22356 17750 2967 21390 30921 10179 27715 31005 16255 684 10431 7841 15168 26400 7943 13674 8943 5567 32535 28030 9001 20475 8065 8299 1110 26295 6056 6074 29354 7592 7643 8208 32279 11273 32154 29533 21371 11104 15529 7415 5202 19886 11220 20185 1636 11250 4537 32577 3676 16247 16538 8 2411 17771 17317 10967 23744 24321 2520 31183 29860 29877 29546 2694 1258 5059 28806 18733 8128 5406 1253 20772 16421 25095 20665 17264 25848 18854 1506 12195 12685 21896 12456 28726 13072 2049 25107 27140 4477 436 24965 16418 17498 5431 31057 22320 27023 3971 16703 31914 8557 10219 23390 4400 6205 7848 22068 31075 8741 8057 27258 15918 8358 3967 14765 3104 21083 647 3819 28709 1470 29242 7817 29972 32654 24352 2373 19758 15644 3349 14715 3636 11815 15834 7883 4125 30860 10228 11780 2076 16065 26972 9083 31019 26446 27344 26225 19712 19927 14931 28216 20992 9842 31623 21331 21380 24505 27258 28889 9835 28116 7434 8945 4049 5502 18348 17476 31983 14794 1451 10557 18338 12572 25555 31530 27812 1576 14179 21946 7596 23687 11705 19497 2320 2229 28991 5223 21402 16625 28682 11726 24845 31162 4344 12759 9516 20803 12190 2749 27785 27546 10709 22526 32161 21830 23834 8325 7430 22213 13010 11572 28413 25523 24407 11089 19353 23356 27272 16026 30375 23587 401 17143 11989 6269 4352 28377 28561 16154 20587 17791 23308 21303 27618 2542 26200 28373 8391 29861 9248 9632 31936 27448 24597 25907 675 25551 8725 22741 23347 20502 6266 16463 10099 
30439 28846 6866 25457 11219 2690 188 17212 4012 20493 31730 15857 23388 30650 10774 11452 23392 15950 11405 16068 12387 31866 30334 30629 3652 6196 18579 5612 13779 19910 12198 11889 15022 23198 27989 2759 4150 29403 30297 23333 27526 18366 1522 20374 29531 7968 22892 5046 9509 1757 19816 32490 21121 19446 322 4866 25745 26858 5217 6294 23637 21782 9916 12327 22728 26285 19258 12168 10772 7106 5832 21097 18022 8552 32463 29312 24834 24910 16630 21039 20943 25493 20790 19788 29190 10588 23412 32299 23895 940 18129 27966 7658 4633 31876 26781 4402 26470 30235 18652 20674 12125 4132 23331 31440 32470 26617 22015 13829 31095 24393 25514 32547 10475 27150 3654 28697 21187 23795 688 13564 17816 8484 16177 4679 3023 14615 28324 28852 9188 9781 28289 12345 22909 16831 12730 6019 32015 21822 6207 23674 12068 28158 634 27090 6914 11995 15898 15701 28146 25591 870 24477 17149 20700 29031 5516 4265 11279 20947 23846 23643 15531 1666 13451 20671 22680 29991 27816 31503 22092 18228 847 9148 12620 21613 7024 3060 16124 19054 3410 16058 3831 16761 20509 15381 3269 13913 28466 5222 10334 20544 29163 22386 30678 22739 20175 18265 1664 30518 7753 17970 23006 634 8424 17677 4877 28714 22408 22202 28978 9049 20953 7616 29772 18143 6780 25528 26641 21510 19339 25792 11731 1701 23607 12659 12231 13847 7947 5754 11011 3644 7016 15712 14839 17399 3812 1657 19909 20324 18235 8616 24651 9552 31040 32747 14435 23584 11748 9117 13970 15324 25885 16094 8625 7058 3063 4399 8397 21612 12604 27777 12251 19217 8861 29491 18367 26872 1704 16971 11294 5972 12870 28609 24511 8191 15625 12255 19143 18551 996 7014 5415 19037 18131 10160 21410 22723 18191 4735 28297 23916 31985 27617 19646 1641 1748 29612 7044 7189 4437 757 17525 31335 11757 3213 8981 24940 10287 4855 4987 32669 27451 25454 24091 12952 29201 881 27280 15444 6466 15510 269 28204 21870 7482 9238 31773 31526 17312 31971 13279 26475 8770 17167 11915 31571 29737 3360 28188 20691 10527 2796 7003 8950 6046 28528 23319 15247 4645 14986 22436 29942 15975 28656 7437 2693 10166 5079 30358 17492 20094 28680 17618 21534 22211 16943 6809 29892 19190 6913 1736 5228 17030 13557 26508 4076 27142 4653 12265 5917 10189 18113 2914 13561 29021 10780 19959 25692 13321 21933 17697 21712 29035 10120 31888 2590 2408 9563 5131 
4310 23213 18527 2349 14916 5797 27920 5986 11413 18435 32159 16397 2467 2289 27711 31059 27304 25994 14153 15499 24946 22639 8695 3706 2818 27184 526 17030 2884 296 21372 13956 25219 7772 10651 19161 17593 1894 7043 23921 4014 30807 31116 25487 17723 12023 11515 9797 22328 11845 31303 20848 27668 20809 12764 17409 15407 31409 19001 25131 30697 9784 24682 11048 11299 20512 27969 28469 7468 21092 27524 26403 9328 7123 9749 25293 10773 1676 11054 30577 11767 1262 1830 25557 29405 15030 2945 20722 673 12141 8179 24022 9128 31165 26085 21851 502 4523 26785 13547 24326 2297 4 2554 32491 10305 5042 240 30132 10427 19064 1617 23603 15304 12534 28992 17858 21745 4882 6171 29689 20669 7026 7535 13065 10276 12515 10803 5220 14394 21927 24736 5546 2737 28931 27582 13230 3125 25343 8145 31254 9324 27381 30612 14312 16518 31175 11286 35 1882 27861 25463 10034 17444 6312 31914 25154 1189 6896 15420 5907 12542 5089 5742 4743 31686 5409 30022 16078 23089 29592 8977 11212 917 12159 20650 30304 15886 21489 11179 8996 4206 7542 7908 29393 15793 17875 14514 19697 7377 27310 12705 13980 5816 28128 3980 31337 18325 5557 20764 15196 1282 17545 12722 13115 28636 28161 16286 10573 7547 2281 12849 2403 1011 22264 4050 23058 13259 27523 1112 7637 8857 10666 25481 12169 23586 7456 25608 1623 2573 3458 13515 4030 31015 10598 20552 23964 14028 11186 26384 29684 26897 23282 20880 6449 8325 14750 3082 19956 16497 5516 2430 30395 22713 12163 29450 29546 9215 0 12018 23317 11174 29551 7487 13322 10360 3766 28892 3094 20526 32477 3430 14229 7654 17176 8329 21347 16384 24013 32350 12598 22144 29857 20295 20681 28270 4388 13198 8811 29295 21305 30417 5811 32332 13089 2439 8270 15053 8514 29477 23363 25942 28558 1461 17681 2273 6960 21453 3252 27381 18515 31650 4218 1497 18886 14862 19939 3698 32462 4832 12384 11333 13355 4796 23006 9228 3941 28521 18496 15051 5959 12232 24083 1340 28854 9577 23104 20976 5318 7348 3293 25293 16043 8152 24622 20114 31120 21894 13656 30680 22081 8717 4100 7332 9266 1807 8925 7857 10709 24433 16328 26994 13560 16747 11723 7862 16048 6872 10799 25017 28441 24434 23993 25432 7849 17157 28355 12572 3044 8875 5338 25353 14701 30712 15223 16702 6904 24819 21498 17598 11950 29610 3906 22033 12302 29417 16618 15538 25459 21702 
6942 10964 26203 5244 15367 3579 32090 28687 17352 21625 23262 17027 31162 9036 6077 26019 30759 12039 24576 30763 12386 1467 28 26300 16679 5776 780 29614 17732 7668 23140 17559 14142 30897 16109 2767 10740 11226 28684 25816 30374 1414 20099 6642 1932 7797 18493 16490 8617 13489 3625 28970 903 29077 11478 17206 11368 8194 3003 9680 23332 19132 2735 13103 1662 20673 2891 23251 18838 7506 21104 15297 28397 21560 9518 4261 1744 23839 20205 2749 1103 15266 32310 30093 20745 64 27540 17474 5231 28894 18987 29643 27038 458 13728 20449 29731 25177 11345 13695 26178 20982 20625 22329 20618 3255 595 4769 9246 1472 27927 2092 31438 17341 17079 8663 30710 11686 15355 18538 3093 29060 21318 14263 28451 2061 24228 29294 18921 4300 18729 32689 17451 20560 9806 4445 11148 11321 23477 32149 23062 15419 29694 5548 8700 577 16044 21068 21201 10508 3349 21555 29168 11982 159 10977 31209 2209 21516 26413 25341 9717 4972 2372 21234 14685 26719 24107 9268 6177 31759 11405 5094 10137 24598 22500 16754 1817 10349 15956 9844 10748 19795 27425 16307 21438 3300 7807 13888 22959 30915 6136 25868 15883 15879 22651 22760 26174 23346 3545 30346 11196 26792 13505 13387 9231 2241 27698 11476 25957 6996 22615 28679 31891 24880 15566 26492 18932 24057 19915 32290 19498 981 1210 28041 5414 26609 27452 14067 24267 7936 23440 3521 9472 31740 8866 23405 27014 7342 26497 7702 13912 26695 14904 27130 6591 24939 23287 16201 11178 5312 2708 3330 12628 7085 6085 31517 29120 19744 30732 21974 17788 17683 26048 31103 11518 7648 18342 5459 19383 13046 5193 6240 15888 2726 4159 22954 31277 12484 24271 1188 351 3795 31806 15223 11886 21874 5635 16374 608 113 28482 18307 4559 15652 255 12885 30593 15009 16024 4626 14760 4753 19784 2225 14738 4004 25225 32095 11616 21751 10430 1526 32196 19961 13489 2160 8321 13228 14525 27341 1685 1190 14436 15999 30471 8854 24292 22577 3463 7447 18397 22586 32085 9484 863 20344 13250 17710 94 21425 26205 548 4530 20351 25952 11451 11562 19806 470 1159 19497 4062 25937 8865 7815 26339 14711 31510 17836 1698 17367 22574 15854 11556 4074 27713 28498 8579 12737 27082 32698 13707 23409 11608 27207 5821 3414 22192 11171 8149 30564 32400 2910 5131 6364 24805 26932 30661 22480 11938 29621 9512 2648 29666 20344 32485 9004 22069 16423 
20777 12352 27505 2418 32628 27590 19371 11589 12999 15460 13201 23643 6979 13608 21624 15332 22281 25893 21642 10269 20715 615 19049 22996 3366 29827 8383 1788 23766 30227 6038 5485 2944 97 27891 25299 15119 1529 14740 623 7732 4815 10556 5410 24950 22998 14523 31177 22609 31306 2621 5085 28226 26187 24377 28766 3975 13563 16735 31347 19217 30108 24221 14032 14407 5571 31410 14634 22370 27242 17906 18350 20140 19579 11253 31800 9280 24926 10406 24506 29290 8439 22641 27828 12165 7120 14851 19017 23740 30079 19563 15221 17276 3025 30831 12201 23051 31090 6628 10512 22014 26983 9939 22210 18230 16249 11495 24643 17532 19181 2300 12958 6239 9758 8557 858 24150 14622 1709 10622 18527 16303 2077 13015 13153 15193 21798 24373 19159 32407 13870 6468 24939 22087 22255 11129 24229 3315 13300 15220 23115 24539 31585 15516 13928 20946 30209 20019 13469 25445 11662 26340 23936 25635 29470 837 20713 26029 16642 27856 20470 3120 26931 4510 24605 3960 17733 31376 25740 19877 14166 1640 29959 3258 28916 3520 6355 8520 2368 31990 14089 1681 18574 10052 26011 10666 8236 28769 10585 1422 8170 3937 12608 27334 9912 7381 15159 18654 20034 27106 13374 20869 7165 26893 26092 14334 946 12613 30248 4350 11698 14715 26482 24531 22961 32044 14809 16552 20456 6121 18488 24179 12664 15791 4718 1146 25109 8219 4869 4123 16158 29058 27625 6711 15535 18249 28805 6986 8241 4669 29290 4116 23147 8067 18794 30264 14294 3823 32523 2711 8214 24978 9866 1056 30635 8418 825 15150 562 5620 31617 20298 4331 28215 4362 24174 5803 20180 27479 30764 22483 19833 10912 14610 14505 2218 20933 29731 13694 26405 19608 28729 30982 31253 27583 3708 29268 26793 385 24500 5534 26502 13201 27015 18055 29026 7656 5139 23310 7294 7315 3898 1540 20514 3121 18530 25701 11118 10937 2891 4255 11777 22062 21104 14241 21441 27458 20738 17083 4878 13204 23241 10867 26276 28376 22558 31097 32699 3879 17397 16393 24385 677 27218 16299 17019 17214 9203 30428 30408 7081 22587 18075 5340 25237 2807 12397 23244 3306 3626 31308 13247 22000 19797 27111 4431 21134 2060 23642 8439 8706 10435 17254 14064 19152 14294 21744 31666 25257 18734 14261 28151 27721 30336 1405 17003 3360 9748 15496 190 15475 31291 2897 20240 3662 6392 7223 19215 3564 9027 1787 7363 19313 21233 12988 18034 23155 14948 22811 11417 
7745 15459 25599 28057 14375 21476 21990 25923 20440 5424 12293 26515 22053 16768 19721 6159 3512 7859 11262 19271 14928 15157 12653 9364 29336 15493 1931 26039 20386 8045 2848 11595 17071 30237 5021 16999 27704 14411 14679 31831 8556 26475 29647 13479 30722 2562 12849 3930 10980 25123 26257 5209 25015 16397 1008 29590 17166 23234 19310 23993 14719 30850 6637 21069 28524 16739 19750 16443 12612 1670 19047 25949 28413 20681 31617 7937 27302 17837 30526 15297 574 20067 25332 313 26528 24406 4481 20052 10463 31970 6672 25339 13639 26681 20158 5394 27970 6161 27004 1974 16441 4573 23526 8125 28890 15930 26742 7950 13839 9217 11593 28722 25875 22412 4016 4243 22221 779 31454 15156 21505 18118 22169 18677 16304 26403 9347 23312 2853 16513 32075 32389 23439 31931 27518 11561 15508 23994 13602 29159 4098 21525 6448 9992 14452 30051 24654 3137 20279 19274 17509 10866 14660 18107 1415 5247 10099 2249 4664 26163 23227 7781 5612 14429 4757 19710 19228 2613 32288 28754 9034 13885 146 20992 4416 11738 27964 3517 3750 14888 4501 7018 11085 10929 22316 5453 20807 5816 4271 12369 26873 22311 27950 23534 10226 3604 30531 7591 32759 31727 26600 24948 30991 3424 24122 25214 2047 28241 28757 26174 9128 25168 24283 17600 15165 27271 22001 199 32301 1208 17453 30343 5876 7807 19660 25375 10145 27268 32442 1583 30735 9414 28341 9270 31824 900 1975 32761 9515 14567 8500 17821 1572 25623 851 13581 30387 21885 17807 8156 27043 25373 8572 25701 3312 18834 28368 6128 3758 20568 32449 7865 26825 24572 24319 5692 25393 192 28816 27826 16192 1863 3202 10136 30675 7327 22406 7486 16060 13973 2445 17162 30988 13276 15471 12957 26675 24323 2049 12463 15366 190 13682 2282 13070 29017 5617 21227 19648 13041 32292 3358 10126 19659 5587 16974 18855 8414 25993 13370 23839 25707 13512 4420 8579 3592 24892 28724 1921 26202 12284 3186 16635 22466 32670 16844 15088 13051 25191 26755 20813 2423 16822 20823 932 1884 20721 10326 6580 30058 7404 13765 16062 12890 24000 4448 9664 26947 9918 27650 29367 29683 9041 15867 18517 14341 5089 26262 25289 4011 5294 439 19989 11831 21245 22549 18481 15407 4010 22783 25769 22571 6710 16242 26565 13779 25582 25386 14024 9360 9115 11401 8006 21094 24611 30937 8222 17162 18780 12127 27493 25894 17426 19256 2092 29914 19849 18107 31991 12092 
26514 16830 22842 19782 24409 32389 25813 21486 13572 17749 5050 1507 5288 15423 29056 28122 2723 26480 21371 24933 29867 11988 17502 16107 24509 32333 23899 17998 26731 29999 20104 21717 3019 31986 3131 31393 7445 15740 6925 12766 13519 31071 2114 27433 9125 15575 19188 14582 1230 14190 49 21534 18235 28999 27490 3350 4957 28831 17451 10164 14367 21957 8714 2973 28370 21381 10202 22518 5713 2460 9743 18111 15612 4779 19037 271 30130 18132 28991 8343 27655 1380 7592 5233 15708 3765 27604 8193 24000 14178 10609 16281 26857 19277 8910 2819 17408 3064 26872 14121 23997 26246 5097 15992 31495 2280 27425 30810 16663 7084 2410 25779 31328 12353 8865 5019 19575 15892 18084 2579 32519 2158 8956 29672 20876 32248 16117 17084 14387 32568 1228 18928 4277 23910 29051 15404 16949 2384 1284 16768 12673 12265 7298 14518 5125 4121 17693 12449 11480 8197 25036 17557 24221 29935 11407 18297 12175 19824 28988 19003 13336 5223 14427 28470 19501 18295 24938 22784 15779 15844 15559 28970 2219 17226 25094 25323 24768 8699 31103 1067 28780 1377 29271 31668 23750 30926 13886 29260 13404 2060 8025 11703 25550 29061 27929 24720 15084 10001 6556 5896 25315 16596 14907 6760 20728 11980 3496 9415 20438 6255 27163 20002 23334 6927 11892 3974 4916 24539 18963 18639 8224 23227 11790 537 5450 3976 32129 16844 11695 12182 4336 6521 24028 17424 8276 9734 23857 1614 1469 3268 24641 28645 4431 31742 6409 19563 11073 26160 5504 28960 433 31875 15413 4067 4435 22882 18629 2360 27970 11792 12943 27822 2983 4429 6694 4088 11589 1324 7499 17602 18650 22429 28956 4637 24012 2074 10101 31633 22484 17813 11692 27204 11713 5283 2672 15608 31460 5067 9721 11356 25420 11047 1792 16633 477 28652 18691 23341 23535 30149 24425 5639 19097 18452 23643 3384 15670 2493 18576 7517 6226 11111 31180 13865 26555 13277 18965 14731 2772 11780 28408 6362 23033 18160 22754 26583 24277 904 22681 28131 30713 4811 347 4116 19606 31248 12784 30893 17917 31449 460 9823 16740 431 10473 23555 195 17895 20512 19061 15721 6197 13532 27563 26519 17438 21151 27594 19654 31383 32293 9904 8467 4366 3692 162 26064 8918 14161 28374 13031 12137 16159 20837 24461 16743 13817 31456 32061 31050 10085 19316 17740 955 22385 19188 1018 24844 4150 29139 13394 5452 3039 7588 7833 6478 9479 26642 7567 717 
10728 4302 24456 12396 14493 17303 605 9409 22297 22395 3635 26614 14133 18383 2433 22647 30734 13141 8092 14489 2511 12174 16838 10470 25380 30274 22833 23712 6007 9079 18929 841 28780 32273 20606 10588 20993 16995 19679 10041 20618 13097 5582 4608 19549 27818 4785 17585 14484 21880 15258 29743 9266 12811 23940 29716 2768 27295 8009 2820 8153 15277 23113 3647 12086 7348 24570 30315 12300 16544 14083 29267 14838 13696 4065 10157 28926 23716 10709 7270 13750 16743 24818 29090 17211 2826 1962 4408 3579 13577 587 20429 26795 19938 28615 1409 26578 5150 19200 20418 6426 9389 2620 3201 17456 5346 22961 19745 24864 2829 24754 25688 6132 12103 16781 16643 9206 32240 10472 22011 19784 23760 31772 14638 13440 29721 29626 12400 25524 27376 12319 7952 11667 10751 6687 11596 1208 15924 17791 22232 10201 5238 24203 27562 383 25078 22525 6847 18922 26612 25406 29715 12037 4037 22206 3951 4640 17935 28553 5714 14604 19832 24999 16466 29945 21700 7730 17137 27377 11463 179 25390 28367 7349 23885 30182 17028 18680 1474 4119 3288 11019 30203 4657 24363 29747 8234 24140 30442 14570 31942 15158 18354 20642 6081 527 10010 20194 13336 12950 19305 5566 8594 22943 7057 29872 32146 4813 4532 12675 11475 32700 8578 1415 14494 17986 8831 22042 27922 20798 12826 14403 32033 20215 8400 22566 18824 18017 12734 24432 4071 12186 8746 3910 17532 28669 5275 3407 1949 1567 32668 11696 28231 384 32047 2286 17672 27600 3746 2204 30009 31773 26279 3302 4536 27501 24014 9871 10134 10497 17294 4516 2571 24312 23992 20753 5297 15069 741 14059 14073 8183 17000 26790 29443 17993 24633 10164 22350 29337 32704 24499 27249 26015 10520 19193 17572 26445 5259 28300 6541 22046 7566 11071 18025 15098 4728 11856 23120 10421 30037 11680 12010 19548 1696 29386 20286 28393 31944 7690 9406 1397 26114 23838 7727 9735 28811 31566 19508 6699 7113 13920 7771 3212 15500 28155 24056 20044 9744 15152 20840 14652 21335 24023 24924 29922 17550 9049 11530 27364 5840 24677 30399 25509 1606 19017 20291 20488 1884 31582 10902 13498 1109 25461 11048 23601 13119 26781 9423 7276 20762 5861 6210 23629 19891 535 32574 28764 18323 18660 28901 30711 18928 7044 1173 8795 15497 4568 21157 16620 23212 22521 775 1596 23106 31304 12580 28463 32727 21624 1974 7927 6772 15179 18576 19907 28471 2510 27758 27281 
15908 23929 25134 1030 18171 12108 27894 4709 15306 112 22204 11705 24210 19980 1348 26397 14981 22412 1563 26059 17122 20794 18975 4330 30006 2812 15247 18477 20294 8958 23270 20281 4858 5167 22620 3809 15562 1834 17993 22418 13560 6486 18720 1567 30553 18404 14836 2893 1075 13441 31420 16975 14976 25551 7592 28721 14544 17332 11520 25897 25051 18914 26462 23406 16078 28730 1594 9346 32755 10098 29413 9898 23434 19280 23376 19710 11080 18089 26149 13195 25973 10923 19591 7277 32602 8187 2519 12189 12365 31469 30723 10680 13248 18619 12580 5819 28307 16419 16045 28778 25395 18991 24111 6313 5766 29454 19452 11535 30736 1001 25801 18068 7066 13134 25081 11376 9514 1743 22681 28970 11042 18406 30319 5753 11842 10172 12519 15209 31089 8966 13132 11887 24585 28568 22890 12926 11997 14435 8089 26556 5587 24915 31499 20513 21968 26763 30157 5522 19628 31740 16171 13754 14917 24550 25733 5220 25247 28174 32604 5269 5624 7670 16646 15309 12753 472 31480 28025 2408 9851 11735 30289 21100 5837 23836 13037 28316 5280 15647 25309 27653 27106 30381 227 16758 32165 3362 21033 27617 10922 18388 2720 27800 30031 703 965 31263 23155 26659 9093 26079 20911 32055 8350 27210 19951 32199 11965 16685 4562 26649 12294 29950 24554 14073 406 28239 14854 20544 3391 21148 27608 23248 21368 16845 10646 6448 1933 31824 20715 28916 2470 9371 27191 2432 23199 13233 23669 12450 14434 22390 23175 19475 9265 4644 21326 30969 26174 31923 16312 2198 32538 22586 215 2415 10824 18389 11058 24741 31857 31513 2678 30494 19300 30955 31724 19348 28169 7453 12441 16842 9619 4107 2615 12813 15040 22711 9496 11282 1239 26957 29195 14886 1669 30543 25910 26622 4678 23917 27056 4046 29088 18748 25204 21196 25951 23321 10616 16249 11424 9994 18492 28323 22253 16755 32488 6848 27905 32464 24928 19471 30445 28595 18261 10519 26904 856 23031 24450 473 525 14314 20972 5494 23226 23389 6996 11501 30846 27708 13218 1471 6693 27202 23071 31917 25391 6059 4245 27240 5308 8762 16437 12542 32044 19701 3663 10927 27953 3125 12695 18800 6545 8288 17499 2579 4871 4576 25741 4942 32495 23457 21291 9551 5073 15583 20614 15778 13445 23808 18380 9708 7012 3738 7862 6639 721 21438 26434 14273 3675 28341 16 17615 27321 28466 5085 27825 5236 506 14015 2141 5322 18106 10678 15395 8363 30159 958 27632 
6823 1148 11937 11497 13957 30728 11715 18949 32645 14663 3542 24723 528 26314 7129 5124 22143 22777 10290 4737 9883 20237 25813 1315 17043 29262 2497 9671 17065 25953 32629 7230 31776 23936 7049 9982 24449 16876 629 5647 19223 2819 2757 19108 1414 24528 5441 30692 17167 3389 25437 23095 26508 967 6534 22827 13207 14790 13388 11826 15394 26010 27703 2249 5389 11700 3280 32003 17852 28945 3273 14240 27155 26580 21657 14549 4484 6246 22195 20399 23849 2396 2348 2792 23749 23771 20466 6906 26777 17465 5258 3825 24863 26216 5794 16744 11439 18820 18887 2399 30841 23797 25690 27246 30357 10295 9310 22180 12014 6739 8524 12189 6188 10328 6748 30542 30529 32235 4332 3871 7226 8676 7225 11953 2830 29344 28007 30695 5454 30659 28594 29096 19824 13739 23731 27294 32617 20754 16759 17337 8021 27732 15720 7884 23753 10549 9574 6170 29620 32599 16174 18688 29061 15773 8310 10299 8095 19632 3621 2854 31969 10261 12659 5501 13012 15551 20581 22725 7775 8576 25027 1481 5741 26625 9826 23878 14595 9756 9148 5628 23004 4353 32641 26283 32418 6924 396 31281 9222 15756 30376 19024 8106 19553 2514 16637 5535 15542 17155 31126 30896 4557 1275 22821 6451 22565 32667 20691 31748 16342 25479 25447 3170 14179 25323 17 3918 19702 6564 29276 15952 23091 27566 25741 10713 31041 26019 7474 28678 30469 7015 1252 15333 9788 18414 4182 19688 18041 32388 8027 32232 8716 6612 4836 22969 1240 22380 4070 30808 8561 20192 25999 4247 13552 30996 21154 23982 11884 30653 23938 13852 30839 4329 25959 17780 1578 12765 1974 6819 23879 9370 16964 5874 20236 15310 15128 21641 19882 1475 8965 13120 15460 15079 6746 12563 18071 13172 9493 7146 28164 23057 17705 10778 7351 5463 18660 27550 29655 394 32025 9461 1687 23687 12809 3313 6894 1545 4734 31529 5304 32247 1900 19056 2213 13275 8774 18195 3085 18728 22981 11917 14526 14917 14531 22265 29817 23802 22483 17889 13623 16602 4307 25950 20000 9161 30660 13753 27282 26082 21833 194 9242 1094 11808 23951 9845 22590 20677 11738 9879 31258 16592 28546 9892 4221 15591 20318 2062 4500 17085 11934 30083 10538 22628 6150 3353 24646 27136 5153 227 19401 629 30483 23874 24986 18495 30594 5050 28470 16066 29767 14999 8350 25540 13481 29153 29369 441 17043 624 11966 18325 6380 32420 30913 31560 2446 7549 25718 1061 
16419 22146 4019 21650 9263 27831 23697 24609 21177 13058 20852 27371 1674 26231 18701 8958 9906 13450 21021 1885 20452 20742 9376 3123 15302 8857 17624 22145 4042 28379 26770 31101 5973 27133 10805 27693 4347 13858 15729 24868 25051 6925 16200 26686 26710 14930 11718 15315 5600 8873 29354 26454 12301 15342 6031 17092 13285 26875 2692 21006 15021 19228 28804 29323 32310 4368 13394 26084 3520 25899 1321 2024 8007 18369 20225 19815 23382 3629 7343 6991 25763 532 13493 16891 233 16821 4788 24333 27885 15516 29351 6224 17633 9776 31305 19662 1722 28359 2282 25014 18314 6882 21708 1289 5161 13503 29081 14408 29103 21426 7646 4605 15388 4423 17648 23062 7718 30266 18127 8127 23738 2885 25978 20895 12514 7706 29248 5745 22657 9474 18721 15061 20645 3418 152 2067 18171 2917 32405 7045 5337 17394 13927 19465 7395 20040 17945 10166 11390 11464 5608 26482 8234 21036 14853 11632 21736 18318 8986 29132 6474 13502 12927 13820 31186 18865 9005 31452 5465 27070 24545 20552 17505 4620 32583 3145 12567 30012 20549 17018 14518 28688 21732 23995 31598 14774 23141 27762 16144 19677 689 24153 20676 943 2623 4296 30206 31511 3770 24967 26287 30131 16323 1904 22021 30425 14765 4636 405 20379 1156 599 3832 26956 15295 12399 8547 30986 21956 14344 10176 9687 16796 27744 17505 28501 23949 5154 26810 28728 29506 18787 8234 6344 12408 14263 18123 15431 17800 22300 12461 19134 5844 6798 8610 6786 22856 10976 11144 8163 21523 126 23984 32066 17067 505 26089 1046 28899 10878 30014 22065 7042 32479 17823 25224 32417 13845 454 4753 19009 26660 13922 5535 2605 29383 17357 17305 6657 9085 13352 9769 17341 945 8981 25691 22097 12351 3420 27399 6362 2054 24065 13139 13414 26610 9510 11002 6853 22023 29569 17340 10113 10536 19934 28642 10628 20393 567 28650 1434 30393 5051 24522 4451 22553 19222 18687 7075 3755 26953 1328 31030 2300 25095 30838 3252 21499 4513 21479 14597 11583 10290 4333 12256 23519 4309 29423 10900 3204 13708 11714 6119 11814 31750 4939 3036 21973 19426 14854 5510 16454 23162 12484 15451 31906 32706 32468 23376 13223 7486 11962 13994 5178 10974 27738 6017 4546 11036 7702 9900 28447 30548 5201 20273 15410 31822 22258 7756 18005 3683 23077 11123 23992 24017 13245 3393 21917 18610 32345 17880 26051 18832 3670 12301 18401 24154 19677 6533 23340 
21352 3161 6628 6403 31608 13088 2032 6451 6460 12214 13971 548 671 20536 26901 19641 11434 6353 9988 14918 28874 30891 23447 31354 26606 26449 27156 26827 430 21290 22983 6976 3551 18643 1484 2307 10221 4905 5548 26770 13027 1588 6369 15308 19046 3417 3525 29192 28466 28232 16878 29950 27351 5155 23042 4983 16829 16119 17420 28720 23852 14936 22097 24731 4627 6813 5983 949 7561 11219 20065 27484 4062 18158 19785 2553 18848 18576 25796 10630 12316 20444 5397 14600 17289 15221 22102 18495 29515 5574 20365 5837 28274 31476 18005 9058 22118 6371 17102 7972 19533 29254 13291 16533 9454 19800 16887 3167 5720 14066 7934 1437 25286 21609 17416 28770 10625 19703 29818 32253 17731 698 30923 14361 32653 20955 1319 8061 26349 30205 30341 10549 22460 17546 26079 7661 32013 11295 14700 26079 5818 14417 26017 28721 26390 16651 7281 10936 30490 29129 16893 50 24498 19363 9842 26067 18114 24894 20055 19306 18451 31603 14788 13962 24481 24886 25051 10404 1510 26711 826 22642 13076 2545 13545 10092 8201 11092 26592 860 24700 26977 20450 16821 29894 532 4910 30549 11169 30703 29552 2734 23116 10454 7341 8136 11557 5696 30351 21059 26147 28722 13495 8136 12026 26432 933 26648 19306 32359 8647 13575 25481 1624 14919 26360 29929 8212 22008 11207 20113 28244 28107 21383 23904 5357 2279 13524 2581 12034 26954 32658 15027 3096 17114 9252 10796 16878 22766 2193 8384 42 2556 28326 1065 19614 1981 25239 13239 26685 17568 29823 14250 4478 26834 17281 28548 15593 27717 18540 26017 25115 10522 5841 15040 31700 6577 5975 5639 27455 20228 12299 13367 3350 15487 18088 28056 23652 21464 32601 30560 3680 14962 925 7269 15634 25503 19318 9285 26623 12321 10360 1717 18861 30282 15203 19769 1781 21745 19324 29832 8046 28462 22074 25190 30975 20465 5304 24902 14547 21042 2298 20954 2035 29834 7082 30761 27523 24699 17792 20225 31756 1788 21473 29896 3259 32390 13392 31764 15391 29583 31249 30820 24059 24936 16705 8156 27891 4139 7722 6656 19163 23468 7251 7726 21470 13831 11517 19001 27380 12003 9689 31215 16296 23347 15691 19088 11794 27093 6785 17179 18132 14804 15888 20300 8509 29113 21957 18656 12057 12048 31361 20979 20434 7137 32548 23820 2750 9193 24604 4792 7004 23500 3913 27 17699 26457 2403 24378 21279 28579 20871 19666 29621 26040 6155 8569 25769 28642 20923 
8115 32418 6540 22858 11355 16954 29575 25127 6948 29672 4631 1109 3772 48 5488 17181 10376 15503 8962 2448 24458 13119 8776 27833 18191 10347 15338 25185 10354 11269 16074 31403 22049 18263 18982 21916 21711 27150 10413 17341 8646 32597 24092 11919 19995 7415 15762 5956 29674 24560 11605 8429 29650 8577 32138 30765 3510 30472 26122 7695 24602 26194 4305 20435 26308 31444 6975 27750 12596 25489 25658 16864 17694 5353 14719 7322 29376 2758 9760 4766 29461 32014 23720 7767 19066 24436 20238 15723 19649 17928 18547 6848 25271 4677 29143 3578 502 7230 11481 23392 30360 29903 12745 2929 15730 4547 6261 25310 19650 31115 13301 6528 12478 7087 27813 5798 28323 13306 9720 20983 21373 29811 28110 28900 10553 8131 22033 9221 27056 14011 13141 17855 22710 23115 16451 30508 23252 19027 25072 22473 4790 16670 23117 6936 31658 21703 17876 20142 6835 28012 13563 7284 28898 18522 8681 18682 2610 31918 11161 22279 12242 4943 4736 26281 16828 13747 18794 4182 13039 25746 21168 1539 27939 26467 2269 3960 30305 2144 26962 27594 4417 27001 25910 4453 10491 7441 15701 8214 29186 7316 14373 27981 5759 22280 18956 15480 2897 21172 5524 632 23314 26709 26643 16682 4272 13960 8167 3559 12149 4550 24693 14252 24423 27547 2807 1470 30901 14284 25780 9629 29442 23941 3979 11738 1450 12521 10798 1796 18454 6533 9404 2070 10255 25871 4911 13036 12625 20160 18745 1630 4609 25236 10577 12091 28672 7111 12459 2461 2993 30693 30394 23843 18023 25441 31518 25145 12838 16875 18889 1877 9399 13567 27253 4209 15989 2567 19034 11062 54 25156 6215 18348 14851 3926 8502 24994 2748 5265 22129 4723 29681 4552 5798 9417 4994 798 3325 29386 27750 32321 3753 23669 6627 14989 4826 2837 1855 18366 6336 19056 25319 26683 11160 2642 17176 27452 6414 2341 11760 12820 4110 11188 2932 10368 9217 12382 19166 2634 24992 31289 1833 2206 14451 17946 3036 10515 398 18204 9543 166 13166 28272 23340 14848 3245 1143 18316 5596 21806 9433 26844 21850 21423 32184 11572 20977 320 4803 7220 7718 9987 32501 3835 16456 32597 30947 15049 22500 4948 11734 27908 14331 21418 16482 29105 19982 23016 14554 18093 2754 17556 14588 8904 25588 28707 29036 19087 29781 16428 18455 30399 14386 7563 24284 32118 7899 19707 3036 32532 31268 28396 6278 4664 9395 28032 14023 18987 5445 19704 12014 
23654 10833 27681 16758 3105 24482 6442 4013 31999 31217 21686 8552 30446 15755 21 14652 15893 4898 13791 27466 9090 13123 20233 8880 10885 16860 11128 13420 31702 15942 5390 11402 31413 4995 4249 24828 7606 10290 7847 15875 11825 16580 28618 5912 19556 16462 20314 25519 11141 22131 15073 11470 10247 28606 7003 22432 25464 5267 1509 28201 697 17463 27860 24485 25835 29497 29229 21718 28927 9288 24170 20138 24380 16148 15965 1329 11398 927 30139 21305 22834 6527 19534 18555 14293 16237 31803 30102 17485 24309 2732 30317 19278 24073 27479 16411 18269 9859 32386 29295 5265 587 29722 22113 5931 16387 12072 23992 1206 25328 23812 4738 4178 10274 18811 24560 32229 20198 8140 29352 306 18716 4894 26270 23628 8542 1395 3494 5614 23888 18354 9447 4638 11081 23359 3251 18283 31461 2568 22397 15454 6806 1282 32407 31362 30897 30761 10568 22290 15864 6840 27668 23234 27908 23434 9832 29814 12386 22882 29699 14542 16716 30551 11157 5829 19983 26237 11583 25487 12242 15939 15025 19452 21662 12126 13898 5408 6716 9099 6551 5373 28873 348 26207 22653 29201 30351 29272 2334 300 25791 10247 1298 6910 7300 31755 30737 1835 25637 1900 4589 12971 9682 9931 1282 23514 740 2825 28555 30439 20133 16883 16304 26750 11735 17812 18282 5323 19138 17777 17685 20451 6281 13658 19264 28067 18825 4763 19543 23485 17378 2129 2551 20522 14951 12010 28906 1331 28269 4027 26994 20571 12442 30798 7479 30819 1724 13427 2716 18214 29788 15390 31799 29506 19503 68 13752 18695 26202 21521 25937 5517 5715 11012 25625 18014 22739 2334 18379 18518 20425 12971 27361 17200 15279 12171 10766 19441 12922 21428 20021 20573 21839 2875 1646 28737 24827 3034 2695 32244 26938 5576 11345 27659 3097 7643 16910 17058 9961 31411 1733 9532 7519 20802 10893 25993 19574 1773 15245 26465 19852 2722 6175 17961 5605 11461 26707 15577 22899 20579 15279 16493 9266 4812 10498 27527 708 239 18804 19432 10972 4701 19667 23335 22980 14297 19769 28717 1944 19450 2298 14837 17967 30311 4672 30826 1701 16221 5857 7118 684 15338 8918 10158 30421 23743 28159 897 11195 18656 29743 23204 23242 20553 23833 814 10620 7522 7804 21177 31259 32404 23745 27432 31174 29416 6149 4026 29272 2926 30141 235 12600 28033 21413 17538 28385 24561 22076 15885 22042 31943 30036 31973 31700 3373 31047 1891 5800 19564 
6876 14646 23152 467 30265 9901 8712 3876 14359 31791 30776 9005 21811 29413 17056 16020 9696 1260 26191 29024 25214 10686 13515 26666 26408 5082 18573 21995 3440 12330 9919 16765 28379 23665 19981 10013 10373 32517 30773 14233 6447 31884 22427 11770 26726 14964 28834 9199 15561 30801 1631 29345 29468 28855 14988 18420 30594 9389 7743 13307 30364 18019 12133 23374 28494 19768 14695 25539 20147 17738 20480 22418 2624 32656 3969 23037 23063 9180 1651 29890 6587 32064 24660 30359 27476 16637 6357 1692 22740 32187 26768 25500 15852 24760 15958 14293 13885 10773 17315 28873 31375 26748 21555 22286 12145 29070 15238 1323 15085 26867 16211 8359 14775 5727 31619 1950 25675 15028 24564 28784 1042 7574 24408 21692 19461 18243 18160 20269 18741 7990 9833 554 19360 23033 23482 15790 4595 30678 26842 4130 22612 19572 12998 25069 24205 22528 31059 21095 14763 28935 26765 14196 25067 6874 22503 26161 13676 27064 32500 31400 13909 22023 15526 29620 10683 7881 28784 20974 28154 26833 28019 25161 1523 213 29383 31547 4894 32277 32077 15233 2169 189 8151 21961 27228 30808 19940 27385 26364 5710 13120 6701 30822 13874 8802 17272 5153 5225 19511 6921 27471 23005 3368 7728 19005 10533 1788 14920 17322 12868 4733 31529 174 17567 19936 31826 26156 26905 15131 31308 26477 22631 14728 31341 26468 5611 27827 26362 21467 23172 18798 9673 26198 17860 22045 12780 12431 15323 13052 18417 7717 16818 7979 1082 10167 29653 3616 15679 14728 19700 8158 23101 17161 30369 31229 13721 4133 32153 15715 29493 6383 14045 18409 18647 13493 3383 4661 22709 3587 19524 5239 3805 18516 9506 2430 19213 32079 9673 14730 31765 24803 20068 11752 30944 2681 3311 31435 452 17892 9294 25407 22943 31234 11182 16213 17706 26408 14987 32567 12950 11376 17259 21647 11243 1591 6901 31769 3300 19137 10804 4170 15359 29791 29174 17535 22372 19082 13617 31726 27331 12657 14817 15978 16704 21476 423 8534 1544 24158 17909 26230 2834 6746 203 31258 7106 26797 11782 19411 15511 23851 23764 28981 18469 29323 4198 3193 23735 10730 24546 31306 19773 23559 9748 27938 8170 18603 24527 27747 2144 20963 30272 1857 23177 26907 7737 4350 7977 3787 8030 19944 15112 118 10779 203 18033 21230 5550 11352 1364 7116 13332 24874 27816 1503 16940 22919 31898 8402 6936 25059 9940 5362 18118 15696 20569 26227 9567 12894 5689 
13013 8454 24084 606 31650 5561 10817 836 1515 17922 99 22726 22518 9224 24880 4373 346 3423 2815 24748 10191 15499 27694 832 13931 20077 11411 5606 16182 29544 7191 1237 3461 17666 4688 23476 16045 4514 17145 6894 7234 7913 19507 11226 24022 27355 21135 14587 549 26896 15164 18912 20412 3869 12207 3329 31327 18602 25981 31634 17866 2239 2816 1639 19204 10215 6032 29234 1129 3486 12877 25320 6840 24466 9519 24963 29752 15308 24511 27803 2570 25851 28589 31611 7079 27692 23787 29181 26777 10852 31151 3311 27361 2195 19455 28198 185 19688 19269 13403 8819 23483 13453 14778 12213 11031 31640 31898 6939 9569 6812 28812 32396 27386 12000 10249 11246 16218 23017 28867 15058 6742 27292 9348 22236 21653 3017 23066 31646 28425 28692 7499 18698 19739 5611 20428 30738 18303 19376 30107 22804 4054 7450 10798 8032 23103 17110 31718 10000 4555 20164 3006 17090 8581 24209 27928 22650 689 21664 22860 23930 29521 10217 2929 782 24580 17585 19900 22493 10483 18143 27437 29677 23115 5200 2690 12635 21928 6011 16370 8950 11694 7490 18207 29883 15508 16413 28806 31741 14200 14298 18853 12555 24224 11406 6816 24598 6664 21134 29050 4758 23400 22175 19119 5923 7277 22 9314 16087 22813 29741 5888 19261 31388 18392 2140 26382 11117 5237 16201 19445 7149 3113 29192 31933 5411 20700 26434 3889 21788 15863 14807 27464 23544 10510 12558 1433 4799 7638 8150 6166 5953 13213 19772 7343 26048 2466 32328 19542 24420 19998 27762 23429 30992 22122 25119 5166 26628 22973 30376 19433 3093 7660 8915 18449 30748 14557 20668 7982 5735 9446 17207 27646 21457 14582 1712 14819 23139 28663 12761 8406 4766 26766 2067 23475 20601 29900 10127 4872 15083 23006 18567 30806 6908 25604 1311 6593 23090 32204 69 3334 32145 31542 23630 28243 7725 22496 25617 3795 29413 14349 11797 15054 26780 726 4742 31643 18900 7979 27248 32573 245 21328 547 16702 32127 27903 14804 10898 22343 27966 26848 19123 5432 24508 23248 2561 32405 10311 15888 23593 13489 1572 4400 14608 3970 2090 16527 1474 30615 8752 26334 22172 28769 25136 18180 23745 12137 4997 27703 26725 26380 6176 12614 29351 18493 22332 19534 3477 20588 25667 30002 21309 5622 21566 19795 4520 17743 28560 32408 951 21860 28202 19400 6713 28321 6390 20051 3753 8168 9014 10465 6304 16411 25060 3242 31482 28307 8443 19517 
30858 760 9031 3884 16380 3380 607 28685 6975 26229 1651 5108 16784 24196 12808 23236 11577 8464 14162 30260 8591 24668 31902 5889 5568 28501 22539 12719 8075 15077 14805 7306 20103 30894 2237 4408 26947 28307 2883 20389 17739 19264 24329 11792 3022 8055 25046 21732 15727 32201 30830 17525 2214 28070 25640 6650 16096 10466 21781 11467 1451 28999 32701 13816 24277 27144 22598 29848 12729 18537 1032 10331 10077 5106 1924 14036 14129 25992 4544 12383 19140 8286 23286 29805 17605 15998 5335 1147 6989 31190 17642 29640 16845 14406 1674 5782 32608 28985 5446 18879 24706 16813 4486 20672 14749 28436 6549 12857 10668 2609 7926 9092 27798 30867 14514 5036 9825 28207 25007 28150 14688 16394 5196 12084 26421 24333 6811 5770 21945 15577 17216 26879 7046 2011 16887 7341 2385 29158 4338 1476 11388 448 20671 17441 23106 18271 20548 18825 19044 10636 19151 7537 19803 20794 17468 9272 1828 1203 18779 3974 7709 28285 14887 9486 19715 5978 23793 27455 4379 9454 16362 10906 30104 12441 7445 24122 31096 23100 12052 19253 29301 29642 22951 16700 5424 0 14165 29691 2415 17315 25300 6785 20087 28468 24679 26777 14035 5346 3349 6283 27607 30247 17835 4419 15142 22979 10571 24746 22285 32522 30132 21551 885 6810 10938 27844 14134 10731 17905 12385 13895 15282 14165 27067 27095 6423 19917 20685 3700 25392 14866 444 10357 14170 30101 10337 20085 28810 184 17600 18465 10189 19328 31026 18848 28607 5300 30148 20963 11432 29088 17093 395 165 28126 9904 21645 27259 16351 15976 25441 8331 27781 28471 12830 7344 2672 5615 27391 2845 23400 1301 17529 28450 8023 15601 14182 27556 24254 21062 13590 23801 7961 3512 1581 7434 29408 7648 14426 24279 22829 7144 13017 17350 3227 5630 6297 4117 15879 2399 28919 21539 17065 18090 6680 22669 13999 574 32354 24791 15997 1819 7564 4432 20542 15330 17183 32191 4347 1694 14739 32729 7556 20508 30976 12243 5703 6328 16555 11774 3301 18557 30042 20550 28641 11426 30268 32270 19392 8600 28119 27370 24146 11076 32440 30097 18138 29804 22582 31994 12704 23830 16413 18427 11829 20538 11112 28336 28772 14356 16068 22248 24697 6613 11081 28560 30603 30204 13757 15796 28652 1573 25530 2632 19781 27359 12698 16796 11654 26384 19670 24675 14641 27423 1336 14150 9828 19836 17331 32572 30117 30068 26748 2912 2379 9030 24189 8292 29702 7910 
29908 6944 13083 2951 28300 15333 6871 13541 29612 27597 17342 14125 14876 13376 1685 22540 29629 23098 3364 1765 20382 1101 10837 24029 9972 25990 17078 18973 20735 3483 16216 32571 8813 7741 18463 1848 21318 30732 23468 27534 11516 6885 14516 25114 19205 8235 4282 12904 31918 1886 23427 8586 2554 9327 19341 5143 24186 32679 16532 22335 21546 15457 13493 26873 28518 31725 3585 11110 26214 23018 8127 14477 28263 27208 16081 23727 27081 14655 24244 11869 1319 16044 27522 23763 29902 21719 19050 21390 7369 12615 22198 27782 6588 25087 30980 15074 24982 4774 27225 31734 26637 14378 14851 4957 18601 1082 19333 15181 5317 22480 8710 10005 25525 74 16676 13333 5323 12004 32726 32661 10018 11751 10736 15317 491 29359 12501 23919 10222 32250 25628 12360 26844 2163 17352 13200 19307 7427 30417 3010 10768 22306 14097 15268 11568 2780 17409 18210 9307 13397 9857 5522 6375 1757 2694 20187 6359 23802 20241 5817 852 26789 3168 4089 16332 7051 836 5384 30025 7080 28876 23500 29262 14494 16276 15756 24598 9797 18331 27168 307 24875 24802 27708 8058 4799 26012 14837 12723 16503 8804 15766 19272 18421 25427 12292 6320 30757 5576 24247 30555 1889 29188 21989 14459 6174 5803 466 9347 23137 11016 16252 31340 7733 1602 27537 15617 26543 13329 29166 13188 16619 3507 4768 9557 26560 4430 20730 11572 9868 20398 24564 24693 24717 23496 26578 20433 29748 15935 8592 396 22786 27317 16209 1613 32213 17638 14100 26714 23441 19508 19082 21868 11125 19974 25710 15105 32492 28669 11562 29187 1637 26254 23706 23690 30457 6226 2904 23075 2892 13063 10311 9375 21842 1918 1751 6371 26371 26274 21974 22225 23373 28925 5742 4257 27123 13605 30576 430 11985 25432 26384 19177 5172 16529 31356 25855 14652 17134 20491 9247 15093 15362 31416 27832 8889 3981 32065 3414 6608 7781 31507 19666 29087 16836 17502 6131 32347 5778 9925 21038 7755 20691 17731 24440 7450 15497 3114 12578 349 12362 19504 31641 520 30475 4569 19269 14074 32566 29740 3874 13582 30675 21168 29539 3516 291 18749 17891 29834 2945 19847 6718 27526 23127 16002 8723 19386 24271 32553 692 28299 6375 5603 20656 30646 21326 20757 15483 14825 14998 22532 21401 9907 4183 9711 27202 32171 3195 20222 894 18801 24863 32310 17872 27749 22989 9206 23730 28654 15264 32495 23659 25368 28547 23920 14986 31709 23488 23835 
21809 3056 19642 14005 14836 28960 22631 14506 374 26141 28378 5646 24585 32443 26849 26855 16051 16505 7178 28144 16005 19773 7002 3147 5749 22532 13776 8858 9967 25760 1652 32031 14489 3101 10990 14375 8423 30975 6732 31535 3401 25754 20200 7507 15880 25880 2182 27406 4127 5504 9425 12116 6046 12384 27374 10444 27512 29366 16061 7614 9198 15564 15006 4571 28111 11700 13854 6683 26048 8602 26790 18938 28717 1124 10186 11262 13998 11906 15165 3713 28043 7783 1699 22779 22198 1348 24427 15776 13421 2029 10982 6032 25674 29991 12572 8246 8763 4318 24303 17228 26201 25510 2496 26446 4033 24952 32176 20582 24089 8977 23176 23009 17002 13337 26600 25165 10014 23452 11625 15422 30831 21308 23052 29160 22555 20859 28731 26016 17368 19342 27096 27596 31444 31383 24449 13286 28623 29636 27578 14420 19843 6271 25688 9103 3878 26030 13552 6911 2325 14988 9168 10157 32151 9162 24364 7541 19966 23287 32576 20881 15358 24253 31147 455 19733 22279 16783 11807 20374 16646 167 20922 11589 26048 2807 10909 28059 21750 19597 11744 1926 6128 21035 858 10758 8597 19735 24644 5633 10607 7347 9323 5875 2869 2142 7491 14095 12239 6025 28648 6945 6079 5800 28510 6461 11295 23343 7682 16753 17630 26162 19759 6121 19879 5051 7995 20434 205 19813 8349 29467 23391 21487 28698 5866 16761 14217 29495 13748 8335 11851 23107 30939 15539 8592 28792 10826 30481 15126 17448 29596 841 23758 15635 10250 17340 14273 13941 20275 16389 27502 25679 8010 1515 14737 273 6020 3620 20082 19454 43 20540 32618 37 18303 23859 2797 20705 14114 1127 31807 31106 28122 16030 4503 17829 17005 24540 13708 11926 31821 8734 12262 2986 22888 23961 30632 22542 16290 19167 20738 64 28043 4265 29205 13566 130 22222 292 28348 14628 18675 3585 27364 21379 15746 30975 31353 29335 29429 444 14808 29648 22006 29868 25069 4377 27054 19384 22110 7116 7786 10624 1662 26964 5122 1991 4550 11734 9512 10103 21327 30211 30848 16610 17757 29988 17630 17921 3551 902 23260 27018 27950 4687 21052 25749 19554 18526 22529 24382 4277 24396 16539 7905 31911 31951 20769 9773 1510 20880 13604 31213 22241 1727 11896 27646 31355 30370 10207 12720 4626 8778 32315 25128 26788 19232 32182 7344 761 12293 27333 22962 6126 15999 9412 7241 20982 12202 14142 31120 24044 26513 15237 5343 14598 5095 22932 1438 32693 
4222 2800 29425 26698 11168 26846 23228 8001 10004 6626 27681 27733 8774 21554 22265 18035 17828 6041 19334 20464 3505 3995 21375 24712 13127 6048 24680 8740 19117 16180 27585 22181 2495 25003 3126 7897 12092 17102 32109 10242 20298 14491 7960 8510 1130 22459 10205 19112 9884 5239 20222 5361 11017 19552 26966 9107 12174 5491 22178 17531 23474 26292 2509 19004 4161 10897 17459 29768 12165 30858 10027 19128 20460 22430 5445 5026 18719 298 14021 3169 11239 24386 14469 25080 4304 31755 15994 24661 19226 6521 132 11509 25292 22948 8694 14063 20761 13356 12152 25280 17491 21161 2408 3868 7022 30122 4967 488 29023 10658 27846 7724 29368 9146 27929 8709 19886 16987 10445 14697 27221 18382 15531 21603 12988 22656 26025 18941 12797 12432 26909 20976 15249 27451 9625 21724 14085 13467 23843 1248 9132 25495 20780 23686 15777 20955 12312 14060 7944 5929 27831 26070 12596 859 21524 9466 17029 23816 1689 24066 3900 31745 17982 19864 32373 2457 21355 622 12226 19974 10786 29050 22075 4802 11850 10706 25907 20859 25724 2986 12185 32724 525 18460 15376 28830 28893 17398 25680 23043 10931 29239 8794 5026 25047 30695 10407 10920 25935 8929 6381 18843 159 14961 513 22603 31270 30137 20124 7674 24711 27189 14782 25202 7448 11850 31879 3343 4774 1368 10280 3736 30349 22485 20830 6009 10066 27953 29062 18208 29871 13089 32626 8327 9290 19104 31005 23190 25678 28342 11161 20465 9301 22259 23334 4134 24685 7450 15600 32519 5670 21650 6827 18209 22553 22180 23311 27197 21223 31120 27343 11654 7492 9061 17676 31044 7343 6669 24396 23681 23181 10395 3495 7340 12120 12709 6803 26962 31107 6792 28328 21156 12454 1615 27338 10322 23144 8933 30050 15188 4994 31366 20146 27255 27396 12846 2119 8166 11948 20540 7189 6366 19615 2569 21608 8260 16298 2553 6697 2371 25850 24249 13491 12971 2341 23292 17623 26274 19544 1558 15859 12348 30123 17978 19787 9412 5305 30599 14073 5373 31945 6708 31474 25785 5537 476 10364 4638 31738 18476 1193 4155 31249 11758 8672 8449 9352 26278 15707 5955 26621 18071 17523 28089 23477 4659 28646 27245 653 29450 9504 31909 20310 23524 15946 31566 23669 23507 25848 19364 29786 13282 6576 19303 24936 8568 28991 29793 1088 10008 10144 26224 32190 20907 11304 31765 22764 17309 10658 13222 7640 19068 9929 697 12375 16608 3114 3492 6844 6146 
6065 12138 27342 25384 24487 3570 9462 12421 11810 30212 29475 27200 31163 26432 13080 13462 1917 13742 4516 11193 20802 32130 30669 32438 22466 7292 21210 17134 24923 29746 20368 3672 15475 9842 10838 248 22461 31604 9637 3037 25626 1299 5620 20404 20168 2317 8607 9976 30611 1351 18180 10600 12965 31336 27802 13417 11267 1342 4734 14165 24557 15996 5612 21359 146 18344 7895 31131 14221 25050 12567 18157 11997 1296 5739 30606 9405 24832 28825 19049 25838 17360 32550 11707 22972 27428 22970 12651 22772 8625 21724 25774 7182 22833 26877 28534 6104 14339 4021 18667 10965 26772 14708 25547 17060 5386 18246 23951 4847 26854 24227 25517 1331 22458 2987 28833 30823 24815 26079 23274 10985 14302 20503 15096 3825 16885 23721 10461 4008 6150 6466 16093 32059 4671 30829 29263 20956 9962 2608 23546 16388 21600 19200 4648 10787 4257 11007 28624 28014 19962 8434 14228 30808 21168 10801 19262 6676 25254 17317 7005 32462 1245 5488 28455 19312 19862 8370 12918 2438 29134 569 26941 16573 27832 13921 25204 7599 9802 19077 28583 15604 1394 14486 18543 30297 2197 10145 26836 28915 29983 17522 2442 21615 28515 2182 23303 16931 24396 20726 4996 18945 4510 29144 30801 18102 29829 21316 28466 24982 4026 15484 30458 20489 6919 30748 23820 5051 7547 10939 6047 9295 5373 7623 7266 26628 1281 13605 17473 19107 10732 1125 1398 26114 7647 19844 21980 4635 20330 13701 7081 5417 22818 14495 7203 5722 2824 5255 30384 16728 21105 8901 13504 5873 30629 8350 1017 6486 15535 620 6174 2930 31196 15345 8725 347 16442 6660 4839 20425 28673 16182 19006 4210 4800 17471 9904 23448 26621 12160 27529 7960 31576 2900 23220 22688 19173 20679 8760 27716 26048 26051 22261 3840 4046 24222 13844 13173 25480 3249 30049 21980 26170 21060 27934 23519 27007 20481 27526 9145 14276 20024 2535 7519 24338 22581 10431 23954 4448 24516 2942 11035 4322 6863 32490 19287 21838 30229 1769 28939 21008 8689 19501 27075 8995 26167 3186 24769 7990 17764 27204 24519 10748 25055 23218 7765 17649 2873 5945 13782 11585 19896 11972 7351 15408 759 19380 27494 15950 26969 9387 5996 5083 16886 20836 27283 2561 4504 6619 26067 5425 12486 22018 21681 10914 16892 12541 16643 21788 27556 14542 17555 19859 23633 12440 18119 10977 4507 12488 14669 31547 11263 28832 2644 29153 2033 15195 2621 15303 22668 30574 
21965 9125 31305 29483 17622 12541 12250 2234 25364 6836 24685 25215 7898 14495 31869 11690 8949 13328 5756 11540 22395 2546 24683 23034 8959 16423 26983 9750 15154 14805 15270 3060 21987 13025 13227 28908 27565 8142 18466 276 9235 22660 14085 9330 21155 11625 16142 10560 14573 23730 20629 9122 5214 28359 11538 29584 29120 4757 1069 31300 1918 8278 5542 18778 19912 19093 22926 9704 15818 24082 16157 2650 582 11258 15440 742 6979 22281 12515 10784 19087 7927 19633 18559 20810 27634 21240 862 20677 16951 23004 18456 22188 8018 21318 25137 18321 26915 25320 13055 13283 4258 11276 29073 13604 22261 21709 16188 23714 22505 18476 19197 24815 29408 19104 16480 13720 1280 7233 9800 24126 16820 14075 4573 24736 17093 19005 6349 13601 30519 12845 9220 12915 695 10559 8263 12804 2846 6693 9284 30475 20395 24981 12497 2320 30995 30221 2061 2033 21514 2314 18298 12300 18237 15638 485 18597 8279 26742 2783 28063 9818 29377 4653 16313 5587 32276 27389 1029 20207 14055 27056 29772 27039 15864 16347 9795 3420 15985 26924 22363 6573 5239 26885 10180 9554 7575 26771 31104 28137 14732 992 30444 14979 20040 1475 5139 2047 10991 14365 14044 1093 9815 32223 5874 15330 25092 11620 12100 26223 22608 13234 14044 27977 32494 2471 18601 8885 25016 16182 5227 6000 27631 11606 22939 29312 11150 29849 13859 17910 9840 25886 22809 4197 28145 23531 19640 6763 25824 27035 15252 13690 3402 76 28342 26948 5323 20436 12288 25189 32736 30108 7616 13601 30406 16915 18438 21662 3022 18479 15897 21540 32109 8529 15453 9012 8451 21629 6271 3278 3092 30836 11030 18415 23175 29571 28106 11594 28403 32653 4771 12456 32174 28692 8106 30572 3182 322 22879 26664 4508 4198 31629 17095 9629 17281 30017 12491 5433 12104 4847 29791 22034 17941 21354 9108 2828 31224 19028 27473 790 5161 20695 22108 18297 9767 10585 21627 6962 9463 22948 30286 8200 4900 18004 30464 23558 6567 16538 28286 1006 27766 9535 15516 12323 23951 16192 26721 5355 12784 13539 9376 4983 26172 29746 4524 1254 20280 14081 195 16099 31766 10815 25721 3597 25818 9591 21141 14266 18486 27101 13946 28516 24184 1030 20925 25826 4030 31936 31043 19922 494 4722 21571 22673 8225 12699 4706 1421 3494 13181 20736 17654 16245 13688 1848 10411 18713 10331 20787 11644 12158 4534 11489 11619 1733 28928 28765 13418 9707 
2187 15120 27032 2106 19114 30810 13192 7532 27569 9509 17059 24659 11691 16664 27300 10407 17015 12236 6133 18228 30544 26894 12441 16508 32662 18589 17939 32265 5510 5709 31886 31593 13271 30435 18438 29062 28988 1769 7133 19909 376 16796 28746 23596 18130 8974 14915 17932 31227 11697 22946 23294 31805 9476 26653 7617 10488 20276 6474 18511 7645 13700 16808 3898 32633 30207 25256 7794 1273 26386 16061 23230 30925 4521 26872 20621 19891 20899 2167 32604 2158 9487 1405 9892 22838 18153 30164 29488 32604 1326 10453 3977 22502 1884 4793 27693 1770 14188 4596 24702 25144 24957 22333 10219 25965 19117 16622 19740 22273 7128 21857 17097 8677 17917 13845 20100 16777 22332 21309 11357 24623 14227 1903 2416 17144 6707 16883 6004 8274 25716 22854 10120 3939 24680 23710 26055 24867 10725 6759 8858 24995 20182 15808 8458 6710 14810 26483 12043 21673 22590 5544 7835 23474 15195 25962 18249 32138 16240 10439 25774 13195 7064 7034 18864 10628 4851 15840 13116 14875 18499 29410 21851 27329 29154 9485 30282 18633 11544 14164 10859 21578 5224 3723 24006 21036 15684 22383 31500 23282 1735 16799 8561 16630 30953 4156 7328 664 20040 1470 30 18950 32516 28711 1829 8050 17893 28105 21070 11397 31205 14343 28615 5101 430 20910 30991 17250 7746 3139 27636 12786 8861 15660 24166 27863 23001 24503 32373 16990 18544 3285 16538 24588 9633 11114 13782 5699 6401 21647 215 24797 31267 21845 26929 19951 25866 4614 10860 6681 13088 32667 16666 24247 8081 21980 13958 5347 2658 19199 5502 22020 17733 15067 8475 15710 19099 26790 31119 3420 20728 12853 27315 3251 29672 17713 13785 262 4731 23183 20428 30112 28296 29893 24418 20659 31442 21355 27015 30231 27933 9760 6111 14854 20214 13447 5524 5125 6022 24624 17297 19305 11793 5836 2233 24109 28343 741 28876 14058 182 26766 25305 25773 25908 27696 18907 8099 26000 30240 12442 29341 10580 16304 17542 10346 20530 18751 29161 22267 20061 19579 28651 24488 3649 6704 14646 18887 31533 16264 17492 22576 13548 7480 14091 26761 30576 29926 28257 16210 13251 18596 28608 30616 4567 21065 16003 13771 1063 2327 29945 11951 2782 6018 30002 29835 18084 11926 28465 7253 9537 2087 27767 13727 15849 10967 30797 1913 13794 13386 18387 12646 5551 25999 6546 16513 1544 3213 12125 24009 17220 26332 5103 5680 26199 7975 23295 2236 30129 25945 28599 
9643 7428 13167 19885 9491 23825 20720 16647 6178 26809 19425 1760 30887 10808 10121 9766 7120 5298 1059 27890 11740 13499 22820 16558 25303 16573 21327 31966 7085 30202 11614 3154 19566 30054 2364 26941 31799 17730 31165 24398 32310 6378 14475 19683 19273 23900 26089 20721 12515 7435 1886 13492 19174 14729 16322 30570 13122 15847 21669 22683 10871 11174 26076 21052 10824 19275 21014 8427 7351 17492 15384 21691 17712 10751 3889 6517 4642 15330 12962 5699 8451 20651 32361 20270 30252 5550 27348 12852 11287 18110 20943 32622 26728 26249 30994 21561 15297 3553 13195 25480 431 3563 18678 5538 23791 8205 7988 31985 15598 21360 28022 4542 27621 19238 1596 18643 21667 3289 2799 3710 29711 24159 6503 21603 1169 13455 1657 3685 16534 15549 23160 24801 5370 8136 19622 151 30606 26972 21419 10608 29390 12955 13195 20210 28662 20282 29322 17578 23497 25925 1900 17587 4127 24619 20296 9337 12593 5500 14697 8836 19090 25534 1725 22551 30731 9555 16234 8435 3703 18889 653 25877 2017 20575 11518 29135 26429 23769 30974 4608 30762 27940 23036 17909 3328 8488 30523 13982 21617 22684 26153 14709 13191 8589 14010 20021 27330 5706 13 18177 15270 12280 141 9470 12604 25530 539 28371 868 2934 15411 26796 23438 11445 30349 19424 7427 32443 28734 9121 23704 14807 31174 12767 29664 1916 29455 23863 30373 13086 8609 16638 8227 6564 10568 17736 10594 1831 23317 24168 6732 16918 13558 8814 16467 3945 29229 18295 2789 6661 27602 742 18428 30554 23441 21524 24112 19136 11322 7527 32069 31288 7254 26082 19726 21972 21221 17102 3093 20594 12870 27302 11016 30717 13391 17811 20136 14914 2811 15115 31758 4287 13657 11600 8630 24697 31386 25064 18218 30084 4643 29193 22152 293 30502 2436 16945 18327 8548 8540 16586 8356 6841 9503 4271 11961 4654 3194 15292 2382 31415 24979 1933 11339 4405 21459 26934 17147 4912 26710 1695 1883 21487 11388 2083 25497 3121 12788 1018 26659 6395 18442 1928 24760 28612 32417 20876 3848 23900 28173 1536 5654 9457 24153 11085 11162 20076 3310 32242 8676 7128 10179 15405 30463 14718 18609 25084 14110 23252 2337 10113 15471 22403 12332 15373 3354 3715 25111 32497 27693 28365 341 10824 11200 31773 19420 4709 27042 4439 13294 19680 25539 16897 15758 3469 21410 31658 20100 9979 22065 3583 22796 3795 15126 7716 3532 25335 16870 2921 17213 
5249 28 27605 10103 24283 11362 27903 15869 27719 21253 21068 5520 32179 13542 12787 27818 17558 13555 14608 5435 20552 21672 3003 27766 25432 17324 8349 1528 4824 29782 19426 6385 2675 32312 12778 17008 9223 17402 6129 18689 26016 28706 31543 1971 12138 8196 4159 2682 9531 25407 26274 26171 16996 1906 18789 12058 9190 23359 26779 17295 18906 22158 10332 9522 5837 23680 30879 4591 27426 22060 15585 6191 3473 28830 623 9158 12645 15985 11826 9111 32520 20102 5926 4047 8705 26180 8136 29644 23036 28915 28366 1108 21359 12224 30410 26497 30555 25128 3742 32067 23267 21288 17884 25487 7374 6522 25054 1941 8400 29797 12452 1861 10829 26259 13812 1763 30572 15640 6791 17773 28260 8174 25056 28999 12666 9007 7878 13308 27354 32311 22294 32181 19909 3067 21986 32495 15923 21283 12763 28290 14460 2372 28967 19698 21938 14697 17603 11072 19514 23525 20128 423 8343 22965 16851 566 22005 13976 30839 17386 24001 29584 7916 27024 10964 19152 1726 32762 17551 13679 4354 20263 935 26791 7191 7361 13640 26083 11039 9279 14428 29395 9963 9906 9258 26681 16598 6124 5278 6123 22497 27249 15221 17364 2266 28655 29721 20587 5811 3789 28015 6090 3043 24248 14206 30143 31217 12376 13613 22463 7671 30606 15604 25728 30165 11466 13010 15585 12318 25144 23349 16894 20089 9561 15031 2122 22371 18623 11571 14212 27346 10015 19865 10316 20711 5347 12371 32712 27554 30022 5520 18459 31627 23301 20003 574 13485 30911 16524 30176 14672 15357 25061 15222 12122 15509 32362 13179 9780 32399 28013 27802 18786 31616 23331 15213 15768 31966 20804 8682 13619 16908 32236 21398 7222 14162 9411 22390 16794 14640 15064 12231 26267 19774 1098 10028 27708 24058 26971 2981 31493 15473 3696 4840 8652 27749 21016 21280 2087 3884 12557 30683 27156 31479 14909 10339 6976 22119 2867 24843 18687 24616 28358 232 4032 13693 30756 19149 32205 4466 9541 16748 14234 23187 16417 17120 6985 16901 20358 22038 7896 29795 9061 17038 3412 11220 29429 21350 2044 7952 11184 30526 18111 12664 23509 32262 16884 32026 27913 23773 11749 9597 14880 30950 5201 5573 25893 4721 11050 23446 17204 26610 5681 30434 22928 6879 10715 15587 5731 20765 5987 31011 19145 32454 9577 2851 30593 22701 2731 16191 22836 5297 3838 9691 31177 12305 21675 23874 7892 5504 10706 6701 28706 9935 21885 12298 24383 6714 31217 5810 
11549 30688 3266 573 28952 28227 25955 17173 5251 26261 31765 8976 21302 16663 29521 775 17689 670 7144 17969 31353 20192 12081 30770 4029 18254 27239 31861 9782 29934 28041 16905 16825 24027 27629 20052 31863 3378 14280 1061 9716 17556 10680 21222 12800 17094 16355 3787 32149 20523 14264 24725 8619 19084 8283 19707 9236 14561 21487 21985 2520 5938 25232 9754 3908 26416 18122 20877 13559 9084 12529 19168 4313 10824 16270 5929 2897 25907 14715 27973 10450 14487 5853 17837 10079 6155 26199 17395 12995 8098 26595 13923 17206 933 30420 24586 24872 29270 21762 5989 27014 32711 5073 32025 31756 7786 26524 28841 32580 16152 27189 1402 26377 17511 24853 22069 21673 17023 28538 14172 12228 18140 31168 1293 1701 9274 7083 20289 15068 19458 18494 18493 1383 30606 13631 32225 22162 197 29918 23868 2081 21164 5985 26881 20161 31727 5030 10744 26601 29451 26236 3162 9573 110 8324 4152 2964 18277 10684 30574 8885 15898 20760 16846 4545 15829 25289 3915 11611 16273 21745 31845 11598 14375 20755 24050 13517 30346 24721 14741 21025 5231 23612 13805 21887 23723 13856 13060 26178 21796 21196 20124 183 10904 30534 28995 25111 13385 31856 14436 9294 14823 12507 24589 5526 17423 23239 1209 12807 29570 8512 17753 11542 11208 14313 16480 14330 27975 27412 24021 5190 28242 25686 6499 406 19231 27699 7645 16851 18220 23559 14820 27816 7415 15991 14625 27146 13962 181 1389 11540 13675 2092 12721 27638 504 12119 23434 30555 18719 17870 924 26716 5592 10381 10594 7220 3772 14898 15635 12556 19506 16618 11079 3058 31652 14228 22089 8726 2749 3275 20202 11542 4193 4747 31029 30899 11986 5681 18222 4528 24384 24405 22021 26726 30451 13056 21326 12182 15404 5743 12666 10337 31765 3533 25982 7404 5354 2526 17744 4157 14673 31638 23143 10713 5738 4472 8802 144 22225 24491 21284 13396 4045 31344 9382 19817 31983 18169 16879 2384 12273 3443 26860 29061 29572 6971 10362 28891 8453 2447 11705 18607 26076 21482 5503 26913 28852 6351 4058 27246 10596 14877 7693 16983 9121 7109 8018 23514 32496 9830 1410 29864 18008 12119 13652 4927 25928 29861 8754 8914 26721 16198 21957 1403 22160 3645 20365 4750 20249 30628 6655 24601 7624 6647 15432 12658 25617 24419 956 12353 1309 23123 18026 2630 19815 11430 24769 18588 9490 27120 15976 25631 11718 16588 17392 14944 30796 29334 5304 
3302 19334 29918 4817 19480 4178 4710 25083 19758 29124 2601 17956 19857 11677 1529 17441 9906 9246 20068 31502 5580 6914 10357 22329 25244 7702 2870 2190 16354 25802 17820 30343 31494 4296 20258 30106 21443 26137 24893 7340 28880 1045 23584 2032 27551 25623 934 9706 30953 6454 10105 25487 27874 22543 4191 11185 14356 15138 10960 30322 17507 13154 30552 9841 11075 8067 8877 20282 7099 6435 27879 26900 17092 20272 23715 3703 5974 15137 7394 19056 29894 20262 12335 3492 102 2666 11449 366 15454 18827 29305 10871 10775 28571 23014 17702 15721 30266 16166 29870 18120 21019 2214 26779 4188 24651 28180 29674 30903 26450 7895 7553 27741 23016 23605 31093 4560 31994 11258 25365 18291 29528 25620 19453 23580 13632 43 1377 8381 202 25950 12183 7448 14858 18424 10827 13094 10112 20625 4838 10293 7038 21165 12589 4619 2642 816 20035 16818 7904 24929 15875 12202 10333 5783 16373 31189 15700 2545 297 14343 21823 7098 215 31543 18569 1295 23162 11587 19034 21667 27440 19556 11665 16951 20530 3860 5004 13584 28426 30791 8677 16661 29020 26561 10003 5988 16124 3425 7577 19874 13825 17064 23362 5510 15959 22657 8600 20909 24777 31013 10681 19160 10127 7382 26646 2984 14285 11431 14369 13788 10868 27212 22932 10325 21376 24612 1617 29951 21165 18815 6365 24397 6110 31895 11207 30652 26246 838 18995 18256 31686 15206 560 25676 8121 25987 28130 3116 25246 9703 6112 32456 25544 32040 3037 20363 9993 16008 173 4356 8802 8661 3756 8129 30693 19390 32637 17916 7520 23025 18593 19049 26729 23321 26855 30026 23537 13658 26366 26910 28770 15244 20302 25945 16691 20351 1732 17470 11234 25726 16063 9462 17449 14895 24674 20547 18987 5179 29259 13227 7383 8527 30319 29406 28418 8646 19779 12689 16387 12605 9686 12535 10774 17347 6134 20451 21700 16547 1490 16814 3466 19475 6323 17282 25686 29843 13901 6369 6145 9966 9161 18144 8216 32128 8485 26885 7689 16646 2637 1223 32476 27198 6335 22598 12436 31986 29772 5991 3542 24102 27098 847 16443 4118 25318 27371 15356 29365 18471 26397 2229 9011 13956 5494 8620 11993 31096 3880 12809 18935 29855 17902 20891 32010 31531 7653 8850 1915 24718 32406 8773 22939 24381 6993 27526 17396 29888 6263 23164 6187 1446 1879 3065 31767 28227 24204 13012 16013 31107 11004 5865 25157 1099 8458 18472 21046 26765 16427 31570 
19839 7339 23732 27077 3187 5761 24904 13420 311 27977 21816 29715 21000 907 11493 25547 7952 16925 4567 5599 24564 3616 23385 30681 13130 32330 32474 14172 9554 10262 19579 29888 30682 27486 10320 13812 15778 9374 161 29297 22909 20758 26506 25475 22060 8324 19764 30916 23330 21849 4420 6463 13699 15020 18762 2791 27526 6317 7707 14032 1451 21392 19490 23704 18626 19025 24895 16732 24430 30376 9473 4785 898 29836 25222 27452 26080 2589 3516 8093 22600 22800 29975 10866 19 22809 32699 20366 22686 25223 14332 4604 2398 26304 23299 12372 30737 18038 3172 25287 5145 24978 24683 12618 10908 231 32516 5743 11852 18087 20680 2922 18435 2852 15085 23033 3052 24386 6835 18378 11377 20702 26458 32614 23824 24612 27477 18709 18540 12370 30556 22037 13782 11784 741 20013 8735 9747 27358 378 4408 29279 26043 4245 24144 31787 19586 24112 16577 23986 19485 6454 29042 5589 7501 9626 24311 29833 5729 7192 26636 13017 21517 5296 8550 11496 18818 11118 24316 22732 24736 6722 14665 6674 11349 156 32561 30504 328 28401 2276 987 32239 23480 14658 12923 18923 11372 20687 25794 14992 23311 25628 4820 10293 10947 19584 5597 8570 30887 1212 15258 17770 25532 27975 3225 5795 13999 15165 14652 28270 3630 21726 13178 19685 21320 7701 17210 979 3668 30767 27951 399 9424 10929 11661 9417 1730 502 14479 24919 16490 25004 877 15983 30578 23412 21587 24501 29039 11135 2355 29979 11550 17801 20225 21514 25950 31028 665 4290 27845 24573 28506 6119 22044 22747 12512 14216 9212 1181 3520 15565 16983 32171 3079 28264 15974 3931 18675 26622 3281 17735 4725 18607 32477 11535 20101 5378 18396 24580 28095 12431 31159 16935 24132 2691 10805 9721 872 26202 353 17995 18133 22459 20402 8944 30472 22384 3613 14629 2512 866 15679 32745 6122 10582 27585 32312 6498 29699 3505 27992 26788 6500 31661 29654 8413 1927 31696 1295 9041 2909 23174 10123 11221 16932 14839 15479 1808 15766 14122 12126 19885 18375 18088 13081 31135 3589 13966 5644 1717 26379 4890 1824 22775 14191 28089 13643 22971 26349 4489 10628 27060 19743 13271 29282 4683 10626 3950 9328 21469 18386 22731 13865 31928 20370 28127 22752 31275 23344 29136 3512 24778 25532 1873 27555 18348 6879 7540 30959 32238 16343 7327 12329 31912 10420 8799 15245 6562 4155 30119 10311 1595 21680 23441 679 25001 1046 26757 
4238 9510 11 25536 27954 18558 23395 24530 23526 21225 17479 27512 9193 10514 16415 17139 18066 8508 1280 3601 32016 28590 8077 14575 26613 8093 9047 18084 25136 9692 497 10605 3013 9793 15347 9437 28462 28873 29906 2701 28260 540 14094 1019 26887 19399 22705 22105 22971 13949 18085 30483 24450 9528 4852 28406 4145 22211 29387 27120 29842 11501 27166 7581 16109 20194 304 22310 7981 11465 16458 15574 17987 651 30930 32641 3827 5174 3411 9047 23003 4589 28799 29585 9457 26967 8647 20103 24458 30456 31775 20621 20517 5636 15473 24751 18694 10420 30282 27895 18566 24696 14375 30521 19573 24276 14964 15132 4623 6713 8272 15774 25186 21399 26891 19323 3222 4136 18478 31996 13197 13354 24991 1890 22567 14817 7765 8501 4572 29322 7887 11545 29251 5601 21426 4881 29554 24957 6659 20896 24087 4587 1344 28501 11507 12362 4874 5455 14165 29007 12682 17844 7632 19867 5128 11129 29164 11420 1227 21490 6027 14612 32285 25031 3962 14731 30495 27393 30023 28635 9976 12502 16220 30622 25541 26321 16975 15228 13617 14966 209 29359 11228 24263 8949 8308 1761 18441 24295 6308 8953 4461 24282 14437 3275 13880 16392 11045 27643 7487 9869 3807 27820 16964 21893 14327 7280 28000 4677 3119 8420 14620 20758 13711 29357 15369 31812 3077 28912 8746 6499 14231 16110 22559 5130 180 10787 30188 29639 69 9983 6684 27387 16952 25668 3469 3667 20962 62 26641 25990 3451 15618 30952 11710 20456 5147 18604 377 16376 29759 21830 29708 9196 5820 6078 10609 23584 3907 13259 3382 14422 18234 3759 815 14663 22520 21312 14368 20722 12138 11817 3515 21033 15893 4761 20810 28939 27182 6248 26740 21651 29413 30112 18846 21066 11626 3636 23761 7765 16377 4667 23438 21529 10019 25686 11210 16262 16830 22133 12698 645 10904 16684 28010 9302 7360 12363 23459 14920 3059 8954 28408 8376 640 13054 917 2624 1451 30277 29270 11540 14936 1707 8487 13154 16983 29135 2904 27541 20950 30842 26339 16173 19945 24609 6962 26031 9745 1219 31148 26049 8663 31468 20867 21967 6743 5586 7547 3915 12507 31543 27573 29960 8121 23478 26945 30484 4507 31535 30210 564 10706 6241 2315 4932 13465 16025 9803 18029 31714 564 30532 25627 12229 967 29764 23044 26030 8228 24821 13364 15272 6764 5261 5804 26500 17112 21736 21794 8363 4514 28414 3349 25573 853 23370 18127 11691 2313 
20717 25184 3415 14868 15958 7881 31256 1501 5596 18438 13464 15452 2148 16730 13725 17523 29939 29504 3520 29632 31554 22551 5302 56 12500 5214 27206 25099 25577 28419 23565 4044 15386 24058 28036 28204 14373 17323 3847 26372 23158 17154 24539 28557 1540 17385 12507 22813 25274 22059 15116 15352 31963 23716 20793 16446 29606 10833 29366 7970 4949 2127 24260 10292 1033 7063 30294 13785 14140 881 17419 5880 30965 27273 20642 663 4542 4485 18372 26070 8296 7514 6704 31412 23590 13287 4305 30633 24469 24785 3757 30453 5481 8922 8960 18249 4984 12014 19053 32662 18324 12576 24738 24814 2933 3608 5361 31851 24647 19346 30604 10760 7524 22459 11778 8575 6810 25628 20783 6150 17840 20611 18648 1413 15700 17081 835 1696 8884 29005 22156 5750 24241 25536 21222 9022 30245 4596 14080 1845 7474 23163 27135 21198 167 22758 17902 28777 26213 32179 14821 28390 21416 6401 1019 24260 16194 25635 31704 12702 9413 4794 24034 20544 17174 30143 12133 19953 28956 27924 535 27324 20376 25390 10922 20232 16116 4274 26645 8711 12735 18096 17058 26379 17077 30251 7161 31291 32483 31309 26146 30340 21337 30845 16698 7325 13907 4381 20283 10475 23397 5887 12167 17595 4625 2659 32072 3879 10773 20327 18770 5868 27578 6088 15331 2276 3317 1558 2206 13466 22833 24199 6806 31199 31623 10075 9168 1127 4885 20587 81 26215 15559 19701 7107 19744 29504 27655 19179 2287 22856 24291 20898 32413 2735 19420 15241 25095 31303 1526 17968 10098 23134 17540 6743 17834 15214 4547 12413 32635 25158 31033 19121 17099 14670 24966 30035 22675 2019 4051 3599 2882 27654 12939 15727 3471 1774 25164 30387 2909 2655 14032 13488 11531 14198 12593 17576 20615 31415 20203 28611 20744 3742 12206 31509 13122 24046 26562 19858 31747 17678 30549 6497 6539 30041 24147 16166 7212 21233 70 6951 7949 30160 2829 23125 29488 20403 10744 30879 10164 15908 28529 7568 23367 11307 12156 31679 21047 12227 5980 26853 60 9895 29743 13770 3342 23155 24552 1375 27097 4490 4733 8167 24156 12075 25404 28125 10746 7920 13890 27078 31986 327 5931 11740 32072 16368 16884 6561 7624 19070 24906 31013 7952 5257 11696 23851 24611 24844 4842 10268 27082 25842 29712 31068 25966 22013 30549 32746 2062 25714 11249 31656 16381 28702 11256 225 17407 17213 19957 28980 18849 3327 31679 27171 7673 29024 31657 24235 9909 
25259 27431 14587 12667 3579 21360 17270 1516 12905 21225 28169 12028 14619 21485 31551 26636 27596 24142 6472 14718 12548 12426 31123 14950 30671 13149 29006 23986 22298 15538 17590 22098 14447 27383 31946 30785 21307 17476 28080 1069 6824 10733 29343 26314 18362 30179 31011 20389 30778 19438 20087 23051 6828 30731 25984 10416 27793 6647 23810 25319 22136 27683 31688 875 3624 25369 32221 31465 32125 2152 21425 26838 30086 28771 11365 18292 17522 31779 9488 16202 17319 1997 28377 10944 32197 14228 1148 14605 8097 10041 24158 7142 8657 2594 2751 510 18507 31978 17772 6351 31276 1228 20492 31802 27177 30034 15616 30377 28293 28360 16686 6526 14089 18987 19655 17360 11224 27809 19997 2610 11269 21503 32430 28960 7657 27555 13562 11077 20663 15042 4725 30696 12695 11926 11282 28328 30212 29789 20759 22061 8481 1995 9276 13672 18497 6652 14841 17666 32444 31895 23434 22198 15981 5293 2490 7707 19236 13711 7578 1522 9305 13610 12205 7042 31025 25484 26166 6074 20343 24405 26493 22444 5341 2612 19618 3685 6099 5823 17106 3053 22839 9557 27904 16349 23648 1933 4289 23853 26932 13930 7865 1765 27267 25334 31267 25761 25934 2585 18019 290 16643 30085 27252 13209 16179 18547 23920 20284 31943 28431 7528 18012 6601 14656 20870 5293 28610 27463 24622 15064 15584 11133 32209 18667 30042 32310 19693 24774 9966 19580 1076 14777 29420 23889 2238 18454 30421 23349 123 9375 22230 12209 24263 11475 20756 32088 12206 10087 14580 19064 23806 16414 3240 6372 23079 25143 15576 19040 24790 6867 7793 28861 25027 19005 11680 20369 14828 19492 9568 24995 32144 28111 15818 13894 12795 20004 18368 381 25102 8520 19222 31837 19548 31116 11930 24445 5579 28619 16781 19334 26740 5979 11835 26004 19993 18319 4350 32104 5911 10364 17951 7554 21142 22206 24580 29217 7635 19613 18662 2861 32530 4425 25496 15866 31695 26889 93 6415 2962 16131 20723 4249 11443 29643 15783 1781 21967 28143 8892 31481 22264 21284 29339 10914 29105 32121 24700 8033 14725 13829 24827 22870 15070 27083 30350 10309 11350 29833 11206 5880 17359 21039 8584 2820 14215 18533 25477 4760 21492 6941 8408 1647 1110 22464 26026 19737 9682 14574 7584 22014 8206 8380 4975 9086 17769 15529 9943 17806 27154 21526 7355 4755 26541 6751 13159 29292 6995 4285 1606 20917 29190 22517 13498 29913 29610 22441 9270 20471 10205 20525 
7255 26319 12349 18181 6958 29134 7679 6338 29761 27391 24527 4444 28834 28158 12639 31394 28820 23539 32305 5460 4140 4081 18113 13347 32383 17960 12656 25865 20671 9547 20469 29555 30445 27629 25180 13762 26090 15894 10742 18884 27114 30431 21887 5587 29455 23209 9580 7524 13442 13511 13871 23287 6492 16408 20075 1037 11295 10100 30616 31975 24370 20202 14325 25843 12954 25030 19894 32257 14509 13743 1410 16350 3138 25838 11636 10402 17365 19544 19943 17418 10110 29407 20954 1996 5055 8893 14254 29099 22897 22914 12173 31316 2309 1794 25734 3637 18013 1298 30297 12433 14388 7971 26415 1580 30976 6056 15550 4326 18860 32590 1911 22624 4479 10510 15046 21231 17914 1116 19454 14435 4279 6247 28459 9780 27522 15553 22830 24965 4207 29006 13085 3927 24320 8581 27616 31422 18477 11220 5267 1287 21508 5264 30587 3148 27213 16149 24932 15082 20931 6001 30616 16730 27093 12064 4150 474 22555 27128 8447 3021 23735 3881 13706 29692 19646 31916 23998 6139 28127 1199 8570 23415 5276 8126 6569 16292 1908 12217 20239 2073 19833 32396 24369 19737 19214 19830 31633 29681 22581 15772 16502 18599 24346 2932 27592 965 9226 26611 17806 25103 21453 28039 31785 11443 4986 5780 14042 3126 24580 10581 27916 4575 30602 27137 23795 26168 8029 14836 23563 3903 7417 8071 16347 4063 5925 10597 31114 13427 9261 16579 15584 302 29238 23556 26307 13226 3474 13484 20023 20472 16439 733 12218 200 17453 17535 348 29506 11641 8849 14018 24744 27266 31505 26310 12838 5187 29620 16269 13705 1297 19407 13032 15938 32558 20093 4058 15819 9756 6760 19988 28866 3440 25963 13420 429 14388 20661 18536 5991 22269 19427 29998 1311 605 25733 7967 6274 13797 24264 28846 22730 30428 1688 21869 22754 4989 11680 7700 14629 13389 22768 11487 31204 11145 30554 3448 10522 31593 31121 6967 1443 5530 3095 11241 17660 10134 605 6152 25809 8195 11246 20755 10085 1945 19456 6793 15908 15316 23718 23479 30068 32114 7688 3846 26921 28471 10802 32582 30048 17570 1853 15181 30564 15730 14768 26006 29912 25949 8861 24930 29923 20180 2535 14238 17447 676 19891 10990 11047 22483 11125 23626 25538 16095 5716 4123 32493 16046 9691 6192 32199 22205 18792 5469 31037 23383 8925 14078 14066 23548 11644 5899 3969 14172 15655 25461 9018 26697 7174 11849 6461 29471 11931 32299 2812 31912 2991 28217 2138 
31496 30306 4977 12093 7106 17759 21906 14846 2101 384 10486 23469 28068 15591 565 25546 18788 15466 29150 10407 1901 5990 18708 7969 4306 32378 3169 13040 27432 19316 3640 10080 26092 12895 13121 2095 23195 22568 18952 16196 13567 24818 6954 17182 21203 11706 4937 20194 10690 590 15594 25484 14631 18426 4734 24809 24511 28283 8989 10476 18780 29624 13910 28091 30541 14374 28437 12691 6845 31468 25757 17048 13647 5772 6256 17125 27817 21354 22173 6678 13831 896 7808 11859 30955 13416 24677 25567 6594 28159 24475 8598 15169 20930 29165 19026 19636 1059 16400 24506 15741 11312 23271 15716 10252 30606 11033 20430 7838 19015 9739 19703 11849 17487 10626 13445 25346 4239 4790 11527 30798 25767 24684 563 10444 14035 867 21631 20329 30434 16789 16220 3510 16585 1361 31637 29662 25487 16234 20240 17172 32484 11904 11887 4360 5337 21347 13087 981 10306 12436 32187 872 9333 13418 24624 9425 27492 27624 25456 6667 21926 29310 5822 29739 24586 19940 3013 17571 30522 10333 23832 23695 29235 4255 28814 1866 16089 26991 11885 30973 28862 14393 6047 23114 21207 6174 18534 10596 26454 1329 935 25677 4168 24251 16626 23352 4479 28687 6543 20923 4957 30526 18293 5217 14896 5897 21632 3738 15152 28915 18957 29796 21671 292 30123 22153 31580 18319 10079 2313 26271 30163 10797 12410 2316 3640 5482 6114 1985 5974 11834 22246 26602 27682 5582 29906 2508 26897 1741 11730 5560 27802 21700 13684 26005 3245 16127 30386 30999 9589 16869 31145 15337 28234 1871 26665 24019 4396 12766 5788 28195 16825 2142 29919 25661 27839 6170 3521 21237 903 13838 633 24205 10822 32343 10096 1308 26129 32636 11594 16577 128 27988 10101 26647 14788 12655 31231 15208 23405 16868 7347 5445 19250 9782 1092 583 14036 11068 29238 31187 13065 7728 22216 11155 136 10993 5292 31094 12555 10810 4729 10291 29665 26774 26032 17636 6367 7388 28251 11426 26487 11134 12323 19382 23895 8061 1027 16196 31959 9556 1269 15915 18706 5064 25174 13086 5460 27684 548 9123 26400 15481 22427 30286 20743 13241 9136 2377 8174 8108 8951 10140 9231 23727 13324 30281 7319 21037 24396 28503 16409 6849 10117 15878 18566 10083 18117 869 32529 26065 18998 13926 9685 29727 13787 25057 23832 17254 31649 23224 10059 5819 19739 29261 874 5064 5063 20947 8811 2939 6130 5970 11896 29681 7672 12455 13176 468 
13883 12094 16646 10979 18331 13805 24295 28898 7660 23392 16844 19642 28731 22847 17431 30602 3638 14369 20833 29868 17488 10396 16663 14649 9785 16576 29802 25917 2718 17102 13036 7254 12379 22369 10357 11659 6944 1408 19947 13493 14742 15327 18638 18895 28570 25384 16079 26460 1129 8295 9510 21216 20229 32631 152 18380 18106 28783 6202 1563 28088 21478 1447 8531 4832 10326 12811 18170 1465 12702 9180 15833 6233 22464 1526 8186 9386 8671 17874 6053 29096 18447 25168 23143 84 12777 4967 8878 13869 23220 16290 10030 21125 19244 9462 25378 27091 3420 24857 5939 26750 11262 12677 25547 16671 17933 6502 18985 12351 19104 10309 15928 10766 24149 12258 23383 8453 27869 10949 29967 27235 21264 22071 15745 2159 1209 6796 20761 29863 24185 13513 25528 8485 29103 11274 10337 16921 2055 12044 2925 4905 6190 23168 20998 32015 22538 603 20915 9715 32667 2346 21663 21185 29688 20050 26685 15710 24819 20045 31958 5077 25484 31088 5976 8342 28014 16305 15697 16258 9788 30665 6787 26335 24503 12160 15389 31440 952 24838 32146 18370 6293 19689 24390 1620 15094 31550 1032 28229 25539 20884 20305 2788 17362 28075 2310 259 23591 28151 15914 8600 24435 17523 16171 3148 2665 8764 28031 16900 4447 16167 32614 3989 11232 26925 27904 16392 28032 2994 882 29392 23443 28783 16247 20395 1499 28100 8684 16040 30080 8566 13521 27591 9856 17137 15438 3813 15620 16553 12436 32716 13850 9765 21709 9336 23070 30187 8941 27893 21069 14405 14490 28719 23207 4322 3308 6291 3060 29266 31243 920 30696 4067 26463 21250 25981 28436 30075 2739 11917 8906 18114 5457 4296 3372 9049 21255 15984 31342 7704 2235 3854 14868 1781 14280 16128 31605 8942 23111 7209 9529 12035 23576 10932 11486 17471 18311 11107 6935 29853 7283 16613 21951 13485 18105 14227 24862 12417 22909 18866 556 19059 30110 21218 6112 22041 6785 6171 18712 26594 31273 10528 8468 20735 1687 27065 21112 24293 3417 2057 2754 22990 6737 29448 25005 27853 13386 14991 13618 16790 19736 28150 31735 30430 10633 27592 22918 4952 24980 19077 25845 19899 12721 4579 17044 13765 13286 10671 9189 1857 17965 14534 13308 22522 16722 31646 23179 1739 24583 11884 23877 24387 6133 1599 11685 23594 11030 11585 12533 9714 932 31315 25070 4599 25961 29626 13868 27861 32178 8238 1204 19767 23756 26697 31859 16303 32176 5079 21014 32297 
3735 10069 5653 30469 8772 2420 24337 31193 17994 25172 16333 30490 15000 13446 24766 12078 8956 13469 11058 14065 12073 3377 20877 7238 15355 5836 8646 23695 219 21654 6817 23042 12612 10735 26945 14476 16913 16423 10065 21644 16494 28514 18015 17455 4538 9649 18661 20562 25424 1677 15138 25124 3402 4324 18114 23786 9137 2465 18539 7052 5905 18269 17869 32660 7856 26945 10497 29648 25768 11868 16664 10542 3782 17984 19045 13068 3932 5834 14266 14690 30618 26566 9691 5091 10545 29753 20831 30454 14620 28088 30810 21575 23696 18730 2512 14090 17468 6087 18090 19061 24341 25931 21815 25157 25814 8913 11391 18204 22390 14267 4872 21356 3870 27175 9433 3535 29216 26211 30087 3274 5488 21131 25920 23091 26708 29835 9394 8638 12346 16315 16492 1640 31953 15448 12663 17177 18066 16236 17761 954 14322 28794 1261 142 30979 30582 27782 5372 3549 26718 24284 3121 5759 5985 17921 14433 9376 5710 2473 1764 29053 28476 12360 28544 10939 18806 14570 22474 26278 6602 32395 27543 27638 21955 23314 29013 24580 3354 24348 8521 6805 9424 602 18601 12953 6870 15627 24675 4016 19870 31848 10025 23543 19417 27412 30539 18464 28533 21159 11558 23212 8908 18985 13154 1119 21895 17107 26429 5111 4129 19879 28085 1547 9788 21323 12540 18787 9831 8459 2772 15552 10535 13393 4242 12056 11948 11241 30620 32138 18871 2680 29373 18769 2755 31798 15003 29649 6117 31991 21530 30295 8315 17722 15820 13781 7994 27401 15659 26616 23923 31229 14746 31993 14767 2213 31514 15754 30243 25945 6799 17698 677 19315 2731 3443 22364 16973 7197 738 11705 9978 29691 24332 25994 32462 23937 15606 20812 8001 1590 21855 4944 18762 10891 32755 18549 25969 20969 19732 8312 6125 13771 24867 29895 14303 4420 17003 11353 11970 2567 28320 13779 24036 17074 28611 25917 10934 3057 24232 25701 25978 24498 12351 13668 31605 30396 25081 32396 22994 27490 17558 278 30666 13786 22418 24143 2177 17016 28829 29231 24133 12169 27640 13395 6802 695 31048 18371 18960 27709 12276 31527 6790 16780 1988 26560 7878 2887 26847 3051 10768 28061 13445 10903 26488 28935 30932 11595 9676 12520 26365 11791 14635 25302 20865 29286 25559 2291 18578 12781 30427 29871 21819 26042 13897 1535 21543 12186 28793 19001 11356 283 7285 7721 6414 7847 8655 14994 31248 17697 19308 8200 20550 13750 24382 11745 25370 25632 24901 21176 
11679 2734 20674 9371 10113 2613 31130 17455 21625 13992 13605 17106 3669 31517 6724 23483 17334 24810 3864 28844 9286 1642 31055 20500 12081 5752 2324 17852 32204 12865 10461 24674 6173 6383 6490 30611 11535 29817 22465 250 25323 28934 20566 12142 5891 5970 25258 21368 31655 20134 2832 519 5735 25416 1000 19095 1304 12442 15064 31356 14838 19122 8341 14199 29609 1456 27109 21756 25961 8394 15836 26771 10413 26932 4828 10137 21728 26 16978 16140 27661 12339 6274 25702 28390 14332 26191 7333 2064 32116 20327 17827 22124 29635 17557 22701 3397 26932 7053 7009 4501 27672 18026 29467 28799 24416 9729 29038 7403 6100 25976 28195 12249 2759 18244 14355 15179 32741 21856 25779 28614 3766 18103 31570 9100 12661 7404 26098 25832 11859 6730 23603 17168 22960 5970 21556 20528 20093 461 8615 2501 6784 26747 11112 15366 29725 21756 23245 23372 23653 17962 23733 7893 1732 28428 14981 22045 31872 12731 3936 6937 2532 17911 26109 24112 12321 1979 19591 31819 16485 17024 1566 22696 29225 7914 32247 28671 12150 27099 31028 10660 1280 24165 11926 11356 28638 26640 10239 14167 1513 31872 31233 6663 22265 11842 965 15868 3663 3589 9472 10684 5638 23532 20730 19388 17256 1470 5062 31731 12787 2506 7758 6158 19070 13179 21734 4094 9794 30851 8888 18875 15189 16390 26100 15123 20457 13958 9984 17574 2641 18454 22423 19922 18585 3655 20883 20677 19915 27935 24144 8421 14401 27117 26135 14969 22005 16707 8547 11659 29741 28169 23990 23587 4408 16557 29293 19007 21340 21368 27677 17845 12725 26334 20283 16921 8114 29456 28651 26456 4281 23387 14781 28370 31214 31490 4100 2867 23392 13792 95 15233 30324 23544 23377 31877 300 16258 21920 4866 13429 8223 30376 9468 7109 25541 1859 7454 31215 26242 2581 27539 28191 26888 76 24580 5062 9069 17940 14997 3328 7616 16925 32759 30024 23404 5660 19014 22961 17918 9317 27851 18889 29874 11455 10038 9144 28443 28361 9781 6272 31234 27493 20920 24572 12977 791 1688 22807 21319 16277 6310 19749 27210 18916 2271 21976 892 29090 17310 27769 22479 1784 23026 32159 10023 22552 22580 1427 23996 627 9251 17128 7919 20140 22742 20740 20577 4868 31220 24394 27009 15143 16659 6059 23009 9098 28943 10693 3291 11082 23969 31982 27365 2293 2336 18549 25253 13419 31938 10047 30927 17880 23805 11617 22215 31646 3327 8810 8751 7717 
17185 11319 16827 15158 13154 12608 32503 31815 7435 29568 29102 9256 18861 14182 18826 18648 27604 28368 13776 24344 11726 6800 2907 5818 9237 294 14064 6451 29188 16586 32289 7885 30951 17499 19035 29988 12854 28424 1264 11715 9727 13412 17583 10429 20680 30270 18206 20393 3795 29047 16852 10085 24176 6391 10641 24478 12621 20548 16922 758 1606 12896 25185 32145 17237 8278 26014 5681 24179 3379 23166 3393 3363 17355 15314 26604 2824 30022 11778 23410 15062 29512 16306 1363 63 2671 9281 16420 18561 13358 10412 3650 21364 12087 22889 12356 7594 9705 17009 28582 28402 20182 14804 15191 12658 31899 16408 1247 8498 25937 25964 31955 7867 8523 22182 24650 10371 6880 631 22616 29153 11246 18762 9916 30412 21014 27376 14844 30264 10126 13893 21799 29392 32341 4238 5345 13635 14251 21618 20038 8110 29965 1758 22197 22774 13731 23311 25770 2572 6663 3258 10598 30510 9165 30088 29018 10658 148 24025 14820 2191 1927 10972 7450 24674 133 13016 3151 29784 6145 22358 8476 17767 29320 18384 22750 2274 27399 26719 8594 14689 9778 12593 17098 31549 10408 17116 19442 13443 2777 14255 4630 20087 5682 4951 15620 15911 23133 9024 30919 22386 8377 31516 8163 22703 11366 28078 18746 19496 25475 10444 26190 30562 16009 22148 12596 5223 11082 6609 14423 14467 31779 22172 11506 32712 23947 26910 26721 7923 678 24137 26626 12494 21093 3444 10575 32257 6693 30584 26139 29189 22358 27980 4011 28761 11992 32686 27130 15618 27662 4809 17263 24278 19888 4945 18717 22793 27832 31893 28238 18670 17226 18970 26274 28844 29461 24764 452 23635 25694 27099 29461 14262 27728 26876 15140 3428 26317 14364 12897 3626 12908 8037 1912 457 30898 29476 4539 15169 1203 2465 19007 3879 16127 26715 28975 7014 8773 28877 28132 6670 21808 2505 7808 25379 10473 22721 18308 8498 31197 19314 22511 12688 30908 21277 9295 3679 10920 28325 1923 12565 22399 3886 31722 27871 27848 27398 14193 27868 6259 31433 31685 364 20756 25361 28580 16862 4040 20501 32601 9375 15773 7325 31271 21925 24932 31819 20046 19166 22190 18982 4077 7519 31219 25799 28784 17604 32206 28297 10599 10357 4527 29025 32565 11156 19164 27918 31744 17688 3523 2241 15770 4212 16273 9844 13052 12177 732 3504 31853 20133 14805 12591 15680 27831 2989 13410 30788 14422 14419 22668 21566 1891 6132 28184 2549 30985 29078 27415 5376 
18355 13673 1724 30627 19404 21559 10736 30757 22558 7083 24089 6813 23204 490 28808 11193 8829 3708 724 8298 28562 26576 17523 23731 1503 27382 17393 12030 7308 32117 19827 19710 12582 26201 22506 5367 23422 19843 8742 1814 12675 17614 22052 13713 26730 16010 18108 15156 6778 29829 20012 17618 18799 20653 13126 24342 2123 21548 31285 5094 28848 29488 7311 18044 27565 12604 2387 13746 8622 28418 23771 16581 29931 7046 8702 2981 2497 7247 10105 21475 10540 950 20333 32260 2120 14999 13628 17291 3109 6826 3727 21811 13479 30271 31044 29534 25710 7849 32443 1035 20639 8806 24324 12843 24723 12077 1578 14130 24211 8585 26517 20308 27945 16055 5722 3671 6731 8083 160 28434 14430 31616 10609 6788 11472 31613 17775 3233 28342 17535 27399 12069 520 847 4014 17164 11434 12873 24787 7233 25893 8555 23294 23644 25855 7157 6250 14228 23245 22956 31076 26867 872 5961 21445 23005 16839 6447 29787 11856 11882 15764 24980 19740 7991 10281 11544 20261 4078 20509 13081 2757 12555 26221 18843 22608 5160 21025 535 27228 4387 2104 19880 4379 20393 14378 31963 15378 7885 24445 32664 6310 19328 603 14814 28513 10875 15926 9304 18715 32053 24021 32712 6825 7133 13242 3554 19684 4562 31628 5651 5191 2150 27475 7500 24898 1519 24062 12885 24619 19300 17930 28594 15910 8012 11892 29968 4632 19937 32260 11741 26087 10821 20697 13157 7249 3337 2014 2720 12147 20290 3305 30282 9211 12464 13927 31883 18325 6143 21014 9642 19592 5582 6481 317 14986 18 1301 31699 32047 9150 633 18178 26736 25715 7497 8607 18333 6229 2814 254 4630 20230 13501 331 19866 3550 4403 29274 16686 16277 4603 3911 13606 19560 6834 16653 24668 6402 22353 10084 13081 2905 32372 14820 2677 13483 30267 15689 1937 27102 18465 6109 26619 32125 30211 16597 13275 8847 31136 31038 7031 16422 11295 20193 5265 20623 31536 22631 12615 19447 18507 2000 9819 10866 21540 26268 9284 2001 16172 11675 27003 24694 26012 23433 1859 6656 842 20496 1232 22397 3704 21810 9598 9464 6261 11372 20653 11541 19365 24516 22528 7264 14846 23361 8080 26373 22297 26257 855 9435 1890 17040 4691 22329 24445 26551 8240 10790 9420 3295 15360 16445 8597 20201 26066 19094 31952 26834 12534 22484 15308 13699 27249 8638 29061 10234 20148 21438 13966 30006 6520 6463 26735 30763 737 17444 17767 23343 610 
17540 18962 23520 20888 25573 20778 2809 20231 10137 18647 21454 18997 31844 5675 17517 25013 31953 22865 19153 28993 26785 29479 9076 545 30573 19952 25816 23536 31491 15874 9238 8950 31415 27684 24098 6139 17898 242 86 3274 13896 3663 17446 17440 6017 20224 18883 30459 9710 7179 29173 10589 29692 31732 30092 23807 11258 31721 6584 817 3532 23068 26016 4805 29365 26210 19813 27050 4562 32623 25188 11308 5831 17832 14702 29852 19309 14763 25537 7776 7674 24657 4592 5194 7587 20558 22704 25337 11303 18961 5283 4650 25459 29527 22073 3000 30622 27177 585 31423 29510 27091 31783 29765 26002 8333 5745 30778 4427 17650 24762 2678 15089 16795 7683 6332 30018 16644 26396 20007 31186 26437 29361 18145 5010 4183 29418 22992 8109 3398 27495 13647 30543 24495 5010 12983 11606 24020 17031 18852 4632 29713 10743 28012 25507 29800 31225 16864 9202 11428 30366 11442 32443 16467 8659 8913 13146 27967 17230 850 29005 1248 29161 25172 20398 26033 20340 24648 8382 82 5301 9550 30192 10730 13648 4598 30915 1244 19477 31664 31433 8374 18353 12046 7291 20060 17658 32479 3350 23877 20337 22803 4025 12332 18366 23724 847 15925 26968 17997 12913 25571 11248 29274 2454 10496 28676 30834 26594 25572 4370 7772 10496 260 28762 26252 958 3261 30966 20252 26298 9293 19644 20884 28278 17730 2735 2477 12255 2166 11038 14787 15365 32656 14644 7047 6826 13273 26459 5337 31611 7871 12757 23118 31480 15105 8978 2623 16660 27717 22108 14840 16962 28398 13573 7986 27911 5165 23121 5389 24973 19325 30014 13196 18014 31512 13758 6162 24591 29929 24042 22708 8415 7369 17951 27966 31422 6670 11493 3387 24886 20990 31443 26980 9584 14949 3031 16111 15913 4867 5116 11477 15730 10049 14233 8606 2708 19342 25522 26374 3530 11344 6951 9177 13010 23375 17067 19998 23769 1220 8618 29309 13306 27329 26073 23866 12501 14350 30265 22139 23417 19091 19698 21940 31327 6460 2110 22434 13202 16372 7785 12770 30240 19147 15446 13033 30892 27634 2331 21883 2184 1990 31178 17538 2808 13620 24393 5447 8504 19743 21573 28288 23125 16199 4360 5568 24239 17686 5077 268 11585 15466 8169 26394 10634 17929 28345 18495 31022 28387 6165 9250 18164 9737 24578 9383 21755 18763 28195 24263 13620 16842 18492 27371 7817 23855 3788 32459 22064 30213 3950 32593 4077 17189 6043 11136 11302 10075 597 4609 
29550 13699 19311 23722 31196 7302 8703 9514 29777 13443 29889 15895 10925 9786 31651 22227 11396 22202 21315 9339 22151 26798 15576 16652 25282 2968 2659 270 16737 28744 21723 29642 14157 3458 22731 9272 14878 10939 6168 24124 3838 20273 20895 31989 13254 14216 29093 28985 3096 8879 22909 32000 29477 15210 22339 32694 11241 8328 11729 21127 18633 12786 22250 2843 31850 20630 23355 12839 10769 17562 397 30750 15526 18567 16267 19237 23668 9416 9052 20366 28059 8828 19173 6530 1977 31924 20225 1115 217 19682 17897 31051 9082 29909 22057 14910 18923 31770 29634 22687 17979 552 29378 24298 8041 16596 12381 4621 11223 30333 26274 24785 7576 28258 25521 22954 16917 25796 1048 18983 7413 11040 1436 4768 20278 7852 32587 16938 19331 28778 16354 2227 28952 153 3179 20408 18083 15157 2780 3191 15627 32608 16896 19992 5030 8152 32222 15347 7478 24546 6417 26141 19418 32451 29631 15246 22102 779 1304 4835 4108 19900 18568 17080 2344 23422 25297 6470 12796 23007 20681 16764 11719 14547 31243 13856 155 3744 21384 11266 17127 3932 22765 31404 28185 25657 1985 10104 19346 1250 20957 28351 19774 32331 29290 25846 1363 18294 19792 18257 23681 30648 21464 374 28457 25095 17967 19310 174 23602 1405 17530 10874 8807 16199 6230 19332 15120 7200 9359 2923 14085 20196 815 7466 31167 32083 6954 15344 24978 12835 27867 27731 435 12248 27775 4043 19652 4240 20002 26192 8037 27345 19910 21351 15298 28957 15334 27006 4102 5730 30155 31516 28315 21666 18737 6454 31155 13662 29831 6522 18896 13702 8162 22206 16007 10687 29082 29222 14758 15612 21829 17354 9989 14669 17529 14811 17204 32744 727 4175 7555 30281 13106 1538 19071 31924 11259 362 1786 30050 7411 19398 7339 23973 4105 22145 10766 7857 25673 12638 12840 3181 28989 9995 20326 18665 15117 16581 16618 23360 26151 11593 32258 10968 29905 31696 23214 5493 18484 8098 30576 1111 7301 1550 24923 4181 21451 15577 11814 30071 6080 7393 28129 24434 30349 7892 1151 30403 29014 12081 13669 9622 7870 4521 20514 20849 18376 24927 22120 15972 9494 15227 28540 20791 13310 18241 6521 4516 2988 3554 31197 31586 4915 4908 17319 30258 22041 21891 6967 3908 3886 10262 12958 18990 25114 16949 12872 13365 18415 14801 19554 27983 17285 16153 15405 7152 16943 26019 20423 7745 32545 10255 26732 13533 14690 25727 23885 30615 24555 
5528 12761 17149 21161 6966 32273 29988 18988 10776 30007 20182 15937 5988 20368 26810 27080 31660 23983 9482 21125 21387 13696 29828 31289 32257 20445 3167 8661 20712 18753 2043 23981 5660 19857 1559 17807 6992 2671 1824 10656 16726 17019 7766 25366 2053 5278 1277 31538 23929 21737 22955 30330 26026 25859 16351 27181 28874 7641 14569 21903 30066 6478 5021 23107 3305 12483 21015 29874 28123 9061 21646 15556 26643 5717 23166 11868 5925 19821 30786 30116 19949 5783 23854 29984 3099 3729 22817 18083 28987 7426 29880 18352 19768 15002 27226 2959 5286 14420 30188 18708 7875 20235 13096 10412 1411 22272 3656 17579 19173 5576 20292 10218 11343 31257 8074 21276 31778 25675 27443 12906 285 5778 3419 1747 19070 514 9605 24750 4121 18829 4575 20520 14194 25525 27105 9470 20886 14668 23271 6262 16560 1083 25588 17169 17389 36 11027 11480 27906 18324 7088 25259 17345 19266 26560 27394 14763 6833 24814 9863 17651 28219 9648 2750 23746 19925 14838 30034 208 24257 24787 26279 27762 28417 3980 8628 6507 20271 29152 32191 32544 12207 25252 28365 4386 6377 7888 311 31424 18297 7395 20597 9852 15244 6779 8298 22124 20948 6938 10551 24975 7857 14753 2845 1748 11131 4361 18472 6986 69 30658 12786 13396 29253 3675 2363 16165 17698 7999 27822 24365 27661 1878 30950 24489 1996 14766 24847 11121 28684 5932 29180 21173 26559 18166 7971 32589 19924 16354 25161 1407 20513 14946 23885 22535 14 21886 21257 6759 9983 28054 16660 19139 20871 31041 3419 13421 8061 21264 15536 22495 6434 31154 6963 6466 25033 23396 31758 2409 15598 7551 17849 27706 25244 2068 10396 10228 22532 9959 3119 22139 31765 30400 11023 13426 25551 30645 28159 30366 8090 2378 13149 7377 14124 23677 3896 12252 7952 32742 30838 3704 3557 8305 14353 25140 28005 25100 16568 16006 29016 11233 6094 297 2963 28840 96 7130 17200 15355 16510 3327 22991 22093 26781 10239 7367 24585 13685 18737 9437 14144 17222 14642 28760 7552 3014 25380 5587 31627 25015 3436 27519 28982 4565 20723 4714 16756 29539 17043 4840 432 17379 9270 10604 8121 23832 16777 6690 31989 21762 6352 27310 15280 10208 16695 13923 15148 25919 26957 5190 13612 23169 28769 26058 16585 27179 30271 15438 28480 17380 26231 18028 23054 6259 16031 29644 20809 1059 20912 30064 17998 30070 7307 31241 6978 17646 26811 26366 21892 14650 
21036 259 32641 23301 9543 28910 20133 14536 15596 29284 26706 25793 26966 3777 11468 23269 9739 6516 12033 7820 28819 32727 15209 29506 19358 21434 1636 11734 6848 7652 10497 3218 16121 14682 7623 17284 12960 1761 10025 4084 13702 2460 10119 4501 21416 17705 18727 2660 27667 32727 10094 17680 12127 17286 21055 21298 8788 15756 23510 26966 10352 23055 24916 24014 4914 25001 30074 2966 14625 5489 23133 12086 8216 31973 11 31437 2041 3995 14148 2557 171 6998 7234 20530 12170 2992 8818 498 11812 11786 30391 32589 6109 11871 8187 2280 22554 8050 30428 28011 28939 863 28753 15171 26744 31509 25446 24433 30787 22426 23345 18113 824 23115 30501 8023 27574 25415 24511 7346 12864 321 4109 21273 3861 29542 31827 32175 3730 25011 12789 5723 16054 3038 8670 12570 4524 12602 11301 474 13076 18550 26511 22136 25095 11322 7332 20745 662 10547 10188 12075 26079 18323 20873 29712 12068 11327 9656 10707 32346 1474 7148 3865 7307 6869 10431 22750 8339 10500 5244 26914 28757 9365 3106 3982 23858 18410 23564 10476 29178 28473 22112 22275 5831 3469 26844 1403 4764 11011 30636 29126 22406 4838 20792 16689 17998 6981 21807 404 6238 31818 17673 7201 24594 5584 13470 25716 20843 29412 31597 2966 14862 16997 17059 8094 24537 12989 19192 8602 9381 30170 13952 11437 25805 18831 14144 31248 29656 20543 16570 14641 21118 13702 22417 12238 8501 31612 3561 4757 22885 26902 15548 28245 9365 10265 14631 10650 14589 24670 10588 12263 16806 21614 4958 14900 32725 9728 9902 26044 4924 9761 11215 22541 29172 12981 8415 13033 8529 6901 14684 25437 12454 6932 7051 26142 32707 21019 6721 3308 28725 25940 2213 13261 28890 6170 13744 16303 23912 14745 17659 25551 29688 15905 26054 21721 19180 26274 8971 1226 8394 29696 21455 27829 23940 26718 16021 31489 28926 5883 12142 19663 1524 6790 13053 29289 30530 3918 26687 20142 19897 8460 11373 19554 1658 11717 27027 29030 5184 32570 16627 7741 23471 24297 25727 2407 5625 24 25391 3350 25240 9117 7154 13187 17598 30387 20972 21367 11068 16497 27606 18428 30190 12367 3230 25678 387 2200 17627 25891 4359 30842 28972 12742 5864 14889 15969 12438 8073 801 1098 9853 4722 9588 13568 9090 14889 32614 15075 31751 25916 3163 2663 28681 3595 1579 32367 21233 26951 13904 30499 23066 23690 31496 29300 2157 31896 13055 32323 17473 
23781 19127 29109 8214 25933 21475 1841 19419 25414 5372 23302 1313 29113 5930 22786 10298 5610 4941 8611 29164 21485 1609 21552 32482 19905 26093 21600 19723 21590 29787 17265 18413 24969 7257 13238 17487 20500 30850 27748 27861 32424 5038 15498 24081 7967 14102 10240 22479 28012 27445 28625 22311 18426 32426 20171 29715 20798 27671 125 27290 27877 18907 18909 9562 27973 32231 9310 6299 26716 27836 19048 4248 22990 32039 25709 19422 28998 13466 19177 27084 18878 7810 13598 5131 13569 6014 26370 354 25636 5462 22585 12799 8271 1189 28143 9283 17064 31968 20956 26186 7403 7154 9107 10155 15251 31985 8224 4455 8235 18710 8778 8573 10917 9784 13067 24790 4886 27508 21277 486 18695 14182 13139 31824 23579 31169 8467 22442 19553 8631 16210 28842 14841 8903 1175 15895 2464 23486 29186 20079 17118 23466 15527 9832 20470 7535 28655 15844 5737 4702 5555 15127 11840 5792 9775 11174 31355 20775 8217 15584 2941 29272 27850 4061 2749 14574 4811 17399 10350 486 2692 17894 24377 7210 28378 28630 15566 15120 30674 3055 20091 32192 30839 21468 6684 11391 19237 8794 12491 5607 31909 14578 4934 28167 25083 17019 26648 21174 17335 5357 11499 17032 23052 12051 26176 13257 16526 218 3320 941 2385 31760 664 3433 25410 29289 30592 23360 19248 22180 8504 30498 18298 18411 12222 6617 22965 9555 24808 10884 32379 16533 17591 18338 651 26095 5839 13597 12244 10132 20038 14082 26757 9242 5804 18224 19839 26032 16566 20208 28709 6328 23763 7453 5375 24993 23798 23774 20627 21141 30205 21021 804 5614 32132 11947 9285 28304 20404 13815 18269 20203 23315 14298 4967 664 29321 18944 26643 18234 13533 4966 8099 11238 16627 8958 7561 1226 29669 26309 13003 14318 9964 30309 23301 8352 6860 26798 26837 13593 32637 9049 17332 30370 24450 12333 2575 9179 9689 7926 6818 8153 13888 1078 6972 14434 24228 22812 25301 25769 809 12987 13609 29341 2333 1030 13747 6870 23433 6673 11874 19526 18018 2792 25784 27816 27927 6868 23776 23935 22478 28360 27706 13317 21040 1067 1395 27873 19274 23046 7995 28665 18656 450 6803 11451 15868 12967 32417 6961 15094 11296 13134 24951 16495 13257 27662 25272 26486 10639 24581 20711 29144 5350 2589 10240 25404 2758 2770 15359 13275 19840 30623 6504 17134 10754 16188 18290 28895 16811 5301 28284 2818 13405 26217 27120 26969 17668 30818 27002 
13304 27175 6922 13049 22727 28220 10437 1595 16927 6224 8410 14797 11701 26442 8374 568 5048 30399 18470 28894 29645 24967 21584 21488 4218 11971 7979 12017 24397 5124 30302 11435 13100 4994 28727 15624 5584 27886 30393 22414 3876 1794 15547 21586 29892 5030 20639 7226 6330 26260 21542 1617 3563 11855 6706 16692 16832 31193 32299 18692 21136 2246 27618 21511 12710 9195 30041 14120 23683 30520 28686 10328 26276 14626 7985 26207 28537 25364 6063 14523 31251 17580 9358 753 1590 28035 673 4216 30114 18148 20086 13869 5570 30638 19243 14667 19208 5032 19182 4507 7639 24139 32228 1956 138 6120 28662 12338 4332 8957 8397 17278 23814 17003 4499 10838 21103 29606 22486 20551 21120 32325 9963 24281 13684 20513 32489 18591 3567 31773 1153 14739 4610 10039 27595 28141 19552 7285 7718 2288 13165 28395 17683 19785 32456 31955 1171 12835 3959 19575 19759 28036 947 3100 12051 11806 25201 12353 14358 23114 31870 5827 11216 20400 6527 11904 17347 19785 297 30799 14401 21229 2877 5992 20665 3683 26947 30334 24116 16299 22276 15655 29333 26905 17560 19934 28171 19598 21570 1969 7 20215 2467 28895 18546 2449 24268 26883 2747 29531 12616 15742 3782 18354 24463 31255 19240 16907 3842 17129 19998 4260 12641 13779 13733 26124 28206 28614 25149 15555 18201 20629 23118 770 17680 30036 14624 32106 16061 10814 32237 1583 1625 29250 13130 14541 32466 18745 13656 4128 25482 20223 4787 10069 18408 997 1450 11371 25026 29329 25531 18019 19202 4772 20736 7209 30063 6581 10889 24771 12865 26245 5569 9625 5712 26726 9430 267 14843 22539 18873 26374 30880 13954 20771 13604 31340 17550 29305 12614 3430 32698 12846 19414 9754 23531 31015 26534 32635 10677 818 25813 18093 12772 26383 23230 7774 16498 30099 2026 20263 31141 26204 10910 21658 13381 28821 12809 30135 24167 8761 28345 22773 24603 15047 697 31832 19011 14811 10093 17165 1579 19949 19629 5318 13189 29023 4164 10591 5094 30327 2014 17091 30926 10611 27387 23495 21315 12917 25387 1260 28651 20136 9700 7231 6855 31605 9749 1022 26623 7966 22754 2736 12562 12323 29050 29636 23091 562 17277 31699 31809 26672 12505 8973 6913 13699 8131 2032 21524 23626 9001 14052 10083 28997 17855 22321 25817 13503 11145 889 18889 15516 32180 2445 15583 29274 17687 16230 10982 20919 14155 19556 25451 32183 22798 23414 8333 18802 4306 
11629 9395 12782 4622 14348 5529 23186 10527 24554 3177 23784 31712 19004 24542 29408 7811 17873 13615 28222 31566 26070 4350 18263 11026 16774 6282 14967 13353 7802 18761 25471 5607 30022 17010 23989 10795 15421 24935 31879 6906 7892 28719 5003 10130 7753 18453 8718 5180 2193 6005 20354 27317 11924 17294 738 4029 29810 4134 27 10952 31528 30100 29555 10229 2369 22859 26336 2849 23319 12874 27993 2203 8831 13643 15896 17541 1818 16188 25280 31542 5801 31959 6788 19925 26150 18922 16006 13961 15443 22530 20396 2768 30337 12386 11085 13509 845 16262 17486 16019 29764 22107 1906 848 26789 1431 23109 22474 1445 5087 24210 7624 18234 13642 11498 28339 15161 15486 24087 5690 9970 11060 31160 4206 4309 19541 19857 14163 10231 28633 1983 23185 28531 20992 16664 28195 12907 25717 25026 28201 29533 32722 16914 21525 3986 716 1557 2431 31378 19288 20958 9064 16802 31153 8153 17980 25991 24819 16173 15838 21611 25485 26542 21611 20034 2009 18811 10419 20013 9971 23366 30228 26339 31171 2574 5299 5776 14050 20992 14181 10601 10820 11927 21412 9780 15941 16126 13474 8704 2884 26481 10480 9191 21675 24656 19603 25170 9684 28419 30278 28210 24896 29469 29705 20133 26535 18484 24044 13569 15225 5618 14332 15490 4691 18469 5268 24074 12197 11397 11749 1552 9888 21252 24940 23651 3529 18529 22693 14556 30367 30108 8163 31161 7079 6884 18769 20718 21675 14334 31122 7595 30837 19192 23159 30577 13638 6205 32344 22087 22869 10732 901 20662 4785 19773 27703 7162 9187 4582 13716 22383 14640 7447 23764 7919 28977 20082 4024 27389 29497 1878 19309 31828 16927 2517 4062 16747 32554 6581 1328 15778 7922 24592 5739 24832 31667 4025 26021 10229 25217 17099 24677 22209 6406 2535 12854 27239 19334 6409 25253 4826 27634 15534 20366 18944 16786 5593 12131 13519 31827 23681 31065 1942 25275 27148 11410 21015 6684 27956 6322 8858 30311 21572 19810 18476 28133 30178 21253 23694 27135 25862 2164 2888 20760 26265 23065 15411 9230 20438 3882 31163 11141 600 3315 28934 8213 30372 19455 28520 11016 2674 6993 15767 3471 10946 30029 23195 30120 27763 26713 27595 11342 27393 32422 23724 23998 11030 2799 9370 26917 17184 14730 24149 7639 7915 23747 7668 26216 3931 19748 10607 3798 8747 9095 76 13011 15294 15755 24340 20224 27570 8362 25862 30735 17185 3461 18025 15647 3214 6480 
12516 11601 18579 6049 28815 3569 17912 353 26071 1649 16135 15578 280 28702 17774 8724 8182 17113 14041 3152 12719 4390 24243 2253 7661 9500 28358 10584 11086 29999 4225 14817 1175 6441 369 21874 26435 21534 9128 6509 18965 7148 4326 23676 14599 23486 5626 20828 8570 27411 29933 8285 13489 360 3497 28562 32432 12537 10150 9482 22787 23994 11050 13092 12447 17644 29380 16444 28011 4340 11319 10596 8206 31966 14525 10906 22411 11066 18538 23781 8277 25888 2501 10275 6265 21080 5655 16410 11663 32122 7757 10367 5338 24380 13286 28036 1680 31108 13689 30362 9507 8265 22738 1430 10174 32000 29077 13045 4755 14609 21577 27105 8996 18241 26427 13939 27396 9035 14808 19892 24074 7439 25860 11624 27026 11351 16285 2639 10147 15812 22769 19762 10552 31800 17874 17298 13922 10556 12065 2208 985 32699 5531 28521 25326 21663 31704 2803 1047 27388 23256 980 18169 24547 16398 32295 19640 1211 5043 32129 5628 25191 11655 1015 4322 27830 23638 19459 21290 29836 1779 661 14870 21043 19824 22490 19201 4547 30979 10205 886 1652 13430 13073 29398 9309 13461 13810 5661 10660 20864 4869 29210 17906 368 13184 17803 26819 18650 25134 28530 5348 16902 14245 7691 9478 31633 31693 31357 15998 9846 18267 8801 7660 16221 29187 6391 29451 12277 21663 3351 2509 12710 11164 19188 19517 25880 10022 21921 18649 20929 13767 26159 11035 14991 31285 18873 2602 29715 25120 23918 6921 1764 32018 23143 29452 8560 5066 1200 16131 19295 7935 7293 32592 31710 30163 4606 24423 29844 19643 2989 22869 31149 11985 16538 2757 27059 12291 17153 30705 24020 5281 9320 229 24898 17744 1664 21230 4178 4920 14362 19566 20207 16909 989 608 26706 20618 12903 30131 25214 24743 8250 17237 12075 2198 726 1233 15669 18896 25881 23063 17118 9188 804 29965 1970 21050 30225 16126 24418 3578 9589 27481 3037 19527 31513 9047 17801 9740 21636 8577 30155 27584 25347 895 2690 21408 6377 24102 2875 6716 13056 5550 8071 30486 23040 26173 14498 28252 30090 21718 19449 24901 21130 28969 15191 10421 31308 26681 26408 96 27461 8070 2383 30599 623 11586 16487 21787 6439 22691 25958 22248 15223 8106 8296 6124 4295 9032 23186 2464 18847 17373 23757 26880 8415 10081 27211 29767 24252 30912 27160 3377 14137 30178 12725 28506 12412 29053 14770 9234 26755 8906 20040 26807 1752 6681 30892 22540 
25169 5074 21164 14332 6638 6128 30568 4515 24424 19123 8198 17012 14469 6550 18085 27646 2753 23299 32528 11848 2863 31384 2932 20829 3711 27952 10990 7579 29109 29596 6065 7346 21563 5042 8211 18936 31579 9430 14835 3999 10080 6418 6652 24688 24466 11282 30730 1027 12564 23614 6921 14679 7406 21288 25026 2004 30451 18002 806 28852 19458 9275 23719 22656 31428 16790 11947 29785 24249 606 19833 30389 8007 187 15393 29985 16915 20047 26075 30398 23450 26833 9130 2782 25009 30026 1131 26813 24124 12055 29621 9540 15062 17949 19853 17550 18623 3014 3641 14222 32117 3098 3040 3056 15646 21653 6934 28784 8848 17467 678 3407 22279 10130 3338 31955 1211 24741 23185 7083 8294 21721 26159 6784 18464 11065 14513 24902 29650 21990 24634 18602 9209 17077 12391 16679 18148 32425 31095 16248 27055 22163 15230 6196 9416 13283 25804 28413 32307 30303 24284 24899 15373 131 1789 7496 13795 18515 15772 22387 19827 16775 9551 30091 1257 27801 12146 17036 22535 20668 9553 22438 19644 13171 22708 21353 26911 2049 15571 5618 23274 3239 11806 32616 20443 181 28333 27613 11878 28817 27909 21395 17330 18590 16970 13849 11156 12041 25614 25879 12191 13443 8769 21961 26958 29083 20410 2356 5972 9997 26919 19623 7531 15921 23488 1146 11693 26531 19656 21862 19695 27221 26613 16876 17328 14590 27498 21844 12609 24160 19122 1275 4909 23314 10369 25650 10550 22364 28715 26547 19580 14220 5474 3237 1296 12428 15801 17759 12193 2438 20955 27653 11878 9477 20732 24008 22861 8541 14097 31049 6780 11195 32765 28744 1381 22472 28701 18473 26461 21177 13024 10230 7055 20248 9716 27128 28046 5907 24568 20254 31433 13207 22565 25641 6634 10811 29244 2094 167 10799 23522 28800 2714 21354 16184 31974 9775 16966 4599 28583 9944 12640 2561 20238 11910 24344 8235 8161 28045 28382 26743 25006 31400 29005 32718 5039 20656 6265 1361 17488 13552 7749 20354 11089 8770 13973 22979 1002 10348 21011 24091 5779 22749 13982 23514 2864 23374 5189 696 21546 7819 29336 30610 22140 15659 4589 18841 15973 130 24811 20812 28632 31150 10687 31363 11406 1916 6024 9988 3487 32739 12822 1271 32302 29797 28745 29732 6699 3509 17966 25559 10420 5000 4261 15885 26807 18910 24851 17803 2034 23949 23630 12502 22139 14213 6203 23447 25981 12804 30216 25958 12335 10979 17867 12568 18823 21442 25218 22824 5351 
6023 3663 23731 20774 30009 21936 19079 16306 6971 12835 6827 15987 1191 5113 16190 1065 5968 25288 30979 2850 15125 5364 26955 23534 2193 18663 26118 4733 21583 13881 4734 446 4405 23179 32321 19516 961 10655 8363 23037 16253 11750 11463 27944 9399 12269 9598 24627 10743 3611 11858 13582 6841 7277 24052 18167 20375 27040 21863 4401 9212 17176 17719 22265 535 24866 11961 17864 26120 26484 20934 12753 10344 21523 27452 27370 12779 19137 10068 18805 8355 5217 20163 17627 13128 14977 21821 9164 14714 31165 26237 14083 218 11335 5952 17751 28094 19563 29821 2640 6109 19967 30100 16786 22802 28741 1146 6632 24954 25881 15612 6822 27484 3453 16225 11511 18373 9863 4611 20739 6166 24642 341 4244 20321 19113 19656 19287 18164 7522 3138 8195 18349 746 9615 7054 32277 26262 2316 12414 17909 15431 3895 4676 28548 3368 22412 29974 26534 4873 17842 3337 21653 4340 19838 16294 4332 24194 20482 11447 20634 27763 3032 18378 22376 18650 28747 8611 21708 30585 24654 16644 27994 25345 12662 7129 10367 20336 31353 1804 11339 25433 13241 2686 21052 4143 25688 5918 16815 7429 19152 14702 17631 22819 27936 28363 30268 3540 14705 2148 5123 23671 3492 24432 28411 12102 5988 25946 2872 24455 24558 29504 19306 23970 26915 15380 12048 426 26325 14130 26289 1082 32745 29710 10104 8637 19412 17042 9464 3137 11122 13046 13226 3961 17005 2096 16696 1231 11701 6245 10226 24570 9461 32321 31641 2910 6441 9415 8169 19007 13671 27894 26785 3964 27887 3377 16392 31868 6767 15391 23553 1807 20787 9811 14125 7543 3142 20243 3949 9471 28903 31119 6627 15056 19816 29586 30477 24315 21422 16421 29260 26520 11759 13419 17674 32530 6693 21090 9445 25904 8510 29455 10914 28983 8517 15498 27592 215 12139 20561 29931 17791 10275 583 29758 7551 32076 17567 31758 10299 19955 18592 26965 64 18199 25241 12975 26118 32518 16624 2952 30551 3056 13320 1033 18099 18971 11331 5934 23675 26816 23802 3507 1319 22541 10945 22884 29867 11878 12297 32525 9388 15585 1697 6762 4791 30078 11001 22038 12056 18347 17828 20503 29444 266 25417 4984 5444 21666 29564 15194 31363 2432 28020 7721 26668 31629 10571 5406 8864 2215 25778 9885 22379 1446 3964 6037 19732 3844 26797 13721 18941 29875 13006 19487 2474 13739 17951 4689 11214 17995 22874 2180 30634 23299 30979 22019 22160 25638 19673 
27130 2093 17043 3704 18622 23541 21153 10604 30629 19259 22937 25377 18796 32475 16651 23468 3127 23226 3911 31519 16334 1829 25810 9142 19788 25065 23716 25965 13261 22831 10335 30559 20678 31084 19234 21475 11722 26470 27087 10112 28141 3378 29733 330 9901 8205 15854 27589 11942 21064 24086 32102 24759 2701 32568 26755 14583 20292 18058 31725 31298 14330 17792 30136 3347 9991 9641 15862 15584 19122 27739 32454 18422 22558 2506 11424 21461 10142 22724 3752 21654 18148 13673 1786 3250 10342 20952 23160 25876 24252 14791 19443 5315 18770 16775 19975 14644 5936 19261 20537 25680 21507 10844 26899 21659 24805 5601 12503 5943 7981 7130 10713 9348 6956 16597 5615 25445 14888 17529 32432 4720 3046 4494 16517 6236 12130 24500 29611 28147 14570 5150 1276 24762 25261 8549 12849 25169 3946 21148 12497 7618 5062 5063 7974 24399 5403 14957 23183 22257 28071 23042 14636 7862 16096 13436 8684 10182 23471 15927 14440 11550 27438 13060 17779 20513 15127 16238 20092 3122 2973 24605 1283 6329 10591 30250 16518 31840 6790 8221 19856 15293 287 16850 23513 20119 20121 32714 17771 4352 8972 32119 20773 15425 13108 27508 24229 27618 31552 19987 8969 19925 12689 20147 13346 28673 2910 16201 7596 7406 31848 20907 23208 12587 16734 346 24988 3852 29755 12627 22453 32062 24026 2111 21425 14373 20420 3483 7607 17447 5804 15916 19661 3077 6926 565 15533 31628 6555 19361 25393 27967 19758 9196 27747 21358 6488 25789 19530 10422 17757 358 31460 7766 31833 15850 21650 21054 31731 21340 5410 1124 21333 5141 24826 2674 30296 4719 23330 8198 1983 29082 24582 15095 31655 18473 27854 5566 673 32301 2802 517 24065 25962 14665 26827 28810 4179 24223 27704 20749 16222 15724 8301 28623 13220 21632 8145 30759 780 7425 27447 13947 12715 1314 9537 31253 2720 22363 25595 26290 6010 4778 16127 13951 16067 6153 12511 14197 28247 10564 23303 8281 4096 12824 16715 23527 28656 11397 28515 5542 20697 7911 31274 14418 6274 12982 11621 8989 28107 30964 17360 12854 19551 5821 7417 26164 22134 1901 16005 18729 31315 30041 17318 31496 5823 27722 15725 12723 189 2468 24765 17884 26875 26985 3520 4420 16769 15124 29090 23754 3774 26054 10084 31314 14700 11627 8508 25927 4082 19752 32683 13310 12157 14835 7517 1074 30948 268 15770 29264 17970 30531 8055 4380 21754 32432 1723 26266 24203 19642 
1833 19312 13274 24620 23980 4226 25204 21619 23183 22470 16209 12709 11508 29444 1406 11677 13617 23363 32490 9921 27732 21338 8219 1768 8933 29623 7533 7691 16309 9754 9968 19925 30408 20216 29010 23654 22118 15644 7424 16512 18005 10514 20326 18162 31186 1067 17740 22672 17278 16680 26626 10441 4765 24952 13755 1457 4141 2307 26434 5244 931 21648 31998 25603 9183 11209 5450 7516 16728 8421 11098 25089 30454 16206 12941 16033 13283 1053 30000 6258 25109 31034 954 8027 28492 12456 27395 25243 12574 23314 1626 5009 12514 31886 25163 15314 24001 14746 779 9074 11943 20415 8169 3371 9500 4610 20953 11879 30995 13801 3843 20533 25773 26198 1378 21136 6484 2476 19288 19609 625 11967 6616 2533 1757 3094 5575 9724 29982 29680 22469 28302 30676 9487 24777 81 2790 30175 28788 27999 17092 24958 24327 387 30447 13136 7349 26854 4150 32748 8915 2844 4879 6290 30014 19310 23903 28467 29735 570 23032 17706 30583 10462 30607 22060 13979 32379 23031 13506 23240 29508 24403 25410 21883 20173 32734 31915 22301 18030 10300 1147 25015 9157 22761 7181 5527 29910 4092 27380 11227 4719 4955 9808 1146 16862 18728 21588 26915 18308 16423 29706 4077 6795 444 20856 9688 25321 31660 25805 11703 15645 21677 6338 7474 2939 27748 23227 10560 11832 498 27211 12271 21079 11455 11417 24383 21858 32690 6928 15992 10146 18053 1914 31629 28115 31330 24900 7967 1708 20463 19659 17733 4831 18471 189 3730 14752 24648 19257 30973 22242 3092 32633 4818 28909 18375 30723 6316 22252 32434 9336 25313 158 28567 4444 18166 32622 28286 20462 384 23673 15141 19175 8511 6983 21934 17037 5276 7802 17610 4017 18961 21811 26454 30462 9118 14505 21135 7585 4739 9308 28401 11950 6287 27541 24903 17990 24722 25412 14704 28705 27778 24902 9060 3990 23317 16151 15278 9557 18054 18557 8895 26404 24360 5305 29347 16730 22091 9002 8264 7338 8344 10917 1103 10871 28734 10285 14384 3458 29095 13532 24375 3083 12176 20651 27162 2066 13307 24292 5752 26837 983 5833 10382 10131 14940 1217 4251 3996 16103 8557 21071 29106 15396 5373 15167 26385 23960 19482 30394 14386 9899 9456 8773 23178 29562 22448 1790 18609 3385 27562 11014 19189 23043 9810 27475 23559 5382 21707 409 20077 18047 27556 22289 26412 3741 6501 28438 12397 12167 13343 23184 28401 10489 8440 15893 15353 1923 12864 
20487 31544 24728 17753 7290 31862 16036 19546 1804 17378 25384 5958 16027 7675 25173 28612 8206 11467 13545 27801 3192 10662 25039 19730 8077 4474 16229 20585 11402 11965 5090 15585 30287 5487 3597 13156 14034 12408 20209 22054 26068 7901 16748 1825 20691 27895 32020 12444 21036 896 22576 4802 26468 16925 24000 26677 9966 1051 22936 13012 6520 13389 17444 12038 14327 29325 10511 3780 26127 4757 8115 26699 2692 13151 31604 25067 18147 11514 2386 5494 69 17996 23762 28277 27095 8641 10776 17786 14863 1779 21858 1652 25811 25704 11785 7621 24278 18259 16526 10361 11686 14191 9608 410 14393 11676 10811 28305 9895 3413 19583 1670 3341 590 8718 18505 26845 31029 6412 23823 17953 19675 14073 2499 22177 151 31071 29857 2687 7115 6956 14913 13029 13779 12416 16394 32476 24421 2957 17134 14165 15867 13380 9830 20704 10986 16164 27613 7672 21891 32007 25498 6698 19310 26855 21764 14716 31448 527 21412 2487 27938 31356 6584 17499 5245 18347 22237 27550 11345 11004 14899 8332 5081 30693 21304 29041 3663 29038 8067 25639 15400 3232 10531 8452 23227 1127 18916 1770 9654 811 10151 31899 25981 24642 10967 25414 28292 23743 14718 186 11249 347 22415 25607 4775 21523 4746 25817 28866 7041 10556 13709 4344 16886 5150 4518 12823 32117 7800 9735 9423 20226 9470 16016 13960 30536 11470 15611 12280 24803 5160 16673 20908 25297 14512 32376 7375 7004 16160 1918 92 25870 854 868 15819 30498 8977 7152 25887 9804 12614 26480 28249 7006 25204 10478 610 3961 24345 7362 21519 13175 18964 11963 23638 30744 13316 23180 10934 11316 4615 1903 27384 16885 10491 32631 20995 25944 15773 24607 13722 26662 8232 11766 16210 26972 25020 22779 31081 1702 18512 16290 16602 948 17459 21956 32002 10075 29566 4805 18419 193 31728 416 23585 5235 16534 11365 11055 15243 2001 6262 8119 5959 13645 27040 28217 2583 20534 12894 2917 30023 4567 16827 6975 14592 21800 26026 8356 13371 16178 12659 10371 21604 17871 30792 1471 15483 23155 23535 32302 21601 11943 617 108 30255 27425 11148 28412 28202 24786 24489 30740 30158 15398 11780 178 2441 8561 5334 5819 22598 13506 11749 25017 3661 14787 24599 3925 22557 15356 28155 12649 23380 6877 3662 10616 7978 15997 16772 7908 18864 22418 19909 25861 30115 15635 15323 13947 9073 29790 23812 29358 3155 4197 3375 6204 305 19016 
28655 27645 5177 4931 11815 5135 16715 25190 18769 20192 10000 5638 17862 21742 5494 16270 14201 32732 1342 23407 4787 16488 26043 1247 14327 32293 1371 8647 19657 25693 16197 4974 5099 6982 4280 9150 3591 19199 30767 23095 25614 9784 17300 10181 13880 23428 16714 18986 29633 15060 17936 31870 17585 24483 18128 15756 29722 8624 29484 5627 27343 731 9800 2872 9035 13199 29307 3482 14638 2551 7673 5299 29911 23773 8726 2776 32424 29327 23287 27761 18539 27900 7074 15622 4793 13747 27395 17147 10010 20897 24837 20800 21941 7499 30374 4791 30967 19464 9594 21782 16012 29350 6924 25287 653 7506 20410 18667 24754 25626 14797 774 30388 4965 1472 16766 18930 30753 32741 1200 30678 16712 23300 31879 944 25388 17470 223 25746 9988 11975 26561 5323 20310 19858 24888 29350 21332 1668 16924 11465 15225 10732 3079 31770 637 4610 27052 20357 14106 31424 25394 17877 32075 29024 16467 23329 6987 24029 20793 16851 2060 6328 12650 24239 24828 16859 13624 26392 2595 30068 29678 14330 8186 31957 5952 14299 17709 7197 14221 1453 12208 21023 24738 31935 6695 32717 26407 7828 29888 25945 17863 32011 6756 10630 2895 16922 2070 572 7732 2937 40 3018 28827 19502 23875 7568 25892 22018 5219 3973 31584 25171 11823 14830 32665 32682 24281 17403 9534 30836 633 6721 540 3088 16644 6254 23742 17116 8353 9664 19781 8178 32498 14544 26955 12528 25391 8503 21518 8363 1443 31874 8110 4666 6484 24145 2677 2257 17614 2322 23071 5874 5981 26194 18653 23608 29332 29471 18474 22218 11846 674 14839 31254 28017 18938 4346 390 4597 16946 22059 4571 18217 11710 9179 12332 28085 26589 9542 15776 14151 22280 6157 5848 27103 21373 5856 5499 11349 22303 19555 14504 19391 14057 3328 29904 12425 11612 752 20362 32670 10097 31324 31605 11041 21321 5952 13888 3425 31334 17142 3170 18636 9008 8977 25874 9374 29211 17451 13621 10816 12503 16717 10671 27490 13664 3268 4430 9094 2752 28913 2233 15310 20859 26093 5370 5892 24731 7502 16997 13318 17573 12941 20708 18961 1474 2076 5813 14632 20023 13283 31222 25582 10461 4159 9849 9798 25830 2516 9563 2765 28396 8345 14272 21828 15178 3232 253 7144 24816 18849 24108 30431 7284 13489 5390 1173 10631 6773 20547 14283 21062 13044 8120 15672 23738 18461 18298 3703 12422 21033 18550 20186 1519 11242 19776 25794 6929 20649 
31747 23747 5318 17844 16896 10990 20389 26240 24485 29169 10856 20054 26608 30512 21741 1534 4879 25708 20521 25258 8014 15112 8403 18937 9291 7169 2299 10059 2979 13553 7916 8283 20997 31905 17719 26265 18431 6051 7219 3302 20638 948 23539 8864 2056 20057 29546 5543 24773 13851 17490 15295 494 23748 13081 28737 9451 8989 32702 10491 16515 19688 16949 23856 4175 27280 22715 21906 9105 12116 3211 15859 19079 20287 14816 13577 11382 876 6147 12856 10638 1330 17315 10271 25977 7516 26580 6886 3607 30511 16913 88 11520 730 15849 5700 28677 8140 32259 14443 22879 15182 26316 15943 22838 31277 20194 27266 1323 20129 16645 1803 24649 24893 7922 24879 28653 24039 25120 10515 25575 5027 11900 7424 8214 23066 1050 20025 15707 9089 14 11769 32152 12769 22965 8948 28985 26688 23942 21757 12786 13116 25487 4214 9718 28920 22999 15802 5534 12994 17532 8728 32231 3411 2072 7198 572 28279 14493 3444 15017 8768 21456 30145 470 17674 26780 16084 14457 3596 13620 5445 29243 51 25924 5330 1196 26429 4798 29955 895 3693 29914 19925 4739 1579 30224 13217 1704 22720 19361 1926 5978 18344 2501 27314 6319 27854 32053 13000 24901 10302 22158 27000 29525 25005 26272 27397 2742 6965 27839 7145 24505 10342 5163 4229 5996 17693 16167 20273 21957 12824 11680 24058 18826 17635 3943 21745 7757 16959 2803 27132 28757 26233 17146 3834 20657 5553 11960 24013 21173 3881 9947 8539 5883 17106 10973 17957 31702 11880 24180 12608 13720 25182 8091 27737 28391 21660 18357 24526 10899 21018 21705 20743 7091 29109 6398 31288 27579 30670 25732 3127 14955 4592 29532 24586 18895 21730 15632 31419 6248 18143 21954 28147 18195 12118 7846 30727 5392 2755 19409 15691 13499 18889 27918 12592 19698 7661 24966 27406 10530 28661 11901 27718 16990 2366 4325 26354 3709 31342 15238 6665 13437 21682 25311 19665 26104 27385 13386 32629 13198 2268 14319 28006 26681 18729 27961 2591 22489 10449 3698 17089 1910 14734 21199 16659 6993 10445 5952 6557 5297 10385 15457 14787 11873 27708 14667 11131 32101 2533 17813 9865 2346 24592 7386 23230 31988 12164 3347 23664 13662 13045 32107 23712 4440 24646 3273 14008 12358 9852 9896 1314 24333 4717 14444 14131 27800 8367 7844 21128 5722 30627 1702 10709 25204 19944 13735 27454 6296 14166 25529 8945 21381 399 14027 1716 8111 18544 24215 9946 
9456 32748 25932 26247 16016 20145 11915 18353 7271 27642 382 16556 18585 28829 23673 22247 26020 15617 8947 26999 13008 23876 4565 22498 21917 15987 21716 14427 13467 4312 5176 6023 2187 30150 32462 20254 17442 12272 26910 28042 24127 25734 11084 8495 24551 27774 4894 4319 2682 15224 19043 22637 2383 1866 2781 18990 13411 26010 5779 13554 32748 6676 10866 32740 20500 15645 18132 17784 23671 15988 19289 14946 31569 7552 19561 11400 8394 12259 23800 4825 29481 9913 1384 21963 161 26087 21378 324 31568 16778 20145 18953 13 16674 23589 20713 6936 20319 14991 27255 20149 20098 10986 734 23163 9161 24591 13926 26481 15065 14195 11460 14253 3004 19685 32008 14005 28600 13365 1466 28805 29443 29349 8948 16136 16315 31454 24709 4674 25486 12851 6355 10365 5969 19765 20642 9441 12160 2039 30620 14835 25981 3990 28508 19756 2013 26719 27760 7306 5027 9908 29727 31194 6638 10130 13842 9181 579 10313 32464 17552 11311 5377 18202 1303 3588 5904 444 152 27635 14077 22390 14604 2098 29038 2827 3054 32497 15417 26288 11495 16702 16701 29340 15726 17584 5347 561 29782 17178 24070 7046 31802 32303 5698 11952 26038 12607 7980 7268 12722 28288 24299 21262 30788 25725 4680 18907 8976 697 4414 16156 14285 23714 8296 18066 23105 20357 14632 7892 29199 18284 29389 22413 12179 12788 28855 24017 27799 13012 30712 5228 11504 18086 23738 5066 17266 25061 8721 394 899 13332 13099 3866 27188 19543 10024 3955 12032 24814 14808 7194 7090 21787 28881 7244 27161 10692 21174 28161 13662 28932 20355 24844 16483 30087 25712 7566 15945 13837 29784 10498 1207 1442 6099 2509 17478 13306 2694 26125 24480 22624 13027 14943 967 9945 30952 17597 4547 17397 8228 29158 21485 31734 30929 22112 17279 10669 16728 11768 19395 24320 18093 770 2680 3459 26770 27527 16732 14009 19020 14040 12032 15104 4746 878 3279 15935 13258 16706 25661 25726 11607 32036 14219 6216 4234 15618 7418 1265 19941 15265 22951 7108 19888 15777 18278 17711 26781 23692 5847 11683 8679 29182 26040 215 4558 24568 20804 4536 31721 759 28772 31799 30925 31560 30602 14009 11445 30396 16689 9791 30001 17130 13282 752 3487 21888 20382 21543 30462 3722 37 18653 8951 26134 1812 28608 23192 32461 20647 6147 17262 9986 9647 7510 3898 21150 6552 7561 10731 15457 23005 11576 4701 4160 18315 30953 793 31540 
29055 9604 10818 16537 26886 2607 5536 7751 19591 3151 32053 17410 10718 9857 11995 21492 27204 23684 29578 21916 21525 22273 25212 6486 6301 21228 18267 11072 16436 19372 18742 1715 8400 28515 25673 345 2825 9166 24826 3297 14667 5184 25424 15332 19556 28105 18752 15193 24564 14971 2453 17664 22305 20953 17094 29786 5016 7905 23977 1484 4315 27139 20285 16981 5425 10419 32061 3759 5950 23237 15286 8328 7382 7563 22752 30455 30267 9686 27559 14014 24313 32442 10387 32445 1749 15109 32456 13267 14415 22323 27255 1003 8623 20851 8152 14627 10346 22910 10221 27091 6688 32489 9116 14008 30728 27097 15219 31646 30035 12681 18043 19832 28727 26543 11088 582 28600 19135 24280 14599 23098 32494 18192 20091 30207 25479 21055 6297 27654 10811 10416 20279 12285 17058 7230 10709 8803 5328 24726 8150 25884 8045 3829 3875 18585 6776 21340 24782 1004 28310 30408 25119 15733 157 356 9373 29150 838 8619 18100 25774 8648 27353 10371 11713 23541 29596 24540 22040 4856 32059 5638 6932 2739 11638 22706 23073 24262 12283 22515 10699 23068 19372 6596 7447 12865 16594 28941 5127 18367 20017 32426 16468 17044 27602 25704 708 19811 7282 11884 31992 23735 19079 30977 4503 14863 12009 14825 1233 27825 1964 17870 22698 12116 20264 12262 31804 32144 11302 17983 27724 24931 2686 1564 16792 9089 2943 5886 14525 15504 13038 19109 7779 9556 6416 15724 1974 4412 10092 6527 8439 14509 23196 21432 8162 27289 4576 20076 26892 25384 8077 8986 28394 16944 32235 12651 7272 116 24280 14915 8335 28729 28851 11991 32475 987 18976 4798 6085 31273 10872 20468 17299 5677 29284 27660 20319 475 638 2406 17012 11848 30890 20218 11365 15062 22109 21942 5277 22293 18910 31780 19754 10841 30742 27560 13317 19702 17422 11251 30944 20132 8593 16700 30850 11685 18807 2789 14706 11717 4404 13895 4271 8953 25899 6937 1876 13789 25409 23661 1420 13956 1105 29492 1576 6953 14719 1757 6194 14378 28562 19353 12460 1769 28905 18718 10692 12854 20754 15789 28572 4312 1526 23067 21135 16404 10800 26999 22985 9114 5287 11715 18827 277 17778 26051 5214 25225 16054 5736 2797 31848 23285 4690 9273 16300 13012 28249 5890 31499 27174 22858 8982 27727 8532 1966 1528 22020 26370 29307 31041 25048 18218 15646 16921 17922 5308 31774 31341 21429 6499 22098 15016 5753 9775 26881 13032 7314 18425 17588 
20015 27240 29389 18004 2709 24127 18643 19166 31031 9433 24036 16168 7968 25113 29048 11625 24923 16250 5836 12975 30376 23511 16939 27403 10855 18543 24192 19242 2903 494 22737 22046 7748 6918 27489 1508 10326 9631 1513 17426 7983 23472 21080 25182 20624 11382 12370 22228 3031 6249 23129 6998 3727 27432 29947 16403 4084 21191 1414 23837 17801 26757 32333 8082 32463 20778 10923 8783 27676 13789 29806 31744 12253 1110 15279 26543 31671 3175 2873 24913 7624 16113 29258 18749 15021 15660 23464 24183 11328 22033 14887 7708 2290 10796 16443 10774 12752 28705 17587 9353 23027 26896 3860 14671 938 7186 9559 17051 25368 30324 13777 29948 22072 3695 15889 28293 25029 28848 13350 3536 22975 30361 31982 25675 17139 26058 23850 10999 25676 2665 20060 21670 26953 20859 11700 9997 24660 12830 23293 23920 404 20624 29382 8882 16050 12246 18079 15021 6828 21778 26655 17930 30907 28944 13920 4031 19364 24574 18545 246 25229 21156 29790 10782 27624 20056 31569 15415 21134 26793 10979 15843 29075 26650 7290 21866 21952 29481 4490 23011 5578 2607 31887 30279 20570 5177 17798 30741 28478 11006 19340 27817 31527 22065 10086 11555 11751 16360 437 32161 13829 10139 2836 2834 6899 17556 22079 18622 31844 17172 24277 20120 16237 9580 21397 15361 11984 16992 16025 20012 28610 13488 31601 7492 29060 26882 24844 1953 6706 31031 1475 18412 21373 10704 27288 13678 4623 1161 30583 25251 27005 28629 626 2229 9743 11211 23568 28265 13388 29325 25267 28941 6717 28524 9234 25815 17370 3578 12931 29064 7112 19890 21163 18640 6702 31109 10809 3763 10205 32215 27726 30981 4270 16860 23536 27279 21594 546 22086 31170 14789 11093 1084 3909 5525 29600 26250 13337 23082 30701 8747 32356 9400 25870 2975 20514 14327 24617 4861 22202 9393 8063 2686 3629 20277 29203 28225 9351 19301 13509 13587 14492 32340 30244 17639 19398 4204 28268 8705 25563 13755 12380 28663 2045 13565 28748 26758 7973 28032 16312 14707 29014 10373 26407 9406 10678 10824 5996 19373 31792 24146 6960 23610 7493 28540 19722 8500 28648 14762 4199 26014 14045 12166 13420 32543 32193 9041 9875 27576 25636 30127 3229 14689 18310 26295 28938 29514 16783 18177 27532 21982 20500 17447 9392 23940 16164 28095 12371 11562 31791 27795 22187 16446 21407 13669 18539 13464 21440 6890 19223 13202 7101 2543 8098 18954 22052 6341 10975 16970 29546 
9689 32359 23664 5875 11670 24166 4447 3711 21882 31205 19534 13332 21687 2381 10276 29342 7420 489 15808 32009 10337 30953 29584 21727 13916 32700 18872 20153 3326 31838 20946 25543 15317 30783 11931 25128 24001 13004 16141 946 23345 16967 4679 19243 12188 28459 11009 5688 30008 16879 11388 7995 29638 7008 15730 8806 5366 11815 13448 8753 17974 17221 26396 3099 6212 1621 31123 29700 28921 21000 3866 20751 5450 752 21385 806 8707 29586 14248 21948 14400 1470 4883 16548 27216 29762 12845 31949 29934 30387 12219 27333 18702 30192 47 9504 6167 3452 22255 24862 18061 918 31213 32523 29723 26244 10105 26207 26472 31808 27609 1405 12314 22359 9062 19964 20855 28079 19994 26993 7397 24194 23072 22236 13531 27867 26503 32059 22 1342 28509 11762 22679 12412 29224 1284 17952 9989 29777 28200 16856 9701 16947 17266 23975 18186 15823 21404 8391 26422 8069 14964 23416 8684 2940 27000 27892 18359 8256 27393 18257 12874 9239 5623 22932 18183 23871 17647 21230 2940 281 15508 24892 3531 2333 12591 9953 15118 19537 20322 4100 2426 23836 4060 29177 7657 1881 18322 1496 1320 29408 12764 12668 23145 31854 31394 30767 19445 2272 18102 11368 5022 6335 15078 29490 24082 26145 30995 14925 23360 30329 31374 13118 16757 12594 9925 17184 137 4563 31911 11537 11827 20198 23012 23981 11492 30746 20778 21554 4964 28196 8045 8389 1526 22098 2627 1341 22643 8703 4064 4301 8139 13360 7569 30039 12015 29209 3181 10066 27334 14906 1978 21940 17896 9913 18974 24254 14354 30846 24372 11176 2245 1800 9906 4782 5475 12606 28056 25245 14410 26948 27859 7508 9865 17589 11332 6330 22295 15736 32663 4087 13465 21921 27817 20694 16571 8122 2944 13391 7143 27589 3415 13475 6583 7226 22284 1936 18520 1584 26035 26341 25662 2170 26873 19673 6844 26169 19223 21233 23223 12846 5365 24540 25738 28406 13085 32453 43 5813 16915 26184 20837 25299 23603 28 4952 19452 5631 13652 10600 17257 9760 18995 25615 10371 13143 20458 29623 19661 25431 26848 30363 27777 1482 25782 26328 17783 9494 13792 10645 30783 15944 13220 17623 23079 13361 9461 29034 2303 13487 12569 11008 1399 23377 28514 24947 20717 26153 18537 4300 29021 30252 2731 20409 24766 19226 11912 29228 30190 15056 4190 27401 19663 20277 12841 2887 14092 13291 8610 15058 17435 13712 17564 15371 18869 11633 13277 19712 9422 32144 
11991 3470 10283 17886 462 19552 21504 14707 27335 18480 7477 7367 23108 20315 2785 1645 6411 31956 7116 18720 26202 42 22511 22424 18705 14625 19100 14575 19248 295 15228 4107 3674 15946 18481 19998 27855 32399 23302 14944 18950 27686 29616 32003 6076 15667 11106 7081 20789 6722 11306 25323 28191 22629 31980 16696 21336 3403 31794 3119 30452 24296 9408 7379 18590 3618 25204 21629 7044 9969 21091 4772 22926 24955 25349 16130 22826 28289 16919 19087 1167 2246 15830 31015 26706 8274 31820 27476 12779 5729 7209 18724 19123 1972 16987 1900 24164 31770 13117 4675 13906 32068 15471 9406 24109 29858 24960 26808 25949 5906 9688 9423 22530 15811 26676 4110 3241 20002 31518 25116 30752 32702 1988 9740 14326 11766 27019 21041 2371 92 4138 1874 6693 30624 5066 16049 11595 10494 20468 28248 24087 8334 17811 8074 13973 615 440 28028 14291 26948 17406 9564 32096 12003 12968 4655 11585 27596 7254 32642 14397 19908 361 14856 17864 16191 27839 8509 12509 18301 1304 28687 1781 16113 16991 25087 16768 2720 883 27797 31909 16966 25595 16229 3647 16837 9418 17243 2859 15630 21782 17406 8463 10675 2473 12799 31667 27287 10071 15801 16599 6961 8507 2214 23077 22548 7387 14311 640 16839 18238 14098 4809 20283 16032 28428 18566 21433 8016 15370 27873 9803 19297 18033 26718 14296 18371 21063 17159 11978 32332 28464 5309 30962 16278 20778 29262 20449 28212 30291 26564 3605 21727 8732 20893 16393 28860 29236 9235 21190 25190 12613 484 15224 32272 852 15938 5053 3788 4117 25669 5599 28514 15909 6034 12052 25174 24101 26958 9887 5571 15217 29459 15663 28967 22050 2074 24387 32462 6357 17418 9059 15367 4573 7351 25194 29426 23414 14487 23337 18071 22374 29405 16697 4009 11499 12252 31073 25702 31373 17018 19385 23298 6916 23087 19149 2320 23728 26149 24878 19310 27155 7116 19854 21498 26206 24113 22080 8132 21573 21297 30615 18852 22467 27370 13785 29023 12137 3166 9221 5110 200 22822 26201 16491 16212 23542 112 13928 20317 20724 6429 32424 29065 19835 28596 7787 30593 17895 26936 6662 13786 17519 4984 25560 14957 22165 25419 29842 21607 29942 9653 15923 11267 15004 19609 14300 29686 9590 1669 16322 9355 19424 29198 6296 12831 22023 1464 4627 10403 2641 27957 30698 4709 14342 9648 9851 4314 14941 13221 6132 13679 15387 19133 31046 19703 9527 18263 31283 7589 
31746 25611 29474 32444 31431 30162 19988 22859 7451 13265 4200 6309 4698 6678 32526 20365 13003 2375 21858 8937 3098 10538 20580 27790 4116 32427 25531 9797 26414 24150 15379 26175 13641 19351 25305 31441 15988 2949 27886 8675 20511 28323 11679 18052 23212 16309 17576 3657 21989 28378 25831 22286 5120 10220 30192 5577 14783 13668 19988 26209 30101 5715 12128 32234 4348 4544 26287 24310 380 18222 9385 14409 12112 9354 21737 11505 4739 24289 19758 23349 16060 19079 24085 1691 7960 28725 17076 3455 21156 30011 1043 31064 27095 31621 24748 19215 11218 28783 6143 19758 28608 25068 26410 26866 29758 28670 29785 24741 2979 26015 25228 25552 14784 16045 15780 5750 4090 19839 11038 3067 31445 19227 2735 19749 14368 6338 23787 25133 11225 13440 9212 21430 2187 18030 21731 14898 754 27936 31566 15379 24563 4501 29194 6929 27167 23891 19425 16075 16485 28052 11688 2320 7064 26121 4815 29707 2482 15048 25391 12272 15163 22854 25227 8962 27018 30864 7730 9672 22628 14758 12717 27508 6114 16443 2739 12727 21021 6802 32084 32498 16372 14359 18744 18669 727 27464 26642 22331 20242 31302 15940 19005 7873 16497 19335 11301 28614 14787 24295 8037 25196 4274 28795 30426 29291 3059 15752 5135 1581 25391 13461 19549 30708 8903 21278 22969 8947 18311 3115 13447 15370 20238 14928 24957 15335 30428 11216 22980 2854 22733 13774 627 18619 14250 29067 6196 19234 19310 32487 20192 24606 23571 26223 17644 24896 2659 12875 17122 10891 11302 5729 23543 9753 9283 28731 9230 13299 3701 27104 26279 7216 21250 22971 27726 14478 26113 29177 7440 11197 14916 26851 4221 17198 24157 25736 18778 10772 7802 15558 28230 1086 30912 26706 15443 15100 21584 25056 10398 20848 31646 18026 22634 2080 11901 10684 26451 10631 9551 19542 11923 6985 15165 28515 11827 32113 5593 17256 3980 20909 3706 6171 31905 17204 9211 16307 9007 1069 5050 239 17164 20317 9021 1708 8870 9591 1624 7190 21753 7209 13521 30442 10237 4623 13851 3968 29521 10068 9599 27126 22398 5929 551 10131 467 29265 26043 20173 4867 2310 245 17581 18198 5811 19874 614 12771 28241 6847 22569 11903 30448 24068 1852 14878 30286 20798 31174 19976 23775 4527 14777 12420 31248 18529 27983 19310 27284 20240 4887 11928 5924 24901 26547 24553 19933 32458 15925 28684 14711 10836 16121 31050 27735 20288 3171 18459 24879 12115 7126 6385 
16660 21314 20513 19713 15118 21065 10533 9431 15608 32149 20702 5312 18452 4738 17473 14639 19793 13193 20484 20016 26497 16168 4644 26210 19076 7352 1605 12421 32544 6139 24385 13753 30746 6208 32197 30225 19022 26959 23860 16249 16981 16072 22975 29543 6510 14496 30633 23698 11871 25026 27070 13027 5447 7286 26812 23492 10767 297 13998 32042 31643 28778 28264 7796 19106 2423 7942 17144 19279 31338 212 23710 30705 27935 6848 32204 23946 22491 4717 4627 8001 4817 29529 20314 32723 24573 30982 30151 14877 18481 13067 1457 29718 7735 9404 2975 26887 31184 2032 30114 18425 13636 17285 14980 12958 31690 22523 14942 277 17901 29532 23536 8625 16131 26320 7463 23542 13388 7644 17304 32298 25594 9035 5932 21952 14895 1432 30854 27664 3840 19821 23114 21559 10288 21426 24371 12239 3002 11412 21213 22500 5660 10109 14711 31636 30476 29990 26336 12299 25150 30664 10601 12787 25980 26488 17757 20813 15814 23739 23623 31774 24403 21595 4369 19293 9648 15014 3391 12572 25053 7889 20664 2623 5173 19980 13025 3369 19792 558 18200 2037 25563 2776 15401 4038 21947 545 15934 28661 20883 691 27145 25363 25590 29251 20952 21084 23176 25827 24387 14206 21527 14856 29704 23003 24903 10443 3414 12658 32363 7630 25809 4078 24511 19489 9173 31421 24952 2149 7253 21874 5379 22545 27238 26849 26222 20925 23650 9618 18730 20300 14777 31698 28720 32145 31474 22606 2680 14656 19990 20472 14909 8144 1312 24570 32043 25901 27864 22562 28632 1092 24567 29121 5603 26875 21238 5076 4303 32712 9855 7063 2468 15502 3048 18072 19928 23258 20154 32730 18420 17629 4991 22486 10805 8941 537 17720 31832 24118 26437 26828 5791 14857 18048 5921 25980 21200 6452 9956 27518 1183 31724 18950 6031 486 17331 660 22686 15273 19892 4662 31776 27112 26058 6757 14282 12036 27091 9762 23139 10276 3924 4480 14627 20491 26357 9164 22313 5625 32586 25745 28230 13782 26125 24495 32558 17373 22056 18827 19217 9862 29146 3549 29362 30358 26950 8163 23844 31185 29649 17901 16823 5144 10602 22935 4747 26480 26274 16848 25464 31016 10114 30692 18390 1227 6505 8789 28586 20461 17703 13438 10833 16777 17611 6280 614 28439 27607 11779 727 30568 8926 18534 28720 23044 29746 3621 5197 31523 600 4145 7822 17650 31002 1488 1626 18446 26534 15741 14761 21340 18621 7052 18440 11219 25082 14509 12568 22981 29190 
6799 1272 1534 15041 27996 25373 9077 618 4776 4745 31868 12246 645 27355 5378 6499 18631 2926 11075 23351 24202 16340 24549 25436 20858 9734 19347 5706 22247 20385 31219 20573 15389 1653 3666 13550 30863 27434 17059 18161 19336 23372 28852 17062 15853 11400 15293 31013 30272 11909 2552 22701 26378 21948 11766 19668 21382 24488 1613 23529 14609 24528 19907 10653 19124 15897 23468 1643 18740 16201 3730 20159 31203 31492 11007 6554 32728 29548 17920 12 15334 20219 21946 9239 27118 32682 28476 9854 29776 19885 17409 24966 6694 12843 17459 31734 19278 14949 17239 8249 708 8812 22088 3573 10467 27484 7270 12194 32093 26690 21240 7113 7634 18163 24369 26272 16673 16865 1637 4744 12195 31470 11713 10062 25043 24495 11048 27462 8169 26917 770 13170 4981 2267 5399 16624 8935 30818 6789 20860 6326 27811 7059 24583 1719 12713 30004 17454 5004 24193 22817 26301 32753 31626 30564 20299 16388 24890 2367 11051 29763 19836 29796 16184 5708 30594 5325 31328 31747 18714 2193 21143 15972 14591 13552 13177 7057 24316 20655 17661 566 1145 18056 13574 9898 29880 25913 28101 13340 8522 21065 18960 2434 25204 21357 5635 11071 16542 13043 18271 23687 3346 6503 32681 19252 9826 15213 14870 1259 8656 28451 18346 18414 1041 22532 31390 801 21795 8471 5690 15583 26570 10344 27827 9021 27875 15027 10396 12207 17040 22941 8081 3500 24316 14288 14333 25297 15256 9367 16430 31444 15320 32327 25568 27481 8194 20327 6516 30219 5144 31077 2338 8552 28161 8912 909 25557 15900 26848 24848 24415 28195 10265 11817 6040 9424 30809 20978 25063 4364 20623 31719 24990 27331 17453 10241 30385 12506 17655 2274 25732 29735 3586 21262 31715 9162 6655 13958 8475 14696 1505 16076 9263 9941 28075 10050 2091 24092 27121 20763 28631 16408 28583 636 12427 11580 15413 18690 31380 1881 1813 948 28069 11882 5881 16250 12122 5931 11062 7206 16105 17789 8374 19171 29328 5116 31556 16070 4559 29506 20858 21325 20753 32037 15919 28494 30611 24114 1079 31557 29238 23474 10461 23172 10481 7411 15538 23380 3691 22366 23092 28651 16949 25074 9516 11697 2535 18865 30017 23007 29156 10418 26438 21332 32270 32037 4726 1716 18184 13795 754 5851 30282 4764 3840 26290 25399 28491 32482 1808 32066 16893 26730 1763 19362 14840 5662 647 30424 2259 5669 32386 2627 296 20729 26756 3390 31722 7863 20311 
15423 23165 12887 10844 21022 13539 30883 15558 9953 11453 28683 11724 30078 2532 726 22092 16230 10276 30644 3124 16998 11041 8810 23722 7244 1689 9461 136 21651 14559 9135 25140 31006 23279 30721 26678 29618 15658 26463 31087 13979 16863 3199 10873 1291 10935 11051 12864 24510 6745 10426 18786 27644 18322 3667 5763 21041 23670 19317 22952 16076 32721 5588 24301 28338 16730 9228 905 29897 8629 15872 3723 30951 25817 18760 3938 23028 26222 25273 6984 3120 16225 32627 5194 25143 3109 9797 28336 31338 23480 19512 20245 26805 21266 24017 14731 5716 1220 264 8048 8730 5562 3250 30357 29477 11559 2406 30134 3587 29113 3776 5578 10161 21333 18183 27155 11922 29879 20697 15574 19444 29227 6829 2475 13759 21977 31586 48 11683 15347 5763 2006 7497 24861 4179 10230 1866 19832 17729 294 12482 22388 17075 1854 10358 6547 17325 26191 12312 403 1529 19378 28742 16491 8776 13531 2887 20815 29861 32108 28373 18523 2224 2992 6925 4823 25309 10950 21066 1026 14911 9521 15381 10598 26144 701 23404 26781 20326 17564 12224 4518 22189 7665 22076 24388 10284 16681 4209 21702 5340 12562 14596 29997 9330 21556 9121 2437 3607 1287 14130 9317 30654 5050 7265 12543 17405 1432 14588 27283 10075 19676 23997 7927 7754 32439 4419 5992 29911 28412 26581 27506 32662 20332 2414 22139 18380 14773 31882 27895 7983 32757 18578 19384 12826 8483 27076 21763 1232 911 501 20498 28784 19451 2736 7143 7003 16395 19640 2236 11260 5649 1866 12895 31591 24304 27992 32374 21850 28654 25248 9874 22940 27966 4339 14716 19857 6711 1595 16045 19096 12598 27139 20779 18566 32721 16990 3300 9067 12504 27040 25263 24225 11826 22394 13187 14297 14404 5343 25002 3245 13553 31638 15572 26251 11228 8887 8877 2837 1648 16195 8557 287 22681 4205 15395 12620 18773 20692 2226 2594 10040 20802 14407 22187 21535 18786 13248 7294 24922 22992 20990 5346 19495 6919 705 22228 19812 16558 30845 981 22543 28610 2340 262 2159 4822 3514 24352 630 1808 1611 11284 22742 21982 32110 9892 12509 17624 21407 24086 20401 18593 27686 23224 27454 12431 23157 10848 32052 12957 19334 13952 7666 23511 9596 4590 21847 2429 1822 2547 31529 23290 3377 25666 934 32336 31416 8793 21625 21003 25520 24113 24240 31355 29362 15745 25159 158 28605 31779 6095 24962 9752 3318 17172 24953 31018 25350 28605 
28073 8874 19368 3787 24182 15197 21586 18392 12900 2074 19744 22313 16439 149 30320 8934 17932 2762 2904 11708 26881 29332 26382 13866 31926 32389 25594 11941 27605 26347 14949 10052 3868 24044 5073 4374 8057 28224 1969 77 26898 19575 26070 7732 23820 25116 26655 14157 24191 25787 5762 2936 22827 32075 25799 10160 22710 31060 22279 20100 24361 26236 23912 6039 20711 17905 13736 27770 7718 6970 4696 32701 11295 7409 21024 7125 17829 30884 17699 6724 28885 23191 22765 21216 31242 14292 17421 4460 28700 14108 17075 31874 8800 17771 4720 2083 8319 23634 32649 16844 20585 20362 6550 24907 29539 12292 16733 32588 15311 14746 31868 11935 965 24861 126 1162 15709 8394 20355 3084 2435 28968 16269 20656 22157 12841 27441 24549 21139 6690 23379 30268 31979 30978 30509 8030 11654 32589 29338 10158 4232 762 17907 1761 26351 26941 4089 30823 31152 1145 24592 24009 11311 3545 25123 11234 3983 6083 18098 405 28424 27734 1748 20648 8158 20226 28363 3208 27920 6669 641 29415 531 27008 1114 7637 12242 28755 7079 3645 20828 6505 10766 21996 11827 5886 18036 28553 5128 20035 1781 18093 27456 29503 2401 22523 20988 16627 26987 20099 21701 22521 9280 21471 16521 5623 32251 13637 9756 18245 20377 20072 24202 24415 26075 30268 15125 26426 23805 8930 23550 17602 27729 29222 20387 6221 9463 18948 15760 22768 24865 5691 18493 27013 3745 12682 10378 19811 25260 8 8017 17943 13366 24328 12025 21102 5134 25762 30639 3955 12274 3768 8563 1170 22129 3448 3 22548 12942 7441 20213 28660 21675 19377 27880 23703 10711 13561 1503 30912 2654 32255 2556 19942 17862 13433 22409 1167 9442 8459 19953 25968 4789 19094 2929 17822 23096 31316 8084 13930 28254 3010 6875 176 17411 20220 11838 16212 8097 3351 24633 30924 20093 5788 26817 16312 10400 7929 14402 27365 11267 11678 4036 9172 15877 1635 16689 7320 7782 2467 30966 16832 31049 10866 8321 16491 19862 29644 12729 14959 5009 2306 13066 24448 2246 13364 28128 23956 7939 432 16193 7642 5605 25001 29565 14522 28183 2578 12288 9706 30076 26704 12910 263 23817 26550 6242 20359 8630 26745 17847 785 18182 2831 2477 1983 23169 21782 7740 26964 14011 18400 29554 16885 19864 30112 24872 17354 16544 25974 24413 14626 29165 12665 19074 30542 1072 30688 3444 13412 30002 16676 9161 19386 19044 4769 30542 472 16716 24752 
18852 30848 24520 8969 8257 13970 15624 21541 26803 7609 20903 16646 11050 2903 22284 3 6563 13547 25290 15591 3944 14783 26211 3648 19780 9581 24035 3882 17568 8914 26748 17756 2745 28989 29551 14618 26315 8865 32338 16299 26968 17248 1924 6031 5059 252 23446 15812 1363 19437 827 15603 15039 11738 22323 9596 1536 29068 19197 18110 23769 5591 2065 7000 30396 17671 21455 5814 28240 26789 24169 18270 6032 25498 23217 2141 32340 20761 12268 6398 15130 5118 31700 703 15466 670 10037 19050 29378 23121 30389 8391 24350 22692 24185 4396 30169 25807 16352 31997 8077 1352 26707 14545 16324 30878 23116 16090 17129 30984 20120 12358 21002 1155 2121 31817 12028 28939 950 15528 24041 16761 18856 13146 16531 14509 19811 20680 11178 133 22658 1020 18847 30612 5799 5386 28608 32281 14366 24486 9373 27790 26287 30332 20979 26345 9943 10114 5756 8836 24293 11235 24285 11921 7373 27989 13761 6705 32735 3721 10863 13841 12025 12198 8837 15537 21301 11864 27583 8039 4421 24170 30719 8213 32153 5540 8810 29207 23152 22629 10163 15540 6889 12572 11022 17853 11582 13569 23694 30124 9994 3325 6616 25482 20020 24904 5705 11060 9802 22083 8551 25624 10736 10766 3726 4651 26910 32029 25409 1306 10531 16496 30490 29249 19069 23678 2353 2453 24733 14021 19545 9114 6052 27697 811 30260 2564 4322 25789 5073 26636 4201 30968 6624 10365 24137 30563 7238 792 12073 27270 9695 23760 32226 19419 22511 11225 31123 24559 15945 6100 19993 29838 11759 30994 17228 879 24791 18659 21930 22340 5744 22440 8731 9067 10930 32137 2151 6503 624 2992 12781 2499 3714 13786 26938 15396 21260 27923 9187 17926 16229 11403 11961 31465 31159 12469 29780 31985 22619 27754 29037 12258 17419 10724 30833 517 28125 16573 31545 10152 26298 13585 275 18117 3662 11409 9164 8856 15703 2495 17238 17892 31938 12458 167 19684 31509 11829 18886 22304 853 30527 14993 32532 11122 12567 22824 11871 17711 29800 3564 31684 25097 25911 12348 6389 25823 27688 487 21769 25342 12318 10643 24267 27365 26476 20750 22257 27939 25191 4799 27701 29433 11382 26874 32392 31111 21885 24106 16720 2977 21433 17566 11181 668 19711 7346 8327 16706 21894 18822 30441 6267 22905 25253 14208 15048 8136 25356 18042 9789 2156 16410 4202 29842 11090 3802 8730 21014 2095 16167 23406 9961 23166 27522 31322 897 25007 21935 
6199 1769 10868 32425 12349 3056 9761 7170 17097 32708 16981 15538 23178 7874 9103 6204 7948 20249 23182 1571 7813 9438 20877 31626 20886 6812 28785 30478 27432 13772 13716 15503 2659 7300 32511 26090 15958 19821 5659 8056 9954 31519 20862 6834 10932 27659 23717 24913 30209 8568 30133 16099 19985 31535 8767 4479 9519 15498 28097 28447 10736 4604 25822 19802 29656 24956 6883 17145 6961 34 19820 21598 9247 18571 19895 27567 12538 22417 27103 7437 23778 15165 3430 12227 9252 28395 25978 27248 1958 30942 21477 28962 26495 18606 19147 32345 17737 23418 12628 597 14599 22126 10409 4221 21813 14945 6178 13749 26387 18291 8556 3937 26430 24390 11674 5644 27542 4066 23582 551 23101 7423 3257 31427 1408 4538 2129 588 6103 9580 26345 8930 9947 11138 28702 1531 28350 9804 24406 24887 28777 26596 9840 7562 28362 688 13540 2980 28563 26397 10485 24750 14423 19012 16731 279 25312 15143 22475 5296 22957 7605 32585 691 4203 16607 3899 29110 1427 20778 17095 106 17850 12442 26713 14945 20051 12207 2976 7330 14455 12598 32545 4605 32193 31843 22515 12645 31730 10309 4965 15804 31821 23083 11957 23137 28707 20314 17430 1897 32326 3303 29008 30626 32691 30085 11730 27960 24362 7961 7483 2264 19384 8308 14138 14692 7925 317 535 164 20930 4590 12494 30148 16170 22725 4386 7541 7427 20990 17594 25536 21085 4528 17281 26993 26946 2421 16054 29028 13364 26309 8722 9401 22845 754 1102 17862 7022 23487 22555 793 14583 6725 8634 20408 16700 8542 314 29971 8675 2192 20124 23798 18787 13074 11554 9461 23067 27354 1903 22568 22711 11757 16150 18799 4140 8258 17464 31310 6151 286 371 7510 23131 16935 31825 29765 11051 31947 2259 23580 16806 13272 7586 14529 2991 26185 15649 26123 32150 10477 5264 25603 16339 12914 19687 7163 30685 22133 29198 9955 3666 9822 24299 28027 29405 29190 10435 36 12606 26220 25456 26127 7958 19828 8216 8627 19426 31373 3333 17591 13539 3032 7924 16587 20668 1584 28248 28556 21413 9693 8129 21947 30350 534 9936 1246 10334 21072 31263 11562 18008 1556 2474 18214 30986 4881 10601 624 31751 7369 23076 17465 18716 14769 982 19191 26465 8965 14976 19207 26051 13414 16790 26610 7460 9357 11360 12359 16400 23395 30066 26031 12585 2202 27333 25513 8534 25539 32522 31957 646 13265 31291 14813 31020 2522 30083 17277 
28690 11909 26391 9039 23666 30432 4929 4758 1597 4475 13443 7104 20064 32267 18577 8019 26206 27589 12299 17714 12154 21252 15904 14569 15692 18125 14618 20591 10672 835 32563 12720 27486 26774 4803 15492 8464 23475 28192 26143 26328 1892 20147 26730 17647 32193 18554 23399 12881 6799 9859 26050 18199 344 15517 1105 8985 9706 8427 29134 8847 17584 19695 30732 13412 11980 7386 22907 18712 28872 5723 25445 17409 17760 5655 27872 18230 12089 14941 6175 31395 5066 15880 14157 10045 15384 11550 6073 12256 18024 19591 12542 23684 30502 9539 9783 31062 10243 25695 21818 13798 12372 11763 3263 13205 18807 11272 7422 12156 8014 14025 12746 9713 14041 29263 28158 14245 12787 6915 16263 9629 22556 31833 29864 20676 17589 6030 7402 19792 24690 29232 31460 55 6354 67 23236 25249 30755 22144 24059 18338 17573 30227 26867 17826 23440 25507 20352 24179 14627 23268 13299 31950 19048 24455 29812 32383 20055 26258 13317 24682 20919 1690 4401 20060 16394 28674 15764 8524 21817 4791 12451 9932 12436 655 22667 23918 31574 30085 9687 6228 25667 26493 9255 6115 25859 27028 3845 18282 8471 2735 12351 2314 10249 21140 31566 17355 17445 19644 16708 15223 28357 20037 25485 23628 23484 21516 9750 9892 3470 31469 29865 31649 26294 65 18676 15405 31957 32618 10127 19107 27229 5357 14704 23165 18901 25429 5512 19932 141 22648 20251 9473 16023 4248 9104 10294 25977 3943 29310 7497 7917 16494 6018 30022 20795 17659 3881 25183 14917 3788 11078 1363 7944 29805 27564 27078 16759 14822 13031 25533 17830 230 25031 14963 13244 4634 6277 30962 27484 20765 25859 23714 31376 6680 7170 30899 23908 4390 22285 9301 9610 18964 23311 8604 10886 13717 7921 1212 18580 15640 5824 28309 23552 15106 10118 7087 21645 16209 31160 18078 10130 11436 18162 6190 25863 28951 30418 675 23825 2983 19617 11069 25599 1744 22872 9908 28620 14902 22156 25116 19955 32052 24695 26471 1691 5294 10152 27593 31475 27517 1298 17706 13192 31738 17731 9642 8987 14741 25884 31094 27234 28582 301 10838 2406 3650 27402 409 32585 30115 30689 15111 29790 17918 16026 31732 4628 16935 32323 29541 29004 27231 6249 23460 29160 4698 3436 13865 14016 17503 10640 6036 13917 8102 2980 2012 25773 28663 17970 1206 18267 16537 9850 2804 6802 20263 5695 29435 30906 31975 15678 25276 27530 13763 23996 23244 28813 24234 9667 
9059 6980 3609 25557 28366 5904 32002 17623 28889 4436 22097 10398 25817 3100 8495 23874 32127 2958 25361 4146 20790 23776 11037 23258 4339 23459 561 8950 7370 27957 19777 152 13907 12293 13834 3829 24286 7270 24845 4946 11902 17552 13759 13693 4882 8700 32618 1475 20978 4495 27905 15365 3782 4773 956 9181 9835 31200 10785 2588 24460 6502 2105 28980 13552 15377 18467 5956 25832 28040 1671 8146 1199 11032 6985 28358 21072 10192 2432 29467 20990 21315 24561 12363 23474 18167 15893 19215 19875 29028 17907 13605 15548 13930 5186 4211 19969 21991 28935 21840 1267 11732 28818 26907 25480 29093 9808 26269 17988 24744 16570 9017 14086 23252 22580 29284 15077 25973 20887 18393 6627 2935 27174 5071 1945 8393 7786 13126 31846 28089 5682 19128 12379 10737 12815 32511 13240 5743 21542 16071 3259 31130 29413 21438 11324 25530 7570 5948 23129 4504 11408 23285 27199 31273 17819 14884 17328 12422 7951 4891 25270 27257 10804 10768 23689 29871 12923 3300 21137 6406 5268 23498 2727 18860 16204 10616 11242 17131 6602 16611 8695 27070 10848 6923 23523 3511 31455 12121 22402 27436 215 7450 2875 18139 16900 5963 30441 6612 9159 31358 13782 395 26296 28882 27812 2561 13541 28281 17615 19346 31577 15772 5394 2174 31272 27607 1033 12293 18162 19431 13058 4107 1676 4672 18566 14910 4359 24289 11638 13777 21830 24329 15768 24084 16895 529 3917 280 23769 20346 196 19509 7408 30951 28234 26989 1347 20676 31286 16349 15463 29897 139 6668 12871 1759 2472 468 22993 30813 9539 4629 5604 24993 28346 4432 15974 31361 21562 31999 6556 9300 28372 1103 18677 21996 28577 1707 11251 22445 16418 21637 12440 28862 21593 15874 24460 1903 29965 30082 25970 26754 27793 22009 18808 15908 27041 17775 26472 25802 9985 24232 27172 22484 23225 1131 12314 3218 23389 818 5367 18618 13180 30359 22530 19572 27553 6660 29114 23094 28882 14111 16559 17575 23812 18174 23000 23989 16827 13291 29064 21397 26775 14959 23088 21580 27705 21975 18309 2568 19241 20156 28848 1875 21109 3011 19953 20578 18558 23328 13223 2729 25720 17539 23479 11243 17312 16091 27740 14344 30197 9162 1381 5157 31042 6140 30515 18073 19819 25539 485 787 1604 7594 9559 19243 355 13300 4113 31174 13416 27742 3406 13624 24169 16415 2208 21779 10409 22991 11695 14444 11267 10560 16091 31735 10315 28584 7135 12456 
28709 4342 12557 7679 23592 12349 25125 10411 26855 12389 32737 8564 1876 27723 25209 23055 27251 13510 8066 11189 16540 32745 16709 26432 31254 20111 5111 7602 7186 9838 22221 18990 1969 9287 30236 28418 16587 16638 7792 20324 11523 32010 11082 5505 4814 26687 28369 29437 28933 1219 4780 2723 3131 17351 19817 19782 5081 4469 29170 25452 26964 17438 7650 27978 2748 22002 27168 23978 3877 1220 25933 8583 9265 5352 7908 21310 9759 25588 14393 26444 235 32358 5553 25600 15293 9722 11982 3932 28988 29613 20622 6098 26093 11675 722 5590 24532 17484 27680 3627 13541 20531 15082 12761 12180 12673 19414 12112 2118 25528 25979 6424 26778 31357 16121 12843 5873 16333 29062 28912 26509 32748 27503 13081 12288 23244 13356 9727 284 11995 631 16513 10440 23107 7828 2884 29431 23363 15592 14761 21764 15453 28385 21116 27992 15962 14968 9787 30646 2889 4973 21286 2770 28538 5741 21206 12246 29953 17196 10479 24359 28335 23289 17153 5487 8440 31323 10371 25926 18858 13731 21078 12877 2634 6965 31025 15597 9788 6007 31676 14312 692 21270 27704 22187 16078 20837 3405 26070 26922 13947 32122 8416 12525 21367 11318 23957 16631 4819 619 3803 21299 16949 30770 4527 14079 4453 14766 29740 827 982 29690 3409 3160 3125 22297 1851 15270 4889 20026 23297 11962 17091 31594 29428 225 26017 16250 3307 32594 18728 56 13497 10734 15734 1359 28543 4640 16504 29422 5734 12175 28690 11939 16922 1125 8000 13636 29047 21285 19643 1582 15424 5386 27517 5609 24430 26668 29672 20448 15838 320 20476 140 16580 2281 21248 8212 1521 1779 13369 18171 7412 29124 7616 15491 4655 24001 14774 7372 21532 16394 31611 18037 5062 27314 11968 31839 31235 17906 6896 18435 22717 19525 13179 5472 18497 9400 23445 9769 9086 5663 19188 18854 28470 23094 1526 18498 10173 20468 15665 28243 29793 14779 7723 32755 15992 2124 7008 7825 12313 1396 24905 22613 24653 10543 31842 19885 31381 7058 4902 14046 18235 26735 8838 16308 29021 9537 10343 28672 6281 19846 22463 1091 6512 2893 2078 3012 28608 21377 20058 8340 16188 29924 20493 496 7098 24319 24195 6822 937 17930 16235 17283 6092 9950 23293 17271 2826 12545 30572 31910 19846 6394 435 30216 13803 9567 2585 28934 610 17734 9089 725 4398 4388 17858 32037 8150 8215 19917 15658 13222 10914 19845 25066 30161 23937 29387 29495 
23018 16044 16684 23681 27035 10120 107 30932 16313 3861 21283 7380 26250 30024 9750 21150 4417 3797 6704 16525 28664 7727 30211 24521 10758 25078 23718 30228 26860 32268 31938 18539 29877 15094 1296 11414 19899 16832 5632 22427 28960 27379 1601 9675 19211 4240 26656 30432 6417 18042 23995 30589 6348 23258 12066 31394 30544 7695 6998 6004 24223 24519 7681 9394 18852 19668 4809 7038 8400 27035 17585 11201 32693 2791 851 31308 425 8499 14361 21751 19401 11872 9447 17019 31191 14175 13790 29482 5803 5895 9914 14100 9663 25732 23660 13782 14058 16918 7821 7348 8325 11974 9675 10940 16103 21633 15271 4271 10164 24226 13905 15776 2751 6031 7435 6960 28450 5148 11653 21613 1132 30162 9234 19005 10486 31511 28396 12387 15980 3106 13150 19800 1860 17001 24100 2262 14496 27305 27200 9203 9249 12686 14468 9807 25540 15928 20549 21181 11004 3097 8674 26449 8097 2066 30327 17979 12902 31286 2871 5618 18390 32179 1033 3508 11902 4439 17647 14903 1000 15685 7270 17487 24635 24837 21686 3737 12358 22696 16729 28152 1505 23719 4703 14850 2557 14394 3225 7915 5154 857 19763 5164 16608 8851 24207 11439 27397 678 15126 23143 12407 27754 32283 605 30111 3692 27847 17121 7403 30858 12973 27754 11254 4693 17217 27937 19069 30950 1815 16371 16916 9814 19026 14646 630 19462 8813 24252 26165 11605 11110 10307 26835 13701 17474 31445 2182 8167 5735 11674 19921 7566 10183 14704 4342 32712 2203 14852 1382 10803 20535 16395 13836 30616 2611 27560 9193 19191 9358 7743 26701 23663 20648 659 1064 6595 12847 25348 31052 30606 32295 2393 579 24927 18453 32178 30216 23434 18201 14356 19912 14501 6778 8775 14590 27537 1876 9091 29628 32170 12237 1037 3046 26900 5144 15467 24846 13902 15474 13943 9046 15215 13138 14167 28689 4810 21590 21157 18929 25017 6091 7841 16875 6470 24468 6529 8693 9108 24152 25727 17338 9373 3499 20245 8313 8646 17857 19877 11861 32188 6394 31995 16856 19544 11003 17368 25937 14500 7050 16450 8724 2010 20338 21609 19584 8761 7305 15135 15699 17169 15206 5818 1622 4399 745 9749 13305 23242 22549 20714 30371 14021 17518 21720 27862 754 24488 27217 32056 18530 18983 32715 22862 27220 23833 578 1032 3410 26882 7087 6143 18515 7870 3349 19671 24354 26376 29309 2116 5961 20418 12002 4410 16086 19071 29695 28823 6158 2494 27533 
19418 16308 20074 2108 26615 30129 2764 18962 2798 13744 26685 10352 12393 221 1804 28718 24089 5826 8037 19788 28093 21219 30600 22042 14795 7491 17419 1382 5384 11023 24590 14170 17360 23071 1029 26121 31337 20188 22907 20201 29819 23833 25078 15179 18164 14546 408 12705 18285 10577 17639 6509 22095 19932 21150 6757 1808 23454 5899 16962 6977 9665 29105 20388 22319 24489 10570 5827 11716 1275 13321 32360 4086 23505 10174 18560 30988 2898 25894 31435 13026 2689 26312 14962 112 7658 25142 3632 27609 12505 12511 4185 29747 7223 4952 29504 32511 23794 19651 6315 30069 18536 15429 18737 29658 27159 4884 21868 12163 2553 1688 11624 19098 20929 2979 19213 25757 17169 26972 9874 32752 13026 28000 2117 25104 273 12457 20215 15164 6248 31595 21078 23315 30033 19577 9648 7954 27548 13380 8909 2705 4003 15414 30667 21865 8531 8399 1703 26217 598 17128 22611 126 28355 18545 17500 17407 18807 23304 25949 14123 17075 10993 3225 26322 3828 11738 21120 467 7585 24690 27195 13020 23504 20234 21652 13102 22312 745 15015 10138 19885 23026 30114 29357 30875 24353 27905 4617 7829 4931 3166 15747 4252 4023 6628 19014 24186 3887 5209 10631 26089 16311 22474 9096 22256 6124 12970 30050 11625 16405 23862 17695 12433 22313 5934 2621 29006 6500 7431 16372 20 315 4044 1456 21414 28650 20217 19060 15344 29741 11510 11412 3243 11265 23046 10456 17606 2616 185 3527 26810 705 10669 32586 17883 2305 29672 23467 17086 3247 8750 16913 29268 22311 14752 26272 32191 27469 6716 14090 7280 29442 30699 5509 7186 11684 25508 14541 5659 17809 2525 7461 26272 7880 5079 22576 7444 17519 82 9918 13718 13967 21073 4363 28603 19920 21054 1060 5667 17302 26882 12061 24276 32361 21097 11820 29979 28075 544 13861 23485 8697 24762 9995 26859 12118 11366 4784 461 27034 22699 20941 27768 13772 5146 27249 23675 20791 31775 31515 5843 8857 26590 21686 17768 8219 23144 8176 1983 17251 7328 18478 21283 10883 27992 14472 9678 20259 11326 28381 95 13924 576 1652 19952 19806 31226 5056 17639 24092 3911 24467 31658 21822 24766 18752 25435 23829 24620 15565 16298 3981 28197 31778 3317 7616 8644 19008 4300 4111 22253 22180 26995 18089 7183 5147 6935 8409 1354 5174 22221 24436 17872 15262 50 7525 23565 25496 12478 18163 29777 15638 5620 21325 13477 18568 16160 17504 25483 
11173 18748 24089 30715 6929 26989 10097 6286 706 8069 28967 24017 31 3173 3399 22822 23163 16536 3269 5093 6278 11574 1003 32744 29285 32511 6833 25506 27329 23451 11531 27999 12104 13210 17854 14741 8006 14545 20376 28812 23130 1177 18213 17627 31409 525 4367 1192 30691 2454 16346 25196 20769 13304 20947 28039 98 11018 5642 32379 18097 16391 8182 2301 24039 270 21529 25058 6143 12121 26561 27312 1264 21446 15012 3598 15975 5043 22203 2999 5779 12067 2340 21748 19563 4117 11461 21426 18521 29657 18643 5211 14896 17398 6183 28972 24339 27811 12188 24258 29096 2636 11011 23256 25390 17478 2232 15626 5931 2544 19575 17432 29433 14504 11017 24982 13651 8900 14443 16970 22707 10785 12711 5321 14944 5512 23867 10897 21800 12729 1772 26185 8873 1642 15140 23441 5166 1257 26898 26560 32410 11680 9139 18311 26276 30687 10313 23004 11358 7686 14381 15209 11801 3455 6875 28707 21056 13563 4917 8263 25089 10428 11567 27192 8295 19501 32290 8969 2229 5543 10522 4075 30495 26740 30726 8573 23790 9926 6923 15127 7121 5787 30764 31599 18824 10683 31654 13778 17459 803 11878 8074 7920 265 30440 24322 31822 11514 290 24381 4133 3444 26383 18185 16267 15379 15862 9883 23819 22910 26197 21190 14736 25856 11821 20465 19854 14814 1379 26637 8710 12985 4094 5486 4497 24798 32439 2274 14047 6650 14339 3966 30378 3386 16153 14177 26831 24618 30560 8686 21155 26013 1534 31043 29242 5434 22770 7832 17309 24126 26283 29966 3861 29783 11044 11433 16935 13559 4978 27309 2695 1619 19028 18937 24460 3781 32462 24867 26483 23161 28623 18347 23364 27930 24291 21256 4678 30521 21675 27037 16638 2827 19 7165 1757 6151 30859 26146 16052 27421 26547 12055 10450 27292 8087 2027 19298 20087 16915 5908 24287 15794 5372 19516 16129 16385 25933 14336 5409 31082 31756 25442 29395 26396 26620 2487 29072 24328 14927 28770 20346 8138 16505 956 13194 8952 3638 27862 12028 23305 23689 11029 28939 6295 28609 12781 19809 27788 20115 12944 14484 5833 4632 10042 2739 8093 25334 9379 5173 4536 2453 18309 15545 27826 21722 12713 17754 3336 18830 32431 13121 31837 23123 21161 18508 21016 9215 7026 18817 4077 30786 6322 18112 7774 22558 31875 15417 75 9244 24262 13530 2482 13047 2229 27093 23879 13820 24354 21983 20790 16890 21685 29719 2100 17063 5383 2066 29192 28998 23129 
18959 9637 22595 15750 32087 7846 28270 3455 7475 9314 17967 25384 12012 2058 10325 13688 6787 15557 8940 13775 9706 10027 16399 6705 3606 22370 25881 29736 23773 23731 6167 12445 15306 29945 25840 11235 9682 20546 14020 27981 8413 6768 26934 15945 30636 9765 15846 17815 31215 16818 6407 24187 13564 5837 28756 13275 10734 3717 19575 16419 5170 29880 5048 330 5799 15411 14623 7923 26566 9317 6000 23215 14428 21099 225 25334 19532 14571 8816 28007 7283 14391 15022 14610 7433 13195 24367 10623 17460 2686 23425 21307 17153 25875 19827 31201 32252 24803 7035 15062 13920 5869 7102 24398 26704 28692 11462 13050 15404 29372 10710 22621 27000 13844 32140 30418 30242 3634 30508 5214 6517 25034 5193 13578 12876 12 3497 29220 29434 15979 13208 26953 12732 12774 28702 20262 17367 5006 20615 10957 5530 14825 7010 9167 29385 6153 18595 161 21287 7460 30562 19130 6791 13698 18902 25846 16686 27296 13141 21960 5126 12953 11269 13068 26409 13038 20619 2480 3146 31478 12605 11072 21938 12758 24376 9879 25617 19714 19417 28613 13292 9747 31227 30057 6207 21031 3084 29263 24715 17203 31118 13718 17295 211 18605 31861 31051 16993 10344 18802 10881 13005 28406 401 4463 18696 8743 9311 32678 24242 21089 6975 3867 22048 13015 20222 6841 24986 13550 31809 20646 11623 15484 26361 20286 29184 11309 19018 27906 600 22744 30834 32303 22586 15618 10296 15353 14301 14112 19823 5756 14658 32530 7756 16059 19343 22750 4474 20295 27367 19321 23838 21444 22145 8679 2718 1010 5799 15658 18924 31185 5726 6415 10342 12054 17055 24202 30664 17874 31946 7687 24717 20325 26724 32374 4715 32446 10628 170 29985 15199 28574 29256 3955 31973 21076 2263 20550 13059 17629 12065 32428 25700 24993 9308 31860 16665 6257 25786 7654 4593 24191 20289 29848 8939 10955 8458 16657 30774 21089 14346 5623 31862 17958 5207 15197 11834 32310 24542 28620 7674 24519 29857 17748 59 2848 4695 23964 12451 23216 18976 9978 3865 28499 6234 22193 14798 5457 30238 28590 11272 12168 21388 3276 13445 25252 9801 1415 3995 21561 10233 683 4228 10810 13352 13050 29682 16309 20891 7041 21191 12548 19829 17322 29281 23738 32362 16249 8517 18230 27370 21866 16434 16154 7998 32239 17782 30632 22091 32548 21730 12178 15050 21735 31501 7360 16222 5493 7047 12273 26880 14393 18271 1066 860 18181 20807 65 11682 5014 
23779 12607 1962 32557 14749 29348 5014 1992 28344 23979 10716 13430 16222 29133 9261 5925 18751 12026 22428 1850 3495 29888 15751 15454 30216 8623 8230 1884 21566 3768 9423 8253 28867 3005 31199 26576 8893 20191 5132 6979 4067 18135 32169 8572 6617 22246 19924 22943 26918 1827 4773 12709 24848 23924 29514 13508 25706 12134 614 8169 29865 7282 13225 23964 24344 19187 6057 27594 21407 26404 14679 23449 595 10000 9156 6485 610 27935 13322 19147 13045 27618 23211 32652 4201 24478 377 17316 16808 6966 104 5696 14025 30630 2385 5309 15614 28832 16213 14595 11689 4083 21732 17507 15075 27538 13361 2829 6237 9013 20875 9340 20003 17474 5141 17655 17031 14215 9395 11416 31869 1451 9497 12448 14396 24115 24386 10055 10049 14754 10232 8407 12678 24737 13154 21469 31973 18084 15053 31885 23108 1140 25647 978 266 17433 10767 22152 6604 16275 26545 4088 20109 15151 16027 1494 20068 25684 26775 32420 16096 3196 22049 16464 32634 20137 27171 3429 6682 16757 20120 25598 20865 13064 13764 11252 1394 30280 4540 20930 23619 14068 20694 22663 23848 12907 414 7465 15572 19878 10997 8862 4195 5251 13561 5794 12398 8340 5474 30868 7548 18569 3663 10220 20081 7804 273 18408 12332 19354 28858 25431 12968 10453 1770 11046 3519 27956 11870 10553 13459 9277 28701 28704 17042 25950 10214 833 15243 16342 14859 3518 14988 32591 1586 20986 8911 21560 2670 5881 25147 13768 16570 23739 32640 19758 26125 6250 14023 27781 22330 21201 16841 27093 3075 20948 22739 13826 32158 147 7612 14193 7668 10992 30466 28745 14963 24128 5609 14639 12383 3775 22025 26763 7740 7485 5115 10918 23431 31132 14180 2360 7916 30187 2715 10965 16741 22968 21234 953 24067 16255 32549 4994 16491 12187 7751 30575 17854 6263 538 12792 13402 7651 18439 7114 6561 12121 25304 8449 3212 23627 344 12526 6251 24026 26615 5267 28650 25944 11109 15044 6561 7833 24785 32484 28377 18971 23274 24138 19336 21531 13754 23416 7241 23722 2547 16060 16991 5636 31483 1395 4386 6331 15347 15572 16486 21370 26356 18177 14582 22082 25219 14711 1792 17122 4927 13006 13453 24873 23362 25166 4044 185 8578 17872 757 24930 10592 19603 10906 17060 14750 28096 26070 20050 14165 18610 16406 29905 24272 22278 27068 2413 29598 15116 25998 28134 631 31891 1460 23742 1883 15248 1240 11448 18921 26336 29049 18308 
257 19761 16739 17876 6020 11656 25388 22020 28572 7412 23034 9962 2485 17 23900 25879 3400 9843 2608 3003 22640 1155 20825 28022 10696 292 31658 30123 7387 6350 9328 6513 17939 13068 29283 28818 19040 26704 8796 29760 25435 20065 21814 14664 19782 32161 32722 810 23185 11244 11680 22622 22202 30493 31881 12501 4217 2665 31393 18030 17310 7834 32588 11305 25922 20216 26668 7058 8784 31203 20342 28031 2214 14116 10629 1526 7120 598 24326 7946 29892 27274 23623 20362 1356 32200 28603 6830 620 31065 22805 26769 16075 5785 16672 6445 28618 3579 1820 4561 15386 9203 31569 3950 28693 23500 27820 14115 21493 15439 32098 18237 1748 20328 6413 805 14150 23150 27271 20995 12961 32329 2727 16430 14103 9795 27995 16027 7419 32565 16314 27602 23189 22888 28624 19398 6805 23965 7430 11051 3119 22033 25114 20648 5669 12591 21111 24824 1177 31879 11908 8541 19699 3370 12393 13385 8227 877 25065 15568 10326 17735 25035 21308 19975 29926 27349 29346 26732 12084 20222 32601 25475 17120 14516 13730 12813 1617 30677 31440 27459 31604 17704 19604 18753 31247 8236 19623 5685 27874 13864 13978 22203 8278 18098 15002 11890 17542 20561 17850 9850 8371 15107 17773 12315 16224 15412 2763 18298 17775 30316 5867 27356 32762 9841 19591 14778 4245 14103 11823 6987 10686 4496 9615 31050 9890 27186 9914 26055 2532 7483 14216 10827 3551 1653 29595 1208 27543 13560 15155 32570 18112 2079 3477 11031 25228 18104 32306 16387 13179 1778 29305 12838 27623 1879 28447 13694 22480 4627 20637 18125 14580 24079 31735 1030 21915 8857 8240 7753 13718 4088 7288 26282 17351 26714 18615 30119 28596 25148 22126 3864 1952 4814 7317 10211 13698 9901 28188 11359 27003 11403 19391 15204 31055 24403 27889 32700 8517 18694 11623 7122 32200 22876 13116 12726 6848 28719 23225 29859 25671 20468 29350 9572 20395 7174 12660 15362 29121 26869 17925 5870 10930 24941 19638 4247 22832 29989 25502 22701 15439 14665 27250 8913 6790 4120 4125 12994 19615 733 23060 1752 993 7951 29506 6437 3840 29383 15115 16685 2886 29677 27634 19767 33 20857 26167 16587 20529 13019 8056 17672 16887 5133 1546 3915 21246 12179 28127 20939 26292 28398 14008 10095 8659 17485 24978 16351 10810 18755 27303 6461 23507 6152 23992 14176 5277 13503 7445 16411 2658 1667 21031 19422 9882 23486 5170 29197 10810 30734 19354 
9786 15623 6921 15169 13471 10395 22640 31554 6639 20297 8668 11014 26511 31557 18848 13531 6687 27016 12311 28905 26927 15886 8034 24604 3187 12915 27829 22833 6108 7222 15784 10663 25136 24422 3836 19924 5201 32754 13009 24049 17637 9621 12467 24706 27524 27936 18839 10163 17965 27983 31609 2631 20045 18154 26158 27166 2391 25796 17902 24266 2222 917 32452 3208 11825 17522 16668 8727 7768 28491 961 7586 15196 31329 9067 28643 7156 10390 16874 27699 6647 7542 10829 22866 27856 18967 31860 22011 30830 14942 32734 12651 4509 24397 23202 2606 11664 28627 2561 526 25280 29050 19156 9161 17640 8694 12034 8153 1778 26835 4673 19671 9090 1259 10950 5061 16649 31022 30752 23187 25474 24518 19448 28860 6494 14398 23024 2712 14773 18048 26157 27538 24732 25779 1308 21972 15409 2855 2911 20839 8985 24902 14348 12787 5364 28606 15602 22432 32123 8367 10181 9942 5552 20995 30886 3773 6372 27480 21272 31096 1961 9899 599 19312 3491 19869 3830 10985 24749 22123 27064 29100 13222 16761 2317 10712 31541 21229 8082 30526 1515 31892 12947 14459 17529 25396 22665 24611 12728 26050 32260 7130 26895 24607 17793 16051 16512 26152 15405 3164 31290 6539 24859 9034 29507 23460 31548 20772 3517 3665 10320 18174 30300 27353 29504 5480 25597 2528 30647 6793 8170 28240 16143 12682 2588 8184 18200 29437 19434 21967 5952 5023 17852 5834 12008 2419 19419 473 21079 27463 26681 8510 3153 24889 30310 6556 31047 27554 7914 12507 18872 22116 409 7654 7691 1704 30602 30674 29888 24260 18348 5278 10987 4525 9300 16066 13930 31095 30037 25707 28271 9995 31246 31083 19232 20751 14961 27483 24544 24078 2469 24815 32172 6900 9322 23002 22538 12027 6956 24585 16961 11287 24421 7200 20038 20423 18020 17138 31906 16231 9678 25037 19197 27138 3494 6883 10830 22484 30103 19814 6456 8495 27801 28672 10493 5825 31845 26630 12396 31092 6886 25737 16422 5814 8426 16908 15750 16490 28601 27008 31696 27034 11831 6236 3086 23904 22958 9643 14467 7731 24850 29724 2619 21208 32116 10966 19974 25475 28929 26951 22861 13988 17552 6108 17555 27621 16783 85 22519 18581 12397 26224 20305 31178 29915 2987 28630 1671 25686 21903 8396 25055 22188 13911 18533 7012 5943 22615 1179 7874 2803 14617 3017 20625 4054 6458 4509 26047 21815 17443 22631 9086 27439 29548 25501 8925 27806 27212 29811 9652 
5285 10572 9288 27487 1232 18428 31023 4320 13600 9799 6578 31888 8840 21400 9929 4043 26900 18049 4088 7368 27616 13038 10798 2726 2520 10470 28350 2228 18679 13531 29869 16271 25639 6591 196 5648 31042 22492 14515 6977 1082 11111 11471 20335 10537 12831 30465 32437 5691 8322 21359 15898 29197 9334 2482 3406 5892 32549 14904 4878 10911 6963 30168 12579 19735 9873 2265 21755 8675 11718 17351 31976 32276 32095 4307 7537 22726 5995 11087 25890 19436 10907 21031 15906 30287 4243 4591 30548 7025 18410 17648 32652 24546 5007 9785 12196 1541 24570 17820 22787 3493 14902 13823 9442 17804 29961 5289 11892 29271 526 13541 12359 10886 32170 19418 13385 2561 298 23770 24708 16561 30345 20096 15300 13963 18704 21199 1077 27981 29557 23347 15527 21524 27692 9440 28818 23707 22942 5333 10064 2684 5197 14220 31949 8072 3733 16110 9840 14769 21310 28832 17816 13406 18442 85 9714 11877 12147 28404 7826 19503 28839 26323 8244 20941 17047 7367 31893 22800 22612 25703 24411 30504 6568 25734 4105 12371 25025 19473 11965 13421 22628 13494 24319 22429 23533 30425 7464 17752 11752 12122 21203 26732 6582 21445 10786 26785 5677 3679 845 24669 17646 1414 222 18818 28299 3644 31317 12936 15452 32168 18496 19201 27327 31539 2804 9768 24072 10754 23262 27842 14024 27207 30950 9949 12593 19105 32336 2335 9493 700 16397 5299 2354 6553 16508 10243 23784 3850 3144 28540 26129 23584 17799 32023 12779 22606 8504 9127 25764 30253 28002 11313 10716 31577 26365 795 16643 13760 10834 262 30361 12208 9956 29768 3370 6974 17645 16017 12434 14591 17119 2086 16550 21681 24868 21322 7685 24555 11754 16597 20798 20248 23325 16185 7797 9257 16706 20810 16055 21818 23738 18771 26874 1800 32007 32007 18661 17705 20061 23759 462 11420 27257 15327 16873 7692 18789 6157 6311 20603 8280 11295 9389 29754 1589 15046 31009 8927 18584 16993 32499 11534 4296 1241 24151 8835 1007 27973 27696 12288 17290 8096 7614 25136 8854 14743 17310 21760 27549 17093 5622 22091 12455 18591 4315 24824 2235 8186 7471 29089 5357 23936 2998 23575 17742 24149 2545 31745 15707 19748 716 13724 28731 11055 20239 10354 8956 6058 2727 21154 29799 16192 160 12980 30039 2155 12539 11695 26592 21966 15011 6691 26208 24717 32652 8745 9107 5914 24718 26420 32621 30071 21396 13260 26805 31282 12784 12015 11910 
1300 30736 17864 4341 30589 26878 18603 27299 3434 21541 8016 311 30794 27337 4619 19166 3062 22901 23835 7027 22755 13971 25044 4533 9223 7506 1292 15184 16660 13133 1693 3644 26135 27389 5924 21185 5052 13867 29387 4207 16954 3125 13037 10857 15782 138 30348 21858 25419 31665 23165 32473 29087 11036 30890 7566 13828 15290 20328 13937 9507 1063 17112 31956 27116 16369 9514 11010 26797 2949 13382 3627 18290 3141 12292 29979 24918 21456 18092 21495 23795 13134 13657 31660 931 30030 26236 28517 28321 4277 19019 3448 14814 6086 22851 22288 9153 19435 13139 1358 15777 6735 29181 22432 14716 2945 23203 22055 24934 20546 3850 4055 7613 14261 27863 8648 10625 11165 25262 27742 11681 601 3475 23876 29035 26668 9806 32669 13438 17576 987 9620 27037 19028 28610 24669 23952 21845 5411 23418 28816 7698 29947 12425 30149 18627 27044 19711 18683 19093 23293 10232 17596 27813 10215 27480 18171 23500 21284 3127 8530 31387 1035 17399 30330 669 25144 7792 11460 4482 5267 3735 7259 26643 32091 7587 27276 4083 2782 5346 3994 24654 10504 21948 14936 460 9019 16425 4688 26428 32000 26819 5996 15106 21019 29769 13521 10292 11988 11755 20595 29305 9440 15410 28909 12723 13810 20282 26405 11582 9202 3229 26545 14175 10041 21428 30196 5467 15751 20129 26447 26061 25511 14791 5273 2243 30399 552 14900 306 5661 31749 13358 8374 23728 11272 12805 15291 32066 29921 2982 29525 3794 15568 28547 12236 26887 32250 27729 20121 8701 20278 2662 446 5710 1517 17919 3416 19409 29348 195 3301 27206 28045 12751 13826 21982 19431 6653 29875 25431 9271 31128 26184 5290 30109 12255 28157 32216 32515 30212 24382 14018 24582 2642 27115 12596 220 25068 9440 17708 4479 31426 1462 6604 26288 9781 6907 11490 25339 27170 10842 27944 308 136 18514 3670 23098 3180 14262 1940 15815 13686 6152 2769 19311 1690 20045 5864 20900 27872 1197 19482 15719 30195 25606 20844 26119 7414 13305 3879 11148 20167 18095 30144 13734 485 28790 12669 10593 2513 6332 23512 26380 3720 3781 28599 11344 4884 25905 20755 9245 4126 12334 23040 29317 20498 18399 8793 15966 32631 13750 2953 14914 24453 12135 21873 19651 14942 20984 7707 5833 30231 15384 11410 7678 17535 851 25293 4997 20827 19393 26095 14563 5799 22452 15140 9479 2280 3316 23385 26808 1169 3342 6832 8459 6418 28392 25949 26711 
22242 2205 10245 30395 31173 23059 25770 12458 28270 31695 4926 7772 16374 29559 18594 13497 19770 6518 29752 9128 7773 18782 31625 21096 23146 5962 11912 31792 7206 24371 9949 18998 14401 26181 18946 28195 30850 1417 3277 20789 12268 4488 8963 6313 29569 23567 19810 4481 11246 8590 26771 20027 9147 32424 21057 11856 14272 7617 26285 4625 159 16685 13188 5354 27409 11880 23262 13294 30912 4206 15631 32036 3759 13907 10909 2003 14642 31393 32215 6263 30337 22355 28367 1628 2921 5289 22161 9883 2576 1198 26370 21927 21672 20337 28117 4141 11668 11620 14755 15546 19709 1753 6793 21983 6415 7681 3795 8766 13757 6827 26137 14062 20367 1463 21690 15309 27039 10187 314 9010 12935 31966 1889 31304 1823 27525 23188 32257 19432 8309 16573 18409 19475 19452 10936 1082 11752 25637 17164 21917 12663 2975 4833 7443 17074 4284 21272 23892 1437 19165 12485 22016 14864 24760 3010 10956 22956 27433 23336 3531 28242 8350 30313 17979 23452 16057 24973 20422 4236 25969 1955 25180 1131 12365 19250 15516 3951 19107 19446 3140 32261 22580 31915 16202 22479 28218 3333 22623 25835 8877 30750 13339 8300 6184 28873 4403 9748 26131 21173 1860 28944 2384 10560 23029 7254 7145 32235 12261 14481 18966 2159 11350 9563 1117 1879 14618 31855 31631 32593 25726 14280 21073 1836 7499 10778 11383 7362 26663 5479 21912 5381 15825 26426 25246 20421 21392 11106 27948 26017 7953 1135 21917 24907 28900 27238 1626 9567 23425 6427 11580 27647 12668 1685 5105 2478 2618 22435 22227 9960 28809 15576 25478 7271 2530 8359 23911 9661 8718 18535 19746 9295 11237 8384 28584 10711 12161 5791 15717 25788 29011 17340 24667 10495 24999 8824 6485 16717 21087 28491 8238 29323 2337 13410 4396 241 12542 23450 11731 30520 6864 24568 30394 1878 26170 22001 26600 10297 16460 1714 31974 28894 14162 32727 252 24122 16206 1148 5986 21312 23363 1157 19004 8733 29763 21461 944 9528 851 8609 1103 30622 18642 4578 13571 5412 28671 21252 14203 945 11983 26734 31217 8061 7717 22882 31252 25457 7916 23027 2713 11650 14860 13329 7374 22353 22891 4192 18439 9428 20358 9121 18351 25097 26235 2386 2795 29377 32710 25787 6917 16452 11320 4737 14332 21247 1994 8381 23180 22962 11831 3888 29977 24381 23083 19309 31389 21613 26950 27215 8360 11204 7601 31107 27258 30812 19545 16359 18226 13329 12193 
21203 21915 17377 21076 5306 18035 30407 4090 29952 32433 4802 25851 417 31555 24859 12164 29299 8443 6043 19418 8287 15817 6047 28302 12152 8319 24823 12242 15046 30598 17848 5965 14961 6478 30501 11294 3058 19102 10805 21145 3484 14433 762 15015 30894 27103 17437 30986 15137 14396 5805 25051 4191 13968 30342 30441 27803 22112 6615 2211 7751 22505 19962 26438 3810 30612 11568 13992 5871 16332 5400 23641 10815 28161 26372 10512 24645 24532 27963 10697 28774 11970 12919 23851 9328 14161 1676 19318 12461 38 21778 23627 24652 8 17868 6264 28513 8418 5621 14046 30476 29242 24775 12369 29548 13245 28539 21123 83 3813 19556 8537 24137 31896 30300 6263 31768 17156 14566 890 31664 29054 31240 14340 19256 7361 9701 10901 30754 14763 16381 12867 12668 28627 21280 4400 32588 7052 1809 1349 12749 26282 26271 27615 11340 1943 26554 1215 9166 7806 25140 10214 30296 3911 25726 24887 27482 16663 24013 2478 17822 21246 24739 26641 11194 21062 14675 22578 21892 10173 24030 13127 24659 7167 17371 28656 17695 9029 29724 31730 30896 28432 17212 12804 23551 9076 7665 3394 15678 4419 2580 22088 21675 3009 12365 14972 7397 22577 9708 1035 23797 25875 32224 8985 2856 21663 30595 18732 26919 13338 12363 27174 19833 19890 30124 16288 6392 26190 17116 11023 21612 31582 19921 17760 15377 7787 21575 23081 1559 13225 17478 2702 9923 16642 10131 10632 19156 4363 12641 30532 31620 1081 5506 18257 31356 8062 12885 573 17883 22068 17365 10226 23677 12286 8888 12115 21324 13138 27259 771 16116 22098 12009 25758 955 18913 7678 10458 9808 13238 14514 29584 5791 8391 22734 19900 19335 15775 24236 5001 26691 15324 28762 1676 14423 7611 30486 13201 7284 28878 4206 15336 8899 11909 7513 29467 15401 8166 12131 4828 27017 13432 2384 20131 23285 32624 5309 19365 10246 6852 31951 25479 16217 12395 24348 24682 8038 20052 17456 1959 9998 25150 8570 10229 25496 940 30518 2462 12462 30374 22229 6245 14998 9129 31761 7597 6497 30679 24573 3907 15482 26475 3050 27348 18788 23683 1893 23617 22950 31518 218 23610 8078 4505 19177 26123 3643 31119 21346 7017 5627 14920 1036 20812 11997 15519 22992 8628 5521 5331 17075 16035 2984 29115 24354 29235 25045 9577 14922 10461 16159 2806 19793 9684 31069 19862 6281 32561 8841 21602 30496 11832 23832 7133 18180 7059 19067 2440 19966 27927 
14583 21674 8013 16613 23264 9732 10300 8188 4812 17452 23939 23005 18777 26293 24747 27463 3037 24807 15355 28381 14918 19088 9283 13936 6531 10500 7433 11602 7321 5724 1684 9496 30494 5113 16748 12817 25536 6808 24312 14163 22131 11713 16356 23148 13482 23183 32321 10979 32686 16144 12480 27048 22275 28301 22219 29857 14942 11272 30523 7334 12172 27675 6827 23840 4496 18740 18707 3107 25861 21720 13840 24274 30948 3467 25673 5452 444 10428 21776 20515 11365 16399 12706 14637 31719 2699 24543 24769 1662 16384 26096 18189 25729 18225 24375 21456 11449 9341 30298 20855 20348 30738 24386 3656 8554 2391 11262 24093 12333 30230 8741 16347 6960 2219 29857 13301 10587 6649 30073 22690 30694 23988 30880 17447 28966 6101 22565 25989 29568 15122 25886 1540 8392 5683 20904 7112 22592 27665 6988 9234 18382 18927 28863 10820 8327 11514 16415 7109 21260 12867 614 32642 13405 28338 14112 16125 29821 24037 7963 18068 28237 18000 20797 2643 24693 20103 4408 26593 23084 7683 22076 24594 14421 21397 31948 20208 16336 9014 17689 14401 24545 20379 4196 15040 808 26225 1402 21725 9888 4127 32449 3983 22367 9825 12991 16185 6776 14563 289 29414 10439 20839 26865 4514 24321 22456 30834 27662 25221 12025 29312 20903 27453 24977 6400 27291 17750 7087 9401 11944 7173 26270 25575 10383 12469 7608 1559 21228 6838 31153 25652 7992 31242 3377 10551 6957 6236 32432 18475 11185 19888 18048 31039 23157 31024 14697 27003 27174 2285 1590 12966 23660 2549 10710 6156 11199 29987 22571 31172 7463 12786 21201 60 15217 20150 30323 25770 1081 8791 2067 30269 31740 19767 2604 23977 24594 26728 27105 12922 9509 887 11446 496 417 7837 13340 27485 18278 6836 15952 19988 25554 3110 32519 17178 13049 12680 23836 12415 11527 2625 16648 11973 28950 22391 20130 13900 26510 10854 18614 13508 26614 12962 27133 8001 31639 619 28447 9058 21013 10184 26248 16368 16877 1695 6254 9831 19977 10909 7540 19378 11709 11560 28263 12151 25544 29452 14026 31024 26454 17407 21122 4888 20168 30094 9296 2805 7792 14361 8958 26968 26812 11626 5913 13308 25712 18895 11222 29992 5899 12511 9320 8128 15031 26105 30521 14687 1047 2209 11721 21187 8577 9968 12188 74 17189 28049 2829 16747 13009 8665 31581 32281 9495 2400 8663 30330 15593 24415 27987 14930 12400 23786 16553 28685 6940 19599 5080 5857 28484 
26466 6875 26134 22813 28697 7770 4420 20671 12782 9491 6413 10341 28414 29054 10742 32742 10554 5442 22664 9553 3032 16573 4212 30002 1973 15571 16618 2730 17906 3355 15434 12313 14349 26489 32060 18333 23398 8054 19731 19853 16112 1952 14461 30261 2826 9291 26420 5049 24907 18590 16866 16859 13681 9619 2082 8442 17534 31985 2861 10719 9962 11988 22509 24759 28751 10893 20187 22716 7967 18535 12907 22581 5624 29786 10100 13049 1318 4961 18492 29417 9122 22889 24318 194 4691 13006 32590 16725 25890 5357 19415 26145 27490 4672 24928 21627 29018 20617 24916 26693 15306 18799 3528 21216 5501 20101 2544 21526 13933 31766 26278 12048 8787 29423 23325 10550 3204 20433 9935 31313 10935 26421 4774 2069 18760 30366 10175 6042 4904 7761 27780 25878 276 23787 2082 26079 20955 23915 27456 9127 29762 26182 23813 1694 29759 27900 8155 24935 31500 31363 14785 61 9662 3241 8543 4405 4040 27314 9568 23897 5405 28217 19456 17543 7129 8735 18344 994 13460 29276 22522 27104 23625 17975 23823 3125 14935 20874 6761 6868 2292 25416 14360 26850 5606 30659 7802 11060 31699 30266 20953 11072 4110 14009 12696 25978 1682 5250 27756 11772 21144 32403 11691 3232 30074 5059 31211 1250 269 30089 27774 3125 26039 3663 23994 22268 32117 20007 17651 23410 6531 16318 642 10616 32627 18017 14813 17163 21068 24517 11173 19730 26926 25518 2740 27431 23223 15658 21528 1883 9438 19644 4230 26134 26097 19167 23745 10106 14116 22211 25827 18162 12652 15051 28162 1030 14944 16896 2641 6024 5659 27343 8620 13697 10301 1276 23910 14136 10507 16765 13340 23123 31406 28005 28051 32006 30681 19894 31258 16290 2379 12180 21712 17773 22146 26002 7609 11997 22173 31755 18835 17280 1615 1290 24256 18373 25132 24806 32096 21330 10154 7935 12033 4508 32438 27063 30810 3090 5417 752 15878 28872 3134 11618 28288 16400 15715 2138 30339 11167 22192 5710 3838 1855 7834 9739 7142 15172 16841 21156 11784 8278 12049 14807 3521 449 31424 28653 13734 5478 21716 20243 28003 11848 29075 9801 5694 8084 22721 9942 30673 16597 25888 5973 22048 13694 15429 22305 6432 3653 6132 21967 3681 29702 18606 11521 28525 23181 13041 11282 10687 14695 21601 3258 30062 12715 19842 1092 30787 5110 14852 7782 31493 6396 27420 25377 31666 9504 23560 25503 12295 18488 469 4243 28859 12507 14570 7264 2410 12885 
21012 16582 31310 16819 9228 5313 12576 26463 5244 19975 1618 10742 6380 338 18316 8173 733 22339 26353 5590 7014 26251 25464 16845 719 6365 18133 20775 11193 27818 7416 3502 23199 17127 7738 3878 4323 32618 12786 19513 6494 30707 8681 30549 17738 14790 12585 4581 75 6906 12992 25855 30930 7197 11379 2502 23030 7390 24570 5510 17642 24123 31596 13408 21986 14481 8290 6553 14222 27052 5961 8239 30037 22729 9348 5526 6267 24100 21527 22998 4653 5164 3516 29018 6474 27127 11717 3140 26170 4062 31981 225 11502 5176 2348 1038 21723 28004 17151 15288 19229 21809 31010 5168 13428 28815 29853 596 10074 31378 25553 23641 7746 3241 12981 21260 29531 17966 23744 20980 14253 8890 1184 18209 13919 25753 27234 3181 6130 23631 12199 22845 9230 19070 7515 14006 26735 15621 25014 11234 30565 24736 13567 26949 6847 3914 30330 24819 12899 26783 19339 26350 26546 11716 27297 15459 31308 4110 6963 8366 21048 22408 14308 6257 11432 19661 30026 11070 12463 13603 15950 21050 9798 14226 22640 518 24818 19288 32566 11018 26891 18008 15690 25586 6268 14872 29777 27218 27342 27531 21750 7223 25511 22301 11959 22088 32222 32069 6726 11717 14043 1844 9617 9011 26799 18401 30520 9023 28977 4652 2798 13902 20956 25966 14596 18362 15790 11864 4936 4390 2020 4280 8341 13220 6045 4627 26948 24188 25733 1858 30918 11358 32140 2912 15161 16778 7040 21345 20982 1836 19563 10743 27541 19692 13722 6727 18139 4362 14140 32066 590 31790 13546 1749 25083 20537 6439 10409 17907 11127 4450 32765 32387 4086 9982 7717 7127 31207 23015 402 24429 19503 23197 385 6890 12932 22577 22465 31155 24714 10539 20011 31085 4976 10077 5528 5077 20122 4337 8515 10278 5803 7297 3563 18623 23710 7133 3429 4341 23863 24943 25633 20596 21983 13281 6093 27120 13383 2560 10676 1114 6945 5644 20840 15349 16578 12678 15159 9051 3367 20877 32280 23157 11368 5876 2269 17408 3963 5482 13237 8524 11050 1584 12869 13866 6636 5518 21084 6216 2432 20675 23373 20128 27531 24249 13712 20746 1087 21962 8081 12693 2499 27855 23039 14974 29127 19065 17002 30747 25054 16829 22907 22836 31288 26007 6632 31757 18749 5763 21847 1082 22529 9836 2183 14848 23311 29702 25415 6115 30773 26948 21445 2287 28942 24074 28915 11939 15250 25844 29076 10598 30872 8017 25208 16836 16683 22945 4884 5804 7294 
3843 15728 19888 5767 27937 8900 19641 30204 23427 31393 25333 26782 11555 7920 1656 2319 10600 7476 15903 6422 15791 70 1842 24851 1083 14195 4877 1918 32164 24994 2604 17421 26774 17487 28121 27417 5432 14948 30087 27829 22238 945 1853 3238 15726 28382 26191 29898 16715 23056 8139 22092 18719 2421 29814 28029 25094 29720 14846 26088 21529 2918 26710 6569 1592 25442 12822 12364 23567 4724 19840 12138 4180 6575 22402 13852 28398 18473 15787 15026 18437 28280 30445 10803 11418 20446 1974 2705 12292 26228 20198 18049 16798 3927 28113 11073 23617 27841 5319 26470 26885 10883 32544 12587 4002 25945 31015 12452 26753 9844 14983 28671 11734 28430 30905 22940 22259 8073 14196 13682 374 32447 31436 32483 7951 5840 3913 19659 28336 19210 1542 1783 4378 10078 32656 28212 22863 7635 2087 24829 32299 18230 3000 4387 10606 10096 8338 18639 26791 15961 3688 12102 19542 7364 4758 24074 3228 22458 25090 8997 3841 13420 19397 10601 10455 44 380 4608 2638 5556 1058 21347 17140 21521 22343 31890 21073 2320 17140 4338 11449 13877 28435 1817 1682 1027 13207 14454 16640 23969 13891 32063 13260 2107 18698 373 30944 8016 1334 28399 17982 4692 29176 29997 15389 16081 25782 20712 16916 24419 14102 19344 23606 10530 32287 4247 11934 4974 22562 22884 6586 28035 30446 3165 28329 10490 19366 17882 15791 23322 8362 32427 2702 8465 31598 7480 9346 24720 40 20081 7875 5380 25107 8153 5337 2808 12647 4959 9287 160 26222 16167 17468 447 5704 5985 7918 20163 26524 23504 7294 26479 23610 976 26594 24986 11277 8291 10074 5903 4697 8701 4069 18624 32727 19536 8676 3317 7599 5728 20825 8391 20488 17830 20618 7526 18266 26360 27878 10871 21451 2460 18960 22163 6365 30136 11751 31190 7762 17531 28251 23866 24691 17969 9670 22196 26661 28881 26199 10471 2685 30214 16653 4864 266 632 29656 9970 3124 23838 16463 30554 11710 27967 576 18599 29749 28434 24563 23896 27221 6832 13700 11254 31853 17144 16827 3434 4570 26506 2611 20645 14784 25202 13606 27261 7038 15634 15468 13137 29561 4895 22817 21202 20763 5753 24250 15429 7409 19977 20467 16914 9869 20870 8511 21450 12657 10870 3197 14733 20050 28003 23068 5497 14491 7393 20760 1898 25090 2843 22017 31168 7170 18052 12650 13395 574 3811 969 24932 26778 13366 9561 7704 10742 23 4615 29028 27411 16970 
13685 11458 16438 7259 10232 12414 6573 16894 19689 32054 18693 25298 24524 26412 18952 25874 14816 27324 18544 24250 19615 11093 28604 15428 10659 1965 15171 15125 23026 30386 28246 1224 18224 19601 29826 22254 12092 23866 28009 20046 22818 23893 30881 17044 29106 29506 7184 564 25328 22221 12079 7550 13275 19801 868 11235 10982 21303 18958 14785 15419 29690 11424 29077 8830 27224 24351 15269 30326 30654 29798 26159 31901 223 10498 23244 18997 23942 8759 10813 8750 2737 21709 7007 29570 13629 16713 17983 11655 7129 11862 18759 14570 20024 5750 880 15171 10238 506 20234 11396 22465 26039 16180 4099 17208 6618 11447 6051 26036 5330 17225 10927 18986 4713 14173 13930 26506 15140 2334 8762 20150 16520 27014 2154 29928 3326 15505 7416 27269 27708 4067 11421 27856 25381 30896 15647 15401 17571 5732 1555 29448 18935 21125 28576 5492 5 1364 25773 17829 15559 2494 20397 30884 14664 11505 32336 11279 9054 22879 1455 474 23475 4764 7597 30043 10708 22688 25714 17633 8501 4586 28763 13361 25917 3356 5012 11678 23460 21545 5809 26149 17597 23372 26784 9721 24823 31276 23483 17062 4968 23009 14470 10501 16831 10415 15985 25691 28427 19212 30139 19184 32543 12110 19882 15831 978 13969 29449 3666 17041 6728 12509 22887 20371 4265 21426 18410 3784 26627 21932 24297 18954 2398 2744 12884 10538 6537 22760 18756 28993 17136 32370 6295 30110 13306 12168 3964 9894 25355 11012 6810 32618 7440 10206 30533 2379 26907 13873 10885 25881 32145 21807 12212 9039 29565 19598 1823 15361 19925 15755 27717 25920 670 29167 3786 2831 30461 13279 22492 30000 452 7227 620 19538 15881 4589 4715 32059 16281 6069 16049 9875 16331 18332 30728 31276 16380 16716 13231 18648 11646 660 24223 15869 7870 29099 10236 4297 19334 28040 582 12286 1381 3657 7528 9579 5812 29019 14543 23670 4047 16360 25398 19991 18388 3924 3424 14628 3763 7131 25937 22261 10183 30528 7048 29916 29545 22380 28411 28528 31780 32659 11150 5610 4372 21798 9188 30228 21566 21113 27643 28507 1435 2805 12361 5330 6141 29866 23572 1911 22768 20224 28290 14548 25893 14065 25375 25760 26272 27575 16210 17465 26838 8695 28575 10925 15611 9979 23905 26627 21780 1198 772 27448 14102 30669 18187 12378 18854 19906 7472 14505 7703 14139 2365 25160 14154 23952 5402 6856 12116 9955 9881 2342 25593 29398 262 23665 6108 
20673 5885 2365 7575 19380 10262 14253 4997 11719 14950 7092 19490 20014 12469 14830 12515 9968 31766 182 25432 23050 6572 31701 7150 15371 16796 23608 7719 2505 14134 4491 20887 3132 15795 22948 18348 28256 19599 3968 30820 7937 19988 32455 8624 29460 24745 1288 13761 7941 17422 19913 20317 15941 18711 26606 26789 22618 6671 14707 7507 18277 18037 3111 20490 23023 2035 27315 7713 25017 22631 23633 22687 25390 29749 3503 27171 28995 16719 8429 13599 3189 6252 30198 24674 26712 28844 12698 2920 168 28056 27041 32288 22644 5659 1539 22986 3796 7409 2336 15125 3274 15418 4830 22950 19204 27783 8319 13792 8321 32086 16648 18339 23446 10798 29069 2263 5587 32695 15942 17311 1918 22580 10333 899 3593 10582 19770 28718 1278 30940 707 29531 14847 23543 23187 19763 17055 18035 28705 21296 13343 8496 24897 21695 20676 12810 30129 14672 14942 7033 6187 9634 24305 13866 30602 12874 9119 24980 18144 16750 2825 13187 17137 8593 1797 22282 26455 7822 19311 29828 16908 17195 19064 23516 609 14483 24847 24818 19995 7310 29097 23667 1004 32663 10185 28829 19960 12988 23437 13415 11728 17309 1554 3255 10960 19562 19285 5416 12191 25633 27403 26954 15182 7052 10919 12058 26767 2619 26420 31023 23752 10707 6002 4024 20163 26776 11886 6039 6005 21366 979 14865 25878 2801 31166 15562 32532 3732 29986 8469 1147 27867 21904 11801 18554 19287 25747 17999 12266 5575 18483 13882 1252 8015 1855 18393 2791 21382 2951 30899 17594 26604 10207 13513 2076 8641 32334 14802 4622 3524 18271 16803 28832 4602 29137 6393 25199 3945 31813 7907 11905 7131 6001 24744 512 32120 24576 21933 1565 3154 24212 583 21984 23481 7197 3950 25221 12807 8007 16770 20167 8700 1828 14419 14177 30499 19656 15497 18040 25032 25316 31015 17035 8861 9196 9809 32758 26783 23212 31232 32421 28942 29886 32344 25598 24259 12358 18203 1210 19904 29720 1225 14498 9169 19066 6339 27678 26265 2125 19667 4294 19195 17332 23576 30702 24006 23603 32299 5158 18039 3735 15978 9352 23390 13943 27308 2921 5120 305 30989 30224 22440 5564 27839 5387 23015 11852 6589 11283 30381 14302 23605 29837 7202 13672 24454 20284 20298 30110 8102 20714 25572 24035 17048 471 12998 13801 11062 29206 28939 24894 14308 24791 13159 3819 2225 30682 6744 5341 28428 10217 7418 26619 16317 17946 27351 7460 5571 28627 27193 
4273 11843 31228 2606 8264 21336 24596 17256 15663 30293 29655 30225 20108 11031 30650 31032 29575 15945 20109 5451 7849 2149 31194 850 17385 25171 10624 22458 9276 17573 20429 10237 16169 8978 20502 22569 18413 21581 4053 1740 5042 29850 9761 672 7044 3613 4730 14029 28033 18127 12523 11217 23270 5793 32037 3842 20149 15034 21644 26406 8801 5104 28648 18177 13922 10361 27612 17410 26353 20054 17818 1009 13409 4200 30204 11034 32036 14145 26822 7811 21410 12957 31123 11789 20301 5338 32051 31822 22514 22390 28835 29540 12056 15245 19102 23070 27315 14603 22931 29514 5414 20832 23440 20010 6720 5796 4272 7089 18410 32206 9724 23970 5452 13369 17807 29810 22887 20649 31018 20487 14657 27405 32043 25173 18137 22990 28268 15158 30809 29519 18944 12493 31860 28870 29898 30734 18428 20348 16299 11590 19309 26249 5274 6945 9896 1091 28542 28529 30075 15138 13805 17078 10260 6308 5336 18683 19101 24073 1256 3251 32222 7163 14367 32723 24812 27362 9727 5512 14527 21076 3965 7442 30438 12869 4238 5411 27299 1390 8608 28591 13950 6725 23405 489 31572 4066 1715 17220 22183 7561 24041 28942 23347 12517 27606 24859 2511 13833 5889 24710 29213 14895 23458 31456 10621 22381 23753 921 29735 19163 28859 4819 27739 24894 5338 28583 16997 24210 25956 30038 15363 1838 26015 27011 12815 16449 32684 24673 22841 1683 17767 24214 6079 26641 27646 17679 19991 368 11490 2232 26814 20666 25479 32646 9804 8152 32590 26780 7394 22418 10568 24933 25755 7346 19735 15432 15722 24011 28347 32046 2019 13868 13854 2781 18330 2055 30896 13686 27566 24057 17724 15091 11327 1356 8940 29272 20975 9602 23770 6300 14885 18646 4421 28471 21956 12811 24398 23087 32741 16699 2174 11242 10490 7060 8246 5032 12286 10293 18894 15715 13912 17 11469 6440 30824 31577 11084 29316 30690 31050 29777 12218 14764 5445 1723 29405 4924 9756 20388 1735 14176 13729 1196 25130 6834 21511 20882 28206 9217 26949 21667 26338 4616 12583 30768 28191 14435 26649 17589 1950 25305 29121 25612 30051 5191 21519 4065 6027 8577 19996 4951 30662 3796 10179 28674 12172 1842 8318 27676 16160 10716 32250 29557 28834 7515 30076 3620 1669 20310 1548 20241 25826 21700 18721 30158 303 25278 26672 23933 25188 18595 16289 22083 10463 23844 24439 29766 20544 775 4700 18448 2781 2056 9548 19339 10176 28024 28573 10312 30753 
3543 27077 12116 15674 7436 29086 32764 3359 23522 27946 10690 17110 9961 19246 6491 1337 9586 30572 27987 8045 10960 19512 11529 27583 26479 21400 8945 24221 1519 23398 32251 24706 7956 31124 4543 6297 4349 19597 615 944 32473 29173 32137 18446 18016 32375 8685 25562 17382 32716 22133 10046 13717 23470 5761 18935 29225 13113 6738 3730 7098 2553 26455 18924 31128 10234 32101 26266 15846 14395 12442 19026 16428 31675 6900 6146 708 1035 22583 13601 23834 5194 5568 3168 9627 13872 15393 9065 24570 29439 9917 29298 10641 6746 19323 11394 16017 19121 18068 11421 5089 9436 30555 18734 21054 18849 27075 23181 27389 27567 4956 28169 9661 2986 15254 1812 7542 9785 29019 31502 9838 4743 9989 13924 21506 26501 3357 28598 12684 25593 28283 15864 20107 21920 179 31530 8885 13173 5773 21466 20795 29982 2184 28135 2958 4573 30893 25373 21193 32469 15782 13406 10065 6513 22618 25236 10646 1659 6294 14882 5420 30330 30775 19105 19356 11769 20216 25742 528 24356 31005 9038 6008 28987 32208 31327 31892 28015 6565 20755 16843 9522 8822 23785 5184 13449 11263 18296 24452 32014 2353 10167 21855 31333 24625 17372 7141 15574 26686 26362 20949 5351 17021 8446 28287 27288 9015 12091 11613 1774 24051 1054 15165 7733 26628 11710 19108 9490 26972 5167 2902 5407 19340 10589 21614 6190 20122 24574 4115 15700 19023 22445 9572 31583 6926 15136 9213 25010 12558 26353 8514 19533 16554 11639 30630 2863 11095 10378 30118 8230 21490 18528 13157 6413 27320 23254 15896 27360 10945 28214 21100 9362 17770 31306 24518 12754 21540 11346 22245 933 951 15324 16908 19937 709 11751 13773 4299 16272 14696 3644 24478 6976 21537 18679 26974 393 12757 16813 25737 23484 6297 16157 25620 4007 2286 13481 23019 29233 32161 17629 6262 16028 18490 30315 11620 13321 8550 9644 17559 20649 7199 27926 18119 10431 23991 18525 22279 17819 19607 30818 21666 18470 10166 17045 4419 21290 29989 1409 18675 20713 19243 29626 10181 29696 30661 28669 3655 16685 5643 16254 3570 11891 23783 29172 3044 20096 16114 20431 32559 8781 19799 21348 5894 9407 9382 2904 30931 11557 18249 31729 2782 23223 26936 9192 25997 1272 5193 17227 29170 18531 30852 16191 24309 18854 17999 17534 25343 11151 20711 27405 11177 17640 12689 18963 25000 21097 13081 3246 32386 19945 2209 2523 5819 21965 20225 14090 28274 5653 15393 
9917 85 2876 21751 12075 17009 13808 21683 8588 20015 12888 16631 31479 22979 2814 18305 29565 3120 17334 20485 15664 12525 14532 23959 15155 13723 28361 17063 3892 24143 18558 10766 20147 13385 23521 30919 27062 9540 19849 12889 17318 13903 15931 5579 9825 6230 31461 30438 13128 22953 7877 5453 8707 9937 27502 6133 19567 8813 8482 15098 31324 23208 23212 24569 15132 27678 12862 157 21533 20437 17635 21870 21121 31415 7458 28483 28860 31864 12024 10315 7177 9098 16584 8805 15266 24390 8592 11216 14454 29548 19793 7462 18182 24245 13652 27574 2443 29620 23095 394 17210 2749 7767 20859 28810 23092 25525 11625 17764 23294 30523 26854 19962 11501 32512 13585 21056 24748 24000 20102 28253 11158 2271 24435 15737 7151 29417 24504 3622 1664 4934 17672 8715 25236 4996 2271 23580 818 8991 16808 2515 32092 29052 21489 13875 15980 15418 4622 28529 17905 21745 22531 21806 26540 20036 31736 4326 1662 24280 9445 2248 26103 5154 10844 9224 6218 1130 14412 32531 2554 22810 14611 4383 17323 4584 26156 5796 15837 21134 27417 28946 27690 28115 28870 11037 30299 16356 10452 4105 18603 21281 11118 4653 6192 26244 24208 10839 24328 20850 7046 15901 28513 20250 17544 12863 2495 4131 26636 30403 3557 24494 15814 25805 32761 3486 16722 22181 9115 20777 421 7879 14943 3734 27472 20891 32618 23113 22236 29137 2148 13921 4870 28631 17450 1638 30018 20738 17030 7392 20084 3505 15928 20661 28655 8957 13728 6507 14290 30395 8615 26504 22459 16634 14443 18584 15848 29475 89 11962 28580 13671 25362 30909 28493 4317 22170 17359 5254 26852 2195 15073 8014 12688 19420 25909 29658 6137 18937 13332 23639 8874 31521 3955 25450 32086 30476 7166 16774 2100 1163 7077 17801 17213 16330 15823 18578 27865 17325 27864 5295 16230 8041 17550 21861 7317 24543 7737 15922 34 14227 22576 27432 27447 8412 80 23790 222 27615 22939 5250 7108 4214 31292 1993 8634 15392 18074 1015 18297 3692 19302 22359 16383 27878 21270 31447 509 4691 6160 8215 29167 27363 17384 1736 16111 11063 10894 7116 15736 24752 23414 24222 5780 2476 23308 5125 5530 4464 4486 30772 23346 11651 17791 8541 27592 7853 14026 8441 545 3780 10485 28666 17286 1663 6280 30918 22224 24654 25222 12795 26441 7761 29406 31056 10359 18290 5320 4710 21502 128 2747 30499 10840 31562 14282 20944 22770 15168 25418 2828 
11 24510 526 4527 30080 8074 28207 21923 21315 30928 29167 7001 10061 22033 13858 4669 22391 9075 15047 23760 118 16828 24624 19749 16117 20170 19054 14055 27973 24815 9239 19208 3384 19282 9138 19884 4609 12191 10023 2269 19892 13734 19988 12885 30598 8351 5348 3198 10958 12820 12951 21919 17786 4512 16111 10179 29919 4879 7863 12234 31997 27532 18605 31994 17370 9727 14189 17359 9393 21247 3887 14064 8461 26918 11620 29287 27034 30799 24683 771 18924 16555 14342 32731 11605 25117 6626 32405 32444 19424 4738 5720 3073 32320 15674 29447 12026 8821 13043 9528 12793 30230 30784 21334 27999 1253 19978 29993 8189 6904 29098 9857 15946 11602 16925 19820 4804 5992 24654 4535 3992 21402 14806 21656 28995 13536 32055 18643 10879 15608 24591 6257 7055 4483 2751 26806 25683 29662 31148 15822 32063 2870 23971 29708 6954 3951 24484 9720 16414 17129 9769 2128 2378 27651 29180 12549 11032 14756 5867 25242 28813 15211 19004 31709 24814 31023 30081 26050 10030 15034 20321 30606 30747 27179 22060 30932 11924 12084 21483 24260 25264 19937 10523 23442 32759 28887 11226 20522 17523 12131 4013 31716 14822 4835 16785 26196 540 27815 30368 15474 4179 16729 7366 8441 5149 22358 7549 18568 28755 29142 14181 5653 30920 31679 917 27921 23502 31283 2862 16826 32410 12876 22821 511 9435 30656 24190 5588 15013 23943 22928 20609 700 16320 10682 17435 19731 7505 16437 17324 14373 31756 9541 17366 5101 5404 22660 32020 23162 8807 29430 23324 29556 19481 15453 13157 26671 8391 20283 14601 7513 13979 10742 637 276 25432 23825 19683 16245 28922 22887 8724 19322 22166 4366 14409 30809 66 29724 17439 13541 27962 17639 32077 28106 6244 25625 31136 19836 31636 23487 8690 6500 5541 30826 23295 1324 24401 13903 26249 27475 26908 28715 5716 31530 7488 22851 16890 15598 5092 9555 23535 1225 24156 25656 13565 15441 31140 1078 27482 27724 15252 13250 29929 7334 7841 2121 29835 8799 15205 26802 30566 10072 21771 10872 1914 12857 23790 23906 8677 5560 22242 6807 352 4423 32500 249 7349 23858 1050 29700 11401 4641 611 10317 31909 20344 14911 62 16599 24617 4144 14994 20766 21877 26025 19499 6356 17632 17102 25339 14686 30655 20004 8772 30611 12315 23339 30976 12685 22990 13897 7764 4860 14294 2574 32256 3817 6503 10858 322 12712 26579 25958 286 27365 1473 14857 1078 30694 
19401 5621 28023 26349 17906 8191 17357 15332 30335 27777 25643 27819 31830 13274 16742 19500 5501 22377 2858 20949 19364 16366 30902 11832 20438 29771 212 6028 30071 3817 11549 1129 8326 21561 25808 25149 29349 5249 4024 28590 2805 315 31695 10726 459 23121 24136 31791 22589 23992 23332 8324 9049 24622 8431 10727 14192 22505 25220 30563 27837 25314 28060 7682 27276 27217 15338 11897 19713 11052 12827 12581 3311 26105 26518 27807 30365 3963 27255 13111 16790 25774 24255 14390 19585 16349 8245 11455 20954 22495 25818 5108 10110 13525 14821 8349 8133 8416 32663 23341 23929 25914 31161 5565 3222 4373 14125 10658 26476 11501 23654 1640 14493 26182 4872 18220 17789 20092 17035 16166 10497 24488 32350 23068 21052 12150 20281 24875 27334 6940 30019 19521 2155 28313 14923 14711 11544 29127 7498 25614 8324 18915 20375 20438 7148 17372 8079 2602 5652 13997 8679 9043 9156 24313 1562 1706 19521 65 10880 16033 28476 4012 12119 29371 27733 17362 560 3789 20442 876 10345 7563 14003 26335 22490 5248 26020 23924 18406 10453 5506 2965 30759 21272 16901 17286 10463 30810 32179 8239 8882 31011 9533 22407 7453 3011 18743 27599 18142 7411 20760 14897 7378 10856 14292 23896 8504 14951 32589 1371 22245 27556 10356 27595 8305 11891 4746 2144 2164 6842 19845 15379 26764 17977 32277 8482 6507 23584 8231 553 20166 6437 21797 5962 10696 32310 26013 8985 15134 13745 17225 23076 25608 12348 2468 8235 31419 1403 13044 11045 30019 15991 28221 9359 28321 6845 2667 19597 29534 27407 18686 28340 22367 6634 32270 16593 17068 28450 21668 6718 15792 32268 18232 17127 30757 28748 28187 29418 28708 841 25629 16378 1026 7280 4155 22063 22277 32392 7880 11894 28877 25341 8786 12730 12513 7736 11926 29433 27971 15206 9502 2894 7661 11420 14801 7191 19938 28943 26441 514 28719 29169 29715 13581 7936 18660 7735 20505 1537 25112 6223 30678 31722 4379 6522 27644 1360 27980 30520 345 20584 3007 21341 18119 16863 17880 20342 12743 956 1683 14595 10197 32723 25766 12557 24705 4959 12001 7453 28037 27972 4627 1924 17809 16514 31304 25621 3670 227 18311 31682 6602 27808 13729 2576 24574 24779 811 14425 16728 17183 17179 16003 5444 12492 21571 24518 30963 15729 26852 21279 25736 6705 8583 28092 19652 31195 18601 20994 2948 16370 31986 24938 11910 19918 585 31409 31356 24162 7562 
17324 563 19778 27101 2905 13464 20943 24572 5308 25740 31658 22646 11876 13081 4733 23179 1993 7631 17763 7921 23417 13176 7726 24531 6957 21355 18045 20823 3782 13531 11293 7432 889 26419 24521 2180 32528 4010 653 7435 19618 29810 14191 13595 4232 4331 17233 13865 18058 27651 9841 6141 20881 16005 26077 28113 5030 276 19778 15670 8726 27520 2196 13830 20095 14630 7307 13774 24297 25002 9513 8922 31056 14213 18715 27371 16784 5773 20511 13930 15861 7984 22850 6341 135 3429 12083 8929 19969 30489 25647 20257 29382 14006 10727 2285 17609 25128 9880 25649 1138 17266 19402 5415 26888 22731 3303 30629 14984 3372 11042 21982 10815 2078 12470 11201 8233 18382 28091 16745 24452 3685 19193 2278 14013 23412 11934 23035 4142 5324 11108 23568 15558 4533 18813 21888 5420 15100 19436 20555 22623 18400 19756 3480 4028 14295 27785 1251 18114 24751 11177 10739 16352 13674 18537 12367 32167 5418 14217 10714 19076 16417 1776 23124 2767 18141 23365 7464 4829 31778 29394 28634 3880 18097 6164 12279 27003 31884 12179 21409 7595 9615 19850 1872 7166 10466 1290 5481 18016 5945 26935 15365 9710 23368 15398 14388 22214 6145 15283 2136 15937 11573 4010 31445 1886 11098 28334 13773 1818 10158 17610 7873 30535 25221 29641 11527 11732 27981 23357 20091 7629 9589 11493 18453 29610 18532 24440 3105 4580 30553 233 24640 23492 7204 32664 31855 31985 24342 9114 28433 15234 17039 29838 13281 31896 21148 6339 6142 23853 2650 3055 29565 23535 15552 27816 11607 17888 11032 32498 13912 3201 30488 26326 22226 22968 25339 10353 28229 13564 24607 10485 1087 28850 18569 15463 5200 5754 4433 2052 28294 15507 6456 13861 31054 6634 18915 23889 7698 22225 12704 10161 24657 23546 32743 11365 20964 17538 31123 30846 7797 29966 9922 4535 20559 16 29504 3011 25489 21941 27488 19144 18309 1623 11559 21000 641 27498 1768 12586 10584 15089 14598 24196 1105 29212 20420 9034 31835 32225 16652 21921 1576 30488 30173 20004 8232 20056 954 17111 2988 19805 28866 3731 11171 19814 29881 29098 18913 23584 15366 21053 4293 4275 21173 13635 26088 28173 24295 31434 18561 10265 3825 2807 16770 16208 9312 31899 18454 27028 12740 25629 6389 11201 31593 19721 29882 7353 5969 21431 10545 19909 22403 4499 12206 24217 1182 9895 32037 29919 1204 4316 16201 19757 27486 22088 8194 2944 5895 18886 5089 
96 10147 24458 12874 666 11689 18061 14093 24161 17086 21250 20431 419 1761 10129 18587 14045 14790 21351 373 19708 6313 32181 25273 13208 18813 7582 12037 24480 19356 14709 3910 25029 1590 26790 5525 12750 17591 1544 22791 20941 32130 19364 17507 13986 3120 27547 7366 3278 6732 4319 24219 13046 16111 32591 22259 24999 9562 17675 13293 28400 28966 31489 32585 7605 11537 17729 7650 2913 922 5029 4681 5417 29865 31655 6733 29233 2949 12415 16950 3931 15776 12678 12015 31033 22360 19573 23 29262 4294 31773 5143 2035 27851 10110 20144 22660 27166 29205 2029 25548 32442 1295 4104 32408 30771 14636 30730 22817 9298 4480 10435 21238 23137 32357 9814 1660 20172 31374 1596 29715 6628 18878 27815 21686 1835 26201 19358 12351 5720 3950 8760 5173 21332 9380 31956 28024 24939 21454 14769 27733 26593 17216 29384 27995 3759 15851 23189 1040 2573 890 29139 4043 19215 12135 29307 15060 18382 20113 24149 20989 4341 24626 6559 2622 22317 2629 29650 23526 31029 2398 14374 2101 24635 24649 25001 15627 6910 9618 1848 28098 6860 1774 9004 1770 14008 23268 25217 7741 10588 4283 26645 16860 13186 22594 11826 30044 22700 13640 28395 17943 23983 14598 3609 26982 1119 16709 25928 1068 3593 7515 16609 19019 6570 6405 920 16915 23379 12788 7381 15715 13957 31320 11791 25650 337 32613 30253 29723 6046 27663 22059 19240 14624 2794 26424 32476 13259 3043 16460 21702 25885 15418 13360 20076 15076 5021 26897 19586 7484 24662 23019 8402 160 2349 29214 16542 17331 18823 30653 19945 6786 5644 29028 18308 2049 13218 13405 20899 6723 5499 30740 20254 31626 31415 8779 24064 9219 30616 16959 4629 29166 15911 5009 24926 10806 15087 13671 2464 25486 15760 21587 18758 1057 26544 2394 9480 21104 2015 27169 5956 3611 7063 26179 22205 29265 2923 23852 17076 16634 15562 23840 21649 1718 20255 18699 12100 24571 21777 31476 22122 17062 21219 10714 8916 2075 24149 14439 32379 5363 660 19334 5776 17425 4010 1515 12244 5205 20716 14413 9022 27645 23151 13031 722 12043 26221 92 28461 26247 14702 26121 14118 9427 26714 28880 2170 18815 18461 15067 28229 27860 13166 10718 11375 20697 722 17607 2306 23937 18797 21327 31668 28534 19510 31404 10548 28856 26675 16706 22924 16503 14192 8239 26683 19594 13977 15527 5795 31428 2779 25156 28143 21298 2547 25392 9804 24178 14933 5401 
26020 8474 19378 31631 6612 13174 20038 22358 27232 30387 15172 15780 7477 19897 31104 11003 18156 26768 18309 17706 25941 22941 20104 23663 6607 2455 13885 13978 7031 20489 12980 9089 24663 7694 9753 16578 3921 3474 7227 7929 16374 7884 30729 23515 30215 1119 18341 21962 5827 32429 24514 13583 17667 23498 13023 1817 22487 12608 16316 5029 31795 5849 27233 17384 21909 6353 21718 5975 12671 32355 27890 5590 14505 13501 24286 27543 25461 650 20282 12178 27790 23250 15859 31759 12327 29641 25599 187 30580 11560 21324 17774 5521 15972 24614 20740 29575 11861 5167 22940 27356 12024 25919 18205 31823 18429 20613 22680 21043 11850 16981 28464 17460 32646 875 6914 986 631 4139 7845 30080 29725 846 19510 24803 3829 21252 476 6703 27543 26959 7762 13795 23392 22890 779 13458 24305 4360 14194 19161 2654 179 9908 12005 3748 12781 21000 21803 24332 29796 9021 2475 31820 5755 12913 18555 1606 5645 15996 21162 19127 28770 21825 20192 30694 7313 24252 14679 10989 927 21712 21172 2625 24157 27986 31406 30935 5624 7917 17515 30330 19496 9342 4210 10001 2826 17032 6618 6288 31849 8453 25845 17617 6088 29681 28781 655 19721 7610 18591 18107 31938 5845 21706 11834 10804 2076 19328 26063 27579 31583 8722 32291 13258 4582 5320 12610 10602 24915 12601 9240 28793 24942 4098 14144 9002 8600 5134 26020 3948 13917 20007 6879 202 21651 23151 15073 27707 32010 2653 27449 14671 1899 17900 32 29975 10966 30438 12699 17456 437 13821 11872 19584 25415 12463 357 16431 5592 7065 12502 27597 11024 15752 11675 32480 20744 29940 19893 28286 1637 18595 20115 6108 15604 24878 15077 11278 32368 31400 13794 25929 30015 11198 28798 5078 29790 15192 9528 18694 28140 24983 900 14699 6092 15039 23767 12267 25842 3195 3225 24502 15488 20258 9890 25438 1236 18569 16792 10320 32261 25646 27083 32674 32298 4052 26162 20709 6566 10249 29694 2937 27591 8752 3763 22682 20377 4687 30636 21414 21391 21069 21864 6626 22581 20448 9282 21643 5284 6654 12545 5104 8153 23674 7989 246 6187 22039 30312 2140 11392 18342 660 21220 22038 29953 1911 31412 5262 18298 23708 15613 5809 31594 17142 17749 21973 27909 9221 2435 7801 4582 22591 4578 9857 10111 5098 20024 25073 14467 2535 16125 1829 7595 6331 32139 11999 3073 24637 17532 21580 3658 31791 17552 178 6624 30888 7565 20682 
26476 8305 25440 16445 16768 28444 25390 15543 20764 5381 11944 19723 244 30859 12680 31281 27336 8029 552 21130 14353 30806 11524 25112 28086 2744 4010 7891 28177 10835 4156 3019 31571 77 11752 29454 3743 26853 4989 6206 988 9038 9071 17873 7500 5570 21335 28888 21669 21344 13568 15913 24275 7479 13910 25134 31266 27711 17098 26411 9960 4878 11441 407 2594 2381 26262 215 29582 21497 32312 15364 20989 15586 14747 10486 32327 20558 20250 8365 28862 23017 23916 27176 10348 5508 9540 6707 22323 10678 19961 15070 19052 22434 3973 1259 25013 17871 15759 33 13182 1176 16542 7449 23715 5115 12896 4178 28572 19275 25003 14936 6249 14877 8310 8197 20027 24370 22127 28776 15532 30412 27930 18413 625 480 8545 19488 28819 1267 22018 21788 24048 28805 19181 32621 5277 25697 13778 19362 27474 23529 22825 24404 11013 27610 14006 27747 29870 279 121 11005 1831 4032 19643 1552 519 4194 3938 11925 29635 16572 9966 5676 30451 24526 1008 13862 1409 10636 22 20357 30327 6271 7264 10107 3713 22397 3279 27776 7819 31177 24870 18474 32446 3246 10845 24122 7541 12220 22510 5773 8940 398 3262 21849 16299 24587 24967 24692 30014 16263 9757 10828 28852 24393 8451 18749 25088 32647 3079 29413 1946 3085 14514 27844 7529 11170 20729 25845 17911 10659 31103 2608 32638 10568 9352 27726 4687 7556 28914 8119 24334 5632 14110 25080 19998 8445 15149 30410 7889 9966 30598 9761 1887 11110 523 16168 16466 6988 14267 15885 31887 17040 31070 4030 26930 5776 17643 19674 7521 30981 5939 29456 27058 5145 14846 26646 13884 26103 16029 5409 31906 3062 1154 21393 5393 7729 14239 25400 27167 8680 22009 26035 32627 28113 15281 10919 31851 13902 21875 29495 20024 11871 26341 14044 6465 31591 10212 22699 10363 18960 20411 8814 21690 6296 32637 20741 19253 19837 23004 9763 25893 17066 30256 10281 7276 23027 13970 485 6272 9804 9947 21885 10704 15100 30636 12214 32338 27934 32645 18872 16326 20631 28326 30597 9795 9086 25684 26100 7135 20272 17126 16997 32446 9541 7578 30757 22209 30519 16266 14196 8529 31952 11449 6226 17852 4759 9089 31571 15455 9510 23283 12498 13310 14005 25671 18638 25139 636 31507 1825 31961 23833 15843 28506 9932 10075 30879 21815 23534 24964 6876 12561 17917 3305 29766 10107 31485 1957 10442 10607 21654 22006 11525 28316 19043 6113 20637 4825 
12926 25436 12688 22267 27750 24069 18932 23175 11764 1292 5376 2417 30882 15783 1901 30709 17159 12643 13106 4143 22789 31491 11032 29279 28111 15960 9725 10736 13747 26577 28859 17397 25170 5841 31246 1284 19287 5949 4506 17233 10482 30435 25796 26258 24622 28251 22911 2183 5052 16687 17322 9766 15644 358 9862 16923 5904 16083 9827 23750 3695 10014 7832 16750 8350 11995 17763 4996 26566 26629 24475 146 25433 29898 19014 32104 18625 19692 24679 1449 27108 18546 27695 25837 8061 15397 6014 1256 18656 24397 18886 31769 10599 21759 15521 22341 20355 3357 7706 31835 9211 17392 3730 31234 12334 5084 31199 6995 28901 16820 21059 10879 29446 6049 12562 11555 12502 4546 14909 30658 29586 28351 24446 30710 19756 24459 27175 14614 31831 16689 26352 15979 29446 22859 183 12658 21413 2455 20558 1510 21808 20444 12332 10957 14812 14638 26809 3776 19539 7472 29859 25669 22926 21266 17761 304 16127 2547 26669 30683 8707 3313 14082 9581 29820 15025 21626 17797 17336 7060 23858 21185 13754 24465 19986 32225 17155 7075 24757 6495 26113 2974 25765 23418 19860 4215 29749 7590 8767 4972 20898 17216 4993 840 32300 9615 8947 28770 20116 28939 3431 23677 15503 12524 18470 8616 19089 26310 26187 16134 14721 11153 6414 18072 1825 15964 9089 20875 2711 32520 11892 23500 13416 10754 2330 29700 21214 14964 21293 5267 11664 5273 18953 7303 19102 19117 5134 11421 24692 18284 26574 2061 16282 28162 16432 25498 488 25895 23889 12507 13426 19634 4395 28547 25183 19782 25542 16363 11459 26539 11591 3629 13518 30656 5362 9944 15646 18692 26055 1736 8308 23019 10418 25801 26983 30413 8202 2873 24419 679 20100 22326 22151 24930 28171 10172 15488 10972 15446 13951 32213 22298 4316 27676 16409 6548 32530 31454 9745 4258 25499 10474 14652 10846 25536 911 4954 23313 15496 24633 21339 10920 2615 18341 3357 5529 13106 5154 15944 17623 15779 15515 136 1204 31156 22269 2726 15751 2588 12590 4707 4197 26565 31320 19953 3891 17190 15021 25787 22470 22147 23236 30329 20931 1431 14724 12956 26372 9391 781 6510 4604 27914 1978 17844 26151 12913 11811 30994 26096 32753 32399 3081 787 6 31760 32267 31237 10768 31920 3260 10059 2645 29719 24424 6512 16907 30173 1998 27594 16023 32421 5961 2587 27209 25149 30182 14817 31351 25736 20427 32591 16041 2848 26313 11823 19666 30763 24292 4224 
28398 13727 22201 7712 19144 728 8770 17593 10699 19906 15086 12886 16560 18184 11852 10728 21118 13526 32519 22289 27472 27371 12576 17847 10845 9716 5785 3011 31669 97 29751 17240 24449 14556 30326 15266 14892 22849 2949 7798 16844 15508 4485 26103 8833 10080 23537 29039 27051 24784 22204 27509 24963 14172 22463 1917 23376 7525 6136 7557 25120 30989 6557 6211 16728 12702 27334 2354 10190 1610 27934 24037 27394 29151 15887 10027 6200 5288 23003 29668 29247 24415 20691 17700 5242 13049 16600 1076 27464 10800 30382 16763 18743 25096 10558 24807 13565 25707 2346 22541 26783 20324 30392 8681 6600 16029 19523 552 24453 11276 12509 897 7412 32246 7935 22566 3589 18552 14363 25543 28873 10597 6765 3387 27308 5537 25074 26314 19077 21348 7340 5865 31754 20962 2945 14174 14450 17479 9771 8918 27288 8854 5681 30489 28271 3464 18390 12245 3163 5584 6472 8719 12029 15742 31923 3370 728 32121 13444 20949 22813 19097 24600 27083 12699 28370 2250 15377 26466 26245 9991 16309 2187 5141 2894 22059 23601 9990 7522 32331 23278 14868 18295 25416 14980 11796 15361 11574 26421 20249 11863 16173 7112 25931 21390 856 17588 32265 26848 11753 8640 24053 3266 21177 18948 9549 29929 23097 27792 15939 2710 4952 1317 19027 20912 26038 28912 505 2781 609 21709 30533 24272 13741 11381 19163 408 31357 1270 31602 10811 32242 13113 3617 11934 22123 1900 28688 14569 10457 26154 12099 12473 8239 27122 7691 7841 11550 15240 4950 25391 7835 27991 3281 31497 21560 15621 16323 24574 14342 19635 11936 10166 26376 793 597 17639 26867 11755 19672 19815 20271 8189 15148 8463 24531 18849 1988 19077 10959 10586 31878 5556 9095 20022 29553 3697 5680 6421 28255 29576 8682 1322 15794 19260 3274 8860 4287 18756 29807 1010 12993 12345 26259 5516 20795 30105 779 14334 28816 31681 8139 31681 16317 32159 2523 651 4717 11294 21109 5239 2659 6588 9113 18523 15225 1382 596 11513 10824 2350 14863 26404 28613 9040 29474 6622 32384 8800 25668 29805 15601 10758 31716 7309 11196 16811 14158 430 20835 27863 16163 2397 18632 28751 25204 15287 17099 15445 32630 14029 20867 3888 30580 12213 12232 1858 18218 8348 28645 30384 27209 28255 32303 21119 25424 19954 21564 4606 12332 16336 7419 1716 30220 14042 23619 22356 4359 25739 4963 12469 2842 11261 14734 11694 798 23184 31485 8527 7261 
28337 25811 15637 21448 3583 28561 11230 13515 14671 18913 13103 28686 25253 24866 17219 26383 6948 15948 16089 14697 27516 16340 5174 26393 11645 376 18045 18498 2626 15744 11786 9615 9817 18869 13746 6456 22955 1755 16853 23407 19274 22924 28375 27201 27441 29038 31146 30211 13460 4982 26156 7704 15025 23946 30588 17459 32722 25928 16227 1623 16742 28504 32167 2947 6645 20247 26051 7820 14530 26300 32292 15371 20243 24712 18947 3366 25841 28161 26096 14826 4129 13176 20837 6932 27725 22891 30534 661 27918 15212 24011 17528 31238 29306 20986 12470 25139 26329 17928 24904 29589 15721 20872 1595 28485 10468 6057 22286 27280 22094 23345 13070 21978 15166 18609 4855 17155 31813 12995 20611 1706 16836 29058 28709 8970 7281 23385 23344 25560 2912 21973 5951 31415 1076 2156 16687 16044 19115 407 14374 22322 15620 16574 17660 24996 31383 13282 19574 26345 18813 27082 17715 25429 100 17476 9250 14862 31859 29777 874 23427 32218 9317 309 14889 8838 13202 6148 6518 6343 30138 17226 4521 5755 17071 15568 25943 11873 18615 20520 23254 6843 30649 24298 24583 8246 5977 2802 669 22432 23474 11867 23405 15105 26895 20441 29766 32730 23091 28079 23721 18013 11072 31112 27325 2344 32308 30939 9469 17772 16976 3851 7833 9227 2661 2773 11145 11883 9779 22798 18921 26656 16949 28027 13252 22112 5255 16374 21625 15048 5445 32513 2439 8038 28618 7495 9205 10681 3080 14639 29849 6752 16191 17257 24650 16038 22927 27481 23573 31999 16834 31780 26636 10088 27082 1444 20180 26479 14963 27276 20114 23301 2688 27779 20961 6989 21516 14289 14995 18986 23810 31920 30863 11347 12131 2703 31006 18071 28528 13997 28153 12414 11490 23605 7795 24416 25604 17805 1008 24042 28006 16957 16846 7238 25427 25049 3612 27909 5919 32225 651 26844 24013 6201 13236 21513 25315 26043 18839 28189 21836 29034 20792 21663 13910 16733 19651 20763 22875 30065 32332 12207 26727 26709 14409 11800 20404 29520 24850 873 17435 15309 4320 10648 2549 10706 5366 12802 30405 19885 4847 15426 9678 18278 26454 20598 9688 4490 6949 23465 7685 14064 2535 24195 27162 27388 26882 18300 30718 21376 8782 24701 6038 11844 9057 10793 19744 13776 28463 7617 8969 32227 9336 30382 15304 22558 25280 25039 11168 29322 13041 23340 21770 11942 1891 14416 12905 14946 31302 23347 2500 24619 21724 21274 19967 30874 21421 16519 14194 28903 
7290 8634 1996 17773 28087 8038 12795 24042 15453 24031 28956 29017 29949 1736 4263 26055 31926 27756 28813 18161 30576 20379 2341 19160 3371 26038 3951 8641 16645 30777 22578 10387 29098 15568 17591 3168 23431 713 31094 25835 15093 29720 2456 32236 2953 22908 15803 2129 11616 25586 16279 9836 572 25982 8833 12224 20284 30548 7867 4651 8521 1184 12659 26293 13312 32231 3240 24801 21853 17646 8213 8530 31934 22943 15205 25398 18307 29915 28417 28321 10656 6921 17839 23315 19912 16367 28902 1868 6296 21202 12349 1327 2839 22272 20498 27210 14093 20455 7530 11755 11808 25935 4292 5413 15745 10495 25655 17735 20985 18354 1308 20426 5661 11205 29312 27025 7513 17653 25123 13202 27198 20367 8231 24252 18426 1617 26016 16376 26399 11635 25334 6122 12246 30955 5865 9046 9385 2444 10888 16082 16385 25045 26703 16497 10359 5289 11486 28780 27777 31466 14622 29298 20318 16414 13922 22591 2223 19670 7861 19915 19266 24067 10237 23195 12855 14908 28759 12779 7358 5272 6556 624 26868 12635 30032 29388 17136 3041 25461 27657 31109 8941 29889 5206 8628 22105 28206 28935 11056 29859 2526 7253 11557 23377 32440 24266 4434 21070 16341 30124 8816 3181 19990 7428 1465 1744 31131 23390 27042 17317 10412 19749 1866 17475 15232 23980 18470 9309 11469 3596 24249 21769 9557 12604 21289 31773 31195 12263 31239 4947 3322 21817 2235 30344 26257 23151 17677 4590 5047 28743 24673 18301 7108 20997 16500 5948 18615 28743 17068 17336 25798 15614 31384 6976 3555 31700 8206 31421 4044 17085 8426 341 5308 24053 4669 10023 26369 31907 20883 28367 28758 25245 27070 22712 17647 17337 1336 18017 11302 25071 16003 27195 28566 9223 10339 4097 30660 13920 12478 10041 21832 579 29717 6728 4219 8961 29758 29816 1880 22577 24804 32610 27331 22362 5941 23971 26467 7395 31554 2434 6614 9323 20341 31081 3392 31027 25084 27748 15268 28263 2343 4802 22160 23485 29649 18533 30452 7623 19613 11634 27247 7632 5463 23249 13367 11016 27814 29895 22435 28696 7086 25631 17894 15534 1888 5997 614 15647 6084 1419 1335 16447 9615 17557 12772 19253 1726 19890 17768 8646 17282 1494 22785 29061 10512 28541 23220 6416 27610 16222 28984 31390 3172 26152 9667 8992 14151 29044 29818 21300 14994 20376 8546 11330 9635 3108 20979 28045 6539 28809 16294 16404 14590 14965 25874 506 10304 26686 3060 1329 
23332 15310 25034 21838 11660 29274 4213 29377 2202 31538 1219 10597 1628 17883 837 215 29663 3377 27672 29707 20388 12847 6175 24927 29327 28524 6761 6604 27151 3888 25323 6670 14729 29788 14046 7930 32064 31730 31781 17527 17981 21687 8223 19923 13671 27882 32501 15713 29801 10391 24593 3772 25208 3097 19978 3573 11189 25023 22123 32587 8714 12479 746 27139 18705 5506 10342 4439 27652 29091 4612 11670 27390 12447 15480 23748 5320 16829 19131 13806 25811 14857 14372 21506 16214 19148 14269 30637 10997 3711 31334 364 11450 25437 30694 12603 9203 2787 24449 13814 8189 22951 8985 10566 97 3288 22281 10338 10181 7009 26901 2145 12091 29036 18923 30016 15520 8024 28332 3390 750 22112 15850 24457 7304 8211 15735 12989 14630 9530 24573 12304 29006 31479 137 10272 30970 10320 20618 18699 16244 22356 10371 26592 22610 6241 25282 19540 21404 1216 22714 23193 13754 6260 18718 17992 18533 30257 17099 2309 20210 11969 2172 3900 2474 15029 4254 20830 17663 30137 10904 5001 15936 27264 5997 26003 8938 5064 6118 28874 9743 31723 23837 30483 13144 29818 10481 5876 16702 29511 23974 17079 17327 30004 11750 21526 30918 9688 17114 13530 6837 20696 24001 25296 15550 10160 1067 30799 11318 24254 25723 20746 27730 13198 32113 15303 18591 8715 22050 2778 5055 7424 32174 21198 25498 4189 19771 17172 5572 3738 14094 14913 8053 25302 26235 17244 27009 28655 5606 29370 27069 24148 2182 27062 8770 17245 8765 32037 24267 26045 3004 7212 3044 19659 5701 13794 25691 16112 3406 29778 6553 24719 21694 2719 8279 6105 24700 16259 2629 17173 1667 29503 21238 12676 23533 30792 26981 26162 3053 17904 25149 25039 21513 6847 3112 3090 446 32540 28749 17949 6069 25063 28284 6907 742 19779 9337 25152 16541 67 8774 20514 21753 32753 12164 21076 15528 1572 5126 28474 23706 17261 14912 22430 17203 8167 1422 25939 29151 24668 5110 27487 29683 25199 14649 14840 32015 6858 19440 27256 9111 31414 23498 21624 31512 26822 3240 6281 28515 6234 30510 27587 191 86 23896 22250 9957 21045 13975 6723 20441 7494 5939 26083 7533 14653 22364 32048 16453 10785 18698 9312 31934 31893 28196 12948 12849 22344 27523 28325 21927 2032 32292 30376 32211 17819 17771 8924 30423 23173 16931 269 3661 2338 27731 26273 8470 1452 28064 27859 2105 2747 4503 27292 17890 9641 27757 10171 19236 3087 
4276 17231 23503 2535 12139 18484 29563 8302 32383 32059 2861 6300 8840 2471 6010 2125 26578 22708 15124 22212 2841 7181 2482 20953 16130 24596 5979 15093 32125 25517 11713 1748 23719 25345 19536 31939 5752 25016 30405 19839 2534 26415 29049 30567 15077 4999 31404 6307 7394 5084 11118 3688 729 25955 20994 26094 3117 6379 18869 28864 698 13030 29440 5292 15854 17800 17839 22582 11337 27655 29254 9514 23224 31442 7931 27824 8821 18905 28132 22041 28157 5081 11122 9336 14419 22639 29143 9671 1940 28008 15387 16952 23618 7739 11967 9002 23354 3374 1002 18051 21089 22180 20476 3510 1052 17404 28014 15142 19172 14196 21513 277 13656 25979 21286 4616 10826 1004 25740 29895 19604 13895 14835 1688 5890 24700 22413 31986 31871 12703 9638 13735 3042 22843 5730 16288 14535 17641 32291 19905 32639 8736 23098 25215 13006 4426 16845 2418 24459 23339 11034 1987 266 6999 10580 28311 26218 13083 6720 1855 3061 20357 24041 26860 2984 31439 4510 1170 8528 11240 4688 5692 20506 14409 6328 30960 19943 9270 18690 303 31897 14258 10118 26666 26766 28166 18412 28776 29868 32569 25073 7487 4021 21475 354 29957 9862 1743 20865 10495 11868 13234 16265 24107 18329 4013 10045 25977 29125 4183 26088 2385 29139 20598 22732 7338 7807 10876 6599 13125 2613 3673 24142 10987 20260 10094 537 4222 13209 31141 12884 4402 3368 27635 28171 27326 24 15076 29262 22958 22531 18407 27369 16287 14146 32631 13423 16228 27857 3803 10980 9306 681 10235 17754 2491 9959 15897 16260 7499 21312 9388 18745 27743 28925 21185 10602 27801 19479 18363 15675 21042 2009 3471 22668 15246 2141 21333 7969 6536 4192 31720 21518 31048 11627 30463 28130 29299 21905 16586 664 731 5313 14404 23546 10853 27554 31663 22346 19680 561 11600 20863 3822 1451 31415 17273 29676 22458 15299 521 14951 11361 19283 21143 10924 32657 522 22628 2413 16091 14467 17809 832 1264 18911 7186 2931 32757 22155 13843 28685 541 25220 19316 14214 18232 7111 13994 28331 17547 22276 1866 25463 21985 14937 24722 7937 16220 1215 20415 9253 5145 6888 25734 7307 14367 26952 6227 13265 26532 18381 12167 3746 16752 32412 24937 26620 755 12376 23369 24124 12612 6971 25823 16777 25554 15187 4103 12883 19037 8313 9106 31387 26370 252 8184 10214 14865 15910 12307 17972 4740 31456 16537 8380 10948 30871 15668 23008 
19075 32070 31155 29179 4702 20674 8290 21849 7351 10123 8942 9871 3484 15679 2632 4153 20273 19697 4327 18783 8729 22297 28116 8556 30951 2677 15921 12558 22490 31673 12602 24891 20703 1570 4479 807 9085 9127 14611 6848 17892 4613 3316 3305 26896 15863 22597 3903 6261 12783 12576 28682 31859 28244 31129 18758 189 30060 18666 18175 7132 19318 10666 10616 14055 13090 29924 27513 2187 15036 29717 25024 14272 12994 26723 20181 20162 15422 15106 20473 1476 7380 8455 22206 27582 24961 22551 7612 21647 21544 20993 3342 21811 18010 21284 22048 11564 24367 10712 21956 16313 18618 22132 11700 12460 18814 16348 19188 12992 13716 22107 25178 16608 30203 25229 279 11339 24104 20657 19355 1966 23607 6339 2490 15257 16987 7513 24009 26214 17325 11777 31739 22171 15950 14628 29131 29979 29041 5802 24477 15071 30339 28149 3638 29805 15219 20614 20785 28465 6857 16069 26005 1152 24400 7338 9476 7007 3317 13396 318 1297 32674 26697 25279 24851 26034 15419 21593 22786 9329 16862 4494 29401 19689 22368 11478 15505 22512 3496 30697 19198 30255 31941 13657 27143 12234 28928 10903 20729 28991 3973 31590 10995 9111 26566 26429 10781 30126 9604 8451 5671 25071 15673 27277 25255 19874 20426 17843 22733 10693 18849 2235 3155 4153 23557 15899 16020 1327 5426 14996 11215 9635 21078 14374 10206 14241 24019 22920 27521 10674 11153 4891 13104 2575 18497 27818 17443 28148 22210 12886 27228 13483 6790 5692 26459 4047 6407 28343 30862 19870 14573 30996 23580 12370 26293 14012 28902 22813 31402 31363 10974 14411 25430 3609 28493 3789 17258 12731 30450 18459 12763 30205 8046 3123 26075 30705 26303 8588 29949 24979 23496 24077 32573 9883 4071 1298 15940 5538 1480 26481 9842 17698 10177 20373 4564 23593 8760 31750 13739 22499 2307 28697 7965 18142 916 978 26145 31569 15475 18123 3093 2878 8237 27855 7177 1017 5526 13614 29522 11583 70 29535 32033 25486 30328 30687 11601 23650 22647 21548 9105 2891 24581 16165 10736 658 16748 17243 17149 7248 14548 12598 31528 17531 7796 24866 12176 5999 30435 30191 18595 22736 301 22642 17074 2230 13616 30874 24901 14435 3368 21958 28463 2351 32000 17228 10016 30023 26406 13423 7983 15355 11505 1905 7419 16108 14957 20598 15181 26344 1275 26487 7397 15342 13565 18143 27962 540 9693 12489 7426 2366 17311 21357 29082 7562 14450 22332 16348 9481 
10426 21096 3457 3309 29549 10020 128 7496 18790 16593 12888 20850 27846 6502 29759 13304 3905 27541 10471 20332 17263 31409 27281 15494 3953 23242 29094 26896 7122 26926 14799 21007 1351 14237 25218 28168 29477 8994 27855 29393 11494 21912 11128 9838 3155 16939 4730 13787 24307 15182 14878 14676 16193 2620 9005 19580 6616 30315 26944 3624 6236 8311 4531 2470 27194 935 14655 9171 5197 27129 10223 7049 22264 587 8771 10199 18023 10698 11537 32121 7155 26404 10115 17727 13115 7949 18556 18529 6921 1731 26892 27302 14471 13967 2368 9458 12103 5209 25874 10346 18302 1326 14620 11469 7177 13412 31611 18296 27760 27073 2280 29812 17686 25233 31298 13485 24544 26468 22966 31362 21090 13432 8055 15917 3390 13562 12931 13224 25993 30193 13439 3693 10611 19058 5118 20615 24654 26789 7714 16593 9659 892 9161 13838 795 15217 15954 2510 18220 15399 24455 16315 27093 12266 6485 18750 2523 16442 19644 10816 3690 16493 13377 3840 14201 7157 23970 587 3608 11399 15861 14196 24392 19637 21188 31342 3034 25462 6032 12548 30693 29449 14956 2038 17698 9825 25672 1063 14271 28392 14811 2354 4321 12686 16006 22616 26085 13222 27812 28282 13067 12748 29242 27496 3360 6355 16473 15806 32569 2794 29311 14287 28162 12111 20317 10974 22899 29991 10542 2332 17187 22605 32024 27510 29631 5993 27558 16941 1815 28132 26077 16211 15291 26194 28338 29244 4109 18462 20876 31504 11994 17399 28151 19460 807 1094 26901 15725 8924 28992 7307 17503 15621 16157 19671 7769 15310 14751 15155 7384 16957 8527 27664 21825 19031 9050 18849 25217 30931 29411 18088 26934 18951 10867 1813 6831 132 18118 31555 6886 14658 28637 10607 27393 4599 1609 15542 211 7840 23753 22921 24550 16331 7981 99 4872 14138 3937 20217 26633 28069 7606 18110 937 17538 26090 30532 17976 13676 23754 24667 23855 11915 18963 29433 10524 16366 6949 24344 28826 16096 23554 31723 13183 27826 6645 26291 22538 5603 23398 14118 27552 22828 4826 6961 1245 18569 26180 29429 2793 11847 25100 11441 16205 6989 29396 16549 6509 21451 10401 7771 7718 7613 29296 21853 19784 3201 18908 11386 6714 14361 29264 23600 11081 17795 8755 17381 14884 6577 8743 32561 12462 4288 15350 25311 31432 875 13397 20352 7743 10939 12447 3632 15424 29135 13823 28326 21474 25980 29557 5221 13706 10761 25154 8495 32210 23423 7823 1738 19386 
9783 28361 9555 5306 9093 7763 8410 24784 15099 13295 27990 11848 1862 1654 10302 12720 15398 1730 26024 7107 14643 13991 12173 18378 15288 22329 28782 23249 13437 24305 9456 18322 23671 28748 5616 8861 5707 7934 30117 11985 14114 9310 31031 14716 6499 9247 21535 24217 19974 10350 19974 29512 26014 4163 8060 5086 12776 26993 16192 25074 28005 7282 3596 13768 11146 4395 24316 16635 20211 8777 14685 10023 26786 28103 31897 1452 4761 11667 4592 30076 29856 27326 24907 4319 240 5306 7192 13123 32318 182 5319 11368 15771 28567 29497 31811 28502 18457 28167 10608 21268 26022 14310 346 7432 3341 3180 23437 8480 28213 2806 29049 5428 10361 23245 161 5433 5498 21423 1887 22386 13080 12362 16717 31489 30398 22159 11965 11772 5807 17435 12624 26144 26380 18875 5012 3137 31765 4230 2635 24246 32459 12425 23113 16078 32532 4587 9866 924 18858 11753 18903 11267 31928 6371 8660 328 437 31041 9866 10236 9061 26221 854 27275 7595 12787 13020 16191 28212 25323 29712 15374 31414 11920 23922 16213 29806 23397 13378 18256 142 20912 21555 19784 1238 17763 28336 18783 21645 3438 22530 17844 25737 15363 32467 475 32052 30818 15769 2134 1154 9139 10822 15386 17503 1932 5032 10177 13716 25168 13656 4327 22929 25588 2569 17426 24025 14672 17431 29229 2786 8298 7887 18944 26526 13250 9867 23548 5400 7359 20296 28987 6483 28034 6974 11426 5106 12815 27835 23863 19722 21268 25984 25906 7195 8974 7853 31124 30513 23096 29667 1629 12466 8893 11504 12616 11913 15135 23277 25209 10407 1870 14198 2322 10921 16095 30351 16157 21579 9902 11227 10093 18964 25914 2704 31304 16356 30334 2145 23556 19824 31259 29349 17847 31746 13994 23074 26699 500 20674 14573 4277 15955 6762 7718 19707 31798 12684 12670 4720 30741 32381 11132 28888 18423 18140 18265 3758 2332 11553 8545 26103 27273 19015 6220 212 13264 5425 3921 22748 14010 160 23438 7016 22499 5877 19836 16421 1932 20095 2221 16905 28866 32541 21130 21032 4396 3268 31467 25021 13029 26613 23199 25424 29070 4047 27909 4192 20516 4916 32029 7091 2467 8548 11262 24934 14174 29469 7770 15243 28504 4321 23201 31500 14427 24054 3352 16341 9205 4382 11577 26606 10523 19405 3839 26331 28582 16646 1372 26530 27522 16893 21320 4907 15667 23719 19571 19521 18502 28603 32736 13213 12398 18160 9138 19112 8703 21292 19283 
23457 18476 20530 29998 10096 18920 8564 19093 15231 26495 25154 13445 24797 22210 2321 14769 3538 27754 25427 13390 18892 4719 17474 4013 6399 18747 6691 27312 24375 13320 19159 27029 5484 20716 4683 18001 29304 11143 24738 5353 7457 8884 27327 6283 20668 9333 28304 30220 18457 1196 229 2773 23572 23404 32673 27633 15174 6504 4038 29242 13432 32533 21789 7739 3153 10855 4562 1398 2636 29046 13438 1527 982 2545 7728 22708 32078 31598 12132 8593 24806 6136 11977 19487 31303 8257 6095 9203 3662 32011 28855 18435 17225 188 19155 4507 28072 1703 10307 26700 30776 8253 18010 3983 12289 7614 6150 12509 30198 1299 19786 31225 30016 5175 16942 16557 31783 27053 31808 10478 20032 30589 8402 17169 16781 612 8436 17845 23351 30640 20240 26041 23345 27909 7132 17893 25920 1293 19701 10079 205 26198 7356 29665 8092 2309 1667 15947 24634 3900 11399 21758 15392 55 32748 20929 8877 28400 26638 4803 21078 23763 252 29159 3033 24407 13099 13860 19681 29718 6731 6182 10479 26045 21201 23138 2541 4344 3293 11153 28422 14359 493 14538 10039 3041 8900 17509 6037 1126 9494 23291 8689 16620 18785 2518 4007 15533 30663 15578 3443 24937 3613 25502 17534 25646 32679 22161 28901 26061 8580 3841 1032 7251 32435 29092 17291 11970 20974 11879 7295 17520 16833 25235 5763 13540 20021 8397 1996 21126 9409 25955 25225 8726 15025 1749 29628 13489 23147 21541 6899 5811 31512 3921 23637 29227 22837 18292 27870 29305 32760 30088 32024 23132 28080 24454 21999 23937 823 9006 14252 1280 15253 17478 23454 3354 18841 1364 16475 14234 22270 8220 4521 18802 27954 286 14027 9407 5891 4275 15453 25740 16870 4679 4107 19750 10035 27830 13302 29449 14509 19030 9252 26823 7291 32503 19462 20097 11953 903 1436 31006 3743 23622 10581 2420 28386 5287 16498 10258 3917 25557 10898 14605 5383 30835 1206 955 27713 6843 2442 20227 21060 24700 7157 10186 19387 2279 28346 12593 32128 32569 2665 13112 13824 23122 2176 25129 5620 26044 18673 11801 27197 17970 1638 13584 15343 8914 19381 16832 27873 8670 3190 12015 20178 3099 27727 13258 3162 14334 5160 5915 29738 22498 24952 31445 2364 16898 16649 28062 8619 11274 3898 8981 16822 8476 16501 14694 21659 21338 28951 6072 5260 10747 19716 4348 11982 30830 23023 20081 18908 19008 11103 18501 30140 17958 8200 24503 6172 12705 
16217 15769 8993 1544 22863 28745 15186 12098 128 11371 16663 27258 16188 29766 27335 13059 15152 30760 2400 27443 29729 22044 27101 15686 11800 20281 17468 1304 4970 331 1219 8211 14684 18169 16386 23035 24730 131 24981 8561 9639 4531 9544 29416 13692 14190 17113 14289 12446 5920 3662 6402 21129 9801 21596 22550 8148 8583 7370 26263 17165 19634 23868 28107 9412 11276 2385 32331 18200 17183 11766 13610 5742 27617 17855 28116 7541 1718 27074 4714 9855 6181 28211 22288 11546 1186 2662 2404 15785 10110 16084 30466 31593 19494 14775 28933 20661 11534 2380 24805 23355 27999 11856 21797 31741 2432 30221 4622 24988 6488 15930 9987 28127 9670 26840 31047 9095 25483 24799 18116 6760 12756 20099 13213 32161 7787 27208 12049 11397 20688 15784 18646 10952 19693 16599 8877 5249 1171 187 28039 2967 16550 28665 3740 29343 29747 24485 23395 693 4648 12272 25997 24829 31122 1849 15377 27265 16721 10337 18461 17207 21688 5243 25920 4347 16242 19946 5787 7098 1401 2947 26273 7299 26281 12560 1513 4887 23854 5709 2838 32506 13257 15094 929 2422 24629 26197 31079 28604 406 30310 8753 2885 20081 23337 5985 29362 2472 10073 15366 14899 24032 29866 20353 18173 6152 5078 9331 15163 6077 20765 7437 24185 20993 15361 21782 19050 13018 264 3604 5699 2473 31396 18234 28581 17730 28256 3627 7460 31549 24614 31305 27928 29718 31176 13398 11948 20410 11254 461 22969 26815 4119 30477 9474 3288 11376 28771 11438 25138 30495 11112 13685 6639 5806 5124 4528 484 1542 10773 30479 110 20515 23428 30092 11538 3576 14784 19227 24330 19101 22203 27259 23523 13058 11094 28866 28946 31781 28850 11291 11873 19659 19949 10897 5256 31620 17286 12120 29995 2940 28090 9310 523 20331 17126 21961 19195 10208 16306 30993 28037 25890 24946 1929 16694 16045 25668 19609 17791 8624 10870 3434 21465 23472 21119 19950 16227 14167 19661 9059 4668 20861 5436 8970 2966 22908 18926 12087 19690 3697 29358 3781 31986 32650 16348 21416 20659 27714 23277 1858 7091 20761 22064 9316 21353 6565 15287 9721 23130 17559 5553 30855 26255 28355 30695 28781 25408 14829 26208 12823 13997 20178 4823 7027 4149 22242 14839 1465 22005 7540 32392 22281 29439 5820 10679 712 12943 21176 21303 12880 6090 10119 1154 25503 24923 14154 21950 32249 25066 5154 19458 22130 30254 11198 16669 2281 5420 16885 19985 
28784 27407 24112 25784 24584 15797 6844 22978 18234 6551 10682 19730 7811 28529 5109 11931 24894 3378 10192 18063 29377 5583 29619 28243 29595 32408 21499 29174 22348 6018 1892 28858 4787 14465 14432 15332 14812 5746 27394 26154 26431 24435 23490 16874 3919 10515 9980 30563 11673 924 24295 23553 2316 19438 19562 11062 32613 32763 9342 19339 11477 18578 8471 655 3283 1292 4923 29713 8023 6025 21025 11665 14413 583 14431 2575 22089 24967 31176 6270 30304 4426 7019 25021 7356 9045 5782 28302 21206 27633 26903 14371 15725 30297 30599 9703 9254 27604 27319 32641 30901 20737 6804 22759 3273 15005 22227 31428 26598 22355 23395 7335 30753 26542 30201 19275 29229 20091 4304 29311 22829 31493 31106 24443 24486 27346 11756 22217 822 3750 27700 7940 14836 11477 11816 13700 15676 25150 28740 3869 24099 22876 25072 11926 901 12919 9955 7242 20793 22906 6267 19892 20392 13957 17389 8792 18772 3023 28634 15566 21084 27342 3358 28782 9273 20461 8189 10798 31137 11643 1262 5838 5008 31364 20724 17400 8110 24470 15116 24697 4487 32175 8566 12557 15961 124 17619 15201 17323 29890 13855 24727 10876 19406 17083 10612 21008 14206 24214 28046 25697 5706 17163 7770 15772 22856 385 18685 10224 22190 30129 28072 11958 7037 20830 25932 12341 15215 680 25501 9936 3194 20501 28310 18349 29273 13985 22249 7784 28969 10590 20121 4622 26871 17923 4627 23942 15609 12737 1888 15851 22864 18035 17403 14856 20944 30683 1929 1164 28696 28957 14733 11355 19366 3164 8929 20935 659 7094 18883 20721 16650 10352 19273 21582 22844 30807 26096 9963 7724 9107 9086 22362 14093 26197 7162 28773 12560 21564 1482 25080 7201 15673 16789 22659 22626 26412 26709 24105 25476 5968 16047 5329 8151 10161 22972 18126 8735 32471 6427 9864 28696 2136 24872 11487 5287 14438 4592 23603 19375 17627 31213 7040 5214 25361 19795 8465 26299 27719 7861 7076 9259 15113 15607 26641 8310 1816 2553 25766 11578 8875 24844 12909 25278 11198 29172 15680 13610 6362 10708 863 8696 19225 13423 31877 17347 25558 3457 24713 8465 16905 23619 5724 24046 1471 3623 28521 21087 16354 18075 13173 418 28740 3015 15138 4589 28821 14510 16265 7179 20454 9910 17243 9537 10771 31710 5664 21786 29871 26526 13100 12728 1274 32636 29240 27755 27059 30029 29490 32392 4127 18102 22314 24813 16153 2036 3487 9520 302 3706 
23768 25069 26692 7635 25842 18547 11292 13163 15041 9812 28675 2154 4879 2748 31052 1793 6809 25322 9395 23916 31685 3630 26563 9308 29585 19007 10368 1502 15271 28221 75 20742 11586 13869 3912 16380 18903 2852 4578 27618 4201 12071 25596 29842 22745 31304 4706 3979 14953 8516 28031 16039 8903 9331 10179 21043 32497 5796 31094 32338 23122 5706 32464 5329 12960 27492 5656 20202 4437 9895 16457 17870 27126 22337 19954 15470 27439 23780 8028 22144 30288 7614 13622 23431 21080 21182 2045 31347 28928 24870 31589 12468 10564 7995 1322 28174 2940 11038 5637 25568 13436 23809 4540 28120 14698 27581 22779 6454 1774 14069 18853 14239 31095 18339 15487 21009 2303 21882 26894 28915 8137 25950 20223 23258 14206 8673 2589 19636 15750 14917 20518 14884 28193 7104 20866 8141 17984 25575 20326 28128 30307 14574 21094 22732 4611 18816 29132 29334 3117 16559 8296 11733 17595 17756 4450 22669 12305 1894 30960 13305 23696 13260 24347 30229 5181 5067 15571 12499 13460 28554 25481 13549 14608 14655 9896 8788 8727 9466 13167 27942 13545 15025 31553 8996 23442 9951 1724 29035 29155 19692 6445 15926 7504 4665 12099 25147 27048 8800 11089 9804 12283 31505 7658 13748 27602 13075 11239 6190 2213 3846 7315 19550 31191 22149 15934 14628 19202 10337 13851 21373 2818 18081 21417 22429 2754 13826 12277 29525 21685 5467 29431 28670 4020 2310 20667 29889 20084 16597 16970 9663 19408 205 23723 24310 4279 14841 20021 21456 19660 20933 19941 6716 28421 22752 4747 32184 4559 5333 1797 19916 22870 25287 26330 19576 30783 18523 7893 3850 17442 12187 3586 29715 20439 31617 24116 30962 6034 13578 27615 17408 21379 31688 3803 9926 4091 17938 9508 4920 21946 32028 25156 8934 21048 20483 16820 11346 20264 19105 8767 21768 4765 6074 1849 418 18892 7386 27431 22745 31727 1641 22401 993 17843 3954 24552 12266 31218 13606 4215 19030 7486 48 13260 10090 19665 9349 8067 15657 23123 1582 32732 15425 12482 25517 25007 4737 10836 14747 11693 7256 21688 21614 28073 7854 22329 25291 4776 1777 5336 23796 19993 13825 26726 11811 30997 16566 28230 9173 11867 14135 17653 6139 24587 8221 9994 758 20919 14617 32680 7483 19078 6046 19471 16631 20014 15413 13236 17008 15044 30407 28261 8882 32247 16591 20099 24531 2209 3611 30217 32763 16380 16702 226 29820 475 32709 379 29048 29978 23985 
25485 12378 11108 12447 7712 8117 10034 2739 5410 321 29384 7295 29834 26086 4609 12855 7305 24845 28854 3540 3221 4931 28230 12634 26516 13316 13634 19981 3107 15302 4048 24758 458 5481 26690 671 22919 15619 9355 24683 359 7502 3052 30736 8846 8157 6909 25953 4517 8913 17421 15089 1429 32211 3701 17573 30366 27828 31629 13164 22144 17478 17277 26298 22618 6847 21334 22123 11191 15563 3757 21081 5713 28553 30570 32621 9065 22310 915 29236 1083 29788 1390 21509 17336 20938 3044 23711 10952 6708 13958 26627 9032 30757 7187 26768 11537 6970 21165 25033 11730 27061 12704 15865 7565 9620 13400 29067 13847 16624 695 28453 2846 24123 16663 16464 16051 15514 7725 21398 30270 5530 27897 3075 16901 22490 480 19437 17338 7685 9743 30755 8307 29390 11632 3715 6740 28987 14762 20560 31209 19893 29705 17884 12988 22052 23338 11730 28009 6627 2310 9224 7727 20759 18745 19363 6325 14999 4276 18702 3287 3264 10815 1902 19502 10746 32633 2978 26802 17345 2614 22260 24347 7871 14864 19599 18804 24494 17121 169 19517 27782 26889 25927 30872 24875 3035 9932 13460 30305 19041 2536 23252 11683 15272 20500 21487 29588 11182 11409 2893 26662 21998 13872 3335 27856 10048 336 2377 11125 19123 19943 20722 2056 3840 30248 31701 6676 4814 8732 18031 4399 6088 10678 12797 19260 20458 32433 15034 7864 12553 21731 21868 19730 17741 24430 29002 32736 9977 84 18640 21810 15647 16962 3454 5790 31641 8528 12415 20186 29667 16887 18901 3312 24104 22279 15136 6739 5030 26699 29022 19616 26064 11120 30415 2874 23288 30708 12153 21789 6478 19626 26866 4047 1379 6629 27962 25095 23050 22667 32177 13489 17743 21055 13027 9112 4853 24499 715 20259 18870 4920 31397 29353 16507 24961 16171 19436 348 28648 13528 291 22202 13264 4060 20428 22043 12397 10183 30203 27956 7187 1016 13916 19977 8889 31242 15546 16725 27628 19582 19156 14806 19611 16508 6770 21429 32159 29927 20741 14739 18053 11491 2800 26315 29317 757 30473 12412 14567 5226 6449 32759 22705 20357 15885 14282 2463 6068 28986 16281 19143 27257 11949 17412 22394 5280 31134 21 3228 22366 20455 30630 17308 30908 32635 10925 20282 12765 3736 7185 11780 22612 22709 22217 14302 31683 17911 29320 10668 8198 13960 22793 7411 3796 10638 20120 29158 23663 19163 13702 10861 17887 30142 16503 24955 18871 3541 2193 13865 
18228 30111 8271 24444 28603 1883 25600 24950 26991 27238 25200 16828 28457 31084 24660 11512 29266 3405 19313 4488 8959 24675 27700 5436 684 16048 10950 16327 30686 1401 27444 9486 17810 10040 16019 7816 4116 26064 11977 5349 12440 29993 8650 10490 3589 14620 28417 27341 694 21860 3133 800 28553 2228 23200 333 23554 31622 32105 12184 14353 5036 24469 24513 5480 19891 6672 22119 3503 16863 12495 9206 22137 17644 1439 31184 7055 25954 16239 24943 31631 4098 20951 4229 32667 5093 11877 31305 3867 29475 8319 22940 19938 7146 30756 14257 15305 11173 28463 11695 17302 22389 8508 9290 19178 30830 31888 18656 14170 8646 3052 8994 24957 21522 6190 23216 1141 13721 13185 23626 6177 24530 31519 20112 7322 30234 27443 7499 17218 17549 22445 27565 10916 31069 24737 25408 11883 27934 14577 12745 26663 31110 18360 1438 26644 3421 29255 7269 20131 14242 32190 31426 16374 8450 26839 19040 18412 1481 12413 9339 22806 20564 30471 31820 17983 29765 29568 27816 17621 8367 32410 1543 5683 23580 31326 19585 8398 7379 16714 25679 1303 8609 26565 26299 246 3976 9245 24190 23934 7649 30260 31803 15389 4653 22513 28447 31229 24204 1290 2776 19793 27963 8951 18586 16100 28858 8405 15005 9169 23107 9248 18007 22863 20639 24331 31229 15045 3877 31066 1898 12300 26025 7330 7529 13669 22153 31455 30947 32022 2169 6264 5342 13226 19671 24477 17353 1670 12673 7439 29912 15188 24964 18896 16442 28253 1948 22594 20738 28073 22037 23250 10233 27465 23204 28673 3812 27413 17369 15253 14889 25967 24390 20949 13194 19829 5675 31790 11556 8914 22307 20588 27867 14291 31057 15958 25918 24634 32533 26281 22049 1324 10613 49 20826 786 20738 866 25005 2015 25298 11766 23100 23498 7779 28610 10100 8900 29641 23729 29414 16855 6971 19775 13120 21936 5440 10441 6667 12288 26542 18806 16559 31182 32573 18468 32153 1365 2480 17535 11503 5682 12354 24616 28036 28434 6382 31927 5300 1764 25169 30891 22857 28687 26921 6040 4824 19208 4346 19706 8266 27185 29038 16840 23147 21413 2414 6813 7732 8848 7916 27394 4015 18469 19142 19030 6984 6310 25260 25586 14695 26683 25946 21933 4708 1571 6216 25332 18230 21664 27266 5127 17133 17298 6762 20128 16291 7397 1281 7604 28992 6712 12827 9168 15967 18644 18131 20772 17456 4833 4156 13762 8000 14810 17815 9734 28745 1440 32721 31893 2885 
27568 6381 3937 19598 10779 28942 23484 3181 31027 11896 6203 22659 16889 4738 2872 17619 30873 1037 21591 5734 22764 23584 21965 17352 28074 15662 24290 21652 14459 5066 6318 10188 11779 26558 8740 2333 10927 32124 21314 19296 26609 24329 30120 10781 32221 26326 22376 143 1028 11693 19963 19827 728 15866 27186 17946 24536 31115 26205 21109 15747 6036 7879 23542 29065 28374 15549 32155 15947 495 22759 30084 9105 11166 16294 19252 14027 369 4371 13748 19973 21347 13077 8492 14385 29291 11437 20805 19369 6929 14632 29025 4437 11802 23469 14443 7915 13079 22941 23000 30011 28998 32444 3894 10468 32199 2621 7737 29359 24059 17966 8897 15520 10574 5079 22297 25682 18844 1902 11119 12158 21653 18079 20638 17148 28461 28225 31628 25178 28619 14891 11172 5449 16583 879 11110 2581 8099 2971 24364 1193 31540 24950 26865 15714 18285 16075 21568 9844 3049 7985 9360 22289 13199 32107 27384 13265 8950 31448 24014 15520 21060 5196 9267 5961 30819 23921 426 17488 9400 17449 30507 22655 14034 12434 11206 23950 13730 17749 27522 1470 16086 17442 9506 32690 11228 28679 22648 29607 10931 9690 30405 3657 12530 28715 3904 32163 20736 10189 23119 30161 27623 22257 1624 11213 13194 14591 79 20678 26382 26134 11518 12053 19118 13404 3761 32421 28939 8102 14333 25813 20421 3937 27614 32693 606 17511 12132 1603 18318 15907 27171 30821 23084 12058 6296 14464 15223 9858 28754 21065 14296 14194 23724 17755 29800 23860 2405 29915 3900 1051 25323 14178 28986 5243 5575 1867 32271 13103 20303 17387 28754 1872 32381 4335 30106 11142 16803 16746 16408 19677 5147 1774 5769 16040 10581 30999 13528 6569 17602 14233 2952 11421 22917 15646 25532 16558 3864 10898 7565 4889 16343 18415 14337 27726 32621 32373 26032 22214 15617 12288 19534 15480 31732 27884 201 16490 31722 19682 26974 22661 13957 6926 13458 27907 19596 3012 32059 26783 8044 15643 27246 8859 4102 23774 17045 2064 21454 25377 16712 16100 10772 25205 14032 32673 1795 32645 4817 22598 51 15114 31683 16517 31817 23200 16240 25987 15588 22827 6748 9812 6593 29140 24269 8860 22153 27163 20701 4369 15140 9502 1833 16109 7370 27039 4424 8294 12871 930 4121 17901 32094 5424 26722 23162 23869 18166 15704 10209 32338 3898 4213 6501 10655 24521 11186 21733 15142 15540 27454 27873 8300 27110 1780 19089 2416 2644 31723 25845 26605 
3945 7533 23783 2668 8187 1652 31077 9487 26755 2634 24426 8635 5945 31614 11874 19775 25011 31860 2329 23712 23299 19736 24359 21796 31979 24646 32136 537 3028 20398 15042 27217 15082 19957 27103 20209 26969 17535 6883 12285 5648 4044 8972 23062 17879 25773 1743 30167 22034 21563 18610 14534 31328 35 2639 19850 13895 28306 6680 8280 287 12822 31207 11019 1801 14976 11073 22031 27574 12267 20241 24952 1405 30723 24962 821 21155 27490 31800 20914 8115 14629 20667 10131 30738 1758 3590 32565 21567 4835 30611 9569 15325 16873 14228 8939 10991 16057 11227 4097 16737 8851 16971 2531 14317 20004 28533 15935 24235 17012 31956 18681 21482 32591 16746 12067 4727 11666 25472 29432 7386 29216 19920 12515 21909 30112 4482 17444 12844 26709 16245 25402 20165 17668 24385 19019 3714 17658 22376 13559 29867 24672 19762 30916 32453 28907 5697 665 13180 16305 28088 2296 19900 10147 29440 14266 17853 9210 1510 22214 6233 19141 4360 1750 13840 20213 6799 18569 9803 14087 8063 22411 7211 18204 2054 18055 12228 17483 6636 27298 20237 11070 30956 28968 5096 21231 18208 7897 19358 27114 27607 2077 15415 21738 27515 22718 21405 13175 21114 30521 8251 26129 20058 22315 2295 2445 5053 25710 1594 4112 15112 4705 17135 15770 6860 28846 22057 3918 392 13913 2767 29303 29010 23398 16810 19519 11715 10549 25705 15573 8181 22239 21381 30535 15860 29862 16008 8212 27054 12409 22751 22139 25342 21758 20337 24519 6294 25376 20411 23438 5621 7681 28843 2614 11017 9643 21472 24925 23259 31646 9459 4623 22174 10472 28121 25167 32263 12316 2207 13774 14916 19184 5135 5941 3797 2523 8235 27435 15440 23094 12351 27659 579 12245 28922 6090 11076 5691 25347 12301 1361 12274 31127 9561 8385 20773 1708 11596 26212 28828 14764 25033 8800 5922 5360 19973 2577 23867 13166 31789 588 2289 16378 26757 15022 11636 26521 23233 13498 9206 1598 18824 3760 12743 10304 2694 3874 13131 3339 27151 30887 12501 23902 13338 10349 11878 13801 394 24562 19027 18704 26084 25878 14593 10670 18138 12657 5934 28862 22489 16079 28314 13321 19363 31847 21781 23922 14592 1487 14731 8834 1089 10079 14843 20938 6124 10700 30426 1769 15424 4270 21384 9919 22014 24897 2313 26179 4255 24222 17686 26567 25254 20673 13651 19850 31976 27351 15078 15243 13953 8221 24621 29580 23236 12611 25046 28593 16103 7495 22265 
18952 2215 29237 11882 32442 28108 24662 28319 25282 26924 5109 6410 20765 5050 32725 12538 25 4233 30939 7919 12773 3471 12012 11949 23552 3059 30394 4896 18120 31701 8207 8716 22951 8289 1704 5405 14560 25938 5491 16541 28221 29075 19086 3494 14045 1774 7328 4999 3644 11534 26099 25013 27256 32765 22373 32025 19293 12836 17696 10933 5681 7790 2002 30931 19013 29619 977 4804 1721 19051 32245 10747 18950 10051 20785 7775 1156 4995 29468 9286 25894 13935 16605 28962 17684 13742 32390 14251 573 30179 4325 31834 11387 3601 15052 28853 4635 9963 24099 31408 28217 18234 3315 7748 30909 1093 27071 1534 1189 27612 21442 30624 19637 2133 19266 19813 15771 31438 17256 27249 8665 20649 25973 4673 6032 21487 29854 28748 4193 9664 29665 17626 24250 11614 32617 5771 28447 20371 19730 19719 2898 14043 20054 6713 22084 6136 25083 6122 24969 7572 10484 19221 3258 31125 15662 22615 623 5791 18417 32688 27524 9062 13746 15928 3360 10979 7257 26148 16253 28907 16403 18785 9327 7468 10177 18990 22256 11108 19787 17779 19586 1848 11311 12432 17997 31406 8703 9319 9366 23388 27002 17791 3737 7967 1068 19447 32593 16791 11709 3448 5501 14030 22744 6984 6759 25076 1612 28984 8873 31814 27877 31727 4266 14427 18047 21486 27130 6660 28217 10302 24338 12713 26306 2808 22094 28220 18828 32145 20669 16900 10355 24543 15907 19811 9156 27109 18792 9677 31133 8383 7435 30073 13014 11049 21241 21086 19164 22629 2955 31255 16150 16217 21982 29182 568 1939 8968 4937 13377 11250 17279 1713 4643 631 27731 30070 7989 594 26045 23932 5108 31008 12838 6973 2153 18200 25832 23713 26863 19245 2941 17691 29859 11679 9758 11282 4329 29419 8648 13303 29699 23727 18874 15305 21049 17827 21752 30103 17950 25044 26431 6429 7274 21946 20863 13352 2979 7971 29002 7961 28150 14208 17015 16339 13273 1018 2472 27038 18817 1119 8742 9983 1657 31653 10275 11575 31873 27947 1510 2910 872 12789 14883 11235 21913 25889 18812 19545 30234 9883 15447 2873 3907 14332 977 7514 24997 5134 3473 31286 24709 9720 28934 13173 19797 3715 8202 13701 14617 20652 27871 30139 10674 2665 8050 2074 14620 3160 24346 20419 12815 25407 20570 14880 30850 28839 20098 3787 28899 22220 18677 9284 9368 389 19529 16748 29273 6357 20536 7273 14441 15211 29187 8190 2121 2575 11983 922 26446 13994 
43 13287 27193 4003 16116 24991 4766 17725 20996 5869 13215 26621 3224 4635 1190 27944 10241 28114 7792 31016 5451 5549 28267 26503 24930 593 9032 4389 15870 322 16304 16686 29093 3081 10559 494 3527 21438 28099 21876 5202 8266 11657 21781 17286 7945 9089 32299 22457 17874 9492 23738 20451 20199 28892 13828 15359 2138 20223 8472 17407 10991 24871 23627 5535 10649 3334 30200 830 15394 10933 12155 24415 9111 32517 3883 23828 23847 8623 3122 29141 15627 6143 24193 24115 1259 16426 7108 19307 8298 11040 16454 10346 12821 4676 683 10493 4355 2579 7741 24794 26162 27390 18543 32058 283 13852 13539 2421 17488 27786 32252 30262 6406 29873 17012 21695 13969 4816 19824 17816 16942 28792 12055 11289 10062 30208 23445 17313 16131 31539 15133 25823 28593 14596 6026 10611 13617 15707 6431 5108 24219 29622 18848 25607 5317 22988 19842 31730 17148 29586 17348 10813 21828 19422 15547 3382 30092 11613 22028 9419 1024 31849 7133 21726 12650 20506 5943 32229 16048 26173 24660 7413 6302 8752 5331 16219 5390 893 27460 17129 5188 3993 18032 14234 6283 28839 8452 4864 21632 20104 17754 31809 7863 1676 28253 19096 2264 4014 32282 18424 5262 31430 32365 26480 8559 5025 15790 10144 27975 22749 28048 10647 10180 20393 25925 28803 30013 31304 19313 16840 5817 26280 30727 24854 28841 16490 8435 5350 8946 8208 18947 14459 29182 11224 14243 29807 22738 12929 14667 621 3165 25381 29195 24648 31897 23381 30112 16115 13540 9222 13046 2393 17385 28212 11936 1438 6232 22425 15660 30365 1686 5525 27775 7307 14810 23897 10664 15312 8543 16544 12179 32519 23568 21018 1719 5810 16181 32183 12184 6268 537 25597 31807 17780 27008 10693 16723 14785 10478 29519 10147 11154 15101 23709 13963 10166 29211 21298 12308 5997 25414 6859 25372 19868 23446 27077 25 20809 13765 20576 29593 7248 15857 29864 6682 12443 12557 23535 26933 10091 18601 32154 10489 18420 22478 8636 14437 25848 11230 5009 23412 21397 3510 28286 2265 6245 4592 16935 7727 1574 20673 4616 18018 10356 7402 18724 5848 20478 13556 19675 2697 531 6378 16178 157 10011 15845 28 6803 19480 18121 2927 6535 3765 23883 19265 32627 20522 2834 17068 1863 20213 29749 7837 17754 30818 15821 17079 7025 3016 18919 11921 7736 25545 22500 8395 11359 10562 19641 6042 26581 8169 22582 1493 3266 10162 25183 20872 9694 
2776 6439 24129 4719 1577 24235 14133 17635 6158 31100 28785 2962 18330 7223 22570 29856 30130 15932 8655 17001 17467 29316 10493 18962 26576 28161 21998 26715 18111 27950 3713 31743 10606 13484 15530 12603 28376 23884 234 25550 24300 5532 12087 8919 2376 27297 19882 24567 463 20872 10973 14695 12818 2022 24589 21277 28159 11297 30642 7295 31729 31186 28208 18810 17821 28064 9445 15854 26863 6416 20044 24232 32221 29281 4373 11531 28598 28708 10564 9249 1778 23088 25613 15489 13374 18293 3865 21587 31533 2370 24915 26788 5053 2563 18067 30112 355 12844 22344 5403 29080 32393 9898 6888 32693 1543 4498 5922 7030 2839 4642 27198 1011 15871 32244 28103 947 24409 9090 7808 30420 11000 24624 10366 1049 7189 734 28189 5305 29394 7720 29042 16619 4830 21119 302 10618 2190 6233 18477 2985 4174 30712 26333 12917 18065 12580 6873 8590 21593 23320 12681 28976 3091 25941 27573 8217 25625 31435 7542 16280 7021 28058 12970 30252 4802 16699 10398 32348 11365 8265 26460 23504 18115 13059 8491 20861 4365 28382 23877 27361 816 23259 1788 5150 24688 31403 3415 21198 12141 12885 32667 16686 19849 9574 9924 2555 31237 28372 20627 7520 24411 19335 14411 10580 24893 7542 16776 557 15196 581 24081 4580 19250 738 9362 18615 10339 1884 8089 11302 5345 11393 3630 3816 6373 27435 24764 5827 22463 5105 20929 11787 15487 1309 22906 11273 15626 13795 28911 21907 24262 7452 1416 31579 23862 15078 23589 1493 21026 30019 89 26185 4038 8071 8086 17486 29904 8039 28162 15233 18645 22221 1850 3799 26813 29909 16719 13063 17722 18458 4429 6304 28997 6431 2009 3171 4325 11540 7940 9055 31437 6312 22548 25995 1620 466 12816 19724 29430 23905 6032 12573 16419 24487 9255 18597 3132 12237 11720 16123 136 20182 14976 10070 8936 761 11664 14895 14999 9621 19480 30609 17468 110 29085 22824 13260 18909 4048 4500 23243 12848 31166 13222 26570 13028 21072 19604 28592 25330 10101 27372 24799 23326 17445 20432 22765 1654 22075 25127 4306 29510 27264 9952 7794 508 22554 27227 4731 8436 29020 12257 4100 10294 26537 13187 7155 23571 30863 1540 28133 30225 7115 4326 2166 20292 4528 7070 28405 7733 24800 1722 26770 6619 4504 12708 12023 2053 6665 19906 7123 32734 20370 19793 12715 9868 13905 7287 10854 4831 32699 2454 10700 22778 32052 784 2566 9679 10662 
25955 990 22682 13529 19875 22288 23445 21426 7616 25665 29120 7021 14810 23580 16450 22209 4435 14351 4058 23810 23685 2932 31784 8176 19552 27558 31389 628 2082 14288 10956 19733 11411 19618 30393 27786 15265 11081 10558 32559 25148 24477 29612 13117 8833 22474 10113 30968 11496 24019 13198 30112 28568 14434 31244 20232 4923 9723 9084 27586 17535 13432 24248 7314 9199 19507 9905 28790 21609 4739 32244 20654 16924 15470 20720 22894 3786 17156 29713 22049 20334 6171 27826 27973 29910 12775 14145 13860 7222 5173 7850 27069 29362 6252 21176 10612 9027 23811 6696 767 19412 12018 20014 31378 31598 19568 19012 19477 16944 16654 2570 15698 28355 8751 22274 29395 6126 21854 5597 11715 6632 2395 24258 14948 32741 6780 18075 29060 19911 13 5328 2049 22440 30739 37 31708 11974 26675 28996 16521 25410 484 29724 25549 4131 18088 10028 24606 5880 10113 4949 6186 30165 13118 9536 26256 1292 4878 29385 29325 7578 31907 18218 32309 22844 14805 29165 14627 14997 28680 6449 1146 26247 7121 29662 16365 19687 31762 24213 31508 25200 11372 18207 15682 4583 26254 20923 29701 20035 28262 26685 11888 13112 24438 12383 24545 3548 5989 16864 8845 21869 27615 15464 5305 28824 25269 13689 20339 11517 26719 17116 26648 11090 21001 4371 21666 2191 31479 13869 15214 24736 21743 7257 23176 12886 9979 23153 5247 17485 28096 2040 1588 28309 22724 29837 12754 16543 9410 14760 23466 20955 19299 15253 5468 9340 25219 3165 409 28142 3945 17882 547 14463 5999 2183 25043 13426 23939 21814 18053 17136 5508 2569 16341 9024 2306 6504 2490 7193 3083 1453 5056 4598 26161 12479 24434 2903 24835 6606 6238 6015 15858 11616 30732 28727 15081 20073 17602 18353 5809 12874 32505 10401 12392 12930 30969 10721 7125 7900 16892 806 19576 8770 15419 28530 11431 16246 6299 29602 1 16033 2006 29799 20512 13146 23153 30381 22903 16369 26288 613 10861 23466 9759 3182 24492 25064 24185 29528 30733 32715 19212 1415 10665 22664 8596 31221 12806 29918 28561 3973 22563 13354 23305 16803 17071 32607 8385 29020 28072 22313 22068 20161 6478 55 27906 28185 22074 30185 16780 32518 14964 14995 12000 17511 28457 27428 19183 13970 3370 6147 16981 10221 5640 14666 24063 8956 16628 18816 30672 32634 28135 6393 3377 27605 11545 26336 21982 11261 18433 24763 24719 3447 24627 27206 4212 23387 1221 26236 3522 
3023 878 24486 26301 9608 7017 17414 25399 7603 21683 6260 23055 30609 22179 23548 7725 19788 32166 1207 14736 10118 25000 8225 31435 23810 31820 32389 12488 420 18011 5883 9519 26500 23520 21817 18223 15825 29386 5838 771 4053 27870 31032 20543 14735 1029 5148 20494 26273 12184 23288 9679 28471 29007 916 16340 5065 8024 7238 11326 8755 26518 13771 4580 3555 9043 5294 27161 30790 27409 18946 23246 22867 15225 695 21652 4620 26913 9231 9165 12423 29501 32256 18343 18441 10180 23662 27651 11469 19200 28640 26004 5818 14876 4475 20291 19214 3126 19143 111 31882 14238 20869 31029 17203 25338 27613 13910 8531 410 21157 16167 22823 22726 17267 2091 16447 13719 2349 3153 23840 23556 29836 27978 27703 9614 11020 8571 13661 2041 10107 32654 28715 7221 20725 20446 6743 5458 18772 7323 1940 13825 17855 25946 10149 15895 29030 1590 14253 15599 6118 13817 24624 5139 4721 23680 11562 9460 14845 14359 2623 9488 15247 20580 13093 27906 13084 19357 5512 5138 15525 12757 22428 424 22084 10986 27070 23825 1680 26450 20046 13591 2096 17886 21838 27111 2656 4240 28027 11401 7227 6523 30992 28944 25367 5250 11956 6028 32363 10328 26099 10763 32729 16875 129 3386 3592 26183 25607 30335 29498 15764 19987 162 26093 1366 32446 24223 9698 11508 16590 17131 13395 21712 18964 1795 4433 19919 21472 7449 15939 24253 30952 22087 30434 19510 20507 25310 25759 29217 31065 1522 17812 12389 3122 15315 29614 28228 23023 10542 5205 10922 9938 2222 7206 19924 18289 13893 19252 29015 10398 3298 17322 23723 9734 4009 20955 6438 18414 17859 31719 20941 13155 29583 1667 31907 24771 31123 11376 27847 19888 30598 19633 3875 18514 7533 31034 28290 10864 5871 30105 8259 17532 28858 2135 18515 27431 10002 9738 18648 4420 11803 5550 8569 32556 21038 27282 18301 11443 19210 742 849 29097 4958 2235 643 14883 464 7759 32406 11497 10996 29156 31566 5715 9236 31013 31683 25824 31777 9190 6744 13677 13878 6927 7338 7642 13265 10084 7390 27652 24271 13563 8201 22872 18202 8994 31053 29366 342 29439 30982 22297 32118 17359 10292 4898 31623 18702 1621 2099 24492 6927 14780 15577 6274 8949 26593 30852 24630 14832 19632 29333 20608 24225 29766 14838 4629 6090 17926 29411 8516 22375 9372 8016 920 18271 15624 6659 18319 15426 14930 164 5556 13659 22910 13522 2116 10502 31292 
14103 27178 6520 25259 9788 15408 28862 5794 32365 20869 25371 24910 7070 24142 19932 31383 14481 19493 15487 23799 23611 32412 3796 23565 11722 31469 20330 6687 20450 15286 10344 18295 20294 5058 1458 9815 21769 25148 2731 10369 1901 25558 2682 4209 27799 31842 17186 19434 24784 17206 25445 2576 5660 25978 25042 20682 26062 26554 9729 18075 5517 18376 18412 19772 1729 10257 14772 9958 143 30113 21631 11114 1243 3816 7255 23831 478 25402 18666 32510 29155 20532 6732 5754 11491 4078 28970 5263 10796 9760 13791 13842 3556 15595 9337 11447 26332 16102 982 22281 5037 12508 20370 29610 16495 5590 5525 4134 10450 7210 3503 23482 16381 23832 5868 12385 32122 25853 1795 18834 3714 20289 16503 6805 32047 3187 20799 9815 16794 7258 21936 4304 8930 26356 31597 10829 26189 32312 22309 10775 26011 24951 13005 7547 20471 31504 5212 25259 9648 25463 18038 9640 18242 26315 17816 23165 2279 9325 20628 13808 1800 18969 13907 31154 31972 14666 28291 11131 23672 13077 19631 17059 2673 29860 3885 24823 19277 10163 18391 27234 19315 22841 18346 13943 8917 26937 8850 10410 16313 26394 28041 18185 14086 30655 20041 18919 3201 15568 14604 1749 10241 14592 24282 192 14977 3000 12297 12965 14764 13817 13192 9310 25098 13690 24312 14448 27933 13382 30437 8758 8224 15867 29750 596 22235 10218 4983 15855 30053 22274 7415 23598 26455 31978 19816 24816 10469 1696 30270 20340 14199 12297 6169 21363 10933 844 22923 9609 10933 31355 15133 29450 7918 4643 22287 14661 664 17709 19869 22990 32603 1533 32032 20802 30536 28653 21766 14617 20329 19751 1250 20057 22172 16954 31380 27345 31121 23393 15671 28368 3231 15046 20885 31950 26172 12420 101 27245 22942 24176 11122 9989 1791 7924 16338 12555 29681 31352 21857 18444 23585 3302 14754 9476 26164 27727 4147 9506 21460 22633 4203 11442 31652 29144 16479 6071 10288 27771 1511 21538 3018 18043 28192 7958 19142 21419 6709 11749 3910 27015 5522 14166 10465 21808 15386 20314 9302 7795 11218 17650 1697 17679 28253 28823 21792 31277 22616 32589 16270 10724 12457 9644 17447 13436 27769 29247 29249 27819 15652 25115 25360 17549 13104 12822 23735 23764 1457 2816 1203 4345 12233 582 23064 11133 15232 26733 779 6914 27658 1935 16170 10265 28977 29860 29690 14915 5952 30203 31900 18271 32551 22414 2049 16067 12735 24799 27683 21564 3741 12322 
4509 7870 10097 19444 15451 29881 28209 26546 24517 6984 31127 1076 17296 13247 16133 19891 195 29432 10128 645 20169 16746 19567 13243 28385 22248 3650 20943 17091 9366 16813 27264 5410 20219 820 27371 26152 9120 7622 23590 15141 8885 30269 16743 4201 32245 25814 10173 9341 31863 30531 32018 1576 29793 29220 29447 30590 21499 15615 23826 17424 11061 25242 11333 3497 14371 15074 26061 20990 3598 18034 6856 28434 26895 13777 11757 24843 6781 9640 15359 20881 15536 15548 13520 25970 20624 16578 26862 6483 25223 659 11630 30127 31670 17087 16817 9203 22727 15648 9513 20732 29738 9611 10629 30181 25436 10736 17776 16436 16066 1275 2410 14925 28893 28703 6826 4231 21438 19040 23959 32375 7830 32457 21402 22583 27624 31893 29985 8011 7989 21273 24886 8095 29537 471 1324 1424 5682 20323 12531 10585 13686 13351 3626 1679 31974 22294 15489 26056 20439 30721 9679 11131 5483 13570 24081 7414 6431 20346 4108 10541 11607 21555 31555 26577 31435 16811 17464 31996 24448 29865 26880 2828 24738 28074 12663 31751 30079 4130 22191 15970 3031 12491 30071 3580 6735 5879 2030 2362 11760 1658 26604 6289 2471 30545 31197 12620 24410 15950 18024 12418 14711 12731 1050 25580 7169 13547 3473 18971 15950 28960 27179 8596 24244 25506 13851 10647 2560 19550 136 13342 11944 31176 15880 10366 7584 26865 15494 27408 1116 30836 18398 23376 4427 17453 22695 22253 26772 1516 1240 27779 4190 17469 26539 303 27411 15449 25429 28631 3019 23290 29251 25414 29848 5940 128 13312 31146 5431 8560 30624 956 28331 26365 10166 30642 2154 18327 9980 16715 14846 23387 19412 2257 3777 7695 6449 687 27364 2644 67 9481 20352 13037 4250 5767 6347 23659 16801 17086 5682 10361 15647 29664 5077 14723 2736 10885 31522 20079 16795 1159 13272 31999 2328 15478 14728 20850 9713 28869 23750 30352 5869 31168 15467 4006 29709 13855 7491 4289 29842 30033 8853 28490 25024 10994 29496 10975 13823 1276 5751 17036 32623 29805 6201 203 20037 22348 16934 2225 26455 4472 14275 24334 31898 14631 31966 1636 10278 14240 5842 29906 21530 25429 31032 25468 14991 4588 17234 10032 18995 14311 16318 11222 28396 25525 5912 20875 23844 19972 9935 25527 22885 10090 7499 4951 1152 24926 12560 331 7398 19552 2268 13496 17582 20195 25464 2722 24574 16110 28808 27913 26890 15664 2046 22031 5219 32202 19575 9172 
14070 31741 3657 3839 26144 16200 24548 17407 30538 13054 1665 24211 2415 28868 12108 3270 26087 28729 15702 5039 15114 1301 27979 30175 13916 23470 7971 19109 26479 4761 5587 13222 25657 31876 3032 20484 15074 1072 14134 3256 26560 21408 30226 25584 9317 23534 29872 14596 10295 28365 14739 20644 5660 21401 17028 8454 3795 27338 25915 31115 22994 25664 16996 3362 3820 17250 24201 2751 6913 24793 28855 5442 21040 11942 19507 17117 1767 15551 4821 23611 15414 10602 22118 26637 27263 11489 23255 26389 25677 15043 16106 13260 1090 15019 28368 18187 29338 1132 27169 24022 28075 14118 22939 9670 3237 22593 31890 32669 8573 5413 348 14193 22706 27694 24623 18155 3027 26941 15668 28277 23694 8843 30741 1544 20742 27393 10744 28148 25036 11527 19260 18132 10136 2042 25015 1695 24254 8524 24582 6712 7767 23901 23684 20990 26208 29041 28413 312 16133 16995 23915 16178 3231 4030 7174 25541 2483 21623 18173 21147 20329 18786 18839 18881 22047 24472 4535 29711 16349 20855 7616 13565 25445 12114 2193 21788 9801 30625 30454 1513 14865 28340 4750 11610 19703 25127 20015 386 30847 23651 21594 15202 15723 6305 9722 10864 29378 20723 28429 16186 15001 21235 24437 20948 23472 31030 19630 21215 14483 3783 13157 30350 30679 30973 9587 16718 18744 28613 11070 6111 16937 11815 27935 6050 25661 312 25350 6211 26713 11671 12947 28462 19508 17966 13608 23132 9750 30364 25621 12950 28704 30910 27188 29780 12193 32030 3052 5658 5990 4013 11325 10159 32484 5496 16610 6339 26385 27560 7126 790 12079 28549 17395 691 16248 3113 29687 18596 4009 21992 7568 9990 24969 31056 29651 4321 10411 17394 22273 6973 10593 20684 10204 26947 22412 20616 25868 19839 1926 12258 11068 10025 8497 31556 30129 9739 9204 10975 13930 1394 20530 13052 12375 21759 28327 30141 10433 27420 13416 17168 13211 22279 3792 18427 3715 15227 30416 11093 8372 29547 18442 22535 13010 25239 26576 18442 23514 11665 14046 21758 6324 60 15892 24412 14461 20995 4491 16326 12948 2908 14249 25881 16051 10068 21161 3836 14081 30114 17043 15667 20978 1502 31688 9586 29775 5698 22272 21510 28386 29430 4262 29332 17281 5099 13674 28061 31419 22715 689 15664 23384 2302 12153 14905 17714 25315 379 16021 29521 4379 27304 32419 24430 2508 29584 4456 1546 8258 31702 16881 11676 13231 3181 22258 28636 14405 16838 29803 16070 1155 
7093 22574 20342 8327 6130 22310 25769 18392 19862 16524 21869 3768 28116 11860 1568 12005 3912 25398 17641 28895 20862 20103 10280 11899 31220 20747 7957 30072 15182 28401 1617 12892 4635 9982 23386 25750 28726 12381 29838 532 25587 18452 15843 19637 5871 22086 19372 6692 32524 25185 17196 31256 7247 12349 4110 16932 22217 26223 11369 25847 19872 1891 4706 22319 25721 12962 1147 6093 26238 8261 8885 20235 10218 10050 6490 20264 11842 7293 18797 6083 2147 31789 25507 18478 7641 28505 2776 11337 4936 13145 8192 13408 5629 13446 769 28298 18477 30250 2885 24357 24187 8870 10050 25809 1769 7858 7554 26923 6223 22422 31297 25688 1211 11151 30504 29334 4132 18324 24509 17917 14451 30311 20856 773 6413 18187 14885 581 16481 3025 16478 12365 17480 5532 32465 26252 20978 12709 26184 23975 4918 3336 21093 26382 19601 13171 21733 14397 25191 7524 4664 4311 13677 14553 19645 18488 30322 916 1760 9691 27730 13818 4705 24338 4973 24159 3398 16418 11076 31454 31302 16355 8396 5657 8814 2983 7146 7752 9258 1554 24058 11103 8457 21714 11649 27778 9977 3919 12209 14042 15094 20829 22198 32045 14011 29194 24765 17802 535 2278 14570 20403 14743 16381 10635 5461 964 9929 14236 8738 9841 18623 2524 3670 10445 11312 10524 21575 297 24418 20532 7055 7340 3358 11934 30120 27785 21737 16765 19550 12637 11322 12563 330 27416 28637 2045 18605 8106 19746 7520 7811 12693 17687 10300 3565 26722 15951 1321 15742 18289 15930 1665 15991 3102 12531 28568 13036 5248 2333 11101 26086 10808 23140 8856 25050 31832 21425 2539 2929 11389 28624 21387 32303 12661 12249 309 21272 8155 25348 12973 8206 11242 29612 275 32316 9128 11399 18482 4919 18017 11621 21358 32057 27183 28653 7226 30249 1847 29855 18958 6167 22920 27455 12248 8796 15787 200 15749 29429 16347 28448 21578 12919 14899 30629 10459 20111 24666 18270 7349 5952 5815 26892 21117 7796 5361 21018 4196 22131 23918 745 32173 7780 18755 3339 1626 17760 20900 25631 10495 6123 26619 4918 16666 13585 6229 13714 26567 24595 29911 11874 6416 27354 27266 19432 1228 31521 29220 16531 14962 4446 2931 10439 22240 13258 13481 29908 17406 24632 29248 10197 24930 1248 32004 2317 12130 12383 13050 18015 7449 17763 15721 23062 27075 19290 30109 2262 27538 30210 28973 19553 27213 25772 28409 28324 11989 12747 1170 16072 
17020 18062 19277 1907 210 20850 19625 2751 4591 16410 22132 18581 406 18930 24592 13436 241 20663 21659 21237 8322 26766 1181 32711 25556 488 27612 5403 13062 18702 12225 24200 14167 31551 18550 18673 21732 31380 7181 1818 7047 24281 4576 3895 17805 11561 19530 19318 15135 5853 21768 2672 8428 21792 23012 20526 8013 17981 23719 313 21952 7605 21376 302 3576 6232 18862 24631 7331 21791 2655 11268 23168 32534 21097 28274 16530 4056 24532 7669 7587 24071 7454 9074 22108 28443 28630 21852 19054 4274 17680 19539 26206 18847 8991 14810 13787 29194 11455 16774 22254 21615 25697 31591 26005 31408 15938 19252 26185 13930 19849 31681 21371 29860 5353 23372 19370 10566 9506 6465 1190 26735 3405 28799 15580 23510 9681 31599 1740 5869 11788 24545 11561 4873 24302 12489 27301 4091 11802 27208 13919 4818 21258 16592 7191 6179 27509 25071 16344 1798 1467 31735 25005 1799 18701 16919 11493 18383 27467 15760 4589 20285 10551 21012 3571 17782 997 15494 27871 2557 15062 23451 27497 4764 10970 19647 27791 14960 3981 30495 6253 3392 2010 10581 23061 19163 20799 19006 3296 11989 23686 8597 28337 4218 15522 23628 16218 23626 26121 27471 28867 5013 16069 25716 29335 7214 20678 25606 18620 6482 1444 10520 9877 22818 16341 19013 2422 14636 2930 11275 28731 29361 4709 22183 6577 26799 12784 14526 29752 25887 9325 4088 4204 12732 12881 30020 25638 22879 21207 15402 30484 28305 14351 3718 2184 25524 22802 699 29690 12944 7906 20916 2532 25192 17224 18630 2610 14507 1331 3711 13625 985 11803 27363 28076 28486 21638 17861 20592 29097 26804 22396 30796 22446 13094 7198 15095 22579 5080 17956 10682 29616 6643 4068 20351 15054 3145 11603 27525 27214 4394 6525 5736 24720 7290 25878 26380 2397 17272 13973 25143 16216 15549 4466 17394 11704 14438 32428 30965 26083 5994 11695 15237 26614 27096 11061 25675 4044 19243 20707 10153 18168 21130 30424 825 25770 31295 22779 9743 17604 19713 10734 15058 30796 14024 18132 26562 630 23584 25047 24981 28055 16605 12274 1529 18787 1463 17311 12700 5285 19557 8918 1261 16871 30348 27890 26959 32383 31059 19125 2599 6247 7260 8508 17246 9294 15738 24517 1284 23100 14649 1201 5945 18999 31175 739 24149 26070 21617 24177 3469 5327 20183 12826 3041 15816 16666 31424 18060 3770 1401 25238 1841 17034 22302 19702 1225 27589 17978 17863 
9993 24212 5728 50 5232 19490 5172 8366 296 7114 3837 2857 2379 8300 30647 578 26186 30635 25490 8112 32243 24449 7779 24684 3804 3 13487 19258 7163 30385 5627 22783 15033 19882 13425 25020 16912 4848 18580 18238 818 12696 25573 19824 1855 204 2547 7598 24548 11182 24210 4850 4851 26970 7131 22530 21181 3432 23726 10779 914 3988 28491 11940 16716 3610 23927 24914 16443 25573 31347 4948 8604 23160 27248 12569 1152 1936 23122 10331 7131 22763 14408 17825 18287 21285 18434 9776 27475 16510 27279 5330 3106 13479 1848 10969 29861 19518 21049 9317 1390 18352 20529 12187 23875 4512 7269 13693 28605 1118 16342 25257 5604 23954 15400 14860 6287 11711 27410 17850 1002 15380 13401 5742 17093 13527 1450 25865 9666 18307 21599 14167 27595 26244 12929 1347 29479 19401 5885 14140 13869 418 1797 13078 1096 29316 29165 10851 1443 7454 648 16310 27445 3006 27860 10304 9068 27878 20052 20395 26800 5147 8002 5151 25954 25097 28089 29321 11842 13990 20985 28950 21523 20002 15916 10165 30170 2849 8232 28981 15799 22709 3786 10002 29114 16443 29553 32446 30866 18521 11547 17472 32436 30549 7084 28129 7022 10113 17460 28489 15618 27679 17239 12041 30415 16068 25421 16565 12072 3618 21464 1315 11876 30233 19562 19136 6378 13304 19857 29408 7892 1074 16425 15949 27944 32182 11325 4478 5668 19429 16894 30347 8206 26729 547 13427 16018 214 21463 27227 16677 29635 13836 4491 23991 12588 3875 18212 8427 1760 16077 25451 19835 5774 27779 12290 27766 9722 21198 22197 28335 16922 30280 30793 20148 24926 10632 2590 31342 15245 495 12975 9264 4207 12572 10835 32599 9801 9154 26367 29394 27622 30132 661 32098 19322 24596 22551 30766 23681 30583 22817 16853 9437 25380 24823 425 4392 14602 8948 29387 13428 8359 200 14616 7616 21611 10376 1670 3091 27495 17506 14294 6470 25585 24473 31787 4041 21347 17255 4696 23413 18773 10115 23515 1922 4739 4141 11775 22360 30290 27454 11500 14781 8994 2334 16410 32651 28371 21098 10790 21403 23558 3362 1790 16899 10539 8374 13756 32096 17196 11822 29379 28430 6743 27264 5158 15616 11993 5046 22774 5422 636 1826 19563 9852 31470 5092 29710 842 19816 15946 29963 23976 14582 18866 22147 17934 23441 5982 21208 21447 12136 10189 20060 18406 15572 26868 11107 18432 16182 31741 4141 25700 30804 2733 21787 27164 329 26785 
18733 9996 14775 3174 19699 18533 1496 22670 20999 21650 3518 10246 8297 8646 7282 12831 18102 17912 22881 5639 31023 24248 20210 28213 23009 16727 2993 6088 7931 24324 15808 21822 1300 17510 20850 30229 1402 29933 32292 13981 24362 4139 10 2339 864 29754 27623 26416 11511 30070 21218 16758 19038 12478 16557 11440 18485 9385 8401 17851 28925 13905 17824 19290 13360 30695 17295 22871 20752 14055 31229 10548 12600 24643 9026 21174 28771 26835 22463 20037 2457 9618 18661 5658 21523 2619 14084 24331 30751 30880 19988 11947 1119 20199 22996 17616 20528 4997 1341 9771 23188 4707 22826 7208 3999 17628 12052 8419 342 3615 24270 27426 16697 13911 9122 6517 23031 32427 15027 29027 11065 22567 2402 28347 18366 5587 22124 28451 22039 18001 4182 1620 27046 7028 7295 76 12025 15714 12298 27352 27724 30612 20436 19329 3697 16124 21460 4282 6315 21159 29821 6627 20976 23187 11804 17568 61 28632 18068 28002 17612 13644 3204 822 13414 6314 26995 25858 21950 14351 16741 7998 2885 1064 31787 23528 16676 31216 23198 377 26352 22793 8331 21035 10129 28884 17379 9461 11521 1259 4900 30166 26687 24146 12287 27252 1102 31817 19504 31463 11113 30397 8422 10882 16078 24188 2263 6668 4959 4497 31650 23025 9207 4089 19608 17768 20806 31074 7963 13154 17207 27554 31043 15171 14395 26039 6771 12624 31752 20278 19068 11975 1838 2120 24788 25161 12903 10864 30550 28144 31591 18682 3105 25565 18952 3227 31770 11454 16360 32352 23106 1862 22195 23575 1113 29797 14106 32342 8726 28350 20429 18843 2972 1940 22363 21560 29094 5895 8992 13628 825 21482 25244 13179 19290 6782 27878 1408 3624 21823 15911 25288 1608 26234 12690 10558 23719 8988 13638 17892 17141 32403 24659 20908 23316 26667 25857 1108 28665 13466 12153 31945 24988 20716 13806 15424 25647 20375 1951 11633 1894 106 18892 31043 32219 4769 18727 8009 13805 2075 4308 15395 12443 20380 28554 30929 14833 24784 12223 32304 20513 28339 4998 2106 22512 12428 13628 3055 10506 17985 27719 20650 30353 12931 13336 19121 5487 13870 6244 17633 31539 16586 10391 11818 30553 23349 4838 16245 15372 10681 1649 4135 27733 2075 20712 214 17720 9382 11036 19583 8068 15500 9452 20341 31200 1651 11332 27408 15050 12459 8809 32104 20888 8965 13430 21706 31637 20861 13786 19227 5170 20799 14639 32257 15232 2928 12065 19177 26797 26280 
8909 23788 13266 16245 16400 9763 4375 21034 1345 12419 27366 12335 323 6678 24083 1358 4144 20360 23961 30764 29756 23279 23399 13907 25062 19937 25180 7308 26486 3861 32532 17756 11083 18085 12062 28413 27700 8535 28687 10442 4771 24226 12032 23144 14538 18259 21888 27541 30865 9538 13630 31864 17970 4517 18951 23476 21838 3857 17372 6002 12138 19298 8309 11591 14951 27710 4811 2291 18191 14275 3499 32196 24032 12562 16254 22395 6884 6294 30128 28064 7839 18628 21811 24758 8230 9030 1273 13006 6179 32141 20149 21618 30908 33 10459 27540 24798 25861 28121 29602 31212 31482 18797 8964 4782 30342 6002 6653 14141 7054 93 10235 22896 25758 29974 9804 8549 24605 20083 14182 7198 26037 16161 15736 10600 29014 9638 2885 5195 503 9809 965 30858 29374 16449 28583 15795 14047 28598 19963 3129 14141 8683 21422 5596 20704 16860 11618 18356 2541 2654 29132 8895 4223 16900 30350 24939 19565 2237 29082 7437 21894 21805 23872 26031 12027 30846 27453 6785 1524 22549 31491 6752 5289 21016 13222 26555 21988 15524 12565 19606 15465 15043 20108 14095 32701 4839 21010 23253 9141 30156 18616 32411 6355 1648 1314 279 22307 7456 21673 14041 17204 16519 18492 16991 24690 18428 15466 12695 25354 29481 27753 26112 23775 10017 31964 7176 32574 24833 19040 20056 18208 22802 22458 5751 7866 24563 1803 5025 21086 3038 12628 13039 20052 303 5678 9569 19357 15321 3451 7832 25568 30883 18745 19681 13905 21540 26858 25513 24793 28917 31869 22075 23617 27275 8001 12123 13528 10464 8191 22267 60 14783 26545 6573 24876 30587 19063 5467 12918 23352 7350 2802 9186 14540 15565 20793 29445 19059 30401 26259 24338 19363 14821 23012 12276 19391 14325 10587 9445 2138 1518 29547 31732 28811 28170 11690 24526 2854 7452 19697 31745 4802 5138 7585 20425 3921 11542 3904 32637 645 24391 31725 13617 3810 26052 2750 17239 4792 13538 17959 18503 15498 28407 22590 26171 10790 2007 26 3955 14762 30770 14360 24821 12592 31223 20780 10158 6466 17868 26987 18413 8949 15622 19974 1811 5686 15182 25511 28808 32147 4028 9999 1050 7779 22992 21302 32538 2288 25165 22630 674 23457 12464 12314 14766 11485 23047 22387 1239 29938 1190 4228 21608 6640 7714 32739 9483 12960 5490 4201 16627 30181 5528 8029 18837 15602 13263 14792 31536 4791 1841 19831 3741 880 11177 10899 18788 28479 10658 
27288 3961 21864 3544 23193 21451 18007 11579 10946 28948 26540 28255 22684 28262 6137 30994 18340 798 28913 2750 9733 31939 6773 11018 16176 21729 967 24153 6299 12474 29949 18426 31369 15021 3877 6338 7006 9823 848 7353 6832 30931 12336 1565 7173 9798 21339 19526 12273 24978 32185 22896 443 30188 10516 7641 7227 1566 13884 20364 1660 6887 13812 19697 827 22805 21075 8867 7472 9636 16395 573 4962 25517 27493 28119 28532 19727 4636 1055 21048 14471 21884 833 17630 23855 12829 18689 8408 25647 1354 1919 18780 23629 1456 32747 29386 11066 17680 7004 30785 6558 32455 15762 29519 5101 17727 7052 6323 17158 31788 11202 31710 30262 9540 1470 4756 9521 8852 12017 22594 11662 20990 30178 5552 25623 27191 21177 26478 7013 21914 5906 9994 19263 32088 18051 21979 6766 28853 13774 22972 5750 5267 2300 16841 13964 12488 21141 16538 12186 18929 16712 29373 18189 13525 22803 5467 3581 18898 16207 4208 31637 14602 4616 20800 3471 20074 23739 30112 286 25078 19382 8731 22136 21731 30902 21582 23867 18822 28810 12683 7750 30323 4030 13261 4813 20297 18330 1922 18437 19755 8595 10451 27716 30637 30469 31922 27065 19403 27447 30026 16745 17412 30173 18051 24028 1900 10148 27957 31618 1228 31675 28400 25411 19175 30368 4689 14627 14022 21131 17869 12562 1707 17781 15473 9229 27941 25910 2271 20489 2313 14475 598 21149 19970 24201 28493 7247 8356 9887 14672 7479 28135 10389 19465 26983 20220 19401 486 24757 13283 850 25656 24505 8115 32351 21382 5203 31457 4196 15805 8768 24232 31315 27974 27720 21852 28017 16899 20208 5530 27218 19961 27645 18055 27995 13471 19454 8284 22714 8016 25395 9349 24936 13184 3632 271 28750 12363 15539 32686 10542 9251 12429 21817 11158 7057 4629 663 20306 12479 22005 25476 21923 20285 30935 1875 17252 23471 30936 28677 2272 30979 25416 28368 31501 8328 15725 20741 7738 4838 11618 19917 19286 14965 13768 15205 29262 5763 27562 6381 27432 24581 32281 30670 16510 26445 28345 2806 14377 21852 12072 13647 15487 20958 5711 17914 16312 29991 14081 31031 10049 28516 21596 25467 31712 25812 23219 9427 29612 32242 2105 28803 15585 22458 29073 2756 2148 1719 381 8623 12568 19043 16113 32670 12533 24094 1114 24719 27172 3507 3661 5509 8327 4558 18920 26297 32712 5951 3583 19305 11683 20598 7346 9364 11511 18382 22535 9717 27011 
12451 8936 6663 30910 13449 20961 6117 21557 30793 15942 3909 18730 20617 31605 32243 27356 7146 16383 1590 9488 24655 12374 330 22937 11605 20443 11809 1431 6447 3364 31625 20839 1988 23096 2227 16907 2392 8322 27352 2569 8049 5426 1609 12138 28867 4676 12510 16916 10426 30447 26494 16762 4480 26707 31914 12904 12670 8540 26625 5199 14357 26625 15968 23669 19315 26430 32504 6456 13824 30064 3916 20538 25551 26085 28140 18401 30677 1402 13755 8498 29913 4081 13282 21039 19804 3948 7317 3038 25470 11690 28622 17675 25306 18382 23995 13580 9999 27398 9440 1446 31098 16512 32149 531 20811 18837 26498 7276 32742 7974 19744 5571 27123 27462 19603 16583 2265 6577 19059 24660 28267 21116 24918 106 6567 20502 7685 9000 24278 29459 10783 22640 15218 5866 13763 15437 13495 7111 28664 22460 19300 19804 18226 22719 28795 18835 3074 20821 1812 32487 23781 18289 28239 1840 17202 26664 8928 14154 21739 20246 2904 17823 32115 16004 26490 20241 29242 14686 24333 14950 9990 30806 29816 32764 5456 5675 28740 18317 17425 28741 27283 26958 9369 31171 13728 29015 23211 4796 29394 32687 28219 7911 3846 11702 7265 24923 27935 2866 17722 11660 24538 24570 24829 16812 19932 3939 9753 26752 11825 4589 6486 22546 23180 10948 15492 29003 27842 2610 19852 5927 16723 12832 31303 2023 12716 17945 11898 6695 6146 12406 9115 7868 23702 8676 21589 16180 9841 9156 11059 6557 24217 31493 28082 30126 14684 9928 25416 14862 8122 20670 23241 30841 7228 5800 8237 281 7207 26762 16041 24761 4176 11360 6850 621 20129 18489 24893 13782 1337 26235 24112 11471 6746 22746 12585 25237 27677 26113 3392 32320 13642 29119 14964 31005 21336 22902 23287 606 30221 10259 20339 14965 30475 29926 2669 30201 3342 2885 18487 26395 19943 1765 13893 9567 26885 22718 23103 29992 19118 29583 16461 20516 28520 1336 1867 27230 2333 8851 10511 18308 17129 1986 32644 16936 2134 31399 7461 8098 2141 30290 29448 7085 9574 9471 12519 27443 9166 20133 26594 21985 13630 18156 8161 26636 31506 32665 8606 7185 13563 21881 28716 31179 15294 21018 10979 11370 23174 25194 20218 23922 15152 25211 14772 112 7352 21395 3559 14787 18234 5913 13406 10480 7105 17821 23716 32661 6541 27326 18563 22124 11004 29212 203 7464 6021 10118 325 6322 16894 12829 30712 15301 9509 12933 8209 15007 24316 7895 25704 647 
25788 36 28438 5039 5925 16612 14757 16342 26810 23178 8928 8387 31979 23744 16583 25641 9119 12699 22386 13325 9854 6008 2970 20339 5192 27366 1923 14598 15655 29210 729 28248 30988 32391 7862 30480 28806 26051 17853 25233 9751 17682 8613 18176 6006 17301 321 29657 9876 6868 11354 7163 6769 28964 7968 21515 8535 8133 14454 7285 17794 3890 14772 27903 10831 2812 3486 17341 7757 1394 20707 10546 15879 7304 11051 14112 1403 28664 24981 32538 9418 13577 22204 666 20236 12572 11815 7019 22290 21448 22767 32199 28585 32283 10023 12097 30600 6012 5669 22414 15561 12950 24171 15610 13104 30056 5350 29006 15049 9232 5060 892 13945 9645 30902 25626 5250 6319 20163 31130 21523 26896 16197 15559 960 27586 12401 4410 31385 182 627 23376 23110 6751 15821 12636 14774 6624 12700 4997 8848 12933 6567 17403 1047 20243 16827 12565 26501 18680 583 28909 27942 13994 8013 5017 29318 15949 7156 11644 25921 30908 17373 12784 29585 8815 9975 29652 2726 3373 23603 7712 22036 890 30563 911 28993 28544 11795 30328 20213 7853 25805 13599 23829 8830 22813 28451 5116 7966 5333 5293 4910 13405 30666 23110 29614 27264 29714 10458 20606 5549 14375 13800 27819 9748 13451 2088 21144 23855 14895 1029 24616 10638 13681 2619 9035 16076 22243 19676 18361 11585 21594 17892 18179 29515 15241 21211 18853 5780 11972 388 526 8067 5003 21303 4879 4215 4376 10658 18619 5676 9754 17459 15170 30283 4364 10426 1727 30563 12652 17031 28626 16398 26622 27020 10475 12648 2363 20814 15054 23746 3969 32676 31628 10376 6198 32378 23545 3401 1522 20529 7526 17853 30846 30979 22418 4186 14557 15059 24562 3744 13603 23572 12996 17843 10540 32540 12167 17155 17604 24538 26821 20302 11544 22416 18694 15315 4986 14758 1764 24667 4334 22611 6451 12094 17038 661 12135 4993 28986 13764 983 32541 24136 13793 4119 26897 17163 21529 15153 1341 11762 11995 19572 26976 30172 9195 14845 32703 28218 31088 6738 31131 18397 11485 6 7824 4793 10252 30637 10370 31043 20930 10275 22308 7233 23863 26260 9080 700 13924 3818 16741 25704 10251 1338 15854 11317 12352 16317 23248 15126 4073 2899 19561 18189 14087 25826 13535 28577 19288 7673 21284 28736 28430 30239 30972 9946 6868 7177 8798 32478 1214 9816 11685 13029 4078 17683 11717 30297 16207 31943 8895 14700 20726 16671 30215 12276 8602 
30421 17366 1467 23756 29401 5885 31923 12461 1088 26853 14923 10218 26612 29767 2554 2872 15550 189 26672 24948 16433 4604 12443 12565 27453 11527 26310 22650 22142 18570 13408 31883 21815 6926 3221 24974 20237 7837 21152 28210 15342 10538 10950 13807 3110 31001 24121 1687 15878 15140 24376 2858 20826 29864 8214 4067 16979 25989 8800 3500 17895 14366 20280 29767 11592 13247 28684 32456 5668 3159 17382 32645 19680 15970 18968 8198 29186 27124 26319 9827 20274 24688 8633 883 1117 7605 22776 28829 11583 3075 5099 8727 31570 408 16043 30596 20575 28483 7004 22525 918 17044 11650 13523 9413 16605 10836 8273 14865 31621 21726 965 28250 9545 2664 1901 2613 13318 21111 29892 1270 29887 29255 4766 12533 23514 31720 11924 30080 6094 31649 25297 8535 29013 27215 26928 24355 28791 22150 22111 22886 571 26935 30285 25946 23731 31519 26619 31332 31587 22040 3676 12553 29647 7316 30003 12863 1294 11862 15609 5313 17637 512 7988 30159 28981 21530 10798 7387 10652 24265 7904 12884 31502 10625 9216 11483 3531 24806 23750 15910 25798 15864 9932 2142 15511 30816 29652 16750 27362 13250 1286 3346 25545 26515 21361 20343 4132 1537 20221 7607 32735 22834 27040 27403 11112 9918 32730 31737 14936 30666 18383 11984 23601 21612 13456 28353 32461 15260 3130 2478 30344 25479 3850 17353 9701 5431 13484 19420 21793 2217 256 13467 10236 29467 19187 1411 6306 29113 15654 32262 7149 10006 25486 3369 1055 31328 17950 17829 10037 9556 24830 3811 27825 29978 10074 29799 10286 10261 19493 11784 14893 12677 6003 9041 29260 6798 10489 31562 7889 21289 5725 1621 6875 13893 22333 15933 20662 23595 9712 10860 31537 15577 26813 208 6333 895 6966 19669 20614 2890 3201 3654 16360 27084 894 19162 5076 29878 28996 4833 4361 25837 12683 7055 27409 26915 28374 12936 14075 24005 22280 8888 18792 26547 15566 1378 25950 8907 4958 32160 3476 6447 17675 24208 12736 23746 32022 21572 4666 18927 2589 2044 17194 15944 3745 22373 19794 11193 3840 27742 925 29697 17211 6292 9082 29297 28052 9629 3710 22951 29007 29858 22073 9999 26645 7939 17839 25675 6902 10507 19711 11694 8927 2456 20535 12538 18765 10135 26293 26190 17326 3208 127 25437 15998 26281 15694 9835 14192 19731 11921 28869 7066 2236 20646 26988 7036 9561 31932 10716 16503 29266 27231 29634 10046 17245 20039 8876 24237 
16547 29573 27048 31503 2495 13009 13779 7237 8588 24320 4054 12328 3518 18283 3343 7094 24199 12266 27027 22423 2757 32346 3995 14362 28997 10252 21469 21704 1456 14797 28484 18482 533 21612 30721 22863 3976 31863 8957 11580 143 12844 25460 13439 14422 14595 4837 21867 24388 14609 18330 3604 23816 19273 5993 7425 4825 29450 7295 5740 30440 24315 24948 10219 31258 30457 1742 24726 14169 27556 20679 12491 27686 13967 15734 15507 26514 4591 2668 4880 15707 17803 6960 22233 9800 477 14500 10303 6719 28080 24046 17564 5942 7681 20827 18918 19993 24837 31362 13748 1367 20749 28434 13652 8823 29491 13124 25786 22510 28582 9968 20147 242 12419 14442 9839 5783 4770 27686 17384 746 13143 23134 3054 28571 15372 6417 22127 7208 22570 21665 4629 12950 32195 30025 28138 31334 21708 16601 2163 3051 4828 28493 15020 16596 17463 19645 4907 9782 8810 29649 13578 12139 13080 24123 1957 4693 15453 9245 898 24201 12806 29988 12947 9770 28249 10215 29763 16929 22936 210 13717 679 19049 14441 20977 16102 8957 12982 28998 6305 12406 8360 9654 11554 24542 7328 18435 28711 18967 3479 26849 25768 24165 12190 25393 736 873 20139 19900 12996 24088 26146 10498 24243 24324 15411 27632 4321 17492 17293 22787 10406 1973 15094 14488 5018 25097 21394 21863 31259 5248 7766 16534 7265 23607 7137 12006 25537 7404 14505 28954 4316 21040 27234 28431 29843 17320 26603 25203 10217 22110 19776 7525 23888 24040 19709 446 9584 3363 3504 578 25234 14280 2586 9708 22770 9818 24191 12941 13238 31837 27802 13936 23199 1196 2764 3380 7007 8818 26150 8781 26520 12178 29533 9883 13940 577 30141 14650 28750 19024 6662 14558 10273 5137 16933 31874 8712 15752 15987 29892 29220 25366 21689 30720 31642 31608 18527 23073 29519 2748 4224 17068 15188 30373 12804 29715 5932 30111 3286 18300 15039 6284 6911 28431 4431 6129 19290 21768 8090 32102 14207 3950 17954 30336 7877 20413 19272 23588 16603 8830 17187 13560 22728 5142 15103 21904 12361 13320 22153 501 16846 14913 15234 23000 13019 13586 10887 15391 13340 11518 2312 28329 23222 1637 28694 10546 21352 3177 26670 12558 17656 925 8053 24849 20731 22668 4661 17657 5574 15344 9619 19201 20676 3347 10212 28964 31719 29053 22417 1137 620 10087 28063 13106 4411 32732 27127 14941 2946 18721 17746 13985 23520 22963 16088 23794 20653 25378 
690 32671 16261 3750 9217 21954 10828 3850 1558 9961 201 31899 6391 5355 31697 12122 30748 6722 24024 7910 1056 13522 20291 29075 29488 13611 6513 29805 25333 16201 14757 11907 8175 22128 1769 21864 29765 13093 3705 5646 26925 28464 20527 16289 20947 27129 3380 27093 30199 5678 31538 29941 28874 7058 10888 16069 15500 21184 4182 6050 31828 15148 13486 31237 14862 5968 4601 3050 8375 28444 2205 8917 17424 7189 6686 3788 16229 7965 9647 19042 11744 31984 7761 5011 5227 32384 15366 8973 32286 28941 30456 3616 31779 10905 31565 9979 4823 5492 21820 17869 13099 30526 18821 14088 23605 5041 24192 17231 24518 2412 930 31777 148 1646 29418 2577 8129 23625 21196 11728 13182 2473 20969 28058 18261 1348 20219 13735 16249 10376 23613 590 13303 4503 6197 14561 4794 20474 12465 15437 2988 3409 29678 399 28472 19387 12574 27242 32346 17948 13080 5714 32209 27727 26567 2770 22305 23704 26471 12176 4073 23130 4418 12096 11655 26387 23054 31624 26451 1537 31911 9825 11128 1749 22766 21293 19785 28831 1527 22779 32150 11087 13996 29687 29255 20101 10437 3696 24748 12689 10442 24262 14923 25016 6047 20080 21773 29255 19817 26121 5745 28381 32732 26086 20406 8128 5034 12971 6435 22493 31447 22296 8258 9859 23066 6324 31718 3942 25582 3126 7657 3781 25479 16908 11447 5905 23357 30166 2018 17634 11496 5130 17966 988 31961 23131 26803 22648 5369 24395 5123 2724 25479 28651 20713 2855 145 22766 28894 8300 2555 29033 20127 2568 22130 19372 17479 26292 2873 27985 28309 10725 28746 9063 4291 9008 16948 25245 12336 10480 3578 23713 5047 21953 1328 26496 17032 16425 26555 4208 15908 19627 16013 22145 18153 6805 380 2176 4822 16363 7806 15175 16587 9155 2989 25965 31859 8359 9181 21503 6487 31323 13506 3171 21151 12201 11489 16294 8680 29512 16688 19713 4344 15757 9657 9006 3319 2194 192 3915 24555 5335 9064 21505 1225 31375 3504 14256 20922 4536 12019 13147 12486 18985 24885 12518 5592 13721 7752 9790 31117 27038 11346 32154 4473 13864 3499 2266 29021 14818 12229 9806 16877 15814 19409 28434 11586 13968 1735 7778 26794 26626 276 23540 16348 12803 1553 16542 9623 28334 28526 3338 27572 27958 23235 32365 12018 147 4713 9340 28293 24645 215 29744 27439 29827 5884 19718 17436 611 28622 3301 30561 26778 28825 9176 16462 4091 3135 28944 
15709 26234 24990 18455 19815 31769 2533 26840 8913 29416 12535 25250 19988 22649 9576 9131 22106 13125 6128 24772 9263 11423 26018 8517 29117 12162 2034 11589 17726 338 20525 27624 29083 30754 24355 28279 6588 31652 30579 4181 30737 11292 6891 32480 13650 30343 8984 6140 8606 3428 30435 32388 30611 23265 25761 29753 30629 28892 32375 20980 27522 26950 2313 28373 14644 4831 15378 25137 3953 16155 29190 20984 18281 25784 191 26823 23917 19629 26314 1105 20035 25537 7842 23107 15396 7686 31303 12563 18046 11643 26401 25233 15477 27528 13171 15124 18124 2906 23580 12434 18771 27360 2369 7790 12461 14086 4918 13165 22730 2490 16319 7751 24969 21766 9105 31100 8320 14067 29079 24151 17442 25621 30797 10639 2369 609 4560 10419 26216 20336 7399 10318 10368 30875 6021 5744 69 13052 28650 23743 28670 32259 24938 22938 7625 21002 27733 9390 580 5491 13651 20665 32686 24236 23971 14637 31582 8413 28898 8270 21135 24684 26929 25506 14897 31706 254 8798 12615 23696 3209 588 845 25491 31761 2734 23126 11584 22594 31812 20524 31728 23918 15392 7512 31254 21232 24027 29991 19244 21303 17113 11761 22331 32595 24577 11091 1935 15698 25387 32037 27982 2890 4751 27341 16168 26158 4036 3657 27579 12546 31299 8444 17262 23400 7042 9532 28699 18182 20362 17858 2303 14617 6185 24347 18910 16460 26288 20261 8764 6271 30506 30875 22603 25368 1265 13348 29159 9470 24236 24530 27308 8722 28324 26902 7537 20905 21687 5910 2905 21272 9354 27868 25892 12188 476 26239 20314 3812 23417 16724 32049 14657 16346 1104 31425 31192 13054 32319 21746 12950 6985 29550 30406 1784 18762 30908 22557 13117 20877 6186 9173 23112 19946 7614 15288 26498 6265 28784 1327 10947 27564 11905 4918 830 1695 1378 7689 4909 6399 21245 12368 8064 22235 1009 32738 20141 18144 7204 15387 2173 19076 29244 31350 32520 4612 1765 6412 30558 25601 604 19329 21385 32122 25945 27328 11785 29031 5949 4901 16864 18693 29746 32499 24553 5869 1321 10713 13406 19935 456 12978 30074 7215 3211 23394 1288 26159 18144 2486 7951 24255 25693 18114 25963 6552 6678 10011 7092 18250 3301 4866 19189 2001 9400 31974 3103 25702 15000 9999 32394 10375 19192 9238 27840 23510 24401 7720 27087 12139 23748 30029 7001 31294 17462 32511 3356 12773 3108 12141 21714 543 13057 19361 25978 908 6466 22406 3821 25475 
19590 18599 31558 23293 32540 16196 30492 16511 576 27477 6824 32434 5433 22509 18157 2482 26735 12172 60 5832 20667 22234 2805 1142 13934 30340 22432 8238 28642 31860 28052 7820 20734 30838 15465 15770 8606 26102 1834 31378 16016 27040 16802 22311 8465 20367 12610 27760 16564 9352 2463 1080 4293 18819 27379 5571 8016 27529 22057 9729 29056 537 30041 7251 6874 10246 31524 7266 21980 26099 11754 3268 19835 21111 13722 26773 18215 4168 17474 19713 25516 25248 17361 25008 14565 16209 29498 24458 3218 714 3503 15704 4034 12456 13439 13511 2479 16112 2644 29837 30017 15556 2588 18019 3163 5120 19410 7076 25462 24442 449 30875 24908 19143 16984 3251 27739 6301 25978 21480 24675 29127 11277 11440 16639 13948 32262 10784 15358 29066 16624 22106 18149 29113 7090 3225 21772 15394 16108 9867 30537 12752 27561 21679 28383 5236 3683 13936 26456 10165 28068 11785 2555 5942 9363 17647 3687 25827 16030 2394 15809 9275 21246 25204 7422 1754 24097 27832 25495 18953 23448 19832 6707 4035 6934 32136 21335 672 32652 15727 4422 11844 31549 26406 2959 1864 10948 8774 25960 5756 10248 14843 29405 7461 5527 4690 12410 22042 1382 23820 22983 27544 6670 3001 18352 11212 30641 1963 29700 26520 2379 22423 19013 9148 6105 19183 334 3378 9882 12933 11168 4388 1151 17570 6244 10352 29729 8213 26498 27594 31939 12383 8333 18611 8460 8603 32156 18875 27110 2472 9801 23601 27473 24041 12489 9147 19646 21298 28102 5084 22067 25866 7126 1504 11950 26751 28115 2333 17176 26346 27822 17653 9453 25977 14421 12236 31122 17318 5699 32626 30323 2989 15378 28126 7701 24408 2343 15077 25729 9173 3320 628 5714 7982 17278 31683 32225 17117 32462 25674 23916 20431 26359 30542 9067 14480 28811 9187 30889 11875 17227 24623 13134 14624 13388 20246 6861 3867 29105 3591 12298 3121 11361 23479 29770 26602 30448 9043 18943 11743 347 26790 18777 15931 31503 29610 30407 19299 24143 8252 17244 27722 24247 21789 8065 14438 11304 18642 23417 4333 20170 24621 10780 8928 7835 27342 7848 30726 22583 10509 6600 27728 22325 23021 16190 10535 26522 31966 28190 19275 22202 19957 13339 27834 15888 7650 7575 2306 11718 28587 24203 9922 12626 25055 21063 19278 24402 22624 25963 26066 24022 29640 16713 6723 30971 16077 16729 683 20929 20448 1921 12370 22896 5259 15189 13197 29981 14523 29256 4164 
894 32329 15758 24860 12952 16288 23735 8861 6244 16150 20658 30231 12915 8183 25179 4251 1039 10654 11581 30396 6990 16940 18427 16659 32755 9020 21452 15824 16351 875 848 926 15319 3781 26678 2306 27272 19141 28645 7002 23461 30607 13911 3722 2529 26747 2444 16602 22056 29678 17831 15834 9101 13302 21768 1166 565 26416 22599 6462 27673 23038 1792 5838 9712 3305 10793 9796 15197 25187 5010 2352 4329 10728 7519 32052 351 28852 4197 29736 20137 26829 32007 4811 19087 32189 6720 493 26608 22182 25016 9653 16655 27738 16945 5910 18739 29166 23187 15436 6580 31522 25011 14191 24206 10956 3349 16829 4154 24924 28721 20817 28015 10059 30042 10525 30602 24380 21008 23699 19385 3528 1404 28910 25432 10349 27746 5104 32145 23588 9742 453 12481 6171 26705 18298 12093 25652 32697 1303 25050 23125 30833 31150 23390 22623 20298 11928 28937 26148 1147 16620 6722 870 2083 13102 12725 28940 29385 14712 9090 19117 23510 1973 13326 6516 9873 20634 26987 24999 4093 12711 15643 25800 24372 31858 26552 7691 25699 537 1882 30242 14221 12707 18178 1360 28139 13911 22119 26707 31432 9453 5450 6307 26657 10916 22058 793 11385 3182 11618 1821 3731 17310 30626 29238 21333 25495 25288 29944 28978 8037 29678 7317 14712 20993 3790 31125 19397 15704 17512 31641 15899 6802 2349 24093 13628 3334 26137 28403 24857 14559 32138 7153 19826 22784 8241 18924 23324 9524 3792 8470 1883 8744 2201 12757 18745 29843 4214 8927 1433 30526 18048 6850 21250 707 23358 5981 28423 15839 31098 30315 29760 9720 16093 18510 17172 6836 16394 24417 5476 2972 7125 28755 29638 17223 27076 32322 13904 15760 10231 28635 16684 29808 10667 3428 16010 19647 25054 28909 23707 7530 4877 29599 28723 13693 18407 28602 12498 2238 16518 28529 3727 25415 1286 14712 16969 2739 19325 13710 452 25887 4117 17380 10368 13314 9942 20771 31082 2699 23296 17434 4379 17374 8393 26230 2053 3761 23456 19183 27871 20224 13621 12817 20703 18487 31121 12322 2462 2868 31743 28680 25010 32504 10019 7753 29753 4102 32337 13423 27301 22034 31269 24443 19097 22285 5934 31781 31355 11178 13593 19913 12677 12877 14440 15174 18901 4074 28597 10232 1970 9106 25211 18008 14769 32048 31829 15387 12220 22215 27761 9652 26953 27949 12088 27245 16398 10925 31717 4013 16973 3774 25228 12052 11816 22907 2880 3815 6954 21301 
27609 16871 18792 25161 27270 17599 18302 1480 22575 1329 15532 14101 630 17013 31337 29446 8511 30147 9505 31584 21181 9930 27141 31058 25480 20876 25730 15636 29829 22077 32268 15803 21699 1830 19830 11860 28533 17707 2216 15533 28977 30060 24957 28023 9995 11160 5712 25995 32606 28397 10501 8256 14304 29333 5892 10792 19340 24140 26473 19994 31910 10624 24554 31043 15846 30365 32094 2624 19731 29063 20433 9857 7093 23881 4475 7443 6448 16753 675 25470 18587 5616 2175 1057 26324 2261 31098 13819 29786 11667 8762 26037 22601 29050 10984 23546 22984 19424 8337 27618 16376 6193 24381 7771 17168 23305 8713 25795 12095 30450 15882 25410 32749 20250 18409 14304 17160 24387 12414 8915 20105 28240 18180 4546 25667 31870 16723 32399 23974 13080 23158 13834 4973 5019 3486 18541 19036 17775 22285 25148 11097 19741 5388 22787 8233 17413 19939 21817 10682 2692 29227 29975 19098 30674 4524 7323 18278 16943 5823 18462 25812 15144 23994 12187 31626 26483 7804 22660 23688 14566 3568 12911 31271 5688 19614 10649 21213 4081 1299 28487 25386 20446 667 16187 2618 12028 23754 18133 6317 30076 26402 23295 21615 4335 32491 9770 947 31845 21381 25265 12376 13203 6259 27987 2673 24817 15241 31988 1729 27612 19508 436 10738 19101 30048 19246 19068 27171 4651 32011 32585 3345 869 29473 17029 11775 1172 19387 20391 28579 17789 7353 5199 25943 31855 17485 4751 10213 19263 3926 14066 13375 1700 30763 14338 8141 20426 1411 8548 854 10837 7103 12104 28930 12241 17192 23871 19744 8890 25665 19053 30041 28434 16557 26374 25350 12686 9780 8229 13050 8218 2994 2170 13511 20421 20710 3944 14919 32554 1345 1488 15443 31639 2401 25446 16509 10077 16813 139 29999 730 16222 16128 6784 17711 28169 3070 20582 2026 16092 12428 20376 9000 7771 4105 17778 4771 1798 21845 28531 8782 1392 2703 27914 15322 12077 19765 17023 6622 4319 16787 31412 17114 29364 10644 15042 17105 20946 23041 16800 707 7054 10060 15314 23351 25559 27361 4985 25089 12706 27910 13461 7919 15776 7027 5571 32291 7985 17908 2370 18116 13988 17865 5296 23251 11119 21757 30700 12687 905 31240 10520 10286 23560 9060 29406 24452 27408 22403 31471 21608 4085 31367 19485 30888 5331 13808 1611 18074 6560 28666 10654 10190 805 17010 30285 27658 22018 6980 5913 13409 24495 3695 27142 22483 30535 29241 13082 8595 7774 
1377 12682 29764 2068 10132 24069 8164 25733 5417 21094 13930 14217 8940 25150 2118 11579 19172 981 21331 23162 10716 18842 20829 12373 3602 715 4235 21744 14301 21154 27094 30892 3773 4782 25416 27277 22025 24669 26472 11067 32184 21182 24910 5645 5972 2941 8091 25450 14143 24481 24913 817 10481 26618 4265 7230 8998 10233 1985 8235 14338 13769 13227 24772 26194 14914 20177 14400 5458 31462 7485 23705 17236 25677 7152 13257 21844 24016 6535 20142 29080 2948 21752 29382 23645 15254 2924 13472 19126 7807 12600 15698 1027 11538 24240 599 5776 17299 27046 1640 10825 21228 18818 30447 26424 12329 23695 6690 22445 28492 12010 25003 28298 25831 31160 5657 30791 8436 9723 30125 21928 20453 23614 6415 20453 5196 19121 31922 2175 13556 23076 32372 4261 7591 10484 21705 21331 22908 5250 13735 7305 21092 8907 17090 18568 9549 2352 28870 12830 12737 25279 30514 30402 3994 25423 21453 10114 30502 1474 1595 11330 10642 15110 20147 5504 10378 14374 11534 24115 21671 16740 6794 18073 13348 8412 19467 1078 11120 19489 27122 21698 2377 23227 14736 7597 30587 13795 27201 1673 23014 31036 23962 18119 10999 12290 938 20926 82 18861 11046 7428 32456 170 10448 1839 14394 20499 25904 15094 13376 13156 7517 6133 9937 24861 25989 21802 25318 13528 10658 28019 30363 11548 19918 15490 7994 7930 12164 16199 949 11311 29523 25371 19132 7369 9306 31224 15998 13164 3524 23709 11831 20365 21837 18641 20307 28630 31690 2337 4 915 15617 30776 4103 3834 19741 29666 32140 3022 32744 7060 30831 32696 29321 6157 30764 5331 29758 25881 10949 13560 9609 1345 30961 10394 26386 10122 1964 29594 5092 19623 14552 15756 8977 30684 29133 22360 22236 14174 3397 5544 9275 7016 24062 14381 3550 28243 4745 12941 15227 30142 8373 25492 11359 11825 14472 18880 19729 12281 13475 6227 32063 6529 1265 2637 6262 20396 9330 22061 10306 20582 25796 7365 3151 13220 3693 3610 5585 30008 31522 15426 32126 24871 6547 24346 28747 32 29279 16810 25699 7786 27551 23478 17955 26678 18815 12442 13550 1618 11231 16421 17019 5523 22262 25261 8355 14022 22298 27914 7736 7385 13289 2481 9143 15604 16338 4107 11728 2342 13307 28891 5285 2306 17503 3294 5248 8906 15166 24812 31743 17679 25769 164 13439 25107 4148 20739 25866 13621 11924 19596 11923 734 13643 25277 1412 5488 14076 12424 1996 
19333 8698 29150 19133 12523 13410 15868 21180 32682 15589 29140 26387 8481 30713 10548 27216 29818 28571 24860 24516 31547 31431 26820 17625 30666 18791 1635 6819 1686 20532 22017 6643 3215 21228 18110 19702 9235 23725 22564 7886 10837 17316 5189 13430 12956 4603 16794 30728 7288 1209 9361 22051 20091 6852 5051 14035 23989 31278 9029 9141 4599 5865 25364 15750 1739 11872 2822 11164 11966 30913 15919 9782 2845 11305 29439 12126 10064 19183 9222 29744 27564 9976 8420 32529 22113 9573 17604 12733 29413 28766 12923 30072 1880 32664 3243 31292 27 20707 22876 19021 8746 9149 31984 1925 16214 16700 20156 12642 6045 23755 1284 1092 19502 8347 16059 18291 21419 383 29605 5571 13596 2763 11203 27659 14424 3415 15777 9446 23975 24502 9123 25309 11544 23601 17177 19205 26833 32409 9382 16211 29082 12294 21017 19698 29152 4787 25327 11939 24397 8502 3921 21144 27706 3723 14351 31014 15089 26734 17930 3171 21708 21231 19089 29422 14834 22159 9494 11019 28555 30225 21133 30929 8279 28911 19568 1003 5672 27135 27257 21180 5480 30705 21775 3670 15300 24585 19766 444 18427 18503 16293 11327 32017 30212 14 635 29238 27178 20729 5054 3700 13204 14142 2336 11626 11622 20595 4941 240 7107 31784 20168 15022 19419 9350 24648 6544 20760 8781 24948 13969 31305 21112 28646 27422 30487 25704 32447 26065 13162 4395 26315 4061 1710 6656 1652 22555 3455 12518 25655 6149 9543 7000 24821 13129 1848 32620 30341 7624 29990 23076 20429 21082 19055 112 1222 20153 26629 17965 4463 11426 6396 9651 16427 9580 24579 13582 10054 23090 31390 18213 22675 11039 10594 5715 22912 5507 32375 14690 10868 16631 722 29437 1811 11140 23319 992 26978 21289 30748 17931 28194 26647 14281 238 9697 10916 2811 2232 13167 7967 1133 25726 23734 1984 17210 3561 2155 186 15365 26925 15262 15163 27297 2379 20805 20318 439 1673 7038 10702 29815 21141 15310 21694 12654 25189 22579 6368 32069 10633 986 31739 12729 2618 23899 1646 3614 15166 25899 11570 6877 20446 6813 11787 28193 17695 12975 4581 27798 3902 18049 10089 9068 32292 1443 22355 21197 4911 15490 16430 10462 2258 1229 1590 28625 26564 9793 2339 29474 19526 18114 30314 9331 5329 8130 5395 29995 11767 27949 10356 3260 22112 5770 22196 11945 20408 15211 16474 7500 21555 8477 25159 2479 29795 18526 24733 23089 29550 24088 
25801 14259 13563 22281 29755 23675 3315 2078 9718 7029 23096 530 848 5057 10693 1324 2508 15937 4215 12060 18016 14199 12115 8376 5993 29098 9340 1313 31423 29477 29178 3894 9054 13456 28398 10937 18244 13811 18675 30440 29064 10459 23502 30723 10676 12802 7171 5813 32261 22915 829 19731 16160 29687 29161 21628 21228 29706 24723 15466 12854 27061 23742 18925 250 27667 3803 28501 12374 17620 22353 23093 859 21988 25707 31633 28573 6040 13750 23545 7870 20008 18808 6629 11380 26552 16453 31448 19019 12206 11619 32035 28794 4223 31951 16984 31380 2840 1398 29225 28768 20763 16670 9822 22177 8352 10125 22993 25780 8644 22258 17955 23921 19324 4071 5073 27282 21527 13967 15969 4374 28890 10790 27218 237 31924 19284 17394 24973 6244 27299 10191 10782 25692 2286 15032 15071 1694 26724 22529 289 31746 28846 23178 28482 10165 31200 16930 28797 23337 19719 31048 29718 11037 22357 30407 15745 9471 9643 20807 22460 17280 4189 15319 25796 23999 20414 4868 17031 32687 25344 24852 12298 1863 15073 28362 10432 24060 19277 21347 25548 12472 6887 27830 12149 455 146 18080 7457 26037 30858 31221 4964 2165 16587 763 22458 22791 1766 7745 11771 27662 31104 8017 9450 3705 31366 30414 30845 5298 1549 19423 5046 18053 31745 12369 32281 6439 10026 26434 25878 8753 12814 12846 16309 7656 27522 13489 25228 29142 6863 20386 15062 14152 14369 15173 13245 27294 30784 23399 25894 12946 7643 4088 13966 6359 23753 23749 13819 24488 3089 8485 3632 31279 10347 6154 23523 7758 18864 20796 2568 9415 16105 10540 102 3803 12798 24729 32146 31496 19670 21295 4421 18118 19165 29712 15473 25064 20137 24233 20001 28503 12865 24460 5012 7786 13440 10444 23086 1308 9388 15390 13810 16197 32025 5608 23286 26102 27132 20377 10857 29045 24537 25035 7713 1222 29593 23055 9709 3527 15215 20629 30408 6791 22274 12104 10670 21955 10971 10316 16916 28122 15038 11714 28478 17460 546 16117 13973 25924 13331 24703 26069 10899 23818 10940 13067 8846 11740 412 5010 7985 21157 24028 19471 24398 23804 7416 17733 4737 25776 31861 15109 29830 26054 655 3565 6491 6055 14572 16544 2282 9574 24056 16858 32061 17597 29157 9031 17503 28041 16993 481 25593 24054 32389 19692 24232 7470 6827 4894 25431 963 12266 32236 28210 10535 7306 28403 14767 13442 10473 1956 14177 11483 13227 24242 4029 9275 7336 
25951 8340 15217 12717 11475 15267 12004 9045 16780 23297 9323 11078 5992 28624 19614 30124 7915 8439 6604 8314 24072 698 19528 9917 3039 10720 23694 28503 23939 18047 26560 10456 12347 13061 24036 840 26693 15007 12630 27922 20274 8895 7469 26278 29272 25711 18663 31306 2973 30031 23583 9764 5141 4581 15514 24396 20267 2243 28667 11040 30413 23428 1214 5143 5132 2907 24814 31305 14558 28129 31086 18768 19296 16741 26826 9813 10707 8314 11225 22598 143 8231 3670 18498 20973 10665 1254 3896 21553 17225 7762 17466 32753 11539 27189 29422 9174 16845 9060 11907 25795 13778 8102 29801 24326 4490 28827 18022 16887 22465 4530 15664 25513 16769 32492 1047 25797 8634 16949 4252 14463 32296 6495 3826 14144 20508 29423 30217 14118 32089 13083 15242 4578 4514 3271 26229 7273 5015 10729 27281 24531 16175 31100 14972 28260 19537 19365 20301 13641 16274 354 30482 19038 26775 22714 30609 12713 14678 10789 1554 25863 7024 21809 18382 28891 5172 17637 30718 15736 3087 501 9011 12675 31757 30484 20129 14684 28676 2989 7779 7197 20501 31263 422 13313 5908 15362 14813 16845 16317 22060 2458 26964 11593 25731 20617 23879 12417 8971 9415 20980 28105 22410 13166 9201 16038 1713 24491 1991 29724 30239 32485 9431 29101 8476 30329 28322 20173 18248 5327 27142 2182 19069 1468 22204 23591 573 16040 22818 22672 9423 9308 8212 27510 20108 3945 30845 23040 14319 3939 17203 7086 15443 17062 10237 5979 23162 6612 13157 29887 22082 7410 18558 31740 6249 14044 11158 16364 27597 21052 21778 18819 13549 1610 17242 12731 22090 9805 17697 15291 19175 10920 12001 27234 13368 15800 3601 30376 14390 23802 21492 1033 9938 7409 31620 24256 27227 15097 17932 23154 12798 10981 14283 4409 13797 6821 3986 11811 4951 10453 11801 3171 27484 25481 19523 31650 1181 7747 28977 3841 7287 22891 29468 20441 27060 22719 12739 9879 26883 24145 14604 9382 9093 23066 21532 32544 23924 1272 11401 23161 4728 18996 13650 27032 31706 6352 13933 4293 3426 9012 20289 6733 283 26247 23093 26045 21906 14571 1772 1384 25655 22326 1570 21327 25549 14842 2444 25410 11681 3101 13489 23068 14366 17135 26647 14521 23969 7594 19470 5504 31622 12158 18623 7323 368 20478 24799 16640 26793 856 16951 21536 29139 28040 941 27022 32038 3829 11117 3188 18138 117 24015 866 8947 13702 29937 31392 23413 15919 
4997 9253 26597 2106 22932 9267 26376 12297 12693 17416 28278 11260 668 21599 25483 16588 31615 8261 21146 495 2851 12012 15258 23082 28424 30470 4481 15169 12509 13748 9121 5236 32236 24055 14939 30994 28392 18089 30497 31974 15572 31328 8666 12236 26777 20199 10377 27757 24310 12676 5641 5230 23681 20743 6751 3030 27356 11894 23014 20198 18720 2588 19331 14830 15398 8361 20826 19437 8059 14425 1866 14386 26586 20415 31712 14546 27474 20805 30561 28460 7234 7546 19870 19675 32137 17911 26670 5307 24274 24997 21078 25732 18520 11655 12205 27300 10668 12533 4082 21061 16897 30126 15610 28380 29620 250 5982 6292 23105 758 4698 16450 25667 14574 7534 21633 13216 11460 5189 23449 7410 5096 1050 25867 3272 28214 19196 13560 9201 30721 9369 6568 16299 9994 5146 25310 2188 5024 4538 11800 20226 12809 27965 29141 4886 12635 12203 4177 4560 2256 16414 13073 28304 6747 12328 20727 7655 2969 1496 14525 11491 30172 5358 982 30752 22072 6056 22335 32257 15147 12717 16269 21362 21063 2264 22761 13657 4490 26451 17978 247 20718 5839 16575 20024 19961 18739 32263 28930 6546 9135 292 1030 12655 12947 29865 1486 26369 4840 31173 19080 27210 30478 5287 6706 8434 14073 4561 14677 16915 1661 19619 27658 10868 32510 19452 32274 96 12498 27786 29520 4709 31321 13639 181 17550 11701 1520 3458 5998 25397 12341 32313 26542 2832 25666 19801 23610 29558 22602 4065 1251 26386 13213 4656 28523 13917 31657 26646 12000 31341 13262 10465 17147 2924 10256 6477 12633 1268 31254 16253 28194 17467 14778 24960 18524 12474 26646 32310 31872 3307 3774 32629 8365 1686 12972 3495 26493 9568 1515 3890 20373 6703 18280 1071 32062 93 8298 23198 22609 30764 9355 20837 16256 19983 18178 7262 19773 14519 11603 20979 18147 48 29019 1496 13589 26053 7563 21646 16112 17632 11807 13453 27025 9666 29497 28794 5317 23707 16721 26758 8590 25868 4573 10878 13491 17458 3823 32650 18462 3020 11183 27816 11867 32130 10408 3412 27937 31481 26041 31144 18657 10638 21424 5694 13989 16500 12114 24949 19127 5194 21301 2691 26022 21943 11893 20503 27102 3561 12636 554 3171 16712 527 22183 17218 6969 14401 22584 22128 8332 1450 17745 2763 5759 17719 21298 77 25597 10949 25254 26432 31557 17642 26782 6710 10689 13650 27285 32001 17073 5018 7121 27235 3863 25495 8019 5296 20599 5830 
1221 6300 2722 1191 3894 10265 8628 19435 5681 28632 18871 5298 23770 3872 21851 27697 9366 16508 3140 10337 14795 13050 19706 29387 7259 1966 30003 8391 18006 12080 19039 8542 24964 6374 5126 29527 25640 38 10029 12410 16130 24816 29906 23322 5424 4193 23585 21871 146 8792 23073 32090 7357 19517 18181 28808 11117 25365 5754 25929 21620 19455 30952 1417 27997 4325 30769 12453 10130 20450 1457 23965 5545 16915 7180 12033 24683 2321 11293 5557 6213 12363 9012 8955 7285 2567 25593 16824 16613 25956 14811 6561 12028 4217 25029 17443 30188 30122 27577 3565 495 6048 30005 15148 2254 8344 21501 9020 14428 29065 10219 22740 31588 23458 24280 25037 23909 29528 1739 10041 3855 6107 13013 30575 10709 27357 2317 18641 4708 6083 11573 15264 21024 1682 21712 3262 25528 2404 29660 5913 10194 30 13626 1737 5527 1317 18242 4976 26676 28173 24186 28754 507 8972 5787 9362 10734 2650 22535 12268 6205 10966 11270 13827 781 28817 23117 31357 2215 9606 30380 11827 18626 12517 28687 10567 32709 26229 30788 16131 32002 31298 21671 24614 18717 1808 10163 28956 28987 21846 29806 26648 30128 12230 19304 6380 2336 4578 392 23659 9757 6037 9754 4384 5290 13442 7747 30133 21592 10583 13750 21912 28030 3927 26626 23443 27760 13075 15496 31896 14811 12027 14293 14453 723 13161 3637 18380 14395 3437 28935 19686 2519 11174 12810 4970 30945 24598 8804 21408 4238 24266 22870 20802 1933 31795 2301 21372 19613 9586 12626 20263 26771 31203 14317 16982 17984 16774 18449 29622 11487 2857 26872 19051 4945 15868 24859 5823 21082 30562 29324 13290 21434 4612 25265 11109 31050 6433 783 10319 9358 14382 1081 20571 28196 6293 4440 21046 1479 6675 25344 14624 15208 15869 4806 26169 32231 6866 22082 6711 16717 8046 28864 25203 8887 30229 8764 25059 27127 17215 1892 18376 22200 13088 2166 4463 8330 29877 18406 28063 8333 18646 1369 32026 2456 1690 29756 5702 32553 30940 11359 10030 3891 9303 26209 7704 12803 16320 18466 27671 4190 16394 6760 27462 8059 28840 4308 1570 19144 20764 14385 32061 9283 32654 11045 11209 28794 25270 28849 19697 31709 8383 28595 13182 24731 26269 11913 18282 4383 1128 27255 507 15397 8140 170 28269 19286 15255 26679 7994 30301 8561 16960 25633 8063 20393 9155 30801 21867 19094 14115 17898 21191 991 20387 15524 12265 4781 10873 19212 
16353 25438 31973 871 11746 9339 17179 22448 23332 18782 7637 14141 23224 25370 26353 9739 9753 19677 3321 22539 19346 29129 3791 21682 29973 12453 10518 3393 27329 10678 24136 12565 18109 15083 3283 22371 21321 20038 29560 26742 22671 25453 21044 4626 4990 22459 12840 8487 1120 6022 13088 6861 31260 16010 30644 13257 10024 18085 14188 17056 21471 558 6397 18776 16434 20094 3167 16036 21546 7566 13584 32750 23586 10413 17526 22954 19252 6028 27136 11189 22987 19508 19269 15979 32056 20687 24007 1435 28327 7070 20044 22566 21174 20971 8825 17602 15059 23711 28463 990 30724 21832 19085 6544 22157 17001 26505 16121 25054 12437 5355 5655 14632 8490 31507 8802 31422 29848 13856 28126 8366 6040 23305 8937 13292 31329 7334 4973 7926 17288 26110 9465 12292 19634 9531 26961 21230 3696 20946 19636 16491 22116 17862 19282 9246 19403 29755 28038 26230 12973 22210 22515 21473 25171 6746 10553 29474 25573 2091 9680 514 14759 2679 3030 4403 8206 15379 4838 16602 19383 19337 12759 11332 14691 14955 30902 155 29439 27763 154 9412 12129 31718 3380 2483 21124 6890 15789 16395 15538 32492 3844 23514 9036 22178 6603 26925 24787 10973 11400 22494 28191 31122 31351 1611 9707 27097 6786 12786 18448 21456 2364 23774 29435 17050 18503 24443 1227 5972 16352 18747 9469 600 17644 21220 8668 10631 28502 692 17204 10103 6756 16777 28414 26771 3401 2975 12118 18621 19307 17579 27899 833 21214 29169 14049 12267 15379 14860 22561 6160 11810 15485 11024 27845 24104 4020 1874 30523 19583 19815 22310 23331 6535 7037 14032 11420 25462 32070 16959 13472 16255 215 22077 12799 19229 9633 18234 30827 19785 12285 19154 30183 16136 4301 31018 24463 20594 29984 26744 8643 32041 11569 13613 22540 28500 29945 25724 4276 2315 502 2789 1694 17294 28530 9470 3553 13093 27158 15081 14054 12457 5800 29113 12342 6439 1470 8378 28605 29471 27677 31858 1126 10613 242 30731 10948 1697 29420 9398 31834 24908 9301 7206 27967 27706 8547 10135 4531 1327 20832 16637 26651 31386 23302 20792 1319 12241 17950 31452 4508 10186 22544 10737 25393 25365 8675 4945 12203 29077 24105 10984 8962 18263 28522 7337 3667 7062 16805 16259 31568 19504 30887 4095 22922 30322 21685 10803 25505 27774 13405 1544 19061 8785 21789 13259 16926 213 4865 898 24968 15335 7534 19694 17761 2389 9528 20128 9566 1626 
1791 9657 28337 31987 18468 4038 13336 22442 11231 12923 621 14153 4226 7695 4380 11509 25782 1296 277 25401 6579 16524 10069 30609 29090 10187 6306 2731 25807 29006 23616 48 20849 30011 7725 19178 8444 1195 27074 9100 24636 19897 7055 12339 6196 18512 8785 21149 31916 28532 27562 25098 16578 2641 7151 10918 10535 19262 7299 11837 20943 27132 4909 3109 20723 23300 32241 12882 19587 6062 3523 5986 13244 14757 21628 30408 14201 32615 10536 29400 14489 21972 6240 15575 24028 23740 9481 22455 31127 17512 24162 8251 24069 19103 31311 8460 7226 12337 14867 25683 21422 5014 28684 12224 20122 15466 19273 28236 7586 28850 3729 31414 23518 3418 28704 8998 24247 14815 26298 24086 28007 29354 14287 3878 9719 18698 19614 3472 10671 11728 1110 19559 17591 8448 13279 18416 30392 32492 4403 21773 2075 27531 13390 4949 25636 31667 3026 21195 25746 20294 20745 10360 8521 15609 27949 399 32170 2891 18481 17771 29804 6086 31653 18856 9905 26779 7616 4908 26039 28576 18915 28633 12066 10701 19791 29562 27860 27851 11327 7036 14347 32318 28246 14598 10415 19587 876 20118 18046 27620 10661 8599 29047 14435 15854 23952 28198 8191 17028 2322 30148 11019 5328 19640 10675 23762 32731 27051 1265 9674 22221 21276 7565 23499 7261 16238 30992 18364 31047 3285 17305 12858 28053 12757 30099 24337 14661 1143 14271 11735 13748 506 21478 8659 14405 1137 12421 2227 31214 22716 1555 24810 22980 7147 5340 16197 31517 20153 22874 9662 24737 18993 2179 27911 23631 10073 8001 25672 571 11353 10013 29989 10979 5866 5107 11492 15454 15221 796 31494 21923 12655 2577 12228 11633 28697 1517 13439 29414 6632 29051 14940 716 2578 22136 31954 11483 1888 30528 6423 15885 5019 1814 8817 28795 8531 19367 29274 19276 30090 10955 20210 8147 14258 25786 901 1547 9992 28388 9109 14011 6655 26389 11375 7646 19517 29286 12837 32323 29479 30789 29645 4771 21398 1070 8413 24552 4890 5153 21697 27839 24200 21565 9041 7594 2995 4941 10850 11567 13902 1892 30757 13622 158 23790 21250 14818 10728 30080 14727 11861 22834 751 24100 20524 15027 12341 16687 3678 22070 15587 22948 23239 24625 11995 13245 17494 21921 27521 7443 21733 12179 1352 17182 32227 9029 24657 129 30696 19663 1319 11166 22489 25482 27336 27385 813 6695 21746 13646 32272 10741 16615 3081 32195 29448 28096 4836 5359 27300 
13544 8267 25684 18013 12893 7705 5683 19349 8198 22475 2167 5536 26881 22534 717 20834 16357 8624 17077 6328 28932 28440 3275 13241 14076 22177 2010 21506 21348 8897 795 9089 14243 6856 27265 7333 6776 27365 11569 24018 23780 14242 30424 19243 30625 28749 9369 1049 26017 13279 26706 21318 30651 2704 28753 13151 29550 5581 26584 117 17524 31605 15474 31485 10494 19960 28389 18402 13889 16927 14790 3953 25734 20304 7259 19863 1871 24698 18461 30422 13646 23378 29704 12615 29238 32266 4922 15444 12767 29123 25678 16180 1930 21241 21827 10840 6415 15031 21711 6281 15304 5400 16134 13438 13253 24074 2827 23980 13751 20447 5287 24861 3273 24932 15671 8574 4934 10533 660 3183 9285 18078 22108 24493 949 26443 18938 24804 7664 20708 29170 18093 21741 29146 31698 14413 10464 8343 28304 19889 4385 20068 25829 8969 8326 31394 1341 20387 3961 6975 13234 18198 12387 25525 29352 13355 8358 8361 10044 6360 29882 9304 1956 10204 2577 9925 7405 23375 477 14195 12596 15380 9032 1167 12720 28869 15637 10031 19755 6854 29868 4399 27730 17857 21166 12047 11022 10110 26551 3967 1916 17913 25952 20757 15818 17986 29629 12604 13986 24043 21305 16081 5103 24987 19005 24274 25475 7380 28153 5461 16086 27043 16239 29123 12105 11373 21109 14114 682 1455 10547 14747 22752 1054 9781 21818 14588 6784 15522 23666 29172 4186 7409 9675 7901 16222 20768 4423 26076 7014 24913 26735 14837 17097 1459 17712 12007 9411 15054 14356 27535 6589 32473 1469 18122 9261 31528 30558 20696 31915 385 31515 3889 12892 30318 21509 18051 18151 18937 2097 20001 26501 31949 21441 10910 8534 7116 17454 22736 7983 20686 32000 18441 19399 24763 21698 23476 19847 26155 32226 5213 22287 13316 25236 24686 20797 20705 11542 26951 4269 3909 29880 3952 14997 23070 29602 937 28513 8703 24124 8762 8553 29816 12587 7000 14312 10101 823 29236 29586 10399 2357 16403 7024 8834 21424 28212 10636 3505 15121 16970 2509 24912 28866 28736 32706 18908 1388 11258 9824 5216 25150 18852 10718 19110 8297 25210 15743 24072 5857 29617 15555 30863 13570 12415 17392 24448 883 21874 18420 2868 21314 29523 30342 1874 28035 8188 11397 25724 26704 11610 18121 1103 23251 7159 2384 14637 31164 4792 24727 8821 15433 5766 7565 23800 17436 19509 8505 18949 5416 30318 22337 22493 15007 21638 20864 28485 28464 26886 2184 
14905 11648 10837 11888 7385 24349 6872 20759 6545 24870 2042 17161 15458 24239 19712 14413 24858 21379 22304 2106 18293 7655 2841 1727 3891 23111 25215 27195 18395 15720 31287 7684 9554 11880 16898 27276 1006 3633 4972 13275 6029 9391 15575 10422 2041 3063 23763 3681 21443 7732 28350 1558 19991 22454 23738 4639 24593 6106 16047 442 24148 27737 19422 25339 28166 30160 25141 18874 22633 5419 1719 12700 7630 6337 20855 3305 5186 10220 18371 3524 13542 29875 9413 14565 32030 30725 18518 29031 11576 32164 14443 13292 27701 2379 27091 27108 18687 30549 27118 11906 9525 22325 19601 16261 21761 23440 18071 27899 16250 30496 29317 957 13713 489 14716 8320 348 15159 6064 6611 27343 12256 12849 8819 4194 29966 25213 13632 28232 2361 16483 11262 18971 12647 442 2590 4328 8307 21338 31132 15540 10240 13762 5044 22244 7547 17726 3888 29499 12242 10873 9622 22430 22197 16670 24258 13733 10993 10208 16250 17894 15245 17699 21232 12159 11745 7373 2446 25433 11536 24396 20292 27591 26378 9527 31042 30971 25491 30276 5791 1390 16832 19190 27569 28275 21368 3582 20686 16878 13455 851 30864 251 8689 32522 3823 31632 14609 32395 26541 771 7648 28372 16436 4564 13627 17446 15209 26896 10077 27144 14705 13836 16813 14629 31975 8203 1736 16999 23838 6305 4562 7160 21529 15396 29750 26772 4640 582 15491 8301 25589 18138 16020 3190 30797 13538 15605 16592 13920 11322 12410 25663 10188 8915 22347 25426 30167 1790 11886 12072 29547 31523 15465 29267 9371 7994 12528 9046 22052 4807 6941 25414 20895 12245 14296 5671 10239 5329 4890 9877 21703 1995 5416 5738 32348 21823 31001 28017 9052 2864 11752 11540 31917 18380 17075 25241 22148 9673 19138 15412 27883 32284 11724 30439 23751 3248 15562 11852 29652 25070 10479 15723 15618 28052 30367 17284 7117 23913 11756 25239 9011 15239 26228 28493 26133 25232 21751 8361 3652 28652 24554 19083 17441 31119 27953 21208 26761 7478 21181 1437 1682 23670 28819 26461 14988 651 1533 25203 15362 21923 18533 3350 28453 26645 5724 25233 22702 20076 17023 8397 8790 26246 32140 14428 5778 14979 21497 25233 464 30856 10606 5511 24814 25396 29493 11673 12110 10462 32302 30304 3045 24121 29950 8121 20280 27084 29507 24175 12890 19270 9614 16827 9488 19430 22154 28056 10421 17372 29754 90 22088 13806 4197 16163 2313 17339 20076 12607 32326 
19773 31193 15500 32501 22418 29501 26020 6690 316 607 466 23481 14194 11641 30017 18855 16169 14679 7525 15548 27753 19072 29806 31274 15111 22679 25815 125 2273 29141 15663 10023 26456 16621 24810 8942 4806 5303 6726 23494 23518 23921 23680 3958 5213 30071 16109 10492 22705 1327 11185 16882 7529 25644 8697 17609 13065 19443 7582 13657 31404 27926 2755 17807 22781 18792 784 20299 20261 27334 2125 26134 23260 2762 26537 28505 8241 3812 29633 9454 11596 18983 5403 3882 17102 24395 17527 26595 19199 9123 27084 3191 470 24532 26738 9768 19715 13547 11162 1912 9485 25912 10409 27343 18654 18643 1671 28617 23020 13688 13250 14063 19474 9135 7557 14412 24640 1676 15421 26739 8821 28130 13816 24047 3785 11933 24284 28603 21626 28720 632 25263 25085 6608 29374 30158 5273 22098 31377 26487 23808 9700 7320 1122 9731 29108 25342 22421 11125 13409 29518 26198 5049 9594 30397 21556 30634 11326 11718 21580 19736 24399 26335 17115 7058 27732 9023 12346 25668 10104 596 9458 19471 23559 10000 16901 31262 4811 17766 13542 13274 31951 9695 2849 29821 17295 574 5877 15027 27263 29746 21730 8058 4649 842 23011 11636 12625 31290 6461 10627 27784 3833 14669 156 11223 23730 20699 27000 11965 6365 5604 1970 11504 6718 543 19949 26210 30775 17826 27273 17215 20677 543 19529 31601 30200 11611 12672 11221 19833 12494 17051 30683 32559 17205 17603 14262 6837 1264 24835 14903 27650 23893 27627 1017 19166 13649 26669 5554 5235 23614 551 9799 31200 8887 856 20650 15591 23813 10061 7155 6709 31332 28239 19602 1774 2996 2671 4883 5221 29821 4782 22026 17940 19061 21781 28305 2097 30804 31990 26422 18125 1468 27722 22816 13966 18706 9926 22432 10637 22909 31950 13306 2225 31725 22833 21964 1981 5820 8479 11893 23148 12223 12017 21667 26610 12133 336 22986 15044 30690 5543 31536 5140 307 8006 25734 20444 23915 23477 11900 20504 6485 24126 1347 1358 11444 26702 18798 32395 15498 26486 8443 13482 24603 32697 13238 8607 5023 13497 11825 25115 16610 31092 7381 28245 6138 28640 8355 22052 29476 31363 19027 7392 22413 19149 31100 14692 27903 16026 11081 8143 31358 8684 31145 16978 5134 7603 4075 1998 25082 18031 7647 10303 29766 23880 4083 29868 18143 9257 13977 18500 22371 11554 8941 24592 11845 3868 29216 24337 23919 23818 18483 11923 22109 29988 10882 19801 3873 
20865 5233 8764 367 764 21691 13277 6174 31028 6779 32318 21973 14564 3591 14460 18233 22700 22171 16842 18615 12947 4568 9572 3495 30977 18516 7619 17819 25575 19252 9896 6128 19384 13594 29186 18842 7737 16646 11132 31939 3735 26853 5838 26196 30264 26296 18570 16827 29993 16575 27077 8873 24674 18459 30418 9037 25015 6479 17977 11866 11239 26749 25928 28069 5017 23681 31383 7714 26439 16156 8225 25348 20169 30852 22838 27816 113 27750 4965 20236 8700 2248 3061 31429 28034 29937 4107 22374 11845 18833 7031 31208 8602 1593 14045 4809 30501 14519 1070 24737 25260 9087 6873 16827 3259 32302 3489 25005 5715 25667 10741 27679 20384 20289 19462 4779 16896 26127 24155 32554 28069 27060 18429 11946 18244 23551 23819 22756 10369 23565 3710 24072 6162 32055 5202 10509 23513 27581 30307 6818 30715 20137 23554 2914 22819 8004 12129 23743 27147 28847 13493 17337 20906 5234 27775 23683 26552 4683 6192 18908 31101 28204 7899 25303 27238 1584 1553 26762 16150 1635 5628 30548 2101 20694 12639 359 7428 31665 19642 12627 4975 19594 24794 21786 22837 4786 2821 25568 21963 1068 2339 9664 8764 3642 5946 6957 8293 8024 2944 21956 17425 8319 25548 19553 25780 23593 31438 1511 18957 22069 5753 11165 30049 28763 29816 2779 19432 5019 29791 9060 13146 586 24973 11112 2568 30932 20915 21728 10142 18407 21886 3420 11969 10462 12686 17264 31922 5478 12160 27801 4707 19309 5270 25386 20007 32269 31193 15620 5967 12360 12858 24780 14761 24501 6005 31146 15802 23398 2539 23218 11779 16746 4831 8543 30025 25985 5852 19429 23134 18173 19663 16812 27041 2217 28464 21748 19670 24156 25663 3576 14908 8258 12505 2402 8385 20708 5855 19758 27276 2175 25309 24402 12746 25387 16593 13544 20571 15204 23643 12015 14376 21926 4089 7212 16967 9466 19487 5806 26161 520 23579 15511 23843 4593 30771 22514 12569 16350 29421 1008 32672 5436 30412 5541 2300 5233 25081 20751 9424 11022 31900 30295 19726 13897 23714 32665 8715 20108 5278 29002 6218 27684 22461 30219 13396 4941 4034 15199 15746 857 2003 21905 19957 2770 13469 5296 18937 27506 14227 23912 22031 32384 5405 19526 12894 8756 10978 24501 31657 13054 24595 29355 9315 26677 29628 2392 4131 28791 4722 11696 19447 22434 6591 19845 25526 3050 9725 18459 21820 24297 14206 8324 19483 19236 32438 18329 18233 5446 6660 22816 
24958 8156 22833 22674 22876 13626 21222 19468 17762 27872 995 13290 24113 26385 27444 25394 31268 6415 22017 18620 22041 3969 26234 26297 28736 23547 9092 26419 23569 3926 16653 16841 27226 1134 6579 30006 18873 17084 18397 8245 5202 14841 7433 553 3479 20511 23118 26530 14258 11373 25386 3607 16402 14632 28631 3089 2129 22434 21535 9453 24152 12504 25068 12910 29877 13519 12289 23400 27572 6778 14811 27648 17616 21493 28496 14573 3378 28374 12219 5996 17796 17084 29873 16206 17579 20821 16825 1216 1605 10293 12549 25809 26599 2982 16637 30803 1293 4956 16568 872 1868 21566 15834 10348 16195 6916 14475 22818 26629 16562 12100 11288 29999 9209 29175 10948 30197 5032 29884 11297 20528 30141 6918 26039 3970 22308 181 666 10783 13691 2349 17088 19531 13865 32638 24206 13490 31061 8484 21137 29563 24141 12995 8073 17942 27147 18562 13442 1684 20249 5098 12973 5364 22479 26074 5428 5025 2215 11438 25163 8707 18158 21689 15785 23276 6352 18910 22920 24386 18047 31240 19741 28996 28094 30495 21370 3922 6767 8640 4224 4920 11901 2911 20853 22210 17167 23047 265 9480 22926 5485 2379 6227 22889 21738 20434 506 26250 14434 5385 14521 21075 19013 22296 26776 23011 25779 16564 13173 24764 13645 15336 25191 24684 16292 26910 32666 5757 23657 7928 2121 25004 3986 9614 12314 4808 22950 8173 11388 10848 11527 6556 11560 7498 4827 23106 19463 16720 2974 7175 3159 10538 6975 13401 6098 1509 3307 12681 8134 24125 22834 7194 4630 32536 26758 10087 31269 5711 1686 16402 30880 17917 5493 25967 3362 8384 8534 30987 14865 24260 3017 20414 21016 32183 30365 450 4686 9150 16080 18610 580 28733 22844 12184 4615 20579 17303 10601 7910 19226 4081 25114 31241 11824 6469 18670 30030 9512 24644 18835 21092 20032 28765 20482 2233 15950 31174 5862 8417 22331 20064 13726 32580 10028 5306 10987 1805 20661 23310 30281 22396 7738 21207 850 13660 407 13013 22210 9618 21474 13103 10637 32289 2898 20336 31827 13793 10115 31214 23227 7472 19276 21680 23839 29557 23281 32644 3554 19375 9820 806 15473 26961 30515 16679 9097 456 30540 25303 25347 1605 32738 23938 12929 18712 21227 25378 15635 12183 18261 23258 25804 11242 24660 14155 1111 32615 14381 23050 9594 24296 14168 10973 16737 27070 14349 28489 26282 6946 14434 3459 14915 15691 4295 24944 19449 10566 14952 30853 11477 
4070 17712 14186 8393 8808 20150 10431 9750 28616 16014 3298 15395 18969 11629 18300 16765 6814 32670 14234 5289 17104 17353 26437 8382 24049 12877 32539 16638 27815 1461 8417 1685 17323 11685 21005 14506 26086 4438 7037 21052 20314 8178 32382 17487 3110 29183 9714 27478 27507 15313 4165 23992 944 26781 6291 2793 19063 2286 15055 19436 17521 11784 22563 19781 14090 30355 25323 3397 11887 12871 15839 1247 20217 21196 22172 24982 3018 27765 9890 7708 27363 588 20633 14278 210 3909 13042 17559 2119 4987 23587 3625 12979 22059 27229 13745 9151 22138 26380 27799 23892 30930 14205 5542 14127 31236 26610 26465 1133 29643 32617 15024 21898 27493 1274 32464 2015 21944 30858 24233 29587 4145 27037 3381 18463 2582 27619 26588 21157 16329 19723 25949 28212 31023 11875 28689 12396 20812 8713 29495 1017 2154 7925 7177 30083 16400 28519 25343 2979 30082 31597 13057 10454 6809 4016 20484 8275 7007 13954 3204 1084 23885 28072 14754 7509 6904 21601 29000 28797 22321 24453 25744 18889 32681 18621 12081 20486 3547 19831 20908 2742 14713 19388 9632 7094 9082 10234 12807 17838 23802 13334 29076 13407 13086 9116 6874 26938 31138 27858 360 11496 12637 10735 7769 2853 2270 342 13900 27031 27435 19846 32465 20437 19259 16097 23192 10607 7040 3080 7566 6274 31306 4618 16087 21983 6362 7531 27124 31132 7817 29807 6834 7933 23753 15457 5897 26628 2908 17512 23842 14316 30033 10860 288 23228 316 29497 10900 10297 13668 19699 19359 14012 30895 23888 22499 10031 19824 17500 8131 4123 23278 795 8483 31523 16780 26493 22742 10954 25243 4022 5064 7361 18009 15183 19588 29379 19317 31764 5316 24092 18785 30913 17700 24140 14483 27803 14918 12730 15445 20518 15356 29692 29500 6432 19582 31250 32252 15430 11790 12072 13936 22117 18332 17939 31772 8908 3940 6524 26635 16202 4455 19782 28065 29195 28552 25163 7726 27400 12388 6600 5606 6003 23126 8546 31803 1821 28857 14751 3269 6196 27914 19979 10026 15888 26560 17677 29329 25888 5256 13568 20642 28547 20135 2757 23068 19975 13487 11335 31951 12280 13500 11601 29176 23216 8454 1487 26372 6049 15040 14911 18786 32419 24000 13383 16606 32694 27712 18476 11983 301 26643 20132 28310 27196 15090 31650 12839 19237 6053 1695 27158 24904 20748 5400 8051 20866 21990 6700 10905 26703 27021 3563 31131 18566 1227 19542 5445 19091 18679 
15733 26525 19084 2570 20946 23572 7510 21079 26377 11049 22598 22220 26630 8138 30957 22830 9572 31972 449 23318 11730 10747 2447 24014 26728 452 4021 28061 32382 24649 23671 16228 2579 27970 10549 19319 24939 15050 23342 7644 9779 8409 2169 11384 28107 12468 763 11656 20827 24721 8061 6320 32209 20975 30841 12414 14886 5133 9887 7766 22549 8673 31428 10728 4228 14934 7799 18170 13165 4320 31192 16499 32448 16914 6730 12132 13899 18553 18519 22317 17762 21683 31437 13029 32637 17679 11468 15582 3991 11470 41 12926 4072 25827 2200 26646 23346 619 10468 29619 8041 21202 30449 10929 31748 10850 9825 17308 5694 10855 3727 2652 19246 15926 6713 22700 26445 24636 11003 29251 25062 15679 25859 13346 9798 31724 27092 8163 26863 884 22822 10690 2341 27378 4145 5119 18028 5653 32155 2681 5894 30847 2246 30427 28452 13279 10211 19711 16147 26270 16330 21754 2589 8419 20282 27075 27438 9885 2120 2382 215 21809 2058 23102 23034 7723 17991 20805 6254 9475 20781 10836 7902 23667 20067 28199 4172 5026 26151 6389 27228 30622 7306 20536 7744 2023 30777 25271 11724 28622 10610 20049 26383 24570 27695 29885 2365 8766 27255 10873 424 10239 26665 13661 19621 23792 12335 10654 32725 13521 23248 16775 17987 14393 15412 23029 5684 23686 17168 9914 410 26830 32587 21086 9510 25770 5427 14816 28998 18552 31721 14606 1050 8551 8181 23968 25308 14517 24230 26004 19178 3595 28541 12355 9731 20128 1224 25875 9367 28192 31454 24622 20160 28869 21217 10226 15398 14697 2921 1490 18741 3335 18693 7682 19503 8666 15275 3467 28148 10258 6169 28241 1826 16992 30591 414 622 20225 30776 15716 8799 9188 13701 11426 30662 3708 7880 4160 26491 7241 8387 10367 10592 6233 29347 4778 8713 30068 32376 10474 12024 20095 7983 18217 4535 2013 17790 5106 8421 15464 17227 30045 17 32003 26539 6353 5302 27275 14868 4947 21258 26230 26959 20665 15194 3389 24089 4768 14709 19147 20913 2427 23480 27461 16135 24705 22960 28413 11935 26643 23741 31942 3632 27674 32311 16562 26199 25965 11944 17140 14585 20491 22919 24181 4961 6469 23136 1251 26339 19407 23895 30179 30906 25316 24748 31361 2816 29370 28118 2125 21488 26163 7492 28814 25995 453 4762 7457 12119 26576 15736 4187 3501 318 13240 29653 7025 25523 20584 16487 25612 25598 2709 17513 30940 20829 7773 2962 32526 29649 
15048 28337 32562 14856 17619 1197 27276 16545 14320 13374 5201 9010 15304 19939 3780 6347 22436 4650 27010 27276 28053 15638 19676 24028 6884 5936 18394 4213 7909 3782 29694 14758 6304 22101 7389 15209 9466 29239 10103 9921 18316 15496 16050 13263 2381 10281 8496 13288 10877 4905 31023 32674 8523 19748 392 28230 23010 12241 5459 8319 18857 6769 29697 9004 26095 15239 11139 16583 6461 2190 19810 19207 8760 88 28474 29772 29802 30495 28917 20648 28758 5523 3390 30653 3297 1150 23964 13942 9454 19726 14572 17582 5433 12175 3635 13392 6953 32269 5006 10834 15951 20661 10346 25146 11629 11164 20352 8615 4126 6054 5108 23140 29070 27878 56 30842 31894 26784 10232 20143 10281 5943 29929 29221 3516 25049 27015 23300 21289 7384 19413 27692 15994 23035 26386 25542 23775 15848 1896 17762 19399 289 9270 13495 16070 19815 20979 22260 16541 7261 18597 25625 17443 4840 30272 1491 29385 26321 32753 14281 4059 13862 29065 134 8906 30907 26405 32049 23462 6866 15989 3089 2731 29947 30940 2520 6765 525 5768 28762 25161 12558 24984 2324 30702 11171 18145 10423 15363 9916 21632 1034 13582 15902 10759 366 32480 5026 21808 27898 19712 6906 21862 22655 17136 30759 30221 28157 27062 31681 12364 20838 22351 28147 26155 8677 9888 10636 4119 19630 24248 9225 11715 3912 6100 14623 19354 7170 24010 2785 3226 6354 6992 23538 22542 831 25316 26658 5973 2127 25363 8644 12664 3280 25078 21968 4416 11389 20047 7310 31648 22166 31040 15606 19551 26949 11939 13062 18545 17810 9528 11370 26681 24682 1354 25553 13812 22983 1505 20088 10562 14653 6873 13565 28624 17542 24057 27490 28521 13195 31354 4053 2566 14613 1656 10370 28290 20801 31199 13696 12548 13213 18667 12928 16405 31186 16913 17542 27452 24688 8403 5197 4648 528 27162 27186 26458 15946 19970 17713 26172 17926 24600 13068 27746 2867 15702 18256 28803 8557 2655 26356 15819 20665 22917 8693 10399 22581 22317 15888 6758 20620 20525 838 23373 17116 15732 8659 25278 24006 1711 16232 7447 23518 19743 21269 8895 17032 29048 8926 23412 2563 22091 9248 11298 27803 905 12487 19199 17601 25849 3721 30167 4431 24606 18683 18444 8310 8839 28834 15169 31829 6311 31226 7803 32715 13412 14321 1637 21012 2874 11602 13140 20194 27567 29169 17429 16342 18704 7782 6726 5753 16887 3942 4607 24218 4946 10623 7008 10832 
14546 1184 21519 5981 9280 27597 21131 16503 10551 18754 14672 23414 1099 13540 5496 8249 2772 5014 25875 16980 10298 31122 2345 4443 6543 29909 17915 13046 32012 15109 25123 23603 4718 14299 3378 16024 7959 25131 5928 22686 30589 31367 32004 18820 17130 295 24439 29731 28552 633 32715 29155 6819 7606 24206 20285 27625 14764 16395 29245 3140 3447 18237 31614 2849 208 4092 19569 3030 31234 3378 15850 28704 15317 20628 19791 18038 362 17521 21582 16464 9179 28515 27929 10176 8439 6447 25537 15391 10941 27490 7166 12012 15572 26281 9894 25126 29186 4012 20302 6384 7149 16800 5633 17288 17605 11550 1265 7395 10526 21317 952 15507 12905 8837 22293 11484 28028 25444 24830 11772 22763 6117 25498 29498 9721 17503 12542 3709 6394 28143 4242 21050 21706 9073 1050 16996 22851 13604 14234 23932 18145 20018 5196 19845 16674 26411 16079 25971 10450 7099 22258 7090 862 18607 26870 17053 4453 24146 15784 12878 8387 20404 30997 12755 28311 20447 17582 24423 16795 23091 8819 23409 22484 2094 6711 16564 28103 28004 11239 1581 21239 11716 32246 10793 16555 2828 16568 21209 3097 17359 15248 18303 28989 32227 13449 11796 10504 24258 12997 17660 17480 24030 8431 18103 26835 11923 28508 22645 32389 1105 18045 23210 31872 18065 9371 30424 16755 20840 12566 16027 8932 2407 21059 12301 27808 12799 14925 19124 23670 21402 8747 13431 18642 557 4454 17688 19362 2594 15906 10307 18717 15763 378 15840 14517 12784 3457 32624 5436 14785 6046 27032 32371 3393 32006 14003 32643 21093 8037 22796 13545 25935 32736 28280 18045 32247 23340 9776 8760 11995 6825 888 23485 18362 12850 13475 5173 21167 32581 21243 5490 18102 18863 19189 9136 2777 11514 13779 14497 3908 32722 32677 27465 32240 8702 25176 15595 8917 15934 19763 24211 3764 19669 21935 22239 928 32472 14163 1801 16017 31914 28367 30382 14076 22448 1519 27839 7617 28194 21370 6833 17123 25475 292 26572 8095 12167 10376 11207 4412 12840 2366 16571 17755 20527 7038 23717 27512 24591 30689 11013 9187 5856 17746 8107 28959 17904 22648 21627 23340 26574 16076 6002 31935 6295 22713 30664 22033 6135 29601 3711 16918 3695 23743 7920 15822 20390 10863 30981 30617 14587 19929 7025 14215 3636 20887 26141 25403 14200 12041 30646 32490 11503 28104 8605 25110 32723 20432 23778 12808 17997 27991 32698 29699 23472 10232 31285 30313 29668 
23359 10747 14355 9319 18654 7595 16132 1823 7047 464 28900 13528 24862 14580 32467 22377 18427 4456 28872 2384 19824 22275 10178 8799 28002 7093 4603 28863 6062 8577 3099 30723 24012 3230 27033 4574 13035 9295 13127 28577 29833 5708 6257 21069 7214 14115 4311 2896 21413 25727 21942 19351 200 7012 29843 25132 14695 32146 15843 29026 20920 30313 15695 9209 5282 19564 14754 16935 1696 27648 11232 31871 13708 8249 10688 13683 23899 25246 30950 31565 18756 13802 21749 31333 11734 8809 12376 15258 3429 17117 15593 6890 8031 2275 504 11440 22983 30469 12686 17194 20052 22391 1195 28390 9459 10376 8880 10860 9827 10669 6717 24849 30169 26625 26179 26471 27725 4905 16150 26379 28776 30820 5810 4978 28225 24510 3360 2574 24828 30819 24459 2362 23465 826 3570 1185 16175 4185 27837 7203 257 15912 16130 14265 29812 21686 15146 7649 30277 24098 20530 27003 20128 8634 2752 11104 11617 570 21120 28393 13964 17531 31287 4976 7911 6069 21203 6286 8706 16933 6747 23929 7035 16811 25604 11111 11695 31383 5294 13232 8064 31931 27939 19901 20636 2059 23746 10765 31542 15862 4405 23800 9637 23277 30819 22674 8077 21889 4748 27743 5085 129 6267 32561 15570 32584 25702 31867 20039 3370 6339 16340 20198 3686 25306 8005 8873 8063 17938 7403 28104 11357 17709 26129 28089 793 24921 26733 13914 32237 29081 21928 32153 18133 3043 24959 14877 14766 884 130 5671 27729 11861 4538 3359 32112 10190 17975 26745 30731 15011 19855 14199 29607 26595 17128 5632 31333 5162 17592 5623 15800 29422 30159 14347 24870 28021 22340 30321 28770 27578 25118 6454 22781 22008 381 26584 7301 1845 13244 18192 6288 22504 21271 31800 27708 14093 24734 19983 16964 4895 20286 1982 27016 5685 2914 23761 4745 19041 760 18421 19148 16671 428 12241 15909 15639 26695 29468 17117 896 21250 31033 11000 1859 9133 22557 10805 25273 12473 30466 6926 10309 22833 9130 26299 2703 12349 22097 27064 26414 7091 21583 21889 16765 5315 30156 20428 13321 26431 13854 21158 12665 12924 13402 15188 30946 22656 29001 14401 2544 7751 18344 21305 119 11517 19542 11516 12824 16141 9240 5449 7306 27370 12043 604 9472 31399 7507 11834 13016 30857 14677 8860 15554 21648 24138 17235 1751 28831 20630 23469 7453 30765 23034 25908 5693 13800 25843 23568 22015 26549 10401 3586 402 24440 19864 20507 14423 16378 
9379 7126 27365 19804 32753 9007 26982 17175 28031 29028 23724 6781 5871 663 7551 14281 27965 29852 3138 4248 8042 21053 20032 21270 22439 26482 6288 4424 30966 28257 29337 5306 17140 13785 4300 19252 22450 11919 27882 1916 16432 24560 13893 23589 24860 2675 23475 3746 19428 21008 312 22380 31173 16603 3599 4432 31920 28602 5406 10260 10827 10852 32743 30482 18162 29295 26282 14146 25896 32676 27665 25930 776 6087 27616 9205 18387 7421 18057 14398 3313 5518 24914 31874 1409 12213 105 19021 24006 29431 8270 6733 14415 11154 23204 24436 23727 27375 1466 22357 32296 18453 1421 16335 29117 8233 12510 17513 4328 27911 19621 20108 18291 17567 11617 3042 19741 32507 31018 28579 28920 28789 8285 15244 13883 28288 17376 29012 16928 13742 30002 12330 232 15931 22624 7526 12756 9054 4183 29906 18803 23970 25851 19248 4999 5241 13322 15234 5557 29321 19217 9216 13200 19976 5948 16725 8260 20646 11519 25502 31671 17943 21551 14084 23339 31766 29793 29519 15325 21868 28174 17120 18982 19340 1790 16196 1940 12287 11221 3838 11902 27740 1692 12730 8831 6519 19571 30154 20441 32608 13915 13382 17672 14724 21596 17248 18021 18226 9944 3000 22664 19288 17705 11658 23205 7932 23738 6623 27463 24942 7990 22857 22566 26260 19093 2062 28143 17005 10135 12359 25283 22414 2470 12551 29678 5320 2993 19213 5336 8710 4101 16284 18903 8437 3963 25639 1768 32025 13983 29289 6179 18380 4490 29195 5853 1086 2977 31549 32005 12125 3494 6068 10458 26656 16281 1222 27609 25477 8083 7845 29717 28304 802 21858 29350 22904 15785 29190 17968 28835 16932 13325 4064 19802 10516 7127 26338 18618 16765 29419 6975 18462 30582 6245 6424 14376 27793 7770 1063 28175 19906 21239 18705 25646 9772 11959 4630 7712 1403 16610 30806 15533 8255 27446 611 11426 30475 28139 10162 1794 32506 29603 26977 16226 2511 3194 10005 18188 32470 21460 9490 16419 12491 1181 20307 7145 31174 15413 6277 985 30527 30582 17699 31172 22056 1426 1437 24601 14226 29964 945 28085 23689 4038 40 26820 2278 21596 22286 14389 18811 11890 13841 29824 1830 27298 2038 19717 24180 31127 4653 18985 29396 30320 23723 3409 10871 3007 22444 16774 18149 19097 2121 20375 9355 29923 13957 25822 17580 3267 20626 25769 1196 18990 1313 32583 15345 7453 279 26536 3358 6212 20407 24949 4100 32561 12677 19712 6582 31209 
1462 23851 28999 31015 15371 19338 23452 26338 29676 7347 22152 6868 11740 21815 26915 26043 4064 20577 20846 21839 3559 1153 19478 19491 3593 11682 3319 8833 15929 30761 28389 13784 18030 22716 31224 17617 26062 25041 19716 3581 3740 28710 13117 2400 22951 29902 3774 31812 10449 20713 6136 16956 1098 24912 6773 21503 23058 31303 21017 22896 29434 18045 21401 11547 18634 17244 165 7607 13824 22111 18090 2721 23146 2146 31179 13389 3069 9091 4263 2486 30767 24396 17355 6703 3334 31704 334 22039 25677 17577 25655 10106 25824 24018 22803 13428 23028 27618 15603 30430 9144 22868 14045 23172 7693 7210 7848 18342 32192 8486 25172 9696 20949 22144 32413 9926 29525 14525 8695 518 20569 31364 10009 29376 446 3806 1220 11153 23401 15368 6080 16544 17863 26337 9586 21042 1207 26333 1434 11152 22063 29080 2311 7747 22309 27604 14870 22623 5803 25979 644 4295 25320 19029 19213 26736 19077 28627 31603 15203 23848 381 20585 26203 25490 20076 12921 23430 26224 6623 6055 14761 4461 21444 10053 4221 5798 15688 14969 24514 6324 5533 23761 4091 18999 14321 16864 18369 3106 11433 29355 5216 17086 22527 27492 11525 10687 1041 10770 18286 23545 30283 10285 30700 16380 30844 26687 12135 22397 3958 25101 2028 19591 16761 1245 27546 24080 173 26266 6850 16240 23820 26823 30954 22955 15929 17373 12763 32533 5139 12073 8944 18874 17028 23993 13783 3180 6058 31993 2450 27515 25294 25386 24483 18344 30018 5152 1923 32030 29936 13069 31403 11976 328 19897 6540 7716 253 14779 19879 26322 22415 11581 25825 2260 91 23245 2631 16853 21043 2088 6397 776 6731 21446 22893 3585 1326 12015 23323 19845 20540 18514 3696 6808 24312 25745 563 26433 10851 3843 10735 29874 21663 11749 24387 9170 24512 21715 608 4083 11525 19456 22052 4024 16831 3060 3046 3967 22052 2988 29789 1964 20168 31889 12455 27510 24949 18942 11214 20164 25132 19534 27759 13648 14885 28329 7231 31396 3639 16713 21923 24557 24812 23021 1563 11406 29804 11686 29166 12276 26082 6534 26352 25554 145 26935 17871 96 10729 27637 13311 10423 16347 20283 21104 14872 29268 25489 22008 31424 5068 31720 23916 29507 6348 25918 28239 11652 28347 17566 13171 17026 14901 22595 14044 25512 7038 295 350 14575 9025 31563 18569 12218 873 5501 5267 10763 5569 28967 24324 27552 14656 11693 341 32301 5880 32409 3897 
16416 5832 21400 2367 30086 9654 1982 28764 10812 32753 3159 25390 22662 2554 886 26732 14729 20570 20033 32593 27132 28092 30193 14020 19299 7969 20359 17025 12300 31520 22198 29699 28591 32703 31132 1433 21642 9153 29382 2270 26000 22743 14970 5760 26415 22450 25064 22796 29711 5636 30197 29403 31087 835 237 12049 5907 10209 18283 4382 28285 16738 5357 31842 641 16807 6597 27525 12709 26731 7168 673 6688 28947 29626 8117 25774 15788 22516 11813 16745 20655 31086 23680 11542 16281 16859 164 14055 13427 3143 5279 19205 26994 7713 24262 3452 22004 3344 17084 27234 10444 6950 29604 21352 14729 9449 11617 18020 19806 23624 12598 27896 1325 8195 18346 20209 23880 26540 10356 12303 27572 3635 20659 2891 197 22566 28336 18182 16314 12870 11542 17762 8378 13582 610 320 2820 27440 26821 31087 20912 16814 4555 17395 4486 585 16127 8023 10091 4648 23350 17119 20517 6366 15494 11587 4158 24333 30577 1199 23456 13322 26811 30232 9827 7786 15699 11503 24240 29581 24867 13720 30896 7351 13025 20107 29494 10420 10260 23855 788 28931 4452 19287 9333 5582 14641 7416 25553 2204 1446 17561 9790 30749 19963 28972 24592 31993 6297 13987 17812 25740 23868 13754 3574 28541 3812 12690 24301 14300 8664 5381 6950 32604 17377 26212 11916 16329 14594 17758 25568 14279 27503 11910 15090 18545 9758 24149 10609 9281 9530 32401 27101 16652 17409 7890 25992 3852 28859 12598 3464 5600 11572 12654 27041 16789 12648 25254 2603 22690 32591 24109 3636 5542 16815 28133 7893 22164 18506 32351 7443 14198 6004 25182 3246 27772 19564 8640 8460 29971 11943 6906 30211 23121 4655 28454 31925 15421 15538 23081 19577 25961 27923 25620 5553 6264 28084 24486 10610 28010 3256 12911 74 1033 23954 7848 20927 19027 17417 7910 23732 9389 24611 10391 15856 21870 516 30604 1126 24066 14426 7219 7375 10479 28116 10462 14449 12835 12423 25093 2036 29023 5643 10626 24471 5385 12815 3034 16358 13064 21862 11813 493 1280 19776 31708 12391 1041 20513 442 2903 19039 292 18790 15700 17317 4116 24781 25564 28008 17796 15089 16561 7136 20657 15562 1643 21706 29304 9846 13111 13384 2293 5680 29804 23525 19584 14897 5409 16588 24277 2396 26569 24269 11742 17313 12963 27152 15580 8027 1056 24656 9498 16190 26719 11372 29111 17810 18524 30170 26133 3574 27214 13909 30658 5955 6423 20706 15508 
18136 18145 2307 5862 21403 341 19899 19563 28819 15881 22780 28845 2791 25458 8392 32646 2367 25012 7632 22907 8460 9653 17904 13128 5396 23140 11545 17805 29247 20346 3296 727 19834 10094 13486 5137 21222 6764 28176 980 6111 16433 4970 23731 20342 15788 16205 14040 7475 5000 133 8451 22344 22592 32106 11683 26381 27188 31545 29650 6871 25033 22537 21370 16375 12403 715 6845 1483 4758 30450 31030 30436 9806 28118 27703 21318 13572 29489 27151 32280 14044 4302 26200 22491 31923 4431 31412 14054 15467 351 30314 1734 27897 19761 14685 10723 5151 20314 21818 13911 13727 23067 30167 6504 12986 7929 25013 27195 2060 7246 18997 8523 13123 15269 1389 9207 31911 31059 485 5893 9428 17463 29968 14063 17943 26609 393 10327 26910 25129 16883 16590 21423 10107 17459 11320 21813 20308 3722 11913 26885 8722 16707 16125 24894 29337 16620 29599 7919 2904 27188 29608 30064 24267 25130 26101 4551 18983 16321 11583 27071 7870 31455 23866 26553 4534 19844 24990 1142 2282 5195 5904 16857 19024 489 9194 16459 14448 3772 3558 21799 19590 7408 2660 1237 14117 20950 20969 25345 29427 14257 21254 1574 13512 12874 15334 12230 12648 3705 2202 11502 23290 10297 5390 9804 23389 21981 10582 8161 19389 7446 4153 6350 7857 32658 13151 31413 31453 29740 15016 23599 451 31671 21624 10204 25947 14421 24315 5886 26337 20763 30040 31884 3647 16903 22518 9307 28361 13543 23403 18151 3586 11277 16308 32228 3387 18362 26326 10664 19957 3231 5101 19754 21131 28908 4786 31231 8548 18391 24872 21431 2107 30730 20525 8423 6360 18626 15863 20127 31202 19687 7278 20508 31864 21110 23145 7242 8758 29760 21214 29082 26994 18711 13392 6994 31469 26965 25894 17614 21119 3379 12055 24812 19710 23241 30362 28673 31495 11358 30786 11335 26692 7072 962 2641 25464 18282 10017 7905 4513 25053 3462 16187 21886 9849 32563 12293 8218 20951 13912 17657 17405 13038 9617 3496 31900 4172 13755 14757 29458 7825 28589 13658 5677 9391 8481 27725 16878 10778 3533 31171 913 2408 12854 15583 18797 22948 22372 515 21363 244 3826 2064 31494 27818 5616 5402 2456 3048 311 16110 23361 2168 9048 32497 11668 28801 12810 10896 26571 666 13831 9973 22548 3518 3944 3610 14279 17651 10379 15109 24412 24653 12329 26769 26714 379 22638 1142 11123 18151 27118 23932 5022 8629 21252 10196 9318 19908 
7098 10275 11311 3711 14405 25348 12806 17046 26451 25544 11171 3446 9943 10229 29824 13364 5843 11952 10535 31506 16242 127 9515 18986 8911 17153 22833 12348 13051 12194 16609 11260 30195 1478 7008 29674 843 11985 27352 8614 21180 19771 1436 14488 26877 7039 27852 3063 12043 23253 26249 9007 410 7609 19452 5933 26816 17781 9078 3567 2675 27204 25763 9988 14558 17264 28151 24985 640 5017 22214 22003 16786 28579 5419 32065 10347 23604 28281 29789 15634 13695 5180 32460 13984 150 1299 14954 14671 20480 16503 32315 11008 21640 7211 17481 28006 22094 14597 19323 17674 25166 19908 10240 10193 25526 10763 21461 4315 24805 31974 11079 19309 7844 20138 22741 6652 20509 2005 29691 4749 16878 7754 8958 11056 9673 4806 24299 10749 8309 11357 32055 16145 10095 8284 23851 19170 25693 11614 4972 2291 841 28367 5853 5498 1508 5035 15193 13946 15688 327 10705 20405 28792 26329 12762 2329 31202 28117 18371 8890 27506 26345 4968 11949 11946 14570 6242 21495 7099 8128 14593 2454 1296 2532 28044 842 22977 12394 28174 31794 24058 26356 18637 18180 6391 15972 24132 26061 32713 28349 506 23545 7791 320 21522 27616 13276 32220 15057 20524 22498 25046 23566 30763 31190 14368 30641 3565 30905 913 9373 25022 1605 154 1197 5841 22036 24586 12367 3779 3269 32734 25057 29785 31959 22196 29106 9786 22503 17914 17063 31832 27427 14136 19468 21289 18507 32182 27317 31035 21144 11710 11604 2623 22618 19280 9622 31091 22748 1093 26416 19854 30203 8265 4559 10093 25384 25209 31547 3295 9516 9984 21847 17818 31374 20569 9467 27413 20825 13680 27929 6099 27513 24215 10862 20596 12921 19526 21106 15195 17167 31529 12328 1714 31734 20128 25816 23900 1160 29798 22972 19089 19551 2848 22610 25035 13707 12785 3701 27819 24218 18534 3383 29883 31300 14521 32048 27353 291 9607 28389 16322 7686 28166 11602 10295 19742 16319 16377 15892 25181 11078 32219 11190 19664 30386 11782 4230 31546 9840 8736 26903 24892 2821 2073 28997 19801 5659 4712 21395 5613 27719 22788 23347 11748 9836 18944 31635 11579 9820 20429 26000 24307 12184 32297 12902 3719 30408 7147 28029 21113 6569 136 8086 24840 25060 27128 6136 28085 1281 16984 32233 2282 25396 18107 30393 7004 742 9344 16403 13728 15501 30732 14452 26585 9541 21036 32563 11071 18819 8656 5900 2069 30285 28656 9037 25536 3265 9515 
17783 32285 31915 18298 15552 25850 21941 13116 27554 20491 7124 27761 26448 18882 6950 25432 21573 1815 23453 29187 449 12782 29287 32069 31893 20438 31258 29504 20724 12996 16440 8948 29597 15502 31924 29108 16895 5928 6643 32037 23961 1295 19524 21088 28744 17925 20519 23267 16054 20738 10517 31062 26728 29536 16064 5997 8174 19815 26242 26686 13783 19479 8914 10007 10159 3936 24086 18541 17 4486 10139 12405 12750 27079 10872 11017 23389 6214 10041 6450 16881 14503 11708 17886 12906 8372 17211 9691 23606 2504 19351 24663 15532 651 6096 4804 15840 26289 10642 14866 12802 3186 13652 315 21582 1357 13341 27580 9075 27088 16660 28039 10094 31541 17636 22164 15706 13653 29739 394 5332 22593 22874 17758 11478 916 18019 28368 16935 23774 17742 18558 15480 28459 15784 10265 12784 27266 26383 573 28742 4710 10984 10991 21023 6607 12847 13424 22295 13985 11023 17918 30803 30403 4853 1408 23873 12762 3881 30971 18212 13498 21584 17913 24064 17903 3902 32023 5532 9765 22000 20122 25567 28350 5314 2157 10048 21797 5521 19974 27374 31256 29593 21652 907 18424 22547 20654 25591 12506 23239 22145 24359 19199 22773 1791 14344 29278 32472 8117 1631 27097 9007 11012 30226 4770 10663 8782 27689 6773 27309 21399 7653 13675 9836 17531 2904 8816 2795 32645 31791 26890 9308 30051 5919 19548 113 16143 28324 3816 26224 19190 19764 23234 14702 13948 30231 26722 9559 15206 9618 31606 11072 24241 3322 21344 31438 15691 23876 31583 7863 6996 5079 17490 4131 10892 16292 15546 25891 10021 8241 106 6994 10660 16193 8138 30307 4604 5208 21504 4537 24711 10303 21313 28998 18140 29709 28911 3078 27389 10251 2902 27975 25341 30013 14799 27558 28656 11845 14076 22120 12448 24761 20496 8008 8719 31242 25542 11409 21849 991 10335 13179 13160 249 27645 14799 25658 9353 9355 5493 15724 15410 5129 23715 19124 22940 26458 9132 7229 3908 11986 4348 30900 23478 12632 8166 14606 4365 30228 12684 3065 21248 14452 22973 5028 32133 10894 9718 6535 24051 8792 7317 17300 32290 31978 23602 25796 14308 16785 23722 20494 18852 7548 16207 26680 25390 5331 6886 20115 24937 5804 29900 11375 14941 15801 6030 18941 6796 5397 3462 29896 9663 23487 16332 10537 29809 16756 18168 8891 29478 5998 26578 7616 8252 25488 17758 7312 9036 31282 6417 16741 7875 23580 24593 5360 11354 16706 11132 10272 
16691 5997 8784 12096 7864 9233 13860 14795 24968 2725 5132 18663 5407 15328 18518 29218 24180 2472 29293 8068 2841 14844 4308 32505 28647 26270 2385 6722 20557 32206 7734 28811 18940 15167 19351 28406 15946 16860 8809 12648 11785 29940 30298 2149 8522 30969 4317 28213 382 2920 5740 4875 28388 12815 31549 31013 19994 8642 3199 15070 13558 372 10998 30556 6341 5008 5269 6742 29608 14202 24881 14045 1558 23988 3617 11641 23595 12426 3559 4346 3932 14928 24310 32532 23949 4899 10422 27186 10810 23099 12842 10976 6614 27475 32286 16358 6903 30252 995 28753 127 21212 11053 13555 25933 3686 17564 1572 5892 22907 6739 17504 25619 2903 6422 14294 27802 22422 25239 6732 11175 24749 12216 372 7291 29177 23536 30004 14230 941 29789 14048 6725 23844 7466 30485 2815 7934 28928 31333 7466 3532 20380 14527 24913 22205 28730 12698 11748 837 11311 16606 5682 29287 22026 18090 18790 14053 13851 8646 16964 15704 21911 27192 3704 10105 21004 19051 1960 8750 18448 32432 5454 13431 5590 26527 18199 10843 21253 4512 8391 31396 28450 13840 11716 30795 23280 7229 15593 29631 1097 26655 23335 9795 21580 15792 24851 30661 28886 10026 10091 3269 24949 12740 19976 25712 8897 10174 5673 21185 18848 23619 24133 17274 23258 9155 5801 6112 15616 314 16312 665 16304 25975 13106 11676 26300 14435 30600 30423 17030 19899 24634 7727 16636 4870 3841 30285 13229 32211 20845 29124 1831 29177 14391 12999 27155 8936 21952 16384 11754 26197 11732 30728 31883 19813 7498 2719 4177 9893 30091 23807 10231 23722 26940 27549 6839 5012 16878 32746 4609 23939 17607 24628 3752 23136 26997 887 32357 27908 3865 26152 17179 29808 17177 2234 30452 21068 10711 29379 29458 28846 13291 7136 6728 19672 28446 8369 21163 32262 3658 11870 2126 7108 31622 31658 5082 12111 20300 264 31493 32596 4458 13861 15638 22641 12772 32438 16544 21804 1117 30961 12886 32477 17142 4528 22318 31504 22328 5485 19680 1896 21317 8094 24898 27690 5560 4590 22836 20181 825 18109 10317 6057 32278 24077 5876 20121 27625 11645 43 5629 14727 24694 17683 17972 15945 25398 2642 9865 25054 11355 31260 1316 8762 32254 26075 31734 15904 449 19752 17930 23697 23720 31608 24103 28420 24874 1082 5031 16386 22707 22023 2023 30074 6706 22945 27192 24583 19183 28436 4216 25240 3131 1621 8544 19837 2279 27451 12034 
23475 32690 1388 21284 29966 23744 10751 10805 339 24042 13284 8369 19118 5332 20535 27979 22409 4121 5231 15576 15143 21100 10556 6030 14563 9124 3254 19932 1263 16111 32700 14528 16086 16211 8883 765 20118 13075 4953 5030 24976 16868 12620 9243 3411 9556 5154 4141 28539 20123 14570 1307 5815 29771 8727 20846 9371 5969 30907 31031 32636 17193 14215 24373 15542 8434 3841 8483 8115 17384 2997 22643 21250 2130 14700 1334 12749 5653 29871 14185 32737 22233 25758 9023 10490 14466 2562 330 27521 30289 11725 6975 9715 13122 13135 12291 24590 21484 22993 4948 21289 27020 940 23858 23484 24192 25020 4590 28066 21563 2950 30644 23782 23062 6642 18120 7292 9523 12557 30203 11469 21630 12258 31340 6068 16867 15910 5690 4675 3596 8324 20692 20878 21707 29847 7566 26296 13911 10279 26015 6708 6453 5988 26836 20387 29665 20293 30966 24254 11773 19128 10293 2397 14157 14260 1180 10074 843 25948 19026 31520 27544 5307 11821 17099 6135 27805 17214 1460 191 401 15465 19622 27764 15280 23443 24242 23253 29838 12786 27421 32447 21368 14065 26960 32237 7728 4489 4486 11435 1479 4057 8315 8583 21716 9859 31012 19969 12474 21486 5197 21655 16335 11878 18716 23682 20411 2193 22711 21226 10693 18122 23551 3321 23031 1129 10159 16662 20827 9109 6017 3299 30624 23695 1589 11992 969 25765 1362 18576 7534 18989 21032 31535 7390 9190 25582 5250 29960 18760 17939 605 513 9360 11578 7003 479 4543 26638 2559 10707 1938 11468 9496 14850 5757 21469 18365 21047 29920 17369 17429 1902 372 28100 16187 16399 21742 1874 22382 26215 28450 21190 4781 30048 31640 12644 11552 6290 32635 5357 18096 1626 28683 3686 24322 8733 17126 30158 16425 17382 22079 17795 24804 22075 12245 32486 6627 7827 730 20648 29900 14772 32245 2929 14568 18904 21750 18270 3864 5562 1267 1415 14121 6624 27928 4783 20611 4191 16514 26943 32586 5796 15497 5093 2887 6804 30399 25513 18466 17873 29637 29955 795 22025 29311 16975 11465 25023 25709 20018 13562 26736 18623 4654 1798 22081 11450 11556 897 30441 14746 20247 25695 16923 23808 15649 21834 29033 28613 23193 3097 14288 31978 2470 3500 21718 12121 30757 1129 3084 7059 31784 15930 13065 14025 11887 14042 25693 16531 4865 30116 6120 5071 22733 19896 27622 24023 11614 1100 8162 30075 25041 25518 22006 21360 21958 15240 8289 14423 
16405 12189 23513 5462 10523 20142 19879 8097 16741 22363 7710 5054 13970 15897 13101 31104 15509 21612 21692 17350 20636 32762 10537 29802 14779 9175 18167 12166 22960 30841 30477 18956 25262 18412 32551 29082 22464 1517 26251 6208 4876 22292 6683 13179 25965 12349 24531 32448 9642 5207 11790 29582 15498 16350 24664 18393 12881 1770 7886 3476 12840 18478 28511 1362 9179 29743 30724 22564 6066 24170 22314 11699 30423 17186 28036 12653 16767 4304 27754 13547 19730 3907 4131 14499 5439 28248 5863 19012 10275 29404 18593 16038 26418 29028 30507 10828 108 24575 11007 673 20230 748 9624 27981 848 11629 27852 17404 14434 31306 2051 18406 20743 2620 9285 19317 25061 9473 2077 23360 27817 32495 1089 23542 20859 6539 12328 30550 13561 28662 7763 13718 15319 19483 14253 6363 2002 26893 428 14123 14491 15254 21135 21834 20431 27276 4592 2904 3662 28912 20307 29634 24828 433 12308 9958 27650 14704 26680 22144 18167 19756 17894 5632 6872 253 16232 25132 23096 21443 24129 16995 6466 12406 5013 18981 14323 8251 3625 18339 27789 24636 13745 23473 15291 17804 13419 24866 31420 18921 12959 28924 20779 7101 6374 17664 25062 15304 5313 11050 32165 26154 8720 25017 29302 8099 17070 22632 18969 12563 3485 24117 1127 10054 16670 6612 30102 6210 17874 20544 1681 10516 11801 21438 3963 31863 5586 19303 508 6467 7705 10449 9059 1024 15645 886 7225 12759 21547 18122 26696 10666 23492 28199 12965 21180 6665 1241 7037 11187 25000 11337 3857 16578 12559 19848 5880 2844 1302 3781 25281 13372 9412 14696 29299 9650 21460 25982 23695 21716 23695 30004 20674 31112 608 21032 28588 19188 28345 9019 26177 23695 5424 26177 5441 13801 18012 32604 4876 12999 21150 22309 1996 18257 7148 15527 6650 22830 25148 22671 24006 5196 8796 7667 5559 28250 30209 20142 28884 16531 21053 24125 8564 19032 24967 18583 27247 14284 4410 31987 31427 17549 10161 9441 24892 1145 23436 25506 27847 5640 6366 20757 13512 11278 3909 17033 29379 22346 9780 14238 3709 15475 23165 24072 23468 17205 28810 1341 22636 26796 11305 3778 11920 13986 14599 10840 24239 25732 30121 26874 28969 12548 30961 29208 9724 10990 8109 13980 28977 31435 21864 28296 17342 16148 10189 13306 1925 15219 19599 29725 10309 11968 26153 27134 16203 29183 31900 29089 7881 26249 16431 8741 22280 16863 8187 15061 933 18845 32422 31880 
18717 20488 13182 5793 20459 11061 18568 16144 1566 25203 22743 9904 32569 32304 30485 5249 19461 28970 15212 1737 1204 17182 28508 4171 15809 10203 24984 26573 31000 20426 2438 15811 12562 28711 17460 21814 16192 31507 26427 14645 21221 4209 14336 16754 27056 26228 9278 31864 13813 31542 26133 23721 24811 24465 28301 29448 7144 10603 14047 21956 8990 11688 7306 30440 30596 5364 25704 9706 4425 9340 30080 21095 24161 19375 11730 16620 24802 15204 12958 18825 19174 12262 31050 26884 26052 12364 22520 24259 14480 9361 12312 5719 7333 25530 22138 32258 21993 27123 19708 28135 12604 23588 26888 24254 21434 15223 12152 2164 13106 14749 11977 27867 31296 1434 11233 5796 18584 7727 27224 9496 23519 17533 13893 10445 29514 28280 12358 2989 12713 18120 14373 22780 16567 30900 16920 27719 17896 31623 8191 26545 2492 24724 11012 26969 23626 27770 482 24948 3264 26737 9059 6658 3812 6630 26530 31645 30641 19051 10403 2182 6431 27424 16860 3987 31284 16507 9336 12666 32225 31398 1025 11572 29319 25820 17256 21659 19107 2089 26310 20921 29225 31245 3847 8420 18356 6490 443 24346 8279 13282 10833 29000 31696 13455 25865 8909 28785 13740 21817 13281 22888 26984 3487 11093 5939 27173 7079 6007 8429 4298 31131 11147 27152 4086 7881 22798 2383 21587 31416 17425 28631 25388 23853 5225 17664 10723 1631 23106 19170 28611 29058 7653 12114 10212 29324 24099 4610 16704 11124 20600 7897 6904 21883 6376 30398 23160 30847 31483 4166 6366 2416 6508 2812 2968 17507 17400 4008 16193 25747 2789 22002 30012 24604 19072 29331 25542 4279 6624 14572 27156 1067 12526 24398 14549 11124 5469 27421 4440 10354 791 20747 22459 9456 11471 4514 13831 954 21030 79 12113 28319 30863 5835 3811 7835 15018 27544 14249 16212 6947 7011 3388 15574 16179 6381 21761 1745 8258 31558 2659 29077 22220 31438 14672 18928 29990 27382 30974 2665 10836 20358 3017 26763 27739 26166 9471 5839 17371 28723 24155 25451 29626 12085 9463 19567 30768 19648 29323 6658 3293 16569 26544 30689 4452 22522 11364 15554 909 32630 18684 1849 20928 27869 13722 23123 5639 19096 20857 29287 13977 18961 4956 30595 14104 28515 9737 32107 32003 26586 22064 19746 27046 11757 8978 14913 13884 2937 22983 14593 8126 13567 3564 22894 27641 29621 13789 15970 7514 28712 11201 26428 11359 27080 31857 20646 3785 2870 19611 20464 15679 
18826 29577 23600 7110 10638 8834 19262 82 22939 8273 10409 9344 18207 1336 3776 11026 21060 30629 8691 28246 14305 17721 24280 12514 19627 25065 29525 637 23832 13564 18175 11368 4720 16179 24172 11931 21633 1213 1051 3318 8836 30284 223 22691 877 12215 12775 25515 30730 18249 1893 16524 26406 5075 5001 28557 32460 10206 16032 25316 25345 18869 24979 7791 15871 28924 7505 17787 268 6891 28045 11154 23733 24227 10276 12924 650 20151 12508 26448 13888 10800 30580 23229 15390 26801 15481 24572 21700 11864 21831 6077 15423 26682 24416 18173 12380 27866 9602 32575 28828 3636 18846 11022 3534 8343 1247 16100 18265 11801 13196 12684 30430 28429 4115 6993 3713 7754 26780 16591 13968 22510 5466 14539 5851 30586 208 24910 3688 24144 28612 11470 20660 25225 27792 28437 16847 30388 23288 31742 28138 821 32116 22978 27201 30559 9698 13489 6877 4562 31699 31565 9761 20181 21625 26416 3567 6522 24010 21566 16393 13324 20409 23163 26229 21814 18892 15525 16641 1367 9083 14712 11108 32038 19146 26081 32356 16892 25506 16050 23567 14204 20385 5691 23503 14949 19779 7500 7702 26660 25993 30897 30900 17368 26488 32742 8046 15394 20805 3173 30230 6816 10680 4341 25011 6102 4860 26971 18767 23370 10340 7445 30071 1993 26204 89 18531 25399 18008 8092 18167 18632 3905 31253 22740 2438 30092 10499 30330 18483 32535 11681 17361 30109 29974 13162 24752 1307 15965 21326 1937 23951 11094 6914 26383 16403 21233 2819 25741 27054 26579 11906 30055 13200 21610 30464 17026 6354 12515 11894 2655 23303 9060 24451 2348 14845 12189 7043 10650 18191 31590 15143 19737 13570 1634 15261 23240 27844 2515 20699 3717 26262 24867 12870 13379 22562 1629 18620 28193 3848 2398 11277 27243 20656 30852 11711 746 8325 28153 12878 16733 11864 27432 174 15579 18759 19302 19700 2582 29837 28744 28024 24361 14086 1824 14428 19118 13195 21983 27684 3581 24545 10995 4125 29273 28933 29087 25096 10912 26644 14019 26606 3233 28651 481 21072 8154 30704 30116 20252 14507 19916 25961 342 24667 11858 10278 9587 7974 28940 28329 4683 19938 3170 14418 4452 25273 6866 6156 432 25332 18833 20499 5566 19500 18225 11979 16626 8802 880 5221 16125 19540 17360 15759 19280 2647 29330 3204 20774 25647 26537 6117 31138 11660 12095 11492 8742 15491 1754 3825 1944 23751 31095 6199 29579 2816 21673 9002 24239 
1953 4608 1624 32644 31328 22758 17614 6376 25927 31599 18731 29575 4178 32549 873 21670 5787 5965 27460 16457 1290 17048 30650 6132 25757 18147 22870 24546 13266 15975 19567 24811 15252 32089 29205 11371 30526 22795 612 14383 10089 29002 31275 20756 28517 28845 21348 10974 9960 26585 3729 586 4947 4471 17808 4979 12356 21037 29713 18508 30894 1681 8325 10708 12561 14023 27562 2522 993 1387 15545 9254 27754 15780 12764 6148 32165 15718 9192 17540 17539 28259 4573 31373 21706 4274 12640 32583 5722 9903 7303 3869 7630 23937 31035 30643 11967 9656 13561 7205 22231 28980 14887 12267 1966 15694 12274 21782 32470 25155 25692 24139 12452 31562 14374 386 1847 24508 18885 19774 11213 12264 10998 3386 30954 30293 5314 9233 19312 1127 29549 7113 7460 5751 6926 16140 29142 19036 1307 8498 2332 8205 19974 31320 11965 3978 11193 22594 28092 10756 9118 30247 5221 26100 5299 10837 7908 23825 13039 1260 12083 667 14188 20567 8617 561 12016 32538 31453 2210 41 2213 9759 3575 15772 26453 16560 24740 23180 20240 17439 30791 21355 16316 13843 8777 7636 15135 7379 32062 14529 21517 17568 25280 6313 3863 31595 2888 15009 17109 31865 6007 17845 6306 5528 7008 13721 16265 18528 26278 1333 15257 28252 13278 23241 9284 18741 4945 14519 20945 25155 15353 1657 21599 12514 17752 16621 1719 22510 12109 22292 32182 7666 6395 18921 9665 2536 7315 23566 19342 9847 2665 23233 28914 2856 1002 23602 30916 20209 31066 27348 22895 28974 30397 27796 20538 18222 782 6866 7467 14292 558 4001 12924 20699 16730 21967 17988 24665 6984 19535 17647 3935 3257 26032 3427 14014 19039 29125 8484 22660 24967 9527 26414 15816 7016 27039 24469 11756 11652 1325 15388 21725 27253 26883 15414 17787 16375 25746 11280 22584 15360 22313 13897 23494 29313 12243 10106 24162 2328 29034 17634 18741 20451 21960 14991 17977 11199 22180 16237 23604 19317 27443 1305 27281 25793 30112 30168 21012 27653 13302 19326 26487 27071 15430 2792 22064 11896 7992 5553 25273 25206 15240 9318 31799 1839 7997 31010 20271 5771 15090 4719 13171 15959 30258 11939 7530 26522 14670 26745 6666 26643 28472 294 4732 3250 19753 18130 14337 15508 30714 26174 6354 24495 14332 9379 18284 27198 28564 24051 31877 19149 32465 24757 21886 8951 28898 7183 16916 26852 30266 913 8783 24771 23312 14574 27569 28867 30310 25514 
1661 24583 21228 21857 15888 30464 210 30687 30399 18171 19592 22244 1786 22413 21789 9343 32701 12734 21957 17205 23125 9562 29014 25745 32600 26585 3598 28458 19723 10323 18570 30848 2210 24207 3210 18078 22027 21673 2554 24730 15948 2296 23427 14054 9677 8549 6626 21932 5922 10664 14052 32083 6447 29765 16275 1280 23138 24989 17016 13617 19483 30128 32042 23829 4060 25880 29471 4017 3586 4434 17238 26461 31201 6629 11311 26486 26452 7839 7507 25742 10411 22710 12126 27864 22373 11927 14807 3877 8272 19294 26354 3922 32532 5182 22515 8700 22345 831 8157 7089 17465 23608 30906 12574 26624 178 8458 7577 4938 22332 2572 5900 32447 29672 8755 23196 6994 10994 30054 10501 11222 23477 12680 13434 17647 10476 18513 32052 29690 4974 15568 274 19386 16128 16063 8667 25491 5837 24720 23478 122 14448 19432 16009 19468 25646 585 31932 21483 30726 8412 9425 31535 12687 13241 6076 1334 17287 24106 29467 8047 10069 7896 23854 5807 17744 11809 26301 2366 4613 21575 9987 20207 27725 25756 21062 28969 10186 7723 32197 11210 22325 20748 5689 14124 21612 2561 3049 11780 15391 29921 9504 19970 21322 23198 31758 31804 4129 7428 16859 2108 20971 10144 1551 28184 3977 2600 21465 955 14437 13996 31317 15698 4886 1009 1059 9574 15347 3884 14602 14514 29951 25081 2671 15337 9067 15355 7344 20209 32176 9288 27560 25391 17916 28394 25629 573 32043 26002 26535 22645 28058 11460 12245 27083 25450 25536 8916 1197 23394 5096 7822 6639 4139 27426 11804 25352 17732 26850 13414 31582 7214 27809 6037 12767 5203 18551 6298 6140 29660 8523 8834 21259 8076 14959 27270 18238 14297 2078 24795 29928 2026 19339 25116 13155 2548 15744 22726 15838 17387 5587 9751 24643 17498 23874 17822 4111 23062 29680 7225 18012 21923 9671 3073 21691 8011 2542 30163 2000 5948 7900 17012 3076 7796 20564 26361 31362 29668 2590 1052 14050 1319 153 31207 18967 31515 20996 19434 28116 10002 16544 7683 4975 17234 15502 29020 12984 28925 31667 24531 2496 16424 30548 18146 7949 5639 12206 25629 18557 24657 21140 6473 11444 14816 1705 31613 551 11967 25088 14021 25690 13658 1113 4017 18798 30254 20956 13768 3261 21131 23393 9635 27191 5790 7099 18475 17013 25306 1785 3472 14052 12141 21980 21384 13122 5182 24803 12487 32585 7801 25382 11857 15575 27937 11046 2490 27483 26630 10163 26331 
20758 13277 21642 24152 21336 20937 26754 16673 30309 19661 17304 19105 17883 14820 28062 5714 30410 21682 31537 4541 24227 14200 6244 32250 16063 9658 3152 629 26801 12376 4138 23659 25907 1309 30361 13595 11484 26157 27202 29358 29231 13717 18613 4590 19164 29969 7770 385 2122 8169 11275 19607 6538 19378 29286 12294 5543 10556 25205 27659 31209 20007 5782 12135 11668 4186 18198 32310 23555 9973 21226 18856 6900 14936 6040 551 8701 29096 11261 27231 27933 24313 22839 5683 32095 8413 755 28134 12720 14193 30054 29836 10294 27591 24098 13257 24089 13186 27055 29120 16457 15747 26596 2193 4946 12354 6520 1792 593 12636 24785 15390 32159 9069 22268 14569 6463 12542 21952 6716 16321 14862 22932 22187 27554 17518 16349 32700 10403 21836 22192 22995 31754 32196 25136 30506 29490 19978 3709 4343 2508 24637 22572 28356 18625 19264 2184 22034 5624 28353 10123 3645 4262 1608 20480 31080 3012 9338 14854 6399 9807 19740 17386 13281 28570 24382 8359 11357 16730 23506 21564 15580 17276 5853 29914 11967 30369 11229 13206 11410 4312 29945 7102 22437 10378 15020 6626 11548 9253 12314 4631 23191 26401 26566 22378 622 10173 5863 2679 3917 5658 5653 7423 20665 29158 8768 28282 16032 3281 3952 27592 21110 14135 21938 30078 26977 21911 19690 11964 1056 4561 25226 10492 22097 1828 26324 26644 4435 3389 15775 20475 21051 29907 5081 11255 1829 17605 8505 4827 4984 27381 31546 28384 21344 7303 18847 4558 16526 16828 9648 12249 11313 26957 4130 25345 21555 14249 23072 12369 4711 26536 17101 5717 16653 4985 4169 12335 13359 25917 27915 15203 5642 9567 29814 5053 32350 2488 24742 26750 16043 21144 411 32452 1635 32202 20961 21260 22145 8270 19518 24958 3544 7850 5496 10968 7349 17827 3969 3951 4668 31835 15137 12034 8761 17508 25655 3074 7122 15311 20279 14356 13384 6039 12039 15289 16901 8210 14533 25960 207 9067 23224 20135 23206 10871 8194 8079 12742 15954 28143 12253 25740 5811 607 24328 3791 14749 1367 12970 12505 32696 20961 14306 18623 16390 10146 31999 31943 17333 24305 3201 6323 25026 24734 4855 779 7725 11729 9549 24252 17160 22547 32230 9421 27863 28619 24966 8115 18685 24193 4345 31552 13706 20004 30919 17677 11544 950 2718 20196 13037 31292 30108 22806 16961 1571 27811 23669 2489 6565 25082 15881 13483 25884 7072 12178 32182 32662 29519 24760 
15470 23200 8669 4039 25519 22148 10380 5983 26672 18831 16097 9046 10238 11390 16103 25093 5295 296 18813 25018 15653 31019 15074 202 1498 23206 21472 11668 275 9838 12514 29608 14648 22708 26174 4406 8300 15307 8297 19433 20785 23502 1989 7858 2753 25013 14575 17798 25856 10524 9648 8411 3151 14041 16210 29714 6078 28332 8881 10189 2122 2910 14217 4853 30058 4898 22335 24121 1124 7832 12083 10589 16865 8412 8911 5965 21134 32622 28480 19241 11724 31460 9879 18554 29979 22032 30719 12477 28439 23928 20474 64 26317 4761 27289 27746 27861 29620 9680 11098 700 5903 9535 24234 20191 25931 9956 3972 21232 2611 23964 19851 24281 11071 14411 8311 682 12639 4637 12782 21224 11260 32649 904 2451 30990 5523 20150 32287 26841 4277 5018 26075 18621 14191 5311 16815 27159 24428 6786 12560 19000 20089 11755 13111 7984 12521 7324 8146 32285 27124 22256 22549 17626 12865 7358 31059 9555 8848 19169 2339 12657 20039 30662 9145 8270 23102 22326 28051 20290 26553 3633 19660 28939 18014 10544 962 18329 21675 1658 2322 32492 19035 19790 642 2295 5530 24335 6617 31045 9632 111 17471 4231 9784 9751 19977 28069 13270 27043 19966 21050 842 32204 7424 18593 28298 10857 5887 14536 15694 19006 636 13382 29742 420 22915 23088 25805 5535 29563 6496 9503 17105 14078 22429 21699 27317 6615 8124 5002 551 11485 7744 9336 2565 8611 23870 29717 17417 7471 309 11140 2866 21445 31762 3496 27909 27751 30600 15639 22870 28917 17800 23119 22334 3589 15657 16119 18392 13333 24302 29480 27069 24981 18523 20169 3586 22874 25261 28629 12685 12947 9002 4956 30879 30113 14257 4465 32522 19602 6809 15218 24935 28646 11431 28391 3450 13460 23272 24649 15009 25081 9256 22269 3611 10449 16995 5966 6337 26695 23116 18085 29424 11382 719 10153 1460 20254 18709 2804 30764 15840 29685 20267 27953 9075 14668 20159 26033 26675 14499 25145 27476 17455 24652 10790 513 1388 29689 12791 27462 21634 8669 31335 17252 4877 20196 24335 15696 8470 32668 32277 31709 28895 8566 27172 7497 838 11718 20130 16543 30744 25711 15746 11296 27522 20600 9330 5147 19817 26703 7251 17488 10999 26858 15917 22002 2799 28533 20896 2082 396 15122 17683 10380 29809 22316 18076 24957 7774 17406 16310 11336 4192 6036 2100 18425 23579 14561 11144 16828 3373 16951 12918 522 13267 19869 27056 25254 
26816 5228 19003 2188 14816 24485 1011 17512 15032 14854 21762 7114 6340 5502 1786 31706 13783 18909 30292 23197 25632 11811 27126 22143 7581 27220 23702 20275 22672 3780 10263 25397 31274 21693 27553 28246 31526 1066 31276 30256 4946 7952 28328 24763 21718 6204 222 15368 28357 22796 31949 7418 27462 30845 621 29931 22633 17908 6050 30292 23470 17434 1600 59 2043 19559 19416 12384 7167 6695 14735 4217 8000 16323 25143 10536 26186 5103 3721 24894 22319 554 18925 32301 26142 32313 8369 22692 5519 15121 12570 17680 27376 6359 10203 5193 30682 19184 142 4673 23812 19523 28319 5469 25487 13418 17417 11475 6582 25048 18428 27497 28260 2307 4881 9783 31373 17 24852 27396 28144 27023 12301 24666 1149 31502 3374 10199 5589 22100 23887 31136 29710 13844 25379 12327 29385 21745 4683 14728 21430 6873 32389 18991 6116 23678 23090 15432 11709 5321 7690 8704 9559 21276 8534 22785 29379 21641 21057 29475 23853 7771 32670 8051 4646 15204 27641 7340 30358 17452 29173 10621 6886 10179 16983 5586 2571 18760 7492 9186 32180 31498 16456 12202 1749 3514 31443 14633 21741 7655 5520 23843 22923 5398 29785 19353 6102 6175 8479 20138 15660 9861 20901 3261 7680 17273 6107 17472 12832 4405 9266 10634 4742 22347 11606 19491 3191 1773 26999 31655 5867 17064 2449 7024 8054 16680 29381 27474 21951 15684 15366 7838 13435 23614 9020 28854 23502 13555 7748 17841 29529 28443 21771 24602 19932 27109 7121 6348 10611 4156 14102 91 21244 24451 17984 26707 20450 11177 2063 23521 28064 15383 10884 7360 14678 30905 9902 12593 1001 23358 20551 27248 31927 31364 15709 8047 28008 24483 1908 31677 26826 13075 29444 26195 23165 21527 32514 12831 29774 557 28172 7774 23346 16858 27314 26963 6172 23440 5746 2148 16626 29659 2051 5738 29377 12604 32304 30600 7113 9556 23857 10530 3706 17984 17650 17955 26950 16109 24117 9495 26854 14219 23887 30637 18856 6781 29392 5379 2783 26301 5253 3283 4343 23693 24395 26517 27710 25854 8611 32023 6861 9080 22343 32519 17847 22857 16703 4673 21409 1771 2748 30973 1247 8655 28502 31818 18750 13729 23465 12952 2719 26055 31947 26453 17498 12303 31404 14574 17545 23930 30641 28941 8340 15149 15751 29163 9373 18095 20312 11000 13455 8449 29897 5410 25488 15450 26349 24190 13805 15341 8493 2686 18616 5063 12547 12742 4908 1038 11357 6090 
30430 28028 31000 31636 467 21167 19865 21870 12121 6359 10664 8120 30486 6722 17111 4190 24787 20698 16305 16854 21607 29778 7605 26316 20877 28552 2503 21478 23918 3585 12583 18745 7953 24652 2860 17881 4822 29784 10690 4274 11583 20938 13236 23150 26943 8327 3656 29913 6621 29080 17535 21749 31102 25994 442 24707 434 23666 17073 931 21234 283 25983 10453 30681 4609 9778 23727 16337 8739 32641 28476 18359 1804 29622 29035 20461 6377 29366 17913 30645 23508 16876 4999 14550 24802 31765 4901 28661 24116 25836 11312 24584 12558 26286 14415 4855 14081 3337 30869 17580 7965 1880 30895 29563 10502 19896 11509 13123 18911 30854 18555 11017 11260 15858 18871 9701 7909 15989 4294 31918 30402 23500 20338 18975 26590 5163 2027 26036 19751 16059 12819 16776 23204 22864 4654 31930 1786 3878 7533 10672 6245 17639 8179 15318 24084 31234 2182 21733 359 18354 27315 1036 9264 18550 9526 6197 14157 32589 25228 20973 19887 927 28278 16551 13706 16827 6540 22747 26484 10014 25802 8025 11877 18742 9464 26859 32560 10866 9934 25853 28752 18539 17681 17036 30530 13597 8508 3424 5367 20940 9711 2854 28887 20874 24950 17443 31506 31466 29650 1765 20933 27862 24307 19863 21169 31423 16551 9714 31382 7450 13587 18876 7825 14653 5795 4429 21850 9581 4994 22048 23945 8207 25447 13363 9550 15518 27385 8109 31404 22275 18857 20719 25008 10748 26144 2101 23254 8728 20788 20558 10702 11876 15689 13056 26442 654 3958 29293 16623 6239 18491 14171 8075 2555 20238 29810 31320 24077 10754 25481 12874 5870 30718 5242 6781 26086 30913 27886 5050 9389 11706 17784 29444 19576 10940 23524 23385 13307 28331 6070 12213 8900 137 25896 7259 25186 4749 20857 16420 10604 21845 28327 8047 15480 16379 7800 9028 12996 5555 11225 24506 24365 18978 30626 19657 7094 30538 4812 6540 15818 8242 17735 23184 31941 26213 1713 24585 32316 5917 17133 27937 31259 1083 10569 30541 22747 10343 12951 705 19357 17280 23303 26553 10153 11344 9033 24447 23518 441 7803 8315 22833 22559 16533 22242 22757 13724 1904 17275 864 31147 11719 22528 20600 14893 16135 21034 11674 2218 344 7738 8555 4865 8130 5623 22589 17296 8142 19289 14624 1609 554 19503 24831 4218 11994 13214 26941 3718 17765 8876 31033 22015 1241 2031 6682 14036 4698 13725 9652 9698 13411 15987 8284 26511 13383 20659 21100 2632 
7225 32647 26810 18290 9023 18905 7389 6665 29383 25839 23013 7324 17938 6720 30538 2614 22448 32160 15601 67 15828 28069 31452 28185 7676 29887 10861 5885 29426 27958 19927 29903 3239 17098 2597 24458 24863 2423 372 29350 7842 15774 6422 30506 3053 19658 23289 27106 5222 28188 29703 29678 20745 17235 24124 27846 1583 15944 30188 5464 24868 7170 14971 15507 24044 28521 31782 28157 18846 18826 15120 15954 29374 22164 6973 29453 3333 13169 28439 17676 10459 15714 26521 30963 32076 15422 24525 7800 5151 22289 17595 18729 8351 25982 8986 24023 12798 15400 26234 22717 17754 8877 31864 4734 24962 11079 29982 22792 17084 16454 18532 32147 26662 18246 9167 31695 623 2532 1276 12730 30464 5860 30124 5989 6644 20688 22070 11707 6021 29166 2986 31007 17084 18215 13043 4708 29124 13818 31447 24285 31900 19512 19985 24734 8920 9001 20008 10134 14240 26743 7845 26095 21678 6792 12122 27276 4657 24473 31450 30382 6822 6372 1884 7570 24737 6690 20838 18250 15248 3748 13053 17525 27049 14354 7979 11568 22192 3230 29883 22514 32387 5651 6889 6582 19884 1197 12432 1470 19808 2468 27181 16162 20518 4546 17954 17611 20487 10573 655 14907 12790 12013 12271 19158 24075 18134 16933 21119 184 15992 12348 15829 22009 24858 32521 10335 3827 31122 14354 17250 32752 2070 3516 26291 17097 13451 29980 9901 16824 19456 9958 11737 15922 12159 3412 18082 2817 18736 2530 9551 19914 18381 5032 330 25246 22623 5984 30238 15090 896 9039 17838 31503 19762 15734 28371 21576 7174 7427 12068 31982 23812 28006 10199 7433 9484 9129 2483 7185 7217 20929 9512 24530 23658 29783 7345 32397 22453 11562 3255 9460 28223 18750 11812 11056 15757 23924 14211 14191 7130 19394 15044 30994 19854 8610 25015 26920 2157 9675 15586 4870 6142 25569 29858 17703 29239 18010 19479 5727 13521 12535 30743 1650 16441 12149 6891 8765 23818 25543 18312 15774 26569 6016 13169 29489 27862 12481 26330 21761 29277 10708 12510 12616 20490 11381 21470 11974 25775 1436 3356 21430 6003 28044 24900 6761 17235 31655 8344 4956 22003 11413 25785 7793 13736 9380 2772 10764 16526 27540 29046 15689 4995 24811 24318 21513 22348 28476 1008 27860 2481 14071 3137 17264 23772 30641 18254 2269 31930 7211 12193 3954 28645 17319 5021 20609 25558 6000 2799 13915 27792 14502 15360 9407 29069 14158 23291 13161 48 20664 24092 
26960 12899 23328 30353 31968 17956 30275 27739 7920 23461 26466 22285 19140 28206 4974 21312 27581 13946 6355 3826 21068 25345 29734 6911 3023 11503 17870 2680 7003 29763 10519 7725 8269 1365 3606 15537 32498 9215 6968 13399 24982 11329 951 14258 4052 19020 32664 31717 18017 3915 1630 14052 4514 26219 11973 18035 5838 18514 20584 32308 1432 1098 15190 19874 11168 4167 3897 29042 20349 29564 4587 11783 20645 15909 28929 30919 13210 22202 30602 19148 12321 32116 11238 21687 6591 18754 25282 6578 24344 8378 19974 653 11691 6796 1246 7931 29385 7742 2791 15737 12756 1141 32691 29061 31532 14547 32500 1289 30171 27654 14402 23824 977 31725 2035 7642 28812 25547 30014 30881 27808 3686 8278 29994 10897 17048 1018 12633 13895 17051 22271 28147 8408 26686 1067 5003 18322 19049 18013 22839 16405 18409 12119 26596 30229 6236 27787 363 16566 6262 27034 2197 7394 27808 3259 3995 6780 9727 30977 1934 32583 14235 20905 11306 15511 28411 1982 28824 21911 6947 18499 27619 2551 10366 6853 1073 25234 15769 28535 14959 3970 23927 5353 31674 25289 15897 12062 19474 22106 18207 7325 20729 19064 3137 26215 25131 155 14006 7478 11567 21318 24419 18695 29562 29599 13196 6813 2627 697 4017 9994 28384 20529 29482 30423 20140 131 32766 9140 28257 10246 10110 16952 15973 8871 20463 28950 24358 28634 7328 18976 23858 9207 15619 16978 17349 21945 9715 20930 12480 17787 25965 2770 13960 15559 18889 4182 25346 24778 8451 5200 7586 22705 6608 5771 9790 5697 1507 3716 5338 30402 18771 8578 13820 21354 22642 27579 26961 5673 12308 11064 14374 28041 18086 17706 29484 22310 19893 28385 13518 19718 1635 31159 28624 205 22485 6686 15135 1827 9195 28171 15518 21183 23946 14773 6800 18950 22074 21521 27604 17866 7012 17365 26397 17984 29127 18467 8538 23028 14220 6790 17563 12158 9863 22844 17931 32457 17918 14830 8660 8443 27871 15251 9152 30000 21374 9191 24271 20586 11444 4102 9847 27856 872 12960 27813 23542 5746 30961 23418 9794 13180 25475 10911 5160 20025 11396 7978 443 3084 8486 27305 19917 1524 11547 31115 21078 25011 12990 1767 29072 27228 20787 27268 30663 14421 26305 20109 13732 30237 32418 5561 21890 29680 11494 3598 2151 21462 8591 14217 27777 1028 19980 13078 7523 24201 29191 26675 20444 25807 20353 1946 282 30120 28846 4605 23037 819 3442 495 
16425 5814 24815 17584 3100 25948 29013 28639 19409 18688 19815 25180 21715 1524 20209 22681 11233 3465 2380 8151 16052 7526 15406 3342 19517 29070 24238 13494 13598 17235 26395 27857 10578 7851 5273 24722 5412 7694 31901 10522 21940 26051 2065 26714 31714 17146 23309 5036 31763 28644 25871 2941 6376 1248 2036 4455 21501 29403 9912 13652 25879 14835 2003 1916 9000 24032 24490 3933 12507 32350 27702 10683 28566 12244 4933 1572 16297 17584 6683 9315 28959 369 31929 3673 5482 7893 9865 4922 2893 22414 31126 17530 19586 13465 1018 16162 24120 12966 24025 4669 18998 19133 32674 20787 30101 15232 18120 1029 13057 24099 20021 22645 23870 31425 408 16892 12375 3091 28063 7284 4209 29439 29659 6014 26522 7632 28756 1250 8263 20205 3599 19448 32759 8796 25669 31514 25434 14698 180 29922 19499 24202 20099 4193 26504 31965 16274 16591 17991 5900 18162 2256 17798 1554 26874 27133 5682 23087 22037 7962 30027 1805 18718 30782 15797 2095 2372 5969 17870 30396 32207 16700 15219 17637 832 32422 26378 5553 32466 7196 782 30828 566 24304 5182 2471 3960 14034 25097 23060 24397 2539 38 1683 5804 8542 4984 22896 23865 29648 27261 8622 407 21306 1461 13120 17876 29325 24114 15224 5008 16179 28918 14760 5577 29820 24543 11052 25982 7203 31255 4615 6068 4175 30984 27307 12069 20158 225 15345 25603 29022 5439 11577 7533 19151 30064 9821 7121 8103 12464 9792 31990 3823 22540 30695 27691 22426 1614 23100 3208 3126 8561 16126 24449 18583 19614 14789 31498 30914 20111 2650 20692 9836 4011 12509 16326 776 9982 30644 19529 12770 6734 5507 5831 9029 22069 29452 30185 21556 10424 27840 16164 31847 11284 15460 14547 13742 4465 31635 18442 25923 1670 19271 17491 26392 20638 7983 14221 5198 6246 1173 16437 28295 27901 22802 22491 28150 4870 32081 4012 7798 11706 6104 8089 13955 31215 26992 18215 25496 17084 18912 16450 3213 25074 3523 11386 13122 13955 30373 4483 20331 28692 25504 8495 12789 215 18915 31049 3878 17320 18670 22363 31499 9277 17588 9871 7767 4483 27067 28169 17047 22591 29699 24558 31989 18369 12786 2520 13118 919 29117 429 18903 7021 25256 8400 29831 31552 593 16453 2706 5124 18470 9211 25097 28578 8675 19712 25931 13165 27660 12893 29065 19284 6328 8097 26926 31402 11140 13818 18963 7665 32255 13628 5470 15051 10437 31580 3465 
964 17781 25406 10641 28246 25765 16657 9466 5444 21807 26439 29889 12901 30627 29350 5281 30490 13661 10528 30939 2069 30304 12570 5226 1640 17602 12340 19938 22371 12092 32669 9956 10202 19213 17262 7342 7731 2889 14130 316 27983 20814 14044 31221 5182 15304 4088 24780 15491 12639 19848 11652 22405 8219 5022 23188 15583 12179 30422 27906 27904 13235 14099 19307 1685 8766 15035 25105 12798 8600 20221 31077 22088 832 27866 22421 18468 7468 13915 29044 32721 1870 13737 17864 30371 25134 21015 23892 11851 10094 2004 4495 26231 20266 3198 22360 23991 4654 8613 30198 19241 6903 15359 7990 24088 12551 32689 6462 27772 18552 25747 26313 27606 18746 16732 24636 1708 15880 7851 25190 13641 23820 28056 24995 21678 27198 22732 30919 26210 22488 26755 11170 650 12242 25101 28488 24062 1847 29936 4198 9997 5858 5388 7226 1096 17790 17916 4915 10906 22015 638 28788 27682 31826 25622 22672 2385 21497 30047 24140 24000 21306 27974 18313 17340 28039 26617 10902 24779 32140 27638 25397 1491 23537 8602 1299 11323 15706 5519 9263 29609 23661 22633 3769 22236 30354 17148 13291 1533 14219 8144 13747 30825 27366 17454 3511 10075 2996 3495 1257 8211 4717 23786 5432 21140 30941 13023 16847 8444 1630 29277 13643 6897 13971 1307 31744 30761 29123 24898 29919 953 9010 15993 31932 24224 28308 15570 12717 9558 8239 17116 12574 28677 26788 21495 6422 25549 3765 32023 30142 14168 17891 6674 3922 23647 16355 11058 6946 2162 3813 16063 5138 18526 15359 27449 16548 10578 261 16597 8151 17903 28919 24646 392 21139 13566 8516 13163 16962 19644 31830 14885 21479 27980 79 12994 31886 30298 13042 3522 13288 20342 29215 23161 29470 14908 21246 16416 2282 31180 28382 13384 30537 28770 19466 21494 7217 42 9926 14719 25966 17116 13365 14506 11215 7754 6691 8297 27307 10395 4988 10051 8568 3697 10974 23457 12059 28040 5419 27877 1392 21592 21090 16413 4504 20733 22550 13104 11063 16114 1198 16211 25383 6352 22807 32146 15754 1979 13567 11182 21709 12751 8763 904 9531 1179 28146 10377 31350 31337 7240 11074 18817 13562 20028 13939 21226 11628 15213 6453 27043 14556 5235 11323 4222 532 23824 457 21734 29861 13071 13234 32160 859 19674 18509 23470 12118 2918 25857 8585 31044 27937 9993 14595 14809 9119 17024 20144 16026 9001 29931 5953 2746 15734 30828 637 20160 6417 20768 
16685 4323 6492 27336 6364 24215 29042 26800 28605 21021 25410 13455 17259 14109 29566 23381 11835 2284 30929 28332 2519 29762 30890 28851 805 26489 25627 12317 18895 4718 22909 8787 20855 30972 21837 3148 28496 21468 1015 22196 22975 9428 2972 11627 12163 13306 26808 15676 2681 11009 5723 27442 18403 26288 3460 12393 23251 29998 11348 5969 9032 13220 851 4298 21551 13851 10321 24522 31781 28935 12126 32690 27985 26951 13431 17766 30494 28512 27569 3473 2130 18788 7418 9180 2190 4521 11116 502 228 28868 31718 5965 6408 18931 7172 21525 21306 728 6547 10736 14365 18450 16884 4110 29607 11289 19508 32086 1513 8754 14319 6962 12036 17524 29449 13948 18190 9979 517 18782 6546 29188 5454 13462 22493 17999 957 20792 9339 1870 14732 821 27763 20268 3809 370 31836 30156 25445 31646 25262 26670 4172 28349 31212 6252 126 23781 16492 2972 26316 16756 24983 24175 31290 19721 25155 31140 17008 12982 7038 18460 30229 20247 1805 9384 31936 16789 15250 5769 18381 1535 6631 31863 1582 7941 15804 18635 3440 13707 15679 13473 10546 8965 28320 21802 2852 25856 7418 22809 284 31363 26541 31203 15210 26439 23208 16254 4620 30701 5851 6291 19733 3363 16480 21482 31715 23097 3016 494 26313 30782 17998 8402 2976 7026 17115 22853 15237 30584 29823 2132 29287 6273 12843 24495 26454 9786 15831 22388 27583 4224 4322 11 27537 2242 19516 30422 15711 4702 29211 24061 25835 23595 9353 4422 32375 30374 670 143 9733 16653 16998 5808 18213 12208 17325 12210 178 21765 12133 30720 23174 5429 26109 12566 20042 19984 14057 13109 15007 9457 31549 25477 21690 8618 9847 9358 16428 9446 94 19985 27955 23623 32676 15328 14346 8785 21396 5061 13241 24456 10902 15560 25207 25144 32014 1960 17464 3658 9306 12973 2648 28468 17842 30780 22219 15657 32634 12605 7279 19288 20332 25746 8626 4958 31309 405 11007 30628 31646 14949 23707 30779 18644 7872 15395 5422 10685 7408 15510 29901 27283 5433 31794 6236 31292 20301 7719 25701 12168 5173 7843 27569 32112 12041 6336 32500 15606 23038 23466 30328 26659 20154 28283 12633 5139 29865 17869 11947 16869 31116 20769 6365 27012 24966 15809 28373 2065 22413 8638 13017 8609 24112 15183 17109 20457 13334 16387 4297 21701 6324 23308 26708 31808 29240 10283 7631 16882 24028 21444 12929 5077 4104 30195 26224 28011 31963 1178 14802 
5944 15326 2288 8606 3876 24972 12784 29448 26039 277 7739 795 28357 23253 25684 29002 21505 29639 28111 32228 4966 25947 19971 18726 9080 411 29075 23246 9133 15179 198 30697 28833 10125 26501 21132 10706 27265 26667 6582 6297 32313 315 21413 12141 6889 6774 12453 11931 6873 1765 20600 21584 4840 12470 16765 16626 3873 7825 21909 21194 30750 11388 815 20710 22566 3724 23338 4330 3097 32743 28143 23613 13615 18383 30448 1417 5105 14504 13502 24003 24115 12815 24775 26996 3566 11330 15614 5913 9697 11481 13046 27912 6473 18862 26 6173 15640 1424 31801 26036 2828 28644 2567 7257 19182 32670 9923 18532 23536 17937 32608 8624 22115 9166 9295 13603 21318 2351 2155 27695 28178 18322 4595 16442 8643 10822 19128 23108 29902 26798 1439 6925 28593 18965 16628 9901 25192 4283 1885 26224 21826 9606 23827 6218 3853 13763 23151 14251 17828 29880 2459 4294 17500 7740 19366 27160 8329 32595 24543 14168 12474 20695 840 11142 19176 32430 3801 29841 26654 25192 5463 22982 21884 25171 1118 876 785 29960 28691 7741 32275 23182 12737 31044 23524 30862 24137 29746 4274 16297 29962 9085 311 22404 14937 29772 24435 26490 3099 19965 5393 8741 15442 26031 14786 23814 10635 15761 25451 8166 27795 14429 523 13160 24137 9569 8737 2586 13779 10706 28888 7972 12725 24792 19950 12245 29035 30031 1252 5867 28074 6489 8764 7517 6221 18743 17548 23712 18208 19298 23590 4220 18483 32294 24821 350 30860 6320 3735 27117 17291 8098 14033 4013 6225 25811 3745 6330 24248 19860 29134 30334 23005 16397 19705 26645 14943 14537 449 5997 10323 5750 20753 24104 27995 9121 10789 17024 18117 26258 4054 22808 32588 32659 13496 29979 6837 318 17875 6308 31901 32376 11345 23340 13316 28455 19682 11307 22315 4944 22300 10851 10546 5165 23476 28685 21932 11533 30061 28021 32607 27718 6317 20509 22145 17574 7356 29879 11298 4765 21641 8687 13503 26473 11597 7458 7421 19453 8461 29515 23622 10587 6238 3866 1052 12810 3763 16336 5603 31786 10645 197 3217 7565 26210 20873 25749 16888 2240 19219 24520 30330 5752 18200 2797 5562 13799 4001 10534 22739 18913 27274 7271 21878 2821 22101 15725 4151 13059 15053 10068 32023 31601 6313 20083 15193 28497 22182 21547 3755 28797 22138 23339 844 23918 6450 736 27351 20559 1291 17848 9986 1514 6245 10652 31847 15397 6950 4548 
10987 29638 8132 4922 21190 14130 14772 30993 8417 10331 30368 24579 18514 20414 5791 9448 14388 27859 24366 16788 12924 26057 30125 7630 19715 20833 7183 25302 26507 29706 28827 31347 15006 4113 25704 16301 9657 22159 20450 14070 31660 22323 28046 20128 15636 2936 31637 28898 6744 27723 23037 2166 5298 4532 32515 472 18652 21197 6665 21232 28035 31197 17668 9391 12212 2346 25422 2968 20939 16366 22874 25519 1087 2962 6927 6593 16625 11632 31696 25067 22876 4375 10755 27162 26938 7811 6651 29243 23759 27762 10939 8462 15579 26446 3850 9193 8311 26249 16021 926 26366 8135 12491 8461 31188 28286 18982 4400 12152 5837 21133 28300 29156 19483 15961 32287 31943 26578 12278 6345 25166 18784 8849 20682 10005 6265 3914 3870 8793 17307 20878 19300 21971 299 24949 16032 2728 20733 13323 29882 15251 28857 10750 9049 2912 27208 11655 24469 16084 28741 21976 29185 14385 21985 12467 2343 3065 23747 8245 6864 29839 26402 13879 23983 29489 28214 23641 31447 23756 25676 63 14111 8735 24904 2967 21603 3332 24625 24141 4746 27662 15235 28388 16753 5074 20454 18982 3148 10806 23846 16794 27688 14277 17950 22922 3067 4788 31873 25271 3928 4226 15923 6549 11889 25720 16762 18920 15704 30480 28629 19197 24488 15408 31808 13197 31163 27686 12614 2653 5354 336 22555 15484 14030 8292 12888 31141 6734 23305 29526 29322 15589 22476 12690 27622 32728 16690 14903 13850 6888 23505 15772 3536 27493 5059 29527 20756 2098 22755 30715 21952 31389 21520 23045 14319 26374 29426 15030 375 28316 17703 29899 5652 6555 16451 2544 14673 15874 4861 12206 8033 13230 26113 31494 28992 181 5081 27811 18195 12579 12913 13466 24913 27271 3622 4583 14056 14238 8399 19362 8065 11600 10033 32742 26952 13773 23248 2800 6103 5809 11467 8428 25668 7306 11633 9277 21604 20824 23992 25354 9812 7259 19104 12796 6394 21003 19597 8958 30237 17881 19152 27135 32158 25391 4880 7821 26701 1126 2695 1428 31294 10586 27993 880 15758 11788 6560 32206 25624 25469 638 19736 24280 9969 3469 1907 10753 10334 27226 3773 16885 23053 18136 18126 6916 20206 18531 2655 5570 11219 19977 29039 2263 27921 24053 32645 23078 20555 16514 1729 10045 19754 24363 22228 19585 21443 2093 10632 1068 17369 18262 32576 18314 31073 28209 14155 25675 6399 4590 27967 22786 1528 11645 20122 256 19481 22285 11180 4973 26569 
26213 24319 17104 25477 13358 9998 16132 7407 27007 3823 15945 21071 17123 6270 9465 28775 25706 9193 11770 32729 9917 21432 18676 7101 22539 28994 19609 32160 3718 30597 18617 25117 24485 29187 32501 6542 10399 14575 8384 15711 2151 19928 3923 545 30194 22394 27364 4081 20323 6907 11192 31078 10927 16783 31544 25100 27632 890 288 28726 26941 7129 21846 21237 15874 8597 15909 1471 15700 6383 15018 1528 2427 1907 31360 29149 30082 31754 4898 28676 20974 15842 2502 18796 19192 5133 5085 6581 18573 29847 16883 16929 6404 27365 27852 15492 6818 14399 7489 4675 6328 23987 25365 12391 21335 29285 2727 8034 3561 26591 16167 7773 31760 19397 31070 7199 2493 3061 32492 2985 11020 14821 25332 22566 14961 31755 9947 5718 7846 27189 28802 21462 4668 20516 30639 2652 23070 7940 250 18704 5771 15789 11037 29499 16812 27777 11153 7223 28657 10589 20420 14538 913 21278 26521 12113 22573 31713 4761 29087 17633 10874 23184 14313 20823 12241 5561 2700 4064 9640 24437 5127 4875 26477 372 1250 11350 2731 3574 27210 6268 9252 31670 4019 12630 2521 7548 28997 16920 19563 24750 32089 3536 12640 30500 15076 31024 20654 17312 13202 14685 17653 1543 10097 29917 30275 14423 5595 32637 4554 14923 21907 31665 15235 22549 22511 16290 30670 1756 5852 4375 23215 26823 17703 31709 21941 3108 3926 7365 18034 26060 3341 16375 3089 8352 13665 2718 16996 12331 23479 6961 22662 3392 25610 132 26024 16348 25994 16433 18864 5698 28267 28467 27270 19072 3616 27066 19471 27616 7033 12131 10651 23874 20201 3083 21456 19485 15292 24890 4819 30971 17202 25068 12976 29894 32722 1852 26792 8644 10412 31479 27039 32086 26531 24038 13765 28759 7426 5293 16196 10817 10084 23549 217 12561 8146 30468 7710 11103 30995 3843 26935 14489 30887 15978 29193 26702 18411 2473 28648 4036 31961 6072 3046 28632 30383 3219 25635 17887 15240 27420 10263 6943 27617 14994 18752 12520 8183 9323 22873 9072 832 31919 2519 26551 6475 19388 11762 14465 14056 12157 27336 1337 7853 32266 30921 21629 25185 2824 10250 31900 5105 31980 5907 20851 6226 23535 17082 9572 24141 18813 17534 12207 4273 7901 23971 21551 1538 19583 27782 2112 30985 3226 3834 27599 31209 31517 7227 10408 10335 27736 17652 10727 1227 19308 1529 26578 10660 17338 21126 8228 20262 1337 31058 9588 32093 5399 13147 16721 28143 
20558 2414 23685 30817 8470 8406 3456 20366 22602 30124 14347 26486 6811 24982 31001 25181 7501 31327 21830 12247 23104 7910 22970 16568 26572 6117 19992 2793 23445 15045 30327 22212 29791 19603 7461 17023 23589 12164 27793 28616 13578 10408 21447 31860 3306 16327 28858 28278 17946 28181 5022 14588 32638 18973 12015 27405 8201 3873 28440 7602 32099 13569 5658 6369 7456 32204 14385 25480 16206 4512 23900 21051 31301 29015 31958 1089 7332 25684 17528 28509 27799 21527 20882 4082 31969 32089 1985 5782 26743 15957 23548 858 22446 18957 19138 23984 9093 27914 28378 1345 16967 18538 25938 22049 25261 5161 3876 4239 20358 7418 3408 22866 28464 10077 25924 20920 12986 15749 29662 8818 19531 11499 16556 26912 24009 4312 19458 9238 3296 32074 32705 8240 28593 8788 21446 30968 19397 10183 10938 1022 14746 25709 21944 5325 19445 9600 19501 2844 19388 10563 11018 26881 21708 7196 11425 20188 10509 23694 29000 26838 10621 2112 365 31523 2050 18094 10624 3555 17641 15836 705 11002 20071 14556 20525 891 2583 11985 3779 3077 21647 30292 29843 2076 32449 2950 13303 4337 26923 31773 20520 8565 14796 16008 23710 13827 11709 31542 5176 22647 30503 10688 1887 2476 1700 1424 28107 6706 31060 460 760 4323 30780 8762 20174 17919 7429 29531 32501 13981 15741 10091 27864 16071 12520 26587 31365 31356 29789 20737 25007 1720 29030 20402 13877 18058 11141 19097 13137 1036 13946 11360 13481 31200 14084 32614 9722 2914 11970 30465 6540 14872 25588 18881 5830 30015 3313 11243 26123 19006 24462 6742 12142 13792 9909 12034 31597 18223 5463 18330 18443 30154 15137 23013 31332 7900 1115 13515 27117 22470 9255 12612 31097 12203 4210 4947 8362 4460 20775 17703 1361 24556 13911 10730 12308 14534 31717 11670 27949 29798 23945 16644 18986 21064 27381 142 21704 4976 7534 28745 7406 24620 29075 24287 13747 28144 17149 28779 26832 3407 4273 10261 12306 8697 27797 25982 25702 31884 2718 4451 1354 9886 31317 18445 1541 31935 5397 4983 31072 12099 8670 18806 17459 23508 18827 7786 20420 10205 3482 23389 13196 21091 4616 8091 8520 20136 21876 27457 26180 29230 16024 10303 28219 2210 31062 26499 20393 31758 22088 11525 17037 8273 18532 13661 13766 12548 17744 3297 18349 11708 27563 30898 21321 15115 11025 12522 4948 10772 15354 28781 905 22837 13381 7338 21468 16950 24860 740 18337 19120 
21568 19753 25719 19939 24045 24618 26880 907 1503 18296 20259 3146 2836 23288 11614 26863 15215 3595 7236 29516 32668 5228 21471 9272 27238 17210 8629 24965 8760 20626 6867 9593 26727 1160 3879 5384 169 1881 26975 390 31698 6184 10337 14319 19890 12477 9282 15582 31604 23925 7061 2129 24169 13568 11911 9111 30296 2336 6186 28777 28640 13059 658 97 18765 17820 2595 22905 4943 24684 3963 21278 26828 30735 20831 13404 18450 8010 18841 10727 23334 20984 11459 6302 13851 1118 18429 3992 19271 26394 26859 23750 18678 596 30098 23806 27731 10555 31896 24539 25310 23702 19996 7934 5820 2586 4237 12775 31485 6126 2864 16107 16374 17208 25471 25969 15614 17983 27843 5227 1826 17852 5593 24777 30936 21135 27303 28010 9971 21004 12096 16643 29497 6975 13353 27752 9847 31274 14289 26925 1147 25377 9199 6347 4480 13233 21998 23116 8080 21170 16850 17247 15940 1800 13479 6220 31026 4619 28786 12102 3022 31516 20847 17298 19847 18610 9932 26761 22265 26435 25468 920 32274 1058 24545 21636 4138 15673 17249 5562 8339 29121 9879 10221 12755 6669 17461 29931 7752 32133 4717 31646 6973 31438 1059 24498 12070 11540 1423 15860 21579 29265 24082 22063 23122 10126 5889 12413 12808 27286 15171 29406 30125 27320 18966 6883 16304 32495 3280 977 30852 7708 14374 1276 2644 23045 4394 11387 10938 22895 27997 32087 21389 21000 6090 32639 10857 19563 25871 29941 5721 4256 9575 14398 7879 27224 9632 13959 29186 27505 25425 28611 6754 16983 7437 17134 24057 11388 32400 27429 12351 31787 10265 17801 27404 10696 6283 11344 28980 8315 7020 19418 24676 17957 16259 338 19342 19426 6544 23450 18531 26998 28076 28535 28033 6371 16857 25240 27 23675 30735 15367 20421 18758 15686 16668 1513 30932 19520 989 6365 7933 24436 17282 29975 17964 28833 11463 3873 17039 18714 19174 24124 14941 10861 26050 20918 24678 10099 22079 14840 26542 12170 23208 1924 3330 158 22186 14365 23526 22001 32128 2263 31513 30659 15939 3922 19746 24069 26804 17924 1510 10679 28511 3190 29326 10253 14946 30187 28738 25270 18995 12797 24195 6936 1064 11522 13324 4655 105 4510 3473 7368 26033 24495 18661 15967 26777 5848 16802 24771 6157 28282 13026 28484 10815 1377 30843 18775 3473 5247 17057 21677 936 15360 399 22118 11019 22945 23181 10086 5573 26374 8898 15549 13042 9132 10869 144 8696 
26774 8459 28431 27260 13825 25236 19702 16874 31315 3487 29616 29118 22608 14224 29245 21399 15656 4956 9414 32581 18123 18622 30425 16422 28018 11435 6145 6237 5025 28145 25734 17681 25863 1993 5664 1628 3393 17534 32641 12510 25248 12810 9190 17892 14394 16806 15176 24752 2890 27993 5797 12608 13969 7326 511 21357 21512 20118 27432 20130 30965 13535 24063 22872 22716 8644 17795 11724 3646 7250 30812 5170 30815 18712 9282 19172 3654 8652 28505 29627 17516 12898 11744 21545 21457 15746 11169 3945 27286 29147 21703 16871 32471 3109 5709 27172 22123 3029 22946 19583 21959 25577 24425 13123 30652 21611 5892 28780 23600 5609 31233 7115 9057 6825 14524 23567 4990 5435 23656 11362 3537 13896 28554 18828 367 10882 16271 11095 9697 18733 18962 30481 15959 3807 11377 8022 17839 9889 5843 11152 18699 12557 14345 24321 22563 19320 27951 13255 11281 23933 16083 5147 6939 28960 1272 3728 27665 21568 12302 28015 24852 31711 24773 1860 20034 7568 1762 9737 1513 31071 13178 16671 32637 7757 19471 25415 1512 17083 20618 19507 249 20720 26119 19051 27232 5233 16163 1030 32323 16860 2422 14270 25621 6962 24532 14092 16692 30605 28598 16832 13972 21534 21944 18558 12582 1420 3304 20609 27841 29125 31065 15609 12962 30972 20216 30431 28667 17590 26212 19706 29327 23890 7254 13409 19596 13806 2405 26279 14666 4566 2175 26488 1007 21626 924 13457 29585 8938 16464 839 22178 30658 9038 21626 23700 32339 4233 4358 18151 9001 2328 15860 22923 6389 103 8804 24022 21840 10400 14503 21226 22094 16676 4357 32199 20731 4658 24138 21257 279 28342 24782 13595 22193 20882 20972 12397 655 8039 13082 29693 8207 24994 6050 22360 16136 26608 7759 30149 19437 18843 1958 15672 16092 15027 12472 13306 15260 18088 29264 25496 20260 15330 22520 12026 14316 23117 9336 3866 29754 21155 23447 26384 25107 4878 15560 22629 24888 6198 18208 27621 8034 22960 27332 30524 30157 26880 27298 12451 23830 10944 16501 20934 14154 9073 21389 22388 14371 27530 29589 29323 1180 359 21047 24491 2793 8313 2807 949 28732 19887 17626 8647 2924 15100 3917 951 28332 26412 22498 1637 2797 1304 14076 26959 18804 11676 6930 8997 19173 15526 28367 8475 28816 296 25268 24178 17626 26345 16732 7089 7942 11300 22436 26464 2520 32351 24671 25317 1162 26905 10158 21258 4786 18160 531 23879 11390 22222 11322 
21127 5641 24054 24787 8701 22590 17552 3767 9050 30102 22173 9849 20228 16521 8567 28891 15178 17695 17469 22836 11475 27193 2686 20728 1043 31025 6105 19831 9984 8099 25797 30834 4520 23834 15818 31627 20022 3198 31297 28443 6833 21292 10197 3984 24855 28248 21983 13313 3773 1761 11897 17649 13821 17212 29516 21295 6481 7682 10509 6544 14884 9628 23838 20295 16646 5882 13298 16419 12932 12021 30385 2137 13853 21789 24327 24512 11504 10659 6834 29089 23104 30657 5222 26636 19356 14917 31910 13738 10479 4577 29540 11407 12278 6628 23585 19836 1720 9926 23961 24407 26404 3156 16705 7811 4191 27251 12982 3187 28105 31721 10898 24 9848 22461 25190 25659 5233 26154 192 29620 28572 7741 14457 16007 5676 11610 689 12582 31026 10498 1936 26709 12781 264 18285 19810 13353 2477 18032 1322 6856 19294 11538 24644 29818 15708 11202 9682 19361 22333 29905 19521 30001 24471 24047 3855 18847 12129 18669 18060 11217 19608 3482 21958 31252 16732 4967 13464 20775 31222 22959 6370 25716 18868 19667 17404 2468 8586 1254 6923 10333 18275 9905 27002 17262 17212 8610 9706 27042 4032 7441 22261 14235 28928 16725 13262 30787 15451 22920 8044 18641 8661 6673 19472 26029 11687 28549 23327 20375 657 30459 4029 31697 22816 31742 21607 8593 25334 28179 5193 11445 2186 31959 21083 19838 298 159 16135 17985 5344 5458 11045 21477 19036 14867 3462 4128 26521 1422 19667 9027 4051 10942 575 28805 29051 13565 9997 2992 17234 14417 14600 366 14695 1312 19847 30369 13269 30825 10562 13618 2499 1782 24226 32531 26572 18950 24265 11408 539 24851 15226 2690 20244 94 13648 29217 3920 9093 19397 32171 5739 32156 13956 16547 548 27067 3190 12043 4802 28363 19636 7434 26868 17762 28960 22219 30313 31575 22775 4530 20452 9355 27039 4615 9587 27754 11920 1857 21526 22823 31501 10294 11677 22264 14667 28030 8362 16275 27422 22496 28005 16630 11557 3112 4375 8721 21780 18647 9549 27648 12054 24490 18804 13791 9658 12052 31549 4292 4553 540 25562 27761 27532 23864 13343 20771 17492 23316 9642 29401 2240 18380 27352 17844 27132 16630 25520 4771 23817 17593 1145 24592 19649 8370 27492 28699 10830 6277 5838 16104 19687 11697 2982 26399 7639 13300 15620 1470 462 16637 30805 9712 5310 14184 18477 18974 21170 20733 25582 3837 6420 29421 27998 21861 14924 30084 21285 3160 24349 
7018 11627 22841 14756 30888 15655 29162 887 7753 24979 9988 11160 6037 20110 13472 21086 30613 25887 10523 9067 12682 409 23677 13373 29237 28683 14724 31701 4290 20930 21085 7860 29529 11866 5492 31078 28025 12121 12161 22635 17979 6244 24928 20737 5667 21465 7093 14138 16954 14180 13135 26547 9510 26376 13281 3590 11125 20994 23980 13474 6770 29756 11950 30341 13064 16819 6963 19190 23994 6093 30277 26717 24627 6514 32230 22574 8822 32475 17991 28115 31541 14115 9232 28412 14042 23527 1505 30943 14763 15881 17166 5003 30412 5773 3452 458 15987 20117 3485 32220 26287 8525 6847 16545 30186 23108 22225 4266 13374 21331 2489 18432 3050 25759 25728 19575 4216 31174 19335 30348 6584 23473 26619 345 16299 27940 29288 4025 14933 321 3441 31990 19365 16905 19376 3591 17402 18585 30740 8618 5090 8647 21186 8637 9403 25674 9299 32583 22685 7415 17400 25411 10142 20481 22987 4665 22766 24492 22962 14506 17825 26332 19904 18146 5662 9978 14424 28470 26516 18027 30695 8816 30416 8730 6976 18126 151 6317 7423 1312 9167 1523 13929 14378 29684 3940 18078 32061 819 27865 93 32002 15318 9037 7544 5503 26534 12210 16753 31717 16865 6473 1286 29738 2038 21822 5604 15527 13196 6822 31152 12257 13152 12247 25897 25618 7271 8253 2189 3338 23703 7284 12307 13695 31967 8084 21892 14259 11567 10604 31462 996 21270 31680 26345 30389 19196 16824 2854 16692 21670 3320 14782 22728 30833 26309 27289 16691 29482 11006 11897 20748 7341 18770 13146 29931 23442 12131 18152 10340 10508 30376 22566 24112 12832 30899 1752 399 2128 22099 28341 6249 27126 25693 20015 32020 28152 18931 22736 4049 21457 19094 24903 26341 13888 22248 13238 19769 1930 21716 7841 31907 14479 29010 18089 5876 7704 12843 31019 29766 30211 20928 25874 18785 23548 5228 3279 6356 21099 30352 8904 19869 15628 11900 17161 3787 21008 28224 4691 1001 2989 32579 13115 32764 27221 27698 25837 16227 29191 31723 25186 15944 29799 10458 16678 24771 10547 22689 1928 14661 24186 3505 18920 1824 17078 14033 26097 28517 5722 25202 1092 30377 25282 25650 16183 22043 32033 10784 19326 16532 7583 29183 12912 13898 31513 19523 31214 8624 28301 16879 11666 16144 14204 23212 17683 27184 329 16574 30529 28307 31472 9648 8324 21084 5470 7995 10170 15062 16750 4925 1794 32437 15680 19164 21059 30453 20746 14720 8008 32075 
2770 23458 18451 21499 24391 3871 29725 32667 10451 18296 27813 24117 26713 27796 10845 31438 12809 25294 18295 32149 10023 13023 23750 26146 16549 22403 949 27838 23274 18990 3341 16632 22933 30560 15566 3434 6742 16782 8159 3486 15664 24199 29022 5661 594 11503 5232 28734 19436 18897 3276 17503 13168 16959 29781 11632 4290 28069 22035 5575 31815 18843 304 19478 14305 13600 13034 27385 10178 27054 8441 13832 21611 12790 2821 3446 14742 21410 23071 14575 14435 25251 7228 11185 31885 5586 28578 6441 18658 19621 25445 8516 26415 29908 18540 9434 13847 28135 28217 31050 21927 15289 24711 16288 10876 19745 16387 29133 30856 5335 2041 30127 14400 27805 28890 4016 6783 9654 24753 30523 32579 19353 22196 20917 28690 18289 20530 13477 21345 30236 7882 6331 16513 915 21073 28405 13819 21712 32747 9306 6562 6135 13183 11959 241 16375 10772 28758 29188 2252 30078 24105 29151 3364 14896 16161 30508 392 13356 23592 26775 25996 2109 18086 1029 21802 17705 11034 26502 30016 15494 10992 21904 30294 12903 18079 30274 13229 11545 24556 29721 9734 12535 13616 19352 21804 11498 5505 3508 7929 30742 10822 15779 24240 21769 6494 25577 326 1749 11579 25682 32071 6181 6183 29233 24905 8016 7640 29589 20244 8553 1441 22014 12930 24947 30800 11398 8100 21852 16283 16925 21661 1559 2113 19597 25747 2918 4278 8051 9706 4981 7264 28792 13086 6493 19353 25048 7432 2039 9373 3484 20737 3669 19423 19349 17147 20653 24856 23692 11164 16051 13680 20399 29580 32477 4805 14130 23235 29494 1916 26487 26912 23380 107 17928 9911 11780 19743 2279 23966 12008 16209 10725 29716 24270 22970 13290 761 18590 6461 4859 22595 2952 28471 10545 31149 5935 30417 10790 19113 5854 21708 28575 28772 12442 21068 310 19368 7508 2805 23983 16209 12438 7013 20198 26115 21840 10422 4023 18245 22641 2537 16855 10308 31656 17059 11127 25192 27846 24480 7912 29792 28254 21480 28458 31064 17912 6041 13313 8496 14656 12516 28986 17724 23936 7602 585 3629 25823 19570 2521 23996 15015 9948 32742 492 28389 6143 13431 23301 27327 17684 16968 8238 29361 21775 18831 12092 24910 22047 17613 22141 13777 489 11272 126 14401 28761 8585 23861 17395 10264 6268 19800 22628 22573 7067 15424 10299 14651 10248 21563 6353 168 13209 431 22109 20138 12288 9141 8320 15637 15932 18490 16476 9863 4841 17455 2763 3275 
28873 18775 11199 6286 7272 5365 22988 9460 19082 20231 29424 17434 12049 20712 7505 21263 29129 32477 22948 32503 16845 18298 8796 29072 1499 25857 30048 31843 21472 25104 7435 8116 29799 10045 18601 26828 11589 27911 27222 3280 20456 4998 31911 19546 30468 15385 14472 10605 29969 2877 10312 15299 31267 25956 17690 16639 20593 24742 13935 23065 21473 7735 20018 32356 28525 10829 15921 716 18526 11931 26180 23374 21464 25281 22382 8427 10706 25708 24750 9622 12367 15657 2825 25909 27859 28634 12364 13384 14620 25078 7970 13562 16578 24904 16017 3972 2100 22173 17688 20963 30605 28713 2306 12390 6706 7620 3879 18812 23509 31664 5308 25264 24377 8014 23007 12781 14836 1657 25717 10883 8619 31155 18932 4024 25569 15810 25494 23958 27483 28237 7861 27268 1808 15947 14744 3851 2266 23460 15072 24427 10721 6785 8919 20292 8325 4975 22456 22508 11616 7179 28574 860 24304 30542 14386 31798 9925 25485 16221 29090 14092 1396 27235 25112 31418 16752 12870 5795 8450 25706 13818 22822 24973 28949 12071 100 19427 1229 29637 27177 23312 3298 16309 10212 8273 6302 29959 24092 21640 17189 15545 21955 2286 19757 7124 29409 3471 26761 14123 22738 4957 14395 30663 27611 11460 7341 6895 10587 22213 26262 4959 8358 23226 5875 4328 19816 11805 7105 9476 12306 22569 9825 27999 11371 2588 16173 32125 13732 8630 29977 17498 25811 3151 11431 21152 6484 11993 30961 29603 14091 9424 13967 24333 12973 3821 481 17767 20733 608 2903 8464 17282 26883 16341 26695 27161 5735 31890 4782 2491 551 29175 24817 17100 32039 18827 3978 22059 2220 13365 30571 6535 21359 9036 5850 30490 2148 18297 12028 1157 14327 18598 10998 28518 16131 12020 8894 16422 13668 30136 22692 19691 1526 5058 17626 9177 2499 5297 11261 26763 27290 7872 25780 18355 10474 29213 2147 21041 15610 25811 12394 16604 5114 14513 22942 27162 29204 24712 31933 17199 2115 30510 22031 15624 30074 30432 22355 12690 10027 14541 5221 30766 3162 15149 18809 31712 26018 16157 11806 847 18625 21712 23395 21865 26745 28866 11319 10070 342 11512 27974 5389 16416 29894 16711 4678 3791 29251 23544 28813 4818 31266 7996 27950 19936 6922 10820 13181 6120 10075 22374 418 20636 29213 26142 12764 9851 2930 4675 9744 25883 6794 8231 31811 25702 7783 16832 30936 1902 1867 31810 28062 20735 29779 19162 14322 25771 2630 26381 7667 
30113 13299 30740 3619 13735 4065 20297 25376 10313 19232 13540 24367 3445 17287 9146 17985 27408 10003 26924 16126 5901 15789 30297 10975 18645 30960 27884 10077 32751 15346 18523 28914 11174 27750 21816 15051 26402 11364 9866 18921 1382 21509 1940 18592 30868 12728 20048 21910 20846 29522 19827 30650 19364 9873 24894 13717 14152 1703 11709 16997 1017 58 29645 29937 17749 3032 1915 2964 6826 1937 22588 10888 26655 4769 10195 25051 17459 1361 11496 9100 30128 11656 24110 19282 1912 12572 17245 1814 15371 6758 32227 4568 16101 15685 27041 4053 17209 30116 3256 19895 1571 18016 21180 16730 6836 16709 16089 32225 12279 32238 11624 514 10902 9524 2037 29995 26789 20923 2529 29632 30907 18800 9122 31547 2888 13116 11328 3281 5741 1604 7025 10953 8750 25644 11889 18329 12827 31726 18965 17586 20564 13427 25925 13272 12789 27585 23534 26978 12554 1355 8454 5147 3369 23818 29640 13065 23639 10984 7064 27231 23290 15004 6177 26589 7246 4353 22551 27615 30271 15693 17632 3056 22615 9366 6844 31415 14686 15988 15770 31183 21472 10335 17984 6461 21139 16900 7576 9887 13904 13709 10993 1030 24527 4526 22611 10613 20841 19236 30441 10048 14149 19023 22200 32454 26118 403 27256 12160 15399 30650 29540 17500 12283 23140 32368 28672 22996 9268 30446 18428 11618 13929 18201 10719 25270 32349 30821 29801 9943 3450 4709 7401 10820 20077 26771 14748 27537 11956 3487 21707 9107 3996 32166 26769 10522 2314 7625 15711 9653 28964 16140 7631 27590 30174 18664 20041 24119 31222 29905 28102 19272 17810 24619 23748 3598 19313 27430 11200 20738 25833 27313 14470 31536 30878 2865 26804 18790 1435 22331 16844 11956 1315 2526 26963 17814 7374 5224 28955 13024 21336 29585 3460 3101 12928 15159 1974 26103 25567 14605 3431 28884 20361 834 5997 9590 21093 21343 3076 12445 11827 11746 14196 29879 26404 27577 13032 11669 29816 13024 7159 5441 42 26541 7482 22331 5366 20523 8863 15669 28793 19700 24424 7959 6366 30006 6484 20067 26417 16436 2832 27547 22869 9939 18416 14985 24094 31879 19970 14830 25619 7628 26227 32077 5811 279 12542 8913 9311 10640 21394 30451 3307 26847 7912 4296 5049 2230 5098 2327 7888 4062 608 15045 15357 23568 23442 10049 7400 9288 15063 239 14589 345 32166 24299 18369 20757 20593 4539 9712 1380 21332 27005 24085 5365 28493 14240 32327 28224 27080 
30745 26137 3293 19529 10971 26227 4954 11249 6184 536 27675 16610 14556 17599 21113 30477 6598 23351 18978 16218 9352 19070 12357 11471 4486 1582 26014 13454 23054 25060 32148 3912 4571 16945 20014 12182 3596 26445 24270 21706 20691 7997 15353 7788 1483 21138 6132 7709 2509 21377 8089 9256 31212 25917 15852 25642 10242 22628 11183 9382 18107 5018 21020 20338 30261 17154 9316 20102 8602 29408 24486 8944 30143 10789 24997 14892 12449 8941 27670 1354 12607 6898 2885 31388 17959 659 14484 26322 6051 1929 12618 21086 26154 25569 8466 17073 5867 7538 670 27723 24864 18485 6011 30043 18968 14765 26568 12893 8099 2184 29209 1741 13091 21990 32404 11787 21636 9947 14453 683 26604 4024 29984 1328 30780 19084 4603 25540 28782 1148 3258 29483 24611 17903 16110 19425 20657 6697 10678 8794 11584 2078 5550 9066 10645 11924 6553 29130 6978 22181 16453 19554 6386 19695 27376 21878 24224 22321 1702 9309 14288 30166 883 15040 26868 31971 30049 11881 25219 17131 19097 18451 4081 18675 19604 24019 1933 5509 25877 31698 23564 22229 7232 10015 28509 26589 2202 445 10646 7717 19101 2883 24301 6721 17981 11070 16767 2625 16702 17417 30740 32596 352 25829 10709 13754 6893 2081 14809 12268 18505 31369 9453 9258 13113 10401 31143 14633 3929 14274 21361 12511 26732 3292 22262 9501 18200 31869 3699 26111 22516 7793 22373 261 6910 10334 11380 32363 14101 23921 6126 14487 14675 13487 12670 13256 15869 12917 28743 25586 15066 26998 11732 20609 27056 7360 9701 26064 5072 31347 22388 32477 13384 4915 11449 11426 15212 18079 12905 19120 15700 26896 17014 21048 26733 12173 31640 31676 25116 16754 2703 5239 29619 2212 24658 21868 10118 825 21203 25784 25511 15116 13331 19089 5166 22838 2579 6982 18389 5912 10135 16316 11872 7520 12634 3432 22264 21999 8029 12731 8329 12836 22878 1796 12494 20462 31896 21807 14609 17022 3104 7554 9835 4059 921 6204 6859 27907 11294 9553 8464 19210 11198 2190 14838 9086 1535 23172 5070 28996 20251 17543 5994 13354 5191 300 14111 23284 9416 18991 10511 25455 22411 30761 17939 9449 15213 31129 11703 4958 16615 31358 4779 32244 8556 7367 32336 20092 7940 22487 5205 2269 26833 21907 24578 9356 21986 19549 15877 7378 14241 23433 26798 19047 25786 28635 20057 16281 5437 22390 17573 6367 2666 2804 13589 25204 26951 23545 13163 277 
10420 31478 11745 19896 23174 32739 12224 22349 3587 31362 13004 23995 26009 26638 22473 14597 27859 18409 5352 9219 28195 19092 1040 16410 3558 21436 28108 20500 23967 20691 12444 26122 3128 8016 25139 795 20791 21877 16780 17387 27535 3102 17989 19392 15248 30420 19370 15789 28365 28524 29744 2697 16898 2232 22831 29509 10274 21427 14553 12020 7647 7783 29849 22902 31317 31955 8972 27708 15284 30029 2416 27802 17491 29943 321 20985 17187 1905 4710 29337 10063 13219 30505 31017 15994 19651 2745 28403 739 8392 14311 1992 18395 22742 5640 32236 7819 15836 9611 18819 7277 20667 28221 32628 32706 8658 12596 30741 31854 25388 22474 30309 6478 20021 3792 12080 21033 29335 20875 22008 9643 5180 15854 8388 9290 27639 12286 17976 17983 12551 8298 4837 30306 16533 23045 9367 581 15899 9742 21724 185 29220 17150 5017 11475 3942 22758 26417 32232 4504 17630 16494 11798 12444 19024 29586 19938 27379 27110 22778 4139 7938 30071 23932 650 5946 12915 28764 20887 23677 22823 27451 5850 23535 20806 18116 27479 28019 6479 17793 4032 24462 31840 18349 15328 1466 32247 7226 3116 19986 20023 13568 5648 4891 19230 28365 13926 30505 25338 10852 11901 5014 23338 3196 12954 24792 12523 24357 10124 1156 15411 27635 6138 1601 30162 1568 14364 29229 31752 9760 21088 16444 30816 11328 23162 27606 1093 21035 11606 12622 25920 6894 17134 20088 30407 16006 7968 18268 4853 21346 24580 26486 3447 14286 18377 22213 2818 9574 6079 18778 11946 12963 30641 3661 29613 17486 21835 12747 27881 22017 5542 26739 29636 2960 21197 14784 16324 11275 18883 14931 22109 25099 6112 23989 14263 28626 6054 25201 12298 4325 18297 4818 31126 9401 4906 6084 20986 10642 20031 24255 32453 12517 13476 29112 23597 3493 16693 29565 6515 15499 23994 14263 4860 4729 18639 13595 20285 5832 21063 14418 191 5974 31208 3402 4770 18323 22011 29595 13346 17906 3087 14738 32422 2786 6604 27540 3976 14055 28083 26130 14993 22744 315 15558 29035 7547 22709 11897 25410 6938 29907 29571 8762 5689 23922 29948 1100 24207 23019 21770 24979 19632 28602 27130 1532 27592 8248 13437 23428 1802 1204 12024 24684 5759 31535 5729 4668 29149 4013 1772 29142 14467 30489 26332 16031 19717 18373 13052 26371 13811 26287 16950 2306 12648 25940 23057 11820 7968 3432 166 13771 28295 797 30900 27550 8630 25917 5949 22942 5264 
17372 195 21591 19735 19511 4421 9493 32343 505 12007 7691 1737 6032 25399 30894 28245 18485 14908 19785 6963 26526 29310 23543 2445 2229 18221 21523 24906 21457 30456 14057 1102 24230 16125 5054 32202 29433 25535 21615 10915 3414 19512 14326 17787 14416 22800 1177 15404 24412 16559 12144 19812 23938 18657 15185 19414 6743 3523 15509 21734 19040 24528 10852 14467 22833 29734 15958 6742 6 32372 21164 14998 19336 25345 25603 3141 19577 26937 22905 30263 15008 5982 10348 13038 29591 25931 31008 5090 29118 20447 2057 23192 15743 27451 27672 24840 768 19628 18786 22058 28784 31294 19417 6769 13393 15463 17522 30915 29189 20154 27280 20145 10341 16316 15590 21251 17589 1648 32575 3932 2588 22935 6399 13836 9498 9052 10101 7235 15049 1005 3663 7515 17189 29621 26236 17437 946 13107 26726 5840 32399 26676 32741 17411 1842 17766 6735 12839 3162 25354 733 27324 24343 32404 26192 30669 18133 30195 26788 29556 32439 23847 17086 2792 19532 22580 22273 7727 32418 14087 25962 13891 29398 19615 27217 16754 5222 8086 29431 31440 3159 26524 10781 31677 29335 22936 32701 11378 22894 13866 1974 20202 20021 1720 19064 23251 15918 3208 17977 1673 17568 15093 624 3687 15638 23041 17915 28404 20717 5069 30238 20991 13044 10065 25333 2226 30133 31233 27062 26116 1945 26398 6009 18118 12851 18206 6409 5154 10882 27529 1798 29232 17806 7697 21355 14162 31421 27516 30165 9108 16434 11698 15648 23977 32379 25147 16281 19164 2626 4338 30987 15167 31039 10042 6994 17905 13728 8099 11980 15584 19046 19342 27569 25369 448 32135 29493 13936 21720 21068 19422 7295 30162 27682 25780 7242 3177 20847 27363 17 28972 18173 18249 11625 25794 13702 10591 18037 6523 6722 11431 32506 26253 14316 14977 27677 14839 1645 19123 9294 1124 14086 13680 28278 11057 27945 31357 16975 16934 1303 7517 6039 10130 29220 7090 21638 32351 25642 29495 1838 8673 21213 20099 16078 716 4468 13794 3528 5838 2856 23997 30654 6731 6984 25640 19008 30369 733 17337 27183 8326 28962 25923 5436 9263 23594 1329 7043 25584 2839 11294 8244 30886 30340 26788 24568 8209 12410 11975 30765 23737 19125 13410 27899 25543 7771 27529 332 25490 29291 14814 12124 32125 17087 29115 15864 14447 16299 19830 14740 32535 14245 8715 24637 6384 24537 7136 2570 8561 850 5188 13312 27802 17190 30916 1992 5102 7811 4386 862 
20305 29644 24620 22076 20849 425 8501 26968 147 22010 12222 9335 799 22583 11367 20206 26380 28741 14377 12473 13437 30669 7507 7744 22951 21406 23748 20789 30482 11096 23806 28263 20660 16378 31053 9603 18728 20696 28081 14141 7613 26352 8324 24089 442 28670 2466 10367 18921 15682 1718 31104 12736 18249 1852 21816 23410 31350 24110 17089 1918 26550 7061 24417 29595 2057 9144 11754 19974 12777 2999 31494 4482 2061 20054 17398 2479 15448 1097 4188 16576 28929 19939 16002 2653 24991 11008 3797 25304 8254 10275 16858 546 468 30553 15883 28131 17606 25987 27759 1732 7346 5976 32229 8438 5043 27911 25023 18143 28409 30754 6355 3911 23464 14440 26398 2266 986 8763 15659 27514 6743 8046 2112 275 3765 14878 32405 26468 5933 7076 21415 226 18137 24010 29381 30654 21992 6958 15637 19189 3042 870 18606 19894 4988 23247 10036 5227 30742 1700 14785 30512 30928 13343 15822 3349 14712 23479 14558 23698 13116 25316 12585 356 6626 10326 16084 6128 4696 13239 17258 26002 11627 13113 26357 25926 18163 10236 3655 11058 9469 25072 25637 793 25117 1995 21158 12765 31431 19179 29446 24184 8448 6430 20938 286 2921 31321 8003 11105 22765 5191 15608 9041 6775 11915 27125 25346 8118 23140 7681 15512 25494 30911 16614 30282 9200 4224 18589 10328 19466 28943 18514 7078 29105 32528 29766 12496 2421 26318 23886 32220 10649 20481 15509 23159 24232 22067 25726 5360 20673 24622 20632 29668 27269 12208 27698 30955 12768 7782 23179 5310 31382 5866 8041 10344 18137 831 30582 23299 25461 25521 19714 7955 6541 16818 7343 2780 23194 30023 10865 6837 14921 23223 628 22435 26653 16503 7525 396 9925 20801 29083 17055 31715 10712 4049 28400 10507 9940 7944 28079 11457 5035 25405 9205 22475 5975 2630 15013 32457 20389 25443 32218 24148 16832 1266 5292 26756 3086 18628 16064 22720 11500 26519 32620 12358 15468 32665 8797 18648 11956 23814 21046 9396 28531 31724 2476 20807 5923 3558 1594 23514 961 2025 3337 18983 6694 3866 11689 19939 12429 26708 25195 31270 31025 25943 28479 30824 11958 3 16671 29924 226 14182 4363 25776 6552 6020 27886 23750 22588 15987 20663 7679 1760 29131 30931 7997 21037 27299 9424 15268 18302 20875 23545 29188 15846 28884 6949 1506 1620 6893 15232 23013 15195 25383 9732 28172 14555 483 12822 6582 30125 25059 12033 7026 23970 19845 
31762 15560 13298 4457 751 14385 22594 27140 19326 10470 32207 32304 8397 11440 31860 17691 30923 25827 25193 12917 11407 11139 16434 13022 30293 19692 25501 20299 31315 3755 25307 26713 25215 26231 25496 20912 7151 13379 10245 8508 15282 21688 19024 8170 27478 11888 30471 1623 18784 1264 2726 187 6954 25472 20844 23964 31288 12626 10380 4322 28615 9631 4536 10010 31202 32173 13128 7163 11125 3875 32431 13795 31291 2271 16269 19994 31613 25722 6191 22615 17158 11504 506 25142 15774 18489 17590 12349 9181 7087 4188 32178 2140 30318 12559 24818 1882 13805 28644 20648 1389 6724 2423 25501 13513 23108 15109 854 19071 20222 14152 17022 22147 25687 25529 133 29416 2992 22636 19972 9490 18891 31735 6578 23978 30003 10717 16763 22123 3817 4868 27131 8251 30479 6800 11109 26043 17599 11357 32598 16118 22007 5187 8727 18651 9119 5585 24972 25995 3696 13024 6146 18045 6063 13619 15991 25239 22158 15884 12845 19315 868 3172 8225 12566 22279 9073 18006 28712 13850 14492 21545 19579 11793 10364 11290 3716 3992 804 4656 19144 8215 10405 25759 15613 4937 19161 27813 16931 21901 30100 24891 15802 23887 31737 888 14300 5837 19632 27894 32466 2243 13526 13290 24020 5811 10515 25624 5447 16571 28714 25336 24571 357 11233 5822 23275 4658 21615 25018 25827 8847 12349 10780 13009 20708 8282 7192 24605 3830 16744 18229 6256 15029 18801 12041 24618 31287 4746 12386 7426 12058 6879 10416 31970 13978 1104 23994 20740 19965 14867 12832 30288 10753 16388 14645 1944 8585 20504 25299 31060 9490 14430 17058 31233 14437 29601 7381 24155 24303 18322 1148 1174 23755 142 17813 3577 9711 27160 14718 10582 18996 21143 10690 10082 4969 1438 20965 27716 29713 30120 5629 24288 20287 26765 8793 23759 19880 24005 1008 6288 13021 12868 25937 20575 22691 7766 18980 29689 16614 13202 27990 15563 14524 31900 22323 23192 12254 16763 8534 8017 14542 5414 30721 12814 15643 27099 10808 73 7750 27663 30077 294 9542 27708 14061 5288 6905 16131 1009 24895 20147 14707 7084 3324 4446 9154 28957 27930 14602 8132 19366 5307 20751 25123 17991 19028 15734 6594 21677 14240 294 29380 25110 23894 29445 24816 12810 26977 25131 3866 8763 14291 26597 406 14115 9267 517 11164 24739 20734 6627 98 4807 25913 13766 25349 14424 9522 32229 31134 433 19570 6719 26177 26624 24090 1094 31429 9050 
18133 13008 23195 25205 26564 14375 27605 27214 27185 26239 7447 19608 21771 3906 23753 1416 32475 15481 21012 30646 10127 4809 472 29251 17797 27037 15554 24735 20542 29891 631 31119 18501 27104 10591 30043 29723 8448 5525 27329 31985 7829 10263 25559 29116 28305 20007 5047 20606 7465 31867 7146 24395 5837 29586 31495 606 6331 7479 11552 14203 10273 2128 5854 21287 14312 15912 15662 12849 18651 1391 13815 11944 4635 7296 25885 10216 8201 22150 15154 27945 7164 17494 16047 2376 16226 18932 32185 18040 2326 6973 29218 32514 6586 2517 10672 23665 2371 17263 10529 2168 18370 24811 19305 26929 5462 11456 19999 18410 22119 9755 8216 30957 13990 3873 28639 19218 11299 25648 205 22565 18659 91 14436 21851 3250 20910 26393 80 10918 7844 4606 27690 2276 31297 22188 2686 23549 661 16283 30845 18176 21387 27295 13722 21180 5678 12271 23662 31525 26184 18131 7267 31588 1117 5001 28781 8421 12636 26347 7849 3468 23448 10164 4553 22835 10687 10986 25565 4038 11523 18882 11757 20034 6651 12460 18689 15881 25634 2392 2282 5318 1293 13214 16891 6399 16783 23280 10668 2971 7916 8456 3545 21755 683 19547 4369 12325 4920 2703 11316 21104 24788 29997 28628 30934 21763 5816 16716 23689 32366 22516 18713 29788 17525 1600 6254 15490 17941 30533 22300 10976 14750 23690 30783 46 13714 17960 2975 27934 25386 6014 6046 15344 26939 4458 26787 9427 17189 32320 17579 15915 26276 9050 16375 6330 15388 14180 22293 28045 30668 4799 6281 15747 16163 25218 15834 8294 7708 1521 12329 31767 25478 4239 27365 19443 2485 16198 8390 13718 17015 22457 8088 19533 18005 15008 1347 8230 26795 29900 29627 13622 22747 28782 25728 25514 15153 22479 2278 2516 26525 4714 27814 1111 30838 5042 1958 13897 30057 32275 6319 26068 17728 25381 4811 6953 6132 4311 9195 20666 30511 28280 26382 22127 30117 21376 27323 6857 19421 18521 21340 29003 9579 20483 13226 29161 7343 8718 28784 8325 27244 2858 15058 13060 14169 18009 23573 2294 12758 14361 29458 13339 18733 17705 22394 26440 908 25493 11790 12057 17195 8795 15030 15231 6922 27989 11561 18704 7336 22869 2410 15557 15485 5698 28555 13123 12526 25981 12549 15824 12640 14415 15889 11222 22284 14177 4407 28084 31930 1694 2803 31794 27811 9299 18050 8864 8556 16345 19581 12419 27531 8893 19112 10191 12679 25702 10199 24698 22828 7673 
22587 15120 12310 31701 6219 21207 19210 1648 18226 3708 128 18748 19750 18337 9256 10924 4693 24050 23851 29925 19589 14864 18414 20400 29987 12830 7351 2852 23492 28482 26842 1741 9605 28745 26275 32219 10722 31734 22360 22270 16852 5691 17278 18383 21258 21341 5426 24837 3309 2143 23596 9359 28366 24704 28651 16269 32017 13126 32135 32235 13667 25181 11750 5370 25691 25932 370 15282 3993 20523 5304 4997 5865 17313 16838 12435 25130 29027 187 14649 25138 1099 18333 10342 30697 22645 7476 13739 9696 31063 7619 5552 29282 1290 8484 27476 9026 14831 9213 10430 25210 30780 6439 18149 6364 12988 15692 10027 19397 12520 29309 19928 9570 21879 23919 7261 508 24179 28060 5139 30994 7681 22028 26157 14563 24530 7930 1733 22933 27277 20215 11799 18632 26845 1163 5964 30638 4210 18000 2856 14811 23923 3686 28883 8062 15593 17703 13123 31874 27982 24182 9264 8739 6704 10748 3358 13430 6558 16395 26124 28210 29319 8820 8111 7659 16329 21049 1864 19869 26362 6391 24884 10545 31838 32349 5163 21172 24677 25266 9721 23139 24192 2723 7691 2479 10994 25359 7420 24261 23483 30135 17648 4676 3363 17727 13775 18585 14446 20656 20907 12986 8950 7071 25293 19543 25623 4365 17318 4533 6915 16085 32594 16451 25895 27965 332 21968 18986 1071 11312 26612 11041 2377 18721 6581 25177 5596 24606 2969 2951 21966 32757 17305 30908 1411 7689 8846 15184 4152 2912 27126 28863 30406 13790 5049 11703 12252 23826 28825 27401 10697 18661 30415 19842 18527 1387 17735 21635 8251 30938 3939 16655 26146 22368 14370 15412 6551 25673 5789 26089 6240 11357 21645 26154 23081 9140 2948 4847 30383 14161 5541 8015 32601 13806 10855 26043 6938 15600 24955 13700 10046 31908 17810 24824 16318 20624 16538 14641 7872 9935 27759 30431 28503 22987 17560 22606 16354 16862 5075 7927 6016 21594 18204 12468 8527 25175 18752 12040 17414 21849 12053 9326 17768 31595 11486 13277 14070 22577 6262 12538 5433 26508 19990 5933 371 13942 10651 5635 21261 14725 24724 3101 23646 19346 7603 10535 13259 23634 19303 16727 32250 23499 20961 29432 7843 1668 23356 9105 22182 149 15291 16003 16158 18354 21301 21916 1192 13173 9024 17991 4517 16193 3607 15001 1555 29200 4621 18620 14452 26665 2258 32511 28211 9189 24959 18272 2970 7900 30723 6034 19520 6218 2289 27303 30994 19604 12866 19342 18279 13946 
24490 2616 18679 6782 17526 9870 4032 11488 7049 7389 28215 31524 9793 4236 26554 32505 23211 11764 16558 5142 6634 19241 18344 4898 25952 27106 20568 10807 20328 27994 11252 10578 22863 13793 22546 21969 12503 8057 25024 24792 487 14705 19693 32422 4481 4677 31078 1327 12553 24174 16569 18613 11281 3172 370 27423 26567 8997 25998 30355 2074 16136 32604 15202 25437 21172 12350 14727 20283 4725 581 31149 15568 11372 4102 22125 14613 17224 10766 27812 4424 29177 13318 22196 24945 31309 32528 14240 23741 16078 3945 14548 6306 18679 3764 2590 31972 5438 18597 27182 10528 28995 5698 13440 17743 21776 20095 27974 20895 1061 4654 2684 8612 930 30254 24339 19979 15673 1364 30904 16397 27043 2680 20338 2548 9947 27983 5874 19809 21862 6376 12846 15326 4411 28674 27353 3276 29839 5354 26477 884 7290 2721 31334 18663 10434 30409 23875 21529 30440 12895 2568 12304 30258 32544 2416 9772 30515 20536 24407 25719 4591 21942 21861 4955 5413 32106 31081 20527 31222 13388 2047 3468 15448 24045 5482 2312 21735 27033 9088 921 31443 10907 11377 23898 16417 12095 7650 28295 22016 25394 28822 8048 9457 29782 23377 573 32757 1959 15525 1409 13905 22400 10381 19336 24957 18414 586 14473 5466 17036 22683 17620 5259 808 19010 206 29892 14581 16174 12153 10545 32226 21563 16874 6241 30344 15709 3741 12209 29013 28113 28921 26679 8330 2115 13248 20993 2068 13503 818 742 5763 20700 20281 16731 4859 27378 827 15611 17329 18325 21076 7963 12496 6271 24924 23235 763 13602 4286 7599 13510 4601 15920 21246 795 24352 20552 6650 562 13194 10126 18001 11432 20343 9111 4702 31558 4320 24743 31148 15387 7319 5776 29442 14856 17843 17746 22750 7112 1683 15243 17300 914 15855 28193 1031 29459 1573 20168 6893 13917 10581 14179 18853 26290 8279 13722 19821 17783 6375 31993 720 29158 23547 27902 27871 21257 30473 28409 30892 6154 12651 31852 30241 26990 20320 19119 27270 2898 12686 30015 15246 5933 15927 7503 4590 9607 30338 20045 28975 27019 26906 4010 3354 24792 4589 6847 1263 21561 30277 3463 29792 14856 18223 30569 13042 28766 22720 25857 17445 29131 28532 17593 19972 1002 5485 24366 17665 32143 17009 11995 3291 18246 471 15123 26806 5823 11142 7757 23755 15288 7167 32483 1174 8225 28942 11311 9452 11524 6366 4155 5178 32066 5743 5444 12668 27050 21079 
9759 21774 21791 20933 14604 1192 17550 28762 24212 22979 28494 26937 15910 16552 28231 26051 5340 12786 22470 8135 28174 12524 27342 9242 1680 9498 9200 28727 20164 32137 7007 16846 16267 1770 7092 20003 7839 22503 20730 17498 26253 24988 5098 10988 5128 25777 26461 9468 5363 4455 14149 15167 12107 7994 17974 10378 9981 29206 21263 2608 3208 23367 3207 32402 6217 9531 12980 1141 22401 13639 9720 3052 17444 24198 27421 29362 28467 31016 611 15517 10876 13594 32623 28804 25016 15400 25321 9648 8548 11692 15920 22377 3317 26594 18152 9299 14703 25854 28023 18793 18738 19087 1735 22510 16539 5149 28636 1947 14091 8712 30575 14468 1089 25417 23426 24318 22465 8709 3040 7041 23817 24269 23793 4629 29220 32527 20062 31601 20855 1010 15665 19707 12425 17159 6675 61 30763 9986 5362 30514 16257 20329 9506 24484 23372 6772 21661 10422 12066 9522 24809 13717 1945 12299 23569 7462 24810 27545 29530 14691 24679 24778 363 10256 3690 28704 15309 28398 1557 25029 17742 29666 6689 28542 7718 1413 29456 32765 25121 28036 19723 10596 4262 22077 12418 24756 20243 20623 2029 32170 24916 10300 11523 5991 7853 30291 25200 2570 9065 22717 2453 5962 26276 19144 30470 5881 28056 26962 13777 25073 23742 14312 30810 9889 1750 6021 10261 29020 1209 8146 10456 5952 6419 31633 340 14463 10196 26881 30758 7279 23751 13943 5590 1603 10301 10675 18318 25867 4572 22415 13549 1932 15031 12124 24588 5979 25083 32559 16841 18954 13385 24851 5477 31256 6521 25288 7483 7308 23016 20245 18822 12012 22038 9395 6875 21451 13599 6214 22803 2179 25915 21464 28632 3492 24751 25182 19138 12000 14154 16263 18218 23439 14270 32695 14835 17272 26813 5393 21591 6367 2399 27470 25076 11996 7697 14538 27843 8952 16280 29677 6317 17427 21825 1584 4896 7037 12692 22689 1762 25997 26322 30217 23344 18854 23086 15347 15092 14065 28997 29226 29149 17270 30773 29260 15166 28001 29208 20866 31204 1974 30889 32122 28748 15942 971 3884 27712 6688 26860 1155 18600 8215 6680 23028 13279 9569 7536 26258 8510 14516 9311 31064 6206 11461 9347 23078 17684 26688 430 23701 21401 1109 10080 5596 2471 2789 20540 32334 29747 21616 24677 17049 8897 14813 6883 24230 1818 23730 25189 19989 7435 4687 8914 31715 29217 25830 16639 21009 25863 22508 24057 31354 13898 25993 16361 26202 27486 27545 17056 2780 
