15266 29250 22537 25557 25940 21485 28365 12067 9312 2083 12506 19161 15533 14878 6913 1882 6070 6928 15875 15213 0 17928 14932 9806 14412 21499 24461 18054 1977 22936 14803 1129 13741 29286 1239 5820 32002 22855 15418 14829 12781 20560 28833 2445 25686 7670 29342 13533 27328 23186 1800 20681 11695 28990 14820 20686 993 24958 7696 25807 9150 6975 2059 19869 6067 10882 24858 29325 17342 21991 18893 7942 9297 30502 2500 17278 3837 18406 30371 10350 8396 28642 3321 1338 18105 6314 24646 2312 21402 3012 9281 23367 22708 8094 26853 7030 16087 11168 25702 15944 16349 28431 10308 884 2392 3812 14525 5261 28015 24301 12170 11253 16156 31020 17022 10774 8524 3115 15685 22699 11059 20049 29955 26498 4961 11016 28019 3659 22647 232 9551 31585 17445 21079 8497 31145 5221 26703 5532 30342 3441 30496 13594 11227 17281 10048 1384 3401 3163 29006 28388 22799 8309 32533 8331 5556 3385 14387 6821 2706 31065 30970 2594 29809 3460 3884 26916 25413 15947 14092 28251 15825 13812 32726 29127 16300 20063 13830 1573 8881 31166 32307 1678 4363 9883 7486 27094 10435 23438 7737 39 29957 15448 20279 20306 6081 30661 28388 1187 29400 
2635 20620 20814 28650 20807 16937 17725 24307 7838 29933 8922 23518 22405 4215 30990 9646 13857 24503 3613 23144 7853 20593 9630 10439 21578 1431 18865 22846 3834 25456 22257 20675 17958 8898 13326 1550 29720 7025 20021 1556 6013 23145 24117 15436 272 5278 2491 9580 7402 21921 29579 9121 6381 4617 6853 31492 21387 7319 20092 12089 4263 16953 24630 19175 1871 22321 20125 29364 745 13679 5686 30144 3348 23381 27014 26295 2691 32376 23181 28554 8320 28496 25264 22226 28522 3608 14242 30772 15082 12652 21928 21535 17239 15074 21800 16265 19133 24226 25689 31289 32663 18766 30208 13949 19881 15175 18808 17404 12736 25295 1660 20471 25233 16148 17919 942 26438 2980 2929 25961 11993 23362 32107 31354 2284 19772 1898 17320 20301 32255 5492 18166 16483 6496 13073 11592 16712 10876 6312 4838 16059 31763 7427 17729 20956 9333 1364 24471 6825 5259 7887 31773 12118 6974 28486 19665 17485 3383 30200 10205 26301 14945 27458 29784 8033 15536 29628 3776 13633 13852 26272 12816 7557 11431 10955 17616 24140 7042 26010 20626 23881 25106 2467 8295 31254 21038 19417 8841 29766 1773 25001 17699 8197 4194 28188 29783 16677 18249 7306 7358 
11089 20168 28517 9102 23366 27173 19259 4857 25491 22066 7672 29245 29800 5619 327 22361 28988 20467 11138 9408 20422 19914 12208 1516 22325 11433 29116 752 712 24276 6360 4520 5032 4798 18366 23345 29368 5180 30284 15612 17311 31792 8900 19047 23016 28938 25319 10982 22569 10694 10246 25209 25302 26571 23279 26736 32744 4532 21648 23813 28733 24253 4659 3839 17638 6989 6605 26087 8522 10067 26201 13281 25511 14781 3567 19217 27031 8408 11588 6695 21727 20959 21956 13840 12500 9957 30378 22333 25141 1883 28767 2250 14095 18970 787 22751 7014 19025 14560 6563 26987 28507 20109 12716 22493 8385 30007 12756 6707 1765 7142 14698 4072 23500 27937 4491 17557 24258 4970 22380 12209 5064 22194 6742 22901 2509 10211 23621 24274 32616 9786 28297 19506 10236 15552 15944 15889 25071 10619 4961 17026 25312 1254 29238 21194 3791 18980 22224 24483 23082 20348 19493 26031 927 28486 9301 30469 6839 28854 8077 26420 24336 27501 451 24271 26618 32024 12890 16860 15562 8449 29069 29297 20968 19558 25699 28106 18402 8090 20850 30990 7618 2709 17434 17133 2743 11884 14324 9932 7737 17364 22632 3515 20457 6743 9110 5344 29007 24973 8954 
15429 27491 32302 26288 18338 24450 4575 25683 31481 237 24931 31483 17452 678 15652 23599 11442 24716 10493 16550 9915 32685 2708 8253 13710 5850 10424 6721 26009 4682 16014 24557 5180 20647 9792 18668 26001 8390 18585 10554 27028 5875 6483 24520 29358 30912 25405 29842 16259 30832 3584 29765 2110 27171 5851 2632 10312 1596 32635 15133 7332 1496 32091 24479 19986 890 251 31025 27146 31823 10937 28054 26511 8813 5198 26289 735 6563 2696 7953 31134 20992 14786 25963 18836 15774 11544 24666 28035 17914 20485 15525 29987 736 32062 2585 20157 23253 20027 30399 22331 20298 23233 15933 29112 28797 15777 27289 18864 9924 27278 20943 9564 8754 29221 30280 25827 3038 29333 23154 7505 714 5415 30529 2268 26852 18710 10083 20373 27851 1696 28975 25892 19650 21831 18787 7986 30976 20526 24618 13235 15147 29131 30105 13093 10007 7995 7877 21366 17494 20913 30838 5283 17489 13598 17679 30046 1810 8146 2068 4815 14509 18293 8244 37 24342 4783 10004 13800 18679 26954 14858 11202 8979 19150 14737 55 10419 26132 13211 16763 4514 18773 3559 14093 17710 21048 3041 26386 10503 12421 14214 25552 28788 28862 31571 31728 7801 6187 14437 
16154 18600 22516 19622 32168 5274 9719 15052 11931 9752 22211 32746 26864 29127 9291 11232 253 30522 25037 26972 20819 28052 5579 20404 24358 8647 7224 20664 4388 938 28578 15224 9546 14499 20606 23176 17900 26475 6870 25020 7908 6926 23047 9133 10646 10985 1452 16738 23355 6914 8265 25225 29546 15716 10714 31908 13166 12333 20221 12268 12078 18895 11209 4224 28748 19653 15543 23730 29555 12434 31019 26379 16831 17221 17734 19186 12248 31874 23052 20232 31138 25216 10658 12337 16710 2746 1919 9328 31478 32169 24377 16587 29892 10720 10937 9299 23990 24892 19968 29544 9275 24694 24675 4831 29333 13131 9731 19748 22217 23234 31413 12866 10688 24051 7877 6738 14417 21593 21076 23960 6955 11059 27714 8704 26427 6480 15548 30440 23704 7231 11407 2638 25431 25413 1217 25536 7169 15825 29703 43 19689 13804 28411 6615 11485 13312 23349 2855 14096 8166 2649 26347 28637 25238 7572 6491 31895 22944 12411 19033 28196 20574 20669 28312 23240 2910 25948 23809 25561 3383 32435 791 9809 23232 15979 21279 11804 8746 22544 1798 21236 31907 5583 11890 14 7707 15625 24980 7668 27457 14095 6347 17257 28648 27512 9017 4703 17363 1925 31729 
20951 20026 13189 11729 31360 2430 23570 11172 1488 16945 16042 30696 28238 1599 17174 7981 28236 17973 11219 22396 10487 27072 9612 25881 1222 7069 30214 28245 19439 31511 6639 24763 1086 12444 17504 6214 17223 24458 3630 27377 12166 17109 8252 14166 1 7707 28948 24367 27446 32012 23055 30312 5615 3959 22854 15752 10178 27181 15884 15412 20052 18739 13620 30792 24533 19665 12802 24755 24208 6785 28538 19875 4791 9291 30390 18993 11101 12280 11325 8563 25246 14292 22196 24078 28099 30077 19047 29309 23779 31301 10625 20129 23330 21521 12219 651 601 13721 13072 276 18361 2758 5428 4067 3701 17719 22776 3466 20527 28610 27229 4341 8314 8481 1896 5765 24749 29563 16129 12812 30595 30023 5152 6993 15611 20324 5417 32612 9395 24867 19459 11730 8020 24512 535 14475 16027 13709 6692 12756 8679 15862 31829 31339 27756 13628 10516 13891 15077 21426 26420 18640 17027 26074 25088 18886 1614 10225 14780 23755 25821 14875 11192 23408 13880 2425 16897 28323 18137 13394 13071 2501 23998 1550 30451 23201 8475 2590 15374 1780 3859 2358 6067 28926 27055 15220 8373 23137 25150 23115 5074 24845 16731 21511 15661 4800 24072 2894 5969 11549 
17575 13693 6476 26790 10205 21448 9127 26908 32327 23307 16063 22473 8193 11171 10925 10982 24697 31420 29724 21885 30477 18063 20096 9358 9494 2221 5583 16105 29098 686 21616 4060 24563 30667 1960 1844 25883 17114 21637 9611 27803 12026 31106 27176 20354 29378 1992 10505 1908 11477 29838 5280 16020 27689 29946 1691 16061 7384 13505 2472 25037 17515 23072 6042 6080 28584 12346 11140 21270 23016 30067 11907 30991 6340 29653 19647 7191 26708 24075 2079 21265 31289 18647 31888 24109 9766 30897 1101 19722 14274 3970 26382 22409 5672 31902 17279 24911 28951 499 4541 6584 22230 32180 24957 9243 257 109 8109 25556 25484 11675 4573 32593 6999 2131 19653 4835 31714 25055 11298 8504 3694 26073 19755 25582 32200 1229 4403 1481 9190 28452 4508 6916 28324 1293 9979 9209 5344 15509 1470 24338 1575 8009 24042 3785 98 31986 17994 22705 27047 27909 14151 25643 23120 19466 3560 14509 21005 27853 9698 32098 10021 18500 9689 14006 14855 29788 7816 17575 26323 29845 24430 2758 158 20020 4499 10420 11968 30741 21354 21188 19805 21515 242 23766 5547 10670 27427 29816 16710 14082 19763 8554 21986 15570 4497 1165 17992 3019 5458 
31647 22148 20202 15965 32047 23361 25645 12166 22980 25073 19464 2339 12905 19334 8178 10625 27553 9303 8642 20839 5649 29677 9673 26555 2803 18671 20685 16627 32161 12110 24519 30791 21409 1936 4603 11675 2682 22458 26697 28245 3223 14032 25606 18133 6905 31706 12916 12806 28891 31502 22547 19554 28291 20348 12771 24645 30117 21437 28712 25468 5727 30609 16996 25285 11019 10038 27869 9412 29066 21617 2938 17682 25378 454 28411 29401 11243 1861 19237 8129 10873 3550 15768 20636 1748 7192 19855 15943 20735 2327 25054 15533 4884 11020 29032 24879 11148 21653 20175 29301 32324 14523 2712 29442 24309 6667 2936 24650 9984 14406 30497 20816 12777 22945 3583 14848 26111 17808 23793 19424 24348 12814 798 8592 6140 682 31823 22470 7227 30080 24358 25859 3330 3258 23521 31385 11782 2303 4865 7827 16099 28486 13873 23504 26386 6446 13286 30151 28189 32113 14634 1821 11549 18968 23987 12891 23695 22464 2989 29124 1526 8616 17723 27027 31349 14846 13697 23075 565 12008 25515 22586 2569 6247 20986 19411 9564 20774 7177 22364 13957 5244 21209 26160 26149 12967 4533 11996 6877 4563 25706 9621 15610 29621 28592 10328 6716 246 30616 25435 
1080 17140 11933 2093 1305 27266 28316 18682 31299 4221 21347 2000 31299 14156 28151 15997 26656 12113 21502 30022 6548 22239 32565 16899 29379 10721 32683 3975 23942 331 21412 7964 25027 20787 17687 16820 9240 19546 5933 13772 26046 31492 10639 8717 3626 52 25837 11984 10865 950 26631 30102 30685 11394 11866 27550 13991 4849 23120 26967 31456 4080 23816 19472 14274 28276 14112 14277 18097 10094 8534 32273 31728 1531 11995 32336 31691 29297 4670 29235 24521 25423 32526 9413 20166 28495 29185 12911 27893 3882 8032 13429 7959 11114 30703 8090 29002 21563 18422 9992 20469 25803 15480 24890 25283 2578 22438 9912 29259 24794 32398 11772 4339 15740 19318 20736 21375 6540 2870 20261 5846 7786 10140 18045 915 2333 24800 5412 25060 7211 17608 27262 16453 29963 24862 4956 15707 2978 2467 30847 945 24083 23178 22132 5111 22486 14354 28996 31670 2203 23930 27928 26846 17544 11299 23987 16611 15181 22302 17681 6306 2749 18858 14912 3157 28628 10795 8438 28554 8943 32629 6389 1399 15544 16243 1667 5882 22054 18265 6787 10685 15025 13337 2308 29466 4076 8744 23421 26860 19811 1593 6466 27196 5820 1970 17270 22414 4793 30955 16466 
26549 32145 10014 3447 2700 24381 6600 25517 20218 30441 29908 4085 9197 30982 24392 9856 29964 31886 20395 5541 19320 18898 25886 353 6371 27057 4527 3959 27994 10752 4270 6498 32011 23297 498 31173 20466 14849 19240 21685 12789 31045 19934 751 25279 8780 23251 548 15872 19136 993 30576 27130 28814 31823 12028 18521 15349 13095 16537 29623 27847 10895 7600 16273 22590 19700 14040 6396 16415 22157 21305 4233 4568 22544 6990 14192 14327 12273 22075 8343 18206 11819 465 31727 31908 27150 2699 18440 21439 14275 32171 19954 2310 13202 24665 11736 20211 15457 25552 20143 17447 32197 19225 11388 4879 3658 28994 13068 19271 30577 19096 19309 20479 19119 7383 1297 3004 7645 5789 3772 21635 19859 7729 28142 31666 17510 13291 13813 28024 6050 20599 1294 23236 4226 28613 2101 16418 4881 17925 15851 25583 15233 18997 27012 26498 14332 10013 1895 29073 26288 26699 3781 18114 14479 18120 31862 9694 25518 23989 22161 26901 1214 18716 24723 13003 8625 12902 4851 18809 15811 2377 25602 2530 22541 6116 73 8362 17118 32416 20248 21361 13510 3990 26914 31216 19277 899 25876 2256 26654 7508 24107 21478 15035 18751 2924 7349 30935 23221 
24221 27783 15024 25608 25967 3264 15136 9513 11892 11856 28223 13278 12200 7714 17868 30347 1631 15692 300 25405 15349 12201 27329 21165 29147 24998 9810 553 20470 19108 12042 19367 31523 20840 19460 7413 1252 26292 27881 4838 24543 794 15981 7261 8653 14910 3950 4543 9070 28342 24599 13994 29273 2296 22643 395 1343 27892 26116 11688 7381 18518 25945 30198 7426 1272 12343 614 19859 11494 29470 13058 2135 7645 21182 21472 27510 3115 14980 27678 8390 10298 13205 25097 27960 10569 24667 19596 18413 12942 9620 27905 9447 3728 4407 1775 15153 20010 12870 12197 30677 25352 15519 26842 5827 12079 28577 16906 24570 25697 7727 10533 14496 19782 7629 15988 21083 21856 25860 4638 3515 30687 4371 6817 28487 4926 27308 28655 20144 26734 8820 28137 14657 9150 28646 458 14961 26220 25043 11877 3914 19001 16702 26404 23447 22314 11393 7918 11801 25760 24351 8792 18179 7420 8738 7632 9967 20910 26226 2689 6892 2995 30408 10482 5977 3527 25068 6688 1989 26745 7834 15566 3869 12655 1091 29931 23067 14388 8785 25944 30708 11915 27746 1653 5087 12075 7921 30730 7912 17188 18977 8393 24308 19598 9592 28639 1376 11167 33 16538 
25105 28548 1249 15107 6612 22438 12317 21390 32646 32546 24923 4921 6756 5711 25024 20651 11184 21277 6075 20830 20773 7373 28028 26389 11872 7861 7895 11534 10242 25 27084 11405 30246 5460 26361 30102 23182 23575 12531 10239 22794 9169 20971 12629 25813 11073 7100 29548 17059 14410 19300 5703 1399 5517 15961 25628 1994 7167 8329 20052 14292 25049 7441 21633 3422 18589 30323 31495 3855 24777 24802 2821 13879 520 22353 2451 8731 15270 9920 4722 24805 2893 23613 5049 8015 19475 11650 6954 6977 7726 19875 28954 23617 19621 20305 15685 12861 30305 1639 5861 27229 29746 24931 9091 21548 3437 20943 30948 18075 5724 7104 11972 9407 20004 30046 23675 9624 20560 12641 5361 5725 26459 18037 12078 10887 31546 16581 23361 31383 15822 21081 12978 4972 14822 2368 2433 7784 14783 26290 5569 32710 7365 29879 476 3538 26193 25750 17298 17182 18711 18527 8135 32492 24300 7489 3057 31852 26898 24723 22385 17825 22784 25235 12860 127 5698 18483 15259 11967 24187 15092 27126 16108 14759 26622 17585 32490 28645 13487 4293 523 666 28453 11020 4550 4043 28698 13619 25372 22810 101 1352 6829 32635 14359 6419 11495 13296 9134 13652 
23811 24252 20881 6263 27902 5422 27454 983 16695 15435 5961 30632 9540 499 2776 9159 6950 21247 4603 16443 22397 26818 17894 21205 24414 32547 18153 9471 2988 30023 8016 23600 13493 3915 27601 19400 24042 7742 9233 23295 18134 8743 23991 28212 20552 24983 12331 29421 18810 14852 10585 9963 26176 32724 12186 13830 4279 13522 18035 29151 16109 28860 1312 28349 16940 21039 19819 16891 19966 2205 22116 23857 16342 9902 21704 6823 4954 818 25213 27964 23440 16430 23991 1214 13562 756 32311 2765 8459 19600 16443 14720 27850 4932 31379 30909 20990 5297 2613 6977 30257 7054 19853 27232 26171 9806 19526 12167 1641 3025 8002 14586 21248 19230 11930 32578 16286 14161 13708 783 20743 19403 27155 18787 20930 4203 2502 16677 24425 20031 23069 32521 16707 16998 4154 7565 15041 6807 14312 7010 29187 16493 3100 18885 29349 29627 26349 10997 13179 25245 30979 773 11667 2674 12862 9409 4263 27013 4622 17540 3891 28117 1002 31990 9850 6521 10405 17143 28155 13412 26217 930 29805 27847 27473 1801 15918 28879 18703 11069 8703 7572 19736 10092 24186 1893 1276 14017 16552 22389 4556 18152 11155 26269 20690 12286 28693 24273 18591 32576 
12379 12910 3368 9117 25265 4737 32583 20076 8736 5497 19319 19409 10419 24401 24191 28700 6882 3068 1771 32558 30588 7802 16176 28700 30418 22402 31925 6393 26578 21025 2207 3739 24650 31694 3508 17873 11949 16170 21062 57 4388 9205 30539 22723 2178 20111 31731 3967 5098 7467 19692 7430 8110 10667 5061 9251 10775 8380 12317 8912 19526 2059 1493 10206 30116 32479 30278 30579 13697 28859 23574 23819 17226 8002 9215 3443 3319 30487 27454 15467 12604 17705 1743 4744 15940 21411 10182 21991 12208 8680 23725 22618 14186 21579 17393 13004 24317 22206 31086 21451 19648 14039 9770 13102 15371 21377 9725 10747 24799 6330 22274 26266 10209 1937 25039 27884 2009 31229 25260 30981 25169 23433 14652 287 11062 28518 32632 18609 27384 13471 23928 4267 27652 17511 11093 9663 30025 31215 7469 21324 1136 29866 20146 28303 11244 15272 17081 751 5550 24584 5485 27370 21473 11470 18331 29793 9229 12280 31225 27357 13347 20881 17255 4482 27058 23437 21581 19864 9976 31565 6683 8843 24958 9479 27815 706 3100 28357 9110 17216 1121 21470 16171 8645 14141 17292 14593 15129 8172 19264 19315 31476 3931 1897 14941 25779 13782 31060 24060 23117 
21592 25079 27881 14853 6015 5454 21211 19116 13295 11913 12909 41 22689 26678 30188 480 25914 548 9309 29741 24735 23342 21390 5622 18576 14271 22978 26469 22183 9951 4776 798 4717 9334 30064 12777 8437 6782 21739 25054 14132 25597 6512 15053 31949 5428 27270 5229 26635 29373 2291 8654 21890 30627 7187 3339 18200 1145 20705 18105 10391 2692 27439 26458 18216 24450 6968 9589 22238 31623 2739 32141 14896 17139 31283 2243 1575 24185 31921 24598 28339 20042 21186 32746 7068 9927 15117 14982 6931 4489 18556 4748 18639 20202 24648 2073 30681 2132 23353 19925 7799 28400 15221 22119 16695 15598 19637 8329 29345 27953 6431 12330 14606 10248 10193 10346 14241 3106 6482 1244 24885 12426 14562 26571 15539 26183 2488 7159 13828 30190 15031 22485 3233 26293 584 16432 20942 12676 14427 14277 23201 30523 8878 29028 15427 20506 8089 32293 24201 31370 11332 3997 16934 32495 7627 24738 31070 30171 4328 12797 3738 19714 31853 12617 11825 9394 28945 11257 21867 12809 7801 25943 19397 2596 4072 4689 22191 29732 19477 25622 6299 11085 1958 11421 3076 26782 10414 1446 21396 18095 11289 24275 23410 10064 2402 14789 19482 1233 18850 15765 
3696 6574 26800 32316 15486 31859 31047 18214 14717 12848 20370 6531 26098 27410 17102 23650 5582 5132 14676 24412 13639 22841 21404 29837 3522 23236 30004 14442 32120 20539 11255 20467 1278 12380 2072 17548 4978 26391 28995 24270 27784 1294 16572 7511 20393 26927 25107 20674 14962 6630 32667 32190 9472 27727 18922 30177 17485 27050 18503 14105 28333 23045 17126 3295 12458 26296 29525 6149 17727 18544 1640 31921 32091 15493 27630 23234 13766 30760 6516 13734 19432 3888 21143 18273 15220 5860 22500 5044 23971 20268 32290 20988 14368 27714 4718 2985 581 2432 18613 10259 18319 1340 18438 4617 16062 24497 29332 8461 32473 23249 6461 15107 2175 21758 19167 9235 12303 24477 18552 24312 26261 29410 7284 10923 18478 5673 31882 8673 17334 14988 4351 10157 31542 26921 17381 5595 17152 8173 2079 23707 24731 10093 23327 17611 51 8887 19382 11254 3563 18793 8241 1411 2400 12993 18541 29248 24234 8391 17144 25370 20038 18026 32357 29739 21653 1324 15039 21904 12347 1760 25316 21564 1625 9937 25948 10290 23721 9599 6347 28362 25768 28158 8016 2202 14194 22772 11206 26613 24207 23607 32674 9000 13435 18082 15702 14235 2214 5119 4528 17925 
19270 9319 30610 4460 10743 17352 9356 24290 7322 24432 5065 28777 22472 28037 16338 14301 24298 16089 1576 13585 13267 25118 18406 989 14893 83 21624 25893 20719 18052 22722 279 4422 14201 31421 27877 9415 18640 7318 953 18451 1698 6932 26008 17508 11500 3223 22922 12576 17154 26129 31339 767 20786 29126 19115 1270 18272 14170 13428 11015 7861 23274 3313 31030 7484 29452 27830 6851 25567 10108 25509 502 19022 12807 22780 14322 11650 10541 1491 5508 9065 3362 3822 933 10451 27599 6233 11902 28215 10426 8103 14252 7416 23217 518 302 17994 14758 25317 30619 3480 706 8351 22153 29215 14232 28663 6489 1320 16460 16182 11231 28865 31810 22781 11028 13020 3479 23024 27869 26914 14854 919 7730 18766 28603 30099 20097 30184 31263 153 27245 21605 6526 30282 30788 21288 17909 3887 10360 4045 762 18513 19618 17586 31263 30140 3677 14553 16887 10846 4509 24824 28230 967 28662 11762 20428 18883 23581 6296 3900 27929 29025 8516 10799 18245 5844 23372 2178 12637 27163 8966 28659 14905 4426 21630 16660 13352 19351 29982 9203 7158 21689 2504 20888 21541 20961 7481 10994 9414 18641 8988 4224 10949 27861 28538 16728 18233 
14131 17008 8696 9969 1765 4337 2670 7636 15191 27205 987 22427 31186 558 22541 27253 17921 17350 25737 23228 27153 15334 12254 28092 18670 1552 5864 12852 8041 9655 25402 23945 2679 11388 566 23696 18823 19622 26089 17811 22812 31428 6086 18376 13427 9644 11457 8537 9898 9814 13927 21990 30788 1693 9447 30574 6042 18660 13595 24723 28118 6407 23262 25176 32511 31722 7255 31323 20509 19584 13862 1601 29925 25355 22191 20581 7319 5130 5536 3898 8051 27625 7460 20939 5007 11188 28653 16528 1745 29044 32554 4359 25847 10501 23951 4672 1048 10885 12285 21982 3621 11607 10174 3465 20059 31350 8986 23294 15281 8892 32657 4960 17126 14014 30022 8184 24257 3942 22964 19202 28031 1934 28037 32696 21014 1540 31478 23193 9610 1786 1352 30968 31212 11402 21673 6884 10702 10700 25261 16140 18711 9534 30774 3760 31226 28969 30218 846 15549 6186 25085 23568 13393 19939 22459 2050 7066 26956 9588 10532 2066 27286 22963 24976 2508 25091 8037 3441 5285 25790 2652 15603 23725 31601 31026 4599 13523 16798 5932 10598 14581 11682 19136 12610 19659 30770 21733 15655 4855 3580 22026 9933 26877 25018 16652 8646 29778 30493 30529 16722 
20120 16126 21694 1628 2198 18750 22149 10983 18170 29293 8774 19248 25998 24509 27060 5500 19829 17359 26726 12356 16325 12615 10908 17259 18666 8939 956 24813 23151 1850 4634 24454 24090 29921 13354 8276 31085 8217 736 24519 6494 32297 29327 25290 20864 18303 14588 4303 9815 6286 4626 23920 9295 11442 21739 3051 20271 32642 9778 2773 25045 16830 2390 17097 28892 4483 21549 27165 25866 32589 12356 24346 17267 30233 18246 2623 14613 28277 24333 29579 19040 30534 22700 7950 12359 20821 31902 3292 5360 29655 16571 20478 24351 962 16313 26799 13820 19086 7558 23392 27271 24416 4392 6218 22886 16308 11282 768 10413 8244 6984 15186 12780 27718 6710 29375 22835 25718 25386 5147 29722 7173 7824 19593 8887 20517 27504 25191 12183 21678 20354 14233 14913 30248 2222 7934 12852 30047 447 31642 6597 27825 13634 12379 30948 29363 25259 7140 29842 12838 26527 32685 6619 11766 15497 19132 4025 14386 4523 18478 15642 17835 10834 21363 27146 16898 17060 5592 25964 13808 12706 4564 11432 1549 20346 20584 20663 1794 19885 23608 27402 32416 289 23956 22289 9012 13377 29321 26106 23230 4720 27035 2764 21096 16327 4957 16651 3015 771 16807 
12763 14274 2202 6036 28652 18067 30479 23919 1718 13862 28084 7060 8695 11585 10139 1030 2183 10446 27625 8228 9893 26110 7118 27216 17620 19924 24470 1009 9954 23483 8584 16523 21356 11310 30400 19425 14701 16842 22168 14966 16501 18685 27156 31608 16649 32531 32337 6914 736 19294 25191 3264 29476 25686 7025 15 20630 31923 23465 7626 22894 11141 12671 12194 761 3466 6938 19282 8120 20208 8197 29517 3296 19798 15660 7102 17710 3138 10429 11289 19192 587 18056 1075 30574 24180 19201 31870 28962 16493 4300 10627 12808 1253 22753 23174 8558 9861 23278 10244 11667 17186 3101 17131 30050 31554 30860 7604 9723 21053 26362 1232 17797 28043 5500 16971 22124 28541 24752 16847 4755 20385 3831 12191 13794 23953 31284 16316 24203 12599 5204 12897 12951 21504 3632 1979 13837 25622 9502 1795 19275 10102 2237 22014 22754 7319 5203 1907 3139 9673 16134 19657 23034 15823 16115 565 320 107 22284 2080 6131 13588 14345 4247 21662 19418 1057 27767 9865 18668 23016 20055 24190 2079 22086 19870 16457 804 2460 6627 7343 8181 9170 27071 7887 29894 27228 7412 27385 15105 21699 7056 15134 29469 31621 14568 24756 21271 9551 12603 
28831 31554 14959 25130 27169 11873 13513 2017 7861 6834 10251 10260 16210 14805 18268 20482 29764 29408 9489 29731 20619 2711 11054 4368 16787 21944 27687 1581 17240 6823 30175 14705 30301 8527 3660 2220 2056 25750 12019 7458 1051 29858 28083 455 13081 20040 18749 27323 10435 3405 24139 3461 8996 32573 25031 31045 7127 3233 28745 3221 4537 27621 14385 15893 12176 27834 16394 13316 9956 12592 11300 23849 12190 24653 492 20132 10577 11676 31597 18106 463 11910 9519 14645 30858 9543 31849 11005 31258 22500 10964 12352 11456 6095 1542 4404 17160 7057 24931 16389 28983 5403 21189 27127 27631 25838 6814 26881 28207 9488 1614 10095 32456 25912 1593 19868 21637 26899 1560 30704 5191 19735 7489 9123 17561 1758 13597 31118 24125 4076 19408 16285 13648 14941 1370 31992 2840 22477 8274 7224 22708 2030 11108 27711 20339 10508 12594 21238 31435 30419 518 18434 22212 2970 29100 8530 16622 31955 6975 9144 8170 11389 3546 2158 25705 26572 4593 22155 5869 4213 30435 8696 31294 2502 10869 6384 2052 30083 28961 12891 18174 23382 17315 25357 11857 32401 6190 25460 20761 5978 5694 113 28378 25538 1627 22070 19086 22816 30910 25570 
22937 29011 521 7140 28406 22224 17603 20245 32261 10715 8087 10579 8854 1251 22471 9649 32214 19759 7626 30513 21595 341 1338 5141 578 25783 25876 19495 8140 27789 2189 32665 1774 5264 9617 12633 22179 24007 16219 19368 5352 15165 19906 8529 5267 3696 6260 4029 25209 24807 23126 3838 2055 27462 4979 28731 27422 31481 12029 27580 12274 12992 782 5045 13624 8350 27869 22896 20144 16305 22988 9787 26990 8660 24920 24299 31120 1174 12949 32056 17748 18367 30786 19388 23519 18423 1024 31995 2698 24664 32080 14366 27885 21775 13916 19237 23779 8678 29458 13751 16133 31944 279 18329 16578 30520 2596 17577 3953 40 32724 13681 28946 26766 29894 17070 19021 32175 19388 4419 19655 28938 16931 30099 29256 996 5453 9565 29149 28216 22900 12187 20626 24760 29009 10198 28403 22804 11506 21148 15658 1063 13361 6693 11014 25593 4388 2491 18441 22005 17965 1461 3048 20177 30335 7938 11471 30215 17489 30769 23546 19533 16116 2250 28589 19800 32623 711 20200 9565 30024 24165 15113 30920 13327 21301 19336 28450 29741 29222 1425 10304 16990 28767 31944 15574 25888 5236 1618 2559 13559 17336 3433 14654 4006 27445 26535 10727 17469 15146 
27566 27984 5045 28037 11557 9446 29938 9610 26469 29662 15956 28028 16908 8001 22302 10695 27459 13596 31649 32473 10069 17284 17936 5895 18308 12869 30676 29232 3623 8397 121 28366 15748 31971 30150 30533 16740 10290 17975 27100 14763 5873 7459 27023 19929 10131 25160 27541 24027 4294 20277 3955 18231 30798 28306 24927 17563 11930 31810 7812 7266 23955 26402 15076 9638 31220 31717 4006 16659 20664 26827 5827 5726 7597 24822 22279 10721 17563 17004 7316 13183 21601 782 6938 19285 130 19986 25089 30024 27194 14741 10553 25086 6765 15182 20390 12162 18945 30519 30682 17929 12412 27796 12296 29501 8032 2730 24814 3076 15623 31768 24463 26855 601 9222 15069 26106 1069 9319 16484 10763 30795 30918 13058 30412 31643 5175 10282 23302 6834 22045 31247 5747 23769 21139 27244 31145 17731 24563 31061 1356 12428 17604 20996 19513 11590 26042 3999 19112 14862 20663 20974 20590 6990 24886 10926 23927 31181 28069 27434 32740 25211 27499 26872 8055 625 6312 10003 24774 21860 6170 30473 25685 1667 23376 29842 26825 25785 7721 15688 24127 19610 20110 32328 17342 21850 7568 11620 3615 15046 31940 2056 8307 25004 12591 9741 10788 14915 30723 20633 
32205 25229 30413 27929 1202 8553 19698 17473 30466 22476 21623 14825 27037 7099 31858 21401 32369 24462 15037 17416 12707 26108 7488 885 14886 4662 30149 17287 12999 4982 3549 23596 8516 1939 13282 13669 19681 6426 992 5177 1074 21367 4881 19442 8200 22706 18891 10262 11880 14734 28032 9027 9512 26720 22783 29678 9659 28448 32610 17851 31278 22225 28362 1352 4208 28387 7480 1951 30609 25820 27577 16005 29307 13323 12004 27007 32020 1298 20608 8354 23041 7123 6594 4232 25850 30530 31390 16269 19740 828 32324 9923 11375 13405 15513 25383 16833 18087 31046 14655 14914 7089 9126 31237 21953 9350 10386 6168 16674 18128 15641 13870 20127 3270 10415 1506 4077 566 17598 5832 9515 1260 30525 14775 32686 29394 6824 21493 8763 7177 23870 18816 22560 13556 21783 3707 19017 19054 16723 32132 23377 30287 1535 31860 15222 15080 26613 10475 13825 32358 12353 9829 8109 27786 6561 26144 2133 6486 23010 5567 18729 28310 17542 2277 11205 23070 3620 18988 20536 18336 29680 6951 21958 30863 5162 13615 27708 4446 26095 16830 11704 26020 11294 13721 30570 14735 7758 18831 751 9882 6704 31864 29625 16833 6172 4175 18755 27486 6972 14692 
20635 27210 30044 23138 14206 22073 30239 7416 4974 14956 10841 20173 14570 16104 24230 13771 8024 22349 28856 29413 11896 6569 10651 509 5385 21002 3957 14780 13981 26491 31217 19283 29400 7842 10616 11060 7742 30163 8691 3569 12785 21838 1789 29858 9067 25137 6066 15135 12497 13985 22880 23756 5173 6777 3425 29218 22500 7909 17550 25009 6750 30754 15385 28440 31021 13059 22415 19854 6218 2588 26281 14488 1282 8479 10178 19031 4205 25092 28023 2492 30609 22691 1253 25218 7323 31502 1930 24076 29365 22808 4436 21584 12787 13769 1042 28154 12566 3261 27394 10868 19637 5039 11659 28793 20442 12698 9327 5786 15169 10843 24923 23114 26554 4616 13608 20394 14303 4021 1494 16314 24785 9385 4741 4720 26945 25847 10669 19414 16666 24316 11354 17686 5580 25499 805 141 13254 32328 15877 27910 10521 10322 12965 24506 30411 14873 28453 1678 17354 30995 25823 1461 81 13160 3332 8139 22136 7665 13735 9553 16118 7507 13052 24219 5436 1968 7786 3637 1850 14129 24637 17386 26624 21864 6875 10589 13791 30325 1534 19731 7976 31398 8499 2097 17658 17931 2633 17504 17719 2512 2832 2009 4203 20241 27469 7819 5154 1803 13907 11827 
13580 32507 13089 31968 434 30439 19933 29118 18124 13953 22709 27726 28085 14027 25698 12579 15119 29026 17180 22082 29088 20161 18825 28702 12735 15637 16359 1119 28311 2451 30532 16508 20650 30252 26719 19279 27366 10233 26543 12753 28312 5779 24899 18102 23034 6572 7940 32316 5083 31263 18663 1310 16416 23240 18856 23778 463 21593 2621 26642 32111 8172 10128 9031 19081 15679 13318 15886 13302 30268 4619 16104 23855 22487 13259 26769 4001 19691 17380 865 13978 3814 32169 4147 10212 24368 17425 21984 4027 24548 28037 26802 16279 29676 17596 21659 6725 28545 753 28926 17625 11843 8909 21426 16907 12827 22091 24400 28148 27280 9179 31269 24837 387 26803 7997 1147 26606 2310 6805 6876 16459 31673 27973 970 6352 6788 30515 5485 25628 30430 19252 14302 316 5638 15968 9805 7571 1915 8794 18651 12878 13416 29405 27943 16578 31608 31969 24679 8622 8673 24423 14340 13681 16848 4117 2066 2804 14967 16132 25709 14804 4926 13781 20220 30830 1474 7081 2818 11819 22099 20103 10217 25122 17960 23127 14015 2242 15935 24697 3890 20600 7818 30605 11983 1496 7566 14680 6116 19341 20214 14561 8129 24974 30476 5744 25901 15022 26021 15278 
24853 23575 32173 5630 23011 15648 9719 14608 31678 16228 20221 2366 917 18355 502 32224 27990 6462 499 20364 7637 13567 6034 30204 7371 20793 2764 11577 26913 30976 2036 11987 798 2615 19675 212 11524 30122 8840 26378 16293 207 17036 15419 22875 3592 21932 7448 20847 25695 24452 10450 22289 18180 17078 19496 2809 26315 16563 3215 10625 21053 28239 27058 16176 21231 21181 24512 6735 14980 14913 4672 4903 12933 12050 11626 498 10161 25755 10248 1659 23945 9020 251 11802 15635 5576 1944 2479 4793 16273 21682 26640 22612 1323 22137 26338 18917 12183 28974 23995 22642 20907 26505 1751 18390 3695 4093 5459 10182 5579 5841 22604 18471 16581 25449 12180 26536 8344 10944 11440 2610 28121 30912 11258 16274 19087 10178 20463 16091 27001 4959 5358 27573 6127 13146 27375 828 2334 30492 30572 15119 25262 15457 297 7479 12507 13786 22849 31477 15058 22888 31448 16844 12073 16376 29483 31125 3880 32640 25813 23920 17520 1211 11441 6837 11306 25215 9983 9165 27367 23560 21542 25353 20200 3755 15447 2651 29250 4931 24955 25581 26418 12709 9216 21293 25500 28077 31161 12821 25281 17276 10203 1868 7062 13578 13416 4362 20420 14299 
21741 274 16159 15779 12712 29541 19990 21421 948 29158 618 19842 25484 3258 13646 6958 29101 19027 24899 23338 31464 12381 17713 10981 15151 7404 13790 2606 6608 18395 31085 32197 30235 20121 27597 16133 18907 14519 30770 31448 6276 9160 23252 6785 17911 29443 8580 24115 26138 22114 4229 17724 10565 2548 6879 4118 17990 26863 6061 11613 744 7870 9148 13738 29056 7522 14416 955 21543 20349 24501 9297 17256 13894 22769 14509 19323 31517 23449 27222 9958 23116 19703 22388 26662 18877 27773 13085 14283 11376 31491 17653 3100 12845 14883 24822 16195 12862 10677 21309 6641 5185 22243 12188 21878 9343 16173 14623 9361 24810 1919 9071 19962 26954 2343 25017 4697 245 26483 9906 26757 7605 3410 23595 1334 23437 11787 24236 16020 32467 7783 9038 11365 958 14616 16489 15665 28810 5825 11746 12787 6 30584 25673 22926 23738 27757 32480 4172 17783 27512 25965 2561 29859 32331 21026 8417 20493 8989 10730 22498 6748 20369 7111 2986 23016 4171 30648 32596 13584 26733 25363 16440 3950 7987 28190 2972 3595 32616 15956 32032 17611 7402 10417 16843 11403 10945 3359 18748 21768 14824 31645 6433 26552 23464 17286 19915 3916 5011 9465 
13179 1287 17602 7556 32009 8788 1456 11934 9385 17680 11027 28446 9364 3954 11933 6243 22574 14255 12035 9204 12953 25598 19554 7176 26314 15052 6002 12195 2730 32672 10327 24201 5029 23909 27192 26633 17634 11712 32736 4148 24043 5642 16704 4516 23932 13818 23281 17777 2325 9018 4102 24425 15507 27360 6523 29098 15094 2392 1003 16314 3524 22072 9473 18253 6431 11947 31148 26992 14873 10228 3457 22184 25708 17352 20092 13948 14680 14270 19497 27881 11087 1233 13739 12962 23537 7130 9425 21529 14969 12732 10562 15146 6098 2829 22644 19482 30070 7713 17694 29114 28411 23345 2210 24832 25885 1334 10273 9445 26773 4987 8444 11919 23909 20202 26977 24157 32116 22127 16963 8654 13936 11334 25294 17196 21967 17562 30639 17771 3746 20430 27761 11527 13593 18091 3958 11036 10326 15880 25717 8013 2247 28773 571 20511 23164 24034 9660 3012 19592 31931 13155 8179 15384 10141 17345 1875 15181 13297 8983 16087 12368 18924 13555 25229 10030 15908 5910 25713 19619 25009 5442 2466 1233 9412 18120 2738 21482 29666 5352 6432 27297 23687 6416 15017 14479 17679 7236 18191 17753 17719 23463 22195 2218 6636 14506 12104 20045 740 17 15628 
8921 20190 4579 1487 28273 31748 1867 15847 16867 8301 19372 568 22192 16256 28833 15643 27478 9873 17470 27365 8368 1376 23651 9409 11369 12541 16542 27202 27552 12029 3464 54 4600 13717 31729 1081 12434 12786 23446 8076 15956 3430 18279 18659 27123 16492 18935 24611 32148 24376 16888 11599 23594 2448 28355 2704 14216 31016 18543 30551 14840 1191 32595 28136 30437 14358 32683 23932 13627 4999 18828 26626 24944 8996 30771 27859 32717 8682 7377 23808 10531 30515 7672 2163 25252 9446 18635 32322 14288 11150 28027 31387 19380 7122 18869 16608 6787 26310 22435 28734 8539 18966 30215 19748 19629 30785 23918 16162 9752 6473 7303 2225 22398 13814 23028 16127 28882 5891 1414 8241 30296 6613 29555 31803 32208 14441 23278 24947 4231 30426 2236 23997 19352 16121 21775 7732 400 13420 3292 5301 1265 12392 1713 25462 11034 18044 19599 4801 28423 23102 19102 1425 146 3768 20752 26672 25868 15313 24371 9344 749 24511 3444 14118 20269 12222 22112 29237 24399 13697 32571 13840 8339 28223 7472 4969 3326 19966 22835 29465 11528 27049 4764 11176 15023 1705 15822 20968 17420 27326 12427 30563 8623 19722 508 7266 13795 32143 29628 29064 
2214 24732 31114 2630 24451 8181 26108 21629 4537 8249 8145 18451 20130 20006 13397 3819 653 20506 12380 20642 10691 30687 8106 32116 10770 18836 5635 12643 32444 9003 27151 9676 30243 7324 13632 2521 17332 22706 4751 9585 1313 16574 2114 3643 22263 16875 13068 29720 3425 3447 4623 25720 29414 10424 24287 255 18256 17408 10087 24894 22137 2402 18276 18502 22418 8333 17412 12224 1447 8019 15019 10145 30000 30561 27533 25802 23723 2208 17827 13853 4934 6787 28770 28518 12906 30809 9451 2920 18444 13487 20442 21912 2715 14859 26798 26707 6784 16758 19735 20897 17833 23508 3854 19546 27098 20080 29014 5455 27430 12977 8095 23255 7773 32529 13401 10208 29171 17331 15153 11091 292 6424 7723 22448 4743 15033 4829 21595 909 4024 26136 16180 17799 10631 1079 18719 18565 21028 23840 22930 22498 12021 18114 27149 21024 27420 13522 16785 17445 28829 6603 12557 14740 21614 26469 18876 13171 31515 30131 10661 28490 9517 16635 15092 26059 5619 23211 1223 26440 3227 10105 9050 29552 20974 25719 13511 24841 18936 5495 31721 10474 3580 9475 7285 16954 21475 22723 24280 297 3756 12624 25197 28780 1231 2437 16243 25586 23574 12544 27144 
14831 23918 21595 24914 6188 21464 9824 90 30316 8306 732 12700 19160 5686 13185 8368 5850 3602 4688 1988 17574 24343 14310 27377 29365 19000 1245 9857 22088 16188 5492 14291 5443 23498 21369 26104 9838 5401 12768 7954 1155 12974 10390 1222 18909 8559 11427 16467 19308 21976 10925 1512 22868 20408 368 13340 24171 4796 27537 10939 12543 11247 14471 16104 9604 31854 22716 26489 12058 18530 15022 21524 15304 16468 5226 30673 24491 26238 14129 9598 21886 20055 2069 6925 2759 14714 24123 7911 10096 1239 29314 27566 15609 23291 1613 24819 21880 16946 26106 13648 20237 3168 14719 22749 4051 19990 4338 18887 23735 30944 8737 22735 21857 20620 23840 19601 15754 628 19961 32440 11516 20430 17240 9106 4725 5390 19692 10686 5097 13182 6125 26890 14468 20886 9771 31068 17179 11004 16909 32160 27990 8900 579 1448 1117 5497 6425 1775 15288 28283 24875 892 30725 1396 26094 9989 10461 23632 24625 9210 7255 622 20231 24832 17374 29082 26312 18836 24843 24812 39 4792 18084 2676 9818 25146 10145 13578 8240 18026 13102 18990 1799 1837 27699 5135 23203 28684 32693 18340 16226 24568 17086 28534 30577 12629 23614 14902 14009 26104 
13181 2656 2909 20430 29486 27088 9727 20210 11952 28377 21805 6381 13696 17673 22824 29094 4954 8181 878 32582 21517 24245 6989 25612 17221 14285 4106 13177 26261 5869 14189 32348 12539 15202 10737 26261 6865 32442 22564 31958 10752 25730 11695 9882 29147 12776 30832 18874 11623 14438 7557 15950 31668 11522 19546 21338 824 13374 19745 17290 13985 25234 7930 532 11094 135 28737 26471 21524 31055 30010 30804 28894 5419 6103 31498 18191 22631 23403 25059 20951 21740 28491 30442 19066 16991 7666 30587 24807 16326 6388 21046 30478 15124 12694 30385 7476 2143 22530 29812 22644 17566 10355 23234 3974 6683 19131 18855 16275 7756 21232 22127 6053 26586 30397 3226 24378 11930 18505 5235 10606 13005 11417 32765 14047 29808 19264 18291 18025 15960 14650 25232 2401 11710 30341 9830 28633 31844 3673 20215 4110 32128 5437 29301 24125 22215 12354 20729 15906 4509 19819 26431 7449 7321 21760 1398 6520 28609 21237 21142 19912 6730 24672 5785 24499 25298 21472 10622 22005 23595 22044 9799 27635 19328 17880 24509 2911 9911 2604 30795 4885 4705 16609 2710 18629 25487 5995 1482 19223 3349 2349 8918 3745 492 5794 31493 6056 28464 30165 3364 
3752 8002 2219 3757 7400 11253 25176 2537 13258 30233 3249 8293 4309 12960 178 25484 25593 7403 14803 28230 29493 27917 25342 7014 18347 25775 14651 2433 10663 31741 31585 12408 2297 13595 32272 28089 2401 13244 17641 14202 14309 28005 1682 17094 25632 31263 21387 14618 17260 19400 26488 3569 4878 18397 14770 17182 26929 5076 13981 13979 14355 12884 28581 13710 2577 20790 17528 10566 170 7813 28029 32079 11501 17968 5597 10908 29782 2779 8659 22771 18017 8355 27168 19179 14961 7635 28801 30304 6876 18154 15651 27369 3636 19267 7315 17248 18157 23502 7921 12019 8304 10286 20854 28448 32543 22265 25423 12063 32110 16238 23308 8691 8792 22462 30162 31474 2699 14583 25778 150 25187 16591 12634 5997 31282 29449 24046 8451 4723 21777 11948 289 14120 673 0 14530 12176 26140 15925 11488 8387 12411 32604 699 8321 3388 14163 20596 10806 20276 25412 29674 26047 23847 31470 23004 24517 21988 3747 30900 282 22290 29446 3977 30779 26977 28047 31112 32285 16214 6112 32064 2137 7355 24515 10721 25380 19016 17826 24768 11108 3331 15960 18397 3191 15875 12051 2503 2612 31216 18693 19727 20268 23454 9836 23392 21141 29563 13432 26622 
11950 13575 7215 24909 28569 12684 21312 7776 6967 16211 17848 25655 16826 11274 28631 32419 21467 26759 7999 532 16882 4141 9957 1115 30468 9952 19361 19191 14261 20276 2044 15652 28736 28084 8334 4531 17653 7127 32732 31466 6536 21881 11754 3798 13857 22547 14285 10126 1357 16698 16106 31138 5231 28265 25955 13511 18709 1524 25881 20416 6185 19957 11910 7711 17171 6199 2369 10 18783 30387 25758 13187 31282 4334 5908 31515 29987 31708 7348 24894 20755 16545 14939 2875 16652 19300 3463 5552 21512 1729 13915 14090 4649 11972 11917 29786 8670 4623 16223 25662 18055 15944 14300 14974 31138 7575 8859 14445 13523 21016 28315 9021 6186 3817 30495 1094 14479 19239 2720 12490 7492 31014 12587 23272 14499 7800 1573 30935 1446 12586 909 511 30692 26677 12934 23721 25305 16495 26228 25293 1951 18384 5601 29310 10236 28478 14414 7711 6479 13794 2094 23536 29825 28736 289 25737 19715 2610 17507 9835 29624 3091 13065 5577 14324 13270 7076 14879 17932 28894 13548 152 27840 21481 17578 21772 6938 19313 2037 2094 28673 12612 3351 21969 31416 8249 25767 7907 10534 16008 30981 16033 4117 6937 18584 22125 32208 234 26459 2333 
31825 25251 6382 24524 14342 30006 13274 6252 23519 9048 15607 11590 22218 29220 28469 3427 26259 11160 19446 993 5577 20274 18258 1879 31607 27879 8716 2355 23814 13881 28485 20386 32246 23576 10387 2158 24708 27342 15209 31148 14816 25123 2438 9912 16259 31460 27154 998 27488 27790 17399 5118 4639 21617 4712 30826 12071 15567 28528 18667 5629 7326 13953 25294 23606 29745 472 23756 11892 31523 31245 2316 20564 22945 3028 3637 22097 7150 830 16818 18150 3608 3531 25413 31286 9720 27954 13754 15710 24503 9357 8130 24060 16833 27053 15217 1648 7928 28839 10412 5918 20123 12126 21287 19574 24842 16694 5815 18714 18799 5898 1423 16132 15039 23912 2043 5919 12317 21487 25724 9299 31347 14136 6357 31665 20643 30043 26448 9229 570 31174 23363 20717 15981 22528 11517 16549 16892 25191 22250 18618 15341 785 8303 1023 2275 15984 20778 9172 8597 12675 4721 3925 17539 23451 21424 3401 10551 29331 3662 21061 3213 21959 7415 4560 32 6917 25097 6808 2095 5509 12946 9009 14383 9515 23521 30383 9290 4740 11141 11981 26128 8891 31418 8180 3329 4334 18409 29777 28619 6612 409 27197 31153 2110 15120 28107 2096 4092 23443 
15914 22762 25489 2797 8557 17769 18613 288 13448 23636 20450 7508 27942 7423 17477 32113 13973 20290 26818 9545 8067 15224 27478 28212 31633 1059 21029 4266 2826 9352 13474 76 8917 27403 30488 7542 8210 15798 21064 13585 12434 14926 30760 16911 15519 13041 7745 1341 2195 29452 1906 11367 4662 30511 2989 1803 11155 2438 17175 23977 17359 14057 11600 24545 25414 14126 32553 27025 24302 11771 15980 25320 19754 1625 7199 26673 28232 20621 6351 24048 8245 26002 32434 20811 16665 20709 8546 4489 12662 2368 16230 6540 8724 16216 6042 18610 18526 32412 628 15653 9633 5687 3026 13758 17767 3404 22038 22586 16605 15655 27402 15952 5597 28785 17557 20170 17063 8169 11544 7442 26383 2746 23792 20001 20822 7085 8199 15242 27297 11550 28275 25339 32127 32334 609 8945 32321 21972 10527 751 1072 13182 9891 5804 24945 6877 22626 11720 4242 30712 24389 24912 19 27732 6071 12705 9038 13938 9863 1620 29369 21298 12777 31719 4133 13067 12861 26606 16981 23727 10082 10882 30597 26336 10978 1986 16884 21085 26439 12806 19617 13223 12091 13426 26977 17824 21674 1379 16233 21626 11039 24816 19732 2893 19827 16926 28160 15539 11880 25858 
21329 27291 32161 20764 15651 190 27235 12599 10307 13185 871 20413 27949 32126 30123 4255 30826 18255 3437 5524 32520 23193 7913 15464 30922 12754 26729 21986 25948 30834 1568 30958 9172 3104 30489 2658 2592 14780 18747 4899 5225 29563 26758 24342 24342 5160 31967 6361 895 14649 1974 32092 25061 18224 28062 14769 10951 18878 8727 9873 27834 22976 3653 13959 17255 4110 24293 9271 755 27330 4370 21738 11351 11480 24211 30629 7080 8983 20729 4959 31527 25317 9114 11593 19029 3569 2836 17638 11464 20761 29530 13708 29425 619 29493 4229 25495 10220 22016 163 28032 14284 27269 7206 23709 26843 28131 29164 31813 18981 23945 5547 25525 1563 11954 22552 2141 30992 18551 31367 18132 32261 19420 24778 15609 11259 32112 27671 20705 14057 4255 10569 16070 16751 16917 2454 13840 12827 5284 15744 21394 47 20806 6082 22068 26046 11518 29534 7960 12570 30268 12393 32368 1611 18770 19378 186 28577 8921 29588 12162 6064 31578 13225 10348 18968 11617 1772 19871 15553 32650 11657 22953 28756 24509 16835 5987 25339 29125 27004 11366 5754 13947 25127 12888 11344 22727 31311 6301 7708 1477 3530 31075 7145 32717 14324 20414 24066 20216 21123 
14027 2015 28295 27023 19592 21136 24089 6453 8120 15923 21569 6138 28231 27577 18214 11866 2111 29935 30859 10158 24832 21142 7773 16669 22116 4691 26523 10720 7220 17533 4447 29330 23308 989 1171 17900 4070 6246 13836 29224 31654 17945 6586 16072 3416 20390 19027 30279 17474 5069 30635 20005 6036 13532 26504 8758 8119 7973 26326 9334 5629 1416 13719 9455 4571 1144 4072 2090 12735 3411 14148 388 21999 18151 16906 26215 24119 13612 15454 3693 26169 32016 14468 12236 4315 31208 23104 10699 1213 6108 16690 6213 13939 15149 26461 4935 27425 18963 6523 10909 13524 8702 22725 19564 7058 9574 1958 30347 24618 701 8858 5140 27063 14877 5335 32136 12818 14438 10838 497 6664 18476 24330 23262 5853 24408 4144 13419 6798 32586 15601 32149 23062 23803 22583 29526 30436 25620 30639 27472 25696 11790 21355 27725 22724 24180 13667 19792 12639 23898 24390 4389 8530 12341 15030 27889 14372 5894 5830 2146 10842 15638 9086 17805 31578 11408 5407 29667 32078 23239 32303 26572 30185 27392 11963 8167 21102 19617 23761 4111 30899 14730 13969 32354 6230 29878 27368 19225 7545 30059 23076 13511 477 12222 30683 21030 16465 15936 4936 20682 
5185 6784 24119 10352 20927 14311 24983 9928 11817 5850 12195 10772 22235 32018 16782 19228 23850 3168 5129 25866 22548 29991 7703 23090 21128 32457 7724 17145 14546 2546 9538 13473 4520 29088 3776 12056 32386 29137 29687 2331 24477 4463 30978 16472 6996 26543 2063 366 30632 2038 30869 7416 29754 1505 16343 110 11004 4420 14252 6118 25772 10774 14467 30434 20777 636 18137 30236 26973 18535 4834 25115 4004 22202 19763 5338 14634 16513 17051 28148 1996 2244 19175 5315 18554 22107 23348 6905 12655 3205 133 29036 27276 23212 28615 17383 19688 4864 18944 22197 27385 27856 30243 30184 26022 32283 21061 13699 2821 27536 7619 29351 13892 25329 24430 18168 25806 16571 15987 16329 14645 24101 11261 4713 28781 19682 11402 27383 20855 30770 10355 16696 9242 152 27894 24125 16740 405 3338 6522 8967 11279 2540 2571 10002 9017 928 7674 15193 25603 21327 2367 11511 13496 13947 7081 2291 7700 20053 12702 6620 9019 21964 18270 14591 331 15967 19684 2850 4628 32292 13212 23355 24904 30960 26905 16696 26463 14473 24508 14949 12054 12712 24793 18549 20830 19931 5427 5214 20620 20289 18829 17311 1839 11386 17362 23161 27716 28218 9343 
22073 11694 9485 25344 2396 24555 4381 5239 18371 22214 3386 26142 22726 30946 30910 10643 9799 6531 26292 29246 17740 23522 8215 2258 27129 28668 25664 17387 23451 27430 1824 12216 2383 26992 5104 5622 9256 8427 20558 16751 12324 25421 11818 2576 30149 14006 7221 31471 8912 13162 12744 13084 7128 12502 16314 10554 22619 21528 26564 28343 11912 1991 28428 30822 13131 1124 3650 21276 6333 419 29316 32729 18102 10461 12374 1085 29335 1320 2044 1908 32644 32606 7291 22195 13528 19566 14245 3272 11950 22049 12100 31378 1815 5986 18796 9956 22852 13695 15131 5713 11407 23757 11853 15474 1647 4775 20284 13730 13415 31382 7018 11724 14444 11960 24684 15717 8630 28419 26233 26181 17911 30302 19631 23258 23306 26479 4117 21107 9405 7837 27295 7838 3143 6108 14154 9243 13663 2658 9087 25677 10803 24639 23987 6726 520 17250 29859 14551 26653 29706 1553 4361 9047 8548 9215 27335 22593 9032 16903 23303 5995 17398 18464 26136 16513 30733 19981 19100 14904 27772 26724 25185 27750 20422 28978 15894 15774 602 6104 30802 20085 19676 1770 19117 13276 10518 8149 8662 21055 16649 30214 12804 27575 14361 11824 8517 15518 623 16768 512 
15625 27290 12675 18836 1095 15954 20216 5471 25598 13979 10658 18962 11051 14484 25949 20607 12888 2529 14716 28960 14898 14593 1220 26671 7151 6475 7440 23257 14639 3557 17021 24687 21862 29664 27466 20513 23855 31400 9513 14137 17000 19120 22861 20290 13026 5585 19970 7465 12292 29830 13340 19700 29123 6678 9018 16668 4362 25276 20969 28927 1111 1588 31330 13933 4515 16092 15980 1873 13326 1904 28599 19728 18679 1895 29411 29364 24359 20717 29021 23555 19556 7793 910 5047 10756 21844 13039 16029 17675 31586 6353 24410 23717 28148 23081 24856 18353 12448 22414 29868 25849 26321 2523 9833 14849 30945 24823 17108 12287 12421 29370 13592 17790 5019 9067 20020 4838 26333 11465 19006 31795 21580 6308 20960 15253 3027 20267 10219 14543 16169 23857 16919 12470 8372 14509 2172 21269 9785 26944 6142 6103 22010 15570 13239 7700 7175 7895 2062 425 18877 25783 9073 6839 29531 1016 18264 26930 19740 12288 13095 16842 10020 9512 10953 28903 21506 13597 29554 28070 16470 23782 4111 8595 409 30343 32593 15378 18993 22503 24 29651 1903 7496 17190 557 12704 29947 27492 27287 10676 20995 23463 11675 20474 28514 5863 1178 22513 25743 22816 
477 8888 5459 6427 24320 5880 28531 31274 22816 20648 15441 12644 18490 8803 21340 29659 26257 6227 427 16960 15749 12287 8260 19316 17414 3527 14633 21788 8029 2900 30034 1272 28989 10565 8044 11000 30416 7431 8453 11150 1685 10003 27270 8871 24080 29097 15797 179 2484 25183 25190 15575 4595 7900 13323 30461 23430 21867 18266 27907 22163 24847 2988 246 23375 25797 11821 7367 13402 6604 21759 19870 3551 4250 12155 28172 17133 11533 21562 1259 7361 21357 16891 796 10673 26099 10899 27118 13115 4602 30962 4473 13058 16130 6710 7615 19293 465 16214 3612 30634 12688 1230 14515 11637 2609 7674 28122 12575 21766 23506 21858 31625 6112 21043 23318 6448 16671 6008 22670 9468 32481 8369 24742 30498 19410 1082 31599 32024 7391 22350 3751 10961 6116 25298 17826 11688 25491 11389 450 7161 2140 5987 14480 9464 20678 8630 8412 25292 5538 3309 7360 9130 9465 2379 10079 2981 30211 2007 20004 29343 27358 2411 25605 20936 32698 8173 453 15335 6145 19215 18004 28299 24804 3081 4860 19064 19983 99 4434 10945 23171 13007 1838 21570 9166 5686 4561 8253 7408 12854 27347 900 8311 23190 31949 3559 30897 24363 26193 
3860 19972 17822 30583 32360 18971 21179 13245 16745 20843 24867 21815 16768 12388 28405 32423 4481 24665 27526 2077 7364 21253 20416 8099 2703 22709 11558 16149 19592 20125 8270 376 8075 18765 30100 6615 29199 27117 13453 32697 1707 12401 2030 30350 30068 23506 31470 19104 6861 16929 16 20521 14394 10649 15932 15177 2176 8516 22108 10580 950 5276 14733 11878 29514 17791 10170 7732 15958 22880 12336 8510 22642 31294 4833 27252 28600 24622 31424 10384 8190 22744 10042 15891 5363 1663 31663 15568 12143 23591 20296 13329 10362 24198 19032 4277 11482 9438 20965 30192 4470 698 25016 11215 21028 31880 15505 14145 15997 22473 21222 9110 30904 32510 11384 4848 25702 17996 24388 12318 14453 14039 20490 25162 7294 5809 26045 32166 12617 23843 26758 187 5321 12731 32082 12856 11390 18123 12135 31528 28814 18471 10581 14702 8130 14565 26033 12007 14342 13688 3586 11772 26226 26626 18529 23055 5404 23163 32370 19981 1630 30608 23284 11751 16788 2700 13790 1743 21843 25087 27913 16064 17472 3886 27102 8018 20971 14449 32707 2518 20592 17856 31063 4060 8941 27026 20511 10133 10876 23633 24598 2974 29038 17234 25233 27266 22199 15153 12820 13203 
21379 19166 14070 1905 314 30459 3885 11120 7889 15777 18777 29765 17749 21018 24136 5025 4887 28227 6219 26209 9265 30136 5109 2571 13995 18831 19192 32325 24165 2640 1381 19079 14922 22871 27145 5309 24361 4454 26165 4913 7747 9307 32715 2749 30502 13104 23814 31194 12532 8086 10365 32462 32591 5825 2442 687 8081 20932 13809 19340 2990 16855 7741 2814 2925 29307 11299 27239 30894 2856 22450 9517 11426 5333 17883 27470 18176 6047 13944 4690 19603 9130 22321 17772 5050 20809 4794 24847 21506 17612 11510 2995 30706 1714 1755 425 744 11631 32157 26049 23909 23068 25833 25245 19391 19136 11325 14806 22767 26785 30015 16985 24119 27186 252 7101 25086 28741 8650 15361 17702 11068 2094 32304 15771 28885 7965 32522 17200 19128 4140 24010 17047 18406 32642 18397 7378 3753 15049 16964 17271 27895 8831 14840 18592 26008 8230 1211 27626 6168 26746 9353 15235 31276 27002 17917 31634 18466 25673 9980 13147 18346 6028 32716 11788 18780 29848 32168 17651 24471 5330 16132 20153 28483 20265 15179 11867 24391 28641 9667 29769 7886 1838 13202 11270 4935 17857 116 31505 14882 5878 12701 16945 12509 4270 17714 14518 1510 27624 160 
13076 12044 31805 15223 18730 30611 17274 22523 3709 26109 15139 24054 26491 27105 22943 24583 5883 23461 27342 25012 7498 984 25170 27844 24262 1374 2722 11479 18665 29447 25857 384 8754 11663 8413 19258 29202 28948 27544 10018 24942 6755 17617 7326 543 25977 23953 23163 22428 499 25443 1675 30000 4858 11326 29806 11650 3765 15440 1361 22813 21895 32402 10783 11109 21136 24054 805 21123 11807 14841 27856 5154 27143 27387 30647 29305 27662 3042 26649 19511 2925 20588 18565 10297 24098 2696 9597 14032 32251 29683 9497 22361 5513 8317 18592 17772 18624 1709 14603 30956 20118 6647 3668 14810 18043 2233 1631 23306 15867 23253 23159 12058 6009 7405 22284 18109 14331 1532 23751 24298 26450 24254 26612 3276 30457 1198 29133 27712 5958 23976 5664 2935 26630 16077 20449 9520 15848 28513 6770 9712 8934 11884 1677 16662 22935 7032 24897 18565 1425 26293 20485 31724 24239 4482 25017 7850 2054 17382 30309 1357 31610 6050 21114 355 3033 26309 27313 8321 21901 12781 26217 10609 15709 6066 26554 24242 3830 6616 26406 2887 18652 1206 3908 3071 3403 10172 515 10299 7216 14151 14547 30601 3357 20482 17350 10207 23647 31339 11083 
8802 27524 5648 23139 10266 22626 16590 12894 7658 10726 17952 5517 32517 28896 16571 29502 3625 3531 4289 27044 18372 19371 19470 4759 26892 3142 13427 17397 15110 19862 253 9120 312 27328 16582 1362 5773 250 21965 22314 2631 28844 28606 32419 31302 24011 11346 6902 29925 19154 27560 29652 21129 25002 5066 18557 23819 16035 15573 18831 27014 10626 26483 19949 12414 1919 4445 15235 13147 16800 22987 27697 32380 16934 17123 27621 17002 15899 20177 12479 4408 22900 2688 7571 23877 9705 14473 22606 23458 10502 32007 29183 12551 20266 21277 32582 1839 16045 22488 16346 3 20708 22071 23717 5480 22689 5373 18519 24293 8459 14910 19157 12766 24600 19235 20785 74 16397 8283 766 2985 23140 10222 1479 20036 19286 6133 23544 15852 17728 22849 9872 29129 9075 9618 27109 12056 19465 18153 31782 14479 29605 22298 9120 5195 1555 27894 22539 77 8565 25997 24655 31348 7772 20849 21360 1095 21297 28346 845 27790 7025 11548 969 6110 7843 14127 21453 413 26265 23179 8103 3303 21865 6875 24531 10494 32629 18559 12775 21829 27477 12657 30902 30688 19183 24282 25615 9091 30877 7185 30798 6147 30362 20145 23819 11236 8546 9035 7132 
23836 16726 29589 2872 29687 27369 11523 6480 19067 23870 8718 2880 6588 12029 1891 507 4858 9588 12839 4650 31264 23471 18914 28203 26032 11756 10222 26361 8106 26044 19524 7109 10922 6760 232 8626 11636 6549 4441 30652 12621 20116 19802 8356 26340 31315 2607 17488 25154 4034 23403 10909 24467 32477 28640 26391 14866 13037 16346 30187 25614 11396 10778 4979 1778 17974 17648 20179 20003 4128 19905 7514 794 6175 25913 28499 13694 7252 1107 11630 22518 12196 29381 27394 30684 2435 21381 19967 24417 18467 7626 15598 28376 16546 2706 30425 8583 25435 17354 28424 13621 1165 19635 27988 12767 9693 26562 24471 19375 18531 30751 10454 28143 23800 4203 2310 28947 14585 6001 15731 13670 8704 16018 24937 21604 23267 2604 22403 27797 5959 23869 20077 20857 944 9245 669 11114 19400 2097 30595 8761 32179 18290 3951 5792 28999 13432 5661 23897 14751 12902 2047 12994 12501 5631 18274 4901 4385 23204 10606 18498 20228 16027 22244 16958 24112 9218 19366 11328 974 12362 11524 5526 15824 12640 8300 431 6680 28518 11584 32163 19914 24100 4850 22844 9776 5875 4483 19581 31760 659 27889 21803 8246 9311 26368 28295 5546 22692 7418 
904 20378 19826 31865 7084 10923 22168 9732 23351 22468 14303 25582 4531 24674 3921 6154 20227 14123 11713 7395 4559 19543 8650 24904 12972 20196 5602 10191 10431 15970 4151 18162 24727 28452 24735 24438 16278 17394 17200 29304 21580 11437 12327 22841 9334 23876 26784 30784 21063 4233 30638 25489 32187 32142 2177 8430 20310 17973 13175 12708 31832 7930 32676 28105 9876 18981 4759 23476 8014 8901 6882 2960 2421 18280 9170 29080 722 31217 26768 23375 17985 30716 20889 15523 13173 4938 8533 30943 8315 12559 29817 910 22904 2805 5596 19826 5204 30984 13110 18325 6987 30285 7170 14402 7006 28270 14524 11246 28264 31217 31189 11737 12787 8843 28320 13533 24538 9469 23858 14880 27327 1004 31674 19024 14866 472 13890 17522 16036 8004 3424 8207 18880 26432 2781 19599 23533 9225 2758 15629 2042 17829 28910 28639 11508 10361 5592 11068 9550 16017 27374 16254 25370 4113 27658 24651 16113 24534 14489 31436 4237 11363 23195 18882 25561 14156 28309 10448 8889 11764 32627 12214 7392 17599 26948 11616 15896 26080 25798 15521 31351 13527 411 27763 6766 19413 1936 28973 2989 5273 16266 7890 30295 7102 31079 29845 19234 16662 8077 19609 
1336 10351 19964 20452 31650 17219 18813 21915 24263 26064 19223 3499 19804 19549 2853 4133 4011 26537 3676 28479 16678 7554 23227 19031 15701 1898 18421 7946 22692 25216 27726 15250 7917 1893 23975 6920 23368 15871 18365 448 28512 26173 28392 19603 12101 11197 27145 21166 1110 18729 14919 17348 25975 14696 29132 1404 28971 31260 17147 21934 26338 9758 20523 18237 20345 19356 21286 18289 1353 3020 10526 5115 15787 19637 8156 31952 32196 21566 28891 17615 13904 30090 7915 13172 19076 5855 29598 27552 22168 24018 11578 30035 23498 28216 16927 6590 28693 14380 26312 5725 28988 18395 32319 29016 17020 27755 703 3198 4642 3985 31560 13073 5577 18627 23497 11566 17200 11911 12878 1225 1202 9982 23532 7518 11867 10912 12350 11165 10196 11757 27674 3649 32747 12840 14373 19210 7463 15009 28219 26467 15202 15423 4974 30347 6584 26994 30295 18853 16385 26914 21374 2280 5613 21106 32114 15357 26145 25185 28866 31306 23124 15681 9025 26334 8069 29075 25550 10103 7763 30326 25522 108 12832 14901 11889 9296 12083 9102 2781 9802 9767 18212 25886 27188 18054 23306 19822 27040 29818 30532 15342 25094 26741 429 25120 12326 2061 972 22651 4844 
26790 19577 5238 1687 17633 25534 5162 24593 6678 24920 27776 1282 15860 18976 22105 963 12248 8675 21425 971 7886 10934 12460 7853 16361 845 2110 12618 7698 18052 16791 16438 29858 16345 23079 1493 14827 13820 30067 29024 18939 5555 3166 28896 20152 10560 16767 10262 20368 15352 13577 24308 31489 14397 15625 6349 21504 8139 27155 25940 5879 2753 24563 28798 5124 28170 8808 32121 18346 3438 4745 26571 1433 17115 5923 28391 16154 31166 2927 9535 24367 16385 30427 13566 1143 12247 14283 26203 19843 31045 10099 19910 12087 15367 11176 21815 24884 27975 14412 10996 23627 6079 9877 31431 31312 20074 31105 1523 12343 21481 20513 23707 10582 7963 13451 10949 26581 9914 2089 31463 7632 24681 5820 6578 4254 16354 27369 6684 28681 9015 18858 30256 30302 16032 22670 22904 22408 15873 14017 22199 27549 17766 19434 29810 17921 21918 9858 13402 795 21737 18312 24040 14464 28801 25211 23973 12906 30378 19236 22341 19815 18267 5576 3755 196 23582 2991 9110 20091 20695 875 21396 19710 25695 10940 15260 22063 20899 28382 5073 30906 4667 2783 30980 17126 6787 16756 547 1157 27117 3206 9796 20595 21423 24067 1478 13358 27421 25178 32127 
20161 2516 18155 8590 1488 30640 26307 5127 28082 19362 25635 30675 24711 10565 1031 19094 6856 7386 28191 24271 23163 4715 6598 25590 26423 9031 5603 29373 10997 26481 23154 10432 14826 17622 19202 13803 8424 20347 8806 15598 1192 29812 17698 15314 20968 9084 17090 27062 15725 30523 28523 30314 11261 1313 20678 19078 16462 5929 19820 31201 11661 23089 1836 21232 22587 20440 20328 29063 2479 5512 20007 25420 15977 24198 19592 15168 23104 24864 16028 20720 26814 27593 21619 10902 12015 31697 29208 1757 6303 30176 5682 1526 19049 29196 3620 30110 25306 16655 11920 28781 19859 15688 13193 19753 25452 28618 7614 12241 14791 15553 7346 4972 11439 15031 14012 7953 23210 18861 16595 15356 26665 30256 2841 11841 29938 31922 7785 22680 5342 18646 29140 30200 16421 11956 15651 3018 674 19878 12348 31690 22479 30352 27943 17501 24924 16039 2921 630 22024 9813 3947 24208 4364 17723 5308 11570 3053 4092 13244 24589 31 25307 26280 4897 1643 23885 13764 16435 13959 20362 32227 15346 15118 30801 6451 4261 5878 15088 24883 8259 2240 25708 24243 22926 10895 19046 26988 17811 15760 6035 20909 5809 12004 21445 2328 10665 26115 15946 32172 8794 
6794 2732 28101 21876 20527 28602 16939 28908 27434 3766 7875 8092 20193 25156 14648 7214 4090 14179 11818 6491 7268 27278 19749 4394 25885 12452 6828 7855 6988 31176 4877 13187 22314 26615 19237 26314 13650 5858 2052 9021 3043 28976 7015 6255 21370 26427 24996 7969 31129 6092 29084 28983 30036 19820 12144 18960 5255 29373 18328 11496 25452 21412 30074 17643 187 13321 20773 28522 21360 1713 13956 5837 14899 24410 17898 11687 3923 19430 11572 11651 24806 8437 737 31476 29408 1030 19579 6316 26710 19794 286 22453 20341 16955 27639 8202 25717 7712 12793 25569 18463 10126 32172 15309 12987 10460 13524 573 1169 16110 26385 31849 12194 17805 11313 268 28200 6710 32581 23426 2150 30128 6287 31372 14970 6572 31457 29842 8599 23292 4676 22245 15650 18805 22923 23228 29846 18093 20982 11595 5503 17551 20909 29530 14457 6714 26709 2714 24280 25164 18605 10915 24827 18643 21603 5905 3479 3029 4769 1978 3816 21465 21145 338 9779 24648 32431 12879 18628 18063 13983 11829 25284 17375 4694 10870 18667 1591 4431 8135 19258 12912 25509 12469 12170 5625 32217 4762 5598 8388 4537 13739 2353 2495 30752 26368 2007 8652 9818 25751 
16130 23871 28542 11443 11219 18855 21912 25356 25224 21207 23969 23754 13863 23519 13548 18377 3857 31600 7102 13837 4130 13655 7748 10639 24656 32385 21244 26884 8191 25224 9414 13163 6449 20443 11436 20022 4470 4692 19195 28502 31022 21611 32475 28232 21334 7442 19957 21355 17216 2668 27642 5490 31690 29054 21260 31434 24323 30450 20000 29060 24519 15424 23759 26018 25948 20815 17443 21995 2347 17624 18467 1713 31085 3247 31846 8836 7697 27817 31016 22682 29763 1394 2049 32142 23379 29843 27839 2742 803 16529 3523 22556 31348 31243 25357 11287 26754 31736 25435 27305 8828 5811 22283 12649 9587 11699 10242 6001 10132 11518 5161 32056 4885 24364 10776 5635 7907 15799 19183 31215 30512 26315 14024 32234 10816 31836 4079 1077 1945 24625 10477 12607 31724 27403 17249 14632 31814 13764 7147 7556 26912 26880 24554 5979 28740 18157 348 25209 24297 2522 26856 22911 2294 6783 22942 1510 6666 14873 23091 24002 7431 20375 32192 28729 26035 27120 9520 16518 23474 31449 18734 3077 26247 2429 3845 13974 9745 19466 19633 9374 25668 15127 26951 32454 32673 16591 16681 11943 8513 15332 5492 13002 14619 27702 31688 32588 21529 17270 6371 28872 
20339 27692 24737 31124 3066 22352 32430 26620 21926 22743 14149 25715 16543 5340 12106 570 11177 4144 24449 22685 19201 909 6923 3094 5930 10340 17540 20323 4082 26846 2510 8334 27488 10813 23499 8007 26161 9206 31885 24071 8837 11770 17691 12939 30066 29914 25345 23677 25258 31053 30002 30143 21896 15716 10462 28787 20696 4177 28001 29368 9935 169 2334 4548 16061 4537 8428 19572 29182 24347 28926 15741 3765 14314 25567 12229 11563 19311 23024 7517 30568 13494 19684 20714 26401 10464 25702 16799 15481 32658 31191 5646 16007 10382 17392 27925 23233 27167 16220 21541 24334 22407 30135 5148 22288 8730 25012 16592 166 22925 30916 2089 19488 11515 13420 21573 12756 18872 12164 12124 23928 9783 20494 3559 14867 7157 30088 32475 6824 8028 12308 26612 776 22699 32016 24466 31457 30957 24970 25546 21411 3749 19057 32174 1426 21920 13454 7803 19743 16790 15054 16191 5526 15574 19658 32298 25965 12516 2656 4611 14075 4302 15075 16619 18779 10310 20956 17493 30213 13802 23635 22356 32573 11874 9055 21629 11941 19561 15569 1490 29050 5278 22959 9171 14889 4007 8751 30111 31681 25991 21414 9509 28039 10297 1115 16237 30470 9703 22280 19573 
6903 7243 7729 32011 749 30677 731 32688 7694 28451 26723 28581 14627 16981 11639 15608 14511 25647 21443 30891 17120 9321 31026 29109 28931 20967 29144 25456 8841 23612 27845 2756 1021 30728 11013 17252 13893 30100 24101 19761 11382 187 25034 5476 3281 21869 14355 9222 8961 7543 23986 13328 2632 2593 5965 12043 79 11686 15229 29864 6199 8043 26423 4418 7730 12704 1020 8443 5973 8826 6057 3528 5563 14061 10230 2233 22889 4673 25594 18553 25007 22922 23809 5009 30494 6235 21479 32264 20041 10386 10109 20206 8163 11399 13295 23733 3041 5978 10454 23086 5018 2329 24524 1339 8110 16149 31116 32026 4678 6493 11185 14986 32392 21995 20590 6030 18055 13390 11193 6448 29479 18368 29014 29482 3508 26303 13996 28754 22876 32184 20978 17812 13718 18460 4074 9086 10911 3176 31906 11136 695 26074 15949 24669 1015 12233 14524 14155 18720 31962 12560 11144 25468 19946 21876 20418 19024 4768 275 3401 10393 23035 1666 586 29699 14273 26943 19640 26093 26722 21487 23464 24600 994 32392 12146 6642 28907 19169 27751 9751 18814 30279 24420 11294 24081 9859 17788 26443 9405 28908 1618 22161 22111 17011 2640 9008 7634 29846 23121 
13789 20345 12624 16208 15637 11524 19266 23871 15198 25895 8847 5952 32525 12036 21485 26038 19984 14417 3951 2009 12591 20179 32312 10277 14603 24721 25902 9862 16252 31348 11403 21007 12710 28129 20724 28785 6197 451 29769 26232 27390 29036 28498 31805 10367 29995 29466 5961 13103 30183 30598 6835 7754 9137 24194 22179 8155 15521 31400 28169 6688 7207 25342 18289 20456 5922 14387 25064 16096 13516 4057 15802 30693 8473 16259 18608 16871 16658 6774 18733 15609 18911 6355 26484 20212 2105 23702 25299 6068 30123 8510 14019 7386 1306 19664 27079 21275 19456 8559 2735 2587 6709 6266 19390 16872 5546 3094 19241 9624 11504 9010 19258 12957 114 8361 29991 221 30749 16730 6046 26689 2696 15372 32181 9165 4696 20429 27522 21914 15109 14134 11865 27553 17552 16683 17898 23900 17171 1778 684 18643 8410 8103 19119 26686 18111 25155 23302 10911 31616 25019 29037 7901 31992 14968 3968 25526 1078 11841 4532 30699 6614 2299 8295 12874 10463 3217 31141 24587 5621 5260 11111 20260 29788 23651 23624 26459 1114 30419 26170 31 1705 12135 30254 21934 8929 31394 18990 3772 478 15260 12990 12831 21807 26164 28028 11409 23568 22462 24339 
20638 25498 3870 12965 24649 28621 12982 22955 21182 3668 13515 28128 28307 20231 8528 9015 31057 30302 3476 19999 28626 15469 967 22972 29026 1604 25260 11234 17736 23203 8736 27816 13195 18086 30214 27056 27372 26600 12811 7034 1968 1335 30697 14194 12713 20160 29604 28765 7846 14336 6720 7428 25351 20554 10544 23885 28167 22143 25388 14509 21191 24195 19381 4197 17170 16645 1983 13766 22495 14808 19263 13347 20337 23578 13093 7840 28035 18679 6517 3537 29713 15525 47 28754 3903 27489 31022 30674 17643 9086 13847 16131 29076 16554 20216 28345 18183 31219 8871 19896 25277 5856 30963 2093 15234 20698 3601 10249 24842 1803 7922 8221 21003 30656 31463 7332 24547 22160 28866 24361 14836 8770 9578 9278 10228 4259 9776 7618 2090 5101 1887 23549 7189 6354 25 7773 11322 18536 26718 30830 21223 13521 5669 23148 10104 28465 13051 27609 16599 23748 24487 29313 27880 9405 12413 25649 5926 7680 12672 25092 823 18676 2405 30943 30439 25380 802 15567 25035 10769 9076 12230 7439 30094 26697 30123 3460 32338 11594 11752 31727 20667 18047 11813 11668 18288 291 6977 7828 20458 28229 7108 23285 32496 27782 28172 27180 21023 8098 28252 
15528 6228 3697 12121 18543 9827 22700 28596 10289 19464 14172 6163 31057 1789 23334 20903 4124 30798 20579 1297 2655 736 19462 6431 3029 26184 29984 31245 30160 16135 31120 9180 32513 10870 7445 20943 26021 16841 32617 10008 9083 10942 15369 17181 14868 9620 13028 8225 22084 14461 8356 7027 28462 8436 16570 14313 31592 4745 25107 28240 27406 2663 118 3051 10012 17835 2208 19431 15069 20827 14559 23653 26835 11780 11179 7694 8718 17620 11666 30939 24804 23280 32048 7131 17316 27442 32304 17804 3283 9766 27777 6967 13958 21207 17168 30169 1010 27371 3470 31332 749 20180 17930 13591 31378 523 26734 15527 6019 12909 21542 10057 27154 19202 31868 2663 30831 31997 32107 9127 32339 30248 4747 4398 28022 7434 12588 16000 24527 18400 10957 23406 27678 13822 5813 22911 17075 3818 29174 18884 32464 25340 518 10085 22561 30512 7442 16251 30095 1457 42 640 26743 7759 18824 7390 115 20518 25242 23522 25127 17071 5483 4656 19669 8009 29309 11575 28674 32185 13318 25720 11847 26983 16257 29604 6292 6134 17503 31744 9081 16383 22639 15256 14379 6398 4017 16352 21188 9970 14582 26830 18911 3973 31389 820 23025 25322 21420 32660 
28849 26122 27997 25155 17754 10991 27773 18139 8750 2926 29576 6286 22929 4625 29985 25419 25504 7063 1651 3555 17399 201 24723 10922 30595 17845 999 19131 19872 11160 15628 31293 18913 12556 29985 315 26138 10745 10221 25066 18075 3407 17092 15128 20056 9112 29204 11951 12651 31997 25633 12716 28723 28995 18604 17634 3257 396 26917 2925 8305 17594 30274 5047 30576 13733 28477 28358 11944 28014 30076 25993 29690 32311 9014 30596 5626 5767 1099 13971 28521 1007 25966 12741 24552 27679 28819 8765 5749 15819 21488 947 19256 10703 13900 1846 3466 8582 27657 16123 16020 16770 28344 18048 29597 282 7795 8264 2741 13254 26711 26803 27392 30470 27985 9058 26029 7903 7058 26325 26047 16778 25106 29221 6489 6033 15519 30325 22398 29416 14508 22786 4567 3294 26114 23694 25576 21657 23435 27607 20170 2912 18276 30428 12201 8114 15268 31683 20090 31364 17958 6650 1512 7540 19993 15546 23800 360 19703 4215 2272 16086 31258 12442 4816 23671 12156 25707 16203 10668 13961 33 28464 18745 10709 6153 21596 20438 2106 10063 25952 9539 11544 11230 5199 28784 20130 23870 11406 28060 28638 17768 10323 30617 10098 19969 32115 14832 5837 14900 
29099 2979 17303 22568 22996 17274 825 23145 16177 26595 24379 18385 29908 18903 23420 11386 26508 15001 5300 29062 25055 6249 12440 17921 28862 1829 25700 25003 25860 22766 31412 5133 18496 26975 78 7231 22446 25457 7103 16588 23510 5129 15891 9839 28268 17600 26926 9676 6315 10894 28373 15253 5518 24747 3924 13333 21786 3755 25012 26784 21482 26940 9268 26588 8379 16157 762 27387 27061 18569 15043 24282 13503 2494 18352 12756 12289 21968 16800 3862 3492 5548 27604 893 11258 21190 5561 17874 3911 6714 16395 15911 14974 8922 4398 12585 5870 12389 7167 15868 15673 28294 18076 5640 29148 8572 30773 9628 21002 2611 23799 11258 31020 25480 17896 30031 28273 4524 31573 7675 31751 7098 15931 24620 11091 5804 11003 13690 28249 1471 2736 18178 19684 30300 7931 30156 11191 25966 28517 15668 1216 31369 8993 31866 26814 15418 15604 27375 27293 16561 21182 8132 22593 8280 32491 21358 25846 10112 22956 17796 22898 9674 12453 13240 15503 17130 16050 28217 32704 29070 10481 24566 6384 19238 27112 31582 18476 10212 3279 27460 20013 18749 2822 884 10203 16501 14600 14947 22638 8015 9138 17794 30279 9564 26507 19894 28210 8906 20393 13394 
17253 10964 11146 18700 30251 30103 11040 20940 27906 29436 213 31880 2178 29846 2808 23448 9169 773 3233 27231 2757 6497 27865 21690 30073 4529 11610 11502 27477 12376 14062 5868 29048 22905 19205 7077 18384 3961 7090 11221 13210 6213 3149 710 7239 2031 8711 18282 32701 25504 1107 1514 3953 28502 32747 19954 15491 23527 11319 3014 8825 12860 19608 20572 22403 9711 27070 27695 7639 6771 1429 25099 15910 7909 12594 4850 18846 10618 24349 20811 31185 11372 32756 14623 25345 16169 6584 2870 24965 25784 18513 4760 9460 29461 26775 14144 3955 4635 7612 6174 24079 24817 23235 1494 32587 136 24392 27716 25955 18092 25026 23185 2373 7604 1169 11984 25836 12219 12549 21689 1464 23673 23290 18414 14734 10757 1119 542 32084 28723 6662 6305 13486 9559 8335 32403 21490 3894 1199 20682 26903 4011 6009 14305 27788 2802 1686 11785 3595 28597 14581 26330 19353 22174 30116 28817 15926 24863 25186 15140 12430 3502 27266 12434 3269 21403 19378 1147 11358 15622 24146 31906 24363 22931 7652 25696 20689 10798 29997 11791 31204 18301 10246 16904 19887 1214 26957 11516 26307 12106 4565 21637 30693 21604 22784 230 32076 9924 4902 6760 
2996 20514 21171 18186 22985 19522 5060 6012 29649 29106 18269 11775 4816 6848 11167 22364 20822 26259 1568 32711 21223 16146 17015 9858 23990 16623 17061 20895 31164 10725 2360 29850 21282 22359 23564 10401 6450 10952 7265 6137 15753 29708 20019 2031 5144 32729 20999 14324 29185 3954 24013 24282 16120 5082 14162 15494 31021 2942 29896 27868 21543 10462 2926 9349 3296 3418 15578 25227 7673 16151 13787 20919 11992 24597 31618 849 22317 22137 20675 16831 744 19252 18949 19924 31984 10035 29633 26974 21364 16510 8072 13300 8724 26072 27213 21332 3563 6906 5977 12319 19476 15718 13185 27406 4259 31745 9038 6570 25006 14458 32415 1394 29292 30005 5097 16497 14848 32273 363 20737 24770 2101 11450 658 854 22893 26223 2423 6467 13605 21647 5896 15651 28793 23593 12633 133 13804 10643 1399 12631 17523 6156 14598 12476 8074 23004 32590 2898 6699 14676 446 3893 7474 30896 31486 30434 18225 19720 21884 28125 845 26952 10453 19393 23102 4733 23379 5477 15728 26865 24347 23576 29225 24029 3478 3808 31118 6227 29881 12352 16646 7369 26948 30190 9864 19298 31530 5155 30032 23098 24106 26298 18963 30205 27617 22125 13195 25704 396 
3064 8122 11885 27686 20704 22643 5740 8421 21270 7142 3173 2627 1592 913 29265 13772 7298 28650 19907 3097 7539 14625 720 31261 16766 22300 621 15785 29696 21475 627 29051 24276 19327 2268 22108 14345 22058 18129 20983 23218 30518 1645 6459 16887 32482 4713 15047 24818 1380 10131 16843 26059 202 7465 10805 7043 16474 20040 19776 14122 15469 21247 21763 11856 28379 29635 7003 4410 14461 18511 17993 16825 19307 707 712 12525 17592 938 19525 21404 32635 13225 15087 23299 2777 25184 25292 16428 22294 8521 26195 28617 30229 10907 29420 1286 9189 23147 30528 10878 24150 24457 13985 7966 21927 24124 2908 24817 7740 14375 29488 27024 9501 32364 10948 7204 25661 1942 3998 10470 1569 31317 31006 24296 21930 21227 16070 1599 148 24433 17980 524 9232 22856 10681 21602 32741 8381 21768 14529 25130 26870 8009 9820 7019 21991 26604 24323 14850 7528 18236 9809 20553 19252 13398 26855 14544 15793 26854 2136 266 22308 6855 24649 15797 6755 22651 23822 10663 9176 31392 11037 21534 21244 28329 19336 31949 19101 10001 23346 7426 18954 13731 29863 29601 7199 13737 14793 23739 20768 3564 7715 27979 24841 11082 6590 1673 8025 31055 
24990 22794 16176 24904 13284 12291 2518 101 23296 8083 4084 18660 25078 1478 22268 25297 3625 11757 7403 10351 10530 26041 14353 7446 10097 4082 14293 18040 2448 25911 18084 15337 10720 17637 25571 19820 28234 3014 12376 28566 15421 21292 30769 26916 401 14272 11112 30894 17798 12528 27098 18749 6944 4602 3797 1137 20361 5179 7467 7424 25073 16107 13738 29241 25405 1943 17532 6912 3848 24156 21137 13042 9565 29592 1839 29391 13706 1007 27935 2334 3873 2370 22354 31632 1460 6710 18205 16826 15335 3803 11768 27156 5831 27362 12621 5531 21472 30281 10656 1797 25058 17141 10459 16329 8178 8006 269 21577 31304 10485 3612 6585 3513 8701 27221 13146 18094 7762 1406 11014 13773 5654 13697 2205 1954 30491 29642 5406 9636 11290 22979 5060 21266 22173 21557 10988 30256 25204 23409 2596 24299 19998 23201 4543 23858 29337 12475 18792 3921 25675 24221 5995 26325 2641 4544 2213 15747 10240 29359 16189 22705 24675 26982 18958 6469 379 7559 205 30995 10839 28140 21112 6056 22950 9096 17365 16408 24945 25888 4796 12715 172 9078 3606 24463 15594 5168 23051 23092 13248 19031 9690 7770 20125 13686 20787 22591 2427 15017 22370 
18239 19938 9448 4182 12047 21020 19866 21889 26647 28645 16474 22910 30087 7344 21145 23832 29917 20430 2467 8086 17324 9510 2517 10764 17097 24282 9655 29960 7267 32566 6446 22740 19495 31859 13604 17087 29069 24262 28569 15773 21372 17329 32316 10966 23463 17239 13237 23113 31004 7249 27389 648 28619 23843 7628 27350 15707 25608 2570 9443 9078 29229 6799 21655 5368 32012 28237 21321 28314 9773 16027 2931 24997 16486 9583 10625 17884 10745 20892 9887 7608 17344 24527 27671 27801 21708 32048 26178 29247 17973 14872 12533 26769 18577 24916 9692 9069 13897 12128 2150 24523 13073 26927 4097 9036 1514 17813 31939 22543 5362 19538 6435 21078 7099 3989 27195 25010 15621 28624 13702 14894 2515 20847 12514 29689 20436 13239 28732 21023 24723 24287 12908 14648 31935 2457 11420 32279 4385 24274 2974 28093 8000 1627 23958 14878 12120 9624 1741 7206 21097 6210 21180 9386 2861 24117 24187 23187 16705 30119 22555 17001 4544 31060 25192 11422 8287 12954 12137 25910 29026 19780 23876 11089 13917 3276 18168 32218 21565 21715 2342 28832 23214 27677 139 32618 24787 16424 31228 713 20610 23015 8808 8623 2689 5910 26657 2190 475 21438 218 
28765 31507 667 29528 0 9255 26810 31382 19570 11585 18198 12819 10128 798 9793 14783 20891 3058 6142 16949 826 4803 8440 23212 1704 15753 23564 6377 23814 18583 31156 16332 21864 2846 22727 6714 9866 16172 2347 28817 7312 30137 31703 22130 28290 11439 13467 8041 9026 30848 17553 2089 14980 22563 29471 14383 17287 2412 10709 17263 12206 19942 12235 14071 16828 11880 24469 17506 4759 31375 15621 12864 15925 2003 20072 27084 22889 18168 15569 27564 8191 11813 29375 12737 9784 6224 12222 7571 17139 21411 11502 22743 22986 17212 13742 8614 14759 31138 19464 3335 18110 338 27951 22273 591 8448 14610 735 4199 29691 24139 27076 515 12037 21039 25031 4748 29632 9793 23921 2358 26244 19808 31462 23909 7205 4164 19012 28805 21558 10022 21290 15280 15955 26969 23356 13711 20400 19500 10980 10857 7321 21015 28775 14733 29920 22891 7956 16605 5788 5122 22434 19774 24347 11672 32235 25283 30419 31553 31757 21262 11845 7525 31787 30066 12646 24025 8443 32599 2452 10515 7636 181 6537 31028 9808 29073 24786 1761 24456 12085 12185 1591 8883 26125 28659 8798 16751 12925 3577 5196 23778 29490 18414 111 29045 12575 1727 15805 18711 
12647 22763 10784 13093 29432 5894 3725 30302 6750 22342 27003 24651 19333 2221 20034 17314 16600 21436 29784 24112 26763 4803 20908 9672 27563 7857 6889 19409 27914 21335 3191 29748 24052 31733 8111 14796 26296 10510 20129 18716 14494 9027 1841 3557 5290 16875 242 17398 3701 19379 18110 29872 11966 19094 5799 27221 27506 31918 12121 3997 31749 18930 1569 31517 9299 29964 5945 7974 20403 32652 24006 5518 12646 30589 27103 20241 19883 8437 2468 29811 23728 9670 26271 7950 5202 6141 26013 19772 18658 3278 7336 28630 11630 27328 18230 2977 30284 6063 4272 15886 13568 11429 3980 18408 13609 13266 10838 10258 3547 18064 20794 30397 17396 24928 28414 32060 63 16207 7374 30711 26559 21590 8537 7795 10362 1706 715 1804 18000 1479 25364 8985 7587 6300 14339 4993 30736 23732 15576 30881 4402 28611 4375 3037 22301 3513 27015 26687 11770 5568 10498 4388 5840 17695 11136 17251 5351 31602 12421 10723 11885 31296 18570 20091 5656 8922 3953 6889 7463 8312 21253 6106 15893 31593 2336 4980 26867 32143 8700 6457 28792 27105 23482 31656 15424 16798 30978 26507 21461 13703 21934 6431 29602 29394 28544 17726 19018 25957 1412 3785 
23276 6365 12692 22482 15383 13606 8522 21556 7487 14668 22477 17811 30231 4581 13303 4464 15065 29883 18798 24943 5910 11035 3546 29937 5894 8007 31298 5241 0 28636 4855 20130 21639 26400 10694 2851 11795 27511 29520 10389 25069 13044 7197 8670 21032 31442 19954 16487 29606 30109 28438 7835 15395 12303 14794 26857 16355 18226 20897 24023 10264 23934 28028 2393 5992 17023 19845 29348 22396 24724 3400 26546 11549 23641 29481 30457 28492 30162 21558 21064 12730 9015 13988 30313 17224 29612 18303 10457 16185 16925 6233 7680 11803 17380 14214 4457 18220 8203 17633 8961 30009 25838 16554 26461 14278 32299 14340 27539 27995 9767 32582 10284 28245 22193 1489 18295 22823 16598 7861 20083 3917 7485 28477 455 23346 30372 9211 6625 19242 8195 6748 2653 17893 30909 28820 11950 23597 24332 23185 18504 2717 14196 15161 19649 2166 3814 15610 25567 8802 7142 887 5594 5035 12734 17657 1797 22192 2022 27085 17027 7471 6772 7143 31529 10573 26349 16657 7502 30763 25175 32661 13065 2511 8906 22485 5599 15768 7103 5870 28336 30 3251 16860 5972 11050 21862 16416 12395 28173 5047 24301 8271 26805 31881 10925 16250 19346 24733 9838 3885 
24315 29905 5831 32579 19009 23097 20260 24053 28618 26751 6560 18555 9892 4295 7751 20648 10717 3741 2180 25571 31037 2291 18921 6163 4807 24836 14210 14640 2629 27233 140 31570 22753 31634 30517 27436 23284 18175 12714 2968 21268 14658 903 3381 28928 1260 14994 16519 16419 25495 21565 6525 30919 31245 7446 10572 21997 834 32312 31309 17844 23765 8353 26918 5202 15378 14474 3772 9061 16493 15982 1640 10769 30692 24605 8744 23661 13879 20809 4803 5643 634 1908 7991 7439 10012 17841 21193 14304 4555 7841 28591 15571 28148 23244 26918 8152 9170 21110 26778 20663 17513 3525 19125 5377 10906 12560 21513 27278 30822 24696 17472 3346 5803 3523 25775 20540 29676 26408 21836 1681 9559 24526 21192 31055 27374 8559 12025 5449 24484 15846 11724 31052 21120 1584 14081 20365 8717 14808 4632 8550 31471 32094 563 12796 23152 26494 13501 5402 3727 15214 3503 32178 16866 21248 20965 32163 19113 12120 28449 17311 29577 3818 9480 6472 24401 30370 27631 13583 9384 20007 27582 32421 27108 23973 22082 9322 182 13302 19211 31615 2966 10379 25677 8937 5748 10001 25120 2459 31083 25660 26512 24098 4703 17077 4549 31931 5638 19886 14086 
2527 16513 22934 11020 18576 15554 27835 29801 24183 14146 15543 22811 22698 17537 5448 27516 9848 23742 22474 4377 25176 13964 3373 21902 6966 27859 1624 30084 14095 6901 6133 1674 29022 12843 14362 11824 9963 24298 28925 15448 20602 13758 17768 21928 15410 10937 6775 17358 19415 14104 28651 22355 15338 19970 23529 20420 22373 11784 31681 29783 22463 16418 31698 13812 15217 27970 4245 11709 16491 7103 31696 27968 20341 21616 9049 3660 20401 6242 13508 4230 21904 17937 9384 13704 31353 20406 27247 14799 28327 7990 8553 6718 24818 17060 21252 30063 13398 9662 9504 16530 6865 31138 31928 19655 12371 5432 2390 5005 12554 374 4339 9322 9824 29144 29513 20347 2300 30822 31140 7983 30366 25163 23064 24146 899 395 6044 14596 26575 29325 16009 21054 31182 25228 23061 22235 1157 12079 25431 21231 19122 208 28525 29737 3420 29969 2058 9523 10886 24881 20888 18124 24357 20904 25887 23616 28703 816 28064 23592 27097 4684 820 1931 16964 8870 29103 13729 31430 28846 15365 32235 7020 18229 21949 10960 15266 4331 28361 31026 10851 28023 4238 14212 21709 2700 30397 23168 29174 4265 132 9610 5866 27477 21437 5985 22385 29847 5954 9022 
8337 371 7928 30064 32189 20043 9150 9063 19861 9061 26443 13916 30523 25881 27364 17121 21108 13674 30480 25554 482 30651 7345 2020 9905 24239 15964 20726 18700 11548 31252 23201 12261 16482 2750 21324 24506 11143 24285 23248 19519 2158 2715 23920 9741 570 23345 5947 15683 10724 30876 30599 8231 3681 14120 22103 20023 22492 25291 17333 11461 24366 31905 13094 14873 20729 8518 3916 9304 14146 29064 11731 26826 12131 3263 17393 17775 2809 31605 29255 9119 22807 29406 18007 7450 31166 19965 23100 23987 2845 17583 3476 21080 12878 6605 20178 17142 31029 28924 11340 16767 22487 20788 17695 26929 24568 6895 28379 8276 10068 22545 9964 13697 32507 16710 12132 24717 18280 10006 22587 401 29084 6380 31795 14782 13613 32500 25584 19181 11063 30429 14391 440 31777 2362 5460 30958 1047 20869 16275 19397 18436 23302 13003 29289 24271 3855 25231 16143 2068 3946 5875 18925 20047 31829 5167 3373 7515 19268 32460 16050 11829 2619 12790 21913 30557 31434 25868 21887 25793 14844 17316 26350 11013 23332 30714 4530 1373 18401 23692 23000 2413 20493 10430 29706 21229 21465 16102 9497 23172 16425 26143 2367 19230 22485 29823 28907 29770 22789 16571 
6452 20515 17559 8520 25848 18339 25812 30092 2473 29925 12801 31501 15470 9924 12493 18332 5103 26702 10230 9797 16773 1375 5612 26097 14850 24490 17138 28986 11368 9897 11592 26528 19664 3130 6752 23471 10121 24484 18851 12697 11458 19825 14414 11874 21910 1419 5622 22450 750 21401 8324 9057 23823 32619 10213 8289 21516 42 30670 29141 19835 26824 15477 23408 31455 15193 663 18798 9410 28344 3533 11914 24697 3901 28519 7336 2972 27509 20461 1690 19556 25853 15267 30263 28545 7983 16332 25409 22734 21004 28 20037 20812 25817 21227 1123 11956 17570 9907 18482 1835 28543 8411 33 19398 19186 24881 14470 1192 17553 18619 14339 17430 14379 20668 27242 7851 5630 5274 18699 14609 4565 14418 9310 28667 3389 12949 9958 8251 20643 1764 16677 17955 18813 12301 3642 13346 9407 28935 9584 14907 769 27345 5842 20972 20012 30390 8713 16200 18375 14684 28607 9709 15708 26369 16358 21763 1279 22388 24004 13323 23405 3110 8718 11772 3464 25469 6401 5264 9711 18418 13872 3725 32628 12524 8417 30891 8728 15013 13156 1746 23954 28610 8912 14681 30366 27211 18465 22016 30350 20663 26207 8943 21645 8578 18575 18913 32436 6061 28898 
5135 7943 30446 407 23555 9595 11 28869 22791 20597 12876 22728 6524 1103 24818 30474 32766 12741 11612 11972 23982 3487 14072 31204 3606 23392 4923 16315 10318 23405 15154 30316 2647 13079 13528 10844 7454 10064 25543 11648 31338 28818 8593 24651 3448 14141 31348 17968 10184 27568 24864 30001 21387 8858 16338 22977 2326 25186 7745 10977 13439 23324 20864 7196 6852 18364 2574 1739 3681 29215 6847 20190 31999 26235 30781 28225 9091 8247 21443 21883 31248 3931 13053 25260 31518 8641 19570 2542 20050 19031 8079 1921 4536 6876 28881 29784 13791 25204 28059 6266 24010 17525 18991 13648 18599 9452 20010 1537 5065 22515 14796 9655 15816 13319 19358 18424 19883 6012 17570 32104 26916 11956 20984 14065 14397 7045 24770 19245 5589 8679 6111 32139 10673 2060 3738 31454 5464 6092 31389 9034 1757 883 13436 2413 9164 28791 9745 30409 7674 14299 3721 31284 2612 6782 20103 21571 4379 5767 29905 31942 23854 5966 30138 24499 22694 16793 25186 24135 6466 6485 18596 6658 23767 6200 26377 7599 341 2544 23739 22120 16877 14654 31319 31627 18468 8716 16638 14830 864 3174 13140 14272 13651 23599 11251 28691 30451 7296 22603 19676 
20024 12318 12968 21085 675 19795 26586 7773 2763 23700 14599 26081 12324 31083 19098 21210 13947 18002 18562 11911 7826 16776 1136 1168 5900 30565 19719 11945 836 1139 23908 27982 11386 16953 13463 25805 18586 32162 24783 27347 26067 32754 32478 20913 2547 17830 3476 5282 29471 18384 11434 73 22581 11747 14706 16420 19100 23741 10495 22373 21370 20863 15884 9151 32233 4989 19324 7160 19168 16691 1174 20254 24929 16922 1991 7599 20371 20831 28545 8911 24254 6258 7982 27471 30632 11643 21511 10338 31835 17202 2642 20980 19634 23878 21846 25345 32023 379 14199 10454 20257 23370 32707 4556 16387 31711 4699 19433 3859 23948 556 21711 4145 7090 28570 28295 30110 4511 1759 24647 12981 8425 9196 18313 7839 4755 7934 7106 14651 12206 15172 17317 25092 2556 11980 10966 19846 3146 17871 24845 30039 19242 15861 14675 23222 21967 4145 22739 389 14848 26311 30916 22293 14810 18797 2850 8401 3596 9037 13819 23984 20756 2458 2892 12774 28267 9518 13475 4964 24501 18249 480 31083 17860 20672 18680 11411 20200 31614 7504 17323 12702 15980 18855 31075 17602 23877 2273 10614 18355 21305 24895 25180 9186 31431 17087 18311 13746 14416 25657 
4662 13647 9152 12906 22891 21990 11665 31097 24841 6458 32617 31793 26448 15308 5218 14581 13459 7196 9196 4538 31737 22945 4298 31900 20176 2688 28419 17096 13693 2235 25288 11582 30125 4590 5359 25942 30021 25727 9815 25287 7306 18666 142 25217 31795 1814 24320 22165 5302 311 14897 19078 16641 27072 1142 29965 5363 7475 32018 18245 14012 1189 10527 22099 31551 29136 188 16762 8388 6541 27635 5726 3056 22801 25673 26106 30052 28175 18920 9672 22190 17684 18994 1343 29186 26342 16953 15847 20765 6434 31217 6839 24649 709 31210 9551 10523 997 938 22921 25817 1359 11870 21423 12622 31872 9482 13395 23298 24248 2123 22424 32060 31661 11175 21800 27541 6954 880 29970 30577 15857 4167 7110 16272 27340 9414 1343 3381 17734 17312 514 21847 8603 13447 17226 16429 1429 27017 14699 17136 3928 7559 10584 11344 26352 9991 10613 22443 23821 4701 14735 20818 14119 831 32739 11689 9915 32467 1662 16566 22994 24921 26764 1375 7021 9267 28229 18965 8542 25578 12318 22822 8639 31828 18647 3587 3024 10445 3687 26079 28432 28981 7076 18294 12335 10555 22081 23974 20199 29738 3543 29086 12518 105 6439 16425 14343 2803 32592 
20471 10613 26214 6479 27143 6308 30451 15526 22215 1133 19578 18934 20355 10082 3291 14994 12420 21207 27619 31904 23702 20140 20560 1258 16566 4759 29153 6536 21512 28550 1920 16095 16017 13334 32010 27391 28425 5675 25955 30471 30866 13752 2387 28782 19705 16858 32489 4335 571 17567 30154 17060 4598 22944 30207 22266 25843 14076 24017 13318 11808 14919 2191 30922 14313 2727 17153 15828 15015 12306 23375 21390 12893 16520 3386 24555 21462 30355 6720 10482 25575 26007 26578 8812 7087 4280 26664 11942 360 22449 28740 20301 12271 7691 17123 7704 20360 18817 5006 23104 15583 26930 8125 17139 18177 19934 6049 32178 19613 3735 27484 14376 24306 5347 29511 719 12748 12689 25309 17 28658 29221 11730 4445 1262 5473 22240 28912 9369 27941 17698 11144 6116 11685 14004 5718 18269 10028 6178 14113 26581 7144 12941 31623 1775 23886 18196 31032 1691 27095 6681 4359 20945 13640 16587 32135 29886 918 16607 3286 4119 4490 16765 1090 25784 31666 28062 4893 8585 12577 21125 12292 6185 8804 24815 3462 18499 748 23866 22234 27746 10409 14066 31069 14764 17299 5767 13306 3246 2879 11093 24020 5205 1243 29914 25693 26107 22392 29131 26434 
17728 21541 13279 14850 30820 18233 7831 8000 9290 26859 10818 11354 18906 20829 19679 4697 27787 23151 16032 20986 16062 18052 25592 21171 29092 31554 17990 30564 21351 24457 4648 5532 16930 22457 3418 14710 1797 6526 490 10683 4670 12117 24899 7036 6749 14500 13045 19385 25938 3280 5903 4487 11235 11374 28935 5277 22450 23727 13532 17559 32395 31701 13559 14410 1999 30489 30164 27120 8651 29097 18040 12157 5112 8037 12000 1558 1556 11359 10925 1139 8184 20538 12885 16339 27543 17854 1165 26370 4555 29610 8725 31793 8647 7663 12432 17027 11517 5781 31163 7596 4153 28198 16963 28129 17127 572 12476 950 2784 561 18501 23691 25436 10916 3179 5661 30360 4497 2288 32282 29205 31133 29479 24139 32500 1910 6196 8344 15859 19145 11781 1737 19933 32665 15240 22746 32669 30017 9859 15155 21923 28825 21325 16608 16856 16200 20949 9502 30542 8183 18983 32123 4449 17958 24283 16211 27703 19192 7443 20354 9470 4789 21006 17745 21154 21101 5379 9283 14021 10838 600 31570 27281 27517 4786 2225 20871 21045 31859 30594 1844 17726 17318 16611 12232 10443 11573 7793 16241 32028 17870 9866 10863 3934 2083 15649 16246 16903 15763 2076 
30491 1401 30384 20679 31154 12952 10653 12617 13012 32554 22306 11189 26048 13200 19419 11553 16646 24351 14289 21909 12727 20947 16151 25413 19536 13308 22319 16330 3036 24133 12027 27857 22779 17743 3940 20111 15449 26982 19392 2271 29343 13680 23628 19191 5014 12029 21358 29956 16594 7418 23149 31679 18765 22274 17342 14694 29106 24698 6025 25932 9692 31984 18736 21629 27978 3043 12032 23975 13709 17627 12466 11399 32021 31943 31093 6860 11483 8439 11039 14255 9700 3307 21586 22820 13137 26459 26592 30664 29202 3808 5825 6265 3183 25768 26089 15350 30638 28998 4721 10588 22697 16017 18365 5419 21123 5532 4019 9996 22281 8912 25187 21538 20463 11658 28153 31517 27771 9936 1196 17608 8141 20078 20370 23934 5116 26710 10898 12188 30630 15522 21355 6086 7504 10829 32392 24600 8788 1565 15980 5664 29301 12161 19128 22700 9396 1743 3585 12233 9668 9856 28369 18647 7065 19466 6317 16226 31854 27697 24837 9481 23765 16006 27791 27899 25920 31216 23681 5557 4688 3406 16713 18006 11302 4146 12240 6343 29280 21229 792 32760 13165 20255 26380 4563 7596 4894 21523 15238 18047 10594 8417 23393 6398 28987 32621 23656 24122 11785 28289 353 
7532 23635 7479 21395 20013 20667 2008 2117 9005 5441 31798 11806 29788 8966 10953 13330 8949 17647 24596 25563 26398 1665 4507 25228 29179 14720 19531 22021 13202 28103 25814 28327 24423 2277 25632 21737 4089 28251 26427 3311 14507 26348 6461 11531 22969 4621 8881 19835 22750 10584 30874 31646 3658 30423 27589 27255 17807 20575 9262 16843 7218 29658 24796 1077 17185 31640 6416 16805 18234 17893 816 32677 17995 31013 23150 19360 14451 30333 13432 27534 16593 31596 16811 10517 26476 9242 16864 24833 1256 349 14005 17245 26104 5944 8647 416 5459 2849 3310 10637 4542 482 16472 16387 26331 30432 31359 22925 18263 13414 23432 31969 6807 15929 25136 5288 16271 15040 32122 25750 26307 826 24531 952 20887 4649 10379 26568 6334 13410 25931 8065 29037 26885 7564 2957 16245 7732 18137 22414 22822 20628 15234 8227 3077 21034 15612 19831 21986 5733 4596 31876 9140 9934 4726 10308 30468 26156 26075 22865 10228 9139 11065 21245 30510 8855 27627 17942 30527 21788 20329 19544 21499 16681 18736 3378 27191 4643 17157 8439 4049 19654 14352 29892 30287 4099 10951 6657 9779 22180 7004 4160 14030 27865 10447 28328 6629 24691 2455 2239 
29437 26169 6066 3742 15736 6265 2380 24845 18308 18354 3603 833 15440 23540 22594 26341 31055 24536 6100 32276 7177 11255 11703 4526 31841 18219 27137 2012 31574 61 30338 21888 21967 10856 26268 3112 21996 23295 4064 21365 9534 25290 10788 18389 21872 28287 29927 14445 23183 15400 30826 10112 25844 12369 20512 22094 3566 30455 8398 31547 20065 20095 6906 15953 4989 16213 21464 14429 10870 16115 3779 14449 10698 13223 979 31485 9099 12772 12830 7742 9659 8904 5087 10153 9636 29989 11678 7377 15874 28162 22911 27073 2732 9413 23983 17188 31923 23480 29437 3328 9698 27135 30024 8925 24568 14161 12984 13303 23179 30476 26015 3296 9595 28929 32635 22498 21782 3926 19533 31070 16703 31145 32197 6027 11070 24380 19156 29282 16068 13586 22238 13861 20876 1754 29908 14786 13191 25009 17284 4008 8676 16351 13264 20117 26748 6159 13074 4816 6751 29360 22799 13368 29976 5544 9303 22593 1011 232 20798 9231 30304 30401 22382 23516 19089 31276 12412 9841 27046 23950 13832 4133 17730 16124 474 17997 29701 21840 32469 3480 30456 20542 27909 25571 10540 9452 371 1941 712 25303 21402 17537 26198 25698 14183 13497 20452 9747 495 19207 
15417 32283 17345 10169 21287 229 2323 23275 32206 28787 14326 12140 3778 5775 9675 31813 7507 20487 11927 11677 23112 25402 18002 1226 2390 28424 16334 9561 11799 20301 14654 19233 5841 9417 11035 6236 5518 26869 23710 5139 14943 11799 9943 30951 4625 20282 1579 8815 8778 25771 24212 16007 9170 25137 27744 656 13234 23296 8483 15890 6804 24540 13692 29471 2807 22962 7943 29835 29424 21091 9520 577 28036 32552 25353 21613 27280 3897 20903 8971 20561 18520 19998 4289 11160 11810 10158 25575 2454 25362 16962 28470 19557 1165 2427 26475 6366 10586 11132 18839 16399 25370 23395 4075 28728 9935 14730 8259 18568 7080 26699 22790 4299 20583 1527 16939 26909 11505 14228 26033 3954 937 25616 8859 411 3227 3466 1324 31226 21012 19545 28473 2194 7424 15070 1452 18231 29875 18073 25543 14698 22645 30930 19151 79 138 16371 13666 19596 29195 23163 25886 79 32207 19970 19840 11054 3194 29216 13067 2919 25952 16800 28358 10681 14275 10563 9681 29171 23078 17461 30370 24514 17237 29967 17634 13687 28860 17519 18782 455 28349 21151 298 19411 20311 5512 6971 10723 22301 14435 25411 27354 24462 19731 16127 22842 26062 28980 17160 
27802 22404 5134 4242 32201 20605 15765 31846 23065 5259 19389 19374 30372 14008 14187 19428 9173 7059 5288 25312 26794 11647 10153 32060 4724 18354 3654 3054 25801 30705 18165 15326 6377 11911 14811 14497 23568 25983 18140 1317 28404 22831 15918 21831 2958 23312 30354 10142 9259 28637 7970 22611 3971 20316 3322 23820 6290 24441 3989 1489 4686 7482 2767 24779 12117 3581 30026 6746 28877 15863 2702 10535 25996 25050 29944 15696 9070 8717 11037 11404 20734 18663 835 19597 25111 21464 22789 27216 21146 27775 8859 2857 5922 29652 31435 6982 5834 3102 17325 18791 11165 11476 14253 7583 30097 4095 10716 3925 8149 1934 18013 16731 21872 8126 6757 6620 20489 19346 5307 3463 4867 21099 3934 24563 12334 18062 26249 2253 22306 32512 25699 9728 18834 13694 12978 19412 31803 13878 31987 12094 11947 5942 15199 13504 11196 24361 14239 29177 28206 23927 32166 4671 6453 29079 29827 3192 30511 23556 22680 16933 3291 21558 4285 29836 13294 26156 1569 10165 22791 14219 14407 25145 18154 17979 25788 2286 17702 22350 19995 28664 27320 31991 14828 23932 15640 15020 18579 11743 28603 7379 12734 23662 24307 3875 18133 25217 5503 1184 7226 12215 
13745 5572 20629 5928 32356 31621 26856 17296 15228 15511 1664 22774 5191 26288 32449 6969 7296 1634 5717 19183 18433 10171 28836 32543 5645 19780 11838 5432 26120 32153 29555 27632 21837 24543 13284 32672 5336 16065 2433 9460 19548 27755 14950 3093 1809 6424 5108 30819 27618 496 13130 29298 26795 20410 6859 15231 28851 27813 2494 30388 31612 6756 2219 4463 19853 29490 16687 6804 2852 29172 23969 16751 19844 22724 4395 24775 27313 10896 11231 9859 18459 18446 5702 17710 18434 32383 18115 21930 11026 19858 9812 13653 10115 7635 2618 28306 14021 12473 18462 23840 9724 14266 21292 13747 22569 21280 28621 12530 12260 8378 20497 30753 26970 10188 30849 29180 6851 8270 26604 23561 12377 31878 16974 25183 24135 14095 26678 16022 20215 13759 30292 10954 19387 30772 16743 18252 29845 19238 20674 30762 4199 9546 30228 16241 17561 9519 22392 13731 9554 30269 22354 11734 2787 11390 10038 31520 5670 26918 15662 10248 32686 20254 12863 30036 31793 23937 22438 8401 32061 26890 26789 8650 16552 23186 29636 14005 1653 28072 15124 9039 15703 15694 22324 19372 9191 21961 13443 30481 15421 19291 2069 26260 26171 32155 18811 12761 4074 10800 14853 27705 
27156 7687 15773 9486 16534 30168 19856 5282 2881 9422 9123 20785 10912 17061 8035 13152 14846 6376 5442 32351 18634 5719 7214 9643 21367 27730 21905 29941 10822 16367 5067 5548 12240 26062 10249 23430 7200 853 4022 9437 20557 31587 15136 26860 26384 22724 24205 24808 14797 27320 2160 15582 19397 5181 24991 21871 26464 2285 3322 8087 8089 20104 3078 25871 13000 18495 7447 31604 5687 7062 29381 12717 19738 30095 10508 21862 16934 29601 22013 17829 18822 24561 16099 30240 11222 12331 2593 4985 242 15997 12328 1720 17944 13949 21582 23968 21164 27154 22834 2574 29 28909 1926 4717 27903 29918 23647 31024 17152 10051 1655 22219 12810 16779 22714 25590 30910 22726 18319 8992 11312 15495 2939 21073 11562 7248 10906 11711 7108 5758 24881 13627 31100 17347 16839 19745 14575 25496 19665 2116 18896 17078 7392 32418 27656 13953 14702 119 28116 31326 582 32262 15943 19731 14638 20809 21984 1418 16242 19108 25786 31823 15516 31647 19715 8273 10694 21110 30085 9461 28015 5952 15679 16814 8676 11244 22371 27171 24768 25769 14543 9905 10816 28938 12311 1946 13489 16325 19528 23267 22689 20494 31764 20678 2351 23289 14286 23949 18258 5875 
7068 19461 14641 30593 5236 6533 2725 21872 7119 28591 25582 27058 12789 27668 5258 4528 12470 948 31919 24375 5429 30002 1962 3756 13923 10276 15650 1859 31357 28661 27923 25057 8747 7429 546 11916 24825 11663 11486 11289 14426 20793 19488 26708 12391 25075 16595 6990 15294 15749 25938 301 15062 32730 31361 12833 7688 578 5232 14526 6045 26325 15442 21078 23799 20224 3292 29611 13079 10123 11668 1401 9392 18461 8601 30539 1268 8543 16285 19461 174 6010 8954 13187 21854 12679 30109 19615 6369 7373 24409 23832 11104 11672 14147 24291 28101 3240 3268 29031 23634 28112 12377 30790 23997 7625 16900 7816 684 563 10217 26877 28307 15085 24376 3155 13689 1529 27982 4732 30615 8781 15371 16904 32660 4563 26199 13054 11739 24347 21736 23410 10902 24033 18481 18497 11246 1540 14908 30796 10821 29193 19446 27612 2198 22874 29104 2392 27564 2449 3757 23364 22722 9821 366 724 29864 27432 81 24614 7491 10342 16338 363 582 3326 13607 32360 11579 5370 12421 24461 25875 31315 9234 2654 20341 28166 21468 26109 29942 27172 21814 7062 29056 31195 27593 29949 17140 27717 7816 7469 5545 22584 24825 12060 8186 9467 11652 30565 
22361 14029 32673 8091 9156 27840 16751 16652 10662 23572 30332 29117 20374 1440 26583 32606 31913 6780 21757 14385 15951 2894 21366 17165 24602 22407 14387 29246 16743 18801 27591 7265 20093 18957 24198 25760 1439 13208 4215 12975 29228 26001 14126 26745 12023 15007 9306 11511 26242 28308 30766 11252 28819 32628 8364 3813 13082 6254 25315 7237 20463 15066 19365 5786 4660 6185 210 12386 9280 10995 30742 19403 23065 22456 1443 15298 32388 11300 14290 16676 19938 26993 2600 21634 13062 5914 23582 4 29816 8122 13579 1397 31183 15635 27299 31856 22260 2751 5973 27246 16233 31441 12709 31756 6234 3143 7524 265 4828 7279 25993 11556 8598 15483 12906 9019 6686 10733 8587 14544 20229 8345 5656 16449 16927 829 32233 4812 3271 21018 5464 3432 18643 1509 9599 9543 26677 23455 4954 30808 11146 30474 10596 23858 2686 18046 24079 30745 28416 3849 25250 1824 17823 25821 9337 2471 25370 30904 24202 15822 3755 27810 28795 30286 16838 8674 19991 31774 30279 7980 15965 2467 22153 25453 27862 9937 17508 17830 21532 9683 20231 18884 28382 31309 16725 17994 11068 27734 26607 9346 29585 17880 16283 22377 3812 21184 1265 9441 6396 30982 
27468 27965 19748 30606 5393 5987 8077 8676 19793 5912 17025 31989 29835 10951 30596 11615 17437 22351 15344 30681 5165 12705 30106 12159 32198 31863 17207 15690 2610 22394 15148 20909 10728 10198 32145 991 23877 6721 25603 9943 21167 7940 4648 22083 22004 5830 3508 29113 17897 8971 7049 32766 15751 29618 26241 15509 24205 27341 10496 12953 10570 29292 16567 3666 9842 30474 9733 27351 30439 30352 29427 2875 32063 18052 26541 28498 3587 22220 10468 10845 19170 14181 29694 18432 15290 31413 8468 32551 459 19674 8313 29240 19057 2411 12125 26351 2798 29176 11730 32127 31426 30223 5397 32235 1510 17089 8874 31106 26766 16561 10537 23520 6671 21556 3906 16455 11620 22765 20233 22694 24861 27706 16649 18535 5568 15342 22719 4767 26088 24240 5230 18369 10425 27070 3328 8435 3881 22472 3735 18789 15114 26186 8304 1475 605 3458 31831 5669 18058 7689 19504 14587 11574 21088 9769 4526 3410 18064 30284 31930 3082 8259 15924 7704 8494 21071 20675 847 9162 15154 2581 4255 26083 9091 14064 15178 3170 11150 10033 8455 7866 9129 18850 22664 22316 13011 1497 12322 20037 5618 25625 18494 3356 26489 27846 3826 18419 22580 2486 18723 
28031 20020 7220 30644 2363 6147 8497 27884 8579 28419 1299 8924 19468 25885 24362 23956 24623 10568 2200 7313 11580 1048 8530 29064 21197 29881 28703 15013 2244 27450 32148 12535 4317 8682 3792 27678 27858 23030 6136 25507 12232 22684 4011 12008 11610 20260 19080 18435 23704 29920 15075 29405 308 11171 6165 11643 5759 8490 20118 25356 2806 28440 8474 21901 13592 24384 31211 3920 6331 744 3172 1734 17794 26524 21343 13202 22800 14623 26652 10108 1351 25964 17483 31856 15982 24204 8390 17373 1534 18547 3743 25276 20318 5703 28824 28035 22296 10569 8674 29089 21802 12999 23665 897 21828 18059 19861 12427 30314 1501 10709 15227 15022 24913 5213 27857 14002 21491 23297 26133 32504 2671 11228 27823 29187 7183 28346 8217 17418 10760 10824 12265 3202 23026 14784 7640 24397 9418 24718 32226 27982 2495 16455 13155 17774 16353 30463 14315 27622 1947 7962 13199 19729 3600 16878 336 27947 28247 21231 30069 1325 27705 22146 20761 11325 21664 15582 22971 12139 27306 32178 7252 3587 24950 12054 27733 31906 4116 24932 10333 11868 19265 32416 5620 19347 1764 14156 18533 24970 2484 25543 18310 2301 21808 21411 24610 12166 20835 26959 1481 
8911 13754 7488 1984 19465 25994 2217 26815 17351 3881 20167 21095 1122 11600 32122 13482 20993 11885 9789 27030 10255 21355 12785 7591 24909 23702 1734 24179 14337 32469 24693 25883 11553 9389 13976 12305 21043 8693 17902 9794 10570 20014 16956 1774 342 29329 30057 17870 31213 28026 25678 21358 10083 7634 4625 3060 7747 29994 13463 4172 2466 31752 23072 15812 4838 18293 19727 9541 25999 22263 3648 22691 5373 17906 9067 26179 4777 31494 7796 19023 2047 24442 12918 21072 18282 16623 14477 19261 19638 27306 25375 7929 17512 25578 14932 741 24831 25141 15206 30299 28929 30900 946 632 26952 32308 31252 4384 27091 32358 18417 27887 25374 19897 14129 12541 16826 30120 6870 3785 8695 19615 19318 7019 30795 8402 22437 21208 1223 15209 13541 21794 3262 3628 31839 24682 16928 23263 30800 23709 2866 11939 4191 10653 2895 5014 9459 28680 7813 29263 28341 6230 7241 15137 3136 7854 3843 32063 21371 1627 15141 15911 31430 26135 14613 10363 1511 10642 7789 30218 19101 23920 10476 9227 28471 17024 23264 27597 9464 6354 1958 2262 27259 8147 25048 4204 28471 4272 4861 1234 20670 18695 27362 28920 8146 1977 32264 20265 32600 4080 
24169 8573 22200 15380 16146 17829 13830 3108 27884 11477 658 6642 30765 1680 2136 28783 30816 10597 29754 32056 247 15753 23127 30382 18012 13797 16523 5870 1463 10573 30378 15859 20691 21913 26306 25374 14018 5358 22 5378 17061 22050 19715 28628 32143 18582 17742 13601 30521 8062 4466 20416 31141 25506 9160 25418 23524 5608 28517 203 26447 2073 18455 17307 27991 15831 24434 15920 29760 10076 3477 7485 9221 14334 330 20279 14542 5000 11079 28221 20516 31728 25637 3845 21000 16880 12915 10265 27221 16259 5762 29720 22199 5962 24454 28456 19100 19659 25780 25447 17811 11196 10605 19131 8172 20723 5528 24151 14158 9895 23568 10020 19443 26029 25657 8550 30242 12107 25499 3288 7730 17075 3373 18610 20764 22434 16143 435 26164 7161 31255 30488 13495 24573 24075 9664 27102 30364 13587 21264 29587 27301 25184 16502 29226 11039 13881 12274 24848 24600 14844 27065 17083 28833 14650 30045 5884 25904 11124 20948 10868 8940 30861 2843 10081 1652 10265 22631 15456 15292 16502 16160 29490 29642 4112 17064 5815 3808 24929 28681 32498 31495 4084 1366 30777 15917 8848 11973 30340 31356 14191 28322 26049 2281 3982 31765 784 16257 9419 29457 
2548 14180 3346 6584 21924 9976 27910 5338 16556 10969 17748 17260 4912 1368 2598 9231 4042 23379 15108 18769 16765 28341 6856 29748 11943 22433 23106 16152 26519 8397 3908 12676 15094 20747 5097 3568 16229 15937 24838 29853 6626 15824 935 28373 31848 22714 29741 15194 14726 31286 87 31071 1111 15137 22125 28024 18862 24901 15665 684 28442 23651 20703 5890 10798 29957 25249 10261 28921 23764 5994 14554 3411 16401 19844 32682 9734 17209 8601 32708 4719 30121 19639 22455 10111 20387 27477 24750 20123 22404 10443 21363 2889 10993 10067 23354 19131 1986 29027 1660 15680 1213 21174 12940 3782 4285 19261 11165 23099 6325 18100 24493 8775 7286 25103 22114 13305 29119 15400 7777 28895 15486 21021 2084 26052 11498 20279 17483 25537 2196 31886 4832 14342 18198 2998 25224 24984 2613 32371 4305 22768 7917 6724 15318 643 29543 26324 4422 2429 3955 17799 31284 19763 9020 620 1286 25400 30222 22277 22347 21911 15042 16180 23369 14251 6634 2414 9459 26096 4515 6794 32412 8222 29319 57 14665 18672 682 18050 31044 31855 23604 25604 6297 4286 21022 22931 19095 19344 14935 15082 31013 15264 20411 27464 29118 17878 1420 18869 24249 
4154 14337 28696 29167 17084 6141 29513 11528 3086 28741 14559 7817 17764 9846 18434 24253 1872 3568 18457 12318 21957 25945 7350 13540 9454 16252 2081 28395 30296 30047 30445 3174 2444 31110 8723 16424 30727 18771 10978 19910 22053 3323 11232 30850 32480 12788 14429 23255 1816 4476 32758 17216 5603 12841 25349 1627 18960 3806 20618 4082 32504 1254 7300 29895 2282 17399 22776 9930 31660 32356 21084 9720 7078 4066 1789 19980 8007 6730 11380 4060 16487 20998 17752 32526 14158 2751 10028 10011 25633 18150 24392 22170 5397 8924 31171 31428 5609 2747 20414 25072 11236 23833 32053 25229 17362 4861 26796 4596 22121 24918 25696 11673 18925 13444 13207 7882 27774 617 29908 9785 10586 11565 3152 8489 19622 27744 18675 23287 27115 3056 5660 945 9093 23097 6195 133 29268 1243 3195 7961 2291 21591 5779 31769 32259 80 29468 14484 2745 29701 18308 23540 32593 32149 11014 15899 20885 18924 11786 6511 23245 12819 16332 14831 10698 13310 21344 730 35 28523 7024 9363 30609 16769 32734 22998 3643 2592 687 30552 22017 20294 13287 306 9761 5382 26219 32099 23836 18160 10823 21298 382 29866 23523 7897 31910 12419 19415 20635 
6431 28755 2302 15498 3426 3949 8924 515 3541 9512 11989 21329 10370 588 11899 5988 21507 166 2765 25731 16989 7731 28868 13794 26396 29195 26908 22544 1120 3430 334 18690 30103 28008 4530 8535 433 11038 7505 30357 20004 23542 17814 3982 28128 7672 19455 21342 19698 20219 15958 16612 14925 30004 28679 28469 21179 11652 6423 8354 26381 13089 25029 16372 21362 20484 30155 6271 31026 30776 22143 5196 7011 22456 24993 18463 4547 4466 21907 16542 4098 2528 6564 6840 24450 9806 29215 6499 65 24976 24324 7139 7903 12726 16633 6450 5827 31138 23392 24016 11436 6068 32049 14198 12651 2125 28799 21861 1095 20018 1481 17882 5012 32196 28033 25137 3617 21557 20197 21932 24230 24364 20863 28859 16292 18339 424 15711 25523 16133 31578 5092 15088 14639 11029 24265 14904 22505 3430 11365 867 7725 27913 31423 4806 3453 16973 16192 1058 20730 23204 16889 7294 12517 11820 14776 7871 6398 12262 6050 25096 2693 10484 27471 28120 25059 28889 8179 10400 7279 7303 27009 32554 30365 20502 22534 190 24859 630 1471 6171 21083 931 14044 19786 10837 31828 28792 23235 26654 13667 5475 12771 25642 13383 9933 22710 23190 22586 17224 
28182 16440 8041 16224 6238 32473 25755 29679 3344 23053 31607 14206 23636 14112 6696 28155 2449 4912 5181 10872 1221 4084 9925 12796 27249 29891 25563 3733 32439 2803 28863 21733 31005 20225 28011 26141 3720 29308 27597 2410 17747 907 19365 13409 30502 4952 11545 26443 4419 29786 26685 17737 17978 8402 27605 7849 18525 7873 19265 6721 28150 15934 31141 31903 8039 10592 22200 30125 5492 7376 10580 10828 32200 10266 23033 14432 8961 23448 12478 17613 12592 29691 29645 12484 8706 13287 13624 5911 29269 26622 7418 18053 23983 15860 14752 17964 10935 10846 250 14330 29024 31458 11802 5209 3119 18379 5573 3454 31310 12173 16850 22752 8415 24789 26498 31960 8575 7783 11589 18561 13996 9805 11861 22479 16281 24007 1760 21934 24737 11992 18359 25677 16402 30750 4080 18463 24839 30762 9640 9194 16072 7992 32567 20128 24299 31364 18436 12472 10538 24321 4450 27189 18326 9563 29809 31183 27793 18922 27380 13904 28312 25665 25590 27418 14439 17297 4962 11345 2609 3973 30680 27839 17341 13169 30336 16055 5642 10531 27833 32559 4028 25326 9883 5679 22495 10871 31445 4623 31270 15721 9243 4861 21811 12891 7325 7997 14022 17863 18101 11726 
25418 14713 1916 11653 25714 14949 19908 8081 9961 5895 18557 5726 2208 21881 17102 11300 17055 31360 9752 16733 25973 22559 21855 11088 30744 17072 24450 8274 30931 17985 13289 21056 26401 2091 4628 32456 22438 13729 27584 17469 29802 4197 7883 22700 30647 12043 22922 3810 1311 17390 27728 10635 22845 32556 6157 5673 31445 1439 27221 21117 410 8671 1733 17364 1981 25413 17455 6147 14443 4281 23876 23262 22774 4082 14126 3548 22501 9967 12034 14224 31199 15291 10008 26779 24044 20202 26963 9845 20561 11517 29956 11955 23505 18435 5585 13897 15545 2185 24872 28273 15358 4371 12828 8794 25950 14091 24604 19704 20773 20493 18260 14200 7277 6505 22462 6922 10830 1710 1060 10050 26393 9337 24655 16478 15031 5157 21382 6826 2702 13700 8180 30648 27474 30371 19048 20187 5813 29861 15548 6722 31568 14071 384 31739 22710 26189 1722 5135 5551 2807 30317 16685 17755 31619 7309 5103 29919 24121 17941 26232 28218 8205 6482 13982 23302 672 31652 1668 12478 19385 12249 30353 28075 19666 30356 11079 19049 12575 14860 5571 8807 16411 28188 9851 9149 24876 14929 11988 11953 5916 22247 22308 20771 12203 24125 783 29392 14692 21613 7108 
5635 2691 24587 10273 13110 1426 121 7497 29383 24217 8889 22209 20634 22306 5533 8709 18927 19522 1608 32741 19456 21064 21408 8612 2864 829 3636 7803 27542 4931 23215 28473 31811 31311 24657 15941 27531 26043 15162 30278 13330 27037 29439 17549 15678 22029 746 1234 17577 2458 31799 16289 30782 813 122 18502 26857 23680 25110 27783 4566 468 27028 1397 13631 2723 3266 31212 4911 12582 9756 20786 4820 14028 17911 32318 30536 29492 32136 21099 16764 2850 29225 23652 29812 16086 26935 7192 32289 1984 9929 30318 638 5882 15389 12899 14773 19695 32413 14654 31708 5086 31110 8570 9806 4932 8014 14689 29455 5850 9058 27591 513 25236 16040 8473 20977 8031 21029 30356 26022 16822 11697 18465 26753 7531 24283 12014 10922 6772 16255 18408 7651 432 25713 26459 12677 19094 3251 6118 2976 3444 17093 29037 15269 26863 24301 26093 32602 16961 29210 11151 24985 22010 28353 11204 13076 17817 2506 19849 22929 13555 5543 14860 27883 17135 25421 1553 16065 5032 5347 17639 25791 22924 21796 25279 12089 7389 12860 9893 11985 25297 31910 5991 11444 29681 21379 14830 26348 32414 19860 9802 24349 24780 21553 23510 18300 28177 176 29616 
23782 4042 26268 28735 22232 29916 12796 29806 18323 12261 19776 15451 12403 332 6528 6697 17516 30805 17812 9630 23510 29245 32260 13922 17713 3022 20106 13309 22583 28573 31800 3444 5285 4564 16955 25429 11030 11987 4851 21209 31666 15464 8119 7381 6722 26130 2751 3089 14426 32593 25390 32222 31593 6569 24601 12807 12686 1003 21775 5995 25080 19531 30163 1650 2125 8445 8954 22811 22821 7002 19889 25795 18734 10954 30983 1604 3845 28834 13690 8191 5268 17200 9101 1978 13338 3688 24753 17104 29660 9770 31446 4683 6143 31035 15824 19363 13882 27565 10556 1887 14161 24176 28458 10788 22507 15630 1958 30168 20193 19082 779 4025 13188 23234 22518 24019 25885 24869 18873 1788 21237 31150 24033 24274 28587 16210 5055 6911 9950 28649 7293 11927 6853 26382 19469 7634 7496 27233 18771 18950 27227 15083 6793 21799 1636 10707 9108 29168 31727 5728 19623 7036 9191 23302 7098 18259 31372 19998 25707 9562 12208 4688 1211 27056 4960 26757 25133 20477 9973 24490 21484 24360 30002 27348 23407 7072 5195 6284 16753 23599 23246 29617 14192 7665 2848 4569 24756 22929 13647 31542 23340 17175 13120 2212 23782 15913 6438 10526 11878 12785 
22677 13592 22866 12773 2291 24556 25991 9056 16394 5319 29391 29929 17003 16143 17163 1372 9112 1350 7206 15857 13464 27321 6555 18159 20753 12371 7466 24740 29947 17812 14618 26157 29486 32656 24437 8815 15785 13665 4434 23324 4455 12380 8590 31486 27904 14295 21332 3727 23652 28987 17868 7734 14945 22121 2563 10677 13343 27430 28398 10586 10462 12656 18988 26232 9332 8646 25723 11094 3705 13356 10438 15491 17666 5780 2735 21830 1180 23498 8159 17993 21495 26693 3973 21604 10795 28100 22243 27342 165 10991 20306 23924 4792 28472 12964 28008 32396 21772 2255 8685 20934 9971 9717 14596 27334 22954 17822 6679 29400 954 8576 9342 18742 6640 15242 2577 12149 11989 21508 3196 22153 6271 29474 11742 12974 19897 23736 26810 1284 12572 32237 32077 4473 24652 20728 24229 26941 22493 27957 9077 29467 21075 10170 199 30015 29375 18837 24358 15623 13790 2119 16419 15995 4792 6840 11103 12065 23983 760 2234 1845 24117 31969 11758 22142 19367 28867 26780 2259 2805 23931 18250 3984 30281 11805 19158 5971 16862 23612 15065 6691 4133 24608 26699 27453 11596 6080 14285 29403 13691 24322 28790 32668 10083 25642 6794 28008 7360 10355 8399 
11769 12243 15134 19646 14199 1615 18167 14349 1730 22145 14664 18748 14525 16597 28693 11541 29452 20977 17875 26809 2492 26289 12929 9124 31348 27173 8758 20999 23437 8017 7185 22665 27222 28307 4867 12857 18682 25077 8164 31030 27718 25837 15917 27339 21436 17916 21745 25791 26549 12067 25559 17529 17246 6659 22325 9400 6950 31246 11861 16632 31829 12863 3258 3518 21926 23205 4116 32460 10286 7110 25829 25863 13979 17804 10417 25510 19598 26729 6843 25017 16797 1606 29437 27741 25395 22871 2418 5070 13897 14990 27048 24244 23179 7503 14854 29812 14599 27738 15714 3930 4849 7388 26116 24370 29049 23808 13330 6154 8839 3312 20203 2529 28416 10940 23011 25176 1002 22735 31608 31035 16373 16311 19215 25561 19537 11276 21379 10973 20340 15709 12271 4405 10102 16592 24795 18765 15499 6966 10379 12098 9683 9418 18766 28962 3272 27172 22782 19143 22496 30156 20794 1314 11565 2281 20060 25536 7976 19369 25971 3350 2358 29491 23087 13693 20164 1752 30469 4038 23270 3802 22813 29677 30787 9045 29069 18945 9435 2852 6116 28203 11615 2685 13502 4749 16014 14374 29373 30206 3104 27818 28325 7810 866 21957 25454 19482 4688 16329 12325 22429 
23942 31933 27116 23603 25352 2566 24942 22601 16001 29368 14539 26437 32443 7041 9920 6542 19161 20601 11357 2962 29035 14485 7350 11837 17613 2899 3640 4981 3439 1170 2077 417 5573 28804 19153 10445 28116 2500 25642 406 22097 3044 14490 20483 5927 17162 7300 2873 5105 25289 24689 20415 19403 6255 2312 28831 9354 10653 5488 2426 18482 31000 29093 6534 4483 2356 14801 28211 8211 3613 11629 28110 29475 32661 14515 27202 13803 28728 7987 30415 3149 7898 29105 28444 26169 11801 17742 2905 27800 19082 5704 549 6829 10381 15817 2766 10467 22930 28990 12544 26962 24614 6444 29444 12413 20353 19126 6621 3208 20246 24150 27865 4343 16984 2314 2283 29838 16141 30158 21129 16397 29175 6404 19727 11009 13498 30931 14193 8020 19356 15358 12687 30171 3651 13825 17467 26471 16205 14277 6216 8984 24517 16682 27197 28529 26656 15917 28469 28700 6122 11747 5313 3929 1296 31485 19308 17149 6959 28002 4339 7063 4132 5412 19887 18919 18042 6340 9429 8394 28749 1671 9414 2271 18645 7794 30459 28921 10187 9069 28048 27523 3995 9113 29572 27332 20575 21984 13009 20694 30484 24200 25351 12978 18739 16110 19926 28992 8921 2742 17404 
30476 25308 2243 8727 13352 924 26579 7684 1416 25388 4538 3425 199 15296 9786 1325 21481 7254 7035 4921 9921 24749 27047 19295 32266 523 22253 15841 24120 8387 4933 25208 8712 5699 1335 23112 5586 9605 7655 11698 16913 8114 30655 6642 32721 32232 11131 19144 3923 13359 27127 19186 13608 24277 27843 29163 29430 25217 15903 2693 2400 8642 25631 18178 27116 21392 9182 5516 32632 12514 19691 22199 30503 26257 20685 19651 10718 9045 6208 8049 10505 2290 2569 29085 373 1001 15469 10350 19849 1560 30454 12615 4831 29928 6570 18963 19324 1255 9621 21010 28669 22812 32214 24347 28925 14600 9586 6254 12934 17930 2607 4765 8171 16986 4852 11723 5006 5734 1353 20762 11506 11443 9187 7253 25380 24174 18092 18993 1941 30856 17243 333 29290 9939 11282 18407 13406 28875 25875 21004 2117 14443 25048 5470 6365 32568 7998 5890 26096 14130 14868 13479 29057 11922 27829 27762 8737 1083 7754 30360 9188 17459 32440 4973 22315 29191 21961 18447 22595 21416 10925 17376 8867 15147 8814 17676 6512 570 21932 16031 26330 21101 10615 28194 23057 32766 28897 27406 3863 18760 24606 27870 18639 11834 7096 16233 13443 24923 17559 9966 
12534 18231 8888 1892 28392 4158 25629 11334 32573 7218 4081 14290 15542 24412 7088 5957 12338 20311 18177 32409 26309 19126 19465 20776 16847 25583 909 32119 15255 29046 7676 28567 7064 9976 29555 30059 5850 16726 773 19016 11891 4075 5138 18126 24057 2590 31258 3174 25814 12188 28002 1 25256 20649 31068 22958 6117 29622 14289 19520 15429 13020 5775 12212 29927 14058 11468 10202 28636 3152 20975 21638 3785 1857 3338 2225 28124 13517 7181 30016 4078 14450 22421 8137 18633 28820 2730 24017 9468 11421 15953 2277 658 26804 29372 22196 3798 5479 20754 25109 2137 5767 14836 9738 9210 25428 3521 31532 5426 25936 27547 14154 30431 12239 30458 18650 9950 12771 24559 5710 5755 13 7475 14235 24126 17029 25018 27099 3704 6051 28945 15615 13452 18095 26652 17141 9335 2142 29385 4222 13088 29241 31774 17332 25206 25363 24837 6157 12235 5076 13920 24363 24876 5694 29961 28950 16882 26214 14852 8496 3585 13838 31527 27179 20534 10582 12302 27530 21059 31494 14626 12139 12890 9989 13348 25285 22784 7201 9782 21022 8277 1980 15604 26242 15541 6874 31901 1006 2116 24520 27674 8131 32535 27124 6349 30427 21342 24145 13679 26977 
5897 11550 5563 26992 8701 5067 22921 18296 3665 31577 24624 2443 16916 3507 11238 27810 10472 25140 1423 8182 22779 17248 6137 28855 19478 10611 23572 12245 14856 20528 13429 20399 13853 18295 22399 405 27596 17034 11626 18989 2897 32346 25279 32748 4927 22494 28615 31938 9460 29074 31207 18686 27224 24281 24044 18809 1672 4372 23126 29249 27506 6946 18746 24089 20800 9470 4070 17958 14974 7743 7912 19074 5359 16947 497 501 30259 31803 27024 9107 23182 10502 13876 26623 14336 26595 8697 8765 4254 28022 10907 14585 23587 3382 2066 32673 23296 13264 25398 5911 27484 25829 13827 9961 17752 15270 3573 17491 28785 22383 22798 22990 3521 24772 15066 26857 11751 7917 25715 2224 22026 18179 4860 9136 1056 27103 10898 24515 31025 6488 28926 30026 10029 11718 17833 25225 4436 10291 30412 22117 7041 9063 7411 14984 17718 20883 7063 12546 28094 28970 6513 5670 5172 26557 1976 29711 7334 22482 9176 17862 31748 30097 801 23133 28071 9718 10279 30080 15995 16176 32595 17583 13890 16509 8233 17324 12741 22523 3576 15189 838 5407 3002 32318 25983 26008 9487 11289 8774 1265 19245 31327 29855 23059 32686 21014 14002 16835 9785 12993 
13653 5227 16160 25409 24477 5364 23377 4826 5451 30239 4717 23152 31606 4737 28071 3702 12954 6029 7693 29457 24776 31972 19680 13462 14094 10562 14341 22125 25545 13409 14360 28829 12339 22099 25205 18015 23454 17600 21284 5177 17327 10594 20949 26313 17667 5124 7693 30597 19700 6068 22368 10206 7383 25986 10590 2154 25199 24668 26678 27004 22180 24094 18443 6114 24394 14793 2799 11645 18761 14521 26278 381 27334 31765 20594 8055 803 526 21335 19716 27570 14261 402 14596 5113 32226 272 25036 29107 26871 5987 7810 28507 28108 20907 31349 19061 29460 10347 19767 1987 15841 2720 26814 25437 11656 3224 21218 16114 14011 12840 30753 4154 18506 22547 7320 26707 4964 28413 29958 3856 5098 6846 829 23639 23484 10259 30769 461 18448 25254 7872 6491 18481 8864 22611 12171 14622 6636 26542 2184 19361 25009 28190 29257 20972 10730 16260 26189 22290 24214 8024 2652 16214 7669 6102 6137 2008 3109 15518 11104 22972 15819 11423 14373 27637 7832 16849 24500 29171 10299 31385 2602 32106 21778 31737 12934 19617 28233 25627 643 3654 30091 29631 27850 18659 27224 29825 29910 16387 18285 29735 23992 28337 27867 1362 20383 7913 388 23544 
24960 3541 11217 16622 12026 10059 9493 1576 10818 10719 6620 5492 12280 24619 20238 31764 796 32534 11139 17381 8864 14330 18849 17116 6657 16864 28186 15509 31586 28223 10895 707 9046 28664 9301 20464 31318 9179 7046 16675 6799 1739 11087 30253 29172 19570 14190 15018 15008 13598 28973 22813 28154 8840 6455 25676 30061 23758 4071 8367 13021 6528 21643 6648 12849 19636 26385 25509 4484 19192 16025 6551 27187 15042 19721 4221 20823 10634 11125 7222 26377 12602 29076 2958 27464 14336 24179 17196 24062 20209 32395 12170 2664 1290 11182 24851 7766 25619 16750 625 13974 7997 25544 11231 30255 11430 15711 24783 19618 24227 25018 16942 11069 15137 21543 6664 26232 10375 17965 17244 2076 7105 22353 8122 8721 3819 2725 22007 698 10458 5810 1010 31474 28425 32238 11007 6173 18800 32451 22864 15327 20952 30163 18829 5304 17862 20390 21221 13001 28084 25642 10265 30200 6310 2047 2518 19693 14850 28075 28080 14402 18741 909 20578 3675 2252 13258 22514 16224 30975 25610 23193 10338 23141 17821 3989 2819 26329 4810 14208 7134 16567 22657 341 14756 13207 25860 19306 16160 11556 2634 15091 27297 20669 22359 31106 27504 14908 24671 21550 
29792 12677 1809 10621 17570 29697 23596 30983 14554 13709 13242 1759 7150 19538 24711 24751 14840 26238 20428 6221 80 14237 28977 10722 30727 22680 31575 24421 5308 32454 7305 31752 497 29134 68 10830 0 15268 22356 7267 14376 2388 17093 11551 12833 7066 19310 7882 21990 4926 9814 19765 16153 9192 24527 18318 17029 32265 6442 12689 24695 10884 1548 29409 26816 5006 12912 24353 23165 14555 22655 13796 9846 20618 11069 25585 19783 16088 5305 17993 25698 4946 15953 10490 13728 13315 10406 28787 30972 822 29357 9167 23753 16757 27684 29210 24401 27968 12583 9577 21615 4217 27643 1860 20414 969 2836 10504 4102 16556 17234 15529 28343 29231 19054 13973 31663 7353 31606 22042 26420 29344 4507 4042 4471 29656 24877 10861 15459 18229 21355 15010 28703 19110 8595 16362 31074 31679 23371 3930 25820 21791 19424 21028 529 15937 11978 12972 14877 27577 9439 22591 9318 1835 25980 18230 28697 27791 3660 27324 22347 26807 19598 25751 8636 27276 10423 13951 6014 15504 13595 11853 6022 31929 14456 22631 19384 2264 31566 27601 21692 181 13503 21778 12450 10876 27836 6700 15380 25419 15170 26405 28814 10847 23504 1419 21715 17257 15876 7711 
5098 23188 16763 5098 31188 7377 13986 6370 11358 20764 527 17681 23562 19549 21751 5160 23790 3120 3795 2158 8090 6390 8571 8095 476 19657 10696 25305 3359 1617 15977 13299 30408 4532 10415 3278 23314 28105 18550 27091 6349 13721 22374 31860 18729 4463 24096 10944 21513 12082 25569 13850 12087 23054 13257 30700 14673 26083 15751 14483 18222 18154 32007 13490 13641 5664 1984 4707 1812 26026 2546 32470 17106 21819 28626 6148 13874 6467 26789 25363 13523 21064 20800 1160 4627 4914 28307 26439 12891 29428 7999 30915 17607 27532 14690 27638 661 16257 29496 11950 3114 22472 23396 16914 31170 18877 7294 6656 11023 29638 21011 19995 20630 27232 21336 2740 32029 4012 28620 8365 9676 15226 30353 19324 23444 1241 5008 14959 30599 1995 14436 17872 28660 23650 23696 10708 26932 11511 30544 14877 24476 18848 16965 5718 14540 12414 22749 18261 18161 10123 8323 725 31238 9011 284 32273 28991 6112 3902 22658 28759 26183 31587 31044 24750 27828 4042 30054 13954 17942 1513 4337 12201 4242 747 22493 7421 9010 24337 12298 15019 319 17565 4023 16408 28943 11203 23578 21966 29682 3143 14741 24765 7940 22710 13807 9734 17659 27080 634 
6900 14101 13653 16000 27613 32019 6637 8135 30592 2589 23368 29043 1629 24467 6439 20564 7715 13924 22538 9968 24983 9751 15357 2366 16604 8446 20511 16754 8962 25780 9072 22638 32748 17588 24 31151 31512 19641 1954 3097 16741 27574 25701 13491 10933 21173 8449 26102 24062 32453 480 2975 648 26233 2143 20786 25523 24636 23612 3772 7489 6547 3849 23857 9854 16925 18110 16313 22410 24317 19398 424 9109 16361 25913 29404 12327 28293 17944 1312 28597 13614 10010 29924 5419 23356 2857 11529 7851 8426 24542 31421 32619 7583 17776 14522 4453 13049 6073 14637 32541 7839 28155 16097 29430 13610 24632 26727 27676 29966 29635 27296 1439 1400 21641 26574 21937 28869 5059 23406 19184 13255 4887 13999 24574 23951 18753 14131 17029 3873 8371 32725 2138 9882 17265 27041 1339 8932 20323 8282 28182 30794 20145 28008 6844 32632 26573 21766 5413 20613 25608 11407 362 5934 26671 23702 18468 10303 1658 13759 29793 7533 4080 12910 26394 13478 29211 25294 26973 12720 11645 5849 12796 31682 31284 23662 20358 780 144 29040 4201 4641 12690 19204 22527 23104 24059 25594 16155 17750 8247 4571 4497 1419 1767 11079 18615 15642 30006 8985 
32622 11002 31795 8928 16561 8282 5965 29171 10109 10141 6743 12750 2439 20511 15288 16069 14289 3599 31524 15148 27223 22985 8647 26771 17449 18075 9553 627 11081 31487 23387 20165 4701 3280 2640 1926 17840 18222 31670 2928 16063 30497 2124 21710 17628 2644 14226 96 25863 12869 32651 28038 23221 104 18206 3437 2157 31879 29886 5527 27061 21860 15205 6449 9886 18053 13785 25631 30571 8228 13568 10677 2771 32332 21541 5890 29083 29253 24811 8954 32414 26956 20756 30590 30446 25637 15061 14619 3488 20459 18267 2234 5619 14685 26994 3354 2732 194 6143 25578 11033 22752 14073 16629 2226 5518 8614 15776 2523 2699 18965 19791 1522 6025 10185 14230 31687 29727 17828 3282 30947 24213 4002 2309 19976 16976 20738 21601 15004 1172 2016 3286 7841 1161 16217 28941 21225 3380 30485 17860 14732 24785 9794 5473 1735 12435 26710 20424 6462 3675 24499 12485 14719 29725 6903 5206 25043 3707 8684 23491 11231 10735 23551 12383 14944 28711 16771 223 19036 25798 3219 23788 21351 14689 14821 31704 19989 10615 25909 25468 17309 25198 25847 23571 10784 21129 18344 24028 3010 18724 23526 5577 19670 19174 25100 3790 26741 21553 27020 21481 
24851 22412 27921 9583 26110 21255 28587 29649 21059 3878 6967 27447 23087 28105 21138 14045 10496 8030 26969 23895 4273 25704 12105 12660 27325 30399 13011 22912 21245 5191 1454 11927 10112 13026 3942 10137 22504 25985 16049 5421 30624 30797 16635 7507 32380 27814 9707 5620 30344 24350 204 22433 3135 14205 8540 463 24188 18559 20973 27862 271 28163 6973 14098 14760 18831 30220 3312 5210 9768 3110 9440 3877 22759 28672 21225 11213 30057 5715 12314 11640 18033 18241 24077 15097 19526 10387 12611 28423 27374 16540 20352 18204 30410 25916 7668 26090 20720 5165 23265 31771 1997 16745 11185 18456 13015 14696 17465 20504 29528 31377 19459 24142 20516 28353 3907 15598 89 24846 26365 19198 14703 20921 8332 19718 18786 32516 4712 19195 16902 26121 23413 12957 479 29703 7455 31694 7718 5577 20112 26634 19322 15326 5195 4387 14717 15134 30362 5248 30359 7645 13353 25301 18212 29320 15907 9874 13774 23139 28992 8085 21809 15046 23408 30109 20141 9651 24066 5251 25301 22167 3852 27030 884 29861 15957 17583 10112 9607 23910 25259 31351 13526 1910 18203 31228 17887 30063 11865 26995 8062 12681 24488 31944 4590 27746 13837 19682 21601 551 
15928 16884 20545 16203 29246 23929 7470 13008 13510 3210 152 7831 23343 31771 6541 19019 8258 18973 22247 3330 9250 26617 15845 8510 19854 9506 25260 6746 21043 15038 9592 9117 15673 22615 9396 6729 6191 23920 12344 26680 14212 22348 28619 19201 31913 12226 26520 16179 14491 12660 19021 13667 17322 31027 19419 4199 9145 24119 26216 11298 11570 23297 25943 16208 10853 32248 3580 12278 17143 29426 16433 15804 25910 11555 7618 5421 29182 1118 15298 9377 20262 14440 8115 12953 8655 32674 30975 15264 26953 20539 11879 28576 7913 16729 32684 28839 11964 16815 26541 25049 21216 8860 16810 18414 22193 14631 16386 23529 4642 24794 6789 7151 27488 17551 24510 22104 18908 3646 6735 5590 9933 20251 1855 16263 906 23699 247 17211 24127 31540 21842 20150 12336 8321 28805 25806 26595 29439 5784 26572 5025 3446 14863 12274 28231 23469 1975 31155 2462 7607 5921 32247 13366 15689 20228 4941 10238 21790 27865 24508 29103 30191 12759 1595 6160 1022 28938 28099 11663 18108 19403 1009 2608 16228 4938 3774 12137 9243 12701 30508 20767 4114 26542 24902 3686 11977 16147 26134 22425 6361 24763 14579 19132 2318 2684 14422 29637 27432 20533 22391 
2065 31865 2964 28089 7493 8149 7642 12310 4779 21412 26501 19403 13255 25889 28245 8650 9036 6584 4992 7314 15341 27555 21092 16691 14126 8692 23657 4608 28357 25432 30252 17039 16073 18410 3091 29329 6398 30635 6370 4861 22476 4835 10919 26492 6067 11069 23856 16137 32276 28207 24221 31810 12580 4224 32733 4418 9809 15482 20962 28569 23747 13402 18416 20309 18851 3837 5685 29733 2870 18043 28796 19836 30815 26859 24237 5221 28087 1394 11645 4214 3647 24925 1892 23301 29614 3363 19616 18684 25320 9987 24966 30958 11876 29431 720 9713 25746 19714 27209 9972 27049 31769 16682 28138 4218 4314 22814 16719 19201 25875 10799 14448 23439 28435 21086 22550 16372 2307 16908 26862 27568 26094 13728 8573 1741 417 1001 18250 28595 11379 13115 16209 32152 624 2070 15096 19178 16898 17388 7556 19682 21206 31360 20989 7822 4923 15615 27723 14500 24995 12899 1812 21297 4774 19937 319 31350 20511 29514 20607 31149 12549 15550 17525 3621 177 2434 10031 6692 23441 17181 15008 22604 8428 25807 6347 7971 21056 22040 18003 25893 15614 8810 23556 10509 6830 8933 14754 2841 13151 29625 19069 6632 16079 4902 4221 1562 740 5428 3640 
13664 24793 21799 16275 25729 6785 14030 26757 30374 26775 30395 19664 1735 15953 1738 3237 24998 3184 14109 9954 15390 11570 31187 28925 17047 20580 18088 16440 7132 9432 2234 9859 3759 4003 5957 296 23639 32560 19094 12671 23799 26816 1495 24088 11736 16192 20709 12996 27691 20411 19484 11831 3314 26941 30051 22491 18037 6708 23228 32059 17270 12481 30104 1402 6353 17925 5176 15371 415 32047 12692 5335 12749 1639 4302 2087 7028 8870 27667 13642 22173 30504 1248 31231 24556 11514 19104 24252 11178 6062 32098 14834 20344 32352 27363 26933 17887 26274 15688 1861 17751 8885 9716 2674 27796 6685 15022 17613 10623 13000 19204 927 3734 16359 26227 13186 22255 6106 2529 3604 18924 3514 7909 9742 7529 28750 5234 28868 13217 2235 29540 23076 27222 17875 9948 27946 3755 618 10549 18163 8483 26895 31728 21216 23858 24625 6468 12476 4199 1733 9676 16253 20788 19113 16591 12051 9156 26306 24043 6160 13200 15269 10091 9412 8262 31527 1541 23622 7931 9211 25830 31315 14317 2290 28450 7472 27053 28200 7179 27825 24416 6478 2620 8292 29955 13945 1629 22281 12724 13381 14563 29724 31527 1908 9279 11137 27106 12974 16736 11672 
3409 12280 9389 7919 4969 30186 850 21538 16426 28505 29389 2255 3522 19871 11749 31731 28000 22119 340 3754 22718 15339 28769 6207 7172 7922 9681 26420 16602 18325 11900 25588 3630 31789 1932 27065 23680 17001 517 3146 1169 21699 31843 4279 17286 15295 327 25431 23381 17808 12908 17280 15055 2844 12594 12928 21279 2478 19219 5586 18073 11209 19587 4717 9664 23630 14718 26038 13584 22808 25684 16256 21261 4129 15719 9748 5780 10459 14140 26710 432 31104 11742 27965 6674 32692 4343 22791 2298 8470 3409 28909 32052 21364 23967 7158 1682 15478 31176 29285 8315 31521 29714 5627 9388 1469 24574 19224 31119 16322 12323 2388 23474 10123 691 3767 18065 24892 31262 25178 27805 9324 12400 5280 31804 24376 7520 12472 18195 20185 26925 22156 762 3820 1979 31778 13646 17956 32711 11176 6800 8320 24918 9386 15305 19479 25133 16766 6007 20557 18178 697 15208 10800 25846 21105 8832 28749 14109 28594 16171 18539 1889 23770 5674 18674 2041 32120 6272 21317 9504 7427 6471 12361 15176 17530 11271 8495 6264 22746 18311 11270 17692 131 26727 6411 16369 8283 25263 8220 19435 4013 16724 12956 21021 23899 27796 31874 29929 7006 
2488 31438 15816 31714 29435 27035 23554 26437 32099 4392 31907 3113 9367 7743 19877 1390 198 21600 18207 8480 27550 1412 3396 25423 25163 12005 6305 17857 23708 12769 4147 31222 653 12440 5755 29019 21675 12223 19377 11209 30729 31757 27485 7610 11338 8835 14920 29573 30656 19657 2215 22179 24621 15087 26779 31496 8753 19619 2713 14246 4281 24382 14468 28855 29931 12400 8971 3792 20653 18696 13928 26823 14915 1023 27592 32575 26607 14613 9248 29603 30975 23249 21719 14893 22747 6176 31839 1351 11695 19431 2955 7961 10694 3203 26279 3113 25216 4184 27356 11682 135 29300 20995 27227 12782 3283 23221 27884 25195 3659 21221 28316 14683 27768 15303 20917 32471 6718 8094 3204 10282 3054 19439 27624 22983 9031 15831 15819 1576 30298 24388 639 11114 30084 26705 27660 29436 21734 14570 19255 18997 21674 21334 8919 22140 25744 19058 7399 26235 11149 3338 7298 31224 7230 22796 23124 30980 19497 6243 11407 28924 5778 18656 2868 21624 20242 405 31512 8193 7507 18375 25529 13292 29305 25281 12569 28675 14864 27356 32043 22094 3951 17402 4429 14659 78 17164 18419 28891 15696 20175 19976 20798 30348 6924 12818 12872 14829 10559 18586 
8121 26352 12319 27918 15715 17952 27915 19215 17753 31056 21095 24434 5310 32102 2835 4227 22885 6728 19546 23210 25614 11230 24193 1837 16962 23682 14348 1531 15155 6095 12553 20708 5341 8511 6928 7196 886 11826 23189 29355 11301 22604 24215 3171 30347 722 27184 224 21640 7352 7957 25393 30894 22687 2784 1667 202 22240 617 18503 16443 5144 20407 16709 9364 18089 17524 21244 9748 5956 25407 25103 20614 16761 4578 9088 19637 18474 19465 5698 22071 2316 17710 28604 970 9373 25192 26916 10041 8695 15156 5888 7631 31560 11662 3288 10015 21677 23203 25707 18025 26859 31968 21450 26818 13926 26491 21516 8600 16218 5841 18782 233 26366 4749 32248 752 31530 21679 17325 29601 3727 12513 13883 21922 21598 24489 19327 20123 27066 17817 25447 3460 5864 15902 17248 31922 21968 10458 6971 12467 14696 17522 21615 23617 14973 2052 8411 17665 11788 3112 2448 13659 20601 29135 19486 13223 26794 10190 27894 28098 2724 4600 14092 19771 26479 9402 15665 13554 5813 29894 24700 24196 21597 7919 31494 11956 11947 28075 27837 26435 23546 22438 16847 19829 26582 7177 19986 11654 24725 1943 30325 8052 29884 32543 23765 2638 5919 30632 13923 
18949 30026 8070 19693 26938 15549 19718 228 22560 13700 29865 9441 16552 6709 3299 30456 20344 4676 12126 13141 8371 6535 27211 12786 4981 24018 25686 22777 19885 27869 27045 25616 13545 3678 1003 31866 27682 8077 26298 8175 9576 11657 29962 25688 596 2017 26275 24907 8440 10496 16846 17946 19879 16258 14641 28983 31273 4593 3289 16003 10834 10248 2210 12680 26987 24807 7526 8394 10212 31276 27309 6435 27849 28279 9707 5332 11167 11328 11955 26936 23935 9691 25836 15847 28875 5502 910 26309 31668 240 13092 7982 17256 26427 6922 20134 25562 16706 24745 5807 7954 30158 15340 25989 23801 26436 8058 4734 10397 3074 28773 27362 2714 27423 30220 16472 1327 9750 31208 30507 13589 6723 27726 7234 29312 11180 19858 22374 31971 2556 28625 20915 12986 11236 24134 13989 23479 5713 25098 8605 4100 30569 791 28548 19373 30852 28237 22747 3817 13695 19255 20436 23903 5374 371 24205 32075 30570 19818 12513 16412 17055 1217 23344 5081 12208 29496 8689 4550 16811 23610 18124 7531 32208 1366 31766 23934 29016 20757 30609 4531 12614 12820 6241 6119 15335 12430 10552 32277 14926 11618 31613 12473 12130 22019 13834 23547 2463 4940 22436 
16879 4061 30958 3355 23478 17435 32331 2167 18557 14400 24503 28512 16750 3412 7752 14897 25171 30738 17076 22739 10215 14189 23022 28954 5651 17826 5785 8728 13312 12506 2584 15497 20133 21981 30583 25938 27264 15326 6419 1560 28524 8696 6956 25764 7783 13218 25961 29644 29808 15488 17760 8470 25857 22423 17708 29302 28833 30195 24950 25962 19026 3695 8458 20216 12788 25314 7232 25868 31429 29137 18323 27485 502 18591 31186 12659 31940 12443 7401 15808 27323 23038 8419 18238 28663 2529 26174 26839 22661 1868 22296 18452 21447 15799 1617 13443 64 29886 12248 11953 27057 20274 2801 2635 12462 19612 10299 11735 7466 18669 12785 24806 31898 22120 24239 22004 31596 18273 29133 26168 26757 30615 30720 31902 31020 2310 20980 18055 29615 2228 32000 1236 11496 26563 11811 29780 19503 95 24126 1137 29606 15325 23728 7250 21222 198 18874 18460 1562 5883 22443 2202 14293 11774 31314 16481 23149 4238 23540 28238 26737 14968 21752 18490 3356 18613 29155 28444 23721 7915 360 27326 27860 19247 1338 10116 2136 4455 15363 27720 18271 21691 18990 20942 26730 22741 18405 21470 11907 24161 29268 10282 11789 21847 7579 20588 4567 18599 7479 5868 
26777 527 16229 26337 3683 25989 4286 25871 25408 27886 17829 707 11921 14837 9335 5665 23884 27799 27658 12504 3363 3647 28255 14771 21189 27267 11916 19183 23647 19487 8750 25870 14387 11110 159 5057 17931 9311 23454 24967 18043 19312 1636 8720 911 1042 29237 17098 29592 24416 10707 27044 1015 25289 8429 1902 8022 16484 27233 24015 25991 30907 9311 2224 25357 28661 18499 11118 8051 10460 18096 6417 30484 14981 26812 29006 20766 12440 23466 22750 17921 18130 22620 25674 16503 3285 8497 3968 29816 28887 26812 6996 13494 29929 30745 29383 14759 1684 24350 12809 16721 16558 20140 12279 7751 4816 12001 29323 25746 9181 28571 20956 9258 30739 10406 24517 23677 21318 22866 24858 17312 15105 24246 18400 19050 18699 26056 5061 30775 25683 7928 6753 14665 16069 29074 1305 29848 7726 9819 4762 5426 17675 17211 201 15084 10317 31171 8586 24738 1092 17851 541 6121 6553 32057 14095 17048 6804 4431 24868 19868 5292 8264 2104 23104 32653 21657 1130 21779 28320 29792 19124 705 5040 24942 5529 8150 6335 12095 14275 13883 14693 9234 16024 2372 13685 26002 22284 20324 28688 8808 9700 26810 3840 32546 14631 26168 20193 15443 1166 
23734 8449 2872 20558 1281 18254 24844 29943 29588 21125 1849 23446 1569 13315 19437 17182 21012 3429 29679 31413 30297 13030 9306 18577 19725 20049 6862 22163 28989 2200 16091 25597 20862 8868 1620 10737 26253 10841 30200 28319 28735 24558 5834 5234 18865 24716 30592 14375 20167 16054 25833 1358 29172 23264 21091 16323 7521 29672 29848 18540 1934 21941 11087 31566 1255 1756 28124 824 21572 30555 8691 14473 12454 25378 25925 27636 2068 6808 5114 14808 13316 4986 13633 32238 31962 30164 7600 23793 8494 31966 8006 9674 619 3435 6550 4102 30762 9111 6618 30848 24625 7923 13785 1818 15285 23843 768 31262 4079 9833 26163 12356 15809 7628 27367 11512 25372 6553 18868 7735 29785 2870 7726 9075 4037 12034 30924 5975 1726 26234 20479 25000 20528 8459 4349 18914 9880 27497 7090 4294 27287 27905 6479 28314 12249 7964 10058 3171 24067 5342 32142 7308 1860 6801 29415 1332 20741 4009 30837 32577 12827 13579 21686 19613 13644 28721 18962 29616 28725 10165 29117 8432 12285 28169 13583 14888 6231 1455 6714 5770 11259 17711 14325 10852 10290 5962 4874 10749 22263 25406 15123 14175 31592 15597 15697 463 21447 14658 9862 21786 
30736 28427 23931 221 8215 28914 26753 17573 17134 27126 11817 3988 2143 14523 19835 22469 29175 112 7342 11961 6053 6627 15135 10268 4043 16300 2138 8226 18478 28242 8107 15401 11081 7054 11164 21502 16674 25548 366 6013 24149 28701 31181 17689 22854 13985 10285 23089 26749 22701 4907 8658 7132 14639 22752 5990 29793 15638 31708 19047 9671 1220 19507 24739 30126 29764 30535 10966 18611 17076 26065 29551 334 27571 19285 24594 32013 14691 18104 4737 19196 15205 17700 21571 8714 10993 16933 24108 3990 17591 21246 26902 29119 1145 24120 12900 30472 22082 27735 15094 1315 6129 3670 27501 6439 1920 17208 21113 19336 15838 18393 24756 30230 5482 30448 7370 9983 811 10628 20547 24532 5758 6471 18609 13936 10522 3586 29247 11168 28257 1885 3428 30716 9454 5047 10656 9551 26352 8283 14486 14126 31901 5860 21429 30125 10297 7126 17640 4220 32661 29235 12293 18719 12325 3149 14874 26564 27554 10440 13691 22768 2187 6734 16800 28924 12366 19243 31293 3312 2555 26373 30640 15712 4436 15707 30517 15622 29791 4871 28669 28395 16882 26425 29335 20607 9130 11050 829 588 24555 20949 7161 3620 23066 8533 4831 18144 11715 26101 26112 
21230 26602 28195 16669 31023 484 17482 23157 13487 29976 16634 8727 25014 7078 24348 29254 21683 30405 29792 31196 15514 4071 7003 2666 12540 22942 14039 30435 30009 21606 15755 5266 29431 18802 2574 19673 8449 13436 25490 17109 26634 11029 3041 11993 28248 2287 12400 15922 6272 10256 12216 23699 5718 30245 9413 2449 11956 10427 30073 29915 19080 30400 17919 15841 24119 3611 24801 28435 32752 21198 17082 1977 3624 8525 27495 29644 9847 10090 22818 7189 22146 3713 6202 22486 18155 11423 15128 22641 24206 32612 20142 6947 706 10837 11168 12925 8993 31377 21300 11845 3094 62 14899 16546 1991 12123 5601 10272 9349 3160 28585 8114 18349 23412 2780 28530 23136 11224 31433 22034 27546 1226 5322 18729 3616 4329 32174 18015 23041 13347 24716 32055 21198 7709 6229 4588 31628 4212 16981 31075 30098 12153 31455 27554 2407 19992 3714 15507 18671 15734 17751 21264 218 27778 30745 12315 22573 6822 3221 29186 445 8660 20484 18670 7035 7317 10043 18646 19163 15828 28601 26204 3704 2164 23562 22505 17743 32289 32540 26750 31707 7948 12361 28364 26714 15328 31643 32131 25325 9313 22699 29912 4578 21759 3831 141 20165 29237 15762 15520 
8611 16319 6440 1854 9781 9246 4533 3564 23694 5152 1205 4451 17222 28870 10458 11063 24470 28735 21415 15966 12441 16577 610 28665 11935 6169 15603 24173 23342 17548 20742 7422 31026 20417 8459 6663 9855 18143 11968 12095 11048 17346 15077 16690 15846 7619 1345 19475 2021 26870 22138 32762 8242 24019 6472 27319 12416 9554 24019 32305 21550 17130 15910 3489 14289 22931 24572 11185 14047 26886 8764 23677 18543 28213 4148 9819 7659 12046 26297 15794 15980 31288 18938 14992 18786 30486 25306 17551 28997 4720 1215 21391 19629 12542 3245 17713 9553 14719 30928 2760 20919 24408 24735 31157 30810 30148 21750 8626 7594 18383 29032 25863 5352 5288 4575 15336 9126 17509 25723 11988 23003 6189 31813 28505 21846 15892 16546 19229 4893 22056 25396 30750 28506 4376 15173 17242 12129 19697 12773 9164 31054 10546 16229 58 6744 19588 7994 28619 15825 15835 3966 29465 3381 29722 10610 7837 31151 15396 27830 24147 24185 1287 16155 16992 1329 25373 30677 30219 23828 27309 15987 5696 3332 4655 9275 6422 27047 24953 21019 8193 15334 897 15039 26662 7694 28789 14458 13566 19344 32252 25309 11937 24002 5217 1883 20624 7788 3832 18520 7011 
19688 23014 29922 9628 14176 27296 6444 7397 18015 4952 1166 9045 5826 9837 15977 4948 10913 28531 25347 18404 19217 16725 24185 3947 3365 29739 17581 25432 30530 18433 4436 5377 20867 22341 17666 529 29942 16566 13411 32628 3717 28107 19635 27135 23450 30379 28488 4107 810 5422 14427 24588 15288 31991 9390 25622 2059 11407 5862 20862 12347 11584 14898 2148 31300 1361 9459 5471 19675 7008 32648 27246 16231 4082 6304 3529 251 6213 24049 32464 2953 21554 29888 15224 26920 20408 32021 25902 16414 8207 8794 22342 15342 18490 26710 4111 23427 1641 26556 9330 28992 14082 597 3378 25780 24764 11151 23057 6289 30045 8140 11389 6876 20702 28774 29658 19313 18149 6717 16191 1187 29067 14659 15762 10058 19148 21976 14267 16077 15879 28524 20813 6887 21366 8145 26497 31639 17199 11816 5126 31893 1629 16941 22136 5022 2810 11785 14566 325 8640 25032 1795 14933 26055 15067 47 18365 9778 21944 25213 30023 7007 20930 24753 7639 12466 4600 27392 23330 8083 17006 2647 16182 18122 23781 1468 28336 19887 20966 1373 25482 27344 25135 2278 27346 7440 18262 24774 30887 20967 27746 4207 23268 24099 23175 2685 20684 18413 18234 6832 
24113 24185 29171 31061 29518 19212 16043 20976 27397 21181 16477 12535 30269 32563 12482 30623 31753 2707 2161 31689 20646 25525 13395 32426 6556 8081 25370 25579 17292 28956 15380 18484 32162 15878 15670 9970 15275 24585 27396 12388 5979 19127 26852 32208 9400 8380 21531 25743 6714 21148 9033 25334 2357 31016 11493 23342 24901 15397 23802 30770 21553 423 25422 2001 23114 26924 9560 466 16055 7964 10952 8119 22582 15964 22692 22240 22979 515 11779 17322 20163 7358 17125 634 15691 22591 361 10506 27795 23929 8668 32635 12252 32016 18275 27393 26762 30373 31418 19662 12091 1616 14738 16800 1042 31376 20984 32249 9256 1234 5629 31639 21167 14950 9451 18869 25268 22034 11948 18277 11631 26436 11016 18623 26026 20188 6697 18916 26154 2258 27303 18867 27365 20041 4777 29419 23109 16365 25025 31212 22334 21924 8777 5059 22593 186 30575 3874 16864 3763 14336 29596 29591 3310 2570 9761 20801 13389 14570 508 26424 16488 5847 9326 3207 18973 16878 19448 228 2396 26490 13087 5652 11762 14846 22574 1041 24791 9933 29167 13237 2221 21426 11278 26869 20485 32175 26689 3558 15400 2547 1957 18084 24906 1832 20936 4811 14581 2177 31624 
4877 17323 2893 343 25002 12745 31729 8849 4869 9511 31178 22481 11722 20042 19854 2371 25845 19017 14711 28503 2648 25584 13550 14719 22130 27602 10812 14247 23486 28068 9450 15628 13966 3622 22401 17005 31902 22831 10327 9674 28329 10572 23818 24436 5798 668 2239 24812 32424 24828 9183 18023 9945 13684 11542 18649 25040 19029 15664 20160 477 27219 9301 25731 25500 28192 19284 12367 19300 26773 5155 30644 8108 17767 29705 13891 1645 23975 3843 31760 16594 2828 15199 6586 26443 30821 15734 32611 7769 3100 7868 18895 3031 11315 1161 27443 27541 15951 25947 32178 2832 7029 5925 4473 2517 233 22124 10449 25136 27869 1793 1441 19141 31395 23089 8843 3677 10342 4482 23962 7273 9741 6255 27087 12871 14526 17226 27365 19906 20387 27775 12701 5426 4091 28353 16684 17419 10266 10567 7192 25805 5915 7094 12938 15170 18415 19242 10801 16111 3581 23894 22003 29746 7942 1842 9937 30587 15827 7565 2217 31286 8406 22249 11749 14213 31979 18559 1403 13698 21766 10854 18004 6623 15090 8425 22564 3192 341 6352 30138 19644 22070 10677 4842 25971 762 13993 3150 14889 20910 11300 4645 2788 30813 23175 18314 31433 32143 1442 5504 
21756 28039 29179 23426 4974 1885 18582 21579 3063 17354 11344 12443 29759 26748 10204 24149 30951 11825 7543 2372 9617 2710 13396 5922 22155 13292 7014 27080 14430 26192 14427 18409 19109 24978 22150 26699 32307 17487 32275 25649 14019 17746 4662 24971 894 22139 1031 14220 20259 28911 25406 12470 10742 28308 12830 25576 5727 22949 28252 10693 27470 25582 30913 5147 23803 28876 25675 21016 7811 30083 30524 22868 22392 5983 22951 9514 29913 24508 13505 32670 26722 26671 20305 23058 4641 29529 14004 22894 4080 12119 29260 32225 20614 31485 32544 8031 27805 9072 8741 12668 20293 22813 23871 6588 19328 212 28690 7491 21364 24466 27620 9984 22248 31460 23055 10875 26897 8574 18292 20850 13549 10448 3747 16473 15743 28131 29191 29129 10868 4312 24895 24792 20391 10122 6869 19802 5737 15214 26756 19172 3948 20216 20112 32631 9963 15698 24406 3322 24895 11212 31822 1182 14065 25568 19456 22759 23361 7630 21094 25407 11013 3112 21340 26395 7916 3835 11117 2684 14497 7240 32698 24343 2267 12610 24661 1627 20495 5865 30425 16515 17337 29697 14368 8710 23405 14499 30589 16512 17810 2367 6167 32718 10665 1837 4599 16802 6498 15669 30650 13253 
17171 8009 21566 28049 4450 12761 16197 16905 17637 25441 16146 12837 11243 16545 20538 29985 15998 16038 17761 20799 14962 19260 23790 13316 7910 25137 32448 14861 4844 13909 9001 27554 14639 2296 14831 20896 794 24882 21180 3039 10322 30506 31510 1027 17196 16614 17861 13742 21802 15185 15457 22033 7754 1997 27306 22414 32584 25954 23186 30963 14414 23275 16402 1953 26982 24426 19548 12630 2766 7700 10585 1177 4288 25193 21043 10362 30436 6758 15360 1224 223 16256 16571 28861 3623 17129 30817 22746 12429 5170 12360 25740 3392 11496 7648 31290 23358 11766 18961 17003 20122 25492 18303 27502 4393 27391 25305 26627 12382 16149 7452 20727 10494 28280 26494 11068 21520 6979 5799 27133 31249 22078 30031 141 12524 18317 1496 16586 2383 10707 12549 16302 24802 23877 644 3792 32316 6574 20903 29383 17484 32052 23981 2203 17684 15895 5963 27490 23889 6744 7955 3389 24465 24114 15859 23002 11919 23660 19936 20991 17468 4527 22939 30778 5894 2468 2071 15628 27629 29152 29152 3849 4173 14 28209 20058 13883 6313 3031 24904 27915 1996 18506 11261 26941 25353 32100 1474 16577 27064 23870 14762 23194 1768 18108 26089 28543 19933 21175 370 
27081 568 28681 10644 17641 14122 17746 12260 3292 30675 31186 5220 20525 29555 7427 15413 7299 13478 8565 5883 25186 21988 6523 8903 9017 20037 30251 20749 29411 19212 26894 20042 12597 30445 1045 9470 29785 27264 3789 17034 24692 3326 9835 24051 1291 4092 11248 26969 11944 29372 19497 22232 32238 9290 30081 21211 13888 5393 15544 798 20924 13458 28620 26377 17421 17967 29789 1962 10962 32132 5556 30451 8788 29466 22738 25013 12258 12617 16751 6983 32312 21270 14344 9951 16256 19943 32750 27821 19011 29040 23163 16592 23639 32044 32325 20626 16916 28183 8068 27708 13665 13288 8984 11235 11049 26393 32149 8662 20430 30214 29978 24228 30365 2541 14879 29787 9757 16401 6772 21131 22456 9051 6416 21645 24414 3254 6930 7401 9517 14863 3586 20909 28046 18321 13096 16641 1678 28626 21049 14483 4303 30018 5338 1613 20675 19248 21582 18963 29191 12485 30832 29131 16169 24962 1261 7837 32322 26284 27078 3988 20722 9418 7949 16715 15190 9982 30627 24793 13243 5672 13266 30012 11983 22902 24792 31925 24183 9672 30559 31335 13461 12395 1621 29013 26912 10796 27032 1989 330 16281 9563 9583 19000 12392 23052 5607 4768 25075 25607 6528 
21592 5794 20471 12406 30631 14638 21102 12614 6113 20576 4966 26281 32025 29073 579 19735 6183 23573 836 22693 7551 20133 3631 26452 21471 28411 17361 20248 7749 4106 15736 7115 20591 12853 1073 23232 23291 11983 12264 25247 18299 6225 28318 32095 29510 13902 9365 31145 5348 1027 2428 14661 30314 28516 19602 2492 8381 22501 8902 25037 30073 29517 20704 26051 20330 6249 3763 23083 11445 1831 1496 4327 16436 22094 14214 29505 6099 1823 32730 2192 13637 16582 25984 19983 24797 6069 14708 859 12105 29997 16015 8429 27836 24859 3220 10656 27584 32060 11694 22822 13082 12153 23561 24384 9253 29959 149 13575 3986 2158 12020 11108 1162 6626 9829 20278 961 12914 17645 592 12403 14298 16347 32233 7796 8340 24262 21954 4716 26178 2973 31470 29171 18399 20566 11090 20902 123 31816 30295 21941 542 23291 13787 27383 22064 1453 6284 2428 26939 2463 16358 11754 24880 7377 16736 30367 11558 22888 16770 18777 27183 20440 14281 16205 31022 20403 420 25231 15913 963 32179 30166 25676 26358 17971 11084 21268 23048 30608 24956 9829 27512 30144 13499 7985 32625 29793 6042 2567 24735 1590 26774 24183 826 13077 21349 794 11921 2608 
20561 8951 13029 24 4780 1693 19610 15695 25428 17748 27707 27118 4047 7596 30066 11328 9177 15666 17458 15693 16416 11732 24754 19571 14828 13931 8077 698 12383 24558 16743 18304 1995 765 29620 1118 25406 19306 25621 20170 19309 23204 11335 14162 7164 5744 19740 1997 2150 28340 11743 6456 18114 19665 14963 25359 20530 1139 282 10773 27492 9304 10559 2864 30031 27914 32569 23502 15622 28045 3857 22261 18374 30874 1636 16203 2943 30514 23414 8917 5186 27901 2093 26316 14551 2142 24710 1970 22600 29075 7322 16522 29087 1550 20080 14926 12414 17950 28653 23679 3875 26941 27279 12133 7531 8168 2523 14914 11951 11966 5955 28202 14894 20711 11773 12483 9116 18965 7531 9006 31907 18442 13610 29544 31614 5299 9430 8067 7203 19937 15274 30253 5082 5198 13293 11189 32060 13897 19612 14858 6023 5603 26709 10870 23198 31972 15587 22278 8191 298 20820 18608 31934 21849 32525 22163 8899 6231 22742 1888 22677 26699 19013 3481 19617 28850 14224 14255 896 28103 30798 15662 26613 9556 22796 4067 20748 29894 7243 14454 5632 5040 16379 22352 29002 23205 10733 16203 27138 1328 19007 31216 12074 13537 5339 24648 15159 26056 32 24965 
20896 27137 7066 6248 14034 29565 31223 9564 255 7389 9250 20441 6367 10086 6776 6637 8265 2919 12565 7060 975 18831 21049 16630 30636 27505 20707 15313 3946 31902 26957 14264 29581 30997 3531 4718 21800 10447 6402 20613 655 4715 24977 9233 16143 4303 17283 2126 17086 31603 17648 8185 15738 10482 798 19114 22648 592 13495 8909 24224 25408 2616 16039 16650 17469 4831 25177 10032 20386 23287 14831 12470 24981 17142 19258 26656 28239 18899 7993 4323 22025 29355 11533 26446 26521 243 17754 8732 2137 22196 18036 15728 17112 17767 20950 7800 17993 22608 10127 12397 16432 10949 22909 26393 4656 29559 5302 27866 22023 16019 10410 22473 1591 17013 13092 18164 30594 11622 24392 10884 24098 10375 22322 11461 17004 27432 32289 11715 3514 23456 32719 32258 31486 25893 31612 11772 4701 1302 21957 16013 26400 18101 11486 13710 9750 12054 31757 31380 18210 10404 5549 26816 27490 6516 4810 2859 18026 9485 12665 24124 9130 21070 19083 18691 6920 14695 32337 10806 16164 4134 24761 7932 8169 28704 23743 30628 7594 15506 24260 22650 6377 22636 25685 5566 6376 6736 14305 20900 28225 12805 31259 29493 19020 22360 6595 32666 5382 31673 6276 
29215 29101 14348 4719 16830 4834 27953 5716 16184 29508 24575 18751 23628 6075 31217 1541 25801 13300 14056 3594 2471 14237 5264 19002 32752 23058 320 1886 13041 19215 17663 16756 26221 29381 12666 16489 24728 25168 27524 1327 16114 22099 16639 5303 9484 13625 6893 24415 5326 13585 29182 31771 24898 11717 5307 23122 5784 19042 17210 17536 24770 12634 4464 30261 6827 8639 5898 16124 22374 16926 17287 12806 5339 17749 10832 27557 6865 22808 15121 11200 22319 9679 14143 10877 8953 11999 28824 2128 20244 6837 26247 12233 1392 4659 4765 18561 16164 23135 4000 23564 30106 18864 17379 24047 24148 11333 11967 24915 26134 24814 15797 6727 28930 9212 27472 18194 29845 10775 29809 18536 8982 29246 23638 6450 3192 28843 7356 27795 1173 8427 7048 4107 15678 8072 28510 30416 12542 18419 18442 16501 32306 16325 29080 14641 22810 4895 5507 31483 22735 11436 8792 28205 22069 27049 4506 30230 28419 10116 6330 25753 10911 3207 9582 113 26941 32121 16367 6751 17317 31123 19715 964 27282 16347 16730 6607 17332 1453 18840 30095 21060 17180 14686 25392 6195 20543 19909 6637 13039 24400 18964 21321 15092 20350 17402 21114 23984 20363 20452 19283 
10269 3206 26695 18120 10530 30439 19003 31838 1597 2771 23031 31795 5090 18011 1341 31864 25037 4873 18123 29958 30815 20940 17418 18477 3257 11536 32499 17260 29297 11016 23760 16442 10668 259 23928 15315 13752 27004 26362 18866 7889 18034 30527 7628 30737 16375 28169 10781 31307 31410 2780 18942 9650 31420 522 14805 20340 27905 18878 26049 23101 12378 28405 2980 16675 21582 19485 29649 25718 17771 18970 127 11049 32687 7830 27047 12819 17622 18031 23010 14199 29712 6138 6448 30186 14218 10104 1025 23982 15563 9662 22689 7982 2180 4740 30372 509 26710 1017 15629 26232 13134 17784 31467 28569 5477 20236 5610 2259 29257 550 6580 4923 31039 23577 8133 2834 12243 22217 19397 28095 10570 29368 19182 684 29838 28466 6263 7539 23005 2096 6111 14682 17147 3363 17206 19616 5808 21057 6195 5624 7732 19441 22445 16296 29444 19100 11270 11412 24384 23062 3821 31299 22844 171 28416 24138 2240 24314 18294 4903 12365 24118 1718 29995 30434 18583 21348 16236 26016 1497 30951 20193 8847 14690 1979 24201 31655 32084 15902 6784 4340 12602 22798 13909 27966 17080 24317 26594 7167 19104 6635 14699 24185 17429 25436 10545 6922 25787 15277 
10700 10486 11719 20417 21 17509 15833 28006 6431 7732 1164 8630 31267 8852 26543 19571 17934 31899 9580 28500 8105 13376 27389 26898 27859 30232 1865 3653 21706 26706 21107 21716 32168 14825 11659 10105 25783 27063 30470 12186 15381 4909 6040 32394 9586 30615 12316 15909 8218 12881 3154 10854 30511 15331 62 8688 32229 27076 21634 10925 476 18754 14879 5881 25039 13833 275 27016 2215 24703 21839 19356 1931 8085 21089 10094 4588 12755 17785 15869 27947 18586 25042 7120 22289 16320 22352 29891 2920 30177 5468 2760 11690 18794 22264 31565 22314 10080 24184 27041 23179 25303 16885 9938 12982 22217 31099 15794 192 12197 18780 1464 10460 28342 6602 9735 30667 8695 27103 30736 29133 25389 7319 19287 27996 21432 21125 1018 22974 23933 27367 12844 5522 28948 17341 15218 20893 8759 12661 31135 31041 13261 3400 5805 11954 20859 24030 27366 20023 32260 13775 16105 12735 29343 32099 13768 16943 12666 187 23384 11416 21967 13810 29270 17855 10812 8935 27433 2573 24080 32313 22856 11720 29375 25169 31619 31186 23364 10170 8582 18052 4068 22034 22023 13823 3701 26404 1452 17946 12560 15108 21475 1321 24784 10404 4627 14034 2207 1870 3251 
21679 13716 5796 3348 26417 28102 10333 11980 9736 17160 21062 22554 13358 1095 10351 27162 8934 29131 615 25402 30442 10025 12589 21444 32522 12058 29447 8497 25099 30653 14584 6549 13517 24232 2167 5698 24627 7890 16841 18928 28596 3560 2674 21653 25729 20373 28686 2274 3685 5266 3672 28136 731 17330 13215 29777 5680 21123 24366 13066 26426 8793 1287 28915 22893 17438 21624 13692 15629 17333 8850 14466 2912 20083 7445 20631 5792 10709 1306 32461 15267 3687 11287 4220 14798 144 21021 24978 1386 23542 1660 15733 27441 15908 6012 32271 13085 21451 4281 8169 28342 25403 17158 15864 13018 30791 20011 27453 25396 2345 19606 14858 25280 20361 19329 8930 30388 16679 4789 11114 1415 10495 9805 18086 30963 16815 2323 401 12414 3870 23608 7312 15317 13360 362 27149 23656 6594 21509 17897 16527 2369 13766 17866 5109 8145 5984 27193 29782 27762 9081 3331 26535 25059 32522 2115 19706 2765 7470 18580 13699 29122 18882 24536 3584 21516 22930 7243 24280 6703 22741 22241 32006 181 10884 21764 3098 10278 18702 32414 21616 9157 14733 14089 7774 18980 15428 10292 13274 1485 1959 22807 19707 28232 29913 31063 4856 21238 1474 8750 
19397 22065 22512 22533 21867 27255 10518 15764 19444 28265 7002 14660 28138 12887 23197 26941 21595 30649 7800 22228 25951 20276 7164 9806 25178 32343 31296 647 8188 7452 27743 16579 8805 30702 12006 805 2137 8183 29046 6858 27403 8692 28559 16993 11921 27840 10101 19674 10188 30938 25200 15439 3661 16411 31113 4123 10397 14148 23891 14974 21086 31241 23408 14414 19252 11951 9433 16816 23434 29552 32181 11685 19161 19944 18623 18228 3224 17830 14220 21760 3837 749 15324 3392 3006 31359 31725 15438 23355 17284 1488 12192 3225 21098 16270 16174 2752 2656 16486 11559 31650 4184 17370 16516 96 28685 14533 1496 15077 25757 22113 29702 10056 26597 5555 27221 24026 16374 22265 20174 14052 10255 17418 26583 32332 12210 24830 16460 12755 7373 17271 28734 14307 28896 10066 17776 9647 31371 18221 14581 21140 27614 12763 30157 1844 30527 32508 4540 15097 14771 6682 14947 1374 12028 14941 23460 14900 12669 30141 12416 23403 12259 20555 6707 2736 24872 10352 30254 13633 19644 25081 18225 23296 29542 12396 8358 7942 27926 7941 30387 12430 2121 24085 644 8506 25166 16734 27193 27365 7907 21905 2090 6789 30498 22632 16052 28997 27414 32391 6131 
7063 6816 5107 12228 27064 18641 19054 14063 13035 17335 31627 21203 10740 3403 32356 17693 27275 18714 7979 25389 743 29266 15012 18836 4092 21323 16631 25991 1457 16293 15312 19605 23963 32193 6964 7963 3657 17158 17754 28212 10690 27478 11825 9079 8213 12291 17707 4765 6722 27504 32479 32438 3412 1158 30881 26034 21933 3467 13564 28466 21419 5593 2703 17316 4838 601 32376 14780 18180 20289 12046 19733 16743 16945 23406 3947 3125 24844 26331 19771 2991 15438 9606 5889 32209 20851 756 2330 1010 19798 8618 8489 2951 16464 14712 27982 6682 25413 4948 21043 18034 24936 30031 13628 15384 19536 28604 11313 1625 29960 20915 31972 27894 16628 14716 10934 8142 23344 23211 11222 1607 22883 22434 11219 22402 16402 29559 11760 23079 20613 20645 4750 5256 8905 10751 23522 23032 29550 26447 32492 22001 10959 5599 30304 10894 12355 26733 20953 3044 22808 21641 14032 8712 12567 581 4414 2674 27546 22596 30421 3551 10244 19686 5441 7335 29597 3006 7331 2680 11868 13303 30260 26418 23185 29197 102 16895 11960 13826 20253 26492 12026 12163 9607 12534 21388 12977 508 15264 5909 31000 28264 14892 16412 2349 15423 11268 11316 23578 798 
23720 15811 31267 8677 9672 12694 31784 28024 21250 20776 9737 28607 32557 10422 13342 7325 11689 11020 13880 18222 28092 29667 18023 9430 5477 25748 11346 8337 26924 4498 30054 2586 26753 23778 1306 32468 16225 20868 2566 12326 24728 3599 23727 9326 18212 4836 30943 18125 19909 30266 11272 29673 29249 4716 22426 13240 32305 4918 20893 13918 15477 32685 31715 5186 20062 3917 25185 3699 28066 18621 30642 8481 12770 1563 21562 26166 3708 3389 11096 11430 22527 30978 31541 14359 16990 2954 30361 13288 8659 7212 30719 27663 21678 32460 5190 14232 9794 31404 9693 27072 23959 5723 1392 2788 24083 8814 9284 31996 27903 8150 8928 16789 23952 2364 5270 30387 15420 25623 25516 10072 5510 32159 19000 22373 24300 27440 27728 32656 6648 4394 23239 9810 3527 24981 5845 32166 3082 23165 1579 19677 30957 20133 32045 4086 30835 13662 17516 12653 14007 8238 323 5565 3049 10791 19250 26367 6159 27017 24949 5453 31940 11382 21501 8573 996 23150 1921 27113 13838 20739 13457 30722 24404 22997 22555 76 29482 14680 23954 20312 13849 14168 409 820 3451 29156 14457 32469 19517 12406 6361 30838 13137 19204 28635 31689 17858 19224 1114 17249 
29005 21958 11390 28758 23485 25216 27929 24301 21999 27529 7892 19554 2450 30328 7958 8146 2256 10156 17021 21378 18366 29117 6568 26279 10637 12284 2635 2108 19375 19192 27692 4093 23968 17821 25513 30155 26832 25783 19899 22121 22872 12712 15772 18357 14427 19059 1517 7292 17542 570 32697 18273 12636 23495 30456 23747 12674 16481 1371 6669 14537 25094 26720 11336 3116 11004 20075 6730 31314 11903 30057 30373 12583 15300 30706 12598 25599 27109 1711 19810 23722 29659 24755 21164 24714 24119 4494 14292 17401 4443 4856 11406 9481 5463 24687 3102 26002 30229 478 8916 7925 2761 31630 18024 23800 12877 29613 20308 25048 24182 3337 23198 17176 31533 18745 12590 8772 12672 11328 118 15728 19259 15522 13945 23148 12481 5481 5878 2794 29000 16322 20280 21200 24457 19497 9436 27774 16450 18807 5241 26728 14395 28110 23099 574 20986 31482 3827 13423 273 1930 4439 3763 11471 3948 9753 12707 855 27398 27168 284 17918 15869 15483 15225 22058 15552 16595 7749 6654 17451 22707 18194 17156 1877 2789 9201 3151 19610 14788 26329 21065 26315 1403 530 12999 6344 847 3233 20004 11331 19968 7345 2965 21172 12422 27293 483 1686 25232 
10417 26342 11782 24489 32496 8827 6658 21852 28853 11560 10532 18664 25082 19372 6687 19855 25258 8145 26790 20892 8332 13295 14581 31396 25424 30586 29400 29524 31452 28577 10963 32756 27604 31921 18862 8534 7947 19079 20828 27486 18248 16072 31551 22667 21770 30888 9697 32726 6628 2520 6088 10291 22363 16528 20069 8124 29337 3160 18727 25210 12365 9913 23641 12693 2495 19408 11881 1296 7697 27439 14256 26562 9024 23176 19156 8348 24856 22174 25170 8658 3027 15478 3985 20558 16075 17400 10218 1483 6385 11742 14837 12069 27902 1335 11373 16067 21698 21757 17124 12513 4924 31046 587 24062 26543 17796 30329 9806 6974 19078 29628 3545 14573 23625 2913 14192 18699 16419 21531 18370 8847 9583 15093 13130 10776 10102 30798 14721 8969 19355 21911 20115 29285 22907 21170 19491 7453 13829 23165 2967 14560 26299 4450 14407 19271 5212 26302 21526 31151 21742 32271 7379 19382 7054 25083 6238 29944 20421 32752 9071 9530 18645 24541 16740 9370 3341 26041 19180 8114 14985 7901 14460 27930 27991 29425 23475 12739 28179 23009 18610 2627 30543 18832 28327 28230 12627 12167 17679 10179 10321 20383 30115 16030 13076 14743 26346 32587 24934 20389 20946 
8136 2946 3196 17669 2055 6720 2080 18469 25992 26017 20793 6850 17114 9548 14421 5736 27651 6101 32224 19062 20312 13900 13525 29832 20284 1619 15239 5026 18946 15872 26357 11875 5077 32161 14431 31810 3567 24142 19767 11966 31650 10819 4528 32475 16912 995 8039 586 6638 25705 19006 12532 20496 27198 1144 12043 6921 11112 19178 28699 2913 28622 21235 24717 7213 23083 25298 20374 26017 26738 1659 15964 21476 32644 26416 24369 14831 18016 25754 14213 29925 24586 26932 15420 10953 32250 15518 21074 32268 7330 13434 23016 2941 22880 22804 16778 19428 4530 4829 27461 4967 7025 1806 23072 23764 30143 17701 29383 6013 32599 18458 18755 14669 7107 13429 10202 11813 18585 28208 12882 14610 29523 13857 17150 26484 9930 31160 13719 24644 22385 30104 16290 26516 20501 10107 16967 18493 13831 60 12496 6433 26757 4495 22920 16450 7980 23395 19101 23904 3740 12136 6373 16185 26108 28366 7886 27037 11741 12800 24235 1032 11418 20861 7652 4600 17711 8237 31217 24002 3979 643 23165 8743 17994 19551 14972 16793 1079 22787 1323 26313 1930 12504 20635 6773 27425 5138 7679 12050 11694 1394 11327 20068 16431 3904 10801 24483 20627 487 424 
25028 31412 907 13148 29632 28409 22121 25221 22936 5870 7347 21782 6534 31911 21069 3809 21501 14049 4770 3278 28516 2415 2184 5681 19171 5405 31649 7047 26669 4366 9652 3818 30569 16471 22877 22922 13620 9220 2979 26408 13604 9733 19322 28318 6596 22500 19866 22971 32059 16352 18261 4007 1325 31653 28962 2985 204 13163 10416 9601 11481 2235 9171 27180 32127 22450 12357 10001 7404 28669 11050 3117 26195 22786 10758 25020 17708 32321 5339 337 29038 20268 3360 8397 22174 4672 8637 26940 23503 9587 16111 1168 4093 5739 7484 13031 7569 6333 11519 23697 31186 25425 8650 13807 24755 26259 1711 31773 29683 10201 30741 17114 8954 10609 467 13042 31445 14112 6411 26303 26619 27725 20490 26091 30280 2708 12155 18415 16923 29811 18745 25402 2646 548 26966 21042 5722 13211 11670 12673 14669 2945 9060 28897 7261 5110 28114 2952 10977 25926 29961 6166 21661 26301 639 3135 3891 21563 15782 26421 10669 29506 24402 20869 18415 9224 99 29291 31444 11822 11194 30395 31242 9771 1889 24817 11395 27804 18713 30705 30078 7447 13523 22626 32491 9959 16486 13916 15494 15416 31798 4797 21735 25069 23595 16517 18948 28314 2993 8973 
2022 19775 261 14663 10104 23606 26673 14326 10802 30435 31361 4280 25796 17866 26557 12130 10361 14420 21309 5750 23625 2350 9338 19806 23062 7660 29419 30012 24864 11657 23426 18332 2954 11559 16385 32086 18735 11810 18312 2477 1814 23147 20599 11063 27897 2336 31099 10619 10729 5324 1484 7998 26035 9872 3624 6568 16209 28628 16372 8981 15268 5720 24572 1350 2177 32367 31353 19449 9534 8339 21191 30177 20004 16409 25551 16438 23593 7436 30666 25484 9095 14232 6038 7234 27440 22026 28376 29844 31004 13703 23748 2262 19158 3053 15908 10614 22102 3597 36 4690 21098 31484 12425 8459 17452 17665 4349 32272 29050 13285 9311 11795 16037 5665 14216 23563 9949 17642 23327 32525 13058 23794 1801 4394 31088 20709 24101 7240 2974 18376 29833 10739 14867 11897 10473 8668 22240 18067 30922 7645 31378 25726 10066 13475 16021 13429 5528 704 23457 14769 4276 30137 6240 21999 8136 5562 25808 22842 26075 5857 5877 32237 15929 20709 28518 14355 8905 23549 571 28248 30757 10308 24003 32743 13725 10568 15270 30430 22862 18771 9435 15376 11029 16846 17344 21836 27216 30829 2631 13496 1615 23566 20129 23458 5944 17892 10252 2936 4264 30742 
20741 31768 12844 5692 21256 12204 22042 6710 11506 17586 15500 23382 1724 19649 2676 7472 15087 28897 3741 24795 32382 14011 2736 7200 17794 32240 10600 8169 7157 22155 10369 3491 1547 15013 28445 29510 12788 4773 24454 14663 9250 12552 3471 6687 14952 6391 19346 11970 6845 11862 12773 16933 14444 20934 27780 24233 1220 8131 17098 13531 10422 15013 19054 15714 6954 24230 9184 4818 23492 13703 237 5741 20497 31957 27299 17481 18931 27134 2896 31594 8705 23305 2437 23037 2003 25680 29707 27153 12899 30986 32038 28032 27233 30486 6676 28976 5929 14774 3537 833 31027 9494 1682 745 26800 1054 16079 794 14107 11660 17192 13583 1548 8643 31699 11805 12012 25788 14423 9662 14475 20947 18605 25169 9987 11426 9164 27325 3999 9382 21454 1389 21140 23194 18205 30950 26915 19053 17874 3134 8945 2578 26338 20195 22552 5650 23612 20968 13897 31270 13284 25006 30597 1501 31011 12600 11830 4743 19722 32212 23642 244 9931 30962 21548 26461 22526 17796 24434 12296 9028 30935 7205 29479 123 27393 31002 11707 3052 11101 1596 28434 21233 22337 2587 30888 29493 2898 19937 24237 6026 26265 2685 6406 8582 10914 3399 8023 20158 32740 
22713 39 23870 25924 16418 9098 2391 10566 992 7374 18437 7856 7366 30708 13014 2584 31596 6594 27782 24651 19601 13393 29746 13770 4947 9508 10680 30725 7003 11414 9653 32284 27965 5219 15846 15077 31358 32358 5521 28671 1564 528 16551 11815 14850 7854 10588 13561 1722 6624 8014 20217 21954 16441 10033 27001 26800 22319 2904 13379 1152 10698 22465 20046 23740 30575 2399 15276 18293 29144 7855 6847 4289 18996 1662 15913 3693 6447 27320 1567 16664 30407 31467 21885 30476 28699 9663 19135 363 10803 892 23815 19889 27094 18172 20784 4329 12831 17786 11434 30822 9247 19623 20021 5237 9754 7781 5851 28818 2517 15832 19215 29612 20202 7330 28122 29499 25665 11539 18105 26247 1352 25049 23212 19442 8811 14319 31717 277 13665 3567 19888 22247 19227 29055 25948 26984 6577 9453 13611 2313 14549 23134 14175 13241 18461 25663 882 30755 23730 20152 19325 31478 2963 19697 8750 11557 19151 30342 19575 3314 4649 27670 14987 7732 28581 651 28243 2626 21054 25162 12543 24227 13792 31168 7659 7016 14896 13495 6189 22104 2006 11007 8214 16868 25368 31108 30133 27541 32102 19 8843 21137 18161 28000 13034 542 3750 31898 13339 
25135 1412 9931 1669 17820 32418 2908 29073 16648 32660 6208 4709 20845 12678 30597 11054 942 2973 7984 127 17436 8827 6645 32110 11721 29412 29334 4375 31840 7786 12694 8249 15942 20449 22446 32266 13613 2944 17194 13385 26085 27376 31823 5000 4632 31716 3043 5702 4364 26482 14128 18978 23414 14028 21946 12099 22526 27707 246 11929 2120 29218 31891 22521 12897 22339 13980 11538 9849 24643 28461 25747 24496 3324 3616 31717 21511 7636 2469 9001 17744 6740 697 26757 13121 20902 4619 15302 13930 19959 19543 28302 19520 14527 14039 21443 12698 11899 21591 20180 2086 3358 12672 16726 11768 659 356 8061 20824 4522 21353 6315 7562 7563 378 32371 5178 23459 20869 30069 17862 31825 17083 29350 29134 18238 12770 17222 447 10599 15432 2426 405 31645 13029 14438 30352 26225 9560 1038 808 7477 26317 28542 27870 20056 24587 28276 20908 21965 24479 18498 3293 26952 17030 21951 219 16417 15755 6484 8828 4699 25836 27936 24913 28921 16984 14706 12130 31566 13590 15843 30743 13147 12101 6589 699 22676 18326 6355 15945 25248 15649 6040 14920 11714 13068 19771 21690 14541 25128 20078 3842 805 19405 14859 31173 5756 28781 30003 
5465 18562 1989 1124 14236 24438 14125 13932 4122 29943 26472 10699 1119 30756 25975 11644 16436 14723 19245 28297 3963 8667 32394 3975 8592 14790 25223 28470 30391 23158 25030 19682 14037 15195 31292 29506 15333 15628 30583 18547 26510 21836 6424 20672 25641 30090 27731 25416 14870 13788 15814 9855 24640 1159 7615 3321 26950 19174 22892 31217 7310 2733 23807 2255 15796 32589 22261 13980 78 2918 10922 7359 4661 12111 3388 25338 731 23737 12177 32574 4269 1079 12391 1311 30680 12629 21021 11867 665 32614 27404 10189 4733 26139 17563 991 3171 8625 7761 27324 3977 5458 15945 11379 4095 26627 10547 12960 14530 4620 10520 9381 7949 28547 22174 28671 27753 23572 26278 172 5273 27007 9730 107 3310 24234 18935 31533 7630 25434 10866 10645 23904 17824 17150 30330 30139 1732 3131 1312 29526 7190 13989 24797 14513 14986 15339 23225 1247 10096 15337 9825 14398 3727 10177 14575 19191 31398 18909 17952 519 23054 32382 15174 7878 31464 28149 22661 14433 1181 2938 29038 12502 11109 17228 28634 31218 15254 12678 16104 1783 8576 11109 441 15865 12313 15542 15980 24811 30749 26038 29032 8837 8481 17245 3923 22485 7579 11706 30297 
807 8331 1971 13440 19638 12568 7844 11814 21251 5034 30506 28111 27809 18796 23940 3639 10305 6898 32342 12500 17932 26611 14968 14704 25920 17319 30350 30224 9889 12116 22765 20554 29366 4615 126 29797 589 27279 25076 5173 5255 4408 5142 4786 2371 19469 15003 4803 13648 16114 24796 9450 28996 8443 23409 23691 28975 13017 22939 18885 16266 18035 20918 27781 20980 17111 8665 28400 22062 16889 22361 28670 25064 24633 5575 6200 8174 23650 20585 627 24696 2575 6639 14605 15126 26047 18441 6522 25918 3297 27628 1454 73 22887 16923 8107 21724 13755 17936 32039 29178 17854 283 22226 13373 24627 11365 29830 21291 20724 22339 29146 4417 14728 21645 6430 20648 29413 25444 3023 6792 9645 7800 3799 20942 10964 16707 20475 27919 928 3663 9918 29861 17477 190 11483 11810 24045 23326 10180 16305 20079 5086 9398 10729 2593 12820 18505 2445 6340 27765 32060 4341 16880 14989 31781 20219 18315 8212 10839 31414 2291 17347 670 6760 14793 13393 160 10961 1421 27934 1782 7288 24532 23413 9167 549 28819 25433 3711 22798 8834 23765 18812 22674 18511 27540 16105 23625 20680 15435 13010 9850 8612 8989 24932 16367 3378 19755 238 
14813 17273 8970 13036 1125 6419 24884 24887 6556 8227 1706 2125 32044 2645 10878 28565 17736 29495 8015 31372 26598 6139 16044 22947 22637 22963 3849 13594 17239 22380 6091 12024 6013 8867 21201 28744 14259 7369 31315 32302 1290 27339 7467 32732 9625 25283 10625 6531 22465 7467 5136 16081 31803 17887 28145 321 25291 20513 32390 22285 8832 1501 29023 22664 27806 10892 550 6230 27375 13602 31594 27612 12849 27834 28728 28896 921 18017 15141 14164 10911 12865 26440 19526 10144 28945 1011 4233 6928 436 3344 3370 28868 15996 18212 12628 13223 12160 3140 18305 16232 9455 26022 1423 31990 23689 9283 20472 1477 7666 15294 21972 4575 574 24981 28777 22890 10061 4064 19771 28937 27614 5482 31775 15262 11852 22315 16346 9696 4103 8426 18312 589 30006 17955 14417 7554 21692 22664 24700 14276 1848 14087 12822 18124 18856 13286 28162 2654 14033 7613 12924 12091 12170 24202 6557 22780 7248 32411 16953 18134 31611 29475 27054 16204 932 12130 27296 28017 8951 1733 24353 3241 6925 11899 12044 30225 14241 27176 27788 2658 28325 19053 18168 13862 5799 23123 30696 2835 30625 591 9 24359 299 1173 5323 8109 17529 687 10964 
14336 11400 29972 20986 22913 7349 15047 20594 20137 1660 11088 2700 25471 14773 9888 31566 22061 5731 24726 21079 20924 26924 27450 19518 18441 14265 25778 19500 18912 23170 1758 3618 5916 19400 32016 19486 6309 10064 5655 8568 6360 30556 870 19963 31667 22881 972 2123 17850 5046 2800 27042 28284 1879 28131 32631 28024 4385 19839 24954 17165 2371 16450 18148 6150 27173 13839 7632 15156 28997 23099 30314 25489 27227 1230 9946 25682 30742 9548 28965 20811 16594 20656 26607 12629 26751 21750 18669 14817 26428 19755 8584 26678 32387 11748 3333 19755 23825 31991 25404 10095 2636 30312 25490 19449 8673 10837 18832 17877 22502 14598 17296 25218 12475 964 25701 1545 14894 16523 20831 18107 13627 13871 29908 8671 29525 4361 8659 29399 24008 21243 10595 5495 30225 15146 18273 9334 24063 650 8249 16871 25158 1779 6664 926 18055 8829 1247 32336 1881 30068 21950 16192 21433 8649 18141 14727 31446 26268 9133 11137 19314 944 2247 31398 19697 2197 13201 16964 1623 30309 14966 30009 27968 7322 12087 13752 23706 21414 4855 8011 17272 30231 32072 2755 18018 13579 9242 16907 13159 13696 18168 6342 3981 4820 16872 31170 26133 23414 16977 
21664 27754 10654 9061 11809 12086 7758 19339 393 13958 2756 24821 21939 22319 7417 2772 11937 7146 10507 30354 31098 3118 14887 7715 32529 24636 7148 25782 23486 15209 6784 5018 32308 15948 21898 25503 2712 24589 30386 30378 17983 7845 9774 30924 4543 2759 890 8049 5624 6726 31661 19843 17515 28100 28712 4560 2322 26355 13298 11123 24245 18898 5981 9917 10382 3884 12846 19974 364 293 10279 14516 30511 25291 432 7146 1761 27768 29763 15846 29776 27909 14256 6310 10873 26894 31225 178 22397 6226 20489 4552 13845 15083 384 11820 21835 32302 2296 29557 14019 3486 28175 3259 6348 4411 16469 12269 2802 6911 26328 15757 14762 399 24427 28664 12301 12246 25343 30665 7638 22240 7346 14735 11135 8197 19903 6173 16908 20595 763 8021 29728 20704 24345 6377 21894 3847 399 7858 12676 1603 21927 30161 29701 21705 19924 28989 1236 30004 25174 23510 8 18366 25283 32605 5085 32366 6689 29206 6619 18322 5361 27166 15073 3513 29350 4841 1775 17277 26056 8604 799 2619 18949 17387 3023 1172 29055 31147 6652 24578 11798 23614 21863 24642 5764 4767 1800 8624 16953 27408 2667 3034 7551 24895 31415 11982 10785 27818 
20171 28143 24946 29581 15022 5944 21119 23752 25046 2039 18053 29580 15830 26846 11874 23296 25428 32142 419 4110 3872 2098 13106 14981 3133 17167 12202 22756 15662 20344 22486 16314 7908 12308 21346 6872 10319 6843 14446 15857 19205 17916 14530 25094 15232 13654 21703 6824 27295 31623 25796 1640 17660 26066 32089 9961 5250 22706 28903 31728 30656 5508 14083 24785 6055 22877 24263 21179 11186 7795 4518 30211 29853 18365 2339 24582 18780 3175 13766 3780 6992 19274 6845 16210 9723 8421 26414 24188 10756 21656 8126 19726 17860 11604 15517 5278 15058 12564 25791 28113 23267 1254 13145 17921 23837 25311 32425 24818 2685 26967 6805 28364 18683 7274 1406 16164 7846 5987 32028 27761 22982 19182 7346 23978 10179 30370 14253 22368 17872 29021 27949 18516 15573 7838 32540 7251 23085 25889 27469 32062 7436 23928 6956 30242 17211 24442 1571 27801 17230 9263 1637 11360 28486 12058 26395 3007 3329 11123 30617 14842 4770 11674 5698 26482 7947 25894 14161 3973 7698 28566 14229 27650 391 6667 5903 16959 16928 31115 12687 16005 3818 3681 5512 32162 25029 16088 17805 14928 3783 30051 5951 26152 27162 4066 17247 29210 27406 31563 2187 81 
31276 20661 4610 28664 20914 15197 14077 24702 23867 3839 22863 29060 13974 9014 7301 3653 30327 32303 21968 8353 23007 20656 26137 28880 31151 5957 27219 14063 23646 16521 15608 27752 29234 27533 6107 21761 22919 27805 1025 3407 4201 967 30776 32662 30514 20790 13044 6699 29510 591 25571 32554 21312 21943 29369 19116 4821 16745 12234 25778 28547 27381 13097 25878 15335 26556 10108 6094 5362 18650 20025 8105 19448 27465 30342 19860 30908 1446 12608 30293 28387 2608 15453 1069 28149 27956 13367 19421 18530 6015 23911 7099 18693 25292 2930 1472 13583 19533 2099 13772 16471 32633 25195 4373 15503 7891 19909 11812 10345 21773 22329 31701 7337 20800 11788 30269 32667 1261 16250 19877 17513 21260 94 7651 18167 23037 13982 7000 23907 10854 19920 25975 4912 23817 1994 22861 5489 11697 24012 7577 29661 28084 23027 29141 7485 28470 10938 8206 10661 4517 29507 16105 5585 5611 4739 17667 31759 31648 30300 4979 20867 18218 9838 18631 7182 32509 17340 25687 26996 12227 27007 11397 32235 4489 26553 813 3569 14132 14924 21909 6616 8529 24732 23815 20934 29936 27889 25311 7887 15373 29329 717 27368 29141 29269 16665 25832 11922 12003 21960 
22362 27919 16028 26748 11158 175 30254 5466 21670 1279 22803 32279 3932 1346 14771 22483 32098 23014 22667 14420 32263 28910 4736 2252 15217 31885 12008 29129 17076 2815 5243 18077 16636 23391 15218 14745 18010 17758 12360 22634 9367 23699 4444 32145 5656 7864 1533 4378 15031 11761 12702 31174 25436 4707 17049 31713 18151 6360 17907 2120 12623 3600 14065 28743 4214 6915 11129 2432 18240 26889 24586 24648 3270 32687 10877 19817 245 29500 31623 19797 19170 29670 18115 20205 15399 3162 3226 8835 23451 1147 19949 13835 22890 18272 31432 30730 17021 17700 16308 3888 5621 28732 21900 5540 17505 10881 19594 42 23613 56 8068 17905 15228 7843 2402 18385 9206 32741 22441 21544 20817 29139 8360 4043 20999 2440 22729 27249 20555 9855 11472 24053 27344 6234 27100 18591 22049 20971 9170 16655 8753 24277 832 224 20812 23681 1153 9847 24697 17786 23874 540 30290 25261 27889 4942 24133 25794 1514 19523 11135 28984 1847 6479 26510 28876 19692 19380 13976 20407 25688 11396 31839 12147 31481 4425 28381 5992 8967 27913 23563 1599 27997 2311 14114 14204 16372 21671 5733 31992 30978 20371 30185 7891 23899 1509 11310 17776 26716 3821 
30795 4439 17073 25457 28216 7567 19608 76 14409 28880 1863 25254 26501 23017 2284 4391 27858 20509 1470 2715 31752 274 6037 4971 21851 28918 12855 3053 31638 31094 32309 22931 13643 23223 22481 5377 4882 1681 15606 28483 15020 11285 31058 3519 29725 14295 1832 15776 26890 11894 16168 19305 15297 19475 20127 25413 9385 6266 24617 2007 11099 7900 30520 22212 8895 25938 28184 27216 19024 19561 13507 18375 1909 31468 8828 5511 25591 5100 28836 21830 8452 7598 27429 6861 3924 2119 28939 3944 2615 27311 30010 15644 3184 8314 24947 19433 876 2716 31904 2584 31823 16020 27991 3965 17655 25749 26790 10696 22539 22219 22531 24281 22855 20862 16335 18865 10075 27415 1825 31915 11342 3923 19693 1081 8628 8200 3804 7575 25937 15791 3376 5405 2116 14726 27544 10860 30782 31395 3678 11959 629 12389 15616 9125 5348 28318 23050 26006 26569 10330 12706 15710 1123 14675 404 22436 27797 30947 31414 15523 15476 13782 18343 6231 6716 18515 26030 2198 5323 29742 2329 24360 21903 10743 28464 16544 29095 6167 3012 8015 19343 23202 12749 29079 7849 1866 11430 2705 10098 15505 22574 7858 2933 6523 15436 26602 20839 4266 28852 26143 
7200 28445 2864 12029 29658 17661 28201 23308 29189 22823 27465 21901 3799 24327 6962 25200 19604 9956 19681 7036 2647 15048 8172 27637 14426 18141 16272 1960 31114 12872 14024 25226 20847 22440 840 27408 1354 13246 32000 13751 12155 30433 27387 22545 23661 16041 26886 23639 15435 12636 3882 19503 7267 26952 8582 32506 13796 30747 18278 1502 7506 17438 13804 2616 31635 17678 19102 22777 4225 27476 17735 23208 563 26005 20561 24061 24925 22454 8902 29047 31171 16293 7096 12148 15321 26826 16130 20714 30065 30666 23283 14630 24766 15891 7004 14448 1759 29715 31470 12419 12089 10964 17237 13276 18663 18105 31292 21648 32085 20481 29010 25849 20496 20978 22204 25107 6751 27462 2304 29713 20330 7759 9175 28618 5619 9574 19980 12866 13112 32609 25089 13875 13261 19743 20548 9219 20639 30673 22650 12733 13207 22816 3808 3903 28090 27842 7950 9614 3586 30181 24220 11715 5645 24575 22587 31265 7817 9321 30091 8179 3373 584 17991 21461 8878 19823 6189 16900 22984 1784 16014 25217 8937 18600 22311 8660 21346 26946 22022 23887 9897 25643 12258 3172 22770 25315 11247 8502 6713 29974 803 25674 21506 9048 28774 24823 5561 14982 17369 18834 
3844 9756 30672 2167 3479 6989 30556 4505 13688 15748 3379 2467 32189 14730 2754 13645 2570 1749 25839 8248 1377 28555 20298 2936 640 21763 22146 19449 21929 14902 9892 31019 3806 9136 8235 5923 8701 19682 8322 16528 30373 11773 24729 25089 12943 31318 21376 15947 6186 28882 18636 11726 16645 31724 19257 21011 3273 28505 30888 8437 27255 4710 30407 10174 17140 12755 19120 16681 32023 29059 402 25719 10078 29818 28394 17896 1170 20660 942 13837 4171 25559 18798 828 23057 26602 5875 11275 19180 13912 2035 5252 9976 29145 16648 18827 12390 26790 831 29896 13653 9501 14737 30588 14493 21522 2740 19584 3569 22405 79 16147 14105 30417 6289 17551 27750 28676 2020 15226 31871 26674 14604 28354 25616 27836 21320 17977 6770 31447 19459 3740 22502 103 23542 8593 15679 28989 31177 14356 29366 23529 6196 3343 10499 24231 3571 25370 32750 9841 30081 7250 4083 8303 25544 32008 11964 23205 29978 20763 7 30201 32132 28715 23008 4635 17996 432 26203 13513 514 9550 31572 5918 28650 12254 10877 17817 2464 28498 13908 21925 4118 28231 15426 19799 10331 22164 25252 78 15476 25094 15596 2630 14316 23437 28388 21990 22550 12445 
22316 1078 13821 113 14800 5297 11307 5472 10228 24291 23377 30562 2151 3311 7358 5191 12753 17027 9250 10485 2480 30431 21337 14364 25790 16013 32367 16274 30652 12380 4647 29548 1434 24959 5752 16148 2120 14869 14204 16859 13993 18744 2715 23020 30357 28299 11262 11164 15428 24407 15949 20528 10202 24213 16809 7152 22655 18154 24998 12435 16019 29594 17936 17575 7148 1697 5790 22801 11730 9184 10914 5622 13376 17696 4578 23934 3472 11908 25426 28405 14766 13142 25411 26585 5590 21624 5418 28786 10098 17175 31476 9455 30514 8011 5575 14802 16110 14200 12637 9808 7052 20326 30189 12115 7999 24773 22469 18371 11953 16685 1535 9106 16437 4272 1870 15863 24672 15101 7833 27718 32171 11868 17656 14888 690 16293 7173 21162 6407 18559 27357 32601 27017 18122 26223 30270 31580 803 24320 2502 4431 11673 13396 684 24107 10732 9287 11740 27225 9447 967 12400 29860 26166 3436 3744 5743 4837 16322 32641 31226 26805 14212 31867 22250 10941 3469 19797 8402 9731 32523 18440 12676 29019 344 32018 24048 25118 24443 29897 22766 22200 2157 27453 8382 21615 12851 21352 18229 23927 16269 18984 4383 23996 20047 23011 1486 18071 13168 25591 
7586 4404 5332 2601 23014 26300 32467 2562 15821 8741 3835 27062 8778 23254 24936 3811 27057 24304 28959 9212 30724 7320 19707 20082 25905 27954 11294 24853 7146 12580 26544 15657 5673 8077 16082 8234 8429 27975 6325 8699 29979 27434 5089 10728 22511 3287 27567 18824 9640 18428 2519 11661 11738 7771 6020 25863 20788 15332 9618 21448 31657 24923 18448 22062 2946 3103 7548 24305 3503 5275 9892 6665 8234 24770 5884 5440 10320 25498 14371 17197 21145 13240 17926 9969 13070 19805 28031 27993 13927 23416 30532 7904 32708 25077 27924 22455 19343 8904 29471 20417 10434 13969 3241 9984 5415 6558 27846 31253 11745 9191 17080 26045 8821 30420 26866 25675 22326 4039 25022 28902 21718 2447 20848 11613 24813 19660 13875 32502 30930 1532 2205 1821 26556 2055 29078 10022 18537 6549 8077 30903 4675 3152 28669 31073 1939 13232 17737 27192 389 22664 8591 32600 26282 11212 10243 8506 6900 7961 4074 20587 16755 23636 12021 13738 20390 9524 10016 24831 14757 6570 30781 1391 28042 14745 26198 14740 22248 9356 29252 30843 7588 1386 3152 1626 22387 311 679 32372 3928 23081 5688 30685 26355 24157 27117 12123 21088 16942 3521 27085 
3164 6884 5690 31892 2671 27097 22386 19787 2527 13371 23215 28023 4517 2843 29719 29526 7811 17924 4772 6818 23032 26236 10271 6217 23799 10139 22698 15353 24139 25644 12316 7120 26124 8760 6758 23566 19716 26655 7844 238 14205 6101 8985 13108 20216 4533 19474 10593 7823 1959 22890 4364 26136 2184 15092 15214 20351 32382 2016 1152 174 14104 313 4127 18655 14121 20302 2473 11874 11232 16822 23990 26509 23882 10748 23347 1982 31289 11238 18545 15498 30950 30948 18194 12209 29075 26478 3926 29455 19282 24200 19054 11855 6783 26890 1584 27505 32471 27362 25515 18090 11370 8700 7740 24989 15428 22648 10510 12292 20162 17918 15175 7163 2058 15167 30714 30031 13835 25181 8677 2939 16841 21121 22340 27105 6227 30349 17707 20846 19605 7005 25207 19428 29317 23623 21839 13116 7142 31502 19854 25973 25715 5821 27197 19922 8839 2001 29500 3584 11016 8200 5085 28112 31208 1526 14601 10468 8564 15787 5147 24284 20348 26913 27850 29784 2555 9018 6116 17883 22407 20917 232 32036 13671 27154 32195 3867 4474 22590 30656 7244 11566 194 8558 28318 29499 5637 26362 27024 6925 3063 29892 4353 14362 19557 32376 9552 2259 20020 31403 
10491 12978 15350 13719 27739 27675 18334 10698 8415 13678 27830 30134 23071 31165 8165 25437 22451 24597 13136 22091 25471 22953 780 16410 21379 150 30927 7841 30525 10118 17141 16769 7882 6178 27206 30186 16539 13740 20744 10896 13023 29556 14612 20327 2564 18328 32059 8427 11930 32214 31120 26645 29117 17205 8122 5845 8125 22695 3588 15997 6878 19295 14719 22346 8932 27089 9032 1432 13422 10939 6677 1112 2471 20070 31056 28334 1399 15119 17262 31088 18541 6916 28886 14629 14353 31553 30553 21863 10267 26696 20311 24015 19530 7810 27118 26706 7827 11978 14288 26255 8707 27265 18475 13564 28460 31297 3432 3313 1665 27446 25186 22302 1249 28437 842 17764 16624 3062 29543 7085 20617 25044 13952 1808 28122 16176 24187 22062 17790 25667 5072 3160 22884 32160 16646 2490 26394 8662 30883 8189 19167 24455 26037 27626 3481 20807 13452 3990 23868 32035 15302 15523 12657 8703 868 2122 8010 29441 26972 30877 13830 10594 29504 31272 7933 28496 28051 26651 18252 8400 15754 13715 19282 28110 8431 10274 30045 31925 1542 10557 9077 9433 8335 9831 2752 25253 20127 2635 15418 18524 30483 11583 4149 3996 23433 17491 27919 27854 32697 3848 
21684 17312 16102 32139 29921 18187 25553 8520 11265 20793 10954 17397 5346 14892 26894 16412 12810 13784 15039 5305 31296 3844 27513 18813 24102 196 13236 8625 20766 17496 1976 12404 4194 31280 25251 19083 12118 12428 32037 13284 18869 25311 22933 24216 21930 24346 3144 1443 26371 14628 24992 4511 30521 4301 28814 29489 26235 1163 15287 15861 29944 24187 3056 25583 7395 1322 25267 18077 28391 9421 2911 26757 15676 31567 24697 30496 16117 25502 16829 4825 6178 32333 18337 14482 5738 20065 13697 16079 11102 32731 24608 20893 3099 23366 2040 30559 28088 3350 7858 8113 19950 32746 116 196 12765 27275 22836 19394 14716 10307 2733 26989 24404 14363 22767 7236 29406 25781 27826 19707 17932 10318 26 8405 2229 24333 27526 25139 31966 5088 16685 12393 13651 31850 22358 13618 19816 11169 2314 13478 2016 3899 29669 149 19870 30558 13883 6723 27945 23228 5869 1726 16829 30761 6577 11408 23824 22914 1285 522 16041 17140 26591 28927 16730 31078 14054 32438 32256 14833 21018 13696 383 11211 14887 21204 15446 10525 15583 16359 19652 13062 13329 17580 9371 5008 24992 11674 31055 35 11039 20886 25185 3626 24161 30237 21552 23981 16394 461 
12079 6890 5243 30648 29545 10877 11702 1133 18855 25229 18343 31994 31245 4996 24679 24026 14297 28264 5177 8621 19147 31803 2590 30711 14891 21475 27574 5342 13070 1605 22456 2052 5868 14827 7395 13441 11506 17245 14318 8463 30397 27839 16623 22065 4570 19064 18881 29457 24237 8134 12867 15308 3474 17632 28363 13646 30345 11545 26953 13601 6802 29839 18008 32387 21919 28221 1307 9480 13952 11522 22501 15132 3812 32498 25974 16148 9795 12964 23525 24905 26963 12834 23864 13198 23498 30764 24510 29178 29950 893 22004 13170 20722 7822 1393 4938 19277 23109 1670 25002 17117 24509 22537 21592 31382 22832 2680 24058 22763 20301 29194 24299 30565 18969 11694 8025 16968 14236 18350 21269 13930 13443 9769 13182 28527 17178 25079 26785 7229 9594 27478 24388 22515 6618 22492 29068 17893 30985 15710 7408 27872 7320 22380 18477 30466 15996 28587 19022 4174 22139 7360 30134 6747 6570 6141 7981 21437 32104 4728 18555 28420 30896 19773 31325 21434 20226 19979 14027 16063 4083 16515 30552 19175 18783 11297 1486 2192 29961 13124 2053 6843 23471 20283 30287 14106 27201 26201 17209 12297 21950 25274 964 29001 3072 15829 5577 30938 30320 24039 26422 
22293 4934 14967 11239 28506 8728 15309 26337 21259 16407 28210 24925 15615 24090 22400 20708 613 26833 12878 30624 10569 8947 18178 28843 27824 17638 25735 28662 20366 3164 7016 20116 22429 13919 21986 25053 28408 22051 1159 922 22538 2936 6043 18252 31553 29886 21151 32241 3840 3297 17249 1429 19211 3053 11965 7559 11920 28473 14311 12288 5112 30282 32417 10550 14807 19312 18845 12419 12980 13011 2008 18131 19722 24266 28793 22964 6410 30669 2310 23728 1611 16517 8103 28163 11258 27380 8204 14105 15246 26028 14964 17255 31327 11684 7146 27360 24908 1938 11293 21041 7012 14091 18490 23223 31252 26883 18092 10632 28317 14769 11948 17994 111 18586 5253 6997 12179 23571 13489 17463 32401 27982 31376 17655 32180 14293 24950 4873 20050 10143 17156 5236 26029 9344 32577 30480 16920 12133 4794 28485 22320 1479 7937 28483 15480 26688 18230 10206 27265 16297 30893 15481 19416 11260 20445 10717 17558 28439 32523 11177 16375 16207 11499 1595 3402 25278 10985 3091 26700 9720 1527 16200 30182 31034 6428 11614 18481 19809 21593 22911 2073 9395 3899 6240 29897 2881 28649 29188 6933 16164 3949 13721 151 7508 27167 18277 28534 21578 13068 3927 
15488 15717 15303 22846 4697 9204 21822 19920 19763 12455 30651 15198 24092 5827 12447 32476 12812 30248 26914 19472 18394 4484 8097 3160 19165 1491 27992 24265 21183 9899 9178 14490 18911 6052 21080 7792 11270 31562 175 24867 24855 30499 7196 25608 18155 18115 15623 18960 26917 9805 22209 27898 18509 22863 24955 19030 24452 23297 23619 4716 14518 17268 22832 10940 7382 23591 18709 16024 5448 6521 2436 17911 10621 5033 1537 875 9122 9541 12061 12618 23224 24547 1808 28597 25567 30323 5274 23557 12570 2175 20298 31951 12490 23986 19736 26763 4724 28617 8335 28761 7711 7413 25323 5958 15143 21946 30231 12049 27260 17579 6910 20097 19868 10986 30400 21460 26851 7694 27698 22126 5763 12182 17214 8158 21879 18372 1857 409 28766 22110 13509 28267 8970 4747 11617 30926 14105 8775 22593 10383 1414 29629 5123 6146 20750 116 4150 28185 17937 12564 21079 2978 11946 1080 18498 26697 7669 9747 24756 2061 16129 3325 22112 15367 19183 8665 23297 17644 12916 22646 13889 8719 27848 23292 30200 15304 25875 13280 32095 20103 5784 15297 7259 31477 32192 9683 28315 23199 10937 21266 5231 5455 2581 10779 19964 10689 30231 16688 27629 10246 
32588 21485 32480 20634 1460 6462 1837 7329 2856 28334 23543 6199 28550 10797 20468 17379 16457 25090 13384 8127 18258 2174 8274 11798 27290 12502 17477 6772 4169 4607 13352 7481 29841 13724 14180 7202 9928 28844 20482 2741 13553 4422 15626 13140 29764 4915 26173 31066 22895 7470 20984 9641 4240 27307 32448 26656 22592 5250 9822 21615 8186 2025 18793 12937 28228 29687 9585 7198 17441 25299 11 18787 2970 31458 28994 7212 19875 1272 8271 6309 25353 7320 20821 9366 23530 22499 10594 12749 11485 19800 23621 5102 14026 6426 16499 24724 24703 2837 15755 12747 17972 19984 8041 4183 31531 1570 3942 1537 1011 2994 12265 177 25073 25797 20901 31940 9108 19721 4887 29035 18435 2784 2856 18160 29742 24253 3619 32245 10465 24854 7068 187 12297 19614 19992 6053 24870 946 21491 19649 8032 4015 26769 13769 27908 2926 22588 11283 9373 16327 27386 15203 6763 11816 3886 29028 15605 27026 8358 23439 9566 21380 10771 28948 32344 11609 21987 19835 27963 29292 67 17397 9570 8309 2526 16222 26043 23757 815 9585 27974 1424 31444 2860 20195 28810 17029 27357 30909 16344 22238 12408 22646 22635 3167 24596 16109 9042 10933 26230 
28518 6381 275 89 29309 27698 28459 9311 2379 27366 32639 13589 31052 30142 27217 566 25466 14219 14008 7371 29465 9920 26990 12938 6236 4457 9656 25596 24244 8641 18572 3270 7201 26561 11379 28712 10034 25337 8917 11705 10457 11555 28120 7149 28474 20370 5337 4649 23799 6784 21787 177 14951 26240 19692 32474 8791 24871 5674 4802 24513 27989 11477 13306 22918 31324 1133 21074 13191 5299 7375 9399 15103 13031 19775 32020 3244 32034 25761 19901 10081 25910 16359 4768 10927 10635 1031 24873 22133 27685 22923 2687 26006 10825 5269 31263 30612 12432 31043 32404 25241 16667 18022 13453 24008 14855 12845 23238 30505 15989 1778 31594 2019 26926 20556 28353 1804 5951 15833 23176 11091 32342 24905 3384 31262 17950 6518 4831 30306 6865 10089 23481 22182 15443 28478 5482 14985 14959 25445 3060 11236 9231 27365 24136 8572 5037 19614 31348 27874 15809 29811 16682 20898 9121 11468 5760 21794 22819 15073 6112 32702 22925 16654 29588 16046 14835 15022 31805 346 7900 26735 14525 14098 22080 5957 17137 16439 21032 31338 20805 18387 16228 1152 16667 9250 15277 3755 17512 11166 16029 22138 12639 3143 18818 2002 32130 27374 13873 25331 7439 
28748 14669 7344 1312 5078 14703 8363 26125 28661 6275 6739 10160 26589 11991 16134 18558 11604 15711 25447 16260 16144 21784 30699 23615 27930 17764 24566 7341 11174 31767 2921 16042 28398 8162 8036 27811 8854 11540 24739 1412 21517 20765 8071 4474 20679 15106 23188 31911 27388 20351 26786 15742 28279 15936 4292 16808 4097 7435 29539 31634 2218 22287 27383 25527 15768 15264 7529 8557 29405 1165 22690 32135 31373 29194 23877 21894 11402 15888 24843 7320 21520 24647 17359 12100 7501 13667 19683 3302 6331 19927 15840 22422 2328 16039 26155 5913 6414 15030 62 4866 23316 4963 10240 14548 21580 12255 10399 3115 14476 27842 98 5802 9036 18162 3502 20367 22664 13360 3033 30828 22385 23774 20843 2943 622 20206 14164 2140 18434 19504 11950 2087 6403 26044 31518 20221 11469 14932 30901 23666 11838 16539 7700 30649 24654 25919 15300 2846 2390 21131 11581 30645 18751 21247 32297 25081 23195 28955 32397 4572 24052 7703 14775 16680 28806 22261 6120 17117 1534 30686 32754 23800 29958 16184 12100 6092 12934 19573 10612 1638 32391 20600 8212 14927 631 9027 28589 2514 4711 23184 6661 5245 24292 26377 3098 27293 7840 14451 9006 19710 
11057 14403 30912 25060 7416 1668 20822 23960 7956 7305 29812 7692 32451 20638 20332 6991 30014 3575 9403 26785 14763 737 1051 16614 17126 17810 30094 12226 12782 30267 31480 15733 23827 12145 27472 21763 1636 28404 9317 30002 960 17337 29772 14792 28526 27073 27662 12285 31579 13187 13684 27468 30455 28148 5802 14829 10788 25220 26214 15988 30979 22199 31105 17821 16361 4435 31405 14626 22977 29913 28564 7307 20548 20662 25272 22828 3160 29276 25595 20253 10975 17154 12386 16654 27641 21114 19784 10182 18599 23972 10786 20102 10717 19645 3750 23865 21939 18763 9463 4670 16331 4260 25990 5679 20818 5253 10327 6113 16102 22976 9135 12981 10900 28019 5273 14731 45 24783 22992 13046 1173 30996 21107 28527 16736 10749 13373 7509 9294 12970 32079 29710 17522 15378 3473 32296 6547 26132 22940 12966 8862 26341 11681 32153 7251 25745 22476 18788 22707 30116 2952 14231 16134 26211 945 22887 23679 21609 6977 30139 27003 15879 20857 32372 14869 15802 32189 8731 6800 31331 6252 20730 14987 27263 30836 24931 28636 28168 12273 1137 23270 24677 7085 9033 27050 23987 32546 32328 14355 26555 31274 27526 26814 837 7124 8232 11724 29838 4961 16740 
3081 19061 20250 10433 25572 6696 25623 15380 17398 5885 16113 10398 10360 6535 16205 20959 25856 4711 12391 11555 30764 14061 28480 25655 19937 6877 8485 14690 17414 19432 2381 29747 24471 28679 23453 13810 20564 25840 21894 25848 25344 766 16393 17812 129 20966 8003 25458 11062 27800 29550 13123 19387 23058 4298 17606 32038 1711 19581 21174 6708 7012 19657 23746 6028 25077 31122 733 25492 4372 17066 11148 26821 21520 19785 3275 29845 21294 11723 18617 31488 17354 8924 531 27069 27466 3123 26798 21911 12834 12025 17952 8888 15574 1391 15718 16132 9076 9357 3213 14236 2047 6844 9731 22715 19292 11806 9905 12518 6073 23150 7497 28980 23451 19691 18960 32239 1001 25342 619 26168 8097 22201 9806 3358 11599 1707 1582 25290 18491 21462 670 18118 13978 316 4676 6684 14644 873 20818 30605 12697 20337 7510 24127 14988 2826 11501 29431 233 9379 22260 7308 18369 11704 32741 19553 10145 15894 32354 24569 30769 970 26248 23517 5278 13038 16997 31786 981 18041 30455 3548 16050 5813 17076 21425 22357 1415 23557 12440 16437 23216 30305 13621 27903 20460 7225 7589 9995 20069 18470 22555 18544 358 27964 694 3650 25173 7666 
32299 25362 5148 16832 9130 32497 14508 3256 3779 29531 23323 15774 29093 3850 8010 21246 15747 10345 18124 6411 24707 17813 10835 25306 3803 7612 23787 2934 6880 13452 26090 17809 20030 18572 27131 16206 19653 19564 4939 9920 20654 5288 17117 5316 10764 814 13578 10245 22873 10304 30741 11764 24840 1147 27559 15939 10091 12731 10467 19989 27660 8457 9248 12862 13049 16892 11081 28686 19331 20235 5308 15434 14030 27780 24664 25577 144 32524 1357 7083 24236 8619 3075 19184 7417 29868 22819 8378 10946 32087 24856 15382 27329 16462 31176 19394 2153 21524 12707 32026 1871 25533 32089 4377 32066 26483 26712 18469 29843 20299 22299 7765 24616 8768 62 22080 19153 12363 5467 12327 19074 31256 28137 29055 31847 25514 5189 22653 24282 31561 25057 10600 25319 13646 6972 15037 13237 29676 23570 20322 22607 269 28012 29243 31894 7934 11846 30313 32544 22798 6496 14403 30889 2766 1439 7215 10117 13809 773 14848 3531 15971 14657 26322 4356 21990 9409 12303 2072 29563 10195 29786 19244 7591 28569 20114 26858 32428 30936 26526 11867 30675 20675 30539 17659 10555 23333 9332 13690 12188 28341 30568 18734 9799 32406 21571 15575 28334 31892 20094 
5301 12360 20311 4659 5740 12363 31153 8434 5301 24110 12611 20782 32081 513 29818 7807 28597 14084 19230 9708 21903 3291 11944 29293 10705 11206 18286 14979 15826 15258 7508 10891 4642 20117 28467 7492 15141 2939 12012 15258 11359 32368 8902 15426 24397 26480 20706 7998 8045 12767 28639 17135 13516 16836 10988 945 18224 16470 16699 16075 25852 14147 24831 3626 32124 24851 8514 14324 103 29464 28194 28540 25527 9674 21791 22681 17705 29899 16387 22107 2097 2349 31408 20055 9535 28758 23897 7301 5721 31997 17531 24167 31630 22071 1787 1949 23192 7693 27242 9268 5750 26219 4970 24707 5147 15935 16770 29997 10455 225 22267 14657 809 23428 31440 30748 30393 27755 17002 13989 11480 30338 2209 22829 17811 1469 7389 260 18306 32349 29683 9311 15623 15801 15987 7331 22640 4771 20065 31039 30309 14568 22516 28146 27092 29045 16409 26853 16186 7921 6909 27804 446 12353 9682 19211 8781 28997 1657 28511 508 12436 6759 9569 13203 32379 5719 19952 16304 7514 10881 18773 3150 16111 7563 5604 13766 3567 18634 27386 10912 12161 5859 1703 19634 18727 7782 19008 5021 16916 604 25981 3630 29422 28149 15821 5443 20738 3825 19532 
28777 28818 1755 18913 12435 9157 10351 32055 8058 29410 14630 31857 17494 26470 28219 25714 1251 23870 18453 5670 6716 9016 11249 7969 7241 27963 30070 3711 29085 28267 23198 15456 31853 20902 3231 26605 3811 18538 15356 7771 5111 19303 20875 16390 16338 25278 15971 21325 15762 22782 1638 14766 4174 14125 10380 23656 18659 23198 8050 9240 2531 4242 21121 29346 6839 6576 7533 30273 1529 28536 5991 19045 21904 14964 12565 29961 2560 17790 30435 7528 16082 22879 25448 8595 8773 5410 18900 23316 153 29471 31313 7297 26183 12330 6793 24306 10302 9646 12954 7269 4116 29691 27886 7908 7120 14962 2480 2211 32497 21546 22747 5693 25178 18680 7359 1862 17455 5226 32759 13392 25876 28841 17483 19208 28315 202 7030 20199 32334 6981 30195 23596 11971 9421 5780 8064 8316 28689 17854 9554 16196 2024 26645 21633 4510 20963 8784 19152 28112 18114 25834 22011 29786 17824 31044 22225 23197 32047 30111 31734 3989 143 17043 19446 7903 32578 7305 26438 8892 27162 30 5108 32669 16959 19960 21217 26887 15578 5664 10224 14140 25997 26869 4781 24686 9798 2739 8881 31737 17463 18602 21086 31778 12186 16205 17682 21357 26235 20092 14078 
23813 6343 23815 26205 9387 30821 9073 28251 32705 23599 15345 22193 31900 18514 1436 17565 26117 4177 27132 30300 22060 15195 9458 22698 3140 6421 4064 26581 30290 12571 23501 26306 32637 13352 22327 31185 5688 16014 32487 7233 31790 5326 19456 26963 1009 31196 17748 3994 18841 22430 26677 27384 23304 19055 19411 10238 28018 25609 27044 21176 19654 14228 13525 5184 14271 5682 4595 13945 23413 6127 21340 1118 20106 18901 30625 32185 5775 32680 4133 26048 29399 20923 23120 8960 13220 17638 21190 9230 11079 2943 10914 22250 7338 12630 13298 17679 9136 10546 20689 17459 11690 12335 11815 23901 26110 18831 11656 31407 24156 17033 25698 14353 15770 2206 19157 8546 4454 12338 19397 5795 7313 29993 16972 27342 28410 27409 20844 17761 23648 18250 25954 30254 2580 8352 13355 14621 30814 7933 2339 15241 28685 25531 28449 19191 7191 3649 20295 18642 12402 16802 25342 21201 28376 31746 31549 20597 816 12378 18140 8799 26418 27963 13877 30879 25640 11278 26587 21859 17225 26199 26175 12449 29853 1184 12559 20445 11763 27638 21292 17000 8637 32497 30157 27366 5219 19025 22414 21658 5525 7197 32470 25717 4355 10973 6132 25664 17239 22992 32553 30001 
12838 104 12252 21479 10821 13300 27410 14654 32301 5374 25425 24027 28999 30542 4448 4792 14291 2554 26332 25310 21179 20211 14021 16399 23776 20393 4828 32195 10126 6969 7095 23192 13527 12323 3621 13244 29296 24065 16613 23807 14835 32540 28529 7924 438 2327 6208 2703 13970 14715 24994 27334 7106 10889 4044 23272 3731 7186 711 10826 6670 31307 6269 29765 18818 22353 29241 18022 14471 19063 31630 27347 9191 32224 3398 6323 16241 3993 25261 27816 24600 13152 7927 1784 27848 165 16542 29882 29066 8609 21127 8679 4940 13072 18213 5264 12284 10739 30739 24247 7022 19360 28908 30590 12396 17878 622 28122 31557 28765 13417 9674 21866 6755 951 8446 30444 18680 18218 17975 2998 11692 15636 4295 27005 11701 15367 9142 21184 29259 2198 17965 21674 22263 9544 13305 12352 8039 21702 17987 11718 31109 16910 15806 17330 22310 17288 21196 6354 19455 16722 6005 19402 20831 9292 25751 26222 23003 6304 12485 4930 25198 25497 24617 14872 31983 32194 14773 8190 6341 30181 15444 319 16130 28274 31653 2799 28670 16916 27665 21707 291 11114 472 503 26016 5246 10148 18595 21599 29474 29019 26874 29760 12048 6252 31000 16626 20203 29187 
9417 1238 27193 15083 8225 15378 23816 24662 15858 10487 32548 6353 30036 1974 28311 8104 116 31963 29716 9495 26501 9499 31396 27618 18538 22286 22947 995 29577 29553 23164 24797 9732 8641 26721 3715 10298 5078 12667 26268 4844 13943 24560 20721 27747 32398 14946 21802 20135 26273 17130 31030 10649 12958 23071 26508 5364 5427 8870 7732 14870 15902 30679 28761 28308 16071 6243 27815 2197 10953 26333 16438 21286 32437 23863 1034 31949 6633 14841 16957 22690 29808 813 18740 9836 7651 13582 8145 18000 30181 9063 22832 25167 30419 27183 23510 6788 13796 29615 12746 4406 5293 30746 20126 30454 12111 2295 927 10002 15336 9760 2784 21478 14438 1455 2035 7961 5038 11625 29175 20658 9393 24438 4114 28163 14452 9051 19291 14147 21256 30019 19542 24820 20846 11256 17450 31430 9198 22578 735 23801 17222 12096 18179 12702 15953 91 28101 16807 20476 31493 22180 9952 11544 30542 8532 28751 20010 26834 16841 4771 1051 17487 25381 22625 25596 1050 1685 12854 24859 11655 5590 22031 17214 14822 20286 23125 248 195 22153 11093 10599 14439 1141 17811 2468 8413 13992 19514 721 29742 24528 28801 10140 3846 11444 22072 14537 29542 12062 
1934 15151 692 31905 2794 8770 17616 19632 12934 9676 1506 18560 5384 5246 29936 20792 12784 23499 782 8422 27202 9670 14731 19752 13600 10334 10155 27366 1214 17645 8429 14807 402 9070 7517 24637 14767 818 294 558 17670 2922 15032 16471 29718 28490 138 26189 31453 22673 8298 4221 26107 10143 793 18678 16714 15277 26003 14822 13941 10620 27340 55 14385 32003 27181 4275 22397 5359 14648 10037 1148 22120 30046 19620 30226 22561 8087 22876 13537 25632 22188 16105 297 13337 30847 30898 28458 20457 13719 375 29811 25992 29611 27494 18677 6401 25807 21546 17510 25525 17802 1915 25374 22783 31013 10488 15534 7497 1217 27783 20048 4280 3339 7592 15491 18214 9405 25269 25253 21432 19848 16478 8026 31097 20680 18334 32104 13836 25478 17963 13573 15345 3729 23298 28410 7032 15928 25614 7989 5452 13545 28950 13400 26423 12028 32344 12650 4000 10352 20837 14895 3424 7993 20684 23112 3521 3187 19074 13351 26394 3281 31380 21276 26467 17851 17799 23269 12154 22082 16190 7092 3898 28966 21324 7081 8504 9263 18176 31344 24528 4671 17657 32055 18062 9736 9513 29245 14682 1980 20094 3905 13771 10736 9711 14340 25970 20744 22884 
7282 8960 17038 27046 1282 22688 6511 6652 8569 28401 15589 24459 366 188 30017 1539 31836 27431 16489 24207 15870 612 21337 4039 9067 21799 13180 5607 16233 12824 30557 30671 8222 16704 30884 20502 7563 27213 5813 14192 21069 17041 30080 2665 16468 24081 19974 21095 11204 23448 17286 22818 20159 2378 8976 3097 25168 26976 2502 25439 12035 21306 26149 571 15834 13367 19917 23773 14086 29994 18283 15841 10321 30376 29428 14151 30733 1232 14361 23196 30816 11199 25704 11256 7858 32505 29503 23950 28539 21615 27965 18073 31152 13487 2021 28865 23471 6769 27688 13637 6993 27221 22874 21943 16825 638 19304 22361 7228 31080 21879 26273 4056 2089 13091 2082 27266 3967 11362 17969 17461 22039 1976 1914 4831 2166 31439 28352 27589 26310 14250 14383 26395 10932 15392 29469 469 10968 15962 26978 6734 17952 31292 32401 21647 5777 12054 18471 30802 26484 32233 18633 5240 19428 20371 25163 2110 24399 28352 8066 7871 8943 8963 12784 26996 21547 31820 24574 4268 21465 18185 14637 8451 1090 31436 27624 19320 15846 21600 5080 17701 27360 26825 12975 5937 14748 16884 15436 26456 4967 6540 12733 4019 31423 28977 26951 15369 10088 232 27205 
2036 29906 13363 24570 28888 1453 27295 20696 13355 14874 15777 17827 13543 7661 9458 10842 4650 16468 32352 16034 28994 5436 1749 11561 22420 20328 1827 27009 687 20495 14768 8918 17209 14186 8170 30277 17282 16641 11869 1273 1 13782 11065 24299 8186 8227 19948 7192 12933 9199 13586 2176 10870 23539 6206 2723 29600 4512 27878 13570 6173 8135 659 12881 102 19078 13926 23733 10156 30755 23376 4958 10293 24712 6158 700 4655 30092 27622 15188 13711 20575 9462 2263 12308 31037 30504 14305 14238 7294 20090 677 15275 22477 8265 27236 18592 17729 363 22096 16747 16497 11610 16714 11426 13414 7818 22551 27873 23347 29836 8697 31181 28944 32613 9509 25471 8465 14462 26169 28477 2645 13887 31886 18965 12891 6138 14834 18661 21251 9666 27516 6772 26388 27571 26974 23401 31320 29239 21330 4 31120 29626 5277 12480 15635 25447 22529 1602 19536 3028 12532 3482 26799 31720 2234 15047 2726 1538 3725 20246 14166 18701 4394 32385 8439 2150 27957 15659 1096 10790 30201 26135 12014 22481 18724 4858 5582 5978 21766 974 15703 13887 12011 16481 23593 18230 11547 32265 25009 6055 1420 23221 12169 20382 15214 14179 6897 1491 22180 
19680 29812 16613 19442 6602 8555 1416 19182 12704 6541 9756 2923 1416 13559 2497 25556 28783 22850 29072 3547 18065 4293 19188 31332 14768 9029 8556 17654 17515 5010 31819 10690 32700 32494 20021 25237 778 27096 28666 22147 13932 19930 14521 9464 3252 10377 23096 3056 17813 8127 7887 27827 25740 5766 26594 19978 4519 29491 5246 27309 8696 10000 27340 29307 15614 24651 30576 23044 1656 4853 26651 7994 4012 16392 18300 15045 30391 7878 27023 9689 32671 1471 29878 8780 9615 5091 18984 16234 11735 13501 18623 18898 4313 12767 11660 9851 9286 22957 6763 4582 31053 24828 18325 30122 30001 30431 21617 10666 23474 21460 15417 24913 13208 17750 30844 31846 17624 6188 29586 15634 10467 12432 2586 30985 17278 26019 24787 1484 27896 20484 15118 16727 18773 22225 4831 19867 9795 7171 31104 16942 23956 4086 9221 22093 187 19442 7622 29950 9483 25030 7867 626 23125 23427 13936 16113 22768 1122 18765 5695 10122 8971 11257 66 28720 2472 17061 21422 29278 20009 13119 18568 5827 17833 19518 16459 20353 17287 10111 19705 21707 27417 1517 16561 3968 19646 23115 14160 8170 17869 27488 3880 16090 26668 13757 18662 6975 15692 4323 3886 
21217 30440 6677 4222 14066 21381 26345 7636 24084 17591 31855 12336 7007 30323 25688 7181 10419 7275 20358 14950 15973 2479 1241 2355 20361 9780 29975 5979 1703 6214 20925 27334 30624 26754 30471 27792 2494 30203 19862 31869 32053 29307 10843 13913 17011 19733 31016 27650 10760 11280 15861 16355 13962 11794 23491 20959 36 15806 6004 3120 22186 23667 24333 23467 23939 14404 3947 6867 29587 4852 29432 12304 5877 21034 12404 14561 10238 7214 13890 28185 20997 14367 18671 7020 6642 6941 14249 1189 5241 2394 6914 13376 9449 11134 11554 30308 14385 31309 684 22915 7876 23015 16275 19097 29496 11318 649 2531 17834 27617 30689 19288 35 30189 4960 14337 15539 4196 14655 19539 29144 2380 18842 10249 17609 20224 9796 1805 811 9456 10099 32090 26609 16145 9152 15322 32599 13493 4944 2100 32137 12340 9371 19700 15250 27368 21304 4752 26083 23836 3550 17718 17792 2467 223 23657 12651 30017 15413 18254 1275 6651 29643 25047 31057 11833 29100 18422 30868 28498 20575 30423 6073 1951 18134 8539 10529 11557 20022 17935 9159 12615 29454 11330 7732 26427 32289 749 7886 17399 31538 7691 25222 8614 11183 5814 3623 15768 18584 11131 
13601 1553 19206 11030 4053 31820 25413 4830 24424 23848 20432 29968 2755 16121 12658 14893 7607 32066 4360 20781 9928 26349 3017 32690 8156 17821 22861 3945 1974 22192 9292 15038 16335 15191 14737 8694 23059 18765 10078 21139 24519 8847 23622 22998 11043 22222 5331 21340 25157 15042 18878 14085 4963 12236 24301 20320 32470 22566 27008 11484 8453 14830 6939 6563 24252 22552 9158 9087 9934 31015 2595 14439 19687 14959 28471 18887 10594 3799 390 18786 5634 15156 5078 26449 13453 16364 26061 25179 22596 12417 1785 28736 1717 19809 21952 3669 2084 26101 933 11764 451 10678 5444 25701 12843 7302 4485 25237 10582 7692 12341 31494 16761 17776 8135 27723 30782 26038 22204 31455 16145 22591 24682 10297 7409 9506 16573 1155 20311 30828 25323 20197 12956 13358 23825 22817 15103 15755 2947 20249 21612 8691 3706 4130 26375 22054 18560 17711 21615 20244 23310 31494 30220 13996 26482 5037 21416 24527 28537 21093 30185 4588 27683 11523 31958 13429 26610 5602 11502 15387 32434 15687 22251 6656 13703 32608 12370 7060 20260 28922 3482 23229 11696 20465 6939 2881 8264 28149 7718 20410 74 3693 3963 19199 31756 1298 30563 29114 27241 4260 
27512 28403 26443 23856 1482 7417 28375 5533 11681 31973 7077 29184 3014 27194 9190 28712 20625 7836 7729 10441 16619 8116 18675 11844 13727 5793 12727 2842 805 10909 11423 9889 15400 20453 32442 5386 24021 11985 11485 26652 23908 3098 21466 24448 15495 20500 10405 5748 4887 19822 11523 20869 15897 26209 30193 13614 8736 21685 6608 22505 14499 29792 19190 7575 19940 25643 18609 26599 28785 13256 21605 27330 3517 31822 31078 29360 3792 22703 9331 3622 10932 6864 13438 20568 28291 14004 2379 1312 4660 23474 3862 14759 3360 25245 2080 6825 30793 29252 29401 18003 16760 10754 3777 9235 1986 19037 9928 7910 24589 25700 11525 18373 24214 21494 19852 673 16481 20579 32555 19922 26799 8796 473 28953 18103 14436 29136 1510 23368 9757 5008 19659 15423 9513 13123 1099 15277 22949 226 17192 31821 4130 3340 1607 26633 21522 4753 2921 14507 1643 28023 23418 25836 21627 11455 15103 14018 23620 6656 4978 11516 30781 20554 3217 32260 17080 7098 1573 30743 3110 18345 19698 20478 4468 31002 12722 7427 7269 10499 15922 19706 5240 26107 23110 20541 16773 21712 28405 9820 30288 4905 8088 44 8888 13991 7900 27149 13975 4155 31372 
28660 12547 11182 32232 11894 29860 29887 363 16196 27507 14620 16011 12041 21095 30876 25567 6496 28224 4247 21255 19402 5566 22333 10387 23460 13313 21964 12229 31376 29659 399 21681 16208 18118 4143 21732 28045 17787 29605 6465 8415 2143 27503 31692 7472 2070 3515 9361 10464 16436 21046 4102 21566 23712 17877 28427 19856 27429 5906 18307 28637 24393 6732 15397 30099 15168 3132 19576 10540 9062 13597 15856 16917 20896 15666 30337 23113 288 12708 28089 19763 9730 19656 14931 32739 26972 13325 20136 27271 25796 28922 3710 18285 7028 688 5554 25800 10621 19471 27051 13697 8605 9664 13915 14779 18365 10379 11238 29233 18602 9667 22464 5248 26904 26488 6602 29878 8573 19542 16276 3592 17004 24945 9883 14510 21394 26593 6970 22695 20829 2850 7718 14959 21404 14172 377 4786 28330 648 11023 10705 19207 8250 10532 27640 28245 31502 29968 19782 20123 8679 27047 11718 10220 27228 28913 31826 29489 9180 26125 11268 16196 7221 17561 11945 9975 5111 1336 25619 16668 31879 2715 26678 19712 29936 22415 31282 4286 6429 8444 20955 20264 16224 5712 30550 26268 16413 28046 12091 12622 19872 8044 14734 22669 30823 5806 25401 23687 28341 21112 
10222 19263 13370 11424 32545 5120 2699 19868 26412 8459 21015 1102 8577 7047 18804 4282 9646 5009 22705 9561 25586 4899 24875 13461 31293 32592 7191 15192 12885 26323 14378 11322 5956 12917 832 6524 3365 29575 240 16286 9381 1691 2157 14006 22782 2394 25558 11975 23318 2865 20530 4709 30766 5870 368 23856 20309 26861 18210 22015 30630 3725 20624 17176 7722 1987 12717 5169 15141 12642 5011 12438 30835 1017 9875 15651 2125 11721 24087 17401 29867 4558 18790 22205 3785 16263 7891 15427 14323 711 6673 26141 14197 19375 9124 12156 25299 9048 28589 12558 32202 17841 1238 17205 25870 11674 2735 2157 14419 17596 19789 2082 17199 24736 3142 10523 22194 99 8208 27285 14480 28990 21865 23956 29745 16988 15399 30774 9445 26461 12346 16032 3774 31802 13029 9145 30635 8988 26657 7102 5094 6563 6518 20990 4209 3459 16173 12862 8322 9945 8741 30962 30452 17834 31430 6007 30305 19787 2928 21049 26869 16381 9021 12618 20511 12075 11652 22373 18972 30709 25699 14587 2786 176 11360 8536 1363 4287 20764 27562 28234 4583 344 22745 27472 3906 22706 18183 19262 25892 14156 12704 17444 15297 12166 11497 12636 26200 250 16531 
15731 27789 11095 31483 24181 19269 20381 6309 10480 317 6710 24594 31936 20853 5104 23878 28283 24870 1229 4205 10290 15818 20860 12363 2911 16202 22923 22146 47 32176 6546 28491 27739 5638 29524 26291 26979 31378 1902 17284 20259 32121 22316 21083 991 18688 17860 13952 31569 15740 26269 16184 27004 21398 29165 12561 20003 23792 5665 915 18084 10889 17994 17920 29930 2941 1180 25507 11334 31178 18674 12589 20150 7358 27152 16571 12830 25972 7616 4516 17084 2428 27093 286 1039 30210 11069 12073 6479 32533 5250 9554 1626 5926 31235 29298 29448 10224 13270 7699 20304 12173 16862 3293 27998 30034 22637 19455 13547 7188 1121 3487 26966 23067 22087 9846 1334 32686 13349 28768 3857 13719 26567 10891 16867 17796 6549 6070 10118 23376 25675 16999 5690 5649 16848 15472 15697 15494 19090 25635 6374 17818 19674 16491 15845 29257 12423 7435 22353 20388 5390 32512 8838 7299 12637 28174 17399 21641 29340 11620 4266 22453 6491 7014 8277 23721 1154 4489 29850 24029 12558 12585 27418 2808 25982 30446 16953 22331 9148 12813 14257 23970 537 9947 6675 13037 169 18441 14057 3032 20334 23530 25128 23141 11330 5951 1710 29589 29713 56 
3665 11470 8635 18666 2574 8007 27912 31504 26346 19376 5027 13685 30531 26056 4778 8456 31864 25957 18190 1697 19739 21320 2862 26507 28433 24641 17992 24856 17873 18633 19851 8433 8899 16183 19427 16866 20859 20150 2118 6198 654 12134 13667 1243 6481 7096 26070 19318 23624 15914 26545 20291 8486 27282 28659 27716 104 9630 5424 22549 6595 11797 3567 21335 23775 15001 12599 22010 13631 30822 27673 7475 15093 28466 13647 398 12418 19725 2190 19680 28228 21577 10376 31342 11868 514 4581 23333 27576 6475 6002 30 456 811 4634 13193 4016 10618 13291 3542 32496 4158 30427 8615 2446 16928 28886 5245 5864 25109 12232 6435 26513 9494 17251 1709 13182 896 15487 24525 17096 29604 14715 16904 17343 13016 15668 24965 27516 13082 30055 1420 27552 13065 11049 3064 9003 20472 30684 23115 9834 842 17484 20709 6995 17051 2577 31392 11675 27193 6086 30895 9845 32079 23104 11546 15345 31951 27197 5464 6581 6350 3868 13960 15149 17203 27541 25963 1919 523 801 29100 26773 28742 28212 31733 4233 20192 10194 26934 12222 16753 5715 29451 23853 25678 31324 26038 3805 24378 22199 807 2687 28674 20524 31618 30149 22725 14112 23335 
31189 25178 15483 14909 31371 8495 7961 9244 8361 30538 24754 5659 27673 13577 17115 24294 11919 25611 17577 1159 23157 19379 8249 1038 23980 19904 6303 28613 29647 4685 22448 21342 29863 26781 27116 10829 21465 8449 1407 32697 7682 24285 6500 24934 23585 6372 22709 32149 13572 3851 31363 21433 581 13462 3029 2494 21864 32659 20477 24321 3246 4979 15227 28922 32067 26871 2686 31343 24533 7918 12116 9966 13387 30117 20463 10863 27824 16455 17940 25658 29457 9660 8649 6680 3228 1617 20861 23280 21841 8458 14500 3615 21443 3238 31000 29514 12529 29281 10604 15345 14202 23015 9962 28873 3119 24059 9165 11654 27816 27202 27666 149 13508 18994 16548 7324 4946 18683 2816 16958 1613 15207 17327 20698 4396 29681 29375 31350 9067 7604 14018 1900 26733 12684 16783 16752 4686 1948 1277 938 4182 26045 11775 23022 15306 15053 30652 10740 23004 29917 27041 667 1597 22261 5341 32597 564 15441 3843 25286 506 32321 22211 8474 17556 25298 5397 10415 1764 15342 24016 32344 9993 11548 6754 19313 16943 940 17821 5777 29759 17076 8691 10406 29807 16418 16489 18620 13050 21135 13810 23591 2904 9016 6196 12635 30054 2486 16494 11989 
23947 30699 23335 3400 11461 31795 19208 26444 12328 20375 8807 3862 32416 15368 5990 10821 1780 1094 6520 17981 8382 25241 12493 22448 10713 8818 3868 21547 25160 16260 16780 685 14479 21882 30051 24021 10120 25231 28829 7041 16836 19802 20534 30223 28484 8485 3208 1891 1768 21403 13783 7775 3107 28277 29051 14 27666 19451 20003 6396 4701 3227 24662 13672 4480 31628 16911 3322 32703 12386 13257 19077 2764 13613 29375 8256 1563 8553 31862 16950 12862 13326 21475 27841 1496 11320 1147 3339 15606 25895 24310 25622 15027 20455 12175 30506 22838 15011 18813 14822 7584 26934 65 23736 22833 16301 910 15668 18733 3066 25698 17558 29787 28493 12479 21700 18780 5312 21339 15041 6323 12157 12982 32476 4841 9259 6890 23675 13430 21658 3608 10294 25512 25989 32275 31549 11939 9615 23573 28051 21313 10373 11487 32758 28057 12492 31826 29333 22637 30406 11880 29612 1631 14524 13448 12648 17835 13866 5664 2918 26043 29653 24840 14613 25027 11076 6720 15653 15594 27356 15292 1135 25943 18410 9550 20247 21612 10433 14506 6772 10903 3367 20993 22683 27826 4237 18981 28682 9179 10432 28824 21065 29340 14418 28655 27385 28306 20821 17796 26864 
21018 3204 27180 7936 22725 5013 15592 19843 2654 15784 32719 18940 26111 9233 25887 22489 1763 26370 390 6562 2761 12465 3187 28342 2060 8116 15096 12379 26241 30681 21331 6920 10665 11047 1182 31306 26457 6191 23692 1982 6218 19316 17616 1162 5963 29767 31254 10867 2053 25477 15336 10508 11683 2480 22072 6239 32005 3613 5277 10494 16524 27892 3902 30952 936 6595 745 8954 3506 19309 8207 29215 12183 5747 25785 31972 2021 27702 17771 10295 27494 29615 32726 19729 32246 31756 10513 29320 14734 13224 28899 6350 2818 15070 22664 3781 13111 4283 28715 21110 20908 30165 15026 1769 14253 1619 3827 19099 19720 10863 1168 4916 24298 23951 9690 19110 7263 1038 31294 5739 11806 13597 27181 32067 8249 3812 12766 18258 25750 24279 26555 6574 27976 11110 19837 20347 32495 26736 17496 32435 1019 12925 11434 25862 22978 32640 1990 19779 21765 25026 7500 21378 22645 11770 16035 29968 18048 27725 27097 17330 18716 22108 4534 9500 21366 32461 30894 24191 14754 28767 16442 12191 12865 18581 21161 28323 2222 2441 4788 13128 27733 25599 23233 24907 4270 20750 19930 25231 3727 7178 19753 711 9185 32337 11131 4189 27257 23311 17 12245 
17774 22080 4595 12953 32432 13537 6966 25699 14959 2804 24751 17390 448 6992 3790 5396 5776 3084 9787 1601 1131 14785 26981 26871 2715 8635 11376 26329 19646 17249 26785 24519 23867 28506 5430 8103 3955 22613 32299 9279 5320 27774 6881 18587 23254 13515 28448 6703 7657 26281 2151 25396 13555 20921 7555 3022 26296 18704 28089 8777 764 32245 30484 30828 13095 27569 30596 27814 15074 3518 31227 1888 19851 15792 17777 19481 4127 16969 27130 24177 16863 28683 2647 8448 21519 16113 2319 26905 15123 14511 2286 23742 24710 11259 28323 30554 20790 25573 22153 28264 24221 12846 27194 7795 21842 9354 15688 31073 23225 25896 13668 24898 26443 26623 21844 11446 26622 31293 116 26128 11947 12116 8474 19506 17095 10497 9255 778 20639 24222 5298 3091 6499 6551 9972 22784 25734 18372 8402 18936 30012 26017 26653 29050 13504 23185 12916 6177 1616 7114 10300 7045 31412 17263 15986 437 26425 13589 8195 32519 9158 22694 11462 27716 6963 32164 18744 24280 29601 20230 268 7970 26652 29335 20573 28308 5297 17173 22389 31313 9306 4403 31551 21787 21591 22536 26473 931 15973 12995 17182 10662 21285 25239 24992 19567 4005 7200 8138 25160 
11992 32762 20244 10416 14438 1631 30991 24168 29613 7131 29043 54 7844 27361 19260 16637 3267 15489 22589 25737 22954 11515 30759 2370 26882 21298 18095 28541 32027 15013 24190 14285 22169 27706 12727 10862 10289 8858 8328 3920 28068 31935 28242 1680 21688 12942 17009 3074 26833 17611 9253 6761 31101 31856 391 25172 27732 20575 15127 9034 1157 17705 14373 28987 25985 22700 14506 8551 26808 20161 30684 26506 5275 23424 18393 9858 14970 23151 11847 28764 28772 12357 28853 31406 6724 27888 6948 31498 13524 19905 6417 1829 13358 30872 687 14361 1386 12898 22096 17036 6057 4674 7744 10201 5569 13095 20079 5389 6800 2965 14770 16666 25453 15124 11777 1363 27549 21827 14636 19 1605 29590 13066 23635 6742 12775 27978 9393 10645 3150 19360 14289 21594 18136 16483 13558 16641 10617 32477 15182 54 22218 10936 25725 31844 3978 17119 15211 173 26037 25803 26212 12180 28233 8697 13589 32380 16114 22935 1849 28441 5575 22059 20711 5206 18744 15525 18910 13553 4845 30579 28342 32064 18539 8900 9951 11260 20414 16635 29222 11788 14403 30095 7191 22010 28114 21855 9380 29486 19055 15327 28057 10262 28165 21006 20134 23840 6234 11856 18548 
11263 13661 14650 9942 26477 30758 14549 1034 30644 32118 9597 2458 14207 3498 7988 21866 20835 25150 3341 29745 2102 22674 18979 7851 23603 9162 30343 27711 31093 12644 13299 5337 8279 18011 9057 22719 6674 11658 10876 18252 30455 9654 25015 10115 17650 7128 28236 11465 10892 21004 28336 31329 27622 12967 19896 24341 22657 14610 14274 24306 6806 9530 22958 7172 797 29065 15626 14627 4909 19767 14920 12684 25377 32678 9725 26631 32287 30083 9518 30599 11224 21660 21533 21436 18679 15452 8488 14 17689 5590 13219 22651 4395 25405 12202 7582 11703 18111 6395 4108 22462 5088 16425 26563 26062 32529 22383 5406 15560 17432 24847 27718 6771 995 24806 3743 11340 2208 16912 12509 9484 26774 26296 9489 31173 30783 32438 20084 24550 8013 7231 23745 9781 4357 23592 917 14039 15923 18257 17826 12856 17673 18523 31291 739 5122 21615 32173 2511 6697 12032 2077 23734 4230 27233 1781 6653 20783 29801 4671 13896 17035 5773 29807 8193 200 4603 26932 5650 9226 28048 315 19569 228 25474 25046 28253 11364 8327 28438 522 30843 16189 4499 17046 4148 11559 28612 24947 17843 4277 21516 30332 20789 12472 5285 31808 12466 22591 11766 
23304 7068 1104 27484 3167 3236 3675 14350 12197 12989 30343 25032 9695 1504 311 19110 32591 6301 12715 23553 32683 7481 10309 2259 28645 27587 12989 32134 18309 12433 15431 26467 20604 29481 13502 1970 23718 18227 27448 15704 28126 8676 10793 26921 25632 8739 21251 7259 31131 3603 22184 6736 4559 24135 2582 30501 24555 18947 2928 26806 28789 9981 11390 32663 23262 3917 14901 28102 32251 15073 8941 19377 11383 27387 23419 5253 6530 27474 5108 3795 7561 1556 14422 24568 17750 20235 20931 7150 25605 29025 27613 5385 17930 14405 20296 4063 19977 31823 7393 17365 136 12924 7843 31489 7152 22075 22679 4997 31383 19819 16666 26463 9419 15581 25619 14596 22010 789 30706 15467 5450 28254 14747 9574 12061 27379 23558 26169 21431 6954 7251 27949 25927 10904 29728 28737 851 32285 21808 12465 16881 19953 14533 25357 31902 17469 22237 5121 5281 3218 1549 21281 15428 1800 12634 7420 11598 3928 25665 28869 9742 23945 23961 5306 27892 1238 27632 6407 21406 23374 15914 13631 31150 14326 18040 9778 12786 3463 16534 7742 7710 8711 5710 28986 1081 25447 13263 26504 19501 19404 8972 13413 6175 6985 2791 5949 26843 28354 13550 28506 
23175 7265 3580 16492 10002 25187 9450 27420 32488 14666 29684 1073 31748 17447 27178 32575 17503 19144 29520 28302 27103 30125 17783 2921 27896 14654 9902 9281 4805 29287 23128 15072 3520 16589 2995 29982 10831 27294 22341 17366 4419 27090 8788 26172 23478 16257 17198 23715 17905 779 2639 11426 25578 4776 2186 6939 29563 32461 24979 25374 20232 27745 7241 15410 26124 7590 3152 1438 3911 13722 27735 10638 4547 6604 31264 21306 24040 14027 17624 11778 14055 15139 17468 4557 3358 17880 24713 20314 559 15988 18691 6387 16416 13140 26719 4276 18793 544 26407 8851 29147 23863 16115 11754 22292 6729 10183 17456 27832 24783 16946 32543 15054 2055 14107 25978 4561 31312 20144 32128 9242 15143 26416 11424 26232 2409 28794 19471 12036 18211 125 27249 2252 27312 16906 8064 20163 9055 8143 2763 31204 9584 32208 3975 10296 301 21268 5961 21922 27290 824 29231 14934 27699 12082 722 9235 27054 8115 11657 21817 26835 6224 14701 3117 2606 1443 3592 13013 25975 2191 11221 13775 1352 6651 90 10091 28351 14619 22743 17747 10265 22342 13669 16516 13274 14317 28978 30683 26187 18204 9210 30123 2199 17862 3647 19 20979 25544 18625 
24597 25735 17919 7531 28060 25924 16674 24931 19188 30739 16448 11063 15952 1360 1966 3396 30878 1981 1611 30517 29063 18246 26613 11343 20029 10762 4426 15326 22358 191 12548 3339 32594 30545 19764 21858 3862 175 28751 31455 2522 1539 21664 5693 31926 150 8541 25753 7291 21697 19265 14179 20291 2243 12029 22553 21174 19310 7124 22501 928 7594 21171 30733 5420 27706 23288 27383 20026 10609 11432 58 26226 4324 13381 23474 25022 10870 20379 3543 27712 25062 20149 13981 23129 30604 31948 13136 32006 18213 27566 3456 228 26832 12230 4803 7265 15251 10226 23767 15575 12914 29687 13519 29193 16334 7684 2924 10584 19443 1912 22470 25411 22055 14503 29663 5463 15610 22405 22981 4708 26237 2162 539 17886 4317 28224 19298 10845 25106 12925 20456 7716 31368 23832 31693 3613 26663 25931 1543 31519 28453 23666 3101 12848 30242 16182 21726 32668 31665 14682 29425 28521 7230 7704 1845 2091 8455 14446 18641 15756 7372 12430 28690 32295 7225 24187 15689 1077 1799 29336 6700 25685 13846 10439 20118 23452 10157 21479 17238 14834 31272 9732 2931 15889 1406 21746 26672 12684 16103 12032 960 29496 2562 1473 7839 5924 25556 3446 7991 
27916 1676 25419 29 27321 24079 8706 22020 17428 12693 13393 7754 29992 27317 20438 21127 14748 6438 32311 18478 16488 2728 20132 19988 9400 31732 29869 9093 17005 7834 22423 32206 24792 23489 15595 29184 5847 24273 4171 8192 21000 8157 25167 25274 30186 18248 22917 26617 16964 27942 28591 22310 1005 26786 14330 8152 15862 22008 24742 16373 26765 29381 15974 3420 15100 26298 30492 2572 32694 22636 10510 15312 22871 28804 6244 24712 25118 12393 12140 17400 2136 11551 32468 28362 26702 7207 12308 1709 15877 16017 32695 2679 20177 20767 13488 21545 28010 12258 6564 338 11827 21829 30025 11014 11201 4094 8554 18129 15324 21079 12634 9360 15575 8840 25860 22481 12676 6031 3690 10897 2797 31649 5559 2631 14525 1980 7983 7851 24159 9236 5084 28072 30135 29522 21065 13623 32193 10807 27840 6517 8194 14451 11122 17078 2799 19667 17089 3990 1069 1306 15741 9992 1151 11053 13663 19359 17547 25458 18855 30738 7809 10215 8374 5167 15875 17376 380 16277 15325 12436 30359 23879 3842 28346 11008 18276 3634 4374 28410 699 15852 29033 19539 8283 2969 30707 20426 924 17928 169 2781 10803 17008 32169 6835 20637 28374 22595 32356 3432 
14559 17678 9083 8020 14619 2797 30453 22721 3541 4403 13171 27055 16669 25402 923 3757 5559 24912 2716 8193 2503 23142 23442 32305 1574 27359 21400 31858 24153 12062 14495 6869 18367 21272 13455 24840 22916 29272 17184 14996 30214 14838 19241 26013 32117 12487 10781 10052 32249 8703 2495 32670 15127 27049 8949 25610 20002 12659 12359 5673 6091 17956 7209 20390 24727 17428 12963 1922 1251 31087 20134 15090 9179 30093 8876 28105 24102 14640 16299 640 25170 5115 21240 27024 28157 26245 27214 7989 6871 18469 27450 23803 22881 11309 14188 4505 13053 13160 11489 19332 7292 19270 12630 25532 13179 7486 12232 30187 22864 24291 8304 24651 17094 32192 11866 18053 21798 650 22921 21281 1585 22203 31146 17920 4403 10886 28288 25205 10672 23562 24377 21793 21855 29827 22114 28567 1994 11189 2945 32498 1584 20540 20952 13247 29968 3307 1832 18320 32578 29448 26900 19511 3378 20542 14178 23744 13889 13618 24985 16237 23155 22221 23445 9304 2453 1724 27597 11465 28883 18265 30605 16957 17400 24487 29820 2017 12345 20047 2933 15321 7633 15020 26434 14324 452 18805 24556 26645 1244 16971 24629 5152 16205 31469 8955 13429 1798 7994 4674 12473 
