9 55 0 46 8 80 98 6 27 42 7 57 2 37 0 19 29 14 99 94 32 66 13 45 69 89 41 64 54 81 57 34 3 13 92 40 67 74 87 59 44 55 83 6 95 89 13 25 70 25 19 27 79 51 74 72 80 12 49 45 83 96 63 32 70 78 43 56 64 90 70 20 18 32 89 73 72 64 77 69 95 48 18 39 43 34 54 12 61 75 68 15 59 29 84 51 42 31 89 31 95 35 60 16 91 1 33 74 13 66 32 47 14 88 27 76 6 82 36 10 51 19 40 28 53 78 53 83 17 23 57 2 82 83 89 76 48 87 43 39 17 40 39 57 50 70 55 11 12 75 40 14 0 16 68 98 28 65 21 62 29 32 30 74 70 17 35 51 58 48 79 28 9 11 67 31 23 50 97 10 7 36 28 26 40 4 94 1 71 33 96 78 89 21 99 0 40 24 93 52 82 22 21 64 37 45 8 50 1 83 7 38 52 32 99 18 42 13 9 78 70 21 91 2 85 36 26 51 33 43 67 19 94 65 32 79 68 77 8 15 57 42 31 49 81 44 95 15 86 28 18 14 56 84 16 30 76 81 92 14 46 64 23 22 35 72 19 91 72 88 93 48 97 28 70 1 80 50 19 79 28 76 76 97 39 18 37 48 2 12 56 34 90 52 52 72 20 44 59 3 
67 74 66 61 38 96 6 15 98 96 77 57 86 9 41 6 58 3 9 19 82 63 21 33 73 82 36 35 64 5 45 87 71 68 17 77 42 93 7 2 58 48 44 50 44 31 20 40 80 89 30 64 52 1 72 36 49 58 79 30 2 84 85 14 75 10 86 36 52 11 46 89 59 79 78 47 33 44 11 92 9 30 9 63 56 8 1 28 25 65 45 42 8 71 70 51 67 48 23 56 14 78 5 1 27 1 33 47 75 37 68 81 78 11 90 11 23 17 35 7 25 31 66 90 30 51 74 17 65 11 29 47 94 55 75 97 47 11 56 68 82 3 1 68 15 62 9 43 75 89 51 46 96 59 6 53 14 18 76 9 80 5 83 67 13 39 57 30 19 61 9 97 84 71 81 43 14 68 34 54 64 87 99 88 17 88 33 23 14 19 76 31 2 34 28 71 29 99 17 99 89 98 98 13 8 55 1 21 18 61 62 51 80 1 4 39 54 78 80 65 62 38 34 69 83 32 79 28 88 88 1 93 31 92 83 66 76 63 63 66 88 31 17 96 95 11 62 13 87 63 85 0 92 14 10 33 89 26 98 31 48 0 7 36 82 97 2 90 86 81 23 3 86 43 14 93 27 59 22 83 55 27 23 70 5 76 58 26 52 20 42 26 46 68 81 23 91 21 62 74 
63 90 89 92 35 73 81 90 64 77 80 32 55 40 45 32 6 59 1 57 69 61 0 13 64 61 96 14 3 89 79 23 85 63 23 25 27 6 2 93 79 8 0 55 5 22 30 56 95 29 17 39 80 68 58 43 75 75 4 24 54 48 24 29 83 71 41 21 22 21 59 0 80 99 91 26 66 60 21 44 7 28 91 96 38 34 63 48 33 69 4 34 41 42 67 25 96 72 78 76 40 30 23 83 95 40 99 22 66 1 19 56 64 16 25 76 71 53 63 18 50 68 67 66 64 81 4 32 78 80 46 79 88 32 99 57 27 98 96 18 1 26 15 82 52 45 47 16 16 61 88 95 46 63 6 33 72 19 27 6 20 59 15 47 30 91 7 69 45 70 39 15 78 34 38 10 2 38 59 7 52 78 63 83 79 51 16 13 19 3 17 85 45 2 47 29 67 70 97 33 31 20 7 90 53 59 85 20 43 24 63 56 85 42 36 43 55 83 53 58 93 23 38 14 76 56 32 46 60 39 59 65 95 37 20 65 32 60 81 93 7 94 4 50 98 82 10 67 4 35 75 47 73 64 78 20 3 35 4 95 53 19 61 17 38 62 46 26 58 52 71 32 55 60 88 60 69 87 94 62 42 21 76 72 72 63 3 82 54 79 69 33 74 61 91 90 13 31 5 78 
30 15 78 20 9 97 70 40 43 79 45 1 9 18 98 86 25 41 98 24 86 71 95 20 11 96 48 94 8 22 21 14 14 62 23 76 43 73 76 17 90 7 7 11 86 95 26 7 81 64 36 24 36 1 14 59 23 60 57 65 7 27 27 7 52 18 72 23 14 46 29 48 31 34 97 8 7 48 27 97 53 75 39 64 33 93 1 28 32 71 13 41 72 72 12 26 49 53 7 8 34 53 61 90 30 74 21 39 29 47 75 81 76 79 96 4 6 53 62 92 55 3 63 74 54 18 26 55 62 94 47 8 45 20 56 67 55 54 19 15 98 61 19 95 12 59 93 36 14 61 71 56 63 66 41 29 74 0 30 91 67 90 3 22 96 92 34 11 5 71 52 74 34 8 55 80 25 93 52 99 9 7 55 92 90 57 89 38 29 78 43 65 96 27 46 99 29 0 94 2 39 65 82 70 15 5 98 41 46 84 72 84 29 26 97 96 29 87 25 77 12 46 39 80 19 11 27 37 11 29 50 99 8 24 74 86 28 16 4 24 40 12 83 98 78 76 86 24 24 46 40 43 95 6 47 82 45 84 72 60 58 52 76 39 4 84 6 2 76 80 78 31 24 61 75 20 83 75 76 52 14 53 22 1 70 66 93 88 31 57 23 27 86 80 74 62 39 85 12 1 
38 8 48 63 87 11 70 8 32 41 66 38 94 17 58 82 6 76 2 64 94 19 55 87 46 90 81 34 48 30 50 91 38 65 43 28 99 48 28 66 35 5 52 28 90 6 65 95 36 63 63 31 45 77 52 80 79 71 40 46 9 8 53 91 84 94 15 19 4 82 0 73 93 78 88 0 45 2 95 5 78 24 91 54 43 79 72 70 44 51 97 91 77 20 40 35 93 8 37 74 93 21 70 0 40 5 37 69 11 60 21 93 36 8 54 30 39 31 59 93 76 25 89 13 93 71 8 71 7 40 60 53 2 26 31 17 82 83 54 4 72 79 45 10 26 10 0 59 62 39 42 59 18 76 60 26 65 99 35 57 99 22 26 96 38 77 74 56 33 63 71 31 93 0 90 13 79 29 92 14 65 8 18 9 28 83 96 18 33 12 20 75 50 49 69 6 51 49 9 66 73 60 80 91 2 8 38 33 42 18 64 43 84 32 67 98 9 30 18 20 60 33 25 86 25 52 62 58 7 20 18 51 97 92 15 38 1 37 36 66 85 8 15 22 2 48 99 54 11 8 89 57 8 38 58 60 73 98 23 6 65 76 21 68 70 66 10 94 34 54 89 27 63 76 32 38 73 61 42 21 62 48 66 41 19 15 47 62 73 91 53 4 6 2 19 79 54 68 70 18 
95 2 93 31 48 14 50 23 94 66 40 79 97 16 68 42 60 37 67 43 23 68 30 41 46 92 76 71 43 75 91 61 74 94 61 39 1 63 80 99 47 46 88 58 5 74 14 87 54 53 85 91 96 18 39 91 93 70 72 22 43 28 46 50 87 93 27 39 8 37 51 39 7 77 21 25 28 14 92 98 37 55 1 49 68 48 62 97 28 88 73 78 52 88 94 8 27 97 93 17 3 3 55 6 62 13 69 12 58 28 14 8 64 10 68 63 32 39 48 36 24 74 36 13 9 82 54 7 37 10 17 92 89 2 49 92 11 41 3 53 96 92 70 61 29 56 25 69 24 38 69 96 42 13 59 70 76 2 48 12 13 65 50 80 47 87 6 64 36 7 57 44 84 14 88 87 71 28 81 62 25 99 88 55 28 56 90 2 67 87 72 13 14 58 98 6 24 46 51 95 5 29 42 48 10 13 17 59 97 40 13 83 15 6 79 97 28 29 82 71 58 67 7 85 63 48 86 21 24 24 46 17 60 60 26 79 80 92 65 1 27 50 0 41 9 58 62 46 46 42 49 56 4 78 3 63 53 9 34 21 83 69 54 40 15 95 67 41 31 14 32 48 40 34 64 85 30 37 82 70 50 54 55 25 8 19 3 35 38 17 80 56 66 39 45 79 51 92 98 69 
42 39 10 21 49 18 52 47 68 19 54 59 77 93 48 1 64 38 52 47 80 44 55 23 71 81 74 89 28 0 24 78 81 59 98 89 30 88 24 88 28 92 47 52 28 51 48 54 17 30 4 39 43 32 95 43 22 5 19 22 35 7 29 52 84 70 9 93 84 76 10 94 26 49 95 22 2 1 91 65 96 22 48 18 87 99 22 8 91 71 29 31 86 38 52 69 75 34 60 18 74 24 4 51 87 8 64 95 55 46 13 18 5 9 85 92 80 35 34 18 95 38 62 77 13 3 45 66 56 86 76 19 69 38 2 50 95 51 57 22 27 46 14 4 33 19 13 26 70 14 26 49 34 22 20 37 48 14 69 73 99 35 37 91 90 62 34 37 33 54 0 87 66 15 22 27 68 86 70 43 8 79 71 36 6 26 59 27 46 69 78 21 64 46 41 7 94 82 76 70 3 84 30 1 51 95 89 16 53 9 83 83 81 5 56 87 99 40 65 47 53 33 43 84 41 58 83 50 88 7 98 99 31 41 72 73 74 20 38 66 15 36 83 45 67 16 51 59 89 0 74 41 76 93 72 23 25 33 6 94 59 79 82 85 40 80 66 45 99 99 20 45 95 47 68 77 80 47 52 49 20 16 2 91 15 12 37 31 21 93 72 90 59 81 73 50 84 37 96 19 
60 87 87 90 65 20 94 48 23 49 79 36 50 40 41 92 78 57 41 88 37 73 31 56 11 23 79 66 41 56 29 76 89 91 70 31 82 9 38 24 91 19 71 83 15 69 86 30 13 36 17 4 74 20 90 8 20 78 69 77 82 99 47 34 41 82 25 87 98 32 2 13 12 89 51 76 92 79 64 84 95 6 98 88 8 53 47 95 60 47 80 30 5 57 23 7 16 12 79 61 80 50 65 64 48 0 55 83 44 13 34 71 92 23 46 13 20 32 8 87 85 41 93 62 18 99 45 7 26 81 99 61 39 61 77 45 30 63 55 89 82 51 58 43 93 36 86 5 73 78 69 85 32 67 89 61 68 65 33 74 55 95 42 74 0 40 53 74 71 29 56 55 26 2 84 54 83 19 54 77 81 72 92 40 88 83 92 70 92 6 33 30 39 56 53 49 58 66 93 14 39 23 48 29 80 87 3 83 87 96 88 74 96 93 30 81 12 29 85 86 80 59 76 46 34 33 6 52 15 37 9 18 4 63 48 58 66 22 49 96 9 59 36 75 76 95 51 61 18 2 21 59 77 45 4 9 30 81 76 78 50 87 90 7 62 10 64 22 63 69 80 89 32 10 51 8 17 17 79 95 23 85 3 97 43 73 73 22 73 10 92 26 90 11 44 41 5 26 88 69 
87 9 60 86 64 33 22 13 56 44 85 11 96 32 12 33 22 1 68 18 80 83 15 51 83 8 0 87 21 80 5 33 61 83 48 75 51 29 98 57 14 60 68 67 48 32 88 81 40 31 48 37 73 82 63 52 2 26 75 92 97 18 90 65 60 48 43 55 12 55 38 33 29 50 25 27 85 42 60 43 95 35 65 69 13 15 79 23 24 98 57 0 40 22 52 47 93 18 88 29 58 75 12 28 33 29 7 19 41 51 30 58 61 27 94 23 66 67 85 87 21 39 33 81 19 18 32 25 22 18 18 64 63 4 37 60 71 25 56 0 90 25 21 52 95 64 81 55 28 42 1 92 85 80 90 75 11 0 36 78 10 53 17 3 20 71 10 67 52 99 84 60 57 33 11 61 58 34 15 36 26 54 16 40 86 7 83 32 29 43 99 39 99 88 44 71 9 21 33 18 17 7 85 17 2 72 65 51 29 18 71 35 19 69 11 95 58 25 48 29 83 76 41 94 61 7 93 34 67 71 73 95 99 99 96 36 99 0 60 95 69 2 16 84 22 45 19 18 74 83 98 46 25 41 8 11 98 18 54 31 16 9 65 72 8 30 97 53 44 51 19 76 51 18 35 65 97 31 27 1 80 0 77 75 73 93 11 75 26 8 65 85 34 64 79 98 21 66 62 19 
70 42 30 96 36 24 17 4 44 38 16 30 91 3 92 2 87 65 77 60 84 89 4 38 96 26 91 31 76 70 96 8 67 90 31 50 73 11 37 16 90 30 59 73 42 93 21 64 44 44 8 96 38 44 92 70 49 22 8 23 54 35 42 70 0 23 70 24 96 12 32 93 65 54 79 82 64 50 75 29 49 26 33 4 45 69 15 26 66 21 1 48 77 51 30 44 89 97 3 18 59 93 16 4 80 61 39 81 30 44 39 63 35 67 77 83 43 75 17 43 92 99 45 93 47 76 22 16 60 5 46 61 17 75 40 52 18 28 75 91 23 82 48 54 2 81 12 30 85 49 16 57 94 35 61 26 84 11 98 79 2 55 60 69 95 12 7 3 41 46 80 48 43 72 65 60 57 14 13 19 79 13 20 68 97 68 23 18 26 67 10 64 93 49 48 29 64 66 22 32 53 14 1 99 40 58 6 4 13 99 63 33 43 19 90 32 10 10 87 40 61 60 17 1 23 68 95 92 67 78 71 98 39 72 45 82 67 80 47 44 47 23 7 24 51 47 77 4 67 75 88 92 27 83 24 29 68 50 72 84 88 48 0 94 70 98 21 57 18 62 93 26 71 68 97 76 41 53 41 79 73 85 96 32 7 90 80 75 2 10 58 96 80 59 54 52 8 15 18 13 
49 95 5 18 38 9 70 39 60 86 44 62 28 31 99 31 85 84 72 68 77 66 45 68 81 64 31 61 72 30 26 54 12 89 41 25 65 39 21 4 73 73 41 40 62 63 51 32 56 21 61 16 28 30 62 17 2 89 25 82 53 28 87 56 45 15 76 71 23 91 35 41 57 34 30 14 1 71 14 41 11 42 47 73 6 73 40 25 22 11 96 95 71 86 93 7 70 36 70 8 58 8 0 30 90 71 91 68 65 67 9 66 99 47 9 44 79 30 67 61 99 99 32 9 95 14 27 95 99 9 91 23 31 44 67 17 62 85 35 54 63 1 26 76 25 41 44 64 67 8 23 78 31 13 10 55 51 70 70 69 87 21 89 88 89 64 86 35 84 92 12 78 19 19 0 12 78 33 52 11 21 80 29 80 3 73 72 21 94 94 68 46 66 88 15 70 62 40 34 70 70 69 44 74 65 8 57 83 25 56 88 34 73 88 8 40 38 79 69 16 89 96 97 30 23 41 57 78 94 56 32 62 50 7 86 8 92 88 13 21 27 18 24 66 24 95 72 89 26 30 69 5 1 66 92 12 63 0 74 33 39 80 43 19 0 87 5 32 24 52 74 12 33 11 49 84 46 42 79 9 60 43 22 55 97 6 25 13 65 80 57 75 61 2 46 10 8 67 50 25 
32 37 37 10 50 26 87 71 86 19 66 97 1 88 37 85 67 13 47 22 60 11 26 85 14 23 50 89 50 76 88 34 20 17 57 25 56 65 42 1 57 71 38 68 28 87 45 46 78 24 3 10 79 26 83 22 7 91 50 61 44 1 83 93 62 8 48 34 64 83 45 86 97 38 5 88 75 10 74 38 64 47 29 50 94 24 14 36 17 38 15 99 55 62 24 62 0 52 75 72 74 53 68 38 20 13 21 84 18 71 12 50 99 49 58 92 0 87 46 27 85 80 11 65 17 86 17 10 97 6 45 69 78 23 50 50 32 3 16 2 32 52 8 28 21 86 70 88 6 92 42 16 81 23 83 77 84 82 91 81 81 44 81 5 38 1 59 67 96 51 14 2 59 67 21 41 46 2 99 96 46 41 96 42 34 65 64 61 48 21 89 81 72 50 6 98 81 95 93 23 90 56 68 61 38 35 63 80 32 46 50 48 53 62 45 80 93 11 59 48 52 62 59 71 49 55 41 95 21 96 28 65 92 63 95 15 85 52 62 16 60 19 81 90 35 78 84 70 48 96 66 63 59 58 95 97 18 53 31 3 28 43 1 19 66 63 33 25 9 93 44 20 65 26 19 73 29 28 24 8 1 78 97 15 61 49 47 79 11 13 52 59 29 28 40 97 73 10 18 93 
82 28 2 84 77 8 49 36 84 25 78 41 94 68 16 44 61 91 78 28 22 30 31 14 2 85 87 3 10 62 41 65 37 47 39 91 21 74 65 30 85 95 82 84 54 80 2 95 81 46 45 32 48 99 11 29 76 94 63 43 32 3 65 25 58 60 27 50 24 54 8 99 31 26 29 85 63 33 48 23 78 76 74 2 22 88 3 89 58 33 72 31 57 70 0 73 23 57 58 53 37 48 77 53 15 41 22 80 70 74 85 4 16 90 33 37 62 53 90 57 45 27 54 77 28 53 84 9 45 0 2 30 78 96 71 96 94 75 48 40 18 61 57 49 81 14 95 13 76 75 34 0 31 76 79 97 24 42 82 93 5 23 18 34 74 85 21 10 95 99 74 24 70 82 75 86 18 54 19 7 10 95 62 1 17 86 0 72 51 51 48 3 77 88 4 43 35 39 66 47 89 26 14 94 66 78 30 50 95 99 53 11 23 60 97 94 73 3 32 33 60 36 8 82 20 63 64 87 36 3 4 86 7 60 35 93 47 33 41 3 77 86 93 26 65 3 43 84 88 94 98 26 47 44 49 13 71 59 50 16 32 63 49 95 18 62 41 18 24 62 87 10 39 75 71 30 7 90 65 16 57 21 65 91 65 44 93 53 33 8 24 44 84 62 59 8 96 53 27 45 
67 95 68 17 37 89 38 64 6 3 41 68 57 8 9 45 36 4 41 38 13 0 95 11 74 68 30 71 40 17 53 53 66 78 71 36 61 48 11 83 61 24 40 27 81 25 19 88 57 17 53 85 0 70 97 30 23 18 36 61 50 64 43 49 0 66 28 12 60 28 83 63 91 51 23 46 53 16 78 48 24 61 34 89 97 38 16 92 30 90 3 84 54 7 93 56 66 27 74 58 84 50 50 61 82 6 24 79 44 67 81 38 66 25 78 86 25 61 80 47 64 17 46 58 32 5 15 18 34 59 34 41 44 42 91 1 3 84 45 45 20 28 59 63 9 42 91 49 82 12 27 75 55 28 48 43 51 37 6 96 61 1 76 71 49 68 67 44 2 42 17 30 53 17 79 54 72 75 25 1 16 65 49 16 43 82 54 90 77 62 29 10 16 56 52 23 8 22 33 5 16 19 35 52 64 67 72 56 61 75 29 20 90 32 51 65 23 88 96 96 41 50 10 87 99 29 5 53 83 18 69 96 2 17 53 53 42 48 44 23 70 18 55 26 26 48 3 46 27 15 33 9 25 26 45 2 22 76 97 77 11 4 45 52 90 23 97 58 80 5 84 5 34 75 13 98 54 91 95 98 93 68 44 90 27 27 83 52 17 15 12 83 71 39 96 55 19 62 8 56 
51 11 17 68 12 97 18 44 27 86 9 90 86 3 45 12 99 68 77 4 93 78 96 10 19 85 29 39 10 68 88 90 10 12 20 98 85 66 41 17 92 20 50 33 4 55 52 73 76 15 63 57 99 72 14 63 61 55 64 64 14 66 44 45 54 15 20 12 0 21 13 12 70 26 95 37 87 6 80 40 79 84 74 84 7 20 45 16 61 51 68 78 66 73 9 60 41 50 97 94 93 37 28 28 27 98 64 91 46 82 5 48 16 11 73 55 55 96 9 32 44 3 29 67 64 12 80 73 57 51 27 49 61 40 28 23 35 70 65 68 2 55 30 4 70 84 20 60 9 74 16 69 24 25 42 23 78 87 65 97 72 84 57 58 73 89 61 28 43 10 23 65 4 5 78 20 40 6 65 89 53 87 93 30 82 39 15 84 40 54 34 44 12 66 19 66 71 76 44 73 3 65 6 74 29 45 63 80 45 2 49 79 50 13 84 17 35 41 6 11 61 57 69 16 98 60 10 46 82 68 38 83 16 52 22 92 8 89 24 23 61 50 43 53 68 72 34 77 55 34 90 84 86 6 79 73 36 43 4 86 67 11 82 98 50 17 15 74 69 46 47 13 87 19 48 15 89 48 69 32 24 2 3 32 17 15 50 24 98 78 94 32 95 69 46 71 81 87 58 96 
5 20 73 80 86 92 27 87 68 38 20 67 67 63 16 58 60 7 29 24 71 14 33 80 0 34 27 75 92 55 13 64 85 89 39 76 3 6 55 22 22 91 82 71 99 48 43 62 64 66 14 33 2 7 60 65 10 72 82 66 39 34 26 55 49 33 91 47 88 35 96 59 18 0 84 50 85 4 65 53 49 23 24 74 60 95 87 60 7 66 33 76 5 67 35 98 75 28 22 26 49 24 85 62 1 0 11 51 67 42 18 48 87 70 11 7 23 78 14 27 66 2 34 97 53 76 95 62 65 5 85 30 83 65 99 7 95 81 82 33 37 0 86 97 86 20 12 28 98 4 45 34 79 76 54 78 38 53 67 9 25 12 64 22 71 90 38 59 89 27 12 82 42 37 16 39 61 36 89 78 37 92 63 64 55 84 18 91 58 43 27 99 27 88 93 51 72 29 67 7 30 39 86 83 28 33 56 55 64 55 8 55 21 19 37 89 55 36 41 69 21 40 51 76 94 54 92 40 12 39 44 49 87 4 76 83 48 83 56 72 1 47 6 65 40 15 24 76 81 39 99 38 95 56 30 87 84 96 71 81 56 99 62 41 10 66 68 19 58 3 85 34 5 0 4 87 87 37 5 62 56 6 72 62 79 31 79 80 86 96 14 48 96 49 2 7 56 20 30 97 
77 76 34 47 96 30 38 2 22 76 39 21 68 64 86 44 34 36 63 73 51 46 77 15 4 11 87 34 28 18 70 67 54 0 12 3 18 37 34 12 47 56 88 66 64 94 40 49 61 98 95 93 97 26 1 37 82 10 30 1 58 50 94 77 48 93 59 8 76 10 44 42 99 53 12 41 98 11 89 10 41 44 27 26 13 62 21 72 65 47 78 23 9 86 14 10 68 69 42 86 76 1 31 0 54 13 49 65 1 96 46 70 71 50 59 44 31 48 10 65 44 83 78 28 54 77 23 23 36 9 25 56 12 40 74 68 95 58 72 3 83 63 65 93 77 8 75 81 21 57 62 21 77 16 18 88 59 22 37 23 41 68 72 94 17 72 72 37 54 27 82 46 5 79 44 73 85 51 66 12 73 18 35 74 96 82 38 37 80 85 47 42 63 4 50 40 17 28 80 12 26 21 41 26 92 84 97 79 0 9 72 84 49 82 6 17 61 69 42 4 0 65 71 28 59 76 52 71 42 30 95 54 42 59 91 58 42 33 9 9 9 35 95 38 58 1 83 81 9 96 56 60 13 23 80 6 28 20 84 87 6 96 16 47 73 97 53 99 4 53 21 80 92 54 96 29 46 13 92 12 55 64 51 17 62 25 33 14 7 45 9 25 29 66 53 14 25 27 13 98 
47 49 6 72 10 72 32 82 57 86 99 77 52 46 21 32 49 83 36 45 38 27 96 67 19 49 96 11 26 91 22 47 9 40 47 79 94 72 64 71 86 29 56 86 7 31 22 38 76 48 13 76 74 92 15 69 5 89 18 23 98 72 34 0 13 2 64 76 18 75 26 48 14 6 59 75 9 72 57 92 53 94 45 97 53 91 45 58 43 82 64 21 48 23 11 40 74 23 54 47 47 12 11 68 93 78 89 62 47 95 3 90 38 27 49 65 24 13 72 41 26 10 32 59 75 60 95 93 75 62 32 40 59 71 56 28 60 33 19 12 88 64 89 38 55 21 6 71 43 23 43 51 47 99 40 29 2 95 32 43 97 47 98 32 57 8 62 84 49 39 52 66 85 71 13 51 91 79 81 26 61 2 5 66 51 16 53 79 92 12 90 54 28 3 76 30 14 90 83 30 67 1 76 16 99 41 18 1 87 32 97 15 0 59 49 81 56 71 21 68 45 0 73 18 77 89 99 21 16 85 56 62 74 93 56 29 41 63 94 93 17 70 89 46 97 72 74 44 51 37 70 16 54 82 8 56 9 72 85 0 39 4 31 22 18 86 18 77 35 22 56 16 88 77 29 18 13 5 37 23 80 26 55 6 88 93 47 18 92 32 24 2 55 20 62 94 50 69 95 90 
1 43 35 52 13 33 15 4 20 55 55 69 58 67 7 81 25 51 98 94 48 24 55 56 79 52 22 55 59 5 29 74 92 44 32 7 75 33 82 47 69 2 56 87 59 33 50 60 62 34 55 3 1 52 52 25 70 94 86 62 28 75 82 66 98 82 76 14 55 21 5 56 7 38 45 7 50 56 39 59 23 7 10 40 61 70 81 36 76 72 35 0 30 8 6 54 69 71 0 55 14 61 28 31 64 81 13 20 93 45 61 51 38 85 47 58 77 88 27 87 71 60 95 74 2 5 7 78 87 77 93 28 15 18 76 21 29 20 76 11 96 15 56 22 74 0 52 25 9 24 67 74 55 93 82 49 37 18 68 82 40 67 43 99 92 33 21 31 71 11 86 77 14 99 61 61 11 7 5 69 58 66 47 48 4 7 74 27 99 1 21 79 7 69 73 81 37 15 30 65 52 89 58 53 70 45 17 76 80 65 97 46 0 81 39 76 92 46 87 55 54 85 86 88 72 64 14 98 31 35 79 74 63 24 50 48 65 22 26 62 5 27 57 9 61 41 7 6 36 52 47 71 42 10 72 12 74 74 14 0 80 48 94 62 84 3 45 67 90 99 99 49 64 27 70 67 31 43 88 74 30 52 69 73 83 45 44 7 55 48 30 3 18 35 76 3 79 37 52 56 
5 64 80 74 90 83 53 48 17 98 38 30 53 16 57 93 90 24 83 67 37 77 74 77 17 18 74 38 50 15 10 8 18 82 40 55 42 34 77 12 43 25 68 82 77 35 22 92 68 84 65 53 80 19 32 16 23 27 6 4 12 59 66 71 22 90 96 45 28 71 44 2 7 70 31 39 12 31 97 18 5 98 95 2 47 49 75 39 45 31 66 62 81 31 32 30 26 17 62 76 60 69 79 47 57 54 70 74 17 80 83 20 76 4 11 12 80 76 40 17 32 48 28 92 31 51 85 46 10 5 26 75 21 38 91 81 68 37 21 10 72 7 15 36 64 50 10 77 49 61 76 96 73 35 65 45 83 62 33 93 32 65 8 51 99 2 37 20 54 50 79 49 10 4 77 80 45 94 25 56 99 14 7 2 13 70 8 99 26 30 55 61 8 40 25 98 46 80 32 68 91 19 69 48 89 93 70 48 47 55 82 75 28 45 35 28 93 58 70 88 24 78 0 36 9 51 17 62 42 88 65 62 59 85 47 32 30 69 3 4 85 43 34 84 79 7 92 1 39 38 34 24 51 9 80 15 40 15 11 7 55 47 4 9 21 73 39 36 45 3 8 19 58 18 72 11 26 32 64 72 11 82 61 97 2 67 0 64 81 90 62 78 10 89 17 53 77 12 9 79 
43 2 71 93 34 1 46 83 21 45 80 62 38 77 27 57 83 69 64 97 81 12 46 64 19 8 5 2 28 15 55 92 24 41 74 89 39 55 12 46 98 34 83 30 46 31 25 34 86 9 57 11 10 92 1 61 91 46 66 73 82 59 75 89 10 69 56 73 76 79 87 85 72 35 99 92 11 96 49 34 6 45 57 62 51 49 65 65 60 23 18 53 85 12 29 34 30 72 24 90 20 63 9 90 4 36 98 18 48 36 92 25 38 80 60 45 33 31 16 44 3 16 88 19 54 31 0 44 20 99 57 71 84 28 15 24 81 79 86 79 19 58 39 45 4 88 86 77 98 7 51 83 80 62 77 23 9 4 30 21 74 1 93 70 1 90 50 81 95 72 41 76 87 67 35 36 38 7 16 78 89 89 25 16 13 22 32 10 27 3 87 16 33 64 88 75 50 4 62 8 55 99 37 95 43 25 55 97 0 77 21 66 6 79 37 83 3 75 96 23 23 1 14 58 78 43 13 68 59 58 59 21 41 37 84 80 5 87 75 81 25 16 19 57 58 93 72 58 68 11 37 12 24 75 10 6 89 55 96 54 0 32 80 58 19 58 29 35 77 2 26 30 57 45 46 28 93 18 12 80 66 90 32 98 20 29 70 35 7 44 40 25 9 93 67 9 48 88 30 45 
93 13 29 26 8 1 53 67 61 17 61 78 0 9 44 88 61 30 30 68 38 5 22 85 86 78 35 38 75 65 88 79 80 75 71 17 28 93 18 54 81 36 81 77 27 10 8 96 78 73 11 1 68 17 43 5 65 88 82 55 75 45 42 23 71 13 96 99 42 11 16 78 14 90 42 99 91 6 8 17 66 53 62 94 24 45 16 93 51 81 90 7 94 79 76 15 1 49 67 53 9 64 48 91 80 57 39 2 13 70 90 30 50 60 84 73 14 96 84 92 88 90 36 5 39 88 2 81 71 28 13 89 38 80 81 5 62 25 28 0 33 92 73 47 88 79 57 95 81 60 35 95 35 53 92 60 20 42 52 67 67 50 4 65 8 62 83 91 9 41 41 22 69 2 75 26 1 22 60 7 95 77 75 53 95 23 50 40 19 88 96 92 18 53 85 26 4 86 1 48 87 49 89 90 87 2 54 16 81 4 56 30 17 54 89 99 80 86 69 83 51 69 63 95 14 82 92 9 11 69 24 27 19 34 61 36 24 23 37 57 53 48 59 34 43 23 37 80 91 46 56 88 7 47 91 56 76 57 33 31 79 81 12 7 54 40 50 27 82 65 99 34 9 9 94 58 63 65 5 40 25 0 68 40 81 23 7 44 66 57 29 36 41 66 5 67 34 87 11 79 
98 53 70 8 50 18 16 38 72 29 23 99 35 72 36 9 93 78 38 68 5 33 95 58 83 33 52 54 81 83 22 19 84 16 95 91 2 53 57 26 98 47 10 95 6 2 54 6 91 27 83 20 8 36 44 2 62 10 18 90 38 33 6 29 78 47 9 49 44 57 75 14 38 8 77 93 78 50 35 74 90 84 17 74 86 1 8 38 90 55 50 82 5 62 40 50 83 71 84 27 21 45 44 57 86 81 6 82 21 71 36 30 79 93 53 24 48 83 6 91 37 47 69 24 94 61 29 13 42 45 38 66 75 60 46 21 65 50 47 12 8 9 26 17 36 93 28 95 3 85 55 6 16 69 95 20 70 69 39 33 56 52 81 34 13 0 78 36 65 33 35 53 18 46 49 97 10 60 80 59 96 77 21 89 77 69 71 48 47 26 30 28 86 88 47 82 16 71 13 31 36 96 68 18 80 75 2 45 91 64 59 0 22 54 49 1 61 61 41 58 92 27 89 71 29 54 41 15 37 38 92 96 59 10 74 81 29 10 64 48 7 67 5 49 19 8 56 86 28 27 78 70 6 19 38 41 75 38 67 42 80 33 75 10 93 17 12 18 75 90 78 4 26 74 54 64 44 11 74 42 91 23 95 96 16 63 93 74 99 64 40 27 4 4 48 81 76 0 99 79 
19 17 56 17 22 78 34 91 58 42 30 16 95 28 87 38 84 75 76 98 43 40 61 84 70 54 60 38 65 85 33 0 43 16 23 33 11 85 68 63 23 41 7 40 21 78 26 80 59 44 5 91 81 17 61 86 26 61 49 0 71 22 93 23 17 86 93 53 46 12 8 31 22 2 63 30 81 51 80 43 48 59 75 96 12 40 21 56 29 85 62 72 27 11 19 48 32 46 94 33 59 71 28 9 0 41 78 50 8 19 30 13 72 56 9 76 56 95 19 96 66 63 13 79 63 78 33 57 46 0 63 88 15 72 30 12 60 78 41 79 50 40 20 97 1 65 84 38 81 48 51 12 99 55 25 13 27 93 22 1 94 37 52 34 24 61 75 39 56 71 25 17 39 36 25 20 63 49 7 92 88 32 49 44 0 81 38 79 58 29 15 69 72 35 10 95 90 25 50 67 75 79 24 88 86 61 40 33 65 23 29 57 59 66 49 7 64 98 76 9 79 80 52 7 25 70 82 94 90 3 19 71 66 61 38 61 3 26 75 82 54 94 60 82 7 56 28 65 67 45 44 3 50 69 18 2 5 6 19 93 67 86 7 23 17 93 14 29 30 1 83 58 41 65 91 30 97 55 13 12 91 8 43 41 6 35 23 93 12 25 14 79 44 12 33 72 42 23 44 11 
68 88 94 64 82 10 63 9 63 60 3 58 54 60 46 22 90 16 8 63 53 54 32 41 13 10 15 20 26 26 40 40 93 75 70 90 18 33 21 72 25 67 19 43 78 33 43 34 54 82 86 1 28 38 10 59 82 59 44 67 97 58 48 86 32 51 30 24 54 77 23 14 32 79 81 17 31 50 11 96 30 91 33 73 54 52 5 69 35 68 64 71 22 15 35 17 14 0 17 75 31 58 44 48 95 59 22 78 68 99 35 94 54 28 61 80 17 22 76 42 41 99 20 56 17 28 45 5 32 97 75 66 66 23 67 31 39 34 17 11 49 3 45 88 90 39 1 52 56 89 21 8 38 64 52 57 67 63 14 30 37 25 44 17 45 71 92 83 21 70 11 61 51 6 15 28 4 52 14 66 13 71 1 63 35 77 28 49 9 22 83 83 33 43 89 4 25 47 79 62 15 13 33 58 28 56 10 88 36 64 69 69 13 39 77 83 92 61 6 6 51 34 6 6 98 84 28 5 20 38 3 58 5 35 72 22 66 90 51 91 65 75 25 36 38 71 68 32 65 35 84 77 26 68 97 4 20 53 99 9 88 60 96 32 36 6 23 6 35 82 89 38 67 56 44 67 66 62 6 25 48 57 89 38 43 62 7 97 73 65 39 86 81 55 55 92 27 76 50 85 
54 96 12 21 44 57 20 11 17 83 32 98 73 19 36 39 33 98 74 77 63 79 51 20 52 44 16 59 6 76 17 18 78 51 65 55 9 74 70 3 34 72 1 74 31 45 16 56 12 9 93 37 18 90 10 18 77 79 72 14 68 32 54 92 82 24 75 28 42 51 51 97 63 74 22 90 36 96 12 12 77 25 94 89 64 36 58 40 3 76 82 62 6 7 90 48 80 60 30 22 34 87 38 68 58 93 38 5 74 49 67 60 26 93 6 36 58 62 51 85 51 22 19 78 19 51 36 33 13 69 24 55 51 18 33 75 92 7 86 46 20 40 66 10 41 4 28 46 86 99 34 19 43 3 65 56 34 81 32 98 24 53 68 57 59 62 73 81 71 34 52 5 41 31 36 72 93 23 76 54 6 50 88 93 94 86 27 4 56 57 84 72 81 97 41 15 72 19 56 82 74 25 71 14 44 32 66 17 96 80 84 81 89 30 35 31 14 42 45 20 55 86 98 56 12 20 41 33 20 77 3 70 44 25 1 40 19 95 1 73 69 14 25 92 61 12 90 41 57 80 92 84 51 94 60 1 87 88 92 57 55 89 5 87 22 67 92 82 93 47 43 91 12 67 79 32 61 85 84 39 97 78 90 22 42 37 89 82 80 75 32 62 64 19 8 99 11 51 42 73 
30 47 85 80 49 67 17 51 13 44 35 75 84 11 86 53 62 85 53 70 61 83 31 25 29 74 72 95 33 97 1 68 48 63 97 72 19 43 86 44 36 2 24 31 86 61 97 50 8 91 9 88 6 23 2 18 51 98 47 6 34 14 90 3 68 99 21 62 18 60 36 23 87 33 29 20 15 81 29 41 65 90 49 33 31 64 57 87 48 76 92 77 13 20 4 71 62 22 31 37 17 87 95 28 91 71 67 10 23 33 22 80 13 7 83 40 10 66 11 49 79 7 2 64 60 30 17 61 76 60 42 72 9 67 51 16 86 73 3 73 58 11 52 7 81 79 68 4 10 92 14 41 0 95 90 42 91 58 24 7 97 43 37 70 29 56 12 74 86 73 50 66 68 19 45 81 84 58 79 81 70 91 35 27 36 86 33 82 28 54 36 29 12 48 20 20 60 70 4 66 53 73 52 61 97 37 34 0 19 30 27 75 22 21 27 5 28 2 40 90 99 63 40 26 29 89 82 62 89 58 43 51 56 64 81 69 43 87 90 63 17 19 91 35 28 12 37 77 0 24 19 87 85 74 18 59 21 27 0 78 86 81 51 28 97 98 91 53 97 38 47 11 40 15 2 93 84 53 94 36 23 86 72 41 21 94 52 45 76 27 94 96 35 3 10 78 53 51 11 55 
89 45 75 17 77 77 82 87 28 37 1 15 67 74 65 44 14 41 72 7 50 41 34 17 54 61 72 92 91 98 47 8 57 5 55 42 90 3 84 12 58 0 83 27 11 58 8 0 50 2 13 91 48 7 73 81 86 37 92 19 88 96 89 42 80 78 19 30 63 5 6 34 63 1 34 38 40 10 27 26 49 7 41 29 96 76 94 65 25 63 29 7 63 59 2 57 18 57 38 43 75 19 46 69 66 6 63 68 10 48 73 81 45 48 38 73 8 20 65 50 95 82 18 48 3 18 17 98 30 90 54 40 17 9 0 13 90 13 42 78 96 34 97 54 8 32 15 3 25 18 1 47 21 64 78 35 36 0 23 87 21 91 43 0 50 50 49 92 2 13 71 49 28 45 46 63 88 40 78 57 68 60 82 92 37 59 59 50 52 12 44 62 84 4 82 77 45 84 17 47 13 11 16 44 98 10 1 53 17 68 62 43 46 24 63 28 23 64 37 74 68 22 45 79 27 54 13 85 79 2 10 43 83 5 83 3 89 18 36 70 98 89 62 19 66 87 42 16 58 35 99 8 17 34 61 38 34 64 95 22 90 73 94 94 82 81 39 34 4 83 97 5 73 21 45 71 20 31 36 70 3 8 19 58 59 1 20 68 86 31 2 61 90 41 59 50 86 96 82 75 
68 34 11 30 75 41 48 90 26 51 41 49 46 37 19 43 87 80 60 44 45 15 22 99 3 79 82 64 18 73 79 30 89 48 2 72 61 48 96 99 61 39 81 47 80 94 67 85 63 28 12 23 47 26 94 34 70 41 17 26 31 92 71 46 13 14 28 67 34 90 41 22 15 53 49 68 73 53 25 16 51 62 54 6 25 9 27 36 76 85 85 25 93 71 34 98 32 95 45 78 42 51 74 64 57 66 64 69 85 51 96 62 25 39 60 83 96 61 42 21 95 67 26 13 30 90 41 86 59 27 88 30 34 60 18 15 15 0 23 40 4 48 46 65 21 88 68 6 5 41 95 73 86 85 45 25 27 47 37 1 38 18 86 22 16 50 19 22 85 31 79 88 6 85 78 20 81 68 8 78 7 13 62 9 89 77 76 70 30 83 33 36 35 67 25 67 47 7 16 54 25 35 83 12 21 29 31 4 83 12 66 40 83 71 33 88 44 27 22 47 63 87 96 1 81 56 50 25 11 24 71 44 6 10 41 24 35 67 6 99 4 50 94 83 62 47 52 20 13 15 45 48 14 76 32 54 61 44 53 36 1 1 35 37 68 33 6 22 38 56 18 71 66 72 24 19 9 52 35 77 43 52 26 68 36 26 59 30 43 90 59 2 17 3 47 51 70 27 69 87 
86 42 19 48 93 41 49 95 79 22 68 32 79 57 14 73 73 81 5 42 6 14 93 14 80 70 27 4 32 60 17 46 22 92 21 92 35 99 81 33 64 33 54 33 23 58 0 6 34 0 94 65 49 64 16 7 98 6 22 74 16 18 53 61 45 63 59 91 70 51 27 51 54 12 88 56 99 8 59 58 62 17 8 50 30 70 41 49 78 57 88 88 23 98 60 92 0 83 11 41 63 36 95 19 54 81 93 6 61 41 98 84 26 1 3 89 10 85 69 38 42 79 16 80 55 92 33 22 79 51 88 81 40 99 48 69 40 41 40 35 87 70 88 74 93 1 13 95 35 54 7 50 47 85 76 13 71 36 93 42 70 6 47 99 17 41 48 85 9 58 62 31 81 29 64 61 7 30 47 73 55 28 17 62 72 94 69 55 83 38 99 88 0 63 5 68 86 98 6 32 49 40 13 14 85 39 37 29 90 26 30 54 30 87 7 4 5 66 34 26 98 52 9 92 53 7 73 69 56 5 55 92 76 45 21 72 59 87 73 98 5 63 96 53 36 16 98 70 14 12 37 26 86 21 88 91 66 35 88 40 50 30 48 93 24 90 36 80 78 7 78 66 13 54 59 1 64 68 50 42 4 16 4 74 83 75 42 35 54 65 55 87 54 86 54 47 45 37 97 80 
44 41 49 87 9 18 32 33 77 96 75 4 97 55 54 83 61 95 18 3 27 55 86 56 40 26 91 21 23 97 29 67 95 57 59 26 48 61 56 59 24 48 48 27 28 46 34 20 38 41 86 84 1 19 49 92 42 38 47 87 42 8 45 0 12 96 78 38 59 44 20 36 57 17 50 83 99 36 14 56 54 73 77 11 26 53 64 43 66 85 4 9 70 71 70 5 61 78 45 11 19 9 31 74 22 37 23 65 4 91 15 30 24 15 46 95 8 58 81 52 72 71 36 33 66 43 73 53 53 10 10 89 71 29 85 46 96 64 88 96 84 96 21 61 25 52 17 99 11 89 22 26 44 20 85 83 96 53 67 47 37 64 80 74 18 30 31 73 70 52 25 26 71 70 52 25 58 73 79 25 40 11 5 0 36 27 13 16 49 73 19 93 96 35 4 74 8 92 61 80 63 99 79 50 20 43 96 47 66 50 85 15 29 18 69 45 67 65 53 26 57 33 66 39 48 40 8 82 61 34 45 16 62 35 28 26 12 65 28 60 13 3 70 49 50 11 55 12 53 55 36 23 60 87 6 91 83 52 88 1 25 74 97 43 38 86 43 39 79 14 58 5 83 61 68 33 58 60 66 94 83 78 13 1 17 9 93 26 74 80 82 3 86 5 34 86 17 36 28 56 
15 86 3 40 48 21 83 56 35 0 10 73 12 30 11 50 62 66 63 78 58 47 62 90 77 15 21 9 16 51 56 89 4 82 87 13 70 77 11 5 64 83 56 71 71 68 75 8 53 59 48 72 22 66 0 49 81 92 56 51 90 86 0 92 17 85 83 53 47 39 23 25 63 52 48 42 7 11 24 12 92 80 18 6 37 58 60 58 13 11 81 6 35 14 3 6 55 23 89 24 47 48 61 34 10 85 78 72 53 71 59 54 37 89 34 45 50 63 19 68 31 55 91 85 77 95 99 38 90 98 76 3 56 22 0 16 11 74 40 52 21 65 64 73 62 24 65 6 47 4 13 78 69 10 40 88 9 9 78 55 13 94 4 61 22 50 18 49 60 36 89 89 63 90 40 69 30 63 69 55 87 18 72 36 91 12 11 98 27 18 60 75 37 79 9 5 45 70 47 54 89 50 90 13 87 42 41 35 82 12 4 27 78 13 12 50 81 19 43 40 93 44 68 87 61 45 88 52 7 32 15 33 12 47 67 65 92 43 37 67 52 45 83 63 29 6 15 27 14 20 10 57 16 34 84 60 9 44 19 79 61 28 16 25 40 29 36 34 86 17 39 10 99 80 91 75 10 55 21 21 87 87 64 48 13 45 8 60 61 59 72 26 52 20 91 92 46 55 31 45 
12 12 88 44 3 30 38 46 12 37 24 96 95 10 43 39 67 42 66 42 38 55 16 7 72 0 12 11 77 5 1 57 8 63 92 52 23 46 23 80 44 16 73 15 77 88 66 31 52 18 68 91 87 59 40 55 99 57 79 52 73 0 60 5 45 59 97 76 93 54 68 55 32 67 72 97 98 45 84 70 44 35 16 94 44 28 46 1 69 39 46 43 82 34 58 46 87 26 52 91 8 72 68 59 15 45 97 57 88 0 61 47 65 32 50 10 85 85 41 24 41 87 76 38 74 34 21 76 7 12 52 2 64 16 45 17 67 55 7 22 90 65 12 35 16 88 31 34 19 22 5 13 9 38 30 29 24 90 8 12 63 69 53 39 43 57 61 21 68 62 4 6 42 89 63 59 96 4 94 8 70 57 28 20 41 91 29 37 9 32 20 66 29 13 73 15 81 7 90 12 45 80 68 85 29 24 61 78 37 38 73 20 83 45 9 21 27 26 46 92 98 60 26 89 33 42 29 16 86 15 34 17 68 1 54 77 18 99 59 69 44 39 68 26 26 73 67 88 58 90 27 93 43 81 77 17 43 13 36 39 74 45 97 79 81 13 36 14 8 86 26 94 36 77 91 87 61 95 11 63 31 80 38 91 47 94 25 87 72 55 80 39 41 3 29 99 56 32 16 15 
20 22 41 15 82 93 60 28 72 40 68 1 65 83 50 22 62 96 12 68 53 96 12 47 42 83 64 65 48 36 57 49 74 97 95 12 2 97 33 9 24 13 72 15 94 73 68 25 24 16 26 66 19 99 65 10 23 19 4 48 5 30 50 44 78 75 35 40 79 27 71 47 83 79 54 66 20 53 34 86 79 38 48 20 45 35 52 65 82 53 28 15 67 24 64 31 8 0 4 55 82 33 74 95 26 17 84 84 70 50 24 81 49 67 17 58 36 94 6 66 42 17 56 23 64 41 77 67 95 76 15 5 65 52 17 78 28 94 50 61 8 44 64 28 51 33 49 25 22 7 28 75 41 94 78 90 9 2 53 54 17 42 96 71 27 14 30 48 88 28 13 78 41 94 33 22 45 71 0 89 34 68 50 38 10 15 78 45 39 5 11 43 8 2 4 66 5 44 77 21 62 9 92 97 20 12 72 2 42 66 20 99 10 89 6 70 84 44 0 91 3 10 76 36 11 26 96 64 60 46 11 0 6 21 5 62 38 8 71 35 92 33 52 35 31 82 73 72 63 12 20 54 71 32 69 63 90 73 62 7 32 72 10 94 4 52 40 9 28 34 77 47 46 17 73 10 59 83 24 9 31 80 7 84 38 57 27 43 69 70 20 69 74 76 38 88 38 72 31 75 
46 43 65 37 12 95 42 34 45 3 17 57 41 91 12 22 18 79 16 67 51 62 15 53 22 9 12 74 75 38 67 33 70 0 45 7 23 91 4 77 95 58 3 8 62 39 66 25 54 55 63 80 16 58 76 16 20 57 21 92 86 49 20 74 38 51 34 91 34 98 55 63 8 28 63 36 69 92 95 39 71 38 61 16 58 35 18 91 57 0 50 15 86 90 90 9 61 9 52 8 30 21 90 50 74 8 91 42 28 65 32 65 95 61 26 50 4 52 16 20 23 60 91 93 67 89 36 79 78 43 33 66 52 50 46 99 34 88 94 88 56 84 86 15 10 8 96 15 37 79 11 95 39 85 84 35 36 95 52 43 88 74 29 34 87 61 19 84 33 42 43 36 23 68 44 78 82 10 9 55 93 72 4 83 57 50 58 19 23 99 39 54 64 87 97 63 35 49 75 56 38 46 73 82 54 50 46 81 2 65 13 69 32 42 21 41 58 81 17 16 50 57 74 3 95 5 25 57 18 34 48 29 32 54 82 90 36 98 16 59 96 85 79 95 33 77 87 45 31 64 25 74 53 59 16 72 53 73 98 53 59 12 22 37 72 72 67 23 49 60 69 73 66 42 35 25 95 83 46 98 15 90 29 68 34 28 9 16 23 89 82 85 62 32 4 72 12 69 53 14 
53 2 18 83 65 78 93 20 63 71 17 69 98 50 49 25 46 44 84 67 17 36 18 64 47 40 22 25 74 86 44 69 31 65 50 23 18 26 73 9 8 15 64 72 91 72 42 81 26 89 19 52 2 60 42 45 57 35 48 7 25 55 69 16 64 36 29 9 98 54 4 81 81 32 65 68 8 29 11 86 62 56 20 53 9 76 93 58 71 87 87 32 59 22 62 69 1 94 95 34 80 27 94 43 33 86 45 74 14 21 24 0 40 52 57 27 22 69 79 51 55 2 23 2 46 49 65 37 53 53 18 8 86 51 60 32 75 21 18 46 31 24 33 69 24 13 25 15 55 3 66 73 90 22 78 93 11 78 83 3 35 51 88 87 50 57 5 84 73 86 99 37 34 98 37 93 99 69 37 24 22 53 70 71 52 58 86 36 61 57 77 44 96 20 2 70 97 9 51 58 34 83 30 87 56 76 90 45 62 71 98 72 90 39 30 82 9 34 39 59 17 91 11 61 64 18 66 32 31 70 58 67 34 2 41 48 58 59 95 51 97 71 73 79 72 29 53 48 20 64 40 79 67 37 19 14 90 95 63 65 10 10 28 79 79 5 45 41 68 73 80 61 55 31 87 78 40 21 77 77 74 68 48 17 24 10 36 7 85 62 52 19 0 75 93 14 97 15 8 22 
13 80 75 25 61 72 20 12 74 36 48 62 36 2 11 87 27 67 76 68 99 77 73 40 82 90 89 61 59 73 79 45 67 1 5 35 83 41 6 71 60 8 35 19 20 69 42 51 18 68 24 53 17 0 26 80 50 53 33 31 65 4 14 98 85 5 20 33 26 17 38 2 83 88 89 38 96 60 36 33 98 82 88 28 17 32 68 37 93 11 53 81 90 50 77 96 90 71 2 64 89 39 93 31 91 81 48 93 7 36 94 38 83 68 93 95 9 71 42 36 34 64 97 30 78 30 90 44 77 70 96 74 85 12 70 87 45 27 24 70 21 1 62 17 65 25 55 11 21 26 55 90 23 6 2 8 21 47 46 88 35 52 99 94 46 52 16 72 79 5 28 83 32 61 69 60 77 35 62 20 13 90 55 99 1 53 88 26 16 19 98 88 12 23 98 64 62 66 2 52 28 25 22 99 8 57 76 14 2 48 10 28 93 86 73 72 96 38 41 65 85 92 67 96 13 5 34 44 0 9 60 17 2 31 18 69 92 82 98 1 42 64 74 54 42 17 40 22 68 44 16 91 2 34 95 66 34 66 66 31 92 76 2 12 58 24 6 41 29 18 57 34 57 46 66 71 46 61 11 42 20 7 89 24 10 7 82 10 48 82 7 80 25 56 69 54 9 34 75 99 
37 18 22 46 35 69 50 5 73 33 78 71 86 64 7 95 54 37 53 62 66 25 13 56 81 36 11 6 36 88 73 73 2 75 66 50 20 28 56 4 26 22 13 54 64 12 67 30 31 73 0 99 78 79 88 69 92 63 37 16 73 69 43 74 91 46 19 8 24 69 40 45 62 81 12 78 57 55 67 12 49 78 12 36 86 95 64 48 30 68 76 86 71 67 19 13 59 75 15 15 53 52 62 53 93 6 53 26 27 74 47 35 16 28 23 61 83 4 69 32 4 4 83 44 16 15 94 56 44 64 12 99 28 42 29 17 40 62 95 5 28 34 69 53 57 69 17 26 63 57 69 41 60 91 88 7 78 52 63 62 45 59 82 3 87 4 79 63 40 72 6 54 46 36 87 48 9 48 76 23 18 4 8 68 93 70 28 94 4 20 31 73 1 43 58 3 94 65 24 25 51 86 8 65 98 79 4 66 20 63 91 87 9 33 97 96 27 91 92 18 29 21 68 22 83 71 86 68 55 90 35 40 98 75 6 77 70 30 2 10 72 76 15 3 68 39 18 62 17 91 83 88 89 14 88 59 58 99 97 43 64 37 67 85 55 64 30 66 14 76 81 24 84 12 63 1 73 99 41 7 96 61 91 63 8 72 89 98 52 94 72 6 81 11 80 60 61 74 75 79 
23 61 23 47 4 60 19 58 35 81 44 78 0 96 18 51 82 24 31 11 10 77 45 81 41 62 14 69 31 93 47 56 97 46 1 71 26 92 65 87 57 91 40 22 63 68 71 79 94 99 81 42 73 15 44 25 94 29 70 24 61 49 60 84 1 70 63 52 14 66 83 85 24 91 54 31 7 4 33 46 6 87 95 2 22 71 71 91 77 25 74 91 8 25 90 43 64 58 24 25 88 47 71 35 9 12 9 40 98 84 87 43 27 27 18 6 6 36 42 40 90 8 88 2 88 45 8 70 19 28 35 63 54 63 68 1 52 53 70 4 37 43 94 84 8 69 67 46 22 4 28 93 3 55 54 47 20 55 86 21 50 7 25 30 58 7 45 44 14 65 75 18 41 86 90 5 74 99 33 42 90 7 37 48 51 15 73 61 14 32 75 60 9 83 62 6 10 48 83 47 60 54 81 48 82 33 36 43 9 74 12 66 78 93 61 25 71 83 49 73 61 52 29 84 68 65 78 57 92 94 15 43 87 59 47 74 44 92 61 13 39 59 60 10 24 20 64 65 20 83 9 9 48 30 80 63 56 26 75 64 66 45 21 13 65 90 42 81 39 3 50 66 27 92 78 8 98 30 11 79 90 71 76 97 46 91 91 92 14 56 84 67 35 33 71 85 15 25 27 82 
67 63 34 75 23 14 37 22 22 45 7 63 70 60 1 17 6 66 74 8 90 48 47 41 81 99 19 56 12 25 26 48 97 68 69 74 58 48 33 88 51 94 32 21 64 75 0 63 7 51 4 45 75 70 87 79 97 98 46 90 94 10 13 72 22 92 7 64 69 59 30 77 47 11 26 95 36 2 88 16 45 43 61 97 40 9 60 0 19 28 61 44 77 98 61 35 68 8 52 91 10 14 92 62 61 46 88 28 62 52 72 66 85 30 56 92 36 58 9 22 63 67 87 87 43 49 91 61 91 87 55 87 78 1 13 9 85 49 66 11 15 8 46 43 60 70 22 58 47 88 29 31 30 6 19 99 40 3 86 95 84 53 15 10 4 91 57 74 1 42 72 3 22 35 58 70 83 72 52 83 65 30 14 41 24 64 47 6 64 0 79 56 48 40 58 2 83 65 90 60 5 39 20 63 79 7 75 22 67 15 42 87 83 0 23 28 90 77 63 24 61 30 36 34 15 57 6 1 9 38 65 64 53 85 43 51 18 61 39 99 23 90 31 31 39 22 74 12 38 20 32 83 68 13 63 13 45 94 89 4 82 41 62 82 95 86 99 63 33 73 20 2 99 17 17 10 95 89 16 96 28 47 37 62 29 5 86 29 83 13 61 3 53 53 63 98 64 82 70 47 
74 11 8 79 30 34 7 97 16 41 38 68 99 70 46 98 52 41 86 84 29 27 76 71 71 88 84 79 70 74 80 29 83 93 3 5 20 64 98 78 43 80 71 11 39 36 78 5 44 46 84 21 0 87 56 60 15 56 34 54 11 14 53 12 45 40 63 38 36 90 43 72 0 11 72 7 90 67 97 95 55 14 49 87 52 90 63 30 94 56 1 70 32 23 47 66 31 30 56 8 91 46 47 90 22 16 2 54 94 10 38 22 76 79 3 40 90 47 61 95 7 3 7 7 82 38 95 60 26 80 68 77 40 24 15 34 64 79 97 6 91 99 5 59 3 11 77 37 39 70 9 21 48 23 66 42 76 73 23 38 34 74 5 74 65 24 92 80 51 65 32 38 51 7 13 99 10 32 56 80 93 12 89 77 47 83 71 43 68 7 71 49 68 44 42 0 87 99 74 82 60 13 78 54 93 86 84 10 18 55 26 2 23 62 59 25 30 23 90 87 43 67 82 74 65 48 36 52 79 35 23 24 54 2 12 77 43 69 40 62 35 69 73 87 12 86 78 89 6 3 82 84 1 21 49 63 91 53 48 92 33 9 48 63 14 51 31 8 73 89 32 13 83 60 58 74 67 61 90 58 73 48 68 5 52 99 56 31 85 59 70 73 56 92 83 28 55 50 6 66 
78 51 37 38 17 90 92 26 82 52 72 24 55 78 73 48 58 80 77 79 52 17 90 78 51 42 92 33 38 84 16 50 81 37 72 26 11 63 7 2 1 37 78 8 10 54 29 56 1 53 75 35 36 60 59 48 32 70 83 92 95 5 50 83 89 72 98 60 17 38 41 7 80 64 7 52 23 14 36 84 40 19 18 99 39 48 52 89 4 82 82 85 64 54 58 89 17 60 94 92 60 18 60 82 28 85 92 39 59 0 6 10 34 3 23 69 61 5 46 25 36 64 65 70 74 72 47 79 73 35 52 41 32 97 22 91 14 31 12 52 10 83 48 44 86 45 13 14 53 59 55 69 44 1 7 59 63 95 67 57 82 83 17 92 5 68 72 55 80 89 74 39 53 22 18 7 4 92 57 98 72 92 7 16 9 71 39 17 46 30 49 15 80 50 28 23 20 14 16 76 90 79 9 3 42 58 0 52 44 42 85 71 89 84 90 23 2 66 8 76 44 23 70 80 53 26 1 63 79 23 51 59 46 4 84 99 86 67 34 60 94 88 63 0 1 70 69 31 49 19 86 59 77 21 13 36 13 18 24 5 2 50 24 52 37 92 76 93 95 58 48 54 88 87 79 87 27 97 58 44 91 27 43 91 23 35 92 13 63 73 96 15 2 62 24 95 48 69 32 26 
27 95 43 67 97 24 65 75 91 56 74 54 33 4 18 52 1 52 39 42 13 95 86 68 16 19 30 66 99 49 26 11 30 66 10 25 6 85 67 59 65 70 17 66 56 99 81 86 80 39 29 11 78 39 67 92 43 97 82 80 35 43 73 13 60 74 43 80 68 69 10 47 84 58 47 35 15 47 34 0 16 8 25 18 69 21 35 46 31 35 85 24 81 57 17 99 89 75 27 57 41 28 15 0 71 88 35 31 85 84 88 96 77 14 29 83 3 17 39 50 58 52 28 50 80 5 77 40 38 51 18 98 22 10 45 54 96 20 91 75 48 33 58 38 14 96 65 56 42 2 95 9 56 94 66 74 88 18 48 63 44 70 65 41 60 37 41 99 46 20 40 85 76 54 17 29 95 42 25 55 93 63 83 83 6 71 57 55 55 29 31 97 58 87 97 91 80 78 75 30 52 1 55 81 33 58 78 82 0 58 49 1 5 31 88 92 7 30 41 44 61 15 54 42 4 66 95 81 17 77 55 73 14 84 4 52 96 43 29 7 89 56 89 88 29 81 71 47 93 49 65 4 37 94 22 18 78 76 36 62 95 90 49 85 10 22 88 43 32 8 52 21 95 6 45 19 77 8 74 86 92 34 44 10 68 97 33 58 57 52 24 30 8 12 28 68 1 99 76 91 
0 68 94 55 7 72 21 8 75 21 61 80 19 71 65 79 65 26 61 20 40 60 49 24 22 86 92 20 52 86 4 77 49 35 18 25 44 24 77 70 93 1 51 76 10 98 40 6 79 7 2 13 92 51 43 65 51 39 87 46 79 61 27 43 19 61 62 82 27 62 19 12 69 87 46 14 14 68 95 71 88 45 5 0 27 9 59 25 89 25 16 17 17 96 97 20 81 53 33 76 71 17 57 38 54 80 47 77 96 18 69 23 3 87 67 82 37 70 51 77 41 45 52 29 12 57 23 83 94 4 91 59 32 60 88 86 83 75 13 33 64 81 30 15 74 29 93 13 96 48 13 26 13 0 66 28 21 5 96 5 22 2 24 85 23 25 9 36 63 5 17 3 48 47 11 57 13 46 82 26 89 70 99 45 44 46 12 95 15 9 26 4 75 7 89 50 74 2 90 58 60 53 10 34 30 27 16 54 42 80 31 48 56 89 18 17 91 0 71 86 47 51 70 76 47 31 76 12 81 86 99 78 33 17 65 60 70 3 16 5 54 93 73 78 0 45 36 10 75 56 88 33 49 23 20 97 47 81 9 59 71 83 63 13 28 20 85 55 30 17 5 56 11 65 53 59 48 50 20 37 31 16 41 87 54 59 75 88 47 27 99 43 14 58 22 17 76 55 66 80 
89 97 54 94 0 64 10 35 38 72 56 11 60 11 64 93 80 55 2 79 9 3 31 78 23 53 34 39 48 23 18 24 59 84 44 43 68 73 3 11 15 8 28 55 19 85 83 95 72 83 7 56 73 90 86 18 58 87 55 97 54 26 39 57 7 71 1 68 10 60 22 15 30 72 60 55 74 89 28 63 54 81 9 29 51 43 70 0 14 30 7 6 70 58 50 10 94 92 75 89 42 22 45 95 72 44 11 81 12 56 9 87 74 45 98 9 10 27 4 73 51 12 18 86 85 54 49 46 31 53 20 52 2 53 69 96 63 39 43 23 45 74 23 40 57 77 25 94 7 20 79 75 81 80 91 62 87 75 9 7 35 29 26 70 82 6 23 95 60 89 96 39 9 16 35 22 77 95 62 81 37 7 64 75 90 22 38 53 66 15 75 34 54 48 74 83 72 5 76 37 27 14 55 18 48 65 86 41 49 77 64 16 87 48 4 63 75 78 50 59 58 2 74 80 6 51 93 20 55 99 79 26 13 10 78 87 51 38 85 65 90 94 84 37 93 40 0 97 77 14 33 90 90 29 14 73 35 53 79 19 21 6 61 95 91 63 40 96 32 5 75 98 54 91 63 66 35 76 79 47 78 18 56 18 15 56 80 23 17 40 99 16 89 69 98 65 60 87 64 79 
77 10 71 79 45 21 68 50 89 34 44 87 60 23 26 89 97 50 88 19 57 29 9 29 88 46 7 22 76 1 32 83 32 78 81 57 58 12 20 8 50 88 31 89 8 17 12 10 56 69 91 51 38 81 93 69 6 71 17 85 9 33 77 56 31 16 98 65 10 91 19 13 48 82 7 32 76 84 81 25 85 49 51 59 52 71 20 33 64 59 29 79 73 22 19 46 77 99 98 96 88 8 5 12 50 43 9 52 56 67 47 29 46 52 75 76 40 14 79 77 33 96 90 85 56 29 13 17 34 3 90 51 37 51 48 5 49 90 95 66 68 70 20 28 4 82 53 18 66 80 62 88 16 51 54 81 16 12 97 14 79 45 75 77 78 29 42 11 50 20 69 8 81 72 15 54 30 26 31 91 56 97 7 74 48 57 10 72 99 78 61 59 66 38 55 97 87 93 55 73 62 88 3 57 53 91 24 7 2 27 87 59 57 91 90 56 42 63 53 72 3 89 8 75 81 27 40 7 94 18 59 46 17 66 99 66 91 64 26 48 38 90 85 77 41 22 68 20 14 31 1 11 49 16 90 89 52 57 64 34 68 41 36 53 53 89 28 9 25 36 21 61 28 80 18 58 17 27 73 83 53 7 46 33 14 99 59 44 94 32 49 62 82 92 34 65 52 99 7 14 
99 66 88 60 9 91 34 44 19 65 43 3 71 16 63 67 70 94 22 12 59 71 5 90 91 68 55 22 60 81 2 17 88 99 52 8 11 29 89 95 67 21 58 15 75 51 26 77 67 13 5 17 37 69 81 8 6 34 45 78 24 53 5 33 59 44 9 2 79 47 10 25 97 39 3 51 17 75 72 24 63 11 22 82 68 59 91 2 8 60 45 67 90 11 93 25 49 66 60 85 16 59 68 66 79 56 99 67 7 39 69 15 24 50 94 21 4 66 55 33 52 9 66 97 11 72 79 67 56 62 23 9 0 60 83 91 49 38 30 16 80 67 55 81 18 99 61 1 99 94 91 51 50 25 34 78 52 20 92 98 44 27 98 18 18 2 95 91 84 70 3 69 80 5 86 8 10 17 90 35 75 22 56 36 80 29 55 48 75 36 32 57 32 37 75 82 75 57 8 85 86 60 4 68 52 75 48 87 80 80 80 48 40 68 19 31 9 51 6 31 53 15 32 12 66 82 10 35 59 76 56 44 69 9 24 17 61 2 41 79 65 95 8 61 44 35 82 20 85 64 76 71 33 47 66 88 81 27 75 70 10 88 46 43 29 55 59 48 9 76 73 39 88 19 23 51 27 88 26 44 19 69 63 31 50 28 96 65 62 11 32 99 36 22 47 22 37 73 67 46 
15 15 3 65 52 19 86 93 14 82 18 32 92 65 35 18 50 91 77 8 86 47 60 88 3 79 9 18 25 18 51 25 95 25 60 61 55 46 95 64 3 0 13 50 59 5 87 75 5 30 8 48 69 30 31 81 24 76 45 76 0 46 21 55 46 54 78 41 66 62 11 1 41 53 5 88 46 62 3 86 48 14 99 21 93 75 13 8 53 72 5 5 97 5 30 32 63 70 68 11 83 90 80 95 48 42 46 39 11 79 8 23 56 40 71 24 69 66 40 63 56 20 4 16 62 90 43 7 73 22 6 61 61 39 26 33 44 5 93 56 66 9 54 35 89 77 0 26 7 93 26 80 91 98 57 88 45 75 40 74 9 34 65 48 99 24 90 39 2 28 12 77 38 35 66 12 73 69 83 32 6 88 11 33 10 61 37 81 80 53 81 14 48 24 9 13 38 29 49 29 81 47 57 19 74 71 78 21 25 49 59 63 28 24 88 34 51 11 52 19 26 59 88 20 15 27 26 12 99 18 89 15 54 79 14 23 22 58 59 14 95 15 27 42 48 19 20 76 60 17 20 78 48 72 6 61 10 59 99 96 76 62 72 73 98 61 99 48 61 35 19 11 12 66 75 9 22 34 44 7 1 43 37 25 15 49 92 19 82 64 90 24 11 76 25 0 60 36 75 89 
21 14 97 65 17 12 12 39 0 67 69 72 12 11 29 92 80 72 42 48 98 74 51 3 63 0 38 99 63 55 14 90 68 16 51 90 75 74 13 58 33 36 32 96 14 83 57 78 74 5 26 55 19 19 44 22 16 11 67 26 60 0 97 1 97 1 25 42 27 82 65 82 96 54 23 43 6 29 57 47 40 86 7 55 1 46 7 72 64 89 66 20 22 0 74 66 86 78 24 30 86 69 66 77 19 55 19 9 45 45 11 43 59 42 79 85 24 29 54 73 68 42 20 40 84 15 14 72 64 42 9 82 64 13 50 41 54 19 25 50 95 20 99 73 2 11 94 22 18 69 41 52 78 74 58 72 73 33 95 34 78 14 28 97 67 27 25 63 95 40 97 39 18 23 7 92 64 11 62 99 12 13 49 13 77 42 74 15 86 23 70 58 43 51 41 50 98 58 20 33 7 58 62 31 58 7 3 83 45 67 52 45 45 65 74 30 34 34 30 92 11 66 20 89 64 35 65 25 59 42 73 85 92 96 20 39 91 22 50 7 51 5 39 69 51 1 91 46 75 24 80 50 18 79 61 27 29 82 22 86 42 72 37 68 53 62 35 49 24 43 6 73 1 52 75 45 74 68 28 19 3 31 38 60 30 98 88 30 35 63 74 26 61 13 72 3 71 6 28 19 
37 32 29 93 49 50 32 53 99 75 14 41 10 75 18 31 25 84 63 4 22 74 81 6 64 54 59 8 87 79 22 84 9 51 39 38 94 15 87 83 18 31 81 15 52 44 43 19 27 27 51 0 56 91 83 27 10 83 88 86 26 73 13 65 97 20 76 15 29 52 84 99 6 22 24 62 28 66 28 4 64 22 54 67 31 31 89 80 3 69 18 60 45 39 57 11 27 16 89 55 74 1 30 70 88 39 89 90 55 54 92 21 56 99 72 68 50 99 30 53 39 98 71 27 1 97 30 50 89 8 14 31 82 4 5 85 94 86 15 23 31 68 6 95 72 99 94 57 87 12 47 8 79 9 58 23 86 5 56 29 7 55 12 46 33 6 71 58 82 17 96 48 17 0 11 28 64 78 62 78 31 12 3 12 96 99 26 21 35 38 83 15 96 52 31 84 22 24 42 54 61 57 55 73 38 64 95 69 77 13 98 26 76 34 5 50 21 2 26 98 49 23 4 17 11 47 94 57 84 13 8 60 36 97 23 89 44 24 25 86 78 60 96 6 48 2 36 67 68 36 62 12 35 8 81 66 18 98 34 53 29 38 22 14 28 48 45 76 58 5 8 27 90 85 60 39 81 81 85 67 40 16 88 89 45 55 99 16 24 80 10 68 71 57 88 22 40 74 30 54 
92 62 86 30 67 97 34 44 92 90 51 76 17 6 29 57 50 23 63 74 29 67 85 59 88 74 94 17 12 39 53 83 38 55 38 81 38 63 49 82 69 59 19 37 67 47 11 76 95 94 62 79 74 56 97 7 86 22 29 8 57 31 19 57 85 1 17 64 72 44 63 92 35 29 4 26 74 48 48 1 60 42 0 51 79 21 53 10 9 95 74 46 51 93 26 98 62 64 10 38 57 19 66 20 0 1 66 24 74 76 95 71 63 50 4 47 47 99 66 58 52 62 93 56 50 43 45 49 69 10 26 67 64 47 89 76 43 16 88 88 85 2 88 2 46 80 9 50 16 80 81 63 81 38 37 12 33 38 66 73 85 29 10 85 3 76 38 1 92 95 1 64 51 68 27 59 7 36 93 43 14 43 26 58 23 15 75 36 13 29 42 60 79 84 16 99 11 64 40 63 66 67 14 47 46 11 37 17 94 6 49 90 55 87 80 95 65 61 75 76 74 38 80 78 32 45 33 99 26 36 74 91 99 26 50 4 32 13 38 51 5 50 74 48 94 16 61 73 6 27 32 11 88 12 20 78 48 42 65 95 28 84 46 76 77 59 59 52 71 80 52 47 1 16 82 89 55 40 12 27 22 13 52 32 70 70 24 14 51 92 88 26 49 66 47 11 39 95 29 74 
57 84 54 54 65 63 89 61 1 67 29 42 54 82 85 48 4 86 84 29 41 69 29 84 17 55 20 48 88 75 44 96 81 57 19 97 76 14 29 38 11 62 53 72 28 0 47 21 9 22 38 41 80 44 33 18 69 91 68 48 83 36 51 61 33 29 34 33 82 50 52 0 62 28 85 57 48 65 88 18 51 88 44 45 20 35 98 17 45 21 74 89 3 98 73 78 30 69 5 56 7 56 11 34 28 69 65 33 16 27 64 42 16 98 5 75 5 90 47 21 16 73 46 52 23 29 86 70 22 21 62 26 36 21 64 22 57 14 42 96 0 19 50 63 19 53 13 74 32 38 78 4 54 22 47 46 73 19 19 98 59 12 51 60 7 70 75 20 69 54 61 42 13 27 29 96 73 88 71 16 56 14 72 8 92 70 1 27 92 76 21 20 38 11 27 90 24 17 14 32 79 19 40 35 83 33 22 5 60 8 92 57 46 67 92 11 85 55 72 2 64 79 3 51 80 7 72 97 26 3 87 42 40 55 43 95 40 4 85 67 0 91 25 78 89 39 79 44 87 40 49 9 87 58 19 37 83 17 37 52 2 30 23 56 85 83 85 91 96 88 70 59 98 88 14 53 98 15 46 7 62 82 22 12 14 4 3 56 43 37 74 6 18 88 66 36 76 6 60 57 
42 12 51 35 62 72 43 76 10 41 33 7 44 99 15 10 40 17 99 80 27 23 67 58 99 99 37 24 62 70 65 32 94 46 58 65 24 60 29 35 82 95 35 44 8 30 46 36 2 21 52 89 81 17 72 58 61 10 99 11 82 60 87 82 95 68 27 64 49 78 52 46 25 64 75 6 19 31 76 53 57 65 90 49 12 16 25 98 78 89 41 85 16 97 33 16 78 67 69 7 52 11 32 23 15 89 84 44 68 59 38 16 93 59 46 75 79 15 58 73 17 43 80 50 57 4 89 61 84 60 11 25 58 17 62 94 87 65 14 49 43 3 80 41 55 74 59 69 32 89 65 26 52 57 80 67 92 3 2 31 36 62 23 38 55 40 21 79 45 81 1 88 53 23 2 60 90 16 22 89 9 14 77 53 65 12 22 86 62 65 94 10 62 24 29 68 36 82 99 96 42 53 18 23 92 94 60 31 31 91 26 0 97 75 8 79 66 75 37 24 78 38 5 69 23 14 18 85 68 27 83 86 64 87 8 14 53 64 17 25 98 49 92 46 78 63 59 72 33 46 84 90 35 76 95 5 8 38 61 87 60 9 90 32 79 77 44 49 75 31 88 71 46 8 81 66 8 92 77 23 13 26 23 64 61 48 31 44 15 51 69 33 53 0 20 73 91 0 36 26 
83 26 93 51 2 36 56 16 77 50 29 99 19 30 87 87 88 32 21 49 31 12 85 98 36 70 32 89 83 54 91 12 63 79 12 46 57 87 19 67 79 42 35 76 61 4 64 64 33 80 34 15 1 63 20 15 44 4 66 31 26 97 70 12 81 98 90 80 54 29 64 15 88 25 28 21 10 41 50 45 64 22 92 65 79 47 47 99 67 27 2 53 81 92 79 25 53 51 90 15 41 32 68 13 30 8 80 1 24 33 74 68 95 90 93 57 15 18 8 11 97 97 76 81 31 34 67 26 77 25 90 85 38 74 57 90 48 38 65 77 54 81 20 4 66 61 6 43 74 78 38 43 90 75 17 13 3 90 98 44 90 75 17 33 10 74 23 39 30 81 38 64 33 60 77 88 50 8 43 63 5 32 96 66 83 80 21 43 3 67 65 37 75 67 77 14 47 71 57 54 1 72 42 92 56 16 38 99 39 75 4 15 84 21 95 93 27 17 62 14 46 93 25 44 3 8 86 54 51 49 16 63 74 38 28 96 17 71 64 95 57 67 86 19 70 92 33 7 38 19 39 85 96 31 84 70 85 2 29 10 18 31 40 80 2 58 27 49 92 79 62 11 6 96 81 18 86 90 1 89 37 93 11 61 83 31 31 25 54 99 64 76 86 86 69 81 38 56 56 97 
57 44 22 74 97 82 14 13 89 14 93 53 33 8 82 11 49 42 65 51 93 75 62 33 80 36 98 84 17 38 95 22 35 20 70 2 73 2 26 21 73 35 96 56 14 80 98 46 33 82 75 11 22 49 37 9 44 54 98 67 81 62 42 49 62 25 46 2 92 90 86 63 23 24 39 6 68 17 18 47 99 59 15 87 54 21 26 76 71 51 20 39 27 46 0 80 1 93 32 85 37 5 94 74 31 19 16 4 69 23 66 56 99 19 93 65 23 96 77 4 28 56 75 26 95 64 87 16 47 78 94 41 94 56 59 88 27 78 21 1 67 16 1 30 18 62 21 5 50 67 87 79 32 94 90 12 19 52 17 55 9 6 23 44 71 81 72 96 34 0 13 62 73 0 71 86 45 71 88 41 49 48 76 81 30 1 31 79 95 63 27 70 69 1 60 87 28 96 44 69 13 40 81 37 96 86 98 44 90 12 5 75 41 35 64 2 74 40 5 87 77 7 45 26 87 7 26 41 88 64 18 14 12 43 82 54 39 71 61 9 32 42 58 78 83 43 54 10 29 93 7 63 37 91 28 34 63 73 69 97 87 75 44 69 73 98 34 44 96 96 83 50 36 1 55 66 29 95 20 4 89 87 75 4 64 18 88 75 96 87 47 0 35 72 52 98 65 65 25 20 
1 52 97 90 54 41 80 47 78 22 37 54 12 12 7 89 10 65 48 67 38 77 0 90 87 51 70 37 22 61 77 52 36 67 66 7 99 81 92 30 20 54 98 46 92 4 12 68 25 21 35 50 20 97 34 32 38 58 13 41 72 85 54 0 47 83 59 88 83 26 65 74 84 67 20 79 40 47 47 57 87 93 66 8 55 49 35 62 31 79 25 57 36 82 84 29 80 47 51 8 28 17 73 52 14 96 60 78 44 99 22 80 8 35 5 63 79 45 70 9 95 9 15 39 12 89 38 29 22 76 57 99 28 77 74 61 95 55 2 88 72 79 2 67 35 59 11 53 30 27 37 53 35 24 61 27 37 5 26 46 54 21 14 38 59 40 49 16 55 37 23 61 53 3 88 85 57 13 18 39 75 80 1 47 14 52 70 23 19 10 0 85 97 33 52 98 2 51 68 66 34 91 59 17 4 17 12 60 18 27 63 19 88 65 87 99 71 92 65 86 64 37 83 98 40 2 19 21 38 11 40 28 67 62 24 6 29 47 70 82 28 69 62 13 86 71 17 47 79 41 16 53 87 99 78 27 59 26 46 93 14 3 77 49 93 32 43 30 32 89 52 60 3 22 29 51 36 11 95 19 38 58 64 13 57 45 39 88 71 82 62 53 52 86 65 34 28 95 42 75 
6 21 87 68 45 11 68 27 40 75 79 18 34 61 55 25 51 9 99 62 89 29 3 38 38 29 41 87 91 40 23 26 94 68 53 78 61 90 77 74 73 2 86 63 49 7 97 4 15 80 99 64 83 35 47 77 12 4 26 3 30 10 34 32 64 48 8 95 72 0 80 52 48 8 50 22 40 48 13 57 17 87 90 28 3 46 58 22 17 30 33 19 77 3 55 26 69 51 14 43 19 14 50 15 11 3 81 36 28 61 20 58 73 16 14 88 29 31 0 24 4 41 37 61 86 53 68 88 62 56 48 98 26 38 14 1 37 19 75 60 15 32 9 44 82 43 6 18 9 89 10 90 14 36 83 33 57 92 13 2 62 69 90 85 19 41 57 22 70 87 88 90 5 94 87 28 30 67 52 76 51 3 11 75 99 87 44 94 21 73 20 53 37 10 87 44 99 6 10 13 63 68 86 76 65 69 22 48 91 89 99 89 0 48 22 38 27 8 25 44 10 28 3 98 61 18 21 60 58 42 67 25 32 4 71 50 39 57 96 61 76 51 84 22 92 77 16 33 45 3 41 33 13 72 84 52 81 75 11 43 49 75 0 63 45 66 85 36 78 6 51 25 2 99 46 68 49 75 88 52 55 44 64 94 26 81 29 30 34 64 32 2 67 46 6 58 77 31 45 14 
53 74 56 28 17 39 84 79 16 81 3 40 97 13 64 39 43 40 0 89 50 40 23 47 57 8 30 30 23 87 17 59 9 28 21 94 4 24 39 85 65 36 17 82 96 36 90 80 23 73 14 72 65 67 44 80 67 39 85 75 37 69 81 50 83 48 52 91 49 11 58 56 24 90 33 12 0 59 59 44 24 43 82 90 39 49 51 14 88 70 95 64 92 7 85 25 69 92 63 28 92 75 38 42 86 97 56 32 58 11 38 76 18 31 95 96 77 91 5 21 17 15 38 10 57 11 9 40 22 88 1 87 91 15 12 7 95 51 93 38 56 28 42 28 49 9 54 96 48 38 56 19 85 48 27 3 98 8 66 90 48 39 20 21 82 47 45 39 47 4 10 13 39 29 7 35 94 15 13 78 29 55 29 86 13 68 81 3 82 42 43 21 65 68 73 52 86 76 40 90 78 15 99 72 21 6 24 35 82 12 55 19 70 93 89 75 17 36 29 38 74 84 95 4 28 56 22 66 38 27 13 52 47 1 11 14 89 90 32 65 79 41 72 66 93 23 16 76 46 34 10 32 87 11 48 22 18 38 28 4 68 39 19 20 27 63 67 39 31 20 49 61 48 62 64 6 25 2 96 57 39 86 4 7 41 60 60 54 87 28 24 11 20 70 48 48 73 31 87 14 
64 19 31 50 27 8 12 34 29 37 54 95 25 85 42 8 60 32 95 46 52 38 56 79 26 7 83 43 77 48 72 9 41 9 8 76 12 68 36 44 2 6 49 63 7 41 24 29 92 47 43 29 24 37 49 67 79 60 63 84 74 36 34 88 21 40 21 69 2 15 46 2 14 68 86 55 96 87 72 18 47 72 64 49 44 0 4 75 35 72 36 58 91 34 72 36 70 73 83 41 63 84 6 73 45 56 1 63 30 0 81 92 39 80 77 2 87 31 87 31 35 73 63 32 18 74 12 8 94 22 67 63 54 4 92 37 45 16 26 0 84 30 79 75 51 44 16 88 45 1 4 67 88 84 77 88 55 29 22 36 93 93 89 86 77 79 86 31 79 31 46 4 72 53 30 93 2 76 59 40 83 68 90 37 8 60 44 14 9 35 2 37 95 51 8 31 70 32 30 60 97 50 0 80 66 73 94 91 80 87 38 66 24 45 74 8 52 21 42 46 55 25 81 91 6 72 82 67 4 3 20 33 89 17 53 70 20 65 63 62 64 87 62 67 60 24 68 75 84 50 90 60 62 72 85 33 72 45 66 42 33 58 45 0 11 65 2 71 27 50 72 28 24 96 53 4 25 7 10 93 0 22 15 4 95 32 27 33 75 37 31 93 73 65 41 36 18 2 96 61 
99 34 35 84 34 23 20 45 90 53 86 60 32 62 23 56 83 11 67 49 21 54 88 66 5 91 40 47 35 85 9 59 67 74 7 10 12 6 93 62 47 13 26 60 20 92 2 31 97 71 18 50 30 99 66 82 78 86 89 92 31 63 26 8 25 84 80 6 85 20 1 25 70 73 57 73 7 36 58 1 68 78 42 45 58 49 53 51 88 41 7 67 97 28 60 19 63 92 74 43 10 58 66 96 86 53 88 94 22 53 75 39 27 76 62 51 48 5 44 32 91 93 25 64 40 86 19 36 83 32 17 87 76 68 97 71 59 46 29 41 67 38 48 65 64 68 52 69 66 87 4 94 37 83 97 41 43 84 56 3 2 37 10 2 19 15 16 70 80 56 33 51 33 5 33 61 18 76 82 70 70 94 77 75 5 68 56 95 59 32 98 32 77 88 71 72 45 13 24 60 51 46 46 92 52 5 87 57 25 84 69 34 79 24 94 77 95 53 4 45 7 7 27 75 40 39 5 44 18 90 93 2 15 68 15 46 6 88 43 47 49 29 22 54 60 18 5 88 89 16 98 65 70 54 32 65 2 82 82 89 43 31 54 4 89 84 72 36 40 2 96 60 42 37 35 71 68 86 27 94 67 84 74 49 83 85 68 8 27 52 2 43 38 7 88 69 48 42 9 36 
5 35 73 83 84 78 8 46 47 52 1 76 20 52 11 80 99 27 49 96 36 13 51 47 29 14 23 1 16 17 6 71 76 12 19 98 2 5 61 23 99 93 51 39 40 46 5 13 89 85 33 20 75 67 17 29 58 58 19 14 58 24 82 92 46 96 37 71 37 72 93 8 17 28 19 59 4 18 7 42 44 45 34 12 18 38 91 80 30 81 59 10 45 51 27 27 91 17 18 31 44 88 22 52 38 49 3 4 71 66 43 13 35 15 87 51 25 40 68 98 4 13 74 68 67 72 2 12 88 69 62 97 58 96 32 62 32 3 62 38 96 34 27 31 80 87 27 68 60 58 68 39 37 6 17 32 87 78 92 50 61 30 56 38 72 4 58 94 56 19 78 35 30 25 76 35 64 95 19 0 65 60 52 48 83 5 98 27 75 44 77 44 45 61 83 11 38 47 10 2 41 77 45 84 4 77 72 41 48 21 48 82 41 44 27 70 80 53 13 53 70 87 57 2 19 9 91 29 2 88 42 75 72 79 25 74 2 16 88 71 44 47 41 22 96 64 36 53 79 19 71 28 43 78 33 89 91 33 55 39 62 44 34 93 27 85 93 72 10 85 60 60 92 20 63 39 13 68 54 71 83 88 16 7 57 52 55 53 78 54 58 48 55 29 42 27 13 4 73 78 
75 12 62 56 67 62 76 42 90 95 67 24 6 34 59 31 55 77 13 73 75 59 92 42 30 2 53 91 59 67 29 66 71 24 12 47 95 10 41 94 75 9 94 68 50 42 92 40 24 0 58 66 15 15 57 78 5 81 88 61 22 41 66 58 19 73 91 43 95 97 12 57 59 68 67 75 8 3 35 13 34 42 31 97 53 12 78 62 4 55 85 87 17 79 66 13 32 21 40 91 27 33 43 80 6 8 40 76 50 58 52 25 50 27 64 80 16 77 94 42 15 38 11 20 43 34 35 26 42 57 20 17 0 81 77 64 82 70 98 52 10 25 89 18 79 54 55 78 85 90 70 32 3 95 1 86 52 32 80 40 73 38 15 69 5 68 80 54 36 32 56 40 74 16 82 77 18 21 3 44 42 47 7 87 6 62 24 77 59 64 68 72 20 76 55 66 15 21 66 40 94 55 61 94 22 71 81 14 45 43 42 93 14 22 9 71 89 24 88 15 62 93 69 25 64 74 80 35 84 50 80 58 38 91 3 60 3 44 69 9 0 87 71 74 93 60 88 79 2 2 21 67 66 95 34 80 30 39 24 65 94 18 91 59 37 57 79 47 98 54 34 33 23 92 45 88 47 21 95 53 50 51 72 31 31 51 13 45 35 54 44 84 77 97 70 28 18 23 90 50 
38 87 3 72 95 19 33 53 4 29 71 6 78 24 99 1 7 63 78 93 90 37 10 30 91 10 7 58 86 78 77 72 21 15 83 50 35 0 30 48 24 24 1 32 35 81 98 35 74 36 16 82 75 69 37 90 19 19 45 38 20 40 43 99 2 78 78 1 4 20 54 80 24 71 25 68 64 58 66 25 84 92 14 7 77 61 62 80 76 80 84 59 98 37 93 13 35 3 33 52 84 12 61 70 46 54 47 25 15 86 75 66 2 63 49 98 67 4 34 17 50 82 56 46 27 86 7 65 85 68 23 72 78 5 80 59 96 42 40 59 69 19 95 58 63 14 37 74 38 90 30 16 70 0 89 10 25 72 14 39 66 42 13 39 94 45 68 98 75 41 31 88 11 72 76 16 30 57 89 99 55 55 91 43 57 63 46 56 49 14 32 40 23 15 38 44 96 50 23 13 6 76 20 28 98 13 87 55 97 47 60 98 17 18 32 10 60 28 69 93 43 12 55 83 83 76 84 45 26 35 32 72 47 13 26 80 6 31 56 33 0 54 51 59 2 67 8 84 36 59 14 46 68 50 66 65 83 82 60 65 40 50 70 64 54 93 44 54 12 95 94 68 70 8 61 39 47 3 61 18 62 64 61 50 84 14 19 17 87 13 88 77 89 3 46 33 80 38 21 15 
42 50 98 87 90 1 2 42 42 78 22 70 48 94 82 12 89 87 90 25 40 61 86 45 93 79 34 86 27 32 98 9 75 58 20 94 73 42 38 99 71 83 11 58 42 54 9 33 53 52 33 18 28 62 21 65 59 59 61 78 0 82 10 11 39 95 12 24 4 99 89 34 62 79 55 19 10 2 1 12 40 99 15 65 74 72 54 92 2 71 96 19 96 39 59 39 5 76 71 2 0 18 38 38 44 50 67 35 16 83 58 23 29 61 17 44 72 48 60 68 14 98 4 70 50 51 34 50 81 43 31 55 94 98 73 29 60 39 74 38 64 54 40 8 81 26 39 82 59 34 25 74 25 62 47 68 45 14 90 28 91 20 80 99 20 91 36 20 55 48 39 73 14 79 75 67 33 50 59 71 47 55 52 58 79 21 81 27 24 75 22 46 78 63 60 16 47 64 4 86 96 47 56 51 58 19 15 97 67 71 65 62 37 45 59 17 11 1 24 76 58 99 16 93 7 98 19 56 30 13 56 56 35 29 61 13 27 59 97 40 43 98 62 43 22 90 64 42 99 1 87 17 73 94 86 67 43 61 18 83 15 65 16 76 72 6 78 33 90 36 44 85 4 80 1 66 27 21 63 79 76 44 82 4 91 21 99 19 7 7 51 16 90 69 63 57 45 94 3 41 
78 20 85 41 19 60 98 65 56 39 45 72 76 19 78 83 30 80 64 38 61 76 94 14 94 92 61 77 11 89 34 80 76 34 60 64 88 4 66 76 10 17 30 23 22 70 85 31 21 34 3 13 34 68 28 31 4 53 98 37 14 6 99 40 66 1 46 73 10 29 26 91 77 82 73 21 33 82 57 8 81 27 24 73 34 3 8 47 38 17 64 52 48 91 48 92 63 20 12 89 64 66 50 58 70 17 26 70 86 14 47 14 25 61 44 74 26 6 94 61 76 19 40 86 57 15 60 5 36 31 15 52 6 55 30 89 71 91 57 67 16 84 47 30 33 83 60 35 51 39 38 85 74 87 85 48 79 72 25 9 27 39 71 56 66 33 82 45 0 41 65 86 12 6 27 78 2 69 9 35 51 42 49 19 6 55 84 11 77 48 4 15 74 70 84 57 34 97 51 0 47 26 42 63 99 84 77 77 96 30 87 24 93 64 73 16 67 10 16 81 18 19 5 71 76 35 63 76 34 66 63 89 34 6 25 66 51 18 31 66 20 72 63 81 60 86 0 81 76 6 18 76 77 85 77 55 8 50 54 69 5 94 39 77 48 12 64 42 60 10 47 85 88 49 13 3 62 92 42 59 97 35 62 99 65 15 9 4 21 80 13 4 49 1 11 86 20 48 93 36 
35 27 8 95 85 80 5 36 66 3 64 50 29 16 7 89 37 36 65 36 94 69 99 2 14 18 14 78 25 85 70 21 76 58 71 8 54 79 59 50 81 72 22 78 96 18 65 34 70 20 53 79 91 12 40 65 73 69 69 40 20 63 60 38 65 21 34 42 10 0 50 57 80 47 1 6 79 6 9 74 73 68 46 69 64 95 26 94 86 73 48 70 7 62 58 30 42 13 25 53 19 94 34 30 60 81 68 68 33 66 17 40 77 2 64 86 34 29 4 9 8 20 39 85 40 72 42 20 62 87 12 79 62 99 66 96 61 91 49 99 1 64 64 85 62 8 25 64 88 91 12 32 81 35 74 0 99 79 16 30 1 80 55 39 27 34 38 18 88 21 52 73 83 66 53 79 24 68 68 90 75 75 50 20 26 55 92 85 29 76 78 17 40 75 21 60 51 26 93 88 30 65 2 81 41 94 17 83 30 60 95 59 5 11 6 86 79 55 56 16 53 40 26 63 99 79 39 4 14 12 59 47 56 78 68 19 9 31 73 19 24 27 59 6 70 79 28 0 36 68 40 24 56 4 88 39 65 26 41 62 7 36 29 73 8 33 8 47 69 70 64 93 91 24 22 62 21 11 77 75 71 50 60 83 33 57 56 0 73 85 30 84 16 8 68 95 63 69 75 38 
45 70 53 68 71 98 52 98 75 79 54 7 72 22 61 83 25 81 73 89 56 4 46 57 85 22 0 60 46 10 94 54 95 42 57 30 87 82 3 75 1 4 17 75 74 48 46 92 85 53 25 42 22 45 23 21 1 15 55 59 46 58 85 60 66 84 49 63 43 39 37 1 44 72 6 21 4 12 93 44 11 48 25 46 58 29 18 25 87 83 43 87 11 47 63 70 72 87 54 69 24 18 58 31 61 36 37 98 35 29 90 77 80 56 0 13 28 78 24 82 37 16 16 25 42 1 69 71 84 6 15 73 64 47 33 67 90 59 57 73 90 94 5 35 48 49 55 84 85 31 80 6 26 23 0 78 68 31 24 33 71 7 88 88 16 26 66 62 19 81 63 78 49 96 54 12 87 9 8 70 16 4 9 43 32 70 1 30 36 67 74 4 95 16 0 46 95 85 85 69 12 77 96 8 7 50 49 71 57 91 52 91 35 68 58 50 74 86 44 87 23 51 29 32 85 88 46 24 5 62 92 86 57 72 50 84 54 40 95 17 89 36 97 72 39 71 75 56 90 82 18 85 31 7 74 0 29 3 57 29 0 60 67 55 53 43 62 18 19 60 35 4 44 94 86 66 42 46 11 48 61 39 98 9 62 48 70 80 37 68 71 13 91 51 43 82 75 63 36 65 
3 6 70 82 16 17 37 24 58 28 64 53 57 88 21 90 97 16 29 19 46 42 51 3 91 63 70 63 91 20 3 8 13 84 71 41 5 39 78 26 96 33 21 60 29 80 47 18 6 17 92 38 76 2 51 63 98 70 16 13 33 38 89 72 56 19 47 8 97 51 48 27 30 11 42 19 51 90 97 14 86 12 86 9 98 66 49 86 85 77 69 22 39 47 15 19 67 27 29 8 17 85 58 89 43 17 97 86 38 62 4 50 94 29 68 18 97 71 88 66 98 40 52 74 80 56 52 25 81 55 80 4 34 48 41 38 44 62 76 89 56 96 77 93 26 10 18 50 17 67 10 34 44 92 76 58 54 78 7 94 83 2 12 34 96 40 98 88 63 2 39 75 53 60 24 23 76 3 28 75 37 42 76 8 30 50 37 78 80 19 82 15 93 11 71 32 73 78 8 48 73 88 12 84 46 96 8 17 82 37 94 3 38 37 36 86 52 67 95 12 76 61 9 61 10 80 27 19 78 76 0 43 38 1 83 26 34 82 65 25 8 2 13 0 15 40 87 48 24 23 40 98 23 48 39 37 25 8 0 26 61 18 16 22 18 0 7 50 39 96 95 89 85 8 25 39 18 5 54 99 64 51 24 39 51 30 5 1 49 54 74 13 26 11 28 50 96 96 93 37 
60 54 4 74 66 85 1 50 70 33 55 46 5 73 97 67 85 70 15 1 42 64 23 23 67 16 65 53 32 11 38 83 76 11 89 34 63 96 0 68 4 25 36 47 39 99 76 43 18 37 42 37 62 27 96 13 49 68 5 33 82 91 99 11 62 93 19 67 12 85 81 75 99 67 68 1 81 1 58 32 86 28 5 87 79 55 86 59 56 60 87 30 34 82 20 14 16 84 51 4 91 89 57 53 43 47 91 58 50 26 32 34 6 11 24 75 76 23 69 19 43 18 67 43 30 35 77 66 75 38 97 30 70 57 30 23 26 68 43 89 35 6 98 7 65 98 37 62 60 44 69 41 81 67 72 29 14 25 98 5 50 63 89 87 69 93 82 37 90 90 35 42 77 16 62 75 99 5 95 81 82 87 55 69 96 95 41 65 83 89 21 89 95 79 19 67 72 3 31 86 81 6 5 29 80 36 98 98 18 2 37 9 50 10 7 32 81 57 33 91 79 20 42 22 30 59 14 22 89 53 38 39 26 40 7 30 19 88 38 3 27 62 99 29 97 97 37 75 68 6 0 55 3 91 75 30 35 74 74 95 32 39 39 90 53 36 16 32 78 28 6 58 62 63 25 85 78 48 82 33 55 77 61 25 44 22 58 65 79 20 96 61 8 17 82 67 86 27 10 14 
57 60 41 48 89 56 52 17 33 67 44 16 90 8 71 8 30 70 75 93 79 27 47 56 35 81 41 18 98 87 59 64 80 92 47 21 36 92 22 12 88 13 83 88 55 15 1 2 13 52 3 20 29 91 79 59 62 55 34 28 63 44 23 44 10 46 39 39 91 71 96 52 4 46 5 84 1 25 21 67 99 67 95 39 63 55 16 78 36 66 86 74 59 56 86 61 80 30 16 24 32 14 74 8 74 4 98 51 12 49 50 18 44 41 77 98 5 19 6 72 99 51 83 73 14 28 41 7 45 57 71 51 15 75 57 3 93 34 94 15 83 13 71 7 59 27 87 51 99 59 98 66 98 73 32 33 3 38 45 67 67 15 91 52 69 61 63 7 91 48 15 64 71 99 22 78 60 2 88 74 47 42 7 76 69 7 57 83 17 39 2 59 54 92 96 11 26 35 82 76 98 2 64 25 81 26 13 85 32 31 38 38 74 82 21 90 47 26 36 37 38 73 48 72 43 93 70 77 1 81 28 4 44 53 47 56 38 44 52 77 10 38 80 8 81 65 72 26 98 29 21 78 95 17 8 36 72 16 41 68 84 74 75 74 49 1 87 96 72 42 48 93 65 0 38 0 31 39 76 28 20 33 71 43 67 31 12 71 0 40 97 66 21 91 7 94 31 58 93 25 
45 17 73 31 50 36 9 34 66 91 82 75 2 81 65 48 14 16 96 89 99 42 50 51 31 23 73 25 69 27 66 73 12 8 35 58 27 65 51 82 25 43 82 3 54 39 79 44 91 40 16 81 91 63 5 61 68 37 72 52 34 25 29 29 64 68 28 87 10 14 39 86 7 46 61 77 4 26 29 8 25 4 74 72 84 80 16 50 79 52 62 67 81 57 53 70 74 60 82 98 57 32 74 62 2 54 67 46 49 39 77 58 97 81 43 24 23 59 73 72 15 10 14 7 19 4 56 93 33 15 41 43 48 85 20 44 26 98 66 83 33 50 27 99 1 71 54 41 57 34 99 16 26 47 33 97 71 29 60 77 50 95 41 79 42 58 13 39 76 71 60 12 57 55 48 44 72 36 21 19 44 13 90 58 2 88 52 77 73 69 37 25 92 87 52 6 68 77 74 39 17 53 36 61 14 77 45 94 44 6 29 94 1 74 13 90 0 66 1 29 59 68 54 7 96 47 74 83 35 62 31 85 50 24 50 32 54 38 46 41 56 60 24 90 79 6 2 31 67 73 13 57 82 0 67 56 40 77 62 90 15 50 90 32 91 69 21 60 76 75 54 44 89 56 42 40 82 7 50 7 58 11 79 62 87 37 95 14 89 18 71 93 71 40 35 77 96 53 44 23 
5 4 28 65 59 48 34 44 64 96 78 11 65 14 55 99 73 54 59 63 42 29 16 10 23 39 28 60 32 39 69 97 58 99 66 27 1 68 60 86 42 95 79 16 70 51 40 83 83 63 88 83 34 5 38 82 95 96 91 34 56 77 91 26 82 20 8 1 1 12 71 3 14 18 4 32 73 58 7 53 48 23 4 81 73 75 0 81 66 91 9 2 78 16 54 94 55 9 83 40 31 41 67 3 11 25 36 81 47 17 58 69 76 46 89 28 59 36 67 52 98 99 51 49 98 67 20 5 12 98 42 69 66 29 81 52 67 26 15 55 41 19 66 6 33 1 43 50 28 79 69 92 47 33 69 56 19 49 82 35 59 20 10 30 68 72 28 60 31 30 70 33 63 22 97 79 70 51 25 65 82 15 70 26 48 69 82 70 10 42 99 14 26 24 73 77 90 1 46 32 91 0 3 37 17 3 81 45 12 33 22 77 89 6 78 8 6 8 12 92 23 74 21 24 9 91 1 99 20 19 77 38 8 48 81 82 14 71 83 51 65 41 57 37 32 29 89 52 69 22 5 82 94 16 15 6 91 40 44 25 43 26 21 56 28 98 24 46 31 53 91 14 95 79 23 9 27 45 81 70 62 42 30 40 23 88 64 37 68 15 89 49 47 67 65 91 23 92 19 34 
91 75 46 18 51 79 86 55 25 93 83 83 9 47 62 51 76 99 91 96 45 52 54 39 81 0 16 85 59 81 51 79 26 24 76 77 39 40 89 51 22 46 36 51 79 5 87 90 18 73 37 15 43 9 73 45 12 18 56 85 62 80 10 67 52 90 8 21 94 37 11 10 62 81 66 67 32 95 53 86 7 39 42 99 10 33 72 18 27 29 72 71 17 51 8 28 51 69 43 67 8 28 88 95 79 33 39 36 19 92 27 10 80 7 83 28 6 93 35 74 52 57 91 62 8 51 29 15 63 77 26 49 47 94 2 73 57 26 28 1 58 49 45 48 64 2 12 42 76 66 71 53 80 14 29 39 72 82 13 71 13 75 41 24 43 42 61 28 77 77 96 62 35 85 13 52 2 14 84 60 53 79 23 24 51 45 50 83 89 67 15 1 12 45 72 13 21 7 52 0 1 74 53 67 72 40 13 92 95 79 56 66 40 5 70 79 96 5 45 68 13 69 97 38 14 12 40 48 89 9 19 51 52 98 67 76 76 38 21 44 94 39 52 15 1 35 72 0 20 28 68 40 39 72 3 11 78 28 2 9 29 42 6 34 33 49 16 34 66 20 63 45 98 33 39 67 37 97 62 73 13 33 20 67 5 98 33 38 82 10 75 65 24 84 54 3 65 2 3 43 
51 77 0 80 73 33 4 54 24 57 29 0 95 93 62 79 26 74 27 3 15 86 75 33 94 84 86 28 27 71 60 71 20 41 44 30 43 53 4 71 54 24 98 96 3 51 34 6 94 72 79 42 65 82 43 34 83 13 10 84 55 68 75 37 63 50 62 87 9 39 43 44 91 40 71 71 26 77 68 80 36 7 11 97 50 13 58 79 26 20 39 38 60 40 14 23 98 59 47 87 6 79 29 84 45 13 99 60 81 29 2 92 66 67 55 48 58 10 1 73 85 73 37 75 89 49 48 81 85 10 44 13 38 72 98 61 77 6 27 50 61 8 49 80 21 46 24 71 25 21 12 59 85 73 31 72 57 69 26 77 10 75 96 89 53 75 37 27 8 56 25 51 96 62 63 45 47 4 28 95 76 72 9 21 19 2 69 47 56 60 5 34 60 14 51 94 93 38 41 73 34 93 54 59 47 94 38 91 77 78 8 73 51 6 1 57 80 28 39 46 84 11 90 15 90 67 25 75 80 29 65 41 24 74 72 99 77 80 80 21 51 57 57 66 23 30 22 94 47 66 12 93 56 18 4 43 88 59 55 25 45 42 66 44 9 92 70 3 74 99 71 91 15 42 81 38 65 77 75 65 82 55 62 27 66 40 17 7 60 30 18 58 52 37 32 65 55 18 33 0 
0 36 7 87 25 90 92 50 5 26 21 28 5 51 22 76 35 64 57 69 17 65 98 7 74 83 40 21 71 36 38 22 1 78 38 13 4 41 25 60 83 69 56 45 45 2 9 46 98 94 84 26 64 12 34 26 83 27 45 13 28 9 85 0 26 52 57 28 52 51 70 87 6 0 83 80 90 4 35 17 31 22 73 45 5 39 21 55 95 93 91 65 64 75 83 4 93 89 27 14 18 30 33 44 17 30 78 35 82 22 9 6 71 6 2 60 56 37 14 6 18 78 30 13 83 39 58 95 16 69 0 16 50 37 90 37 17 81 96 14 35 40 18 67 39 52 26 75 67 41 45 90 30 71 10 33 13 65 48 68 26 28 85 22 4 66 92 96 62 19 61 68 27 45 97 53 1 89 82 7 45 21 52 91 40 57 47 26 46 14 10 22 21 2 86 79 76 16 80 68 8 31 62 16 67 39 0 80 86 41 89 0 28 55 89 11 59 13 3 40 24 14 13 72 40 85 5 56 34 11 84 71 50 92 61 49 93 25 74 62 3 45 22 27 77 1 42 40 81 50 52 62 83 53 21 70 22 50 53 85 90 94 46 72 23 43 52 77 27 25 91 44 65 98 14 98 36 71 33 95 23 32 51 50 61 11 27 4 69 71 25 18 66 89 68 99 67 53 51 29 
41 23 45 96 2 41 51 81 81 1 56 58 18 82 54 40 5 23 42 2 53 49 98 99 69 36 2 93 66 18 7 52 6 45 73 12 88 41 99 88 72 20 90 97 3 31 79 32 15 0 37 45 81 78 80 77 35 47 61 96 10 53 75 81 11 13 74 21 0 57 7 57 33 1 69 9 58 16 48 81 61 45 15 27 47 0 84 8 28 46 9 66 95 97 7 81 68 97 8 20 23 96 91 82 30 72 85 15 2 75 55 96 34 30 24 83 11 2 78 33 61 13 84 84 80 29 68 87 93 47 3 22 97 4 3 97 70 51 52 30 81 72 8 47 33 48 10 61 42 86 20 97 35 83 38 32 69 8 34 34 51 89 28 83 5 26 13 84 21 23 34 13 15 34 9 24 9 64 7 31 13 91 9 91 70 7 66 86 57 55 77 42 56 88 11 74 39 81 12 44 36 89 4 15 77 41 23 31 67 31 98 77 72 27 11 51 0 72 17 95 28 4 1 88 51 92 90 74 78 58 97 6 77 97 43 99 57 99 67 13 97 73 97 10 6 96 96 7 98 39 57 81 44 7 56 67 21 94 48 80 42 7 97 56 76 63 7 25 61 61 73 41 27 60 97 99 96 70 63 99 81 10 87 78 56 1 63 46 45 67 13 11 74 90 91 43 72 11 93 1 
14 57 17 11 60 72 6 49 97 53 31 3 31 76 62 88 45 5 30 52 33 83 2 39 96 54 60 67 94 70 99 66 74 20 94 79 99 88 67 45 50 89 42 86 93 97 5 14 20 36 73 99 59 89 30 59 23 43 9 23 53 98 15 42 47 1 81 29 64 30 82 89 73 79 69 67 45 35 37 96 30 77 29 20 43 98 57 54 32 1 72 46 78 28 71 91 93 64 65 11 30 31 53 46 23 41 59 96 17 50 93 38 93 72 14 32 66 58 46 72 52 86 13 54 92 43 78 75 63 56 36 37 0 89 39 57 39 74 47 10 32 93 95 1 22 76 24 90 70 73 51 88 27 70 91 44 40 55 87 84 46 3 77 88 11 0 85 98 92 47 11 64 11 3 57 28 32 72 36 86 24 64 95 23 10 56 95 11 13 20 34 7 33 43 14 52 80 89 25 42 50 52 53 86 93 2 33 27 74 65 76 64 0 66 90 92 5 87 69 24 70 92 58 61 75 67 64 7 76 91 40 34 56 47 56 21 88 88 97 60 79 69 12 7 81 6 57 54 58 10 37 31 5 88 62 80 66 0 64 40 87 91 90 39 12 80 38 82 45 77 50 93 29 35 70 2 40 37 89 3 28 20 14 63 50 38 43 11 37 56 86 32 97 46 98 40 62 3 35 99 
92 64 66 0 76 51 42 54 38 59 84 59 79 10 35 22 91 78 65 27 32 60 18 29 31 84 71 16 9 85 70 6 18 54 1 0 77 16 93 79 28 73 19 3 92 78 17 82 15 89 97 53 21 84 12 82 96 34 24 46 5 21 87 55 80 82 77 47 5 86 35 97 84 34 71 54 67 97 70 84 16 4 3 39 38 50 54 98 68 40 75 13 92 82 42 2 93 49 89 73 65 77 50 42 27 76 97 79 16 67 72 17 61 8 87 18 18 87 19 45 95 76 40 3 15 86 38 64 41 36 25 57 96 13 61 23 43 25 69 75 61 94 31 9 80 76 72 51 77 61 85 95 16 96 82 18 16 36 56 42 35 57 36 75 85 74 1 94 27 49 36 76 35 8 77 40 24 80 79 67 15 10 26 45 75 49 20 62 84 44 93 51 51 18 36 0 39 91 87 95 23 31 82 86 93 98 47 22 36 37 57 68 4 76 83 45 67 76 54 80 25 23 53 23 36 59 11 63 97 90 6 74 60 85 65 82 32 39 58 95 29 3 10 0 57 63 68 27 14 71 34 5 3 3 9 24 29 16 71 16 35 14 74 11 65 20 62 5 14 42 80 13 90 86 56 48 24 55 84 21 36 82 21 19 44 13 92 47 68 82 36 5 36 51 49 40 44 26 46 30 
21 25 35 44 38 32 78 76 67 44 50 3 97 99 39 99 40 4 84 90 26 7 47 29 39 75 90 76 43 26 51 26 89 66 99 14 38 19 56 41 66 23 8 9 3 49 76 86 62 3 60 40 55 15 77 55 66 87 2 95 33 3 11 13 17 29 82 52 80 97 64 17 2 78 55 62 30 21 66 42 3 70 1 90 52 61 41 23 85 44 75 66 92 83 48 18 90 52 32 38 3 53 36 5 66 22 73 89 13 83 41 96 12 63 54 54 77 90 60 22 91 96 18 5 71 66 69 81 91 39 50 55 86 67 62 59 88 28 25 16 50 93 67 61 26 97 13 93 61 15 11 68 32 8 61 44 99 35 44 12 91 55 71 87 30 20 44 46 75 43 45 73 12 0 82 93 20 44 21 19 12 14 54 68 31 16 25 93 73 43 24 70 39 79 64 18 32 92 65 62 78 52 15 83 38 10 72 50 25 88 44 77 26 65 97 73 14 93 76 77 79 68 1 6 82 51 83 2 40 39 14 46 20 11 6 1 33 28 93 3 32 12 1 25 95 76 16 70 43 77 22 52 63 51 50 32 34 47 97 29 12 48 47 41 72 7 59 8 22 36 74 13 73 59 44 1 30 94 79 39 50 77 94 9 89 45 1 88 24 55 76 47 77 62 96 38 33 79 44 58 
12 33 10 21 74 10 25 64 70 24 32 77 26 25 29 75 0 64 87 1 18 21 81 52 64 72 51 88 5 34 63 92 20 25 55 61 12 15 97 76 5 3 51 7 89 46 29 93 39 6 65 39 26 82 68 81 97 24 90 72 91 20 2 79 12 71 94 91 73 63 16 52 55 28 28 44 62 81 81 52 40 35 19 51 16 22 73 51 69 20 89 6 62 74 93 9 26 34 8 88 63 26 38 67 93 47 97 90 23 58 82 25 98 93 86 14 79 47 61 4 15 54 18 55 91 45 31 33 49 8 92 16 91 89 94 24 94 55 79 0 62 73 55 66 51 55 19 92 5 39 31 66 3 93 61 82 62 48 81 27 95 18 83 59 33 6 31 88 36 62 36 18 9 53 42 39 43 81 19 24 31 92 14 25 23 63 79 8 5 11 87 48 51 15 46 27 87 63 64 94 36 10 50 8 91 37 98 68 58 81 59 46 54 58 95 46 76 9 32 15 27 94 99 46 25 32 92 70 71 1 58 56 7 56 48 33 30 71 23 47 79 84 6 18 24 54 89 64 80 14 41 36 52 77 81 23 33 22 4 19 76 23 92 74 83 29 90 99 30 29 89 49 96 36 72 99 55 38 71 84 42 88 41 70 12 69 76 61 12 96 66 47 26 40 79 60 7 41 31 14 
57 21 47 55 69 0 48 14 13 56 54 2 86 4 27 53 51 54 33 77 5 17 44 70 10 34 17 79 67 50 40 17 48 0 96 16 48 82 24 19 90 85 54 11 6 91 85 76 48 43 88 26 32 82 20 77 60 95 94 55 10 50 20 71 52 80 59 31 66 83 72 57 79 60 47 95 30 45 86 99 44 2 13 48 0 87 21 17 70 73 49 32 74 28 10 50 53 3 81 13 70 26 25 60 32 78 77 0 40 62 85 87 35 4 50 35 43 48 38 71 45 55 14 0 29 94 93 7 10 73 30 45 43 76 17 61 66 1 62 1 75 61 66 35 23 24 39 27 75 58 50 47 12 1 34 83 94 55 51 11 92 52 77 44 57 76 19 55 86 66 2 17 13 78 56 5 98 86 44 36 58 17 34 56 23 48 96 36 71 0 89 51 83 75 99 37 50 17 97 6 45 55 66 0 16 69 56 36 62 85 44 68 46 58 80 22 24 72 25 38 22 19 82 76 19 0 85 40 38 89 31 6 41 44 67 3 88 21 46 4 77 69 78 86 16 36 93 30 50 19 10 21 82 8 62 36 12 55 10 10 22 55 21 22 54 16 97 71 30 11 63 39 68 89 38 86 13 57 73 69 85 52 88 88 62 0 78 77 81 28 38 72 31 41 8 91 49 49 47 41 
38 7 25 22 71 21 14 49 7 30 44 47 92 46 89 5 85 44 72 76 83 80 56 37 78 15 10 47 98 79 56 53 63 7 0 35 41 88 86 97 71 94 68 72 54 99 32 72 1 14 94 46 33 7 58 11 94 89 31 55 68 81 38 68 1 26 20 91 43 35 64 85 14 97 39 22 96 93 21 32 18 92 83 4 74 86 84 23 41 45 32 40 62 57 5 93 99 65 17 85 11 36 42 42 29 37 92 99 91 96 99 54 83 6 9 27 19 15 83 88 51 68 24 23 62 67 59 99 25 22 2 53 79 58 33 50 80 73 60 23 52 72 81 15 12 71 81 6 54 97 60 49 99 77 1 70 58 20 24 77 11 26 18 4 77 99 8 42 46 78 50 47 9 47 40 80 30 94 70 76 44 76 35 42 16 65 73 14 51 72 59 89 78 85 26 50 81 91 55 64 51 10 23 55 87 53 49 5 75 75 0 70 16 37 49 69 64 56 42 74 25 69 33 86 85 47 93 21 24 15 9 92 4 37 30 65 57 11 10 89 77 31 47 28 53 18 30 47 54 72 11 14 27 79 78 76 99 25 88 45 93 4 10 35 86 39 44 15 9 99 60 64 58 78 45 27 17 69 95 92 24 59 32 16 81 40 69 16 94 0 3 44 52 33 95 31 92 45 60 75 
69 67 86 41 53 6 61 66 53 27 65 52 38 13 95 90 35 29 57 95 44 67 4 57 12 16 48 54 53 36 58 76 88 44 19 50 62 37 45 91 40 21 95 19 11 41 44 4 18 49 51 44 72 5 50 17 27 18 59 67 66 85 52 88 28 36 65 29 39 39 23 64 86 35 54 74 40 72 2 61 52 40 38 15 54 24 75 69 80 11 44 64 19 31 80 43 52 86 20 8 91 87 68 97 67 3 88 48 53 58 15 93 41 1 34 33 93 15 36 22 66 24 44 19 75 39 7 98 53 51 12 56 79 30 12 63 2 11 0 67 2 72 1 20 68 39 69 53 21 83 25 39 75 69 13 77 48 47 67 54 93 62 52 33 79 49 92 38 10 23 52 3 40 9 52 17 4 26 92 57 20 99 89 97 42 94 51 70 21 17 84 57 56 40 7 93 14 56 10 23 67 62 5 28 60 77 28 21 57 75 23 34 80 11 56 33 61 26 3 87 87 73 98 77 54 2 69 94 9 64 69 16 89 38 76 95 69 20 43 67 2 76 30 52 8 13 65 56 48 77 12 60 87 17 73 52 2 0 7 54 82 41 86 33 45 3 74 2 3 27 77 90 23 38 69 98 77 47 19 58 41 95 90 31 1 24 69 98 42 65 49 45 67 75 58 13 52 97 4 25 
34 43 38 97 30 64 10 21 61 95 26 58 86 80 11 66 4 62 35 16 91 90 35 2 18 24 41 17 23 54 3 27 5 73 79 87 65 33 23 93 20 16 89 76 27 27 0 91 28 12 19 94 19 6 44 78 18 17 0 80 30 48 44 66 8 32 1 32 16 64 93 42 67 82 26 65 57 86 21 10 9 1 54 55 4 7 65 93 61 18 79 86 96 88 2 80 80 95 66 49 96 85 66 69 45 30 34 91 80 85 80 77 32 85 17 4 59 58 74 92 68 88 55 18 46 49 1 85 60 79 86 40 13 42 31 63 20 16 17 52 95 17 36 52 90 10 60 24 4 65 48 13 72 0 27 47 36 92 79 88 49 97 52 26 11 42 72 17 87 65 44 63 79 9 22 7 42 53 69 61 35 66 20 23 10 53 6 45 1 13 88 68 27 53 25 67 65 60 21 4 37 51 27 69 72 65 50 41 24 72 6 6 64 30 85 79 75 92 13 68 84 59 27 79 88 76 26 66 21 97 47 82 0 16 37 12 68 57 79 94 94 47 47 28 32 98 15 39 57 77 48 51 41 51 94 53 36 40 89 58 10 44 90 10 1 77 62 41 18 61 96 34 29 28 43 68 89 91 6 73 58 21 49 48 11 80 88 64 68 19 14 31 51 18 94 44 83 15 48 51 
16 27 45 41 10 57 15 69 21 9 57 75 25 37 64 80 33 14 70 57 17 79 15 20 59 71 65 42 77 3 90 56 80 9 90 18 50 34 25 38 93 83 85 60 64 86 96 34 64 75 91 15 78 84 35 80 79 36 96 21 53 75 95 15 22 36 71 17 27 98 3 52 50 35 97 60 92 26 62 50 37 18 33 85 99 3 81 23 25 57 92 13 11 92 18 89 29 51 78 1 37 80 4 5 23 52 27 15 69 75 99 43 57 58 95 28 90 20 61 94 94 70 69 9 50 94 31 82 95 69 34 16 77 12 78 25 48 1 69 8 19 83 99 24 85 34 25 3 51 10 64 19 3 75 16 19 59 73 31 80 89 78 58 82 73 68 36 12 66 36 16 34 5 25 60 36 16 59 70 67 79 73 77 93 11 52 62 82 87 99 32 78 18 82 22 47 68 23 24 72 91 70 2 41 6 71 63 1 69 81 58 27 30 18 41 70 8 47 75 42 20 89 7 40 54 41 54 33 79 14 81 51 91 88 18 83 43 78 12 19 85 81 46 76 80 60 70 22 24 49 40 40 39 72 71 67 22 0 51 10 94 62 26 83 35 99 61 25 27 65 47 99 57 9 0 31 32 80 75 69 73 40 96 80 76 17 61 35 3 16 20 70 25 76 95 77 33 75 10 27 
16 10 24 55 60 88 45 4 23 78 91 41 71 51 94 17 48 8 71 0 71 99 90 74 83 59 74 3 45 39 40 74 38 39 85 50 47 19 21 70 83 11 28 99 68 97 44 80 41 11 22 95 69 31 57 54 65 53 93 37 65 82 41 6 73 14 26 23 79 21 73 88 26 17 87 48 1 23 28 54 87 31 70 62 54 90 78 8 18 15 53 71 94 10 73 87 84 88 78 64 8 60 48 16 48 17 39 76 48 6 16 93 16 55 20 79 35 74 81 5 86 55 69 75 25 79 51 45 53 87 31 17 24 81 66 55 14 86 61 14 45 93 5 79 82 64 23 4 21 80 43 4 70 35 44 60 18 22 11 83 61 92 59 27 5 21 73 12 30 60 84 55 47 41 94 73 25 0 36 4 85 96 76 92 52 4 32 88 36 99 81 24 30 69 6 86 99 90 78 48 33 0 75 14 87 81 76 17 13 50 92 82 12 45 40 89 98 29 18 49 87 96 65 28 49 53 49 44 80 69 48 96 22 19 14 57 53 2 71 47 29 14 45 54 78 45 86 66 43 78 97 2 41 90 96 74 70 85 7 6 52 51 62 76 58 91 13 12 76 35 27 31 53 69 79 21 55 69 31 7 63 50 57 84 18 23 90 17 46 70 20 31 98 24 23 58 57 54 92 77 
34 8 24 91 76 74 23 93 46 69 59 84 9 37 42 97 92 5 3 52 21 44 31 81 64 65 48 55 84 22 25 36 55 15 86 7 12 51 52 36 74 53 82 73 69 85 92 80 60 2 69 28 45 88 95 26 24 89 14 30 64 96 12 90 22 65 51 24 83 59 52 23 35 22 41 54 73 45 96 29 52 43 67 10 12 70 99 11 92 92 93 56 96 14 65 83 61 35 86 93 0 78 77 48 81 37 51 17 32 93 24 60 39 80 34 44 30 42 86 81 36 45 55 69 7 18 69 68 59 46 18 96 56 8 70 49 14 11 33 71 18 31 90 7 59 63 28 61 52 52 36 20 11 54 27 98 20 83 13 66 46 69 45 97 82 91 33 65 56 65 27 15 56 0 62 74 62 0 9 29 55 69 78 32 80 85 10 87 41 32 27 97 70 85 21 42 66 66 10 20 66 33 82 4 23 10 20 99 73 15 80 35 17 47 70 70 7 18 82 36 72 57 23 77 22 82 40 98 2 36 55 57 97 13 67 52 70 42 36 78 4 20 44 35 86 73 5 98 17 35 34 58 99 61 99 71 64 27 5 47 50 7 11 88 82 3 76 15 58 73 24 77 74 62 90 48 45 71 78 57 41 30 52 95 60 68 6 89 83 85 48 26 7 79 27 66 50 35 39 66 
34 36 65 14 22 1 90 69 55 4 60 87 28 43 21 83 23 60 55 33 2 27 53 97 18 20 23 51 48 41 91 15 96 65 66 41 47 36 88 21 75 48 12 82 52 45 97 36 77 85 52 95 85 33 45 79 38 59 54 16 88 76 43 47 13 98 86 8 2 50 70 13 57 62 14 42 57 89 73 57 31 37 48 84 9 32 35 17 18 18 83 44 27 0 10 92 63 3 82 99 11 60 77 45 40 71 82 74 4 37 75 48 69 6 65 72 82 8 99 4 15 42 82 6 62 81 26 34 92 66 80 13 27 2 27 6 58 65 37 10 13 64 85 26 24 9 61 4 84 75 87 48 37 37 57 77 70 98 88 81 33 28 0 38 6 94 52 5 12 78 69 29 79 59 38 87 26 2 56 13 79 34 75 99 72 12 12 73 50 88 69 25 29 83 90 11 74 25 97 41 18 20 74 91 40 31 80 48 27 1 70 51 28 20 31 47 43 1 17 67 25 75 25 73 45 24 33 3 56 30 71 77 94 3 65 34 15 86 33 0 64 69 25 11 53 53 97 24 73 6 70 45 57 49 94 23 51 39 52 54 55 61 67 4 63 64 51 57 31 52 64 45 83 48 17 15 29 56 15 65 5 17 18 48 2 63 95 19 49 63 19 35 83 74 66 77 18 94 99 60 
22 2 21 81 22 63 56 59 13 10 84 64 68 73 92 21 67 62 14 26 60 48 45 91 92 97 13 17 32 71 26 5 4 37 52 60 49 13 44 33 8 69 65 27 90 4 96 44 13 16 52 11 8 54 12 57 21 87 57 89 61 79 32 30 0 16 29 48 86 31 0 55 33 39 42 33 67 92 7 56 3 34 49 77 17 32 70 4 8 98 9 60 53 40 6 52 97 80 80 63 44 50 80 17 5 2 94 36 98 65 74 99 38 99 33 78 13 65 21 83 17 75 71 95 14 65 79 62 66 52 9 90 33 92 50 29 36 87 39 39 82 27 55 65 86 6 20 44 95 65 72 78 67 83 72 34 72 52 97 57 64 86 18 11 68 63 47 25 96 57 53 16 65 61 85 70 86 40 79 66 61 60 91 95 18 74 73 81 75 62 16 41 33 47 3 69 95 45 3 75 46 6 30 78 15 83 48 33 73 52 49 45 57 41 66 96 24 95 38 99 90 58 38 61 57 33 48 28 71 35 16 52 83 36 51 59 84 1 2 82 44 22 64 54 38 2 40 67 98 19 60 5 71 32 65 68 43 74 66 93 57 25 31 50 65 33 53 92 7 97 9 34 44 56 9 98 5 22 62 76 42 53 38 84 5 96 46 14 77 52 70 90 3 15 57 3 42 31 25 3 
52 96 25 25 42 99 40 27 58 76 56 20 20 87 60 97 97 15 13 53 49 81 21 24 68 60 39 90 2 7 50 12 8 1 16 75 5 86 57 54 0 21 54 24 63 63 86 82 49 47 2 69 51 80 31 11 37 68 4 14 44 84 99 43 54 88 40 74 44 2 67 87 51 97 22 0 45 15 97 73 11 97 12 53 64 19 6 88 38 14 80 89 62 4 42 94 48 81 14 98 40 42 41 91 31 8 13 73 25 17 60 34 69 57 66 78 55 94 58 80 48 63 3 82 2 61 84 99 56 45 10 71 43 25 21 47 38 51 71 37 7 1 65 49 81 26 91 21 17 57 69 70 34 36 30 93 17 21 44 77 87 72 9 91 2 43 16 60 19 79 7 51 99 55 89 79 44 5 30 51 95 34 72 6 45 19 48 60 53 68 3 17 52 33 32 25 63 33 45 6 49 57 51 30 50 73 7 69 99 91 96 11 6 11 60 37 38 81 76 69 97 83 77 69 25 90 48 57 2 54 81 72 68 70 80 68 76 31 39 58 91 57 56 55 16 58 46 42 77 17 57 35 94 84 26 46 99 46 11 30 39 22 34 71 36 93 43 35 53 31 83 23 46 99 81 41 51 27 8 57 47 96 21 72 76 39 5 22 72 35 2 26 15 2 65 70 58 70 46 80 
37 29 79 11 84 80 42 58 97 39 9 23 39 35 29 97 7 85 69 3 91 18 58 34 37 58 93 80 94 7 27 14 95 14 27 85 83 48 69 95 60 62 45 40 35 79 68 51 49 10 1 54 97 19 14 74 9 20 34 44 30 27 16 50 82 47 89 29 50 24 9 44 36 59 35 11 26 78 68 59 99 43 43 50 8 8 24 53 25 72 79 59 29 42 85 82 43 38 39 30 92 2 0 3 83 45 75 66 59 80 25 80 23 94 82 95 16 84 36 21 35 88 6 72 92 52 67 47 21 16 56 29 34 8 43 34 3 53 45 89 72 21 20 5 63 99 24 76 86 10 37 20 99 65 25 97 40 79 32 58 27 74 99 55 55 63 88 22 17 80 61 79 19 88 67 9 72 45 60 65 32 6 42 63 73 97 56 15 14 95 47 67 73 68 30 88 28 97 60 49 85 27 45 78 26 60 83 15 8 3 2 37 6 45 78 19 43 62 99 83 81 97 35 57 38 47 24 51 56 51 91 94 74 85 54 38 29 16 8 81 19 31 81 45 17 56 11 42 51 23 89 73 62 69 11 96 7 95 71 79 59 30 50 85 32 85 6 0 41 5 44 8 15 64 66 68 37 69 50 71 24 28 77 4 10 54 75 65 63 2 37 37 42 95 15 99 77 33 96 13 
30 36 11 93 77 93 67 11 29 48 15 75 51 18 2 72 51 61 0 9 74 11 43 87 65 13 48 91 83 12 61 96 2 67 26 21 55 28 52 75 60 0 98 98 32 86 19 16 1 63 45 52 61 2 15 68 11 68 75 10 91 45 78 19 99 22 14 23 7 56 29 47 98 90 57 85 44 90 71 83 57 63 62 0 94 54 46 50 18 11 13 27 19 11 44 49 3 23 79 70 95 76 71 23 19 41 89 42 95 75 83 24 79 15 85 6 62 76 72 33 85 42 33 58 96 30 99 77 46 90 99 3 98 92 36 55 69 12 86 74 11 85 49 67 88 72 96 12 37 66 74 21 35 46 42 98 26 74 66 44 70 10 80 89 44 82 12 63 89 41 2 46 52 35 43 76 15 1 99 58 20 78 60 4 90 62 21 32 99 60 48 52 42 42 62 35 65 43 4 13 25 37 77 43 71 51 16 26 44 78 31 60 32 1 18 70 7 20 26 23 74 45 54 1 72 40 83 45 84 8 9 47 24 19 44 78 4 70 18 96 76 63 4 29 16 31 74 93 82 83 85 62 20 30 17 85 42 66 14 18 84 9 11 42 7 24 8 81 46 26 64 38 37 59 11 33 24 8 78 65 35 96 94 52 69 77 15 65 53 40 92 15 86 16 59 35 64 28 47 54 
99 87 17 95 2 63 95 87 48 80 80 4 93 92 52 21 95 27 89 25 22 28 26 25 95 87 94 81 97 5 88 1 91 74 70 43 49 60 95 56 15 96 49 14 3 76 36 73 28 94 33 87 41 84 16 12 4 47 73 74 21 12 72 47 2 8 40 0 67 15 17 48 86 23 31 56 54 50 82 10 40 46 51 73 82 35 83 27 79 69 60 23 73 61 42 99 21 90 80 62 94 95 89 77 4 45 44 80 83 95 42 57 60 29 60 0 89 25 64 40 89 79 6 43 79 68 25 97 11 32 3 36 26 13 30 6 41 69 41 96 43 64 77 22 69 53 59 37 89 14 79 80 22 4 13 53 62 22 2 23 98 4 13 14 35 71 13 0 19 61 26 22 98 23 20 17 92 63 67 31 7 14 86 60 77 96 89 85 25 67 84 58 68 10 80 38 65 67 31 8 32 63 60 82 42 56 82 2 97 10 3 30 48 68 16 84 89 65 87 88 82 90 31 93 92 26 9 36 69 63 37 60 98 37 67 73 74 40 46 78 84 43 3 96 88 68 97 58 28 72 34 92 70 30 12 38 55 88 86 74 69 41 43 76 86 68 50 28 50 98 72 59 81 9 30 52 25 36 95 99 60 59 18 40 88 35 90 94 20 58 58 53 26 53 16 93 5 95 63 96 
16 90 50 18 62 56 28 88 98 15 24 50 11 38 63 64 6 30 48 4 3 56 3 45 71 88 57 73 59 42 37 51 64 93 3 50 29 3 92 45 81 12 62 15 77 4 22 78 35 21 78 28 33 53 41 75 12 5 42 12 21 34 28 84 74 26 20 48 99 7 16 29 43 1 32 71 41 31 46 2 27 55 2 86 74 37 62 23 71 7 55 77 94 71 37 31 23 2 2 17 85 52 46 1 13 4 94 4 85 54 91 88 48 16 56 4 78 81 74 41 26 90 21 49 29 18 94 61 79 9 66 89 90 15 68 1 27 47 51 15 93 55 18 12 72 5 30 53 27 44 84 97 30 68 99 30 58 54 33 60 92 92 19 13 73 0 25 24 81 40 72 82 86 37 8 56 29 7 9 1 77 52 1 43 0 87 96 77 84 42 54 95 91 17 83 24 39 36 98 86 45 27 89 34 60 88 56 48 22 84 22 55 24 52 28 13 79 58 87 99 18 6 83 43 59 3 36 7 35 33 96 42 18 52 16 32 27 14 95 76 36 30 60 9 5 50 40 13 87 9 92 99 90 4 20 73 50 82 29 3 92 78 9 82 63 62 38 25 72 32 95 44 85 64 84 23 87 33 27 70 78 20 96 18 38 60 84 87 89 31 38 1 81 32 36 56 19 18 68 20 
12 94 12 92 35 54 76 18 73 36 10 6 10 84 65 31 67 18 55 16 92 97 72 3 55 88 4 75 85 71 33 27 39 40 29 47 91 78 99 18 84 26 86 9 85 80 58 6 60 2 66 99 15 12 36 62 12 53 94 22 10 78 63 83 26 65 89 27 30 40 29 41 99 8 18 93 32 15 67 59 87 2 95 88 98 71 56 37 20 17 57 42 50 15 99 43 37 34 33 31 73 35 84 8 8 85 28 61 52 2 64 4 23 64 66 32 55 2 87 47 67 3 81 52 42 27 78 58 54 20 40 94 3 12 10 35 85 81 46 3 16 68 26 29 16 36 81 89 67 76 37 94 38 68 86 41 53 38 10 41 48 22 99 34 88 29 36 92 4 96 61 29 61 56 7 9 69 47 26 20 50 10 29 38 58 83 99 14 55 49 6 8 3 80 37 38 87 52 15 48 85 15 17 61 21 51 24 58 84 99 6 28 9 82 32 19 57 2 82 39 63 73 34 35 24 67 26 56 17 66 62 85 75 15 92 42 89 97 88 80 2 26 32 50 27 10 36 6 92 81 56 61 73 47 78 70 20 31 27 99 92 36 45 45 76 77 79 83 21 98 83 51 39 78 24 80 61 4 6 24 21 22 65 47 64 15 71 66 76 41 63 3 10 67 20 83 16 81 77 81 
26 87 67 70 58 63 32 30 18 83 96 86 14 58 36 48 52 27 95 35 8 26 72 82 31 24 43 69 25 37 35 38 96 56 92 75 58 28 55 4 98 98 47 36 88 64 56 76 11 84 28 34 7 38 29 52 87 68 83 58 12 99 88 42 88 72 15 11 68 0 77 46 32 55 21 76 10 51 14 34 56 12 70 12 69 2 45 43 61 98 71 57 45 63 21 0 38 4 4 54 94 22 9 32 68 54 11 29 86 58 23 8 31 14 61 88 53 69 68 76 30 53 10 67 96 88 38 71 7 22 83 22 3 92 77 22 56 29 67 50 64 34 99 85 50 72 65 52 83 17 55 50 10 0 85 19 96 78 4 35 91 83 35 65 51 49 70 88 93 44 49 46 67 88 15 76 52 14 13 67 32 92 12 98 47 50 18 86 85 39 7 85 78 44 56 47 70 67 64 52 29 6 53 72 27 11 88 42 30 72 46 21 89 19 69 51 71 21 62 21 67 98 94 5 46 53 67 10 92 38 28 39 55 61 52 23 89 37 98 35 19 60 63 78 51 97 61 50 14 91 80 23 78 99 64 62 10 69 21 31 50 25 54 43 93 48 65 23 45 96 54 91 75 17 9 62 3 9 25 26 65 38 78 80 87 25 72 54 39 24 99 61 16 59 62 21 49 70 51 48 
65 68 8 3 73 62 70 59 69 5 11 0 75 1 53 66 88 71 53 44 91 74 41 49 67 15 73 14 32 94 33 32 27 49 68 26 66 4 3 8 59 89 9 32 80 85 26 27 74 51 92 51 16 43 8 79 65 60 78 54 14 9 11 92 47 44 65 63 85 93 15 62 95 91 34 13 23 29 99 90 36 47 79 19 40 99 49 2 42 82 68 86 46 57 91 9 95 42 83 64 7 63 59 19 32 42 86 46 26 79 51 42 20 64 74 53 35 93 75 41 36 54 48 21 35 57 10 25 42 74 33 12 29 15 84 40 72 30 35 92 81 67 35 8 59 12 30 5 83 81 98 1 13 24 98 95 79 56 70 17 75 91 44 90 23 94 21 50 56 19 55 9 77 18 8 35 93 83 26 74 0 30 20 43 25 61 21 23 47 99 43 60 74 22 44 98 51 76 83 27 57 81 34 92 33 0 78 51 45 66 70 54 64 43 46 25 85 83 25 12 60 53 62 89 4 35 7 38 1 79 74 26 46 65 18 10 68 84 76 43 78 63 12 47 32 59 0 89 30 79 44 47 36 21 78 76 53 74 3 22 77 19 83 52 90 21 59 58 69 17 50 73 64 42 86 94 40 30 56 55 11 57 72 58 44 13 80 5 35 61 35 69 21 32 33 3 5 95 66 45 
29 86 48 50 5 29 92 2 3 92 5 97 94 46 9 39 25 59 74 82 89 57 88 80 68 81 57 62 37 18 74 21 18 73 92 64 8 45 62 59 15 78 57 50 78 13 90 60 74 48 13 68 57 86 99 93 47 14 65 2 71 7 83 57 19 37 34 25 41 20 68 9 57 18 68 56 81 56 35 52 9 3 81 92 4 85 87 24 72 30 18 9 49 36 95 17 76 58 1 39 43 76 90 51 99 30 11 63 3 97 11 87 60 26 86 43 67 56 90 99 70 67 2 25 29 16 20 87 30 22 16 75 54 4 6 72 36 49 27 19 84 73 32 68 26 84 55 40 63 73 96 70 58 27 58 3 18 54 18 29 29 74 14 72 62 19 39 99 58 36 26 73 5 51 83 22 10 85 66 81 70 21 33 34 25 67 23 48 93 39 90 61 58 6 81 54 77 60 23 11 2 35 94 34 62 20 42 22 96 71 66 89 29 6 59 12 72 2 56 26 82 61 3 33 92 25 86 34 30 42 78 91 34 76 35 97 9 88 30 11 90 97 11 31 19 74 19 54 43 34 25 72 56 41 95 25 88 24 4 60 68 61 23 37 10 64 38 48 75 28 51 79 38 81 95 83 75 45 97 79 68 91 1 46 40 34 57 31 30 94 49 51 29 91 27 67 83 0 48 35 
73 46 5 95 58 1 1 69 56 18 40 43 64 2 41 85 93 58 52 43 50 97 22 94 87 8 4 51 90 8 25 29 46 64 23 57 44 20 30 29 29 42 79 51 2 80 77 66 58 47 92 82 64 72 16 62 14 97 43 73 81 35 7 74 3 30 42 78 10 89 61 32 21 41 86 60 81 69 43 68 19 29 61 18 38 99 18 73 85 83 73 53 36 1 82 72 50 78 26 8 85 11 92 20 39 14 1 14 5 35 45 14 32 33 35 96 3 90 20 23 66 26 58 57 56 93 98 50 91 78 11 70 42 69 80 22 68 15 56 6 81 20 3 50 51 89 58 0 78 63 90 67 67 75 44 48 82 63 5 16 58 65 25 61 91 58 19 49 4 34 61 24 43 81 64 67 17 83 47 36 13 49 56 18 34 60 18 81 93 52 65 20 42 8 7 39 45 65 97 44 92 28 60 15 40 55 15 91 19 75 61 60 47 87 12 19 71 46 79 57 58 83 92 23 37 70 25 11 64 10 67 59 25 78 33 66 8 83 9 22 56 12 95 48 56 61 81 95 34 38 69 78 50 90 91 33 88 44 94 83 83 38 84 18 90 79 44 87 63 55 12 76 14 56 98 6 81 27 24 17 77 84 77 55 60 36 10 19 1 79 64 71 8 22 32 28 47 75 95 72 
45 93 31 85 62 63 47 40 16 50 71 88 45 49 52 76 10 84 21 61 79 67 87 3 28 95 62 55 45 57 6 13 30 6 69 81 31 31 71 27 61 74 63 64 97 34 9 37 11 11 36 10 33 88 38 43 30 19 76 21 71 41 34 16 78 16 97 15 70 66 39 44 86 2 65 69 72 26 40 18 60 31 92 66 33 80 92 30 11 5 93 37 2 59 35 72 75 68 38 24 88 86 39 65 15 60 9 36 70 75 3 97 34 66 95 56 28 91 42 69 22 79 44 55 45 20 44 15 94 98 59 82 25 36 1 16 22 69 88 14 98 47 72 2 18 67 70 81 53 1 60 83 48 23 17 99 21 38 37 31 80 92 10 62 48 95 20 61 62 66 29 77 65 86 89 21 41 51 35 56 65 24 25 0 52 3 44 98 75 79 55 38 74 60 48 97 98 78 42 75 83 70 92 88 4 90 82 56 7 14 42 41 12 60 43 34 1 72 68 89 15 59 92 60 69 96 73 28 62 74 28 48 45 45 36 73 34 99 9 82 1 11 11 77 49 12 64 61 83 29 2 50 62 95 93 46 19 99 15 36 30 53 25 82 64 56 46 91 27 52 26 83 9 17 12 35 25 91 2 7 67 81 20 52 70 41 43 51 75 39 7 61 70 20 94 52 86 53 92 33 
30 68 67 20 57 22 70 93 42 20 67 14 72 50 94 62 88 55 61 94 41 1 98 44 22 73 28 92 80 51 41 96 17 13 59 78 43 54 7 93 5 13 80 59 72 68 99 96 81 76 28 23 5 94 59 5 4 12 76 40 70 87 32 65 44 18 91 96 68 96 13 17 12 27 66 61 33 63 59 74 43 94 46 61 69 56 48 22 60 3 34 8 15 94 11 66 96 39 66 28 26 59 59 67 93 37 46 49 97 96 41 97 87 28 36 57 96 52 73 95 44 48 55 50 13 94 62 3 64 66 27 1 66 40 52 25 19 92 19 99 89 8 79 56 86 80 5 81 0 60 89 33 56 61 84 10 48 81 63 40 66 25 53 27 81 54 28 43 36 64 23 47 65 31 10 95 22 98 71 20 7 39 39 42 12 49 45 72 41 70 27 77 45 79 21 35 66 27 50 65 18 45 58 33 27 53 38 28 60 52 91 15 82 21 16 43 58 32 50 16 25 31 67 47 99 18 41 19 62 85 40 73 53 78 33 66 95 49 90 75 57 84 88 98 97 72 24 7 89 56 8 58 55 23 86 9 66 49 42 32 46 94 94 66 1 34 44 99 98 4 85 72 96 11 51 24 24 25 49 67 44 65 76 53 29 68 21 38 65 38 22 95 8 57 48 79 88 15 17 75 
69 49 93 49 80 98 0 68 77 35 31 17 43 13 55 0 60 71 26 23 51 88 39 70 14 74 69 96 50 39 96 32 12 21 96 94 31 8 73 50 67 73 83 82 18 18 87 17 89 18 14 85 57 79 25 5 69 48 79 28 78 57 80 51 84 1 90 59 86 4 6 28 65 10 19 98 9 94 68 4 89 82 47 23 11 49 36 32 17 33 58 62 86 83 79 76 95 93 11 96 76 87 41 29 96 63 82 4 71 80 23 5 34 7 22 1 67 83 10 32 42 76 67 5 53 60 2 32 35 56 47 52 3 58 1 49 64 36 90 54 3 79 12 37 44 83 64 86 75 14 73 1 99 43 34 23 33 85 81 44 52 57 69 32 17 0 23 71 84 36 75 66 26 44 65 27 46 39 21 65 19 24 20 32 46 96 38 88 0 34 43 98 93 16 23 44 20 15 95 70 89 24 40 77 93 34 73 13 54 90 79 55 8 44 5 7 47 84 58 52 16 72 47 84 75 48 33 3 75 24 59 6 16 53 77 14 89 30 66 9 6 5 94 58 75 76 63 43 11 77 38 52 92 5 96 85 96 8 72 95 9 48 33 41 9 8 75 43 3 23 84 87 84 86 46 28 77 8 35 94 93 40 87 85 93 29 82 86 69 13 41 27 70 61 69 42 80 98 38 82 
1 67 98 44 28 55 32 94 85 50 96 95 74 12 52 78 56 39 60 76 90 47 9 21 21 99 98 46 92 67 17 2 98 63 9 7 46 13 15 24 89 47 66 58 78 36 2 22 57 79 72 88 48 47 42 60 97 48 16 18 61 82 83 50 74 21 41 24 2 64 51 19 64 97 65 95 89 62 2 34 42 2 91 82 35 91 50 92 83 24 94 29 93 4 37 82 27 74 81 81 89 30 29 78 20 84 44 65 81 52 89 63 49 19 3 41 82 85 65 82 10 53 99 64 76 67 75 26 10 90 97 99 60 21 1 43 41 95 59 48 13 80 5 28 89 41 94 38 32 37 60 65 33 80 19 70 52 85 45 10 59 14 90 15 12 6 99 12 3 77 20 77 79 50 85 92 30 55 6 40 39 11 18 43 46 75 84 34 28 54 20 45 49 6 66 3 54 22 37 8 66 58 56 32 8 62 16 30 45 47 90 26 98 41 78 49 83 89 39 90 66 75 29 79 62 25 48 0 53 97 17 75 87 36 63 3 30 40 78 6 15 73 38 22 30 81 2 98 23 27 61 44 54 39 17 76 56 30 91 97 81 82 92 33 58 1 8 17 75 78 25 32 60 76 70 58 60 75 88 33 12 5 5 19 29 62 14 99 87 56 1 3 80 83 80 95 6 13 81 51 
32 87 42 33 47 51 34 32 27 14 96 31 35 0 74 24 30 70 78 44 56 39 55 73 36 62 82 25 86 55 36 39 59 27 0 9 46 8 2 33 18 80 48 49 24 41 31 87 72 69 53 72 51 0 81 66 41 50 59 77 95 6 24 97 21 84 55 16 27 91 72 25 58 83 4 40 17 90 40 86 39 3 20 14 60 10 22 20 32 67 2 92 85 88 84 55 77 76 78 12 52 58 76 6 17 4 70 21 33 92 52 77 27 85 55 20 12 63 85 73 81 60 21 1 72 21 58 55 98 64 67 86 64 22 93 48 54 15 52 10 3 3 3 63 34 77 22 99 98 38 79 27 53 24 92 71 51 85 13 59 76 23 33 62 86 66 41 16 9 20 42 61 49 25 55 44 1 41 49 62 35 21 80 90 43 44 48 4 52 49 90 12 82 32 42 94 59 33 39 53 95 31 89 58 38 86 38 70 77 57 52 54 86 50 12 45 95 88 5 13 9 8 29 83 53 28 37 95 73 83 34 53 10 13 74 43 78 23 66 31 49 16 25 58 7 38 2 77 9 3 3 58 6 93 72 73 83 32 71 29 9 75 9 3 47 55 99 14 47 59 30 73 69 47 60 62 88 89 29 4 85 14 51 17 97 66 52 80 54 63 81 75 3 16 54 75 91 78 92 46 
64 24 82 18 30 16 7 61 59 89 30 38 81 16 14 22 56 12 61 70 70 37 79 71 58 19 35 26 73 28 43 18 34 34 3 14 22 93 17 60 24 46 52 14 47 34 72 22 14 15 34 78 29 62 48 17 57 91 41 65 86 26 58 70 68 95 64 46 63 34 57 89 92 90 25 23 43 26 49 92 67 4 70 54 99 45 81 76 31 74 50 12 51 40 60 99 27 79 18 55 96 78 12 23 34 57 35 56 53 24 97 70 14 10 98 52 67 8 48 73 14 20 89 1 22 30 11 2 55 60 67 79 90 81 24 24 4 92 33 43 43 24 86 75 43 93 89 59 19 80 62 14 28 36 92 77 17 45 46 12 40 67 42 32 32 25 59 98 29 22 2 96 72 99 97 10 65 40 68 51 26 64 41 38 87 8 20 8 41 55 10 18 84 58 55 75 24 59 6 34 50 27 68 10 38 77 47 1 76 57 62 44 25 40 38 30 4 85 21 44 61 88 11 43 94 71 71 28 46 78 64 31 99 7 46 56 51 77 22 95 33 95 46 73 88 13 5 66 7 79 45 5 16 55 55 68 40 1 31 39 17 10 21 28 29 69 99 73 48 9 56 19 45 7 31 18 66 72 18 44 14 38 25 53 50 11 46 48 92 54 60 1 1 15 70 67 92 77 81 96 
26 71 74 34 61 58 88 83 15 9 91 78 1 28 13 78 19 83 9 34 23 62 31 23 5 67 82 45 57 45 48 92 30 78 90 77 56 19 80 99 61 83 46 45 47 92 81 38 45 47 1 99 99 59 62 75 15 52 34 82 50 38 68 92 34 81 49 73 88 43 77 60 60 22 10 29 35 26 79 98 98 42 71 77 49 25 5 22 36 7 61 6 23 37 4 48 98 22 43 55 13 73 43 90 9 72 61 19 10 27 32 14 41 73 37 39 23 97 83 21 2 66 64 69 51 55 8 73 85 50 17 70 93 49 37 69 83 60 59 85 8 67 9 96 80 4 50 5 72 45 51 34 69 42 3 19 23 30 49 30 79 50 80 46 87 52 94 70 40 6 4 20 0 9 55 93 26 61 42 68 27 23 51 75 60 37 66 50 36 93 28 57 32 21 98 84 79 80 87 39 36 5 47 4 7 99 18 90 26 66 25 29 95 78 65 27 56 82 87 93 33 33 65 83 54 95 34 25 54 5 41 84 25 49 26 8 20 11 77 34 32 41 38 41 83 23 45 5 77 67 89 19 25 35 86 28 38 37 57 57 31 43 92 2 21 35 32 33 74 29 32 60 65 7 91 95 60 28 97 52 76 80 3 4 86 40 36 64 70 42 20 71 95 27 76 99 10 80 27 72 
70 92 89 93 3 2 40 95 58 77 39 64 74 37 75 50 52 65 43 21 41 57 14 87 82 4 35 11 50 22 57 25 59 93 9 80 51 21 50 62 65 54 90 18 92 94 52 36 5 7 84 3 69 45 98 90 63 25 38 41 93 54 53 16 91 29 2 41 96 64 96 51 70 99 58 37 54 58 56 24 73 81 53 98 80 26 25 91 40 77 28 77 12 7 93 74 89 85 54 55 82 22 40 71 37 47 60 62 36 74 68 91 57 67 53 94 72 76 79 87 40 0 73 28 84 48 42 97 11 2 35 79 86 62 20 75 53 16 48 72 96 6 43 19 49 56 5 41 86 44 39 52 52 83 59 86 20 20 98 16 0 71 12 7 58 68 59 79 54 24 72 11 58 10 55 85 35 91 56 43 90 51 29 46 92 87 22 91 61 53 75 13 62 80 63 90 2 53 84 0 9 38 33 73 6 67 15 74 50 5 66 98 65 29 21 35 95 15 19 6 61 18 26 5 54 70 56 79 62 12 0 13 79 50 5 15 3 51 86 30 84 95 35 38 79 3 59 63 1 21 70 44 57 17 94 15 49 67 86 30 93 13 79 17 47 60 79 81 48 24 82 23 0 21 63 40 86 31 92 63 22 60 94 74 23 93 70 91 0 77 64 7 9 88 84 85 81 10 35 4 
88 21 96 76 35 57 35 91 72 2 9 23 18 72 52 25 71 78 62 31 46 24 89 98 6 92 84 95 15 23 50 12 58 94 30 81 75 19 4 41 37 67 56 24 24 21 36 99 21 15 30 67 52 28 3 32 67 7 48 93 52 77 74 90 55 50 45 98 61 26 90 98 78 69 90 82 96 60 83 34 50 91 83 3 64 20 39 98 82 34 40 91 70 73 60 64 66 61 27 62 81 96 20 84 61 6 65 46 79 1 97 49 44 79 28 19 31 26 18 10 97 4 37 35 86 84 41 55 36 37 8 98 52 69 69 35 67 20 67 65 6 34 85 89 4 55 60 7 1 72 5 94 20 82 13 37 96 31 31 14 53 43 39 67 87 85 54 46 95 32 0 74 52 63 45 27 19 65 44 73 22 99 33 89 19 63 35 89 93 49 14 80 89 22 39 61 82 76 95 55 75 30 98 59 1 75 91 53 97 23 26 8 56 98 73 35 84 97 80 83 23 81 49 45 44 10 56 89 75 47 4 58 0 30 73 92 85 42 61 86 1 17 31 59 25 70 24 99 21 5 73 48 95 89 8 52 33 5 13 79 95 42 12 28 12 53 61 74 83 11 36 6 82 94 89 79 74 21 89 74 44 7 25 22 56 2 31 20 92 10 56 25 58 62 22 39 5 13 22 80 
3 71 80 57 1 65 77 43 16 67 72 93 33 80 69 58 91 48 97 77 61 51 61 83 21 82 35 67 19 4 88 95 32 3 1 54 89 4 75 22 38 18 51 14 1 73 72 84 13 28 16 91 68 71 60 2 7 63 90 79 70 86 79 75 79 50 29 43 27 99 61 42 36 41 8 80 46 95 62 27 35 72 56 4 87 15 23 80 70 13 98 8 19 78 42 7 71 52 27 46 37 17 95 91 32 56 83 4 99 47 10 6 20 60 77 26 2 23 70 11 96 20 52 58 8 48 66 41 96 92 6 90 75 97 23 65 39 57 33 83 83 80 38 93 83 46 93 41 91 3 47 33 88 23 0 94 86 19 95 28 38 75 10 27 66 21 84 72 75 65 8 83 72 79 40 30 97 68 54 67 75 60 59 40 30 87 4 29 99 14 77 67 89 13 94 55 21 77 36 59 41 58 52 57 94 9 13 25 52 96 97 23 96 1 23 36 45 32 45 63 6 7 28 5 71 1 19 93 39 69 17 94 82 62 67 24 64 96 29 79 63 67 38 30 0 54 40 22 9 69 97 15 21 88 40 45 54 89 43 64 68 91 54 98 15 21 52 93 36 43 68 56 59 72 30 28 9 96 25 0 69 74 2 30 90 42 66 42 43 11 31 79 98 88 69 53 51 82 15 97 
12 35 56 17 13 97 17 48 7 2 14 3 2 35 88 9 85 21 97 53 82 22 12 15 5 32 45 27 42 32 12 39 69 84 95 15 20 62 35 80 4 96 17 0 27 49 35 97 31 3 74 72 51 69 19 89 97 81 2 8 35 19 22 77 9 73 20 46 76 95 12 27 66 87 50 46 56 67 16 80 23 56 97 32 36 6 4 1 26 48 84 77 35 40 33 36 0 16 69 21 18 6 68 51 87 88 5 30 65 11 90 13 12 51 35 86 21 80 73 8 60 71 64 35 64 27 47 29 44 26 89 44 36 27 8 6 5 21 38 42 66 69 18 63 72 56 0 2 61 76 95 83 6 79 23 82 53 85 82 93 18 11 72 90 79 34 97 86 30 15 0 19 89 80 36 99 24 75 20 80 42 62 4 69 92 39 68 18 74 75 24 82 44 45 89 53 57 73 44 37 6 58 14 4 0 88 49 99 26 23 53 44 27 49 47 24 67 85 92 65 95 0 4 36 47 21 61 50 54 39 1 35 72 40 50 58 78 67 64 6 11 32 27 12 56 17 73 73 0 50 79 7 75 87 1 15 57 8 21 33 25 38 36 26 38 3 27 14 53 2 91 61 72 46 63 87 22 48 76 34 2 94 55 74 2 94 73 24 46 39 17 38 7 35 53 54 37 11 35 67 
3 24 63 12 86 49 27 97 25 6 0 75 4 12 54 35 21 93 17 14 52 48 49 58 5 79 87 38 78 18 67 16 24 18 17 45 21 0 25 29 71 52 48 24 30 92 14 27 42 44 2 77 13 51 24 13 20 27 49 42 80 61 2 86 51 53 35 71 29 19 80 40 36 8 15 74 77 63 71 32 29 60 96 67 63 78 50 34 69 1 32 21 23 6 11 53 52 56 34 63 60 96 38 15 98 95 49 59 35 18 14 39 60 47 78 84 80 43 58 93 21 68 73 22 33 78 79 26 54 36 86 8 59 48 43 34 68 30 44 70 58 46 85 69 38 66 32 80 99 4 74 35 55 77 85 47 94 22 24 47 43 76 29 63 90 78 35 77 76 25 42 34 32 25 89 27 35 81 65 65 41 50 44 91 8 23 99 77 33 52 72 77 3 46 26 63 79 22 62 0 78 76 28 95 7 88 71 68 60 13 15 28 42 81 36 98 97 12 35 91 2 0 2 45 16 51 72 51 64 96 26 36 70 24 94 15 71 16 80 50 93 5 36 67 87 90 54 34 91 33 16 7 45 40 62 33 74 65 88 43 59 66 7 77 60 7 57 74 40 53 18 92 51 56 8 36 65 14 5 63 92 82 3 95 41 58 42 44 31 75 83 91 92 20 39 85 48 24 66 22 
50 31 40 75 84 86 81 4 18 49 49 99 70 40 28 66 88 96 90 11 75 12 64 82 62 25 91 73 36 47 62 50 33 71 72 75 88 96 94 91 29 4 11 23 61 0 51 51 53 49 11 67 31 89 80 49 84 9 80 48 76 81 93 23 44 42 63 81 2 19 3 9 89 94 17 44 74 36 70 92 27 30 21 79 91 3 37 37 25 21 98 74 30 94 77 81 33 88 0 38 79 73 3 98 93 52 19 29 98 42 50 46 37 20 70 63 43 76 51 3 65 59 88 18 27 57 32 57 89 81 17 77 97 97 54 84 48 63 50 64 5 98 29 35 9 85 54 71 38 18 50 92 41 54 85 31 19 44 94 93 76 42 32 91 96 12 59 67 57 38 23 64 72 88 20 17 9 98 87 28 27 97 39 2 78 77 58 37 65 25 75 70 11 25 14 21 32 96 12 69 25 24 21 78 10 55 11 16 72 40 35 65 29 86 31 34 7 36 69 82 86 17 12 74 5 80 44 92 8 32 74 12 99 23 3 86 19 86 81 25 42 0 38 90 14 6 41 73 41 42 97 14 44 10 72 15 1 49 59 10 88 2 1 39 8 28 46 4 41 53 67 49 80 83 50 64 79 19 77 23 58 68 82 63 62 64 40 67 70 16 9 87 96 17 9 19 52 61 35 17 
8 32 8 56 80 42 31 36 32 87 87 73 89 30 68 23 37 13 2 33 62 22 74 82 3 9 40 38 30 65 69 12 90 25 39 84 5 46 3 16 61 56 8 99 46 48 42 79 69 35 84 6 60 52 74 2 20 17 24 7 60 47 72 79 36 43 74 4 42 89 76 34 96 30 73 3 73 35 44 21 7 14 49 14 58 0 74 52 45 21 1 48 94 32 8 72 63 32 31 23 45 89 9 65 4 53 90 66 70 56 50 8 59 40 77 80 96 28 53 46 77 37 98 68 48 10 91 74 8 98 23 80 96 10 48 2 27 96 60 50 32 45 49 55 92 93 77 10 74 45 18 66 9 39 69 38 34 75 66 65 25 89 55 76 51 81 88 57 33 51 20 14 49 17 29 72 38 18 23 90 12 86 29 81 66 64 11 90 78 95 3 23 32 77 8 64 52 20 6 75 90 64 8 18 24 7 65 54 32 59 49 12 93 16 48 37 71 70 64 28 54 82 46 82 75 11 79 19 3 32 26 9 7 33 65 36 64 87 89 64 38 13 52 1 3 96 68 73 17 89 88 18 67 34 84 32 94 92 92 9 24 69 96 66 83 80 51 41 88 36 33 15 62 56 42 33 40 35 36 50 93 81 88 38 14 94 60 20 89 57 42 98 24 63 10 68 56 65 59 6 
63 51 56 33 87 27 58 69 23 88 0 18 38 62 26 15 15 62 79 4 80 83 68 82 12 31 95 76 68 67 68 16 0 27 56 93 29 70 57 68 90 17 29 11 40 76 74 84 95 74 61 88 53 46 43 8 95 69 97 12 2 73 11 19 25 37 10 16 33 79 14 36 98 79 25 52 75 19 90 4 83 79 45 13 57 72 2 65 18 33 40 58 67 70 25 56 39 51 2 54 41 17 95 96 40 34 33 86 50 36 23 49 43 84 38 1 8 9 72 96 98 52 71 59 46 69 89 66 76 78 99 79 35 17 20 15 69 9 50 52 95 88 87 82 30 33 47 48 17 60 46 5 5 84 52 60 75 84 43 2 26 19 10 8 85 3 40 91 40 72 31 38 30 33 14 75 28 7 90 54 6 65 23 91 8 32 43 15 58 68 13 50 22 23 0 20 51 86 51 62 56 32 47 70 59 16 9 89 60 67 9 66 50 5 55 74 87 70 16 64 23 59 52 60 97 99 3 99 72 49 22 31 26 95 17 28 80 15 16 65 7 78 20 25 73 92 71 7 70 39 64 63 88 64 27 88 13 51 46 71 59 53 88 76 25 92 52 9 17 62 49 71 31 81 36 83 44 54 25 58 93 62 54 36 82 4 6 76 27 43 11 84 46 27 64 65 88 80 18 59 
7 13 88 97 56 95 27 20 7 76 19 67 93 1 85 45 45 78 23 37 43 16 71 30 64 27 89 15 10 96 36 21 62 58 48 43 8 2 70 15 20 43 52 64 2 30 20 73 77 76 41 43 61 56 96 37 29 27 91 88 89 78 61 41 38 26 13 61 9 8 75 90 96 60 21 18 59 80 2 22 72 14 65 28 62 63 31 11 96 12 37 16 70 17 32 0 3 68 50 89 87 86 89 7 48 67 11 7 74 59 4 10 22 5 82 59 4 0 20 86 25 51 3 73 6 8 54 45 13 53 51 26 32 12 95 63 78 68 90 47 65 76 74 0 32 84 64 72 17 11 73 28 53 49 55 98 52 25 61 93 30 7 66 85 63 16 76 26 53 87 98 84 86 67 88 67 72 49 43 49 14 80 23 79 95 86 33 76 46 6 17 59 83 2 15 10 96 73 4 24 95 35 98 87 52 86 50 7 30 0 3 67 94 89 45 47 41 30 80 26 12 24 34 20 70 0 51 64 94 4 80 11 81 59 48 51 33 24 84 3 39 68 74 58 29 10 86 19 92 81 40 59 5 62 77 65 13 51 67 27 66 61 93 17 65 48 16 34 1 61 81 85 10 32 39 2 23 79 20 91 40 9 74 76 33 52 32 22 28 21 18 11 74 5 15 40 30 8 32 84 
54 85 93 96 68 8 70 97 0 24 2 78 3 70 24 68 66 34 56 25 12 11 13 83 3 7 75 41 43 93 33 9 98 46 63 90 18 52 3 13 28 22 12 36 19 29 38 85 94 11 18 17 91 47 65 63 70 19 29 26 85 31 15 97 89 77 42 28 85 75 96 94 85 46 76 47 95 18 33 3 60 96 95 87 44 24 98 16 96 60 63 84 5 7 95 14 10 85 52 62 27 50 88 44 99 63 83 82 34 91 43 48 0 45 78 91 21 25 76 13 50 33 78 22 21 65 96 82 18 24 36 59 67 56 42 38 65 33 22 83 20 47 90 32 37 35 39 7 19 64 28 64 19 84 37 84 54 99 37 0 32 92 33 53 44 94 34 93 63 67 96 51 41 76 57 66 12 34 59 88 14 58 50 47 15 94 18 35 9 62 75 63 56 0 85 48 91 65 78 80 69 41 49 18 41 40 91 24 15 82 90 34 87 16 79 86 57 36 41 27 74 83 5 89 11 52 46 83 20 92 35 12 17 1 37 22 31 55 84 84 32 2 64 38 16 59 57 83 74 68 49 70 1 18 93 81 22 43 74 34 17 50 35 59 62 79 31 26 81 78 12 40 73 21 64 37 85 96 71 77 32 83 79 29 55 2 48 51 94 78 77 65 32 47 63 22 76 11 67 8 
97 92 51 71 88 21 56 36 59 63 24 63 30 25 84 16 50 68 88 97 18 13 89 3 35 36 82 20 55 71 81 9 84 27 51 43 60 72 97 29 64 88 63 5 27 15 34 18 10 23 61 25 2 33 21 17 60 73 9 26 38 83 29 10 54 31 61 98 15 22 73 73 35 3 91 47 16 38 6 93 29 52 16 56 75 21 62 19 96 91 76 37 69 42 16 75 10 50 31 30 29 47 83 45 0 60 44 44 84 4 71 57 32 90 62 6 5 71 11 3 35 72 83 51 50 95 43 36 56 75 39 42 0 95 86 34 97 40 30 51 15 30 95 24 60 11 33 69 77 7 79 87 20 46 20 98 15 48 66 38 27 57 82 78 15 94 68 32 30 65 25 31 94 21 85 31 46 61 29 28 83 20 10 80 37 47 33 90 26 25 81 26 85 26 88 76 51 35 94 8 11 68 21 43 95 38 54 27 89 90 40 13 57 2 16 7 19 76 75 38 90 20 28 58 47 51 0 44 67 57 84 74 44 54 79 18 17 95 71 50 57 64 1 62 8 31 3 92 84 34 85 79 50 51 79 50 96 27 92 28 6 42 50 53 53 65 65 38 76 57 43 97 25 48 7 72 24 98 69 67 46 14 85 72 36 21 8 58 62 50 96 56 55 74 77 49 46 50 70 12 
18 6 72 69 83 21 16 50 47 69 41 19 92 50 57 13 14 86 46 99 50 86 91 16 8 66 70 16 92 99 11 6 66 98 7 66 41 5 5 71 25 94 89 8 18 5 49 46 58 17 19 2 83 8 94 9 58 49 75 3 7 80 56 94 54 52 46 4 90 65 48 4 99 20 32 11 45 85 77 65 13 96 97 16 91 81 29 25 81 44 4 94 38 71 41 10 64 24 19 17 2 88 6 4 6 40 99 97 20 22 72 3 88 29 76 20 60 62 65 54 40 34 74 21 68 36 22 32 11 47 79 34 57 19 10 62 82 87 88 87 79 93 16 54 16 83 46 64 27 99 97 70 2 81 7 95 26 17 80 50 31 34 11 12 68 70 21 3 17 40 98 98 26 59 58 57 50 11 39 40 49 47 71 39 35 32 89 64 35 56 8 14 62 9 82 18 6 26 82 15 18 17 31 68 14 21 26 69 14 84 9 28 62 50 92 48 5 39 12 45 83 30 32 4 51 44 77 7 88 61 82 79 97 68 24 21 88 26 83 32 51 53 1 89 80 47 39 49 99 84 98 62 92 32 81 58 47 9 43 79 57 51 92 48 92 52 77 68 65 9 24 11 16 42 6 30 3 42 83 91 5 19 41 92 99 93 89 31 85 48 26 59 44 16 76 54 54 96 88 27 
20 2 89 6 44 81 60 79 63 22 9 42 67 11 8 84 39 88 99 16 32 62 45 52 26 2 64 30 79 7 78 18 97 23 21 0 53 71 56 15 41 0 36 48 44 50 50 28 48 42 27 50 17 66 38 25 35 20 20 36 13 32 27 46 5 85 55 86 78 29 34 25 23 43 83 51 68 28 2 42 67 20 8 6 94 14 57 47 87 27 24 44 56 26 82 8 20 0 76 8 28 82 81 3 81 38 18 36 44 87 2 43 19 41 9 72 15 68 15 75 40 97 96 59 48 94 48 37 89 97 34 12 51 98 42 54 65 17 81 22 37 68 48 15 73 56 60 10 2 56 30 87 60 67 38 71 95 10 75 36 12 84 66 97 77 64 42 52 41 52 30 23 72 3 34 49 14 45 16 87 81 9 12 57 95 85 88 90 46 34 88 7 80 13 71 73 73 86 69 19 42 60 75 43 44 86 86 6 63 70 95 60 38 63 43 35 88 72 12 83 31 69 61 55 24 4 47 58 28 1 7 53 25 46 12 84 45 72 92 87 68 70 23 2 55 77 3 82 25 69 46 26 1 5 60 31 21 77 62 8 73 39 16 65 45 52 78 93 55 51 6 39 86 33 57 36 9 1 17 77 28 36 59 37 9 15 2 91 27 52 16 62 39 33 34 93 67 28 34 63 
98 49 86 63 87 43 74 76 52 93 21 22 61 51 75 95 68 47 30 80 24 38 66 16 50 70 53 33 96 89 70 89 84 46 9 19 62 98 11 19 96 63 56 55 72 98 9 90 67 65 29 59 89 11 19 68 12 69 0 94 20 72 66 48 2 19 55 32 65 66 18 53 86 25 0 45 32 7 86 49 96 89 83 96 12 54 69 49 7 52 25 72 76 86 66 63 14 17 40 83 68 51 82 38 1 83 49 48 10 38 12 45 74 34 23 42 12 28 76 16 42 19 98 27 51 36 51 42 7 20 3 75 29 40 11 65 87 47 50 4 22 94 86 68 29 27 73 74 92 34 1 32 64 24 57 29 97 14 43 73 79 95 46 12 17 8 65 90 99 1 75 49 25 39 58 63 8 20 33 96 28 83 13 23 11 53 81 99 82 49 96 27 81 90 61 36 7 1 57 96 14 42 11 67 62 20 71 65 35 92 81 86 63 49 1 28 66 75 20 96 55 97 19 74 86 77 27 19 97 40 68 6 7 81 9 23 77 32 8 77 7 12 46 0 99 66 7 25 59 23 3 34 78 78 67 38 41 90 40 26 42 36 12 90 1 80 28 46 15 76 62 67 54 43 40 76 11 12 20 50 93 19 16 81 33 2 54 26 45 94 9 58 36 70 26 85 16 71 68 58 
92 77 24 88 69 12 82 14 32 28 10 46 52 52 91 24 26 89 29 94 39 10 90 92 56 37 64 92 41 5 28 13 80 92 97 55 19 27 91 58 70 46 94 88 47 44 71 12 70 13 78 43 66 58 2 90 36 18 40 85 94 96 97 68 47 39 69 57 79 33 64 17 85 90 23 65 61 32 88 7 5 78 66 32 30 25 40 21 86 66 84 61 74 15 90 97 33 72 91 68 41 33 75 84 30 73 44 18 59 25 17 85 8 71 44 83 14 96 77 40 16 77 75 90 21 71 3 76 67 73 2 40 38 66 67 2 32 32 56 18 8 52 43 91 73 27 68 3 72 13 39 78 35 10 97 18 88 64 3 85 17 63 55 60 1 12 30 44 34 64 95 20 34 57 11 41 10 77 48 0 78 26 2 37 9 82 92 57 87 2 96 45 33 45 40 5 15 41 95 1 87 28 67 60 21 16 9 65 29 93 7 17 98 28 24 28 90 71 62 80 9 45 58 99 26 84 46 41 85 63 37 0 59 5 71 90 70 2 29 66 51 42 1 66 49 48 70 24 0 16 36 63 7 79 85 49 78 58 73 97 6 54 78 22 53 72 37 51 87 85 56 44 60 30 55 48 97 7 8 3 16 66 18 1 29 30 27 63 26 24 94 77 93 55 89 89 53 93 19 11 
72 43 5 29 76 41 48 63 45 91 2 25 25 92 41 58 13 25 46 33 98 62 68 95 1 74 80 68 6 64 41 35 1 21 63 41 89 55 68 39 20 78 53 95 60 65 35 58 23 55 98 31 47 64 17 12 24 73 71 18 92 3 33 52 6 19 1 17 23 35 37 63 42 18 60 76 5 48 67 59 43 23 71 13 29 82 95 1 68 97 19 36 44 92 31 20 61 20 43 22 33 42 98 96 46 17 24 23 8 87 16 81 34 46 51 84 49 10 8 49 1 40 1 60 98 10 95 54 21 81 96 81 92 56 90 85 65 94 96 20 30 19 85 76 25 83 31 22 0 65 20 20 92 26 72 35 68 74 32 65 44 73 77 13 97 18 69 11 70 83 54 37 59 64 62 9 16 70 66 19 97 25 35 94 21 35 20 61 80 53 82 20 72 53 96 61 29 19 22 6 53 53 46 83 54 21 5 13 99 52 65 87 49 31 57 8 56 12 18 75 39 41 62 73 39 95 46 51 77 24 77 20 71 45 44 86 60 55 36 86 66 90 71 64 33 62 14 34 21 95 32 35 42 63 83 61 25 62 58 10 99 47 70 26 56 19 19 77 14 59 51 48 17 88 49 21 63 85 99 20 38 72 24 95 91 63 73 58 19 16 71 35 61 79 60 53 61 25 25 53 
80 32 45 37 29 98 35 77 13 41 50 38 47 41 40 95 85 16 78 48 54 30 12 10 13 20 13 31 74 87 14 65 39 9 1 38 41 22 2 82 94 53 46 44 50 45 46 60 85 28 95 13 87 76 57 3 48 73 14 34 41 75 2 5 90 59 18 5 69 28 48 57 15 96 5 58 68 12 3 98 71 57 39 10 13 81 67 21 30 20 76 88 19 60 84 52 4 30 99 42 48 34 2 71 12 71 94 48 69 6 56 22 31 81 65 62 34 56 71 68 81 56 78 32 99 50 59 38 35 63 39 67 27 31 70 28 79 94 18 47 69 63 17 73 18 32 15 49 77 10 72 51 54 13 36 17 96 1 86 60 14 53 76 73 81 12 48 31 18 82 58 77 39 98 75 85 55 78 37 12 52 8 1 96 17 80 15 57 35 75 85 71 86 16 19 97 37 45 16 18 9 55 26 88 25 81 32 9 40 76 83 13 90 19 16 11 97 47 13 74 14 80 79 15 60 52 58 75 39 94 22 46 20 71 62 39 88 20 29 61 64 78 20 71 42 24 48 13 82 53 16 34 54 79 92 43 21 61 19 19 34 24 17 74 98 36 21 71 18 25 46 64 54 26 90 61 12 95 2 21 7 40 15 43 8 27 27 23 87 89 58 31 99 11 36 44 78 16 50 41 
18 5 61 28 60 8 26 19 63 70 22 35 81 31 14 44 37 94 38 82 36 66 71 86 91 4 85 90 76 2 84 17 72 26 0 23 2 42 71 47 22 48 22 62 0 51 57 31 65 32 51 18 20 55 63 10 35 26 25 19 52 94 44 1 88 79 84 71 66 89 50 50 30 88 55 17 51 23 40 56 75 20 13 22 2 33 9 40 25 2 88 88 31 1 42 2 55 99 69 8 19 22 85 23 58 94 3 27 25 22 54 3 94 29 11 96 99 25 45 26 92 98 6 38 72 49 44 70 79 8 0 10 28 59 77 77 60 11 66 23 45 8 93 96 18 65 72 26 75 36 45 25 16 7 74 81 78 23 85 99 39 10 45 68 52 39 80 17 50 21 26 13 38 73 70 32 16 61 31 6 36 7 71 89 57 26 27 93 68 85 45 27 84 62 88 13 21 91 63 12 94 24 98 61 43 84 15 8 1 13 13 58 50 68 4 30 93 96 19 34 4 63 23 77 38 13 36 96 37 29 61 36 31 96 12 47 73 37 2 68 55 57 83 22 97 44 57 97 98 63 41 70 85 50 86 69 30 14 91 25 42 22 71 50 79 64 18 11 44 86 13 85 51 29 43 0 18 79 37 20 35 36 38 89 26 22 23 24 74 66 53 70 60 44 12 67 75 86 31 34 
77 48 52 63 23 92 0 8 16 86 47 60 84 66 44 98 28 96 85 79 3 97 9 20 57 7 50 21 62 9 61 32 72 52 32 32 54 35 54 34 45 85 10 43 70 4 57 71 77 84 29 69 50 38 42 46 26 75 7 62 34 80 16 71 22 37 90 59 32 45 30 20 22 21 70 96 45 51 12 37 42 86 58 49 64 74 26 58 35 98 44 54 78 3 99 12 69 81 16 67 23 76 0 81 32 58 32 18 68 69 50 79 71 8 65 79 97 91 91 46 97 84 77 37 33 86 11 85 66 52 44 81 94 51 36 90 41 17 2 50 21 71 46 23 29 88 54 39 61 81 60 20 77 9 49 79 3 58 14 50 66 54 96 7 92 9 82 68 14 8 1 63 24 69 47 43 96 43 11 35 58 75 29 62 20 29 61 81 50 28 21 19 97 57 52 89 61 1 31 37 52 77 42 57 50 45 69 6 92 31 57 85 76 31 74 25 88 83 37 72 62 61 88 15 80 71 93 54 33 78 18 83 36 10 33 15 28 15 96 8 39 81 36 36 38 33 98 46 75 43 48 85 96 0 33 23 27 76 33 15 17 66 80 10 40 2 84 48 35 92 5 82 59 88 76 46 98 69 93 1 64 97 96 2 87 97 54 2 63 51 10 39 33 44 64 77 77 49 18 13 
16 48 84 83 43 51 25 32 49 66 55 32 68 22 19 30 97 92 74 22 43 33 17 63 73 78 68 87 0 71 52 20 82 30 16 63 93 97 36 23 38 4 51 83 21 42 91 91 22 34 40 10 87 61 65 77 86 36 17 98 55 60 5 28 14 92 91 35 96 33 81 11 54 95 93 63 21 44 76 36 40 7 52 79 79 92 94 73 48 17 98 77 3 60 17 10 53 97 9 16 76 39 44 64 82 71 11 4 54 41 49 28 22 71 30 73 62 77 17 62 44 79 18 78 53 98 69 98 43 24 67 5 32 80 7 48 42 93 0 82 99 53 62 40 40 29 5 40 26 39 92 52 2 38 89 97 21 3 84 94 54 6 26 72 26 58 20 40 72 67 46 56 94 30 52 20 16 12 54 11 15 84 0 73 59 28 67 24 63 50 68 29 5 44 38 20 74 67 67 85 96 57 29 99 24 88 18 52 91 93 13 0 21 6 17 34 92 93 44 38 20 42 28 6 46 25 24 95 92 94 58 20 10 7 61 73 84 41 51 2 80 85 91 25 7 79 50 29 28 81 81 62 80 17 8 9 36 10 69 25 71 72 15 17 53 69 84 36 82 95 19 4 76 98 26 87 34 9 81 19 90 47 68 70 82 69 11 27 56 2 82 53 27 57 36 11 27 90 14 47 
25 76 52 72 48 77 34 95 91 31 54 42 17 8 56 29 68 39 55 84 43 6 41 76 40 25 58 30 39 68 57 5 70 16 7 95 73 23 82 4 54 71 99 90 87 36 84 61 71 73 2 67 12 35 55 48 62 53 26 29 49 9 35 12 60 65 86 83 91 98 70 67 77 57 25 37 60 23 22 88 15 43 79 29 64 48 53 23 74 88 68 56 29 6 22 67 7 70 92 44 40 64 25 13 43 5 66 54 40 26 22 58 8 43 14 44 38 67 23 0 55 82 5 24 92 61 76 92 3 92 13 36 70 74 79 9 61 17 97 93 69 84 1 56 47 77 89 47 21 25 17 97 85 15 46 23 85 58 68 20 71 6 72 39 7 37 93 42 4 72 25 53 16 51 13 7 78 70 51 60 33 45 45 50 89 23 37 53 71 59 84 44 63 38 61 42 80 96 52 58 6 3 97 45 95 33 92 34 94 12 55 8 50 13 26 42 91 0 65 65 80 39 40 23 38 18 68 56 96 99 99 85 59 43 78 90 98 67 19 36 5 76 81 77 65 82 30 30 38 2 48 62 20 99 7 96 10 11 70 28 29 67 85 83 79 9 15 14 12 54 35 90 76 34 49 13 47 4 49 64 91 86 4 79 98 84 17 45 53 33 70 38 62 69 20 10 48 5 78 56 
40 9 59 79 62 91 90 78 62 77 39 21 55 60 89 70 0 35 88 63 45 14 84 70 29 95 32 97 15 73 10 46 85 48 40 2 55 50 99 53 74 64 96 92 45 71 85 83 15 67 95 65 42 65 89 13 42 8 22 22 49 54 41 5 90 1 48 28 56 19 10 13 49 8 76 6 68 30 38 36 80 1 74 84 66 94 16 71 29 58 51 9 28 28 59 28 16 40 77 98 93 31 73 25 90 91 2 70 43 74 26 27 43 9 29 96 84 64 90 87 70 36 53 26 16 56 63 73 18 23 7 40 61 75 63 17 69 31 13 34 50 58 23 54 63 1 62 61 79 40 80 49 15 1 2 78 44 15 33 65 85 91 13 93 63 14 58 84 57 92 73 20 31 28 56 75 60 61 17 58 37 44 54 22 8 60 5 32 45 20 74 73 21 11 16 83 34 94 14 27 33 26 86 15 42 75 9 48 31 24 58 46 54 1 93 98 13 29 50 50 22 87 17 27 0 99 1 59 25 81 10 50 51 11 77 8 64 3 40 79 68 39 93 65 7 48 65 59 3 42 64 55 18 20 81 48 86 89 1 80 91 81 87 69 83 47 7 62 25 24 40 31 2 0 39 85 21 69 1 50 21 59 78 40 40 5 69 87 91 72 68 50 89 66 91 8 76 21 49 67 
58 95 29 89 27 43 31 96 55 31 1 38 9 94 52 12 93 94 68 92 37 26 64 53 0 43 8 17 17 50 29 20 86 55 54 87 26 68 7 88 49 37 83 38 45 8 80 33 14 52 37 62 11 87 94 56 68 72 91 35 80 90 42 65 59 70 30 84 96 80 42 60 49 38 90 74 16 3 39 73 11 38 71 3 45 83 8 4 87 1 20 36 47 81 74 31 97 47 74 50 18 66 19 62 49 28 48 18 79 32 18 57 81 92 74 94 21 57 76 51 69 32 86 62 90 11 55 85 49 79 12 26 27 14 16 98 48 18 41 91 66 67 3 43 31 61 6 91 85 61 18 25 15 77 40 60 84 26 62 28 18 9 92 14 66 70 90 75 23 56 32 54 24 21 78 13 12 92 31 58 37 59 70 75 26 54 75 10 65 43 53 89 67 96 97 45 41 47 26 0 69 66 19 9 51 49 48 35 71 50 99 39 19 82 54 68 8 78 33 63 14 39 90 14 18 94 57 66 73 19 22 1 55 71 36 61 8 28 49 71 19 30 14 70 43 95 14 76 21 88 52 90 46 79 82 25 51 65 46 17 2 73 10 41 52 12 40 0 8 18 60 0 9 35 22 74 92 77 11 89 49 71 15 42 94 99 57 43 9 59 38 95 89 95 72 19 49 91 7 28 
19 87 67 67 9 94 99 16 92 57 32 32 65 26 42 66 8 25 87 72 38 34 84 99 55 21 45 80 60 91 4 20 75 56 78 90 74 30 71 60 99 30 77 74 74 32 68 73 36 35 19 69 31 53 21 85 26 61 72 69 97 76 29 14 77 80 80 39 8 5 25 13 98 58 37 1 19 70 78 4 11 87 29 16 84 88 87 14 89 27 48 53 20 0 23 35 45 33 98 47 22 36 40 92 1 9 87 8 12 0 95 46 67 20 66 57 60 23 73 52 94 67 22 91 47 89 56 24 63 50 50 74 42 9 41 45 90 59 27 57 53 80 5 10 9 97 97 91 26 89 24 6 83 62 23 6 5 63 93 72 26 23 20 41 28 19 93 48 83 8 90 16 8 13 46 0 35 88 67 98 83 44 78 12 80 81 96 37 28 83 36 95 65 92 65 77 73 30 88 89 84 34 30 35 7 77 39 43 13 39 97 3 81 50 44 39 67 45 55 2 82 61 52 3 93 30 90 45 6 30 52 37 77 35 1 90 64 42 33 54 74 78 6 86 58 19 61 58 39 9 90 99 32 97 85 32 43 58 87 99 82 41 96 42 8 10 23 98 54 83 92 82 16 30 6 48 25 45 72 3 16 59 8 24 0 21 92 83 70 63 32 24 45 86 66 19 7 24 37 97 
39 38 80 60 76 18 21 87 58 47 88 10 10 88 32 88 61 77 76 20 90 64 35 7 27 35 99 76 35 93 93 40 52 25 32 58 58 8 0 3 54 51 39 14 45 64 42 25 4 15 97 91 62 44 2 43 37 54 30 97 56 70 41 36 20 0 52 8 37 99 89 25 29 24 2 22 73 4 15 73 10 96 57 66 25 82 77 32 79 74 64 14 45 18 98 60 48 64 57 82 85 85 83 25 31 21 7 91 45 61 69 94 64 65 85 57 22 15 14 34 94 90 50 96 88 82 33 34 35 16 8 68 75 46 32 65 59 1 19 52 34 80 50 80 74 32 12 96 84 1 55 12 64 26 84 81 17 75 98 14 33 79 13 62 2 50 77 5 19 47 87 44 28 20 10 76 1 29 36 31 0 90 52 31 24 46 66 41 26 32 81 3 58 4 19 95 33 97 97 87 0 64 92 71 63 26 17 73 4 96 70 24 77 78 60 83 8 14 70 27 22 61 54 1 55 83 58 45 67 40 5 72 43 24 57 11 85 89 76 64 68 59 75 3 6 38 29 39 67 81 65 51 88 73 79 84 21 4 85 29 35 14 27 67 37 28 21 87 20 21 68 87 86 50 93 38 15 2 36 64 45 21 55 46 97 1 78 80 49 25 82 69 53 79 0 59 31 19 41 83 
9 94 44 89 13 89 50 83 33 39 16 0 54 94 32 83 11 8 62 7 27 91 5 0 39 64 5 59 65 8 25 25 33 74 14 2 19 24 57 17 11 18 30 67 3 32 60 10 80 19 17 63 42 43 51 0 27 76 34 16 73 42 99 55 21 69 21 87 71 23 92 13 17 7 84 40 18 97 40 1 19 34 9 48 28 72 57 99 33 69 87 84 51 52 31 65 86 4 91 84 95 20 48 93 83 12 84 74 43 23 36 33 79 61 37 16 5 80 95 46 11 64 49 44 24 35 88 89 25 6 56 54 19 7 84 62 89 85 55 80 82 44 50 33 88 1 60 36 81 69 99 38 58 14 88 78 58 27 35 69 71 25 12 47 9 95 74 19 35 42 86 17 53 41 82 32 14 50 69 69 20 96 37 94 76 48 78 35 60 44 62 40 14 40 45 56 72 5 92 88 9 69 9 54 56 6 44 48 0 48 90 73 13 40 59 54 45 6 80 41 44 75 60 12 47 19 7 51 71 48 55 80 80 13 15 5 33 59 76 36 44 78 82 47 62 65 95 10 15 77 26 78 41 26 24 48 62 0 78 55 99 24 32 85 23 43 3 23 10 92 1 39 99 50 72 64 51 58 62 26 22 16 33 79 26 84 60 84 20 75 1 77 11 83 59 56 93 99 66 3 
24 40 25 24 96 50 92 22 13 15 73 45 62 40 47 68 67 95 39 17 70 60 31 95 96 87 20 96 50 82 11 9 62 68 45 0 65 88 62 59 45 60 8 27 66 60 97 79 37 79 31 97 1 42 69 62 93 83 10 70 6 56 93 9 79 2 80 30 35 61 9 36 79 22 8 22 58 66 54 38 36 82 77 27 35 85 99 76 73 28 2 16 92 28 87 77 14 94 60 64 90 77 81 10 43 86 30 33 54 35 44 61 12 19 31 92 39 91 72 12 63 30 99 38 29 55 92 64 55 57 44 77 14 57 46 86 40 53 42 12 40 75 39 65 64 46 39 44 13 22 25 78 39 53 16 38 90 25 16 33 8 44 16 43 61 61 79 0 19 89 49 85 79 32 92 54 84 7 75 1 80 61 60 81 57 36 52 29 45 99 90 88 43 15 81 6 53 27 92 45 86 1 85 50 53 54 82 48 83 4 33 0 51 83 25 46 88 55 89 2 63 70 1 79 53 61 60 98 32 61 31 98 46 90 74 49 31 45 14 83 51 40 46 64 54 79 79 50 52 13 90 46 54 37 48 36 98 88 46 80 2 74 45 54 30 55 33 77 70 77 51 93 7 86 15 4 69 57 91 26 8 97 3 0 6 1 50 18 74 0 23 43 35 49 90 94 27 20 46 50 
95 47 34 58 75 30 4 90 73 90 77 34 50 13 0 69 92 65 38 17 38 42 71 88 70 72 87 43 39 60 92 31 57 42 96 34 20 86 86 58 19 22 24 29 85 53 48 47 1 55 73 55 83 44 87 68 71 9 73 92 24 53 52 39 48 95 87 20 50 58 70 69 42 34 43 43 39 38 94 62 84 96 57 39 39 0 96 36 28 37 30 66 53 88 12 19 44 82 46 90 15 32 73 42 91 65 70 23 8 65 34 39 65 4 21 44 26 48 10 84 0 23 50 93 26 40 43 63 17 83 81 43 48 30 70 83 11 87 55 55 7 62 10 52 5 37 64 75 85 16 97 85 34 71 6 47 34 60 66 70 26 5 36 51 69 70 79 5 97 51 41 1 48 13 91 75 60 84 44 92 78 48 16 23 96 61 13 2 80 39 2 42 3 87 56 30 22 4 74 98 85 91 28 76 89 52 25 55 93 72 10 26 85 96 25 54 46 40 14 97 86 31 5 79 57 33 25 64 82 83 71 85 18 89 96 48 81 81 83 59 77 43 56 64 64 30 36 71 34 68 6 65 43 35 8 94 7 21 24 4 63 47 70 0 84 71 58 81 3 49 97 21 18 98 34 97 44 54 95 44 5 96 40 19 72 24 14 99 0 66 8 0 45 40 75 47 17 93 46 85 
25 68 98 22 4 31 40 85 36 78 27 32 80 67 51 24 78 0 58 51 23 52 15 74 77 89 90 85 33 5 94 31 59 34 75 79 71 9 61 84 38 41 74 78 27 18 79 6 39 77 27 40 30 57 3 99 67 67 5 76 74 32 57 15 32 87 36 22 76 72 73 80 5 0 29 76 14 71 80 90 3 51 91 55 27 50 18 74 26 86 89 99 89 71 91 64 96 67 70 18 77 93 8 99 48 77 68 57 63 99 47 36 2 17 17 55 89 98 43 62 5 83 17 90 63 78 44 94 37 74 60 3 59 16 98 6 11 28 12 46 33 51 40 77 30 73 41 30 6 37 58 68 80 40 38 44 84 51 8 77 13 95 99 6 97 73 8 2 34 92 54 86 63 69 78 60 14 65 84 74 99 38 95 97 23 74 99 53 96 94 35 89 73 6 40 42 51 38 62 16 15 72 43 70 38 15 2 42 8 22 7 96 95 73 32 18 4 78 79 97 90 18 52 18 41 84 16 66 82 83 7 50 93 47 18 11 58 80 73 36 76 89 35 10 13 37 27 57 69 18 40 52 12 96 8 47 52 25 33 84 77 17 82 25 47 0 98 91 47 83 8 20 44 85 87 5 1 16 37 73 70 94 74 25 76 55 5 34 67 91 33 43 37 4 71 52 59 21 47 52 
95 91 47 50 65 76 45 77 88 54 10 35 16 75 80 83 45 55 55 97 82 95 60 22 65 71 77 17 13 52 87 30 73 67 2 94 75 18 53 17 46 45 81 15 45 3 82 23 39 83 79 80 4 95 59 57 26 68 10 66 77 87 89 15 9 4 40 75 34 47 38 2 3 74 81 76 76 85 75 40 93 84 41 90 62 64 4 11 1 78 37 83 15 17 21 30 72 81 37 64 82 28 58 53 39 14 75 50 17 47 58 59 84 90 75 17 65 20 14 83 7 17 71 19 64 81 3 49 87 18 30 38 58 53 40 75 89 66 31 73 58 19 96 3 89 26 84 72 56 45 22 14 20 18 68 19 37 63 82 33 80 27 5 95 7 50 6 84 39 98 52 59 41 70 13 51 47 20 63 11 79 7 67 81 43 40 12 38 33 77 26 74 17 49 7 30 46 81 4 63 13 44 43 66 21 26 64 11 76 82 66 15 91 8 37 63 23 21 31 22 43 28 58 76 53 27 87 14 62 28 41 7 45 74 22 15 89 82 18 29 47 1 20 76 11 6 47 37 0 65 59 11 37 93 37 76 19 15 75 49 70 92 50 72 57 18 37 37 61 34 87 7 30 35 93 0 28 58 54 87 58 39 40 35 8 6 0 9 85 42 40 31 41 21 7 9 5 17 19 19 
59 90 20 76 57 51 3 0 32 11 4 55 10 55 36 57 3 16 5 76 52 79 49 23 44 24 29 10 75 48 27 69 88 20 66 29 98 26 65 29 21 85 53 96 83 32 19 95 56 99 10 3 95 64 94 69 6 71 77 78 37 75 51 45 80 32 10 6 72 11 55 25 53 42 31 8 65 79 62 82 66 96 86 67 89 35 17 8 55 30 92 87 11 25 67 81 42 63 99 9 58 83 70 87 70 54 43 46 35 3 26 50 98 29 3 46 96 59 27 45 48 18 11 82 55 7 64 17 44 25 59 23 8 31 95 91 80 35 42 54 11 3 40 71 71 64 14 15 37 38 58 14 49 37 72 43 90 40 97 85 91 77 67 8 2 33 50 23 83 14 12 65 14 48 50 95 61 46 36 57 88 23 44 6 67 17 98 29 3 74 63 14 40 57 90 76 28 93 1 17 62 52 40 66 27 43 71 83 64 79 2 32 42 37 46 49 37 26 4 16 84 51 85 22 89 11 95 40 46 98 43 73 54 80 75 0 52 5 6 76 76 36 34 50 20 57 96 78 80 49 42 35 82 32 1 34 62 87 57 56 71 89 5 95 50 16 22 32 11 84 74 17 40 16 59 35 87 89 8 20 62 2 40 17 94 10 37 23 61 92 32 38 89 69 82 39 90 11 84 29 
10 9 28 5 1 51 20 98 61 94 2 12 48 72 9 76 11 87 32 62 11 92 91 64 11 92 48 44 83 93 82 60 53 28 29 13 57 92 73 34 15 76 6 56 16 64 69 35 13 22 93 89 55 79 82 29 40 62 75 59 77 15 57 96 83 87 17 33 92 22 90 19 15 61 98 29 64 98 49 70 20 18 20 5 1 39 70 32 35 79 86 10 89 18 74 92 42 24 18 92 53 63 50 39 20 31 71 95 64 0 53 41 87 88 4 37 51 88 55 35 60 72 52 35 59 63 5 86 25 24 4 5 2 83 8 87 48 93 73 33 30 72 52 72 12 58 45 85 53 76 66 40 92 68 12 32 80 36 26 42 63 23 12 56 22 56 48 24 18 38 83 81 6 95 64 60 54 16 22 13 51 25 72 11 76 82 89 20 47 45 88 80 49 1 5 46 40 67 74 51 11 30 4 8 67 53 72 4 25 47 87 56 78 87 34 52 56 85 86 28 97 51 21 54 16 10 63 71 28 81 76 37 8 62 16 76 0 41 61 10 88 73 51 58 79 56 59 74 55 68 51 70 32 62 37 7 11 9 68 42 5 45 75 83 68 23 2 47 5 55 28 99 97 94 26 78 67 30 19 3 25 45 79 22 27 75 87 14 2 77 72 82 24 3 63 67 84 70 55 24 
49 82 89 74 71 82 57 12 37 39 30 20 75 22 83 59 39 75 1 85 69 99 27 93 30 47 90 73 9 30 73 96 99 41 28 48 74 75 43 45 5 46 19 64 25 36 83 34 12 18 78 28 69 90 30 17 20 31 28 62 22 42 19 96 23 10 68 83 10 79 20 96 88 32 66 6 57 38 11 44 53 21 75 41 21 52 50 5 69 67 35 38 74 52 64 3 47 38 26 23 92 45 49 0 65 45 29 13 57 8 54 7 21 99 76 2 70 47 64 42 57 23 80 53 5 84 70 17 33 63 46 13 36 97 66 93 18 62 64 73 15 25 55 51 47 31 39 63 59 88 54 32 42 67 67 19 35 73 17 96 0 47 4 94 91 69 97 86 75 40 59 47 65 58 12 8 51 85 70 14 14 47 22 53 68 47 9 34 76 70 70 2 55 95 27 48 5 81 15 38 37 2 32 99 47 30 57 89 88 34 43 94 26 81 88 62 32 68 35 7 52 10 83 30 4 40 74 85 96 65 67 66 81 57 64 50 11 89 92 95 54 63 96 15 1 77 32 48 75 37 55 30 65 25 51 79 28 84 50 80 28 81 71 0 75 44 10 34 96 72 19 73 82 60 38 37 67 47 6 31 57 50 12 17 82 12 19 40 28 54 22 86 63 54 50 2 89 26 3 53 
87 91 36 82 97 69 82 98 97 58 78 16 40 87 74 15 85 46 55 60 9 50 23 11 29 42 46 60 80 95 50 7 68 84 59 64 20 90 86 2 69 26 68 43 19 51 4 42 61 61 91 39 19 94 92 9 31 35 73 90 31 26 39 71 51 5 15 79 65 25 79 4 46 41 52 15 98 95 4 79 31 92 18 17 42 65 0 66 86 85 56 38 81 68 46 38 95 60 59 22 33 24 35 50 65 56 0 87 42 99 95 96 9 88 52 83 6 70 51 7 49 34 71 95 87 96 98 89 48 50 95 61 36 3 62 78 20 64 53 67 58 4 96 98 79 14 32 11 64 21 79 21 21 57 69 15 15 36 44 11 16 49 75 82 7 3 59 6 3 47 5 12 8 48 97 70 51 94 31 65 6 30 57 85 71 75 66 44 87 55 73 29 14 57 52 90 48 95 50 91 18 99 5 79 96 62 74 10 97 76 37 13 63 39 12 87 46 55 79 89 11 35 14 90 62 53 63 33 71 1 43 84 19 46 13 56 49 37 65 82 23 6 77 58 7 6 50 98 70 10 1 42 50 32 40 50 73 0 72 49 22 27 45 13 9 48 1 64 8 54 90 27 94 13 93 84 82 32 49 88 82 85 57 39 73 68 37 36 2 30 89 53 31 28 34 74 82 81 49 33 
0 52 88 40 27 60 12 8 44 92 65 76 34 70 68 67 28 69 95 60 96 95 6 23 97 66 30 93 33 29 8 78 67 96 25 17 14 69 77 39 76 16 19 50 95 10 47 93 53 31 26 96 32 98 57 87 51 56 27 63 11 81 3 99 29 58 59 25 74 33 76 21 76 40 5 71 53 78 68 2 95 7 76 42 26 3 45 14 41 27 38 21 74 41 84 72 78 88 69 64 81 51 34 10 81 65 84 47 70 55 96 29 89 53 26 87 88 31 29 70 38 89 6 60 94 81 75 37 59 87 4 68 46 79 89 44 44 13 22 48 96 49 64 12 26 79 1 94 32 11 57 76 31 71 62 87 31 25 17 41 74 75 77 67 3 84 66 96 61 17 76 33 27 2 86 39 27 31 11 32 60 42 30 18 11 73 60 86 97 10 81 33 18 3 72 79 41 87 57 95 7 24 65 85 36 91 88 98 41 21 70 82 97 7 12 63 99 88 58 44 9 84 49 41 45 64 19 19 55 31 89 39 43 74 56 46 23 6 76 97 51 17 35 17 57 90 5 35 43 94 20 27 30 95 7 33 42 0 18 25 24 12 99 67 17 35 24 82 36 19 88 96 74 86 92 30 90 47 32 98 13 91 38 98 0 81 5 38 82 54 56 52 62 1 66 82 35 23 22 12 
20 27 56 5 70 98 69 33 49 25 88 79 70 95 83 96 93 89 44 45 11 65 69 41 78 77 39 73 56 22 96 79 61 92 44 80 2 4 54 78 50 81 31 17 42 22 21 81 93 69 58 15 16 85 15 66 52 46 79 18 26 35 44 20 37 81 0 37 78 1 6 30 42 79 27 40 80 50 70 97 7 52 92 83 45 82 71 7 43 88 85 39 41 97 90 87 82 86 46 98 30 33 37 29 44 83 94 79 98 21 11 87 17 53 20 60 95 20 74 77 48 61 50 94 13 71 40 84 95 46 54 72 93 80 8 15 44 19 33 1 5 35 57 40 58 97 20 92 73 34 18 37 22 35 48 35 29 10 92 70 91 43 29 52 48 28 64 5 98 23 72 73 9 45 71 23 31 17 95 25 9 9 27 71 84 17 80 98 49 22 84 18 30 51 50 88 86 31 97 2 18 37 76 76 32 10 70 83 74 7 84 28 14 66 76 50 88 97 40 82 12 25 55 51 94 2 9 43 91 82 23 48 86 7 34 22 32 46 72 32 19 74 91 65 35 74 33 76 60 17 24 9 22 65 83 92 41 11 39 25 52 54 2 92 90 65 78 4 42 4 76 85 28 72 9 90 21 3 16 50 22 70 44 33 3 76 10 14 93 43 64 28 33 93 26 86 54 95 96 9 
75 55 37 2 85 37 95 74 59 94 4 31 87 87 99 39 18 79 41 85 98 0 10 89 83 61 88 39 85 60 33 11 96 68 2 39 89 3 45 40 33 17 78 27 14 19 93 15 21 42 42 86 27 1 39 8 63 96 7 79 64 51 22 35 89 8 41 70 24 41 38 40 75 52 50 5 11 68 11 1 97 70 47 44 38 75 33 95 47 17 21 75 46 71 72 32 97 76 70 28 87 53 45 71 41 84 68 80 71 69 15 78 44 61 5 13 60 68 77 66 76 90 42 43 32 94 42 24 81 16 58 38 39 7 43 54 86 99 42 21 76 53 5 50 53 61 25 80 90 86 14 20 28 82 47 84 22 82 53 11 24 88 28 34 15 78 15 98 11 90 49 47 94 13 4 88 15 88 76 95 18 38 17 43 0 72 49 78 3 48 87 55 1 59 25 94 42 12 56 56 21 89 67 23 3 4 8 1 87 80 68 24 67 71 88 2 5 68 53 53 13 92 48 45 16 21 7 10 35 6 68 46 12 14 11 84 85 76 71 2 48 62 2 40 48 85 27 1 90 31 59 42 39 59 69 59 78 83 2 60 47 16 12 13 80 69 70 20 30 7 32 62 88 57 62 34 6 10 40 91 89 7 4 58 32 59 48 34 57 53 89 43 57 74 75 87 2 62 39 78 
52 59 39 60 80 29 11 22 72 90 8 55 38 64 97 76 29 62 45 88 47 9 6 33 6 7 41 9 16 10 41 37 40 73 3 12 83 27 38 51 72 25 36 29 78 39 73 94 51 11 62 11 88 35 97 5 84 87 35 55 45 30 48 12 28 70 71 92 6 42 87 13 44 54 34 31 0 54 88 34 10 40 77 79 93 25 64 28 30 90 42 83 80 33 48 57 26 49 71 95 8 67 17 78 46 78 28 26 45 47 80 64 49 59 35 27 89 10 50 3 85 61 48 62 46 87 62 18 79 92 18 63 74 42 88 77 52 0 92 76 41 38 72 95 74 8 80 1 17 63 45 13 76 10 79 83 48 26 91 93 45 80 82 44 52 83 23 53 52 90 98 99 97 49 52 67 96 93 79 44 4 64 48 14 58 59 6 5 28 85 45 61 55 29 54 57 92 38 42 31 51 52 44 78 26 25 14 44 26 93 60 4 14 67 71 55 11 65 82 40 42 24 29 92 42 88 55 42 55 70 36 41 99 92 94 17 40 41 7 78 76 62 29 28 30 75 87 46 94 18 92 48 30 85 12 27 55 83 17 92 12 37 71 78 52 4 24 54 94 85 15 73 25 85 7 55 62 7 27 76 55 5 64 24 45 8 52 13 25 73 67 13 30 46 3 72 64 31 80 17 
4 97 4 80 0 2 32 22 4 16 65 58 14 44 38 94 66 24 65 2 98 74 53 26 46 15 60 24 35 29 76 69 5 83 36 1 48 80 62 14 36 86 36 30 85 66 25 45 82 47 40 65 37 15 99 18 31 82 0 19 88 7 32 91 73 89 38 11 79 88 64 64 58 59 30 17 52 81 45 22 48 77 67 81 78 18 29 55 8 71 54 11 65 77 23 97 16 2 57 18 63 34 0 91 42 69 76 8 98 20 34 53 13 47 98 30 59 62 60 98 31 77 58 46 24 35 71 23 21 70 8 98 32 13 44 22 93 4 29 8 89 98 87 44 53 46 65 7 88 27 58 47 26 61 49 74 79 24 79 79 24 91 47 84 16 30 61 13 65 61 16 7 18 41 45 24 36 58 45 86 30 46 43 27 7 48 85 34 93 64 74 64 11 81 80 92 17 7 77 8 56 13 97 15 44 4 40 30 49 79 52 92 45 29 95 19 89 84 20 26 54 86 55 74 86 66 31 39 91 65 48 79 27 31 90 37 49 99 27 9 59 49 31 46 88 88 36 23 91 65 78 6 98 48 12 21 10 62 40 1 17 48 86 32 90 43 44 87 51 36 45 71 91 28 72 20 19 63 71 3 64 23 28 15 72 40 88 18 74 31 60 76 38 82 93 20 43 17 97 3 
49 66 82 69 31 71 69 63 97 85 1 86 49 45 96 38 18 23 57 43 2 60 16 67 25 62 50 81 96 48 22 36 47 71 11 79 66 0 80 15 47 47 73 80 26 39 12 27 16 98 45 66 51 44 96 7 98 67 64 8 98 46 14 98 36 91 29 20 29 21 62 14 2 58 87 93 48 68 15 33 31 25 38 40 54 20 53 7 90 93 58 36 66 44 67 97 49 68 66 60 3 65 74 15 43 71 40 72 83 50 33 40 38 85 93 40 94 97 44 49 77 36 6 62 32 28 10 68 62 97 15 54 75 7 86 56 39 81 19 34 9 46 56 46 64 22 64 89 59 30 1 45 83 63 86 55 87 20 44 73 37 21 74 9 5 0 69 16 29 74 67 28 30 67 28 43 55 56 40 79 34 78 8 65 74 88 68 21 84 72 11 53 83 17 95 15 60 91 77 77 36 88 68 25 39 9 44 85 14 84 84 25 8 0 72 97 77 49 35 82 14 51 71 4 30 89 84 64 37 8 73 15 97 50 56 71 23 21 14 0 41 12 17 4 55 54 31 3 83 0 65 54 25 55 53 59 26 13 75 14 76 78 76 44 42 64 56 61 84 69 40 13 44 11 60 44 77 61 9 18 54 10 45 40 71 95 15 86 35 43 23 15 80 97 45 12 34 69 98 29 
29 62 16 80 42 86 20 17 3 83 90 86 96 9 33 5 69 67 1 41 79 28 78 9 73 32 67 55 78 3 35 0 62 94 15 34 28 5 85 54 80 34 14 50 67 56 20 47 86 89 47 21 10 63 91 57 13 63 85 27 2 71 34 95 64 8 59 38 93 54 0 50 96 56 76 58 20 37 13 20 21 48 76 97 9 71 43 32 78 3 13 42 10 46 53 84 1 19 53 25 26 38 88 65 52 20 8 68 5 24 96 44 9 85 16 85 84 16 93 39 11 39 65 83 84 85 44 92 33 20 94 87 14 44 75 62 16 60 34 47 78 45 27 85 41 2 89 48 71 90 26 59 55 64 46 85 37 97 6 32 85 4 54 0 80 82 75 85 95 71 89 62 4 20 52 70 75 36 72 46 66 35 35 51 18 65 32 46 55 67 74 66 47 68 34 68 52 71 61 25 49 73 58 66 42 14 57 91 54 45 22 85 39 71 55 35 17 3 0 93 92 61 80 58 56 25 32 53 82 40 2 46 33 14 83 50 87 69 21 63 82 89 5 53 91 26 54 0 25 16 48 53 79 32 48 63 97 72 62 7 18 67 24 31 40 54 39 49 39 76 79 16 25 99 54 92 26 5 82 25 28 77 73 92 28 50 94 42 49 27 85 36 29 12 43 62 23 55 42 67 
96 89 65 44 14 61 74 14 30 97 93 50 80 34 71 37 0 1 74 0 67 48 85 58 8 72 7 60 32 16 85 80 97 24 56 97 37 56 33 1 90 10 5 86 89 29 66 65 71 11 91 82 9 88 46 46 97 41 88 58 80 54 9 9 80 3 59 85 88 55 54 29 35 19 88 78 56 95 37 88 34 92 28 6 59 57 9 4 85 8 69 13 70 72 79 81 90 37 78 56 72 97 88 44 0 94 62 37 27 15 76 17 25 3 32 39 33 13 33 82 89 72 51 83 3 7 84 58 67 33 91 7 88 8 39 80 45 2 81 23 91 35 92 31 64 86 83 78 32 8 72 41 60 60 17 81 63 11 10 47 69 19 21 7 63 35 95 1 86 27 61 30 51 27 38 73 4 50 85 17 52 12 91 91 92 73 49 17 63 11 85 86 49 66 10 84 58 64 22 84 30 87 23 12 30 13 40 62 16 34 52 6 83 3 49 63 81 72 45 8 22 11 54 76 85 34 20 68 67 31 84 54 48 17 28 54 73 19 81 41 77 76 16 17 64 45 91 23 12 86 47 77 47 32 64 33 29 87 41 79 86 67 9 26 89 55 70 86 86 51 62 11 37 54 90 40 56 33 90 64 64 44 42 38 31 67 74 63 3 90 47 89 52 19 1 91 32 25 51 95 
29 48 0 38 66 76 55 37 5 9 25 38 66 80 72 83 94 61 27 50 10 81 97 75 39 32 12 89 70 61 0 7 55 46 84 54 51 81 53 81 1 93 35 63 27 53 12 51 55 18 89 15 66 5 28 49 4 40 22 95 4 73 50 49 74 88 83 61 68 37 29 45 69 33 93 18 1 90 49 35 51 37 46 21 13 34 6 52 52 1 22 74 11 53 76 31 84 47 54 79 1 29 75 52 48 63 36 26 14 8 13 42 33 6 45 67 8 16 75 74 73 37 9 58 76 81 42 62 31 11 60 92 56 49 13 90 52 18 25 98 63 76 43 97 78 54 8 26 31 4 28 42 31 49 30 67 54 11 93 33 29 28 46 3 68 1 96 77 59 5 1 87 62 95 74 0 69 69 34 8 48 41 98 57 4 70 89 75 64 22 82 29 39 68 23 80 88 62 46 34 6 17 40 53 18 5 6 86 98 28 76 93 84 67 41 69 15 71 71 11 38 87 10 49 24 17 76 50 23 36 81 47 76 93 5 24 5 68 30 74 19 82 95 70 98 94 65 7 0 50 23 37 77 62 89 58 68 12 44 88 44 73 85 54 2 6 34 77 26 16 57 47 77 49 94 48 22 45 15 51 70 92 8 74 56 87 71 58 84 98 70 35 17 97 8 90 15 25 16 49 
83 50 29 30 66 75 9 16 42 4 56 77 17 55 65 20 17 86 16 67 75 81 2 29 3 46 63 44 15 4 78 78 85 98 64 4 65 68 51 13 47 89 52 23 31 91 32 61 87 48 36 43 95 39 32 42 53 44 21 24 45 66 21 67 31 34 94 74 67 33 95 1 44 1 21 65 85 68 38 25 69 36 50 57 15 61 96 52 76 55 82 89 35 39 78 77 32 94 65 64 62 25 30 16 18 28 90 20 93 1 40 50 81 9 12 12 8 13 49 91 34 20 58 32 84 86 14 11 60 11 99 65 91 2 90 35 4 41 78 1 27 64 24 97 82 96 40 89 96 89 97 88 71 92 58 32 44 54 24 71 69 57 21 42 99 34 36 91 87 0 33 7 18 69 29 16 34 99 50 7 53 29 40 9 87 21 32 3 0 97 90 89 58 46 63 77 33 52 15 54 52 49 44 39 68 37 23 82 62 32 98 29 93 98 17 14 74 7 7 42 97 95 99 39 37 80 31 86 4 26 47 38 41 33 31 16 58 5 95 32 34 61 23 62 84 1 99 10 19 74 60 76 49 23 14 25 38 24 20 95 25 49 88 15 84 36 37 37 74 85 57 34 38 74 29 79 85 99 55 95 53 62 38 90 77 88 23 5 98 47 67 62 73 74 65 28 95 9 8 68 
65 73 12 85 62 68 13 39 89 62 51 46 91 64 94 40 32 40 34 48 96 50 25 22 52 17 66 59 49 45 7 94 91 86 3 39 72 16 91 16 73 26 72 56 4 2 91 56 39 36 85 14 58 32 71 96 78 29 42 31 81 76 0 28 34 99 32 77 54 97 43 97 81 94 43 94 15 49 10 61 42 0 87 41 33 88 46 8 33 61 8 36 15 50 71 44 85 2 80 69 18 86 52 87 83 8 61 68 79 46 69 96 98 41 14 73 39 16 43 35 69 10 74 28 10 72 95 30 42 7 23 7 70 48 4 84 4 69 78 30 71 1 64 1 35 22 49 86 91 65 48 80 97 15 14 92 92 43 47 69 72 74 1 92 39 82 54 88 72 49 83 66 37 51 40 3 68 19 18 73 27 85 78 25 32 87 57 1 74 71 64 18 79 47 80 0 96 41 68 20 88 41 40 19 89 47 79 33 57 35 27 19 53 70 20 99 50 70 26 78 14 16 79 14 85 7 39 55 93 28 80 11 98 40 79 38 70 50 85 99 89 95 91 11 82 48 89 52 87 95 34 90 34 44 59 75 44 86 0 46 34 84 39 80 58 69 94 30 95 93 8 56 33 74 44 62 74 9 53 69 31 11 63 29 72 39 82 18 88 85 97 37 94 98 22 67 13 95 38 18 
21 38 10 71 49 17 72 91 25 21 60 62 57 32 20 50 66 55 73 81 62 53 73 2 89 21 11 36 22 61 10 40 1 42 15 43 11 15 33 64 73 16 56 8 1 92 83 78 93 60 68 41 12 45 69 83 94 79 10 53 8 34 78 44 4 1 98 79 47 26 88 72 69 43 62 43 26 39 5 16 74 37 38 73 28 31 14 65 96 62 86 79 51 80 72 5 81 42 51 8 33 64 86 64 91 61 19 40 62 42 35 25 66 46 83 45 47 47 69 56 34 70 2 58 27 27 31 22 94 99 79 73 33 68 89 5 85 89 12 39 80 36 85 36 73 11 16 59 43 85 44 7 36 72 49 78 23 39 8 52 39 15 38 49 37 34 90 58 58 99 67 25 2 2 91 39 64 33 75 61 96 24 59 79 13 86 88 77 48 99 63 28 97 33 23 64 71 37 25 24 74 6 62 16 86 10 14 19 38 66 26 74 64 66 49 85 39 45 93 33 52 33 12 11 54 78 46 12 57 32 8 55 35 27 75 40 50 81 2 21 41 98 89 38 55 38 95 17 28 89 70 25 91 5 90 33 45 52 55 15 11 10 69 3 57 33 7 18 45 95 25 54 37 62 96 21 21 11 70 55 85 7 48 1 80 31 35 2 78 23 67 42 21 82 89 60 85 56 74 83 
25 19 95 59 96 45 12 57 41 66 11 65 96 8 25 49 85 94 11 67 44 0 89 95 46 38 78 36 52 49 87 18 61 46 24 85 48 31 60 59 18 73 17 14 18 9 40 96 82 89 39 17 19 58 60 82 21 5 17 95 96 1 64 57 21 14 3 32 11 46 68 75 12 10 62 66 9 23 24 48 79 23 30 5 19 56 31 63 54 86 91 34 96 71 63 40 52 92 45 95 80 51 26 72 76 36 63 5 36 82 63 26 62 55 54 45 33 11 0 3 55 40 25 59 8 49 94 95 80 34 4 7 72 80 27 42 35 13 20 70 68 74 36 64 13 10 89 97 26 47 77 48 98 93 94 3 13 96 25 51 11 93 64 43 32 26 96 63 93 2 13 97 0 38 53 59 26 32 55 85 75 36 50 95 79 97 26 87 66 38 88 79 5 57 52 90 19 55 87 6 7 88 35 7 89 0 80 18 25 56 17 73 15 50 61 97 58 46 41 25 72 77 73 4 27 62 10 19 58 63 87 17 26 30 36 56 92 96 39 6 23 7 79 21 56 42 73 37 13 24 48 52 6 27 30 65 69 89 72 54 24 61 24 46 51 82 72 73 72 11 53 41 28 54 4 25 80 4 52 0 55 39 77 88 80 67 91 0 62 25 42 59 85 1 80 99 30 27 93 57 
63 58 19 58 63 0 49 33 38 21 2 45 68 15 84 76 21 44 12 81 83 36 23 65 25 84 54 12 10 57 36 68 53 49 91 5 40 9 50 38 75 31 12 92 15 57 59 97 76 76 31 48 66 28 72 80 93 55 59 64 42 87 52 41 57 71 15 78 64 4 44 42 11 5 99 66 62 22 71 83 98 3 53 82 1 74 31 89 98 77 3 19 59 76 47 24 8 54 61 67 96 30 76 99 88 16 45 50 33 94 26 39 75 35 42 0 84 23 29 75 38 8 95 48 9 43 70 41 34 27 14 60 44 20 84 68 28 9 97 61 1 19 34 69 27 75 28 18 91 91 3 75 25 93 65 40 17 82 90 2 35 67 14 49 21 99 29 96 55 34 32 54 89 77 74 11 75 54 78 25 70 1 22 93 82 32 33 67 33 38 61 70 93 39 66 12 31 55 76 24 65 10 43 28 76 23 8 29 81 95 31 76 39 18 84 48 40 79 1 66 45 2 54 76 96 40 40 48 36 95 33 3 8 61 41 77 76 77 68 20 47 22 56 49 73 51 60 30 25 46 88 82 82 75 53 39 5 83 11 28 28 22 71 3 76 55 31 57 18 84 71 60 81 12 37 47 24 17 22 63 34 34 39 45 13 65 47 90 26 34 35 52 59 52 1 58 30 80 46 10 
71 5 30 84 98 54 44 12 89 71 22 93 23 80 69 48 16 9 45 27 55 0 98 17 28 74 28 81 85 83 30 11 18 85 42 13 48 99 24 3 69 86 50 45 63 32 37 15 2 14 74 10 59 62 98 81 47 79 29 69 81 46 41 83 48 77 46 30 9 17 69 59 27 97 11 88 75 87 77 95 28 52 77 97 89 57 8 81 43 61 93 5 2 10 5 45 60 39 33 34 66 38 23 76 8 6 91 61 74 39 42 43 20 78 78 58 2 27 82 93 75 77 40 66 73 66 95 26 79 30 93 64 66 23 23 65 52 47 25 91 67 29 86 93 7 2 18 55 3 98 67 27 3 20 65 37 36 94 95 83 13 96 17 18 37 24 30 87 16 21 3 11 39 76 9 24 2 61 0 2 10 0 75 20 47 67 71 68 55 36 63 95 55 26 77 32 49 4 77 71 48 31 78 81 74 96 37 26 99 81 96 83 72 26 92 41 97 30 63 43 99 15 34 66 69 88 72 21 26 18 81 20 19 82 11 47 37 52 24 82 32 7 95 68 0 77 25 90 44 73 7 71 43 47 34 40 32 0 24 33 7 64 11 84 7 87 69 22 28 37 49 61 37 81 24 47 66 84 89 46 78 21 64 16 49 25 81 9 3 96 79 26 85 90 83 56 72 60 5 66 
0 46 91 7 1 31 64 68 87 22 35 95 67 73 77 24 53 7 23 70 75 8 23 56 29 19 20 88 15 72 65 54 7 12 57 60 31 42 97 1 72 25 66 57 23 93 48 48 68 41 16 78 97 86 14 8 95 63 55 69 96 76 84 40 24 64 2 45 7 81 25 93 79 61 13 21 56 25 21 0 12 1 50 82 55 26 48 63 70 40 45 52 26 47 45 43 60 43 99 83 57 82 72 27 17 59 51 3 37 48 49 15 85 67 92 12 52 60 14 72 54 27 73 30 68 46 89 2 12 76 46 56 5 76 27 69 31 27 86 95 6 82 52 77 34 93 59 7 65 31 48 46 99 65 29 7 16 58 63 58 11 60 20 91 12 45 60 60 10 49 87 67 82 50 30 98 65 41 47 57 15 4 46 36 2 70 11 0 56 45 11 60 91 86 81 89 57 24 99 22 48 12 73 50 91 56 22 52 5 26 34 13 22 86 38 83 67 62 13 47 98 97 36 29 78 68 19 58 42 90 34 30 52 86 41 6 76 96 8 42 46 11 6 37 96 34 30 49 30 37 84 2 28 93 53 57 90 91 78 78 19 25 89 45 40 73 44 92 2 39 48 70 92 11 52 14 15 26 6 63 75 56 91 99 19 56 27 36 46 69 90 23 52 84 32 33 56 21 93 17 
38 16 80 60 10 40 85 3 78 98 25 52 93 98 66 24 48 77 20 23 87 63 60 27 99 73 40 19 18 87 55 62 1 63 77 79 55 71 77 53 65 56 90 1 13 19 55 18 3 82 83 8 62 0 72 21 22 99 39 98 16 2 10 1 44 48 26 77 64 45 80 36 3 94 79 15 85 60 40 24 56 23 1 78 54 9 82 45 74 89 38 19 24 32 50 86 67 58 74 88 98 41 45 30 66 76 24 88 80 62 82 23 12 43 58 58 14 19 63 15 72 53 27 44 24 31 86 24 70 27 52 23 51 54 41 36 19 13 18 55 54 24 42 76 85 82 71 72 76 56 66 49 56 49 52 15 2 98 10 68 47 25 35 74 87 83 85 70 50 0 81 27 24 86 94 43 1 66 89 80 10 30 68 7 77 43 51 18 15 70 24 22 86 83 98 17 56 90 51 94 78 12 56 92 76 48 10 0 23 73 30 56 16 66 95 76 37 31 46 49 88 68 67 74 87 7 97 69 20 19 3 21 35 41 2 95 34 86 45 92 20 54 82 25 18 99 41 67 82 89 78 64 39 4 3 45 87 32 16 77 82 73 60 99 46 57 55 56 68 23 82 11 60 46 97 14 46 26 55 59 22 45 42 5 71 85 99 75 2 73 78 15 74 93 12 66 73 92 1 14 
41 21 85 3 78 91 40 91 17 33 87 35 97 51 22 95 29 24 63 46 70 95 45 6 81 99 27 89 17 77 37 58 88 28 62 51 40 67 66 75 76 73 85 2 81 81 45 64 34 89 59 80 53 60 99 72 3 66 86 20 30 19 79 51 60 27 45 26 98 12 17 27 53 30 44 56 69 32 95 91 85 79 5 45 76 67 44 23 9 96 28 74 61 19 55 52 7 16 18 64 85 96 21 89 88 81 98 48 4 10 47 32 78 30 59 45 31 55 27 4 41 99 15 4 99 10 34 20 88 5 92 20 2 80 50 35 97 19 76 72 5 28 14 41 88 11 37 49 64 51 49 36 13 95 47 24 93 21 3 48 55 54 43 15 11 61 84 29 12 26 36 38 52 20 76 40 33 40 24 90 8 59 6 50 65 67 17 15 43 69 28 52 31 25 79 93 45 17 91 95 60 66 63 24 58 66 9 20 99 75 62 78 70 12 85 52 48 90 37 47 79 90 46 23 98 96 84 74 70 54 11 85 79 46 25 50 83 20 39 77 92 15 84 91 52 97 65 53 65 64 13 38 72 81 16 23 66 43 35 88 47 11 2 58 84 6 53 73 85 91 3 43 19 97 14 6 10 93 96 85 94 30 73 76 62 22 83 14 16 41 85 73 89 28 30 21 62 82 56 51 
3 40 32 20 70 50 85 6 63 98 85 58 13 11 0 85 49 52 68 13 94 93 52 81 19 72 26 54 70 69 99 24 96 62 33 39 32 59 36 10 56 36 39 97 21 16 70 90 4 39 0 19 85 30 21 53 29 53 23 89 60 55 9 64 89 84 48 93 98 65 65 23 61 37 43 91 80 14 59 64 76 53 22 96 22 55 62 66 19 28 87 38 91 56 55 70 66 81 78 60 96 7 72 69 91 43 76 31 15 49 49 41 90 98 21 14 37 11 50 64 74 58 44 34 68 68 4 40 45 25 59 16 63 10 89 77 59 18 41 22 70 74 19 71 22 80 39 1 4 46 65 78 25 85 37 87 56 42 53 20 70 28 77 93 92 20 73 90 62 77 95 94 88 24 22 34 86 69 17 15 63 57 53 14 11 70 4 18 28 81 91 12 83 21 79 67 86 58 81 29 73 87 9 15 92 86 69 97 36 77 55 14 55 6 61 43 97 11 58 85 63 53 67 21 81 79 43 35 44 43 84 41 88 30 45 38 88 63 20 82 68 87 98 32 1 17 1 43 23 90 8 35 73 2 24 31 69 19 0 93 22 35 34 38 12 26 89 0 73 34 76 64 65 5 16 53 5 69 27 94 15 86 49 3 70 14 14 15 27 84 46 21 31 69 80 37 37 2 61 54 
9 43 31 92 75 11 37 16 81 64 36 30 15 94 72 15 41 35 67 51 37 78 71 69 8 78 15 3 95 6 19 54 13 42 33 78 9 37 78 10 27 66 44 26 72 44 88 87 88 23 54 93 89 99 62 14 17 69 96 31 85 70 57 8 29 8 92 4 51 28 88 47 2 75 43 58 90 18 39 72 18 97 96 68 90 58 68 76 72 30 76 56 94 92 41 40 41 26 3 17 40 50 78 51 37 17 30 3 94 61 55 8 60 34 52 99 58 14 26 22 70 57 66 28 42 31 23 13 36 61 64 95 82 69 88 60 60 43 93 23 16 75 33 13 12 91 37 73 13 72 64 53 91 34 5 34 20 54 17 47 82 18 74 57 3 46 45 94 85 60 56 58 12 39 12 15 69 95 5 33 26 24 85 71 51 4 94 8 5 97 57 41 21 48 67 20 28 17 61 98 78 15 21 57 75 58 20 85 65 14 64 29 87 18 21 56 53 23 72 0 79 98 22 13 84 2 8 49 29 63 52 0 63 23 90 2 14 96 98 47 48 72 42 34 23 61 69 79 23 82 14 79 54 12 61 21 68 7 96 4 24 83 40 37 9 39 26 6 88 56 39 55 65 18 60 49 21 94 46 61 69 20 95 78 92 39 79 2 6 96 16 40 31 88 99 97 30 98 20 87 
87 0 95 99 8 10 35 86 25 8 87 64 47 48 40 62 66 55 84 34 38 87 0 46 74 61 3 42 33 31 19 78 94 47 40 83 30 24 42 24 43 63 5 31 92 53 36 70 89 23 86 45 48 37 27 78 67 29 6 46 25 22 20 29 2 31 81 3 1 8 51 88 78 94 91 98 15 23 31 9 5 57 95 40 64 48 82 90 11 45 79 23 23 11 72 4 56 94 12 27 57 93 56 46 37 86 5 2 31 44 6 94 26 29 52 31 91 46 91 62 85 57 84 13 6 58 27 9 38 29 25 64 14 66 53 68 20 67 89 70 62 97 23 29 39 3 17 56 70 70 87 99 98 74 38 30 54 88 46 42 64 33 33 22 13 25 25 91 79 23 4 94 10 11 29 63 7 10 15 25 81 56 2 3 59 13 86 22 94 93 53 72 4 47 91 50 85 80 27 26 62 87 45 70 55 70 5 77 24 11 42 69 42 21 0 29 60 42 92 97 20 71 44 16 3 32 84 19 27 81 16 16 45 97 19 92 97 7 92 3 55 33 62 58 83 27 31 5 86 23 21 38 68 73 2 65 84 84 53 51 67 12 2 62 36 3 82 39 29 53 45 72 40 45 4 81 43 12 19 30 47 64 93 29 0 77 89 79 87 91 10 38 3 48 71 94 7 37 93 32 
95 36 64 31 81 22 34 95 57 79 31 29 3 51 57 20 82 50 66 75 13 65 98 57 0 40 71 91 57 28 82 30 48 26 84 50 23 87 99 96 5 38 52 13 0 67 10 13 42 20 8 72 28 25 56 54 49 46 93 11 80 33 22 30 78 99 72 58 64 42 74 95 54 12 54 54 13 95 31 42 88 61 86 8 44 76 93 18 37 39 27 48 31 87 5 99 92 0 90 26 37 93 46 14 83 84 60 31 38 89 87 45 35 3 92 99 23 21 0 15 31 65 54 47 28 41 31 42 80 89 9 4 40 40 47 30 66 22 17 27 3 77 2 72 47 21 13 87 62 77 59 51 74 48 56 51 38 36 92 83 91 41 12 93 5 73 34 65 34 4 72 37 61 19 24 16 85 6 95 53 7 20 20 40 32 1 86 76 24 66 36 98 31 91 95 61 66 12 37 47 49 62 64 85 86 14 78 85 18 27 46 94 44 91 75 3 52 17 18 58 24 48 41 54 6 86 81 58 71 66 59 64 7 2 3 65 81 68 16 21 36 89 74 43 55 25 70 26 21 90 78 43 18 41 9 0 30 47 3 36 86 25 11 9 26 96 45 34 81 56 66 68 27 62 51 49 24 4 51 93 22 67 87 88 0 16 59 94 41 68 83 16 89 73 3 19 50 68 64 72 
10 0 96 59 11 34 21 6 52 99 29 22 61 21 24 13 47 88 53 38 27 48 16 37 18 17 93 50 56 49 62 4 74 30 78 54 77 73 57 94 54 65 74 31 77 65 93 68 25 55 77 85 14 33 62 79 70 49 10 62 49 51 81 50 44 4 78 28 28 23 44 11 85 95 21 87 86 90 66 75 81 95 82 65 39 45 90 61 74 95 78 57 1 52 12 92 77 13 70 26 45 8 56 80 45 58 93 29 29 98 55 2 58 62 29 50 6 33 9 68 94 18 30 30 51 25 0 88 5 33 3 58 51 87 89 59 86 1 57 43 30 52 98 95 61 54 25 13 24 5 79 96 86 39 45 77 63 74 5 2 98 39 32 15 87 60 62 27 85 76 21 74 76 45 98 80 74 32 7 72 99 52 66 13 84 42 79 66 8 23 50 88 11 48 97 17 80 45 31 47 2 71 59 85 42 72 23 77 89 34 52 45 4 82 81 81 29 73 27 92 32 41 67 71 39 34 11 0 14 61 97 36 28 11 41 8 21 46 52 57 22 19 68 24 37 76 84 29 42 67 64 3 51 98 89 18 84 65 46 66 61 21 34 86 56 42 16 33 92 6 35 94 30 26 14 85 54 81 22 89 69 22 12 36 33 25 0 65 2 32 44 83 63 13 26 68 36 83 45 95 
70 28 93 93 71 72 29 44 17 70 71 49 53 93 31 73 61 70 22 53 12 60 49 55 25 99 25 67 94 30 57 25 89 84 7 33 34 19 2 47 80 1 50 99 85 95 61 13 0 63 21 60 65 34 24 97 7 55 77 7 41 53 48 62 15 65 5 75 95 10 64 14 40 97 35 83 31 38 79 16 29 53 21 64 57 70 94 60 78 89 86 22 66 50 26 45 46 82 95 97 59 26 2 59 66 20 10 47 64 95 85 23 98 25 61 90 40 81 11 59 50 92 73 49 10 78 53 5 4 31 35 94 45 40 12 23 37 68 86 34 39 55 20 55 28 31 11 80 91 96 37 64 84 72 5 59 64 3 97 2 77 55 75 51 76 31 45 33 59 88 18 73 27 7 50 36 48 14 58 15 72 15 68 13 62 6 9 62 28 63 75 3 54 41 95 78 93 28 89 97 57 44 44 26 78 7 15 29 62 21 30 70 10 37 52 88 37 77 19 13 15 38 6 51 32 47 67 53 0 64 57 58 91 12 90 19 26 15 7 39 37 19 78 69 11 56 77 38 94 91 29 62 34 1 88 55 91 79 28 32 18 79 2 4 12 0 3 53 38 20 62 71 44 99 8 11 48 17 15 30 37 27 62 54 20 52 7 58 13 63 51 23 14 83 32 7 39 1 76 37 
35 91 44 40 59 19 15 43 89 27 44 14 75 43 55 68 63 42 15 1 54 19 49 41 26 20 47 9 33 30 77 40 63 4 10 38 48 15 93 29 41 51 36 67 35 54 11 6 97 17 16 10 66 26 37 66 73 5 16 7 63 80 37 38 43 79 60 48 51 41 10 93 58 41 16 45 62 2 38 47 42 39 91 43 11 69 93 73 62 24 36 47 59 29 31 37 32 16 27 41 44 71 62 39 81 37 41 13 36 16 7 57 60 11 29 34 35 11 30 35 97 19 11 83 48 94 11 99 8 53 55 31 49 56 70 72 8 92 62 51 83 41 12 22 90 6 8 78 37 79 48 5 61 70 19 93 13 69 98 41 9 49 16 93 91 42 8 0 54 5 49 27 33 5 8 64 29 78 42 24 57 96 4 60 71 11 65 19 60 95 93 89 15 49 45 79 61 84 76 63 27 24 6 51 7 95 1 21 32 79 81 86 47 23 75 84 70 11 75 6 20 99 85 82 76 7 28 25 27 9 1 31 3 94 96 37 45 28 73 92 18 11 82 32 95 97 41 62 24 17 19 53 68 27 75 93 56 86 34 5 85 31 65 75 6 70 6 8 98 72 13 16 8 86 23 37 87 66 4 51 69 6 55 5 32 61 6 22 45 57 5 91 55 31 55 64 76 20 25 10 
95 71 79 36 73 93 72 21 58 46 72 35 69 5 67 3 89 70 18 8 75 85 45 77 64 15 44 54 92 93 14 64 3 69 34 76 94 53 73 53 14 40 29 60 74 52 51 78 40 51 37 57 83 45 64 47 45 60 6 15 54 31 25 54 54 23 52 73 31 44 80 39 71 81 99 80 38 35 0 88 0 5 53 32 52 5 97 31 55 33 38 71 29 58 33 71 3 53 33 26 27 94 17 54 68 92 30 21 35 75 24 62 98 54 30 81 49 65 74 71 80 91 62 17 6 85 64 61 74 58 22 90 72 88 81 87 70 4 51 57 24 11 23 23 33 91 42 54 39 69 70 39 30 10 98 31 98 11 78 10 94 25 90 40 1 95 89 31 54 65 68 0 59 55 59 6 87 79 42 49 23 27 14 39 99 44 31 82 93 23 72 57 74 34 70 75 8 32 62 49 86 77 44 22 51 54 4 92 94 44 37 58 7 67 11 16 32 38 39 1 44 44 28 43 3 24 30 12 17 46 59 83 11 58 69 74 81 3 57 96 49 33 53 18 3 29 90 58 87 94 55 60 49 95 9 70 74 6 96 68 82 7 37 74 46 57 14 16 78 52 30 58 43 40 28 97 23 17 51 18 17 96 38 58 44 39 24 58 60 34 74 38 2 24 27 66 13 27 60 42 
20 30 50 6 71 12 31 94 69 66 70 43 32 51 58 92 89 67 49 27 32 53 44 50 16 63 24 78 6 81 70 72 42 81 58 75 99 48 65 36 8 49 65 84 10 88 19 94 42 35 58 41 41 31 5 19 65 12 25 79 30 63 66 20 10 93 80 94 92 55 55 35 63 27 41 54 0 30 38 61 90 39 38 73 46 47 4 85 48 1 66 35 17 49 48 80 83 40 39 44 2 43 44 36 5 90 15 10 35 4 75 7 34 79 59 97 61 10 4 35 23 92 95 95 65 63 21 40 48 72 26 20 73 82 1 18 29 54 71 60 62 13 35 77 70 88 18 65 41 94 48 15 70 62 9 40 88 74 70 33 58 10 22 6 98 56 43 7 39 10 33 79 46 79 76 15 23 24 44 56 59 82 36 62 14 19 52 84 38 96 38 94 82 65 77 95 74 80 88 68 32 4 91 87 51 43 38 45 18 44 34 22 47 60 95 97 18 2 10 64 53 85 29 93 38 69 78 50 92 20 21 89 49 99 28 92 34 99 30 93 34 51 55 4 18 56 81 82 97 30 56 12 2 13 6 58 62 41 14 70 85 37 89 59 50 85 40 60 93 39 9 94 99 4 75 41 5 0 86 32 77 1 13 59 90 67 54 62 96 8 80 11 11 44 98 63 43 22 94 26 
71 24 50 99 68 42 69 19 59 83 61 81 89 41 86 72 35 91 36 78 19 68 49 85 9 94 4 14 6 22 64 67 82 23 72 78 92 8 30 99 30 13 30 55 79 23 71 96 94 97 21 89 84 50 12 14 19 10 47 16 71 0 49 98 38 42 97 80 49 33 1 12 95 56 22 87 92 28 85 1 43 11 95 69 97 1 43 46 96 75 47 31 37 86 27 7 5 88 79 25 4 79 74 22 76 54 93 77 5 83 54 0 86 72 68 64 40 61 22 39 39 86 34 55 79 16 92 28 23 99 50 70 97 57 37 17 83 33 96 45 87 34 77 87 10 11 13 42 77 81 40 66 0 55 37 66 82 41 99 74 56 86 64 57 84 88 3 82 36 12 67 28 17 97 16 38 86 36 59 74 97 16 69 11 22 25 6 11 48 51 92 59 59 22 47 13 50 1 40 85 53 44 81 88 90 13 19 98 6 26 13 0 56 45 31 73 69 33 98 61 49 82 87 49 92 39 26 55 14 64 71 52 44 41 72 78 77 7 22 92 41 45 0 65 94 56 68 28 94 87 81 2 90 89 25 39 95 38 73 53 15 89 57 65 56 19 13 27 33 33 15 93 97 73 51 85 65 10 6 63 19 78 29 40 85 9 67 76 30 34 14 69 3 22 8 2 37 73 15 31 
76 1 25 66 90 38 57 52 80 95 5 29 32 22 21 81 52 71 16 92 94 59 71 9 82 27 19 25 66 13 82 96 99 36 92 75 61 45 9 9 56 74 73 22 1 20 22 99 67 40 62 62 57 13 61 31 88 20 69 19 86 29 27 18 12 6 57 34 81 29 96 3 34 42 31 49 56 65 36 35 22 43 55 84 2 62 1 67 89 33 74 41 87 52 92 82 64 88 91 77 87 45 52 62 8 88 74 23 35 79 54 2 78 69 66 28 77 88 87 84 27 76 43 92 50 58 11 74 80 57 55 57 55 47 49 94 28 8 50 48 18 55 96 79 77 7 21 49 51 32 13 40 28 50 21 37 62 94 17 48 61 22 57 82 60 37 41 67 49 9 46 75 66 96 63 97 72 43 27 20 35 86 48 97 27 50 10 67 21 97 7 7 83 26 24 89 16 65 20 61 10 70 62 4 72 62 46 34 74 77 9 91 47 40 12 12 97 42 16 9 27 35 68 27 44 39 98 65 60 2 4 83 35 8 18 69 16 87 70 42 70 80 7 72 68 46 76 11 57 96 59 46 64 34 61 18 35 32 86 31 35 22 48 40 12 6 52 21 16 95 61 62 8 5 50 13 28 77 79 2 11 3 30 57 69 46 34 49 19 31 89 52 47 9 39 18 16 1 13 1 
44 95 69 82 19 51 37 98 62 58 47 33 36 43 58 86 92 44 63 19 11 53 25 91 43 83 83 54 7 78 72 47 70 45 94 15 39 49 31 38 27 22 84 3 58 2 89 70 23 55 12 94 17 22 10 0 18 50 79 69 13 42 96 21 19 24 3 26 97 74 83 84 26 1 24 26 71 69 32 67 77 99 70 33 92 85 91 39 70 97 5 4 60 69 86 96 79 90 27 19 18 61 28 18 85 73 95 1 35 40 6 18 28 98 56 95 54 9 41 64 2 66 7 87 97 55 40 55 12 12 2 53 10 59 68 91 79 97 28 25 59 94 14 45 35 70 28 41 43 35 63 43 95 85 10 37 55 37 11 40 14 67 90 93 63 61 12 72 5 40 51 38 16 7 63 34 94 87 36 3 83 39 90 47 21 70 85 91 17 38 94 59 49 39 82 81 20 15 4 36 22 20 29 33 87 10 66 39 13 90 42 96 36 0 71 50 36 44 19 28 52 95 49 41 67 75 44 66 7 84 66 53 9 57 23 35 43 61 77 73 20 25 49 20 7 14 31 16 7 33 93 32 6 59 49 69 9 38 61 54 56 41 31 22 92 10 15 83 59 12 21 49 63 96 30 0 47 25 19 52 77 59 21 21 15 95 58 16 91 73 71 71 89 23 50 36 48 56 94 74 
59 63 64 62 97 51 32 53 73 50 19 93 67 79 87 29 0 27 48 70 77 55 14 26 78 84 38 85 36 8 28 60 77 38 47 19 34 29 76 23 81 1 77 18 88 84 17 95 8 94 71 15 93 24 80 34 54 20 64 75 41 47 95 54 36 80 41 50 94 76 29 62 36 11 60 26 85 19 7 0 47 10 78 32 36 97 66 88 11 30 14 13 0 26 19 29 90 4 14 25 5 90 89 11 2 61 22 51 97 30 57 18 69 43 97 76 7 24 68 2 2 73 66 49 56 84 1 55 49 93 86 16 48 43 2 55 18 62 32 19 10 96 43 22 23 8 99 90 53 55 9 39 40 7 37 49 27 57 14 47 5 25 32 61 3 5 24 10 41 37 37 36 24 23 89 38 54 67 46 47 98 72 62 33 13 71 82 39 2 49 91 1 88 91 30 47 42 25 96 66 6 82 13 76 40 87 22 1 4 30 90 94 41 79 9 55 44 68 0 35 81 57 49 28 42 22 30 37 60 78 96 10 74 32 79 46 75 1 80 49 27 68 33 80 68 34 5 55 65 59 46 63 90 88 98 33 54 83 43 33 6 63 15 72 60 3 16 28 21 70 78 85 49 82 55 67 30 82 41 26 51 66 59 16 96 7 26 92 42 78 97 84 91 69 65 58 19 27 9 50 
29 68 62 90 81 43 64 92 99 58 62 64 33 44 96 66 6 58 21 99 71 58 33 56 59 51 34 53 85 68 17 41 31 76 80 83 92 83 15 66 76 54 88 21 24 71 39 89 16 38 75 77 65 53 20 79 97 33 59 50 42 81 27 50 98 73 40 65 13 8 98 49 2 56 98 29 27 99 54 57 5 53 22 98 27 54 63 9 46 88 48 73 82 54 37 96 49 30 5 72 22 63 58 23 86 19 91 41 85 95 3 98 64 95 35 64 21 35 41 33 87 39 14 1 95 99 97 3 31 61 17 92 26 0 96 75 4 79 48 63 14 59 95 67 24 54 32 2 38 71 18 40 16 24 69 55 12 38 69 84 69 16 41 69 13 26 91 92 35 84 38 49 43 64 36 90 33 43 73 96 41 50 18 94 80 40 16 34 99 85 78 73 34 29 91 27 85 71 20 46 67 28 39 13 29 4 69 57 66 38 10 59 38 9 13 49 3 17 19 13 42 37 99 39 38 87 53 47 66 47 30 56 91 96 93 56 44 30 74 61 41 38 70 87 77 50 37 36 22 18 41 81 27 12 53 0 28 11 85 2 92 85 54 56 22 26 5 81 47 2 84 79 87 39 93 12 86 80 43 59 50 14 74 52 50 42 1 18 48 85 99 26 2 49 82 90 7 23 50 57 
14 8 15 76 19 4 79 83 67 92 5 28 35 3 30 21 88 38 16 70 67 86 82 66 47 17 47 78 81 73 58 4 16 41 90 54 62 55 53 74 77 40 17 67 39 20 35 4 27 41 20 31 29 91 77 34 0 91 65 16 37 68 93 54 24 48 76 78 60 48 34 6 37 54 27 85 51 64 51 89 17 63 59 6 70 80 21 15 14 26 59 54 30 61 40 51 96 52 0 72 17 75 37 47 43 93 82 10 66 94 73 53 48 9 76 76 14 7 10 80 4 16 11 54 20 94 71 34 27 11 87 68 70 3 84 98 48 20 40 11 45 50 28 15 90 37 25 39 18 25 17 94 51 27 43 49 83 57 24 30 98 47 40 41 6 50 95 52 50 42 33 63 56 96 79 19 22 56 97 61 21 79 58 63 16 24 81 66 3 92 61 62 31 59 78 34 96 55 35 4 75 32 62 30 63 34 65 44 38 84 57 16 64 65 35 43 42 49 12 81 64 52 96 34 57 61 53 2 73 88 55 88 67 79 29 5 6 96 2 80 27 14 81 22 92 69 2 36 93 42 88 91 42 61 11 41 71 87 31 48 68 82 87 72 23 15 46 96 37 19 18 70 17 26 90 82 44 37 47 97 65 61 60 47 7 2 36 14 87 10 89 89 98 72 26 3 71 91 85 64 
29 66 54 3 84 97 31 61 1 54 13 5 72 7 4 31 92 64 72 75 45 87 92 75 6 10 14 13 59 22 71 94 53 73 91 63 91 55 31 20 65 18 56 58 81 87 85 92 14 82 40 15 9 15 95 14 22 21 60 19 3 97 38 9 71 22 74 65 55 44 90 77 16 15 21 77 7 10 83 2 98 55 78 35 38 42 38 65 41 69 41 4 92 18 31 0 41 78 97 29 23 38 5 5 28 13 53 88 72 27 50 0 7 21 20 8 72 3 22 99 12 48 70 93 37 8 8 4 18 82 75 82 82 21 21 21 53 48 17 87 54 37 34 97 11 4 19 60 3 78 44 53 11 89 8 34 13 45 73 87 91 93 48 8 30 7 98 0 68 61 51 30 97 24 51 8 11 69 36 36 82 42 62 26 54 56 18 31 12 65 85 53 80 96 59 34 3 82 60 61 85 72 44 28 83 89 87 0 16 17 87 23 15 8 82 13 18 69 19 91 16 59 49 87 56 55 43 34 44 89 99 73 57 52 51 85 59 59 30 51 17 83 91 56 91 4 28 33 67 85 14 10 27 45 72 46 95 20 75 22 34 9 41 16 26 34 72 53 89 51 97 88 12 98 18 0 84 16 41 0 34 16 88 41 76 20 24 31 83 82 97 82 71 2 61 57 88 13 1 67 
57 98 69 26 39 17 72 26 34 73 93 73 26 91 50 22 67 39 88 43 71 74 61 39 94 67 6 61 54 39 6 79 30 61 12 52 93 99 33 30 11 86 95 39 30 37 30 34 83 85 90 86 89 53 7 18 94 83 75 70 78 81 11 81 51 13 56 28 37 23 31 40 39 86 78 8 13 68 5 96 4 36 36 25 68 43 58 86 31 7 99 57 98 84 62 14 36 58 73 16 60 32 71 43 87 5 29 51 37 15 52 22 46 60 71 97 66 70 46 87 65 79 41 72 35 92 45 58 57 71 68 56 78 50 19 35 20 33 7 92 23 96 62 51 25 12 51 32 53 93 17 70 95 63 84 46 88 86 82 53 78 99 23 51 62 73 18 84 43 58 0 3 23 97 31 72 87 21 45 65 6 6 79 36 21 64 77 70 79 98 95 35 45 83 78 10 69 56 54 30 72 63 7 49 31 64 14 58 57 19 36 38 33 75 78 63 81 90 43 55 30 2 26 31 53 47 71 40 21 6 75 91 2 82 95 96 93 72 17 86 2 87 84 36 44 5 40 63 64 66 55 53 4 23 25 69 20 42 49 86 93 23 79 11 63 77 42 4 95 26 8 76 55 96 48 60 41 94 99 54 37 6 66 18 14 14 34 68 21 38 69 97 93 11 25 55 1 40 52 49 
6 3 3 77 10 46 7 71 17 91 58 3 73 83 4 84 58 83 46 35 49 23 20 26 78 38 72 15 61 38 67 91 83 53 17 24 90 0 11 53 23 59 33 90 29 96 67 91 94 78 61 1 30 64 34 11 20 33 4 66 17 47 0 66 21 66 22 87 58 26 68 26 88 87 83 21 81 52 93 37 4 55 36 42 66 88 39 45 82 88 80 55 61 87 30 79 23 11 26 92 34 51 88 68 11 55 23 38 68 45 42 53 91 70 13 23 78 13 47 57 4 65 1 58 87 6 57 52 11 54 91 17 94 67 96 96 74 98 66 95 7 3 66 23 50 82 39 65 92 78 27 19 91 9 5 9 81 99 46 97 7 32 9 44 75 65 53 12 44 38 22 69 28 16 70 87 34 93 22 77 59 71 33 71 91 92 95 75 88 23 89 99 78 74 63 9 17 79 87 42 79 93 12 26 80 59 63 28 32 89 80 65 77 1 49 59 8 76 68 79 6 18 31 48 70 7 1 27 34 8 35 29 34 62 30 80 47 69 51 5 62 35 23 48 75 36 60 43 68 4 35 78 86 73 74 72 34 54 55 18 99 20 97 93 22 80 2 26 47 99 43 74 37 96 52 9 22 14 27 83 4 55 9 49 68 72 47 31 70 92 67 92 57 5 82 55 45 45 78 11 
77 67 80 20 78 54 51 24 60 86 74 24 50 46 79 47 98 3 19 41 5 68 59 77 97 62 3 5 27 91 85 1 80 6 21 22 49 77 21 92 74 19 62 8 25 7 3 49 27 21 88 23 6 61 93 92 17 55 18 71 92 68 1 37 38 16 68 3 34 94 54 84 93 70 83 68 85 7 63 57 5 6 95 48 83 77 80 32 80 44 92 97 5 10 37 76 84 4 75 33 47 83 0 94 6 23 3 8 56 28 72 93 13 33 8 54 34 51 96 85 28 99 86 28 56 66 51 71 43 58 9 71 54 75 8 28 9 74 62 39 94 58 61 85 52 43 67 26 99 33 8 41 9 26 96 58 25 26 62 63 46 20 8 30 29 75 45 69 48 81 47 4 34 82 16 81 99 75 93 14 8 27 44 90 47 67 99 77 39 19 94 89 64 73 11 71 83 93 43 49 15 87 92 54 88 48 48 31 89 73 29 67 43 40 24 36 33 71 70 68 71 87 81 40 34 38 64 76 52 8 75 56 66 12 27 4 26 5 54 27 91 45 70 74 82 48 0 45 89 69 57 94 29 94 62 94 84 29 63 99 9 54 21 93 79 0 74 92 62 43 11 61 38 73 84 72 79 72 79 88 26 85 27 66 27 18 0 22 37 0 80 17 14 15 0 77 34 21 27 40 
85 96 16 87 31 27 43 49 49 98 63 92 70 24 99 53 9 49 89 55 43 35 72 45 32 34 77 97 87 48 0 79 72 80 9 72 88 67 25 65 57 51 45 41 12 2 66 18 58 78 27 0 58 39 62 19 55 4 67 68 64 66 57 61 81 64 53 20 65 78 66 35 19 22 79 58 49 88 80 52 94 29 64 8 46 41 89 15 34 27 72 55 1 65 5 53 19 9 93 1 47 27 17 74 73 99 57 57 88 28 42 9 41 77 97 39 74 94 90 71 54 89 42 20 38 69 78 72 78 18 34 36 84 71 35 12 79 56 61 19 53 96 62 51 16 59 59 84 41 31 21 73 50 61 50 95 12 24 79 11 68 91 79 14 76 8 3 95 54 67 2 28 80 99 47 50 76 13 75 80 97 97 54 80 60 98 8 96 5 35 64 73 68 75 68 36 3 14 68 80 8 87 40 10 23 34 71 87 8 34 1 79 43 16 99 45 75 22 41 90 94 23 15 8 8 7 53 67 79 42 75 36 66 15 74 96 8 92 12 83 36 60 2 22 45 28 70 88 77 21 89 68 38 35 5 11 13 24 21 6 87 98 3 69 71 67 69 33 66 21 11 45 64 68 99 52 40 51 8 73 24 47 89 65 95 9 2 41 12 7 56 26 21 21 4 50 57 89 19 6 
1 84 16 2 20 48 38 63 15 45 90 10 0 70 81 51 80 13 92 41 79 64 63 24 99 48 54 67 6 59 52 39 30 27 44 15 19 12 70 50 72 90 76 27 11 31 47 52 70 30 84 94 21 12 8 93 75 42 75 9 41 30 46 84 15 35 75 58 69 35 24 93 91 24 68 14 26 89 92 43 4 86 18 8 14 67 65 72 82 38 64 58 55 47 46 22 35 84 53 81 24 73 30 59 2 95 81 40 99 14 69 50 32 13 40 31 45 22 70 82 99 98 52 61 5 21 23 28 1 33 90 54 53 11 71 60 48 42 57 66 14 40 77 19 81 84 17 91 41 94 89 33 45 28 0 98 85 99 71 42 68 91 17 27 70 50 11 66 93 37 94 34 27 16 63 45 10 32 59 4 2 73 43 26 86 88 78 12 58 48 83 7 44 66 60 45 78 88 41 69 88 32 39 1 63 22 8 29 27 42 27 19 55 42 21 35 64 29 67 56 68 30 77 33 30 31 22 20 76 60 67 88 64 64 88 27 10 9 92 78 38 0 74 86 89 11 32 80 21 52 17 60 39 87 91 93 84 42 53 75 97 35 40 92 42 65 93 35 56 87 71 42 58 62 13 44 5 7 73 12 9 80 61 16 30 81 87 95 25 33 2 13 62 81 86 98 30 30 4 69 
39 5 4 24 54 8 20 52 97 47 35 50 11 85 22 47 12 87 2 24 29 17 93 90 45 33 23 29 37 27 97 8 19 58 56 8 80 18 94 41 6 39 91 27 25 50 48 34 50 11 39 82 63 93 31 69 6 95 79 80 88 37 88 79 56 92 5 45 24 78 98 87 2 89 20 94 90 20 6 51 77 79 35 11 91 11 75 89 76 94 33 1 15 45 33 2 4 68 93 53 29 22 92 2 39 81 78 14 5 97 51 9 14 95 67 36 63 11 58 97 68 37 22 85 74 52 95 1 82 63 53 51 79 88 33 16 90 8 27 21 42 18 80 21 57 36 84 0 92 43 74 55 79 54 60 62 7 42 1 70 12 17 34 58 96 49 52 17 94 33 71 90 22 61 31 95 17 21 51 79 41 2 25 35 84 36 77 86 64 86 34 45 69 80 81 91 12 41 87 67 52 23 52 2 20 21 29 14 30 88 35 92 86 25 19 33 1 88 83 68 77 13 62 19 15 82 27 30 70 15 48 50 54 33 98 65 74 98 17 59 32 23 16 36 71 56 83 99 7 26 50 70 52 30 58 44 68 6 18 40 4 10 95 57 95 95 2 40 6 68 75 5 45 90 84 75 24 95 3 83 32 61 22 74 53 38 88 8 15 17 42 23 29 88 71 5 92 23 95 3 
37 18 48 74 42 59 94 51 76 13 46 81 54 17 48 8 22 60 96 8 47 5 15 88 91 73 68 73 29 42 11 45 10 30 66 90 7 65 59 36 83 16 33 0 72 74 61 72 44 35 22 95 36 60 94 28 14 12 15 91 6 60 19 8 5 51 84 57 46 37 78 29 80 26 49 40 7 75 87 86 27 61 94 13 7 40 43 3 87 22 3 50 45 24 72 57 49 66 75 64 74 65 81 23 80 32 61 1 62 17 82 78 5 61 14 24 69 35 11 70 41 3 5 91 76 11 42 3 63 56 65 26 65 17 10 2 84 24 70 99 22 50 32 70 40 24 24 16 32 49 5 47 31 82 44 73 39 77 94 88 31 61 36 30 7 98 14 84 84 41 1 97 69 58 52 0 31 54 89 61 73 94 49 64 47 79 68 65 21 92 44 22 47 92 87 91 72 94 33 34 60 69 95 76 84 59 13 2 11 4 7 11 93 12 17 94 77 17 15 6 89 22 2 85 22 96 9 8 60 80 96 58 75 51 84 16 53 76 27 86 77 22 42 43 14 44 13 56 9 90 74 68 23 14 20 99 73 94 98 57 40 85 14 88 57 80 54 78 10 58 24 7 22 18 70 3 12 67 58 90 56 37 94 90 67 13 61 11 16 68 85 41 53 24 60 52 49 48 14 45 
8 78 3 93 8 21 71 1 53 29 68 4 62 22 46 29 22 28 93 79 57 77 5 12 78 41 45 4 25 61 53 48 11 56 3 48 15 78 75 5 37 35 47 88 74 37 6 8 51 54 16 93 93 81 52 67 64 59 45 28 92 71 87 2 38 61 0 61 42 90 37 20 56 27 44 77 3 65 67 96 44 3 54 23 78 41 83 4 19 63 55 82 92 58 82 28 45 74 88 93 95 86 72 77 44 44 96 89 76 45 3 35 13 62 58 89 5 99 65 70 71 17 73 93 12 12 3 77 53 21 66 91 55 36 53 60 86 99 7 12 4 41 62 33 18 48 62 50 68 62 6 37 11 25 62 52 63 77 83 62 63 71 29 27 36 44 99 82 59 97 54 21 37 31 14 25 49 73 73 51 59 0 38 90 90 74 79 59 99 19 12 7 37 98 39 47 57 43 26 4 2 84 49 94 44 45 43 97 9 38 41 95 21 30 10 10 62 95 12 49 44 29 97 99 85 78 16 18 67 27 41 90 55 63 50 40 15 14 28 99 7 67 27 25 52 3 5 59 70 84 23 18 96 27 76 26 97 72 95 64 74 39 47 3 1 58 2 37 19 4 94 73 35 14 11 8 23 3 93 27 34 87 52 53 15 91 17 4 17 70 49 31 25 73 70 79 9 93 97 30 
20 21 43 30 93 20 70 67 24 35 30 14 51 60 35 76 40 22 96 19 79 93 34 38 31 76 50 33 13 47 53 77 74 37 15 25 98 99 77 93 51 95 58 27 97 32 60 79 8 28 38 83 58 18 49 56 11 54 36 60 51 72 2 10 61 14 64 66 34 28 59 55 99 22 30 14 17 55 72 22 83 16 68 59 59 31 64 99 13 72 85 85 70 26 4 68 79 7 67 34 56 83 5 79 39 15 20 50 26 7 3 2 86 73 32 90 22 70 31 48 27 78 49 5 91 21 31 9 57 8 59 18 22 21 8 4 2 49 45 11 44 12 55 56 62 53 34 63 28 19 72 13 6 30 0 2 84 38 85 40 68 54 88 97 37 98 48 54 0 24 75 68 15 44 20 82 4 52 8 37 26 50 29 27 13 38 15 7 85 14 57 63 13 78 73 37 18 77 71 37 99 64 93 21 48 37 15 20 82 72 71 61 44 5 63 28 85 50 74 35 51 75 57 28 71 32 69 97 14 48 32 15 46 10 91 52 60 45 84 84 76 29 6 79 61 85 86 38 41 88 83 96 47 58 31 0 3 90 4 31 63 31 75 97 88 94 24 4 31 22 87 17 99 95 98 78 24 28 42 81 73 10 10 29 53 46 49 53 97 62 96 99 20 22 81 71 55 8 99 92 
94 6 93 78 81 0 31 90 80 37 92 24 22 2 4 52 0 55 37 60 42 89 79 36 96 53 90 43 23 75 64 55 51 31 40 88 41 90 45 6 0 57 58 95 24 95 35 59 2 37 53 33 40 99 62 83 22 28 84 37 24 3 65 5 53 31 63 23 3 95 38 47 65 54 76 98 15 34 27 90 49 11 60 11 16 82 48 98 54 46 60 64 69 72 35 23 10 0 18 91 31 30 51 40 29 62 46 70 8 39 50 72 78 46 22 98 36 5 84 21 54 16 62 2 81 19 73 15 67 38 10 13 77 34 73 46 37 67 56 79 48 50 39 61 44 76 24 83 0 66 50 64 55 17 77 60 56 55 8 74 67 61 73 51 14 39 1 85 28 10 84 25 41 48 86 73 14 33 40 35 45 76 28 92 70 95 88 89 21 49 78 28 56 30 22 58 63 4 79 5 8 90 41 98 55 49 31 61 31 64 69 33 45 9 71 20 31 5 6 23 93 32 32 69 38 23 8 10 66 73 0 74 19 98 84 47 35 22 93 90 23 29 8 88 96 44 43 14 34 62 31 69 88 95 48 70 3 70 52 45 31 26 92 21 17 23 64 96 48 70 24 53 9 31 48 51 96 53 43 72 66 76 85 59 60 31 71 33 94 11 55 86 84 28 4 61 81 31 10 79 
0 64 58 43 99 57 8 16 53 46 33 32 20 56 83 57 1 65 42 84 35 39 56 85 40 34 9 51 90 81 69 22 69 1 56 51 58 96 77 85 37 26 23 25 91 88 27 28 38 93 93 11 67 75 93 29 82 3 63 36 18 29 5 55 11 80 85 11 72 72 54 23 2 35 53 35 75 25 2 71 4 5 52 71 69 46 35 33 66 8 96 72 81 72 78 72 10 75 38 15 82 61 17 4 50 71 95 69 83 23 19 99 16 71 11 83 0 48 73 49 29 49 91 71 48 40 61 36 65 43 71 40 66 43 92 7 56 13 12 12 33 90 85 19 39 72 73 17 7 7 89 57 77 35 40 71 59 82 23 10 29 61 73 80 72 39 36 62 55 28 0 50 74 91 42 28 82 60 44 41 88 41 45 75 62 3 39 16 12 80 3 61 7 31 88 10 97 79 33 17 99 15 3 7 64 89 76 33 17 58 93 30 1 70 53 23 90 69 14 88 23 96 21 44 59 8 7 0 85 65 5 28 78 75 68 34 50 97 57 55 13 45 99 70 45 25 39 42 51 76 8 88 28 44 34 19 69 10 9 90 90 69 62 53 6 65 10 64 22 59 74 42 30 36 97 12 57 75 14 48 73 96 82 56 45 29 86 45 95 42 28 18 13 23 19 99 99 63 17 39 
43 58 95 88 63 20 30 8 75 80 67 9 41 61 38 91 41 99 65 83 75 4 59 50 25 67 83 97 87 77 30 48 99 75 34 0 6 77 72 13 47 37 3 71 3 37 88 42 3 82 6 66 61 86 19 70 89 18 62 55 77 57 35 7 1 13 82 42 85 73 77 11 98 23 85 75 50 25 43 67 93 92 23 1 38 32 68 5 61 34 54 66 63 33 43 26 17 71 28 82 75 41 85 51 67 31 73 2 4 69 61 78 6 39 28 5 3 20 56 27 88 58 82 69 96 57 20 79 83 85 39 3 18 88 84 10 10 8 74 85 67 33 68 33 9 90 88 7 49 3 86 17 76 76 40 17 31 78 21 98 32 60 59 23 61 52 64 65 65 98 91 69 41 67 44 27 89 79 56 61 56 1 53 33 72 89 42 34 15 88 61 71 35 78 15 68 81 5 2 6 2 31 9 71 39 33 12 45 84 38 81 54 18 54 87 48 4 58 90 12 53 84 28 84 10 27 25 98 6 97 48 89 31 96 66 12 1 94 72 33 56 78 92 12 53 3 94 18 23 69 68 86 88 24 4 97 22 24 96 51 42 32 36 54 23 91 14 18 89 24 65 59 6 14 2 78 36 29 11 62 46 94 9 90 57 46 86 5 89 48 25 39 77 19 88 81 93 74 29 19 
62 1 3 44 62 29 9 1 78 4 53 39 34 67 89 64 19 90 20 1 87 67 50 98 20 5 52 8 77 99 47 18 70 36 93 56 11 11 95 26 15 55 55 39 45 40 43 34 90 34 79 42 16 2 0 43 31 97 38 33 0 7 26 55 54 95 3 3 61 87 10 90 3 96 62 71 32 87 20 80 17 45 4 37 90 25 89 62 4 45 25 57 60 26 41 15 79 10 99 88 20 35 52 52 75 72 15 86 44 30 68 34 13 10 0 17 8 11 86 61 43 28 51 58 79 55 88 78 60 53 66 83 89 86 41 93 29 88 0 47 21 76 3 26 75 35 52 6 12 33 73 88 40 77 10 49 81 39 0 68 6 68 82 24 38 40 76 84 48 74 67 94 48 43 77 58 73 51 32 79 12 58 53 1 83 15 94 14 56 64 60 58 78 99 71 14 83 54 36 51 71 36 70 47 95 17 57 9 48 40 54 0 32 94 96 94 72 33 14 3 21 70 20 37 70 24 69 51 77 86 89 6 63 75 23 95 62 96 18 69 50 40 5 24 62 85 30 1 92 76 41 36 59 6 44 2 3 83 32 57 62 63 2 7 50 33 95 77 98 59 74 45 57 11 55 74 24 68 29 52 21 65 4 35 55 17 7 63 63 99 96 56 5 73 7 66 85 76 59 65 
33 87 12 53 93 82 66 61 75 2 43 70 89 89 2 39 86 49 92 1 6 13 31 49 97 25 34 87 6 74 88 85 60 21 52 85 90 81 71 28 83 25 74 77 47 99 53 65 74 68 56 83 65 10 76 23 91 23 33 3 82 44 49 78 21 71 73 64 67 55 45 83 31 10 96 40 30 90 3 38 78 54 52 89 19 14 42 97 63 46 90 59 6 81 82 7 39 58 50 76 67 96 15 37 6 82 52 92 34 39 1 10 67 8 92 42 57 45 10 62 7 15 87 36 87 99 61 11 32 91 52 6 9 41 6 94 24 9 24 62 50 96 2 99 58 24 94 36 36 46 25 3 51 60 59 78 53 26 89 2 58 16 36 10 99 39 48 27 99 67 72 10 27 50 63 37 81 19 74 39 62 82 34 90 11 16 23 72 39 98 30 94 55 39 6 0 20 7 97 1 57 76 34 24 47 94 70 94 47 35 18 8 17 53 24 5 30 20 25 85 58 28 92 71 30 14 68 70 31 49 61 45 61 68 70 41 14 61 10 7 61 80 85 95 46 84 91 35 62 1 15 40 68 7 60 49 89 61 39 91 48 92 16 81 16 20 46 56 74 34 94 49 42 30 12 12 68 80 76 45 69 45 82 39 13 42 3 39 44 32 40 64 2 78 94 11 5 70 77 62 
16 4 4 77 39 90 83 40 58 14 57 33 56 7 81 82 57 7 98 58 0 40 68 44 88 28 38 83 87 55 20 56 46 67 66 18 65 60 97 47 82 51 53 13 58 20 84 15 26 88 31 27 57 61 11 81 80 93 78 35 43 7 34 95 16 96 1 83 58 20 78 63 16 33 39 87 43 75 80 79 85 99 72 78 46 35 98 51 41 77 84 91 82 79 23 53 61 64 16 89 53 26 52 26 44 66 55 5 24 41 19 55 55 95 84 33 37 70 36 98 9 81 42 8 44 20 1 21 92 35 22 26 60 36 36 35 27 82 95 52 71 48 12 45 99 15 28 17 26 94 90 24 49 65 67 77 81 6 22 71 62 74 70 97 30 50 64 32 83 38 94 38 6 79 24 54 79 69 38 14 26 87 43 90 16 96 95 25 67 49 26 15 9 86 34 98 79 24 86 35 31 55 62 45 35 12 60 96 93 29 60 16 93 53 10 66 58 34 8 67 79 68 70 85 41 8 17 12 52 21 96 99 30 2 57 65 7 58 86 41 55 19 47 28 95 87 9 47 19 64 84 12 83 23 30 18 78 36 87 81 3 41 54 50 66 18 66 38 2 61 0 53 6 58 70 33 18 77 77 90 55 7 8 73 15 14 44 10 30 7 23 31 76 60 9 92 76 20 19 57 
8 92 6 39 34 37 79 16 75 72 91 44 7 29 84 9 20 32 63 47 7 1 82 58 24 51 78 12 12 52 25 50 90 17 73 16 3 76 30 62 26 37 0 77 9 93 28 4 2 34 70 27 24 79 94 96 6 45 96 78 21 83 82 78 76 34 2 77 87 64 59 23 92 30 97 38 75 76 72 33 75 79 45 76 86 74 28 64 94 68 86 20 62 72 51 13 78 27 45 58 54 16 55 55 71 95 69 79 83 76 96 0 38 63 62 26 97 37 70 19 45 36 45 1 7 74 73 37 91 93 76 94 80 46 46 80 45 44 62 99 63 31 43 32 34 74 21 44 16 34 17 83 37 16 28 17 57 41 25 78 85 73 56 8 2 3 0 68 71 88 84 95 90 94 38 24 29 11 54 92 92 50 75 52 89 21 46 80 27 25 65 43 80 48 63 3 85 46 19 72 36 3 1 18 74 14 43 92 84 55 31 12 41 94 41 12 8 52 58 83 76 52 68 1 28 24 82 65 43 88 91 17 0 12 72 4 10 9 79 6 91 88 1 43 85 19 76 29 14 4 79 65 66 23 45 91 5 23 15 73 4 84 78 53 36 31 36 19 44 4 50 47 79 75 42 38 6 94 29 73 47 38 26 56 44 47 40 61 20 54 38 11 39 83 45 51 21 32 25 10 
17 35 95 35 88 43 19 51 79 53 22 47 24 55 76 50 63 42 78 96 7 82 14 47 82 65 87 39 70 77 75 35 38 65 0 25 63 17 73 74 49 71 97 9 20 78 72 46 62 96 90 50 81 27 73 65 60 25 83 2 16 71 2 26 66 29 30 1 7 16 25 45 17 12 48 13 76 26 41 21 42 50 84 33 40 59 36 63 5 68 30 53 53 12 68 84 38 34 91 15 47 33 28 15 67 89 74 1 58 35 15 24 14 52 89 7 31 15 23 48 11 92 75 33 43 8 36 10 17 6 18 89 63 40 22 80 9 25 36 95 43 2 49 73 83 67 43 26 42 87 46 86 87 22 63 48 11 4 68 27 91 25 8 34 59 98 90 12 35 38 90 28 74 16 92 16 78 88 39 73 12 28 12 40 61 18 8 8 37 39 74 27 26 93 50 77 31 50 59 38 62 4 48 84 64 3 9 90 4 80 62 68 41 74 45 24 61 54 4 16 13 38 58 79 69 28 9 20 83 69 86 31 91 69 1 25 87 96 39 18 90 39 73 86 58 27 85 7 6 47 1 39 48 29 40 22 60 74 9 33 39 3 20 61 20 5 9 73 56 54 70 91 29 67 75 47 61 14 74 5 6 97 10 15 90 42 17 46 62 52 48 22 15 61 89 98 79 50 73 55 
56 96 4 27 27 92 82 20 96 18 10 13 42 92 59 26 18 88 81 58 27 45 49 58 77 80 93 17 48 1 68 33 87 32 46 23 79 49 35 58 62 4 64 10 65 63 24 99 76 71 75 90 78 60 33 92 42 49 26 81 64 28 14 22 88 59 48 35 16 47 5 92 16 32 54 68 6 4 16 51 18 24 29 75 1 47 72 60 5 36 33 61 89 41 31 4 51 33 84 15 94 91 33 53 26 0 69 35 30 9 5 17 93 38 26 92 41 16 41 56 36 61 54 68 26 25 52 55 97 35 50 66 94 85 52 26 51 42 26 46 96 67 42 6 87 37 80 67 17 12 20 36 11 63 81 78 74 5 43 78 74 41 29 57 54 92 26 53 83 50 7 57 73 89 35 85 27 31 65 1 38 94 61 16 13 88 16 67 91 63 76 71 90 19 70 8 21 21 47 37 98 17 42 73 45 85 48 18 6 77 5 66 17 68 54 84 49 39 79 97 59 19 0 69 45 39 91 34 13 47 34 35 86 52 23 31 98 47 0 52 59 76 18 45 57 52 18 69 32 62 2 48 48 67 97 65 63 6 90 16 92 26 81 72 73 45 45 66 19 50 91 19 18 47 93 78 1 83 87 58 59 79 46 98 95 79 3 54 77 49 73 10 56 36 37 61 78 51 8 43 
17 40 94 31 69 1 62 32 70 42 36 98 32 12 18 30 52 40 1 96 71 50 39 78 36 1 66 8 93 86 41 34 39 21 8 81 9 47 79 28 26 49 29 31 44 0 17 83 87 8 65 25 22 40 56 31 26 60 92 73 59 57 40 3 32 43 12 25 63 67 80 38 14 95 15 55 29 40 37 18 34 20 5 64 45 65 66 73 90 97 24 61 20 16 31 4 8 48 99 34 11 75 46 82 41 13 2 9 41 76 18 32 80 69 35 96 98 39 59 76 6 66 54 28 6 90 21 27 6 85 21 72 82 52 89 57 42 22 33 73 83 50 85 69 75 24 55 22 75 13 97 45 83 71 56 41 51 5 31 21 67 83 34 67 24 25 30 98 74 20 18 67 29 8 37 32 23 7 85 25 9 18 57 30 31 44 92 87 33 78 83 6 84 18 60 59 46 57 42 39 13 53 13 37 58 21 87 65 89 86 2 79 99 50 8 45 12 33 10 86 0 98 76 16 78 67 14 46 76 86 5 79 40 5 29 16 53 18 80 32 6 8 52 25 8 91 51 82 21 0 32 8 23 87 87 30 30 10 85 14 63 85 0 76 9 57 80 31 1 44 3 61 85 57 55 56 24 63 96 11 57 47 97 15 18 3 58 53 35 27 98 65 11 28 93 53 41 32 17 12 
93 62 84 0 60 14 69 41 49 54 73 33 15 9 7 64 10 79 7 86 23 54 51 76 86 79 14 79 7 35 54 72 46 41 80 33 13 53 27 52 63 56 23 0 72 49 25 47 40 18 47 53 31 12 57 39 82 38 81 99 58 63 62 31 53 84 0 14 42 13 88 97 44 91 10 7 18 53 97 85 28 92 93 20 44 26 52 19 40 91 37 75 52 90 82 74 59 16 79 91 51 1 82 65 89 94 22 93 84 44 65 88 96 27 91 6 84 1 64 26 19 95 85 89 8 35 93 88 47 12 58 67 31 48 43 8 20 83 55 25 14 15 99 8 21 84 96 82 76 6 4 77 35 12 21 27 13 67 63 36 67 98 9 40 54 8 3 28 97 0 34 25 11 13 19 12 59 19 56 89 44 98 87 45 90 35 38 48 62 25 26 6 16 64 65 61 40 1 1 88 70 52 79 90 96 5 37 62 13 90 31 88 54 72 46 67 71 53 48 59 40 79 34 92 52 53 63 56 2 58 6 21 50 34 69 18 71 42 32 89 77 33 60 96 41 23 14 37 62 62 25 12 1 69 39 87 3 99 1 24 86 12 65 65 80 69 57 13 19 96 64 34 36 5 51 83 44 71 94 32 36 14 93 21 64 89 96 0 9 16 91 58 96 55 64 6 65 8 42 68 
89 6 83 67 11 46 74 89 5 43 36 15 61 73 29 51 91 44 30 41 36 7 64 42 73 0 1 7 43 98 58 60 53 77 56 11 53 29 10 75 29 54 77 23 28 80 76 46 4 8 83 21 69 6 6 16 56 4 28 88 71 33 94 50 53 36 29 58 25 65 88 3 98 95 66 46 64 9 28 70 26 96 13 54 52 71 8 91 55 59 73 46 62 71 70 0 51 62 92 57 19 26 14 15 37 31 52 28 63 74 59 43 95 78 49 88 0 98 16 53 64 87 11 36 35 97 29 70 49 21 26 92 24 77 96 27 17 1 47 0 41 15 20 18 17 33 32 66 45 89 21 17 3 18 67 6 66 11 35 90 23 41 65 34 39 6 7 51 72 55 5 51 47 52 33 7 75 17 88 82 36 99 69 66 69 48 25 96 67 0 39 60 18 61 11 22 52 87 83 1 7 91 28 72 83 86 89 20 76 52 54 73 90 70 93 45 4 84 81 81 1 25 30 23 47 95 39 61 38 10 54 21 79 81 9 46 71 36 35 93 93 87 83 24 95 94 10 7 61 37 56 13 62 31 86 34 36 66 74 87 35 64 25 97 44 4 77 57 66 91 49 42 77 89 21 74 58 80 59 1 92 37 84 66 61 51 82 76 41 41 73 22 86 35 96 10 95 58 52 4 
38 18 0 10 22 3 12 34 95 94 39 55 61 66 28 36 40 7 95 79 16 80 10 96 51 35 99 7 61 43 48 26 88 30 7 18 35 34 22 44 9 98 36 31 2 16 93 90 16 11 93 81 92 35 30 47 54 43 86 71 75 76 19 88 65 20 60 72 34 93 27 65 9 44 8 3 96 72 18 49 78 43 33 26 5 88 23 84 17 59 33 27 69 80 34 46 78 84 92 15 1 87 61 65 26 66 22 41 98 10 59 81 47 29 42 3 62 61 58 7 65 19 1 61 62 19 33 99 18 73 8 44 76 23 85 31 79 58 53 34 49 17 29 27 90 79 61 5 68 94 12 61 88 33 88 75 53 30 41 69 87 24 69 52 62 34 15 57 5 26 40 18 74 42 46 2 33 56 35 24 48 84 80 69 43 76 96 36 29 9 15 15 89 66 59 47 85 5 88 41 51 17 11 55 10 75 38 49 19 24 0 55 74 14 12 58 45 65 41 85 56 37 98 85 6 96 86 72 24 22 41 93 11 31 92 65 83 47 18 81 44 34 38 54 55 50 60 85 43 7 74 33 72 7 39 98 78 72 63 71 38 4 14 53 12 60 24 53 43 65 63 10 99 62 37 78 94 7 34 88 52 68 78 56 21 59 0 68 22 22 66 43 30 95 25 17 37 56 30 79 
98 96 16 31 78 52 31 38 59 32 42 86 71 85 15 44 65 11 49 8 10 60 79 11 12 2 38 45 6 88 43 39 91 45 26 89 48 66 91 81 26 25 68 63 31 61 26 25 90 74 16 62 3 99 96 5 52 1 0 41 13 89 99 59 31 74 70 85 96 12 76 73 19 10 21 0 14 21 67 34 30 63 50 47 13 90 66 78 82 58 70 92 37 26 50 75 40 90 94 4 75 84 41 87 18 79 2 86 45 95 62 48 12 64 43 38 34 14 32 0 74 33 97 35 47 23 90 73 57 44 49 20 20 96 0 49 34 20 11 94 57 30 80 67 13 30 79 72 55 25 45 66 90 80 45 23 8 91 11 54 24 59 50 8 54 94 78 17 75 6 54 81 86 15 62 0 97 91 35 2 85 86 66 3 24 81 16 9 60 53 44 56 48 24 17 17 91 48 59 52 3 45 92 25 42 31 80 9 84 42 26 77 37 93 6 89 19 84 91 69 71 41 21 52 35 23 44 33 55 33 36 10 81 76 15 56 76 93 62 78 67 95 12 47 53 37 24 58 27 14 84 41 29 98 11 72 59 11 24 98 32 55 77 98 96 64 21 43 89 50 32 15 45 12 47 88 93 82 48 7 43 58 54 8 50 86 44 62 5 56 17 84 52 63 48 18 13 6 7 83 
24 7 17 71 56 0 62 10 81 33 8 9 42 72 61 99 47 29 19 30 19 78 28 58 55 19 26 23 14 41 54 65 85 28 15 52 83 42 48 22 42 83 92 80 90 36 25 50 42 18 13 27 39 88 12 37 83 17 19 70 81 18 96 69 60 43 58 87 0 53 19 61 51 12 48 67 69 19 68 36 34 88 44 39 54 84 27 45 4 82 12 39 6 71 9 74 78 84 57 30 51 12 60 52 75 67 97 83 46 70 85 29 35 63 30 37 16 33 51 68 63 12 29 45 25 33 67 43 15 74 93 28 98 91 34 5 68 20 50 36 63 93 78 5 37 14 59 78 84 83 41 80 92 1 39 80 81 25 14 37 20 94 56 96 42 57 40 18 26 88 39 15 22 65 98 34 88 32 60 66 76 32 84 87 26 65 41 96 84 26 4 47 69 84 43 90 43 35 6 89 5 22 87 39 7 43 93 47 2 45 13 62 70 16 75 54 65 3 51 27 57 34 19 76 20 72 29 47 67 8 26 58 59 49 5 30 73 82 72 73 65 47 5 61 49 4 72 30 85 35 99 85 2 58 77 4 87 30 75 82 96 51 73 91 50 74 17 31 34 10 43 71 41 67 52 29 63 13 60 18 94 59 15 95 11 49 31 96 73 3 36 69 49 83 1 91 77 38 96 23 
2 78 17 56 9 32 99 66 40 1 70 82 21 91 76 76 62 24 74 6 42 14 52 51 19 80 49 38 32 72 96 57 33 77 88 64 35 70 81 78 50 46 58 47 39 76 19 22 58 2 51 33 72 51 41 24 78 15 10 10 9 66 52 14 23 23 92 17 20 79 31 17 96 54 16 17 69 88 86 51 5 99 76 6 11 46 58 9 33 89 87 71 74 68 36 91 20 4 0 39 19 8 5 24 10 87 62 15 63 95 80 15 10 36 14 17 88 47 27 14 19 84 80 40 38 37 96 23 51 34 43 59 41 76 98 23 79 10 18 62 12 77 88 29 40 87 95 35 1 63 93 4 30 38 23 49 64 64 72 10 45 5 91 85 5 52 61 36 8 50 85 5 1 80 24 0 86 82 93 66 57 1 90 68 31 68 15 15 99 60 28 39 33 18 60 51 46 48 22 68 65 7 20 73 42 93 56 25 62 56 4 57 13 32 6 10 90 13 77 55 90 66 97 34 85 12 72 77 75 95 59 61 72 87 43 92 94 10 7 8 71 23 40 69 37 80 67 11 62 8 6 36 3 12 10 80 56 1 21 29 11 20 66 76 22 47 35 59 73 40 89 53 56 78 6 26 65 13 48 62 44 11 65 67 22 4 21 57 22 32 43 29 31 19 45 6 40 94 51 96 
87 44 35 14 16 18 2 0 92 87 83 34 37 88 82 99 75 4 85 75 42 16 61 39 59 46 43 38 50 52 32 60 8 96 26 10 19 4 43 65 32 43 96 8 21 80 35 37 42 10 47 94 3 59 31 48 48 35 97 71 42 84 20 71 8 97 25 89 48 23 24 41 36 35 67 43 38 77 59 61 47 46 73 16 32 28 76 69 89 86 12 52 67 99 1 53 42 27 51 54 72 54 82 76 80 70 19 8 85 64 83 51 86 74 25 83 98 25 25 71 33 95 98 43 19 15 90 22 66 14 65 45 5 19 5 37 45 85 4 8 86 63 59 16 87 50 42 39 76 40 28 47 12 11 53 8 22 59 89 90 91 64 33 49 44 21 63 55 47 67 63 6 71 61 73 80 76 49 51 69 36 86 21 4 98 77 28 55 92 37 95 23 91 97 34 77 8 56 68 39 60 94 79 57 82 26 82 72 3 44 73 78 4 91 88 11 54 2 14 36 78 86 76 86 5 90 75 66 64 65 14 60 46 7 83 98 54 58 97 50 6 53 26 64 76 84 45 99 4 67 98 80 20 43 21 58 50 69 34 68 63 66 14 86 22 39 48 71 12 24 59 32 28 18 5 67 61 20 19 12 99 54 92 52 61 57 71 52 92 45 45 19 49 62 58 87 70 32 50 95 
26 69 66 60 16 7 61 57 65 19 5 14 17 84 92 97 9 2 39 78 91 28 41 97 33 13 56 4 40 58 53 95 28 43 57 99 75 95 91 37 46 99 54 77 97 53 50 29 13 63 83 60 80 11 49 71 46 47 54 14 56 4 48 83 43 1 41 71 43 68 81 61 78 34 83 26 21 60 27 6 1 15 47 42 25 29 77 8 83 19 46 52 62 15 25 61 13 89 10 3 16 64 96 1 83 91 78 76 73 59 38 50 13 21 87 37 23 25 60 69 42 25 79 19 26 99 98 99 77 76 11 60 53 52 45 86 64 35 61 38 73 74 85 19 95 89 36 86 9 67 33 77 22 75 5 28 48 90 3 91 9 36 21 72 19 77 24 16 86 42 85 13 99 67 95 5 15 0 15 71 49 60 82 86 83 2 65 26 30 76 99 7 64 48 89 12 69 18 86 72 72 33 39 29 49 38 0 85 35 48 82 25 59 30 3 59 50 96 60 85 11 49 97 2 44 80 72 98 98 91 62 91 39 70 57 99 62 1 62 8 35 4 53 61 51 68 90 19 69 28 53 42 75 71 58 83 79 84 8 63 97 80 55 81 69 79 47 0 74 75 93 37 1 66 51 93 25 35 68 58 21 55 58 36 19 71 92 72 95 66 83 56 93 53 7 39 35 67 74 61 
39 96 77 71 39 91 79 32 33 87 39 47 43 81 39 25 68 25 97 30 22 43 18 21 54 66 57 26 12 87 76 31 76 38 90 41 14 50 35 51 52 77 39 96 12 64 94 64 52 4 57 42 56 68 4 76 9 66 48 52 28 93 49 95 44 95 61 93 33 34 57 55 43 63 79 35 3 94 3 67 11 47 93 5 66 21 66 77 78 34 73 23 30 96 60 38 80 13 56 93 89 52 27 54 96 85 3 75 12 13 40 70 86 97 98 52 9 9 59 47 16 59 71 50 15 63 97 30 23 25 73 98 66 6 21 31 85 38 14 87 68 80 11 8 25 75 9 25 21 41 29 92 62 10 71 77 34 83 65 34 24 85 72 68 59 65 88 84 70 38 60 27 20 94 11 38 42 29 14 2 36 14 71 41 58 49 99 56 97 22 33 67 27 83 58 13 33 94 41 98 33 35 35 64 1 34 78 9 86 91 36 65 70 59 65 92 4 43 37 93 64 22 64 57 24 85 85 97 62 49 68 53 15 64 55 92 30 12 21 68 15 9 22 40 56 69 35 79 83 71 89 29 68 90 90 71 64 87 91 53 36 31 33 43 22 82 4 28 96 66 93 56 62 80 88 17 26 45 44 17 76 28 44 46 87 54 40 64 5 98 16 80 37 90 10 63 18 95 78 91 
42 33 81 99 43 95 88 63 88 45 20 53 40 55 70 22 56 61 5 42 8 90 58 43 7 48 83 16 72 69 78 17 35 40 44 6 67 80 56 97 73 36 52 48 32 85 50 78 22 79 8 16 82 54 29 97 7 33 9 12 51 54 60 9 38 97 50 13 45 92 93 66 51 89 70 68 60 88 26 18 67 60 10 49 64 69 9 80 99 19 42 72 48 52 79 9 68 79 61 49 22 36 38 82 63 42 80 26 70 56 97 8 78 20 66 50 87 77 19 65 96 38 18 90 94 3 9 3 95 29 59 24 82 47 42 4 12 48 66 22 13 75 66 71 70 95 37 38 30 20 33 57 96 85 67 26 87 30 8 7 64 72 68 15 70 20 9 84 57 77 30 23 22 89 17 66 89 82 94 74 7 86 64 51 31 54 60 38 51 55 62 7 47 91 59 48 88 50 54 86 85 5 61 13 4 29 99 95 1 15 53 47 45 76 51 40 76 59 57 37 31 43 79 20 16 20 65 91 50 62 49 77 46 36 89 89 61 47 80 31 38 14 95 60 26 27 22 1 57 1 87 64 71 27 90 78 14 29 2 57 75 55 93 96 86 2 61 10 40 50 35 52 10 36 91 24 11 73 78 85 42 36 58 22 49 98 60 52 38 3 77 70 64 19 91 14 69 35 30 66 
69 78 75 70 19 88 38 93 98 37 56 20 27 30 15 62 78 32 17 94 84 38 72 56 77 37 7 80 53 79 14 13 14 74 29 7 74 62 34 85 14 95 35 9 3 54 49 57 41 63 11 22 43 30 28 30 70 49 3 5 49 47 14 51 37 21 50 89 6 91 28 93 36 58 63 75 36 14 56 19 64 52 43 55 3 39 49 8 77 37 46 62 97 50 6 81 78 92 55 41 78 53 38 32 57 62 19 64 54 15 60 37 24 56 53 53 23 13 30 13 50 37 12 93 18 0 67 57 66 65 69 59 31 9 32 7 74 30 9 73 82 14 97 62 56 61 53 95 50 97 85 17 77 29 6 13 12 73 11 75 46 75 84 10 15 50 95 62 65 51 39 7 7 6 44 24 93 90 21 30 40 16 19 36 22 98 86 29 52 75 2 64 85 4 3 75 9 19 2 73 44 76 33 11 23 69 97 82 94 73 74 22 46 75 39 56 94 21 42 23 60 55 80 47 86 28 48 61 46 20 34 45 41 84 76 81 36 3 18 96 0 62 70 70 52 57 92 95 80 34 40 22 11 39 83 9 94 57 91 75 78 87 14 82 88 76 70 70 43 95 65 78 2 7 2 29 50 39 20 42 46 47 46 62 98 64 71 80 45 8 39 13 28 76 32 60 16 26 12 10 
14 21 56 46 94 10 14 3 14 56 20 54 46 97 58 45 59 17 67 72 69 71 34 15 85 60 28 77 66 57 93 99 80 41 34 90 41 51 3 35 36 12 22 76 69 1 1 79 41 90 49 81 67 23 69 75 44 92 62 54 19 51 48 14 70 56 17 10 91 82 51 71 6 75 68 36 43 12 44 44 29 26 32 79 54 71 47 32 51 36 74 27 88 54 73 59 69 28 67 30 47 59 62 79 80 44 81 69 53 65 43 74 38 27 0 50 43 66 91 61 45 98 32 33 44 60 15 98 70 69 6 22 37 10 6 55 8 75 22 13 60 26 23 3 29 16 97 22 38 60 82 8 66 23 98 96 85 57 39 11 43 13 37 89 23 91 8 71 87 74 79 54 46 83 43 96 67 35 66 58 98 13 16 54 66 4 19 99 40 68 95 34 34 36 30 86 16 51 37 94 44 8 62 74 90 19 82 4 22 62 11 35 13 65 54 55 7 14 85 41 9 43 91 87 82 42 69 90 83 58 27 69 12 17 7 57 68 60 19 21 65 34 45 27 29 7 27 21 34 74 28 92 89 8 27 36 38 5 85 52 6 55 21 88 0 94 37 76 67 52 74 41 48 39 19 75 95 44 88 54 56 8 42 31 88 58 53 31 30 45 34 94 47 80 44 38 19 39 62 81 
2 83 54 97 92 89 30 65 64 63 88 66 51 7 83 90 75 44 22 81 39 40 55 96 43 3 57 92 30 81 3 41 60 73 7 40 32 11 68 5 44 51 97 83 25 86 34 77 65 10 99 26 59 79 94 3 56 49 97 22 69 98 0 43 81 66 65 6 80 74 81 99 94 47 65 49 52 21 48 16 8 0 87 68 40 92 2 29 50 61 61 24 14 58 65 92 31 73 56 16 79 10 51 68 39 72 85 46 49 25 57 5 57 44 34 83 45 44 46 84 90 39 15 46 4 12 35 75 80 84 97 15 30 38 99 30 6 96 51 35 45 77 50 21 36 1 18 22 94 6 5 70 35 84 7 88 22 62 57 68 83 32 25 26 97 48 73 8 51 98 93 56 60 80 60 6 28 76 45 6 34 19 93 9 37 20 28 0 59 99 79 80 13 34 6 47 73 14 54 55 15 48 58 58 9 69 7 29 99 65 5 52 7 62 72 60 61 79 22 58 11 74 43 8 42 87 3 35 94 86 1 42 3 18 68 24 58 44 6 5 61 16 26 55 32 10 47 55 39 73 45 17 96 66 73 34 10 92 11 73 32 91 71 43 81 19 91 40 3 37 91 63 44 93 33 62 28 51 32 79 84 95 88 7 70 58 0 44 71 7 82 45 18 11 92 32 85 79 77 84 
54 49 69 20 98 39 8 41 7 16 67 37 98 73 29 28 97 50 43 70 36 22 28 18 92 12 13 50 61 32 60 28 98 82 81 34 81 48 87 70 79 96 21 28 11 64 98 44 60 79 57 48 95 84 56 82 6 15 65 83 87 59 28 19 82 35 9 90 12 12 86 25 61 93 23 94 25 29 11 41 41 1 55 13 43 4 13 78 72 74 81 44 73 87 54 93 28 88 17 47 81 97 6 44 48 17 47 72 18 78 37 2 70 14 11 65 62 53 93 43 59 93 92 71 79 33 83 24 28 3 79 73 11 70 88 13 96 5 19 90 77 25 15 44 9 11 49 39 25 4 39 83 95 86 22 94 8 92 38 72 27 28 77 43 85 8 72 83 96 26 1 21 18 94 81 87 96 95 63 20 94 49 71 83 42 73 13 99 3 84 40 33 4 15 61 41 49 23 89 72 19 90 30 70 92 72 27 74 96 9 74 67 49 33 89 40 51 66 92 80 39 49 78 44 39 88 95 12 30 17 27 69 63 7 92 82 51 73 30 75 85 11 50 2 8 12 6 31 86 33 89 2 49 82 20 9 46 84 7 66 49 3 17 56 51 94 30 66 67 10 88 73 3 17 58 44 44 51 16 42 54 41 36 66 41 36 14 30 23 21 40 34 41 53 71 45 42 24 33 93 
94 63 70 20 13 13 23 51 53 72 27 55 71 38 39 7 20 90 92 17 89 56 52 55 42 92 8 7 68 94 52 50 36 59 72 84 7 21 12 52 76 35 55 75 34 27 64 61 23 29 61 98 23 15 99 70 60 65 72 91 23 55 50 29 77 57 37 72 14 98 58 10 41 41 9 81 79 25 28 49 68 30 70 55 41 72 66 22 16 75 58 0 88 61 9 91 5 17 63 80 49 98 58 58 82 50 34 95 17 91 96 39 49 26 77 30 95 3 24 50 6 8 10 71 61 21 35 61 93 70 54 60 63 62 25 59 82 27 98 78 47 55 10 17 8 64 8 62 33 63 65 30 59 2 51 55 42 4 27 66 41 51 8 25 93 57 90 82 82 58 1 44 65 87 55 64 95 92 48 55 68 13 92 66 80 54 16 47 16 51 59 12 0 99 11 75 23 68 50 21 57 58 40 27 39 76 49 84 54 97 66 97 99 13 45 24 23 20 83 21 10 97 35 48 4 32 92 87 74 63 18 15 51 13 8 28 31 91 92 7 22 39 95 72 42 53 96 84 82 84 61 58 95 25 71 66 12 69 0 94 65 49 21 51 21 43 51 41 48 12 85 86 40 67 34 94 32 81 68 3 59 77 92 15 57 62 73 40 29 66 51 74 71 36 83 96 30 30 80 75 
82 6 58 80 3 8 32 71 50 52 45 52 71 52 29 29 60 62 42 83 1 51 88 47 93 25 39 39 16 42 8 60 98 55 98 30 8 1 72 68 78 15 58 78 33 35 27 56 7 67 43 82 29 43 96 32 26 17 0 92 7 62 72 92 3 81 41 73 6 50 6 82 16 7 50 22 31 61 24 65 22 97 47 22 57 5 31 7 17 53 80 49 13 82 97 22 41 40 54 38 88 70 67 35 14 27 11 90 10 9 34 63 29 16 26 61 9 38 49 61 45 41 28 88 73 87 72 78 31 78 20 74 89 54 78 90 11 31 50 69 52 50 14 15 63 89 81 7 36 49 6 23 9 66 34 62 12 96 16 2 3 5 4 15 28 39 69 49 51 9 43 17 59 63 86 93 93 74 48 82 91 51 60 26 49 44 3 40 0 10 1 17 76 67 18 1 19 32 49 29 11 54 7 21 84 22 85 17 85 94 39 35 69 86 97 11 42 4 19 83 45 8 8 29 33 21 90 34 34 60 21 6 93 16 61 78 54 70 8 19 69 59 75 49 75 33 73 83 76 75 89 72 61 38 8 95 50 11 67 96 34 91 41 91 1 74 15 47 97 79 41 40 69 56 41 37 59 53 68 15 97 70 14 19 52 72 7 21 8 71 75 39 87 87 93 80 42 64 15 77 
97 16 91 33 26 72 7 51 37 46 91 14 45 76 48 98 35 62 12 19 87 77 86 31 11 54 64 32 24 33 83 75 6 41 14 8 57 26 51 76 70 42 29 73 13 0 16 9 33 41 48 68 81 99 75 82 69 55 38 99 31 53 75 73 25 0 42 35 23 64 2 54 34 44 51 12 32 93 78 18 49 43 37 82 18 34 94 70 33 40 22 72 19 51 22 41 6 73 74 20 75 59 57 76 67 57 28 67 93 57 85 74 33 63 30 8 98 5 6 29 95 87 42 14 36 10 20 51 94 1 77 76 15 58 46 20 41 95 57 61 16 29 40 81 11 47 56 58 84 26 87 1 85 47 0 97 93 33 76 78 83 61 26 93 38 98 13 92 1 21 99 94 49 74 82 77 84 85 76 88 62 30 98 85 65 46 35 78 50 96 99 93 66 92 72 5 53 72 75 43 63 14 80 44 53 36 94 75 56 88 76 61 17 81 47 96 94 84 76 85 5 97 90 55 67 20 55 71 72 43 72 49 98 53 89 70 90 53 66 14 42 12 60 45 62 91 49 88 73 63 19 56 95 25 72 10 55 28 84 30 99 4 12 75 9 80 47 83 3 24 68 75 64 65 51 5 21 90 0 8 46 77 15 69 6 69 8 92 44 58 94 72 17 47 30 28 23 65 89 57 
67 60 89 27 70 54 98 6 91 38 25 38 32 58 53 4 52 48 74 15 87 52 29 12 31 75 51 30 92 79 7 3 47 26 55 21 46 28 37 30 46 80 96 11 83 1 28 40 80 75 84 25 32 30 36 51 85 76 42 34 3 43 65 50 9 73 83 2 16 87 27 44 55 86 55 67 92 36 27 79 52 72 25 23 85 64 57 83 86 16 34 60 51 91 42 94 68 37 44 15 43 91 9 3 38 8 99 6 18 0 35 74 2 49 50 58 17 82 50 90 3 96 71 4 34 92 84 42 54 69 21 88 14 35 57 49 63 83 46 8 45 28 97 24 48 46 48 79 27 56 16 96 4 24 23 20 14 68 48 67 53 77 72 39 72 31 12 16 35 2 19 75 52 14 69 35 28 99 51 28 10 48 1 28 71 26 50 32 9 22 75 49 26 3 1 6 81 45 94 48 43 57 76 58 23 98 26 85 96 31 18 32 69 15 40 0 7 17 68 96 78 88 69 66 10 94 52 33 4 46 44 2 80 10 34 76 58 36 24 53 9 35 2 99 11 8 61 28 50 36 61 20 1 42 90 3 16 1 0 49 59 37 95 26 20 26 81 84 42 82 7 13 63 91 81 19 38 8 18 28 19 40 94 77 29 3 64 82 8 31 62 70 34 88 60 43 21 81 13 30 
88 88 19 58 38 33 50 2 72 46 61 17 20 83 22 55 80 2 88 36 66 6 94 39 45 81 26 47 39 0 78 38 20 57 39 45 59 38 14 59 18 38 1 9 67 53 50 62 98 27 69 93 33 85 83 69 66 77 34 93 69 27 82 15 73 10 56 70 96 48 33 79 33 20 78 36 82 69 82 45 86 90 58 94 45 8 36 77 70 37 78 60 87 97 96 84 55 17 94 43 17 0 10 82 75 91 77 7 72 65 31 81 57 95 25 29 41 62 90 34 11 25 43 9 92 42 42 11 53 63 24 60 6 75 25 95 35 38 19 71 10 28 14 86 32 89 11 80 73 19 88 83 52 87 95 29 33 19 3 31 49 21 28 39 1 43 72 95 16 89 96 40 13 65 37 18 31 71 19 64 87 30 11 19 47 95 26 94 19 99 96 70 50 50 17 60 61 59 98 59 56 13 45 18 31 94 67 87 62 10 15 91 55 87 42 40 87 5 74 66 56 24 3 38 35 91 10 4 32 64 18 11 95 71 51 80 26 94 27 13 4 71 30 77 85 48 38 45 56 16 64 81 81 5 31 45 14 15 92 97 77 32 68 51 30 68 94 83 83 28 78 33 51 15 11 96 64 5 57 56 37 66 39 51 78 36 97 57 34 8 22 41 94 35 12 48 54 59 44 16 
24 97 63 69 94 22 12 94 73 63 51 17 16 92 65 33 2 12 93 81 99 81 8 15 27 78 35 9 25 36 49 19 8 26 93 37 50 22 78 70 21 71 94 92 87 99 92 30 87 56 17 46 36 30 35 10 66 50 60 71 8 65 98 84 56 32 55 77 62 79 52 9 57 90 89 34 94 30 54 74 62 80 70 14 13 23 96 63 66 60 29 1 6 81 26 22 8 34 40 6 53 75 26 17 72 7 31 47 62 6 94 52 9 7 4 46 83 27 26 98 77 14 30 4 16 89 70 34 92 86 1 9 64 48 41 72 57 3 81 85 53 75 32 57 73 58 20 37 93 50 69 45 38 24 10 77 33 78 30 33 19 53 83 82 46 53 56 50 32 46 49 71 80 29 84 67 17 84 12 78 53 78 79 86 58 96 72 56 70 45 69 6 36 76 44 37 33 38 39 12 61 78 87 94 58 82 81 73 77 81 17 96 29 1 19 88 66 68 93 12 27 21 3 51 16 17 40 0 13 74 27 25 46 93 30 58 31 82 59 70 80 79 87 28 19 50 91 69 66 58 55 6 4 92 46 90 20 1 29 90 2 61 67 42 97 31 25 7 56 57 96 85 62 21 59 45 5 17 57 67 93 32 48 14 39 97 18 99 15 11 86 80 83 17 40 87 40 19 79 80 
39 89 64 94 55 6 58 69 52 24 19 78 68 17 46 34 1 96 57 33 70 3 81 55 58 95 8 76 70 12 49 17 91 66 99 64 1 82 38 55 6 92 91 62 59 84 22 61 21 30 81 96 44 59 46 29 31 82 36 93 68 35 20 57 78 2 13 61 88 90 76 61 41 94 25 73 44 13 80 81 37 2 41 20 74 94 68 27 59 36 17 38 36 58 41 84 91 93 97 36 72 78 39 1 79 45 40 74 5 19 65 39 66 37 43 97 87 73 36 65 81 23 93 72 23 21 32 94 1 17 3 36 35 20 99 41 49 92 68 27 80 90 79 41 5 82 80 85 25 3 35 96 71 0 54 32 15 55 29 54 22 96 2 94 57 19 74 12 19 77 49 91 32 65 18 91 47 81 7 78 21 35 15 45 15 20 60 19 90 95 24 16 8 73 11 12 16 76 1 10 1 24 40 39 35 46 26 82 97 69 68 89 38 79 53 24 62 82 23 7 33 61 70 72 10 62 6 10 19 43 93 50 25 57 16 42 24 79 72 2 14 49 71 79 29 33 61 14 63 15 76 83 60 54 76 22 36 19 44 69 4 66 73 10 38 1 17 7 33 94 39 83 42 78 16 28 49 44 22 69 23 81 40 55 38 71 73 32 93 25 42 89 66 8 6 29 18 97 53 32 
80 46 18 15 47 84 70 56 77 15 68 42 29 15 81 18 96 31 18 60 98 90 90 67 78 37 71 15 76 7 59 30 46 33 84 57 51 49 55 48 39 32 76 16 16 77 86 61 45 80 0 62 78 70 61 94 26 58 18 45 33 97 46 17 76 83 34 31 88 81 55 45 74 81 9 24 17 10 1 63 0 81 33 4 34 25 14 96 1 11 11 30 51 31 17 29 5 7 40 17 14 22 0 43 76 40 45 60 49 74 86 8 33 21 12 14 55 35 37 97 0 50 90 38 29 83 50 92 44 87 82 33 45 21 26 15 22 63 68 93 58 51 4 83 62 71 89 6 17 24 28 35 82 58 65 72 37 17 82 43 37 15 32 67 88 41 10 13 67 70 52 99 38 90 13 89 31 31 58 99 11 8 88 32 72 90 22 37 65 75 74 56 38 29 54 71 69 60 81 93 12 80 48 81 0 87 16 33 72 82 21 89 77 69 51 63 70 77 5 92 91 54 39 77 37 45 76 93 17 47 11 93 44 19 27 16 11 61 29 33 47 23 40 44 59 98 27 71 52 9 65 58 49 11 49 28 64 62 81 38 10 95 39 44 8 27 35 66 45 15 88 0 18 91 18 9 48 30 11 57 59 97 63 61 52 88 69 41 68 7 83 69 30 98 56 33 92 9 64 26 
4 67 58 92 52 30 21 58 53 77 29 54 41 11 30 92 88 83 84 53 91 62 87 16 56 76 75 16 24 39 88 20 15 8 71 64 17 47 53 1 0 85 84 33 5 72 2 35 31 77 25 12 43 49 27 18 96 0 93 21 16 33 7 32 54 78 20 23 6 63 8 46 77 66 27 81 35 99 57 62 58 52 56 28 64 59 5 29 43 20 85 20 14 26 35 44 42 68 47 54 6 39 81 27 26 25 66 74 72 30 44 20 79 93 31 51 97 3 96 34 37 45 39 91 93 26 0 0 12 80 70 93 25 35 84 70 4 90 56 62 38 93 31 11 73 59 23 27 52 92 94 89 39 87 33 30 87 52 47 67 27 42 80 58 45 47 60 50 62 90 93 67 6 55 23 88 86 28 32 34 13 18 29 51 15 94 99 64 24 77 89 93 78 85 37 25 84 85 62 81 68 69 9 51 19 71 55 38 3 21 44 30 93 13 13 80 68 49 49 86 43 67 35 89 12 98 69 86 76 24 35 14 29 13 90 22 78 71 84 53 6 92 22 50 87 16 69 42 70 22 93 4 3 75 67 0 99 9 59 20 53 64 80 32 45 45 48 9 59 95 47 79 12 1 45 92 90 50 30 31 63 68 99 87 89 13 92 56 73 67 76 18 25 7 4 74 45 77 14 79 
71 93 73 44 90 59 28 23 73 39 95 28 43 67 6 72 94 8 63 72 56 56 74 7 86 74 15 65 32 50 14 17 88 45 52 57 43 73 41 26 43 42 33 98 91 4 58 11 26 10 63 86 70 38 60 92 87 9 24 30 86 72 34 91 19 87 62 95 24 43 92 21 25 11 50 4 67 99 47 64 58 15 1 47 95 97 63 65 40 53 55 98 92 85 12 58 67 36 81 62 28 25 89 80 6 60 26 85 65 58 72 24 64 39 73 87 35 28 10 31 15 26 55 62 87 7 19 10 27 60 25 21 95 26 51 91 29 4 82 96 6 85 67 21 83 72 97 60 77 76 46 23 36 64 68 0 98 3 58 74 5 27 48 43 15 50 63 95 22 20 26 96 49 62 75 78 85 33 32 64 96 36 66 80 40 29 38 77 71 21 16 76 20 94 6 77 31 49 53 59 89 98 67 38 72 95 37 47 91 24 65 89 34 46 11 2 78 8 89 95 56 93 65 13 25 35 76 1 86 58 66 15 64 98 27 16 60 22 56 86 66 19 9 79 46 6 69 72 82 84 74 88 54 67 49 10 82 24 23 89 27 52 27 74 58 23 6 23 53 24 0 99 7 95 16 24 75 89 92 0 62 90 68 33 46 17 25 62 27 34 20 43 77 28 14 62 52 98 0 50 
28 47 36 95 67 88 88 9 80 62 99 24 59 49 25 58 99 75 87 34 26 0 30 59 46 28 52 58 31 26 72 93 76 69 77 91 39 9 54 12 50 92 73 60 74 8 78 8 62 0 97 27 32 18 61 29 95 96 74 44 58 48 80 40 4 53 26 76 47 9 57 80 57 11 72 28 94 76 56 91 65 46 93 97 47 64 28 60 48 61 12 22 76 17 96 42 28 30 74 42 41 72 39 80 76 61 15 34 21 84 29 7 46 55 71 4 72 74 53 65 97 25 66 93 21 76 32 44 52 91 34 17 75 79 71 25 0 59 48 25 68 15 63 30 4 92 97 29 71 35 6 19 99 59 94 84 73 80 90 74 95 90 25 52 61 29 31 8 52 96 91 1 97 42 37 96 53 13 46 35 26 82 89 81 31 36 9 38 65 38 32 47 44 82 95 24 8 3 94 74 19 26 2 63 69 98 90 26 57 24 19 91 81 28 96 90 93 10 90 51 62 0 2 26 37 21 51 25 62 67 25 6 99 55 51 58 1 44 95 92 48 32 34 4 17 17 76 92 9 16 72 17 7 84 19 66 53 0 16 85 30 63 44 9 86 43 46 69 33 25 73 19 1 64 4 65 25 50 13 82 74 58 21 3 12 4 1 4 14 24 2 55 18 41 73 36 19 17 88 23 
77 33 17 96 37 45 86 39 27 85 69 4 79 92 30 92 27 81 95 50 79 98 77 38 37 44 29 29 37 56 9 0 84 89 51 49 90 82 25 53 99 52 73 17 89 85 97 14 95 72 71 49 52 15 16 22 7 86 43 58 16 91 6 43 74 3 74 33 58 52 12 99 30 20 93 92 14 48 58 71 84 98 2 36 83 82 13 84 86 73 81 9 77 68 53 38 94 41 58 98 58 93 80 91 39 91 4 26 50 1 20 30 48 30 61 96 32 57 57 19 59 51 89 68 13 36 35 8 96 80 15 16 49 94 47 29 98 25 79 29 75 90 24 93 16 8 60 26 53 66 9 16 66 70 38 6 24 50 69 40 28 35 65 68 82 59 47 55 13 44 47 95 69 41 86 43 81 61 74 41 82 63 86 75 39 45 46 91 40 56 19 28 63 84 45 25 45 69 73 90 34 38 60 66 68 11 71 21 13 48 82 20 38 10 45 24 96 32 16 2 48 56 39 45 3 28 10 79 53 54 43 50 33 22 90 16 45 51 10 8 44 47 69 43 88 60 20 19 56 94 79 82 75 70 73 78 53 5 92 10 43 15 21 16 50 52 96 77 19 83 65 48 12 97 83 87 82 82 65 96 14 11 98 20 81 1 1 72 31 31 66 58 88 15 79 4 89 29 40 5 
23 96 22 37 88 13 12 40 2 31 33 65 72 46 61 13 9 63 85 97 75 39 72 38 68 84 96 99 0 42 47 55 2 88 26 48 47 87 97 80 83 63 68 75 34 33 38 6 25 92 50 17 4 15 57 69 81 10 58 0 9 18 4 0 18 87 57 70 92 20 38 58 49 7 0 86 54 64 83 10 55 96 18 5 90 50 33 55 18 35 42 55 26 85 60 70 19 8 32 96 66 81 76 75 92 68 66 42 71 96 1 26 40 34 14 38 38 11 59 53 98 16 99 41 12 34 23 58 93 72 93 26 4 77 59 1 22 64 99 7 74 38 9 49 93 34 24 35 65 5 10 26 72 28 26 41 73 23 54 46 16 34 83 41 60 84 59 65 22 39 94 6 17 54 16 73 9 73 79 79 63 15 66 65 17 81 59 20 9 28 29 52 37 16 12 33 51 50 14 94 78 98 39 56 72 28 76 58 60 5 40 31 5 19 5 93 88 92 30 83 74 81 47 40 72 76 24 86 68 83 85 94 22 25 11 22 70 15 51 95 87 86 98 52 30 34 69 27 24 49 55 46 68 86 62 85 3 51 79 12 54 69 43 71 1 44 63 67 92 24 0 83 23 60 25 56 80 7 13 35 23 14 57 78 38 29 95 14 34 23 82 95 17 18 73 59 40 59 84 58 
52 40 62 18 26 87 76 21 29 98 88 34 0 48 88 83 41 60 95 6 78 5 90 6 86 80 28 25 19 77 46 27 34 47 23 87 48 51 30 54 60 71 85 32 13 35 45 66 26 70 56 70 48 2 76 15 3 45 43 33 41 68 77 6 67 57 19 70 71 61 34 23 96 55 98 12 14 25 9 96 13 5 82 42 54 18 11 58 79 83 45 75 20 80 61 10 85 95 11 6 88 50 93 66 94 73 32 37 12 99 38 67 47 59 82 34 73 92 85 23 80 75 13 5 7 44 63 92 77 18 15 91 17 13 98 66 68 94 66 57 59 70 44 49 5 55 27 1 11 20 6 33 3 94 8 55 1 42 29 78 58 78 95 95 53 87 67 76 54 63 88 5 55 90 74 18 83 27 1 40 52 25 99 44 82 82 4 87 25 68 67 76 22 81 59 85 38 75 82 8 35 19 29 79 18 6 35 28 56 48 67 61 20 41 16 95 62 69 72 50 26 54 34 48 34 61 78 0 68 74 33 77 70 97 27 27 4 83 89 18 35 33 31 46 92 20 83 50 69 69 4 29 3 85 68 0 20 96 78 99 24 13 60 48 33 60 48 94 71 26 50 70 64 66 89 50 52 21 1 88 20 20 78 9 91 15 83 23 43 19 21 83 58 12 84 57 62 27 0 72 
93 25 22 66 75 4 36 35 82 29 6 1 15 44 78 62 57 73 59 99 33 63 36 52 36 24 18 48 71 15 95 9 25 15 8 50 50 70 12 11 3 53 9 68 22 84 93 64 42 54 80 15 29 61 59 87 19 41 19 38 3 53 96 22 70 49 10 72 8 91 23 61 61 26 33 46 40 53 88 1 59 73 81 80 13 25 86 4 12 35 13 67 78 78 11 15 68 64 77 63 22 31 46 0 17 20 33 37 15 57 68 35 25 19 5 4 73 85 61 22 68 47 27 50 8 73 90 28 26 80 73 74 61 59 19 37 43 97 62 70 39 58 94 65 50 93 66 68 31 16 62 64 69 44 77 93 0 40 48 6 48 21 75 11 89 50 53 0 36 85 73 11 52 18 70 69 69 51 70 77 88 83 10 78 99 23 88 30 94 40 17 69 0 81 71 92 89 11 79 6 44 92 19 34 94 44 24 17 32 56 70 72 86 20 34 60 50 5 62 84 41 4 71 35 51 87 95 65 88 74 69 56 15 30 18 73 52 54 27 75 56 41 15 14 63 10 64 1 8 31 25 11 16 53 1 76 54 95 48 49 0 52 70 72 21 87 97 61 33 45 84 32 85 1 2 18 93 99 68 18 71 0 61 71 28 85 92 14 97 30 96 73 0 73 31 60 14 2 70 77 
1 62 89 81 79 10 13 23 90 23 74 58 12 66 21 46 29 64 95 97 30 73 88 22 73 83 20 78 0 15 87 59 15 79 47 26 53 38 1 79 11 66 99 90 76 4 27 24 59 8 74 15 4 27 61 3 13 6 68 26 3 67 76 35 0 61 39 84 85 97 43 38 75 71 68 98 62 7 17 83 11 88 11 3 49 95 4 30 79 94 95 65 62 77 53 98 34 41 86 45 21 32 23 52 72 6 55 3 47 25 46 65 55 91 23 21 84 77 13 89 98 57 35 26 2 13 38 6 7 38 21 83 29 13 33 84 12 47 10 88 55 53 55 10 2 91 10 97 43 61 12 74 0 63 3 48 88 89 54 46 23 43 56 66 56 5 46 64 40 69 99 68 61 27 81 31 16 83 97 57 54 50 8 61 20 91 55 40 5 67 16 49 64 62 59 26 13 52 4 91 43 43 58 99 44 46 90 11 35 42 34 80 94 81 51 78 39 73 36 27 27 25 71 22 0 23 2 36 69 68 83 43 16 68 4 74 24 55 39 95 29 12 46 26 84 38 95 86 61 40 89 51 24 97 30 54 43 69 69 59 20 97 73 65 47 75 70 22 83 95 25 70 52 5 53 90 68 81 18 6 15 11 66 3 21 44 24 73 86 73 18 61 53 6 3 98 16 80 46 69 
50 32 74 5 76 0 7 38 40 79 7 0 84 66 15 53 36 78 83 91 38 20 99 0 22 61 55 51 16 69 20 88 67 61 26 93 18 3 55 58 40 64 49 33 81 9 99 96 88 92 42 42 73 37 7 34 12 70 44 22 2 81 15 34 97 26 90 66 61 16 66 69 61 30 14 16 23 96 43 47 40 68 8 51 51 59 78 29 58 48 96 82 0 94 30 70 5 53 18 64 56 48 32 15 95 22 49 80 47 81 85 48 59 87 44 54 36 4 72 13 25 41 34 18 48 1 54 98 5 78 44 66 50 94 35 83 75 61 96 67 69 89 12 45 49 37 87 33 97 70 41 5 36 12 64 49 98 24 35 68 33 0 13 74 50 50 48 58 42 48 2 92 40 88 68 57 65 93 46 76 54 63 69 97 78 27 21 58 36 60 86 21 98 58 83 21 24 20 75 8 94 46 11 9 68 9 92 61 78 44 32 11 73 62 68 14 76 17 13 85 64 0 23 10 82 80 30 83 25 26 69 0 12 22 85 85 31 68 95 10 20 45 25 4 70 36 83 88 99 52 35 59 88 14 88 83 10 66 55 32 42 3 59 38 55 10 45 78 10 76 65 34 80 37 97 75 24 46 67 89 37 63 21 34 58 29 51 3 36 14 39 74 58 61 59 93 8 60 58 25 
98 10 75 75 87 78 58 72 52 1 50 49 85 46 10 39 17 30 11 89 62 61 86 24 20 39 17 58 52 99 75 34 23 62 66 99 42 14 4 72 78 27 44 1 70 37 4 40 4 90 44 87 92 2 91 19 48 42 17 8 26 21 76 83 97 88 20 98 36 69 85 19 1 38 88 33 56 97 83 70 63 23 80 8 52 99 35 8 22 69 35 41 36 70 71 20 82 32 26 48 68 81 85 60 40 23 87 21 73 91 30 58 52 49 65 59 40 44 19 30 38 32 8 15 33 68 21 28 66 9 2 31 61 35 71 2 0 32 72 39 0 51 79 91 82 96 86 41 13 29 99 41 14 9 95 55 62 58 70 14 73 96 28 61 28 40 85 42 46 77 87 22 23 91 13 64 32 42 16 65 81 56 67 77 69 31 9 88 94 77 81 58 79 65 53 51 90 67 64 28 86 75 93 12 62 32 12 5 92 24 10 54 23 98 66 9 2 68 72 19 99 89 45 79 15 18 49 74 73 59 29 68 76 76 95 82 20 65 63 33 92 30 90 81 60 55 48 56 39 22 38 91 27 9 42 79 96 87 77 96 10 99 34 18 22 24 75 93 16 1 37 84 32 35 26 74 97 25 95 31 55 99 22 86 27 14 9 67 50 7 96 38 14 69 60 81 55 85 87 98 
66 56 26 67 87 33 91 13 81 64 55 5 14 93 37 86 63 86 64 8 72 83 82 77 39 66 45 87 63 27 51 99 69 43 77 17 36 68 69 5 29 90 53 38 15 65 34 16 22 31 24 38 52 1 77 22 35 89 14 57 25 65 36 8 71 95 18 18 46 21 51 25 94 59 86 92 60 45 31 61 7 4 33 12 81 31 5 61 25 87 91 88 12 46 29 5 50 51 97 42 57 68 8 44 22 51 85 20 54 36 3 52 0 78 91 7 56 21 68 60 50 39 51 39 3 58 11 88 42 84 20 14 85 75 40 36 35 67 14 99 93 23 44 50 29 18 60 67 12 4 0 55 3 51 29 19 45 69 90 76 3 50 15 81 17 7 11 61 20 40 30 59 27 78 18 55 9 55 56 25 50 0 43 70 21 49 19 8 74 13 63 58 26 50 27 9 32 19 52 83 90 95 18 66 44 93 37 73 85 7 4 14 66 10 70 35 86 37 71 97 62 91 20 78 64 15 54 56 20 79 87 44 99 98 93 72 84 28 51 78 46 51 54 71 36 3 19 43 47 48 55 83 34 26 37 48 34 89 49 42 14 81 25 28 54 74 93 81 25 96 17 78 2 68 3 10 37 9 6 99 14 31 18 10 52 84 32 55 71 82 26 98 45 64 14 44 10 17 75 16 
96 30 2 44 54 90 18 17 63 76 30 43 61 61 94 80 39 73 82 87 32 93 46 4 94 18 56 86 23 51 74 44 69 98 4 93 52 61 74 90 46 46 25 57 77 31 20 85 56 91 65 10 36 62 11 72 30 54 61 0 43 89 90 98 28 90 68 11 33 64 84 78 7 62 93 45 97 26 70 25 85 52 44 19 92 36 87 14 23 30 99 60 51 34 48 1 59 13 43 11 96 76 95 48 11 4 60 10 49 18 62 72 3 91 69 56 61 36 12 29 94 86 73 38 95 80 74 22 83 55 67 78 87 10 83 31 5 55 35 51 86 70 67 67 51 62 7 61 9 21 23 40 93 25 41 50 97 59 47 3 24 25 2 81 3 96 73 9 42 56 53 65 1 88 40 92 60 10 18 4 22 85 84 77 60 82 39 61 82 7 72 60 87 0 47 44 73 33 11 3 88 88 19 99 98 24 33 83 91 88 34 45 38 88 49 20 98 33 47 27 31 6 68 59 7 8 14 64 53 60 99 54 84 70 92 48 74 37 89 8 85 85 34 8 81 91 44 93 54 83 43 50 44 74 43 7 21 12 75 96 92 24 8 51 94 43 82 79 23 15 11 96 64 48 50 51 49 40 75 64 69 50 53 64 28 90 57 11 54 18 42 19 2 57 15 51 65 40 43 65 
24 45 14 85 69 17 84 73 4 3 55 8 50 95 7 24 59 9 91 73 61 78 65 85 58 20 42 99 42 29 30 81 18 32 25 42 53 44 30 49 82 3 37 26 11 65 33 93 59 19 57 86 74 54 35 84 6 92 49 71 32 49 34 62 89 4 2 1 70 53 55 86 34 16 13 34 58 90 83 57 56 54 43 45 87 92 64 94 90 56 78 71 27 52 9 22 35 81 44 66 96 3 15 1 54 56 53 7 70 35 92 14 8 9 63 80 42 5 59 57 98 64 35 95 33 62 74 25 33 98 5 17 27 43 6 28 12 53 39 44 41 66 49 93 94 14 18 63 22 73 45 32 7 25 12 36 35 73 29 64 11 98 47 9 43 10 80 31 34 76 23 80 65 29 45 53 73 56 52 4 29 90 50 9 38 82 76 62 37 97 55 48 71 26 35 61 31 83 38 73 46 55 39 88 5 31 17 40 72 86 20 58 28 59 69 12 56 98 34 2 23 55 52 48 1 66 63 7 15 56 82 83 14 50 19 24 1 57 48 91 69 48 10 5 60 5 62 24 77 24 61 17 14 76 0 74 69 81 90 88 72 25 98 82 57 44 70 79 8 83 32 56 52 57 91 40 68 89 81 1 33 48 35 50 33 31 33 7 18 45 97 63 1 21 77 95 26 85 67 66 
58 7 12 94 83 34 97 22 70 21 42 42 12 4 75 36 46 90 43 46 60 23 11 85 9 5 82 79 52 35 79 24 70 95 31 14 60 88 33 92 85 39 73 61 53 66 86 66 75 3 79 13 94 1 83 15 48 11 10 54 43 47 7 80 76 99 22 79 10 4 38 4 39 95 17 14 28 95 67 77 24 75 64 98 70 48 85 10 73 81 34 19 90 29 64 91 96 39 66 87 76 86 60 69 35 97 31 88 99 17 77 29 33 94 33 77 75 64 42 52 24 24 82 9 82 83 6 27 32 8 7 97 29 0 95 43 69 91 90 64 22 81 91 40 75 84 94 96 49 20 27 76 89 92 1 77 19 83 98 98 24 39 16 21 56 19 78 43 90 22 71 5 37 43 95 21 71 90 30 53 96 98 77 63 30 9 42 47 37 54 67 33 30 71 64 41 30 73 23 51 2 66 56 14 64 44 24 92 17 9 41 32 53 89 24 21 24 37 23 83 51 24 0 10 15 45 94 16 52 60 67 15 1 71 83 25 12 63 84 79 14 67 2 38 46 49 91 32 83 78 24 7 49 53 47 91 69 44 78 7 33 55 55 27 98 57 19 2 49 34 93 61 30 13 14 10 15 92 7 80 94 93 73 91 50 82 15 81 43 38 65 48 90 31 95 55 37 29 59 15 
14 61 49 45 97 71 60 77 96 76 40 18 10 23 84 90 48 19 28 7 82 15 90 64 42 37 23 85 81 65 10 34 89 61 86 59 18 7 2 59 65 42 23 66 37 35 50 93 57 64 36 95 23 28 89 55 42 47 17 34 35 13 20 3 49 17 40 95 24 67 19 24 91 54 15 1 92 6 98 48 41 7 70 2 16 19 83 29 9 56 55 15 52 46 77 17 97 42 53 88 30 45 16 11 23 27 69 94 2 22 64 32 87 11 27 70 37 79 72 11 14 96 28 65 75 62 41 67 63 80 4 39 55 14 60 4 50 7 82 79 72 34 77 86 74 82 69 75 99 28 25 59 90 22 4 22 57 23 9 39 35 76 17 14 36 52 5 30 19 35 62 37 14 54 12 44 27 91 20 97 54 77 22 96 5 14 50 45 99 9 72 72 25 47 42 36 46 99 29 63 12 25 35 21 65 39 73 86 2 90 47 50 88 82 62 5 92 23 60 76 73 48 77 37 11 35 39 91 93 61 53 91 3 92 88 54 53 91 13 7 44 80 54 69 53 2 30 70 74 39 19 3 57 21 34 40 82 0 34 40 65 14 97 43 93 74 16 83 13 51 96 3 80 30 23 16 1 49 3 7 50 87 44 73 16 13 24 4 62 84 78 53 34 74 13 40 38 31 29 41 
96 25 44 28 41 28 53 82 60 7 49 82 60 4 17 85 38 43 55 82 51 14 16 75 39 76 93 83 49 64 10 53 74 89 37 22 29 33 16 82 29 90 99 40 75 0 75 60 62 64 24 58 61 97 89 64 62 65 92 14 14 8 19 67 8 59 81 72 47 88 44 31 39 99 30 79 19 62 61 35 43 68 18 24 40 46 81 40 7 78 68 53 20 90 29 12 42 63 5 51 69 56 17 8 7 25 68 19 55 85 89 91 39 86 86 2 93 57 15 35 40 15 47 26 33 77 80 27 37 37 90 80 49 72 64 71 52 94 29 48 88 85 3 62 68 95 93 67 63 96 39 92 40 80 36 64 79 14 48 11 48 41 23 76 13 17 22 95 87 65 6 7 50 41 15 10 69 74 3 32 70 26 20 48 75 37 78 35 27 84 83 30 50 63 25 10 85 26 46 66 65 76 50 8 4 43 99 7 95 79 1 17 44 16 34 93 1 86 75 53 28 33 35 96 52 39 96 88 45 73 49 64 11 26 60 27 27 98 94 72 61 94 90 82 51 36 90 39 7 93 6 97 98 81 19 42 50 38 37 18 42 76 76 53 29 21 71 92 82 80 28 34 7 37 22 7 89 60 85 25 20 83 29 13 16 78 83 31 94 3 81 73 73 96 37 88 62 85 66 45 
1 45 97 65 48 8 40 70 72 1 68 63 78 54 58 17 69 46 10 62 57 99 39 54 81 15 7 95 74 12 28 45 99 45 74 97 94 61 61 12 6 71 53 78 14 37 37 18 73 75 39 83 90 15 6 7 18 21 50 4 50 59 13 14 44 96 7 15 7 66 37 81 4 17 70 83 51 86 2 2 78 40 30 38 58 87 12 30 64 80 35 81 12 38 65 86 91 8 94 34 31 71 69 30 14 24 11 17 34 12 74 36 48 72 5 78 94 47 48 63 58 3 55 6 94 11 9 9 60 8 70 60 50 42 79 72 81 84 76 90 92 32 46 91 21 53 69 50 98 95 3 39 48 84 72 23 21 29 51 25 34 29 32 24 27 36 14 1 47 27 57 0 74 99 41 63 4 87 47 6 63 7 0 91 68 24 22 15 64 35 61 65 46 54 50 13 50 19 92 2 90 57 61 56 7 62 38 48 63 68 37 54 99 69 29 28 45 41 83 73 76 94 69 83 59 14 72 48 84 79 96 53 58 25 22 26 39 76 72 16 94 22 18 97 49 5 39 21 4 51 9 13 37 58 94 43 42 53 55 78 28 88 28 96 36 58 42 96 49 25 2 25 29 18 72 35 69 72 61 10 36 31 97 29 91 99 92 29 51 98 15 48 19 47 64 38 98 30 80 95 
49 84 68 81 6 79 50 13 67 23 95 41 31 68 97 0 44 57 80 30 88 84 36 45 72 15 47 43 12 84 20 92 39 15 44 94 6 53 41 69 93 91 99 86 72 5 27 80 84 15 30 81 51 61 40 15 79 99 8 88 9 38 11 23 86 48 47 98 90 56 67 95 77 92 85 16 34 40 77 52 66 42 75 65 40 3 83 97 36 40 23 0 15 68 14 41 95 5 49 19 11 69 87 35 30 46 62 56 14 84 61 35 67 90 20 75 48 57 96 52 39 3 37 44 89 79 8 47 9 91 38 53 15 37 76 53 44 94 44 90 27 87 40 50 7 62 90 26 71 82 40 43 73 10 3 26 98 55 65 83 71 96 0 60 29 82 67 56 53 59 10 65 0 8 45 60 50 93 11 85 54 77 33 97 47 5 50 51 57 66 28 76 52 18 84 58 98 32 72 34 58 58 49 2 7 94 55 65 57 48 61 27 16 4 65 9 49 44 74 0 32 83 58 98 46 74 91 30 58 55 24 53 10 9 49 51 31 34 68 83 97 28 69 14 4 39 41 54 12 15 34 93 42 33 30 31 25 10 99 10 40 27 98 42 98 0 28 40 39 48 30 6 11 6 37 29 0 74 0 41 7 95 74 97 13 68 25 58 49 90 9 32 2 6 34 86 9 36 93 61 
0 63 73 91 53 62 4 95 20 65 6 61 29 90 5 50 44 96 15 4 97 37 18 41 18 11 11 71 43 18 87 36 57 99 55 27 25 48 9 52 46 33 48 75 44 61 64 36 80 70 35 29 68 68 12 93 67 29 27 6 13 21 48 77 91 60 75 37 46 61 72 46 42 36 79 74 75 67 5 93 25 11 61 64 72 4 73 86 32 24 70 5 71 36 21 53 59 78 73 4 68 22 8 82 27 26 81 95 35 55 37 72 13 81 46 65 46 40 48 97 78 75 65 27 94 32 76 40 61 88 26 61 33 62 75 6 22 40 1 91 44 65 78 76 7 3 25 51 96 31 81 25 43 99 94 77 96 30 35 23 41 67 76 21 39 91 43 34 35 83 32 91 57 91 2 28 14 92 82 20 55 22 8 88 19 8 85 52 48 19 20 2 58 90 49 21 82 19 26 42 61 78 60 54 74 20 96 54 36 72 33 96 69 39 9 76 22 10 81 99 15 19 75 12 77 30 27 68 11 86 13 52 44 6 74 71 50 0 85 24 26 83 15 15 88 53 28 74 10 1 74 14 37 25 35 69 67 56 57 79 18 27 89 86 33 83 9 2 46 87 97 11 20 58 82 66 21 82 24 36 30 74 67 93 55 1 34 62 46 49 83 39 15 60 0 24 14 39 56 99 
65 51 15 6 16 60 16 84 33 93 18 84 48 15 76 66 78 81 22 91 89 0 11 92 2 69 38 58 16 53 2 79 78 59 13 59 95 1 39 75 88 89 6 13 80 6 70 76 69 94 91 79 84 69 37 37 72 66 92 56 68 70 83 13 99 69 26 47 39 28 97 51 78 72 46 35 78 91 95 0 90 7 28 12 74 52 56 12 34 80 11 49 65 46 69 67 44 30 92 69 61 24 74 7 17 63 65 13 35 16 40 84 87 85 35 22 19 85 42 11 39 92 26 76 36 61 68 92 8 44 66 36 94 49 71 10 76 48 1 83 96 8 59 89 6 40 44 31 65 19 95 39 4 7 83 3 21 49 88 84 62 45 69 31 66 96 61 57 30 38 92 80 84 81 89 65 77 9 47 60 16 72 36 52 23 44 19 53 23 78 14 79 76 92 15 46 76 96 82 21 94 1 80 36 48 25 92 48 77 60 91 87 6 24 6 43 73 62 95 59 84 10 59 81 53 25 67 88 53 84 55 29 56 63 32 18 96 51 18 11 69 1 14 88 52 40 27 52 56 88 31 79 73 38 74 62 11 21 61 17 25 92 7 36 44 9 0 89 45 82 26 61 6 88 70 84 98 15 73 66 84 80 34 74 16 34 33 26 91 24 61 38 40 65 22 1 79 26 10 54 
13 37 56 80 59 64 29 99 88 34 22 32 74 72 17 97 97 92 71 71 44 93 49 63 39 24 40 81 60 44 64 36 79 92 2 67 50 60 58 89 48 41 8 37 90 74 36 17 15 20 45 33 29 46 78 12 27 83 43 11 60 19 34 61 51 46 15 79 64 91 63 80 19 31 26 17 71 20 4 43 13 5 32 0 72 7 19 30 29 63 31 20 18 41 4 28 29 59 46 63 94 38 42 21 58 37 14 81 19 97 74 93 15 20 40 41 15 18 74 6 54 48 15 63 27 7 13 70 21 49 75 95 80 36 28 29 83 78 10 8 33 68 66 64 53 61 29 70 80 74 42 74 92 59 19 66 34 58 45 6 82 54 83 94 46 27 31 34 32 25 90 37 69 64 93 77 49 78 38 63 47 46 36 20 49 12 6 83 18 73 56 78 60 2 57 92 88 7 48 37 7 72 21 39 44 58 28 73 5 58 42 72 9 59 47 94 61 68 68 80 24 29 77 46 55 66 50 19 79 72 42 42 24 42 9 45 18 81 69 36 87 89 41 8 25 33 62 37 52 10 22 58 42 72 89 57 66 54 13 65 78 50 68 66 33 48 70 46 53 29 32 86 4 5 21 93 38 27 33 20 84 2 3 48 29 86 43 86 45 0 1 37 9 68 66 61 47 80 35 28 
78 31 57 21 67 57 50 38 46 69 34 9 74 68 68 50 40 52 67 13 46 50 93 23 66 65 43 56 88 78 36 58 81 30 96 49 87 5 6 87 36 19 37 53 2 92 67 19 54 28 81 27 16 81 72 5 93 64 45 45 80 57 19 53 79 19 80 11 21 40 70 86 5 7 29 72 76 18 29 37 10 5 29 52 31 19 1 18 33 86 84 88 17 65 74 83 20 58 37 57 34 73 31 84 69 18 38 91 8 98 70 56 48 3 77 39 12 58 17 93 46 28 74 92 35 76 43 86 58 30 78 75 7 98 82 93 32 57 64 23 88 34 12 67 12 59 54 89 86 54 85 95 7 54 6 82 25 62 34 41 30 42 14 58 92 6 44 44 34 34 41 65 23 40 87 12 11 39 48 64 38 29 5 79 77 81 93 7 13 1 18 59 79 88 60 76 21 98 97 39 25 57 19 65 13 26 91 74 10 19 96 11 86 28 73 67 77 0 55 23 80 56 13 39 22 7 51 70 21 86 65 79 78 65 4 18 53 56 99 68 85 64 56 55 82 80 9 77 85 3 57 4 52 21 29 22 18 46 46 92 42 86 31 45 93 92 18 67 59 55 6 50 26 16 4 33 93 71 0 26 31 49 33 91 78 99 66 84 77 95 45 71 87 22 42 92 62 93 30 94 
38 77 60 34 73 20 77 95 14 26 57 57 91 11 5 28 18 3 16 29 59 44 68 60 69 48 84 88 8 51 27 98 19 98 19 12 12 84 92 78 71 78 27 53 16 39 99 36 70 16 11 4 92 36 47 12 43 76 85 90 62 63 5 76 30 97 3 88 33 92 97 55 59 81 79 29 64 30 89 39 10 1 71 19 43 38 14 32 26 45 42 64 94 38 15 53 11 94 67 45 90 65 75 61 80 17 10 1 31 67 76 13 49 48 30 94 0 83 58 10 13 0 80 43 55 80 26 12 23 86 68 79 76 32 76 97 71 63 17 72 99 73 37 20 50 90 23 7 14 85 95 37 10 3 0 78 66 86 73 61 59 87 65 45 16 29 5 93 83 60 78 74 97 73 22 43 68 19 61 96 4 16 23 77 64 7 5 10 41 65 33 45 20 40 9 89 55 56 35 11 80 89 2 18 63 56 71 33 97 67 71 6 24 70 72 32 95 90 76 91 90 81 18 13 92 60 45 26 15 81 5 2 36 67 68 72 11 56 30 59 66 81 32 64 99 10 14 65 41 33 83 76 22 17 71 11 82 4 38 7 10 67 49 64 50 70 50 9 1 59 10 92 15 93 68 7 41 48 53 45 48 27 75 84 0 16 20 19 3 35 20 38 22 66 4 43 27 2 50 20 
76 87 77 72 35 47 94 68 8 54 0 68 2 84 52 81 11 84 5 40 34 62 11 13 72 9 53 92 56 91 45 82 60 23 80 14 49 2 33 2 65 3 45 90 49 23 14 50 99 67 97 74 99 45 48 75 6 96 94 45 40 1 0 95 88 63 89 94 70 94 39 90 23 51 82 52 74 2 14 47 45 62 41 67 2 49 7 87 76 71 13 61 89 66 25 2 6 27 11 27 5 98 2 31 9 69 66 46 70 85 59 23 33 99 41 59 10 75 44 84 42 75 83 76 38 93 67 92 5 89 9 8 43 12 19 64 98 21 8 78 7 17 37 79 38 84 69 1 50 83 63 8 41 4 20 59 35 52 34 8 50 51 4 74 60 54 51 8 59 4 88 15 16 80 77 13 0 94 7 90 40 67 38 52 63 16 12 91 59 0 74 66 33 0 85 72 96 19 73 69 58 11 51 66 50 23 64 81 2 60 53 29 38 3 51 80 36 41 53 99 75 69 93 34 61 34 19 6 80 10 50 37 20 96 13 30 42 58 35 84 19 98 41 82 17 83 6 20 55 58 92 30 46 55 17 54 11 54 95 87 20 16 82 9 24 47 72 7 28 51 49 91 56 70 9 7 34 57 24 76 45 51 18 55 88 38 32 20 39 72 98 53 30 16 29 11 43 33 75 94 
25 79 87 44 47 64 66 31 35 56 51 93 93 83 12 21 26 62 81 37 87 96 85 30 72 37 57 51 95 64 43 85 63 90 6 6 30 14 41 90 88 13 6 74 45 51 11 41 88 99 39 41 7 63 24 73 13 42 37 93 31 21 64 75 70 90 79 76 26 54 86 87 57 74 84 17 84 86 31 75 98 45 18 93 2 75 47 16 15 46 37 59 8 49 33 81 71 47 12 93 47 77 61 33 67 65 16 54 23 53 33 16 19 12 94 94 1 35 1 38 6 34 90 66 51 84 74 6 37 66 6 23 11 58 0 12 4 82 34 76 70 68 0 75 81 66 13 41 11 69 35 14 24 37 92 76 30 39 9 59 95 75 8 12 84 61 88 81 5 39 31 81 50 69 8 87 71 38 84 73 3 45 75 31 66 68 8 66 65 72 69 50 42 51 19 62 98 47 8 58 57 2 70 93 30 68 3 67 48 53 44 26 14 38 7 6 57 47 13 86 55 21 82 40 42 13 1 79 32 45 75 17 21 11 69 6 28 31 64 20 56 24 23 50 25 81 23 48 29 76 24 84 65 80 34 37 38 20 92 74 59 69 45 10 45 87 36 11 96 38 53 33 71 7 12 76 64 26 25 77 40 5 1 11 38 10 54 87 99 85 57 97 35 0 90 64 7 61 39 13 
52 94 60 11 14 36 31 92 86 39 75 8 10 39 91 1 8 2 58 36 62 99 46 49 45 67 23 6 98 98 68 2 99 34 50 17 40 12 83 71 0 0 90 16 40 80 42 53 47 46 76 75 46 32 0 23 28 24 81 84 12 51 55 36 38 79 60 70 24 49 54 98 42 86 95 58 89 40 60 3 70 42 62 81 17 0 72 22 32 31 94 2 67 67 74 95 21 80 71 46 33 8 15 20 12 45 65 52 78 27 15 44 94 15 39 83 73 26 34 47 65 66 62 31 2 90 17 84 23 23 15 75 12 9 49 34 25 48 47 28 78 52 5 95 10 32 63 85 52 32 38 77 36 41 65 4 59 18 56 58 55 33 50 89 64 77 94 60 97 7 22 46 69 3 72 0 34 74 65 62 35 64 59 28 80 37 67 96 88 70 13 52 90 11 9 49 45 61 6 48 87 11 87 85 15 66 86 7 38 15 77 25 65 77 32 57 34 29 20 78 94 39 51 97 84 32 45 27 21 47 20 54 23 7 93 20 38 66 70 3 1 92 34 22 47 13 20 17 14 43 29 62 36 83 86 39 23 25 77 19 90 19 14 85 99 79 73 56 50 40 39 10 70 85 41 37 3 38 31 39 23 52 18 90 80 38 38 46 36 90 41 27 48 28 71 13 8 55 13 18 
6 11 33 71 6 31 93 92 56 89 10 81 87 6 26 7 3 8 78 25 27 25 5 57 66 8 17 38 80 76 69 96 30 35 85 19 23 81 27 10 53 19 85 71 81 97 11 12 43 88 44 4 3 7 76 82 69 63 85 40 78 66 95 79 7 52 47 36 35 39 40 80 85 17 42 89 79 16 21 47 84 26 4 16 20 64 80 81 21 66 92 68 18 21 90 93 52 58 40 97 59 38 28 8 44 80 26 8 99 68 34 10 0 0 12 23 38 47 33 22 52 95 39 82 38 90 80 27 55 39 28 44 76 35 27 8 25 32 49 80 58 95 6 12 3 14 64 28 1 60 48 74 95 30 27 64 40 83 22 21 66 4 55 4 98 16 7 89 68 55 88 82 51 35 60 43 20 17 92 54 33 49 48 76 56 65 94 57 55 50 85 37 95 63 2 69 28 20 53 88 37 23 55 29 9 94 3 18 30 60 9 87 76 34 8 32 40 47 46 67 43 46 36 1 99 97 98 98 11 56 20 9 95 51 95 73 97 33 91 39 23 63 93 53 11 30 5 4 60 44 35 42 68 47 14 21 59 18 46 26 44 55 91 7 56 15 51 30 45 16 53 30 81 30 72 59 78 27 44 36 48 41 70 21 69 65 48 64 81 64 47 41 7 43 84 23 60 12 96 26 
4 33 41 27 46 41 22 11 95 15 38 39 77 94 40 73 61 40 79 23 74 1 61 24 66 88 6 32 93 58 96 83 75 53 58 58 18 99 6 98 15 62 68 31 4 96 5 45 71 8 35 69 75 96 39 75 61 37 22 34 87 58 25 99 69 86 71 56 48 28 41 94 31 14 74 98 78 52 94 89 26 31 49 61 94 59 56 98 74 11 25 59 11 4 2 93 57 0 43 32 37 66 75 16 4 99 16 77 73 54 42 40 29 62 79 6 61 81 31 4 66 21 79 30 30 44 33 13 80 12 81 45 88 21 21 94 62 89 15 45 68 90 95 57 91 48 97 6 60 18 43 17 25 51 91 60 71 86 92 73 63 71 85 12 51 77 90 21 82 85 74 78 13 60 31 70 20 31 66 54 6 61 45 96 97 7 40 98 7 48 21 71 19 69 0 73 13 46 96 38 41 23 11 40 6 96 40 50 89 72 49 57 40 38 29 38 98 96 1 32 10 56 64 68 98 74 85 5 75 22 31 62 89 83 1 21 3 33 34 87 43 88 92 47 66 95 12 20 44 67 14 36 59 40 1 96 84 94 72 40 86 91 14 1 38 69 66 93 16 39 62 55 24 55 48 70 7 34 98 14 20 11 52 76 21 48 63 33 85 85 30 56 19 78 30 52 76 30 16 83 
55 8 53 93 54 67 5 5 61 19 91 5 76 20 66 30 35 96 5 96 24 37 20 39 79 97 15 40 68 77 34 62 67 81 37 74 12 38 71 80 54 71 45 2 63 80 9 68 45 49 59 78 81 97 1 75 55 21 45 45 11 64 91 62 36 53 9 41 31 20 29 79 43 50 47 2 31 56 84 71 40 32 53 53 54 72 39 84 55 27 87 40 45 18 73 10 51 98 66 43 73 57 52 3 43 28 14 76 30 43 34 61 9 50 85 47 93 28 94 2 55 27 82 15 92 14 1 86 16 76 95 87 81 39 91 96 24 17 61 48 17 85 58 12 37 24 70 99 12 79 58 69 70 2 28 10 5 39 28 89 61 69 39 82 96 71 19 19 76 27 90 74 57 7 27 77 50 44 14 61 82 59 46 51 13 73 62 60 5 26 99 60 15 56 71 61 20 65 86 68 88 43 29 87 53 96 14 71 77 72 0 82 40 11 39 12 82 10 94 59 0 3 66 71 97 1 58 80 3 31 95 64 91 30 72 30 64 51 84 66 59 28 40 47 30 64 79 24 61 75 97 0 60 12 69 2 45 53 37 14 28 46 11 64 30 25 70 39 0 75 79 37 64 46 51 79 82 33 59 69 75 95 35 82 93 77 93 11 86 93 9 97 63 77 80 28 22 72 26 32 
89 16 40 98 69 9 0 67 41 56 58 38 27 99 79 48 83 91 0 42 52 40 32 13 11 75 68 67 51 59 92 47 87 49 50 37 99 24 92 74 74 96 97 32 72 45 50 32 61 93 98 10 33 13 36 41 78 0 3 79 40 39 72 17 98 13 41 60 9 82 56 1 6 70 56 2 47 94 43 24 33 9 67 77 83 64 48 0 2 50 1 99 13 72 78 86 63 48 28 32 27 59 15 93 95 71 20 53 61 14 92 67 50 9 86 33 5 38 66 22 81 66 66 22 6 6 0 4 31 76 40 55 76 56 39 48 32 75 6 59 13 76 11 0 3 90 26 36 73 28 15 87 22 11 79 62 79 84 22 98 44 9 73 23 9 12 8 72 57 12 75 15 12 80 98 39 70 42 24 20 55 48 9 94 64 88 63 69 28 17 52 30 55 5 13 36 46 40 35 1 58 93 34 87 73 15 10 23 1 5 54 25 49 63 61 13 76 71 25 94 37 16 88 67 47 0 61 82 22 22 34 76 96 12 23 67 43 77 24 86 3 33 8 48 3 31 8 9 64 91 5 64 71 13 7 3 13 57 74 54 92 0 8 22 95 58 52 21 2 41 50 38 38 43 24 19 16 88 3 55 43 36 31 19 40 70 21 94 35 7 25 0 42 56 80 60 13 77 1 16 
87 44 10 18 84 59 45 48 71 96 54 35 47 9 49 1 98 35 50 41 93 89 63 56 49 10 24 17 90 8 63 18 0 50 73 25 78 97 88 35 45 64 56 99 23 44 36 15 55 50 35 96 21 22 65 37 1 27 39 44 77 50 33 26 62 86 41 46 2 39 74 78 95 25 8 24 30 81 8 70 51 54 18 99 96 97 95 7 50 41 3 51 60 31 23 64 76 66 87 77 59 53 74 91 19 30 54 12 56 78 14 67 18 53 67 59 76 99 73 28 60 68 5 50 89 90 6 61 84 15 75 77 7 39 87 85 41 84 48 89 72 32 52 95 94 31 30 0 12 67 58 58 1 51 55 73 67 35 9 62 25 97 44 32 83 71 98 9 10 63 76 50 94 24 58 79 45 48 33 70 29 3 71 50 57 56 58 45 32 28 16 18 84 38 98 45 95 14 32 69 29 67 96 24 7 78 78 31 40 41 61 51 51 73 29 27 39 87 40 95 92 19 71 87 88 13 78 99 29 56 4 30 91 52 34 25 84 63 37 11 80 75 10 55 14 8 80 48 8 67 56 97 76 77 11 46 94 76 71 33 21 62 62 86 26 88 62 49 92 52 26 93 48 69 97 87 92 11 49 58 52 19 7 58 23 21 89 61 33 69 76 93 28 64 27 15 42 14 61 61 
57 33 76 21 24 84 10 66 35 20 90 75 64 0 65 84 3 77 7 13 84 9 9 84 32 63 36 33 90 47 74 41 93 94 70 77 83 69 1 97 47 94 29 49 8 93 47 61 96 1 48 24 38 20 63 34 21 45 92 1 9 98 61 2 74 75 73 78 88 21 29 58 50 82 94 47 7 1 6 91 3 24 0 25 46 36 20 12 39 11 39 2 26 1 12 75 75 41 73 37 64 42 42 75 56 38 43 77 17 86 91 9 48 4 13 24 5 40 22 99 87 75 35 80 82 54 9 8 77 37 12 81 51 68 53 27 72 96 54 78 64 48 43 61 54 5 58 5 4 68 48 21 87 15 56 28 89 33 71 5 58 68 69 67 87 41 87 44 95 15 87 18 46 95 90 47 3 69 87 13 24 8 77 26 54 51 94 5 98 93 33 35 96 86 91 49 78 82 99 58 81 46 1 77 51 43 36 12 98 27 72 16 59 71 84 63 69 91 4 51 24 51 37 35 62 65 87 21 95 30 54 35 90 77 47 9 97 51 81 28 41 29 28 11 82 46 3 46 22 1 50 66 3 84 24 69 33 80 5 89 40 74 93 61 40 82 96 86 1 79 93 72 12 28 27 66 56 91 4 40 3 10 68 25 62 8 32 88 6 49 5 91 53 80 41 60 75 61 19 51 
40 36 24 40 2 64 81 16 79 52 50 86 76 48 30 25 55 65 88 93 2 35 51 27 14 33 71 10 48 64 74 70 52 66 51 82 69 36 93 73 57 78 44 92 47 9 92 38 32 15 91 15 14 44 4 51 10 59 37 40 96 50 78 95 22 76 8 9 92 53 22 50 40 38 52 82 63 62 38 8 98 79 99 10 14 66 31 19 13 43 55 5 35 79 47 22 55 98 7 81 73 84 36 38 21 59 59 66 26 8 66 84 74 36 20 73 30 36 22 64 57 29 89 16 63 78 68 45 70 91 34 93 15 30 94 42 96 84 79 88 15 41 32 34 56 51 9 22 55 26 26 4 41 25 50 9 90 43 1 66 52 52 57 34 31 8 25 28 46 3 61 4 53 31 2 57 19 39 0 70 22 43 78 39 21 25 38 66 56 20 40 97 45 56 85 79 21 91 52 94 87 79 90 99 96 64 54 22 96 34 9 80 40 17 2 52 54 93 65 67 85 71 97 93 80 57 50 59 99 2 55 5 34 97 69 62 67 12 97 58 51 59 25 6 4 63 73 22 13 49 35 34 29 30 27 15 14 16 39 52 14 4 42 7 73 59 58 78 47 8 78 72 0 31 27 71 86 72 1 70 81 41 1 16 63 44 18 79 17 80 73 94 54 28 40 63 72 90 40 32 
43 63 47 62 89 27 78 65 30 77 85 1 40 34 54 66 52 51 54 91 57 78 14 66 27 78 53 16 81 27 54 60 54 75 7 8 66 33 9 9 69 99 95 43 96 57 5 44 77 13 74 78 2 90 95 32 5 20 95 35 43 22 99 40 19 53 62 54 36 35 11 21 49 78 9 5 42 26 34 43 53 59 41 86 98 95 86 83 60 14 73 5 93 36 20 81 6 49 25 47 77 28 96 9 72 57 84 19 83 79 92 12 86 48 47 94 9 54 29 15 75 93 21 91 54 15 57 99 44 55 55 82 39 95 84 64 87 91 17 52 57 3 20 93 35 82 73 92 72 43 17 13 29 92 5 9 70 93 65 69 49 25 37 68 87 49 11 42 22 28 34 59 38 41 10 99 98 92 73 79 32 45 78 36 30 94 93 35 14 3 96 54 4 1 34 7 69 60 23 20 53 85 85 24 30 86 69 89 51 86 48 95 21 21 5 74 69 75 3 74 58 57 51 82 55 59 13 59 92 89 8 74 36 42 96 4 83 6 12 46 33 85 66 41 85 58 22 75 70 27 8 80 39 26 9 69 45 96 24 11 80 26 6 59 45 96 46 14 13 88 65 9 37 38 55 40 60 21 73 9 40 35 51 52 9 7 27 93 46 78 43 13 7 76 28 16 55 44 39 18 
33 59 70 91 20 28 0 46 76 42 29 11 89 38 76 17 40 5 27 28 39 87 13 52 59 44 42 86 82 22 23 93 57 22 67 0 39 5 1 55 97 5 63 29 69 90 23 58 12 76 21 53 48 20 77 68 55 27 69 26 81 84 74 4 72 22 14 27 38 39 74 68 97 89 36 83 29 72 26 25 79 91 75 52 98 52 39 36 29 11 17 81 94 90 44 51 92 31 40 33 94 23 26 74 33 0 7 64 14 92 50 10 16 20 98 4 44 39 15 59 61 69 76 57 7 28 87 1 71 88 5 8 0 89 95 42 32 40 53 95 68 26 57 47 35 80 73 35 2 79 14 54 75 6 18 64 70 75 33 88 59 57 39 20 99 82 46 31 14 65 65 15 79 60 36 81 9 58 78 99 88 83 54 77 45 99 9 15 3 96 86 35 85 88 52 74 22 59 77 20 95 11 93 34 42 47 53 18 58 59 40 76 96 49 70 16 68 34 8 40 1 49 53 15 78 45 52 7 30 92 80 10 2 41 9 26 51 21 69 40 49 56 17 49 94 78 40 46 0 29 43 50 99 33 10 22 55 37 33 15 52 68 61 73 30 71 56 15 20 91 48 7 57 60 17 20 67 25 77 28 4 67 62 92 51 2 55 18 94 6 43 13 90 6 5 92 76 60 98 29 
8 42 19 20 38 15 65 13 87 11 5 98 30 55 50 24 23 47 25 67 52 73 75 10 93 89 20 47 79 42 90 72 51 63 72 69 0 19 79 2 0 16 12 66 39 62 85 50 56 50 82 16 34 83 3 19 67 40 1 85 91 98 36 92 42 73 41 81 10 63 64 16 42 9 29 38 4 19 88 86 52 48 41 26 84 81 27 5 19 87 12 85 20 62 4 53 69 25 33 49 41 50 53 89 21 13 32 23 8 22 1 86 12 92 72 6 45 28 63 44 8 25 21 17 39 83 77 21 60 21 84 16 80 38 13 78 33 68 15 17 37 90 51 48 50 16 48 16 45 85 86 81 10 75 44 5 0 0 52 16 46 25 73 75 26 54 99 78 87 97 88 46 91 64 38 59 36 71 62 99 35 67 30 89 87 42 80 69 9 28 88 37 32 68 48 64 83 3 67 9 81 15 3 93 37 47 40 28 92 59 1 2 56 36 30 30 33 75 26 62 70 37 25 38 61 91 48 77 6 36 48 75 46 88 44 4 4 34 2 47 39 60 33 33 37 38 97 7 99 92 85 98 3 76 72 70 46 2 57 1 10 54 95 84 50 22 1 74 74 39 54 79 71 60 2 12 54 48 99 15 76 50 41 48 63 16 29 76 86 50 2 40 41 36 48 5 58 87 93 53 
47 98 91 34 13 72 20 50 35 42 14 94 23 4 77 52 77 11 93 42 2 80 68 54 88 13 14 75 84 50 37 11 13 59 50 88 97 82 85 88 7 2 47 43 20 30 42 19 98 74 72 92 11 2 91 11 16 47 86 28 51 1 94 9 14 73 62 91 39 71 37 79 29 26 98 89 7 54 58 77 30 43 49 98 49 72 98 82 52 17 94 94 16 66 52 96 88 29 93 97 66 33 20 88 51 8 18 47 92 82 10 28 79 13 22 97 91 54 83 6 38 45 86 69 88 47 59 42 68 30 73 76 84 2 93 89 24 5 94 4 38 67 66 65 21 63 99 16 9 87 62 34 4 62 70 17 87 83 26 28 60 4 30 39 66 40 62 3 92 73 91 49 25 52 49 18 50 69 25 89 15 6 35 34 14 79 75 31 46 24 95 55 52 25 36 43 75 55 71 27 98 83 82 48 75 19 3 42 87 18 70 57 19 21 53 39 75 15 84 12 35 22 33 71 62 21 47 29 38 69 71 68 59 94 23 23 63 22 43 71 85 73 3 14 96 55 41 66 82 31 78 4 10 11 83 40 77 98 94 47 77 54 81 8 62 34 53 23 65 19 74 0 13 83 21 68 10 25 28 32 39 97 33 90 89 12 13 31 8 1 22 60 91 75 5 93 74 31 73 1 
10 24 26 55 80 88 42 55 51 76 12 37 46 15 8 62 73 30 58 10 93 31 60 13 19 41 49 82 71 14 23 75 50 13 89 9 6 17 35 14 29 33 58 82 92 29 52 72 8 97 30 26 75 56 53 5 53 1 36 43 39 13 21 3 32 70 0 88 7 86 78 44 53 25 45 75 10 25 71 0 4 78 97 30 95 46 98 36 42 52 98 54 73 45 95 37 88 57 62 4 95 4 58 8 38 96 83 7 7 54 50 10 22 58 21 58 51 67 56 33 27 69 98 53 37 6 26 12 4 91 47 51 26 72 12 63 0 62 76 60 68 63 4 79 55 50 96 93 56 55 32 90 24 59 25 58 18 29 9 14 51 12 78 88 46 82 20 13 12 48 94 51 39 79 39 18 21 66 61 11 65 31 52 91 30 75 84 65 48 51 39 58 52 39 89 27 21 90 27 67 7 56 62 51 33 92 69 18 70 25 96 26 56 47 2 86 12 85 47 12 1 8 37 11 75 33 59 98 90 0 62 86 18 18 37 97 48 6 84 73 22 2 13 24 37 70 51 14 84 60 10 18 0 8 73 37 34 3 82 53 95 77 39 67 46 84 75 42 77 26 41 67 6 23 37 62 88 91 68 40 90 34 91 72 8 20 81 79 0 11 12 73 2 13 2 15 37 94 55 1 
52 73 46 45 49 11 28 53 38 6 48 59 17 17 28 50 14 1 23 88 99 30 92 34 27 19 92 15 24 85 75 14 53 83 47 40 7 45 2 64 52 2 41 17 48 61 92 51 12 71 8 61 37 64 57 80 64 82 61 83 94 21 16 74 71 23 4 94 64 58 9 31 77 62 48 10 51 12 28 32 27 46 5 1 84 67 28 93 0 57 21 6 15 47 33 86 67 79 14 83 39 21 58 12 85 21 46 51 93 82 10 55 53 3 64 62 12 72 95 9 3 88 14 31 48 63 72 33 71 87 42 84 96 87 95 21 49 84 87 7 24 44 94 83 49 51 40 92 0 50 34 96 27 28 78 38 51 23 41 15 94 24 33 31 53 7 7 4 53 35 18 86 2 79 3 99 86 30 49 67 40 22 40 2 88 12 9 36 53 54 35 14 66 22 61 73 37 76 37 22 6 9 85 22 62 94 21 57 26 39 12 98 62 77 38 25 16 15 56 52 90 93 95 35 24 6 5 69 70 52 73 32 32 23 46 64 96 22 41 47 20 95 73 57 10 47 78 50 8 83 33 0 87 74 45 50 86 68 88 61 76 7 5 63 13 70 35 60 46 37 74 1 64 76 97 66 21 45 94 15 13 38 55 79 57 61 95 81 36 64 26 66 53 4 20 12 54 71 74 29 
93 45 93 59 46 5 2 57 55 21 23 33 67 80 45 30 93 83 44 56 83 58 17 57 64 5 99 75 17 41 26 18 44 79 71 34 82 37 76 0 32 88 33 1 7 24 51 4 92 2 65 99 2 33 64 71 37 72 32 82 26 28 80 39 67 46 10 34 27 59 48 94 49 24 40 77 33 35 24 25 90 17 30 31 37 34 96 30 77 60 33 46 35 70 97 31 27 11 53 81 43 60 60 19 23 70 21 27 92 58 55 80 57 66 68 56 39 63 98 30 18 36 76 80 18 49 53 79 90 20 27 63 20 37 17 19 99 95 23 57 10 41 92 76 31 85 52 73 89 85 75 57 81 3 79 87 9 37 46 29 42 56 95 3 53 62 51 95 14 9 87 31 47 46 10 8 91 96 8 65 42 55 36 47 23 42 46 84 7 11 20 65 69 62 32 15 72 68 70 82 96 47 81 90 24 56 96 35 83 4 56 41 65 47 24 10 9 26 24 35 62 4 94 50 54 61 5 95 64 77 91 83 79 28 66 47 18 19 31 89 29 4 18 67 49 56 86 26 1 16 63 9 21 56 76 11 75 60 76 59 71 77 53 84 9 20 42 1 86 47 55 12 50 72 65 78 33 46 10 7 4 39 81 75 99 44 9 92 80 90 75 22 41 11 8 57 73 5 67 18 
85 85 52 81 63 68 42 66 45 32 45 85 89 91 62 77 1 36 62 15 72 72 18 89 66 84 93 36 93 30 34 37 74 83 42 88 59 29 45 95 6 68 39 97 70 91 53 92 16 39 93 42 89 85 55 43 59 16 74 43 56 76 61 13 98 82 57 68 92 87 82 1 5 72 6 33 43 23 82 6 37 15 63 57 21 13 2 58 36 71 60 42 9 33 18 84 98 65 93 1 7 91 76 26 63 92 59 51 72 39 82 57 71 88 7 14 99 69 37 54 68 52 36 73 98 93 19 67 99 76 32 10 92 18 28 72 97 83 84 36 87 92 94 92 84 49 19 69 64 78 24 16 61 26 22 70 97 81 33 56 97 1 21 22 14 46 77 45 76 61 57 41 50 25 53 62 67 42 66 77 14 18 74 23 29 52 71 84 6 13 37 23 50 98 78 34 20 26 29 44 35 76 96 84 44 33 40 35 57 98 85 95 86 64 86 99 3 43 55 10 44 20 17 31 54 26 77 40 75 82 10 87 9 58 92 36 83 28 0 58 22 53 16 34 6 35 46 64 79 25 20 60 32 85 44 56 17 65 91 82 33 97 23 49 43 92 78 47 69 58 33 33 45 80 96 34 69 53 45 54 14 32 59 91 23 20 44 33 45 72 56 45 11 47 33 34 90 13 48 9 
54 49 14 83 13 81 91 22 83 84 70 3 53 23 56 73 26 25 15 5 85 36 30 56 31 88 94 90 57 19 84 69 6 30 61 5 25 34 43 95 72 32 4 67 26 17 52 18 49 79 6 60 90 91 71 72 39 67 61 65 32 87 62 79 16 35 57 24 4 70 35 45 58 67 41 71 16 47 17 1 67 87 12 50 61 62 13 90 83 37 50 46 46 50 80 10 63 7 9 78 65 33 35 13 39 56 92 73 46 19 44 27 95 48 21 69 92 11 91 69 81 68 81 31 12 95 36 77 9 86 0 27 64 70 53 67 93 3 80 28 29 38 60 93 10 26 97 49 34 11 39 16 84 89 93 60 57 1 59 24 66 57 24 66 1 86 55 44 57 82 86 64 6 30 95 58 14 75 90 71 11 29 99 18 42 4 91 92 47 88 70 16 72 22 37 67 2 36 54 84 50 56 6 53 58 97 20 37 63 65 86 64 66 45 49 46 68 78 81 23 0 1 65 10 81 0 25 42 33 61 39 72 90 27 2 23 93 52 16 21 21 8 68 97 2 45 17 11 99 53 96 68 95 13 12 61 24 96 42 61 25 95 55 45 8 94 90 47 27 62 28 72 70 50 18 57 73 27 77 77 60 35 73 6 23 45 39 10 56 89 10 24 75 86 59 60 55 0 45 50 
40 68 44 47 87 16 24 54 22 98 95 47 58 50 24 4 44 54 64 87 47 26 72 0 40 80 52 0 44 98 40 65 72 16 46 53 27 3 37 52 48 2 26 53 1 83 80 82 41 19 84 21 9 91 8 58 97 70 41 18 25 22 24 63 45 57 81 55 12 25 39 79 16 90 54 41 81 61 92 5 42 42 93 55 91 2 83 40 76 17 95 97 55 55 79 71 63 95 73 90 51 6 44 78 86 25 11 55 0 64 3 42 90 33 89 50 38 63 42 70 58 46 37 33 59 58 88 26 78 98 65 53 16 55 33 38 7 73 78 27 19 97 98 14 30 83 3 79 60 81 31 21 64 29 18 65 95 34 51 43 15 91 81 59 17 89 44 17 6 34 63 77 11 40 31 48 91 65 72 81 7 20 56 39 29 7 51 79 88 42 55 41 3 44 66 70 39 81 67 52 97 40 83 16 71 64 82 89 2 0 3 31 43 83 77 66 80 38 87 47 67 49 56 49 24 17 63 62 30 93 3 7 59 40 66 31 1 91 18 57 68 91 8 67 10 21 95 82 7 39 16 85 16 25 63 96 70 99 30 55 92 41 5 23 42 74 73 98 77 5 22 75 38 83 80 73 47 59 22 50 52 44 35 23 77 69 74 32 48 97 94 67 25 2 37 12 85 93 25 75 
96 16 76 0 62 38 97 78 78 36 65 46 54 44 15 20 73 17 14 75 21 63 20 80 24 74 73 54 59 90 42 80 3 73 59 62 22 86 3 19 28 35 85 57 67 44 85 5 84 52 67 72 99 33 64 8 27 2 74 66 82 2 67 87 90 79 67 48 69 80 6 98 52 72 67 43 29 9 8 94 83 80 91 48 42 83 58 3 84 21 62 88 44 40 25 26 72 91 59 87 85 88 33 77 51 77 40 26 45 70 42 43 83 25 0 27 94 65 84 27 48 13 89 32 89 17 43 79 64 21 2 67 77 32 78 13 48 65 11 40 69 3 97 22 4 26 2 56 33 68 24 4 81 52 32 25 70 20 81 34 45 11 36 69 45 25 11 42 48 47 68 31 22 5 55 81 88 30 10 72 29 58 66 5 46 50 73 51 21 61 0 97 81 63 36 75 13 69 76 34 41 32 88 64 99 21 63 30 92 99 91 25 46 28 28 56 10 77 56 0 11 78 44 31 50 17 14 41 2 91 66 96 36 30 31 54 87 51 69 45 20 48 52 15 67 54 18 41 91 31 82 76 53 43 95 17 38 72 19 27 22 90 47 97 61 34 84 65 43 25 2 98 96 57 37 50 66 19 32 72 67 98 8 45 57 55 9 6 36 34 31 16 9 26 14 34 72 65 25 23 
77 43 11 31 53 32 84 59 61 73 17 50 50 12 1 50 55 20 49 22 29 63 30 32 13 89 48 24 69 30 99 33 53 90 79 1 73 38 22 29 57 78 60 37 44 89 65 92 90 70 15 90 87 81 47 17 37 66 67 19 96 94 41 17 89 40 37 15 98 1 48 74 96 90 9 91 84 85 71 86 98 87 1 18 98 25 48 44 27 35 22 46 14 30 63 20 87 2 59 55 79 49 84 13 28 30 73 50 24 27 22 63 69 35 7 87 76 55 81 22 98 43 99 84 17 99 34 23 34 28 90 93 61 9 44 33 37 34 1 19 81 94 67 24 57 82 84 65 31 3 5 53 7 26 72 34 83 17 8 62 40 33 48 7 31 47 50 58 98 30 88 6 93 47 0 7 19 11 81 51 55 70 10 90 89 14 93 64 92 86 87 28 30 33 87 75 97 91 2 16 75 49 92 52 5 99 89 56 0 44 59 29 3 98 50 20 40 9 2 38 80 50 73 76 44 91 45 71 12 8 2 12 86 16 56 34 5 7 97 55 25 40 6 21 77 53 62 99 40 59 58 5 16 10 44 52 90 29 19 3 33 41 80 31 38 12 28 66 85 55 2 86 10 87 94 91 75 87 75 23 64 22 17 50 72 17 5 67 66 60 25 67 44 39 89 55 99 40 76 94 
32 7 98 16 91 72 75 98 8 58 5 21 74 9 24 76 96 66 17 94 49 35 45 25 32 33 81 34 37 69 44 76 73 30 28 71 27 67 89 82 5 72 72 46 60 92 61 92 73 86 26 92 66 13 69 31 24 31 27 82 37 92 77 59 56 18 63 40 21 0 23 60 37 96 25 59 26 64 2 43 33 23 0 85 71 50 21 0 62 97 7 6 79 88 89 61 72 88 92 38 13 39 7 12 46 43 8 48 89 58 46 6 37 61 63 14 25 29 91 84 34 57 63 69 66 48 61 39 6 75 80 61 74 11 58 67 0 11 27 33 60 39 88 21 39 47 14 58 32 46 26 15 4 63 43 39 74 56 85 24 26 26 25 87 34 47 10 47 23 24 3 47 87 60 18 56 76 75 59 63 86 93 68 67 92 95 79 59 62 65 85 45 69 54 29 4 36 7 22 7 26 79 58 80 21 84 66 42 3 80 31 98 5 17 3 19 84 63 38 78 16 92 64 62 18 8 61 25 20 60 97 90 15 4 74 28 62 9 14 13 99 48 4 96 83 82 99 80 18 40 54 24 47 88 25 61 59 53 34 57 17 81 48 16 66 85 94 73 22 61 31 46 85 78 37 13 68 28 3 86 68 28 9 10 47 80 86 65 4 20 71 29 85 79 50 34 38 61 58 46 
30 64 44 38 68 71 6 45 4 27 84 70 90 76 67 17 72 85 91 33 40 39 44 64 11 25 86 33 75 50 76 39 97 31 10 61 31 1 68 74 0 33 33 1 24 78 11 32 48 54 34 17 74 16 54 68 40 10 42 72 9 99 79 92 68 52 59 84 9 92 56 16 76 91 6 85 31 19 6 7 5 30 85 47 57 63 28 10 80 39 69 88 20 30 62 7 40 66 20 88 46 93 54 92 47 44 76 2 46 46 22 56 96 65 36 84 89 2 45 12 77 61 42 78 94 93 23 8 0 8 8 58 28 11 18 27 31 78 20 22 65 24 30 2 19 14 66 23 79 50 17 28 38 49 18 95 1 71 41 39 63 7 33 19 44 39 20 18 23 15 88 94 38 41 47 70 96 54 50 53 45 30 7 7 11 66 77 66 80 90 76 90 30 30 7 57 14 38 16 7 50 93 1 33 31 90 6 96 4 97 8 12 13 3 96 17 84 80 46 2 8 19 11 95 52 66 37 63 49 65 24 34 54 28 78 42 43 65 93 95 99 91 81 58 54 71 46 3 81 48 29 82 56 11 90 65 83 7 84 23 27 96 90 73 58 59 40 38 94 45 27 13 10 46 77 72 87 71 10 32 20 96 76 10 70 10 36 6 78 83 38 8 65 16 0 96 81 68 27 62 
11 22 47 10 95 57 95 3 18 59 13 82 8 49 62 73 19 13 70 3 18 59 3 30 81 29 6 68 30 11 73 78 61 47 72 53 94 59 69 62 2 86 64 22 59 29 94 41 94 18 55 24 40 36 96 45 54 68 86 15 88 27 7 82 72 79 23 62 2 58 67 57 18 56 62 36 23 53 68 68 42 66 14 15 61 20 65 73 18 60 10 26 84 18 40 48 16 0 39 15 44 85 7 13 66 58 39 12 68 96 19 13 50 71 33 77 85 48 4 53 85 63 33 71 79 49 97 71 21 39 88 25 80 24 40 66 97 71 71 74 36 33 94 65 10 94 47 74 67 85 55 2 71 67 57 14 60 71 47 59 66 49 64 24 19 33 1 16 34 8 42 24 97 94 9 20 23 48 8 89 74 23 34 35 28 28 18 18 56 91 47 28 17 57 44 87 33 73 75 53 67 95 17 32 13 71 69 57 79 13 62 54 78 58 80 76 21 7 97 56 71 80 27 66 58 80 47 90 72 91 32 52 26 80 54 18 29 50 49 21 57 1 81 89 61 31 27 16 56 91 48 87 96 31 23 98 38 61 61 50 51 28 83 67 4 24 79 21 20 67 99 48 55 88 86 58 44 76 35 15 74 88 66 87 27 62 85 41 58 69 48 10 19 61 2 75 5 33 82 93 
2 56 43 68 49 84 57 5 80 99 94 71 40 13 28 69 73 76 46 12 5 24 10 86 76 96 74 98 91 66 67 26 8 90 70 33 90 67 81 69 82 98 19 16 6 11 89 88 24 81 86 53 49 30 10 6 45 70 86 55 60 3 16 63 24 49 59 53 6 83 75 65 29 1 54 20 8 10 75 69 24 0 96 56 5 31 93 7 13 62 76 82 46 85 41 72 33 59 16 58 59 5 10 46 32 44 63 77 25 36 26 48 96 63 78 8 54 82 73 21 70 42 2 9 78 41 7 99 9 73 42 61 9 24 15 6 55 46 78 2 40 46 69 77 66 31 67 5 38 59 51 62 63 98 32 37 48 3 84 8 38 95 20 58 37 49 98 5 30 47 84 18 97 29 3 2 68 75 98 1 0 56 9 78 39 26 9 81 82 72 78 77 56 13 5 88 14 88 53 89 95 14 73 98 9 67 9 48 51 33 79 33 84 5 88 45 94 9 27 3 65 76 7 9 55 21 91 62 32 48 96 94 59 53 40 57 24 83 34 97 82 94 23 62 2 96 65 40 80 8 47 59 40 34 31 77 95 81 3 24 90 0 2 39 63 12 42 82 45 71 62 27 86 87 6 2 94 40 38 81 41 14 91 19 59 14 3 56 48 18 8 9 94 16 58 82 50 41 45 69 
42 51 84 79 32 80 51 88 44 27 50 20 8 16 40 90 99 69 25 45 4 67 80 27 80 1 9 61 17 64 89 75 97 73 9 85 97 2 18 46 42 85 29 41 71 86 24 14 32 41 55 86 85 93 16 64 74 48 64 1 4 40 20 80 31 20 0 20 91 85 34 82 39 34 48 66 93 99 58 1 42 97 60 72 61 43 66 98 58 49 40 68 16 94 45 4 83 10 5 13 77 89 18 67 37 45 14 44 33 19 56 68 84 18 98 75 88 5 20 96 74 50 37 83 33 88 91 94 90 22 43 30 64 87 66 61 49 17 66 45 49 2 16 46 32 87 49 88 11 61 71 97 12 43 35 18 91 75 12 6 0 80 71 78 26 48 52 49 0 22 97 66 67 12 6 39 44 78 68 34 29 56 96 2 22 68 33 24 64 7 37 6 79 62 23 42 62 74 33 50 58 51 48 44 58 65 44 64 6 28 32 34 42 91 12 53 20 9 62 31 42 13 69 74 70 99 29 59 48 41 0 99 23 11 54 33 23 13 61 29 21 34 46 55 25 12 61 40 94 55 84 18 70 40 99 54 28 84 76 19 74 37 66 48 87 55 18 35 84 7 74 61 41 90 70 46 72 83 56 44 18 17 83 17 22 7 36 87 30 2 93 3 98 95 90 41 10 35 9 48 
79 62 34 45 7 86 9 92 48 25 52 45 61 63 9 68 46 84 43 9 82 97 38 65 4 2 75 42 41 51 86 11 49 47 14 69 15 92 11 31 5 0 14 58 75 0 67 21 3 2 69 3 45 14 52 23 91 88 59 14 81 65 13 76 36 57 20 10 40 69 13 51 75 61 13 14 13 56 37 97 65 58 40 62 0 6 80 30 4 12 99 38 24 52 93 8 25 40 29 17 59 36 14 53 69 35 80 58 29 21 30 92 68 74 42 61 4 50 76 78 38 21 31 35 6 86 58 35 71 92 3 84 84 86 93 87 52 72 55 72 77 47 49 46 47 37 20 20 62 4 81 97 16 94 18 12 88 50 68 25 85 53 27 82 73 41 59 48 99 14 61 6 12 83 86 32 62 69 47 54 31 87 58 17 41 26 20 5 74 97 95 71 98 25 30 5 21 9 19 75 87 34 34 95 13 84 19 5 40 94 92 77 89 74 9 25 72 62 25 8 42 25 52 8 7 53 67 96 22 80 2 17 36 59 16 6 99 88 94 68 25 16 99 20 60 57 71 95 15 7 88 30 30 53 20 68 68 45 53 45 50 33 10 77 79 34 82 34 14 32 56 39 68 99 35 98 79 51 71 10 55 70 28 57 90 50 1 56 6 93 6 99 42 56 0 79 26 71 70 82 
75 48 24 54 15 33 81 22 68 80 81 52 24 54 0 43 84 58 32 17 0 32 56 92 50 32 66 93 69 60 83 27 63 27 50 55 71 46 37 78 31 67 57 62 67 74 32 74 73 78 50 59 34 52 61 32 97 94 79 47 56 69 10 60 14 1 21 0 40 4 48 37 75 17 42 0 44 25 36 23 32 93 0 67 83 48 27 71 7 34 87 56 21 87 48 72 68 45 13 24 28 38 20 62 31 48 46 7 30 22 29 34 53 4 65 60 60 90 23 85 50 72 42 24 78 28 70 4 19 66 52 54 41 43 14 95 6 14 86 56 87 90 61 75 97 53 98 33 32 85 39 14 94 24 20 9 39 13 36 8 90 88 82 68 42 57 7 43 62 2 97 68 23 33 8 50 8 83 11 76 12 53 61 48 2 84 28 66 17 72 88 21 7 78 36 4 42 76 32 81 59 73 39 88 68 24 66 23 54 11 78 50 70 25 8 83 21 94 55 82 84 38 56 22 17 83 18 12 13 1 97 75 24 42 99 65 75 38 51 99 19 67 46 27 96 72 60 13 15 50 26 6 46 14 14 28 61 13 23 58 42 71 67 43 40 44 74 70 27 75 21 83 74 9 51 90 9 55 10 69 16 52 98 6 64 56 60 96 97 52 59 93 12 83 60 34 95 66 68 87 
47 92 82 40 48 54 80 28 75 81 67 56 2 81 24 62 0 9 90 35 88 34 28 5 5 77 90 16 29 52 52 25 32 98 94 65 13 29 75 89 20 41 80 85 96 57 50 2 19 16 81 31 97 11 10 95 93 71 16 84 1 4 25 22 47 53 65 99 7 31 61 30 56 34 8 96 43 97 12 14 4 85 31 72 38 0 5 31 86 47 38 56 49 25 64 77 78 72 94 80 69 16 67 81 92 13 88 66 36 75 5 4 92 94 93 22 56 50 88 61 12 27 76 40 88 36 23 72 28 26 49 74 7 66 44 40 55 72 13 9 68 20 75 31 35 87 72 94 74 96 91 70 37 1 84 75 28 38 45 55 68 87 45 78 66 68 47 9 9 19 53 14 78 26 91 21 44 4 47 65 22 41 90 10 61 26 6 65 28 73 17 63 55 13 23 12 4 17 74 5 76 19 60 19 24 3 54 86 62 80 16 43 26 36 17 58 65 37 67 63 25 16 33 45 1 5 22 16 30 48 11 22 24 50 40 8 74 82 67 23 47 4 72 36 39 78 88 87 98 77 19 90 67 25 10 29 21 15 31 9 37 6 14 69 55 42 65 68 58 30 40 54 72 47 52 67 46 0 30 47 23 20 99 17 48 93 0 98 73 78 25 95 27 59 63 89 84 20 97 1 
43 97 30 55 78 58 62 18 86 46 57 9 40 33 42 25 23 93 64 0 41 96 78 76 97 48 34 71 60 1 58 49 86 98 94 55 93 39 81 12 24 28 24 18 26 33 20 16 88 5 92 64 48 23 85 55 59 8 69 79 12 44 44 36 47 85 82 97 20 82 15 18 84 12 76 41 1 49 86 58 29 80 65 39 95 20 53 48 99 93 70 42 26 58 72 43 43 97 68 27 97 30 70 67 98 1 98 36 79 33 47 97 76 61 5 32 82 47 13 39 25 52 14 22 29 39 55 37 98 70 56 58 53 62 53 65 32 57 29 49 34 29 13 12 52 9 99 65 53 57 65 82 91 41 89 14 49 88 26 64 5 26 81 57 85 17 23 83 72 7 79 5 81 14 69 92 84 98 55 51 44 80 65 12 92 25 66 12 49 71 97 50 7 99 82 82 34 41 56 12 61 75 60 54 45 53 72 90 45 64 34 17 39 1 89 55 22 63 95 51 74 67 96 33 40 5 15 61 97 40 29 72 26 38 56 88 73 24 42 85 72 82 30 79 42 69 64 68 56 0 43 71 77 75 26 57 17 26 3 11 23 37 74 71 40 73 86 37 18 25 44 25 86 4 42 68 56 77 76 80 75 17 16 63 20 78 56 7 41 54 26 51 29 73 57 84 94 37 88 5 
38 0 98 27 2 19 55 89 17 76 66 88 95 41 61 15 23 40 35 31 67 71 92 3 23 87 54 11 44 3 36 93 95 11 72 38 24 70 7 21 86 96 59 51 57 48 16 36 62 22 65 79 75 85 74 44 1 80 17 20 83 88 98 29 5 65 65 79 80 32 99 72 39 80 81 70 67 35 34 41 66 85 41 24 6 17 47 63 35 50 83 4 16 82 19 85 21 70 3 9 90 42 90 24 81 33 43 85 46 84 65 34 88 55 74 59 14 13 64 5 72 32 92 89 9 89 50 69 61 0 60 21 50 51 70 76 40 60 84 52 86 18 69 36 58 72 64 67 74 88 41 99 67 70 35 49 27 52 33 94 28 25 16 8 37 54 54 10 56 96 28 7 72 31 50 70 91 45 92 68 38 31 69 6 55 50 40 73 82 50 88 63 78 12 89 3 35 76 86 35 56 87 16 8 54 79 75 73 4 62 51 42 65 99 5 59 99 76 11 53 72 13 50 31 95 39 57 7 12 13 98 34 3 22 6 87 95 5 86 80 88 8 83 75 40 10 5 23 17 64 87 77 79 29 34 43 34 35 26 65 83 61 5 80 4 20 9 14 61 36 85 29 11 90 37 88 70 50 74 47 17 0 63 21 77 41 66 35 27 71 50 29 15 2 92 92 1 56 80 16 
29 83 92 0 30 95 72 27 80 64 35 15 48 96 22 92 93 41 70 19 97 11 78 62 97 50 34 79 4 11 47 15 56 86 12 51 9 40 68 81 56 69 78 53 50 8 41 68 72 12 99 73 21 77 91 85 72 82 0 50 68 96 64 46 42 62 20 87 70 14 55 72 4 44 50 14 45 36 16 86 23 0 33 69 62 40 28 0 56 44 99 44 76 19 4 35 4 81 94 41 30 40 30 87 96 1 68 10 22 25 2 9 96 99 14 64 66 6 23 80 99 98 84 99 76 99 40 36 98 25 43 94 20 77 8 87 33 76 83 87 70 9 40 78 46 55 37 70 53 57 79 9 83 49 44 0 78 62 84 31 8 28 30 9 89 43 25 7 32 75 38 40 77 3 96 59 93 97 91 84 1 39 35 42 59 62 98 22 70 60 98 68 41 80 6 11 96 6 73 89 40 21 20 34 78 10 1 19 1 29 20 17 15 89 37 46 46 5 32 24 11 46 45 89 39 19 56 8 76 55 0 82 9 80 34 54 13 30 30 73 78 30 9 98 68 11 1 78 71 91 91 49 64 32 2 42 15 48 94 53 66 73 43 84 16 24 1 35 25 83 90 56 9 45 90 17 76 47 81 20 27 38 90 20 24 64 42 68 68 8 64 79 90 72 27 51 46 86 21 0 
64 37 20 84 29 75 25 2 54 20 87 49 82 71 76 21 37 22 59 40 87 51 16 79 11 38 14 6 53 95 30 57 2 27 51 20 83 74 63 39 78 32 86 7 64 6 49 65 29 71 16 17 37 15 81 37 11 43 12 52 58 7 74 84 83 46 11 89 31 28 54 51 89 6 10 90 87 59 49 53 73 81 34 90 95 4 37 48 13 82 59 27 27 2 88 64 20 20 62 62 57 30 44 90 23 83 69 47 1 51 2 33 20 91 4 17 50 36 0 10 20 46 77 16 44 27 4 77 52 65 76 80 22 95 85 68 6 72 80 10 84 5 10 83 18 30 3 76 35 28 20 11 4 74 68 7 14 17 76 65 35 66 89 72 13 83 20 79 74 48 60 19 48 13 6 62 25 64 97 15 40 0 15 16 15 98 82 93 57 29 28 14 13 1 20 56 45 9 65 5 23 79 82 20 69 24 15 50 17 77 37 41 81 23 73 45 74 92 55 90 8 96 1 62 52 67 10 7 94 94 88 61 3 55 16 83 22 50 12 55 42 42 99 13 25 3 38 67 25 4 16 75 80 53 78 4 66 89 44 66 20 38 84 60 94 70 2 97 78 13 5 48 28 12 24 87 84 29 13 31 70 59 79 10 10 67 80 81 50 25 58 9 11 11 78 5 18 56 39 86 
11 24 57 28 96 37 81 41 3 9 32 79 23 24 37 40 60 49 44 6 22 58 20 23 79 21 10 17 84 36 97 9 73 40 88 35 14 8 95 92 35 55 98 92 90 89 22 24 12 99 19 1 36 15 15 18 46 24 35 77 64 25 15 21 9 24 23 48 35 52 60 13 87 63 50 20 76 71 72 74 62 20 25 17 67 46 8 98 84 51 7 93 0 18 20 73 72 7 93 21 71 46 24 58 32 61 43 46 48 9 61 96 53 56 6 89 45 53 59 39 33 57 37 31 83 70 14 57 50 49 0 35 0 63 43 66 17 74 71 54 66 21 92 53 87 3 60 95 45 18 55 16 99 46 10 54 4 28 98 14 69 80 68 57 86 86 64 87 47 41 80 3 66 9 62 17 69 84 75 50 52 75 59 84 44 61 31 64 71 68 87 67 42 2 17 14 89 88 62 90 19 43 9 84 61 64 10 67 69 90 67 18 6 34 56 22 72 58 2 57 50 15 34 76 65 11 38 36 28 57 26 37 92 8 93 18 10 1 98 42 86 6 30 36 78 71 23 71 28 97 56 95 23 9 70 96 68 71 4 59 48 74 82 64 1 3 97 40 43 6 30 79 86 82 5 49 70 30 42 61 52 17 8 96 61 68 75 17 4 62 68 85 72 20 0 52 0 31 41 6 
78 62 78 94 12 19 49 48 14 5 78 3 17 44 0 93 55 57 62 78 35 56 81 76 33 94 68 8 71 97 43 40 57 12 50 91 73 96 25 40 85 19 75 29 90 81 42 74 75 60 6 89 82 25 90 66 94 46 3 44 92 24 33 63 74 83 79 86 0 80 75 16 8 83 71 42 1 5 0 11 61 13 17 41 90 79 12 41 83 60 16 4 52 52 60 82 40 51 5 87 34 23 75 3 4 56 75 62 96 14 54 95 40 73 43 95 36 78 94 49 66 16 38 30 94 29 37 33 89 73 37 35 39 60 16 31 6 44 46 70 53 15 92 88 21 27 93 82 74 77 92 8 38 36 29 77 74 84 78 29 6 18 16 56 82 3 80 99 20 11 60 86 65 90 16 82 71 18 65 68 48 8 73 27 91 38 16 68 22 49 73 35 41 30 12 15 99 89 87 65 99 0 26 27 53 23 48 48 18 16 98 42 85 47 1 33 19 84 44 80 42 80 13 85 49 33 40 62 8 15 66 34 85 39 4 79 72 18 26 85 71 78 35 46 3 65 27 97 24 19 48 86 68 94 60 45 46 87 77 17 20 88 9 5 48 73 48 40 60 47 14 5 14 70 51 46 12 94 38 74 38 16 91 35 11 19 14 15 32 6 68 48 49 2 44 32 31 64 82 47 
56 67 42 83 44 16 69 61 72 17 26 68 15 64 36 68 29 43 18 56 43 52 75 86 57 47 95 14 10 95 86 0 67 55 30 90 91 39 52 68 51 0 82 48 90 68 9 82 33 9 36 78 65 35 46 99 82 31 90 90 52 38 72 59 24 10 16 13 98 90 18 61 39 11 56 56 47 91 35 3 32 1 51 62 73 54 48 2 27 7 60 17 67 16 7 55 68 79 15 40 71 74 56 24 94 61 54 97 13 44 75 54 1 60 25 66 24 30 3 21 5 65 75 89 91 42 31 50 5 52 85 69 12 28 21 44 41 30 77 58 67 6 14 5 93 90 92 63 30 84 2 26 11 60 27 7 66 51 53 12 43 92 88 45 26 40 96 92 94 11 70 85 11 10 48 10 77 76 3 77 0 78 0 3 45 88 39 82 29 29 41 23 8 98 3 60 80 21 99 14 71 87 57 61 24 73 44 31 22 68 80 5 17 62 42 78 24 17 2 4 97 33 55 12 49 53 36 5 26 62 3 78 59 31 37 69 91 66 67 19 32 4 65 79 71 6 22 90 82 60 65 30 94 12 90 39 18 3 26 32 85 92 62 11 50 70 22 5 27 82 50 49 10 1 83 43 38 57 1 93 44 87 39 68 49 85 29 0 11 40 29 65 64 49 10 75 11 60 78 59 
29 75 24 35 72 3 74 56 74 10 5 21 76 30 11 46 58 19 85 80 80 85 87 84 64 10 34 82 71 78 49 4 94 26 28 81 19 8 38 39 28 74 60 26 97 70 56 82 34 71 51 5 80 67 27 2 44 68 61 20 47 81 11 37 57 87 72 97 94 10 12 67 38 31 76 43 40 76 19 96 73 77 19 75 55 75 37 71 37 38 76 13 50 19 32 3 2 62 86 77 1 14 19 0 33 83 76 88 14 81 16 64 80 97 75 91 5 85 58 55 15 95 32 44 50 12 6 13 51 87 81 81 28 89 16 58 61 35 58 76 76 49 55 70 77 24 46 6 6 59 33 59 63 2 66 89 18 37 10 29 52 5 91 53 11 62 3 62 44 89 92 83 28 48 63 19 18 76 32 39 83 53 47 23 21 82 45 77 11 11 92 53 66 84 63 97 44 28 71 52 93 76 88 29 39 12 17 96 11 42 28 6 9 42 42 91 70 30 49 82 49 56 43 79 37 8 23 73 13 0 19 88 69 11 30 61 11 49 77 28 61 38 84 21 36 88 94 24 92 70 39 46 19 69 69 46 86 86 89 88 82 78 49 5 95 88 53 67 43 33 90 22 98 48 54 96 79 38 75 19 15 20 75 92 51 29 64 64 59 59 44 17 1 35 99 96 20 28 12 46 
92 88 47 20 13 95 87 65 51 93 47 47 52 55 99 25 15 79 80 91 77 13 51 74 34 30 99 2 74 61 90 75 3 69 74 31 46 36 17 55 23 63 34 66 7 86 54 4 50 27 33 1 7 84 60 5 54 62 89 95 65 59 80 99 62 37 74 80 70 83 93 9 79 46 4 65 55 39 94 20 21 46 21 73 71 97 30 12 28 92 94 22 15 12 26 97 26 91 76 77 66 6 40 46 17 76 23 44 61 33 79 30 55 42 71 97 34 86 43 75 28 14 81 21 55 57 96 91 18 67 55 30 38 13 50 71 18 4 22 56 98 66 22 69 11 12 1 77 15 24 7 45 58 48 36 37 14 52 24 95 72 31 12 46 30 53 67 25 53 43 42 81 37 93 25 26 71 77 22 1 60 0 56 61 67 23 47 15 40 38 87 77 96 94 20 20 98 62 36 21 92 75 40 52 5 95 89 23 89 81 48 38 10 72 7 93 71 12 2 67 88 22 92 71 93 50 82 90 1 90 34 5 27 42 40 89 63 0 33 57 88 91 49 45 72 83 79 12 12 29 89 82 8 89 10 97 90 8 7 0 78 16 74 83 11 63 89 73 36 36 47 67 99 29 47 33 34 41 72 68 22 96 33 36 90 21 99 78 53 71 47 15 88 88 17 22 82 62 13 4 
6 46 96 24 15 59 51 7 4 55 5 53 85 42 70 37 68 58 14 46 17 79 3 75 72 51 35 65 27 42 96 79 59 66 29 14 66 33 36 86 14 28 19 88 71 5 75 90 92 23 61 38 63 48 74 84 25 42 5 58 24 39 40 58 59 76 31 54 86 56 28 12 49 23 56 57 77 99 90 86 41 44 40 65 73 87 43 81 6 84 9 71 90 72 32 30 18 41 42 26 55 10 46 99 45 38 68 8 29 66 7 26 56 72 8 80 27 53 42 24 26 91 48 30 71 1 54 30 2 1 85 80 9 52 35 8 67 7 70 9 87 18 73 59 85 87 35 35 95 2 75 78 92 33 97 16 44 26 19 35 28 81 37 3 33 1 99 14 82 91 64 46 5 12 97 57 42 15 96 12 62 31 30 84 57 9 6 2 18 49 12 43 86 44 42 40 51 98 35 31 39 92 23 77 41 46 23 1 19 10 47 33 83 22 57 91 23 22 63 0 40 39 31 0 87 96 27 8 19 77 47 54 0 71 46 19 74 62 30 26 23 70 31 44 11 30 33 0 87 59 64 84 51 16 18 40 81 54 63 43 65 45 68 32 69 19 94 37 36 46 16 70 36 49 52 18 80 50 49 26 20 13 5 98 87 32 50 87 31 21 59 89 25 55 81 51 62 4 19 94 
20 41 52 76 94 2 83 89 79 12 64 24 64 4 12 38 45 71 45 83 2 4 49 60 8 15 90 83 58 88 0 67 11 53 57 62 88 29 49 35 93 20 65 71 27 88 17 99 25 43 9 26 95 6 4 14 55 99 65 47 47 74 27 48 68 65 16 64 97 32 81 74 97 23 77 92 20 16 66 49 6 64 18 91 48 19 18 20 81 74 48 4 98 26 16 51 14 23 61 41 41 85 81 27 11 59 78 81 67 13 80 13 9 97 58 68 45 54 81 62 18 23 34 66 48 43 57 96 84 68 48 70 49 93 34 39 45 94 29 52 89 9 59 51 53 53 46 21 7 19 57 81 10 20 3 65 53 43 30 68 87 99 36 38 24 35 42 1 50 18 51 36 41 41 36 48 46 66 13 47 98 56 8 36 92 63 60 0 17 21 78 87 78 18 67 78 3 28 8 24 32 67 18 42 5 51 34 38 35 88 32 18 93 94 31 85 23 10 1 93 39 48 12 97 81 63 56 67 92 11 39 88 40 38 49 78 9 20 0 44 99 48 72 92 29 86 68 20 57 56 43 26 92 60 82 22 38 18 82 87 34 57 17 16 87 32 99 9 2 46 75 95 26 40 68 49 66 34 4 9 12 14 55 35 93 64 2 86 57 67 98 48 69 12 8 77 44 0 2 70 
40 41 43 55 62 73 45 50 9 59 87 35 28 64 27 10 29 66 40 98 2 76 58 7 44 3 68 27 29 76 91 2 59 9 69 2 20 23 32 55 93 64 92 58 96 34 58 94 91 27 32 74 40 56 76 56 1 58 42 38 33 36 22 77 37 12 12 5 88 13 10 31 88 68 61 23 18 68 20 9 10 60 82 66 11 44 79 33 19 90 67 50 65 68 24 75 73 74 42 56 54 11 6 96 84 90 43 89 34 99 20 68 6 5 59 23 49 71 90 46 7 46 44 91 7 15 72 52 58 43 38 79 65 66 14 90 25 17 32 45 32 24 3 94 22 35 87 51 1 90 77 71 36 98 42 42 30 11 86 56 61 83 81 18 40 2 90 19 9 75 17 64 94 0 58 92 5 52 7 35 20 42 93 88 15 22 27 68 52 89 46 16 88 15 92 27 53 47 68 11 37 11 8 11 52 58 32 12 36 71 27 20 34 86 9 95 16 53 58 85 41 94 36 50 92 96 35 79 84 61 64 49 33 80 85 16 24 18 27 66 22 82 66 80 47 92 3 45 40 68 37 30 77 70 18 49 28 23 65 33 54 6 24 39 13 76 92 78 9 6 96 19 0 22 85 64 27 68 40 0 7 94 61 69 14 58 97 16 34 9 34 39 58 26 71 21 42 69 37 88 
38 75 52 51 93 60 22 8 45 92 39 7 0 73 40 86 75 98 93 2 34 0 91 58 28 30 21 8 68 21 47 53 21 22 66 52 77 67 86 90 99 28 50 83 96 13 41 51 17 90 13 31 97 37 10 11 32 76 54 60 50 49 68 59 70 51 62 69 31 70 99 34 99 7 93 12 89 54 98 27 32 8 39 81 40 16 54 13 20 93 23 42 84 72 36 29 31 96 70 66 87 18 83 66 84 84 22 22 12 28 73 72 37 13 12 77 81 11 90 13 48 23 73 60 63 69 93 82 73 39 34 33 32 81 63 96 13 62 49 79 96 65 44 1 68 7 15 73 32 21 34 71 14 49 65 9 47 2 0 4 50 98 24 47 15 40 42 47 37 59 46 25 27 33 99 76 86 19 12 9 35 0 79 87 72 84 59 6 52 92 95 2 48 6 34 96 18 19 70 85 15 43 74 21 38 28 51 7 30 28 75 61 46 56 9 36 40 90 32 40 37 14 63 31 90 12 68 39 24 30 99 11 32 67 96 96 45 61 71 23 7 68 64 14 33 79 76 72 27 92 73 51 65 99 63 88 43 0 70 6 59 49 50 82 94 93 97 56 21 71 18 95 65 19 5 55 22 27 32 44 87 62 11 46 74 53 63 67 93 84 52 72 60 36 56 67 10 48 17 51 
68 23 60 91 96 47 4 92 68 82 3 4 36 68 31 76 74 37 30 29 39 90 59 21 78 88 55 14 88 94 93 97 11 56 20 14 74 44 0 4 61 4 56 92 41 11 49 71 91 47 35 31 78 86 51 67 83 62 53 82 85 51 25 39 11 56 65 43 5 79 61 94 64 89 49 15 10 38 4 92 36 88 30 70 96 0 26 55 16 52 68 58 49 22 83 72 3 21 52 93 67 91 91 61 6 40 86 93 92 65 70 65 74 29 55 69 44 31 65 12 70 55 24 72 84 30 29 54 18 28 12 52 77 40 41 96 63 57 61 74 41 26 68 28 66 7 60 86 90 58 24 28 1 49 6 7 41 95 39 39 62 50 67 70 92 35 6 4 15 98 51 93 44 87 77 57 41 80 25 3 77 11 46 83 43 35 5 71 1 4 75 6 60 54 24 30 20 93 59 18 58 33 41 75 80 2 38 31 89 97 55 67 13 75 85 2 38 97 59 69 39 97 80 15 6 79 4 10 32 77 78 78 80 93 41 34 45 63 53 88 57 43 99 62 7 53 43 56 45 10 46 9 44 9 63 91 54 59 41 15 12 29 4 48 85 22 94 59 61 31 77 10 94 89 3 21 95 30 70 28 1 74 53 51 9 59 98 38 85 52 13 24 86 35 10 26 75 55 48 10 
22 54 64 91 86 17 86 63 40 34 63 97 23 74 26 27 30 37 89 53 21 11 69 2 55 72 41 27 59 34 37 21 13 54 23 54 59 5 21 91 5 61 97 94 91 9 33 3 56 5 47 20 38 73 88 28 19 24 93 35 11 92 81 88 42 77 9 43 60 74 4 49 16 21 21 74 57 75 67 19 69 16 4 25 26 41 3 99 73 10 97 63 42 28 96 49 65 95 87 65 58 40 44 41 62 67 59 51 1 89 31 83 2 59 85 94 63 84 93 46 22 25 94 91 40 18 4 88 96 20 38 20 99 57 83 46 41 46 20 58 96 68 39 36 21 41 51 93 96 65 70 65 18 88 43 4 48 56 94 66 64 78 71 17 4 0 82 83 65 29 48 53 0 50 4 96 89 86 54 8 70 60 31 64 63 98 74 79 27 50 14 38 66 70 30 90 72 33 15 85 80 56 97 50 37 15 94 1 41 42 39 64 79 12 13 16 89 54 21 10 44 23 33 59 20 75 86 37 79 60 22 27 41 12 83 5 15 35 98 8 88 52 38 19 60 67 53 20 12 14 56 57 16 37 12 11 53 66 42 48 36 93 49 2 61 16 95 47 16 55 0 39 38 29 81 76 10 10 60 71 85 38 26 29 19 57 47 45 78 64 98 61 33 53 2 80 21 72 84 78 
39 24 80 90 93 98 74 72 57 74 90 15 36 89 92 31 67 57 81 82 36 77 26 10 66 40 54 58 82 6 79 44 31 46 33 91 80 98 91 65 88 80 47 93 9 0 77 57 66 72 33 50 46 45 87 74 63 3 0 75 67 71 64 50 79 49 8 63 16 26 18 20 30 85 35 83 47 72 22 9 66 2 91 90 8 56 2 17 69 93 37 55 64 54 0 25 13 52 74 97 27 66 20 26 19 79 68 55 42 53 62 53 80 81 92 90 29 26 51 84 93 25 17 70 39 49 81 31 72 7 60 61 33 90 49 68 27 23 53 58 14 23 74 53 38 10 31 37 49 80 46 38 55 82 89 79 46 17 35 35 42 78 67 77 7 44 51 89 94 98 46 80 73 33 45 40 33 8 13 22 0 78 29 62 32 86 30 93 81 52 88 10 5 41 66 10 7 95 59 13 94 41 38 48 26 50 80 26 99 14 55 25 25 30 82 6 18 74 31 37 74 76 38 99 70 89 62 94 88 2 49 23 92 76 43 68 20 24 4 32 99 73 20 24 87 71 58 34 35 57 47 46 3 3 86 22 18 10 80 46 13 68 21 44 67 92 89 88 93 40 31 39 65 37 97 35 86 33 6 2 80 59 53 35 57 6 3 18 22 68 87 6 47 53 79 36 8 88 11 34 
72 84 5 5 78 74 6 21 40 54 99 18 63 40 55 30 91 87 43 38 20 17 64 33 75 70 46 11 61 73 6 76 9 62 64 12 71 84 96 80 60 41 83 97 35 97 11 17 26 15 21 51 70 29 49 59 77 16 26 95 73 29 73 46 54 91 7 90 79 53 43 63 90 94 43 54 4 1 51 68 19 50 52 50 19 55 68 91 59 70 53 35 44 48 68 32 66 97 37 55 18 25 31 17 69 84 11 25 75 5 30 52 24 66 93 51 89 8 12 66 14 58 4 86 39 93 17 94 62 1 22 4 12 18 67 62 46 26 57 74 35 37 76 50 24 71 65 41 69 24 4 49 3 83 73 94 7 51 43 63 30 81 15 33 62 9 49 62 6 91 5 1 60 86 29 43 3 50 99 28 94 82 97 88 23 41 82 76 12 60 32 71 89 21 47 25 82 28 17 3 85 31 4 22 38 40 88 85 67 25 28 37 49 85 14 72 72 82 19 96 71 12 8 67 0 3 13 87 50 74 41 18 98 79 6 78 19 46 83 77 32 86 25 44 13 81 55 33 34 65 28 8 93 23 36 99 44 97 13 45 58 43 62 79 36 75 73 69 99 5 27 92 93 9 14 76 62 24 58 77 56 26 26 32 38 5 0 65 21 38 40 79 66 88 25 64 73 20 73 35 
24 3 76 22 29 53 6 96 91 65 81 16 9 76 92 35 84 47 83 65 11 99 48 95 24 55 71 4 79 80 29 63 66 20 87 52 69 90 11 92 54 77 32 32 14 25 98 54 74 67 43 98 46 9 99 68 9 40 53 74 91 35 24 41 31 72 18 26 4 97 26 31 90 32 50 37 10 18 45 13 41 29 77 49 54 64 47 43 57 80 15 77 63 36 35 37 84 31 1 14 59 2 11 30 87 63 63 18 6 14 87 94 70 71 7 61 14 24 74 18 38 68 64 91 57 77 75 10 3 81 55 85 72 16 35 79 98 48 4 91 55 6 4 27 93 54 79 16 70 87 69 50 43 33 80 69 14 7 73 29 41 8 76 18 5 47 53 4 20 93 86 16 91 71 61 95 13 71 94 83 83 97 54 91 96 23 78 72 48 70 79 75 75 64 34 3 28 27 66 45 20 30 65 54 44 2 23 40 76 59 13 51 25 7 35 76 46 50 49 87 37 66 79 14 76 37 88 97 74 89 7 58 66 79 59 37 7 46 89 69 19 47 22 61 55 44 64 82 22 97 67 75 10 70 78 36 35 73 21 3 41 49 3 4 53 89 52 28 98 66 12 21 20 72 69 29 18 84 38 63 6 23 93 78 72 93 57 62 39 99 81 60 66 75 86 73 87 59 93 86 
28 10 60 60 54 65 95 43 69 15 27 48 51 71 20 19 35 7 99 54 78 5 27 55 88 8 79 29 43 16 13 26 87 57 66 22 87 26 25 73 44 92 98 64 27 40 19 27 4 47 87 39 55 48 78 85 24 96 21 87 8 68 47 4 24 53 15 33 19 85 3 3 9 5 96 9 89 64 6 68 12 82 87 29 24 33 19 82 78 12 40 60 71 22 66 24 82 95 22 26 11 64 35 48 96 10 72 13 83 58 79 66 46 11 91 17 14 0 15 6 14 9 57 10 76 72 42 25 52 92 50 53 72 54 24 37 35 86 83 53 39 30 9 54 16 12 70 80 31 24 9 37 16 96 77 70 6 24 82 24 36 93 16 41 95 54 90 3 50 10 9 90 6 52 53 42 49 0 72 79 44 74 84 35 10 36 15 25 89 16 8 42 91 91 9 87 5 51 28 2 11 14 6 19 66 34 78 35 93 73 96 59 63 51 46 92 75 40 92 96 40 11 22 34 56 64 66 74 92 15 89 55 62 99 80 98 22 98 14 48 20 2 81 41 90 85 65 10 52 98 86 93 60 60 53 58 13 15 45 30 18 86 76 9 55 92 40 80 16 89 13 40 40 16 53 12 80 4 17 70 46 82 36 27 54 27 38 51 83 39 91 12 22 78 54 13 4 45 38 19 
75 18 87 74 85 7 73 28 14 0 27 9 93 73 85 16 43 22 28 24 55 87 65 49 2 49 92 59 47 14 14 19 79 10 51 17 18 7 51 95 52 29 74 58 34 78 88 24 24 18 44 42 37 47 84 45 73 62 58 34 7 90 96 57 11 5 31 13 5 94 56 34 30 44 77 93 78 19 91 45 22 34 73 77 48 46 75 93 41 78 56 60 60 55 86 74 35 47 94 45 11 16 8 43 77 76 47 7 27 49 17 94 23 3 19 91 86 35 41 14 1 61 58 51 58 70 55 19 28 48 15 83 63 86 46 19 0 68 45 63 8 42 96 34 48 94 26 79 13 14 19 94 58 14 88 40 6 31 23 31 72 5 56 68 97 18 34 4 46 70 26 0 32 40 66 50 48 52 27 70 0 16 34 89 2 12 93 62 39 45 86 30 71 47 91 37 71 33 21 90 79 34 90 66 1 11 63 43 97 98 77 92 76 19 92 81 23 50 44 82 68 64 34 69 57 44 65 28 13 0 12 12 92 64 54 52 79 66 61 8 27 29 52 18 33 16 59 32 18 5 60 48 43 4 64 7 26 18 13 78 97 83 68 73 91 78 21 52 81 41 73 63 98 51 7 81 61 0 95 30 95 12 87 50 32 49 99 65 32 24 52 31 19 7 36 59 23 66 88 28 
25 61 27 57 2 94 95 14 13 16 64 76 74 31 11 87 83 21 82 78 39 67 23 91 59 91 70 32 2 46 88 14 36 29 60 95 61 56 82 84 39 73 61 8 25 14 73 64 78 85 45 40 51 19 78 26 68 65 40 75 9 77 92 27 7 85 66 66 79 20 47 48 61 98 59 59 34 7 66 21 84 58 50 39 25 14 3 38 87 68 40 39 57 5 38 39 57 33 10 22 30 28 88 68 63 19 43 16 11 18 70 79 23 68 35 5 10 46 91 0 49 55 45 55 4 95 94 44 24 26 13 34 58 90 25 27 43 91 82 89 84 41 41 73 35 33 17 3 65 69 58 11 99 86 67 71 47 26 53 42 51 53 92 29 10 0 28 73 94 37 77 47 52 31 0 87 67 65 19 12 33 34 75 8 52 30 5 27 97 5 22 15 95 8 12 30 81 43 16 33 76 16 6 90 17 14 94 95 99 46 20 8 93 0 59 6 24 76 98 11 5 77 88 98 31 57 89 6 35 49 14 46 6 71 43 20 33 14 30 64 41 30 94 51 23 56 39 9 59 64 75 17 0 20 85 32 16 32 32 55 95 42 16 15 22 68 11 66 62 93 99 52 81 62 25 52 81 75 15 25 66 90 58 12 36 43 90 4 19 58 73 88 85 54 61 61 89 44 3 79 
84 96 46 16 76 33 28 97 67 42 63 73 61 71 42 16 54 15 23 22 26 71 91 17 6 12 67 49 21 82 17 49 60 13 26 54 47 66 23 92 28 39 28 95 38 45 12 65 45 81 99 31 39 96 90 55 30 97 80 37 63 93 18 55 54 1 6 88 63 14 45 1 94 49 46 27 80 17 62 19 21 84 48 8 4 95 6 11 10 75 76 41 18 99 42 24 10 75 2 21 83 59 49 20 23 91 81 47 51 34 26 96 17 91 46 85 86 82 49 94 23 30 96 86 22 73 76 29 2 54 35 35 2 32 7 53 51 96 22 61 2 57 25 4 81 69 22 58 75 58 98 92 16 41 26 5 79 31 96 44 14 77 12 30 6 37 58 32 72 40 34 36 46 74 73 39 73 58 74 31 77 60 6 66 4 57 69 23 42 40 16 25 9 47 69 57 95 36 31 50 35 95 0 22 72 13 63 9 26 49 76 43 78 63 0 43 83 22 75 28 70 0 77 66 69 87 11 65 26 31 38 96 93 17 24 91 72 33 23 99 96 63 7 47 65 76 86 72 80 38 88 99 21 76 68 44 92 14 60 75 11 76 19 78 48 21 36 49 22 93 90 97 88 43 29 99 71 73 67 53 69 8 36 12 40 29 40 79 52 1 65 75 76 76 11 49 19 38 63 11 
86 19 57 85 59 52 67 21 4 26 97 47 60 50 83 73 29 93 92 31 26 21 14 21 60 4 0 13 72 93 78 31 48 56 74 77 70 56 69 86 29 18 73 21 82 85 66 12 90 42 72 81 49 80 58 86 51 95 55 29 59 37 91 72 99 89 25 49 85 70 59 65 75 67 43 89 81 59 11 82 15 36 15 96 67 1 92 73 17 76 86 21 53 68 97 38 90 61 61 54 87 82 93 1 24 53 31 2 82 35 20 89 17 9 82 6 64 9 34 24 79 23 14 2 92 27 74 95 56 11 67 21 74 99 84 55 19 47 4 89 79 3 57 24 71 32 73 36 93 99 92 58 1 95 65 2 23 7 76 86 79 36 51 9 40 75 76 65 55 77 33 20 2 85 18 58 75 53 30 73 76 42 64 12 83 76 11 24 75 97 86 84 87 83 99 59 75 10 80 18 72 62 64 38 16 99 25 16 46 93 69 33 35 78 64 72 76 89 98 73 8 12 97 82 5 97 84 3 60 61 2 1 90 75 90 52 33 9 97 98 37 22 94 61 42 13 4 85 61 68 6 6 6 54 65 28 57 21 38 66 75 46 64 21 7 83 58 47 95 81 35 47 82 37 82 86 74 26 15 3 40 40 95 76 77 7 51 72 79 83 30 22 96 4 38 14 20 94 50 16 
23 37 46 62 71 80 93 59 27 42 31 95 7 28 52 25 88 79 34 2 74 54 51 23 71 82 70 55 11 30 32 76 50 14 15 5 46 87 92 75 72 35 53 47 13 77 80 88 39 82 51 43 95 81 90 45 10 39 99 85 42 51 88 10 65 1 27 92 46 14 59 84 60 42 29 15 95 57 51 59 49 96 81 63 71 88 98 75 36 41 34 22 41 5 31 63 66 14 59 44 8 81 88 48 78 84 42 22 44 89 81 34 53 15 4 85 75 2 93 19 82 2 54 12 14 42 37 91 48 49 72 61 12 87 54 74 17 59 51 15 10 80 31 31 28 55 39 1 16 18 20 42 2 87 47 19 8 74 24 90 11 61 75 56 50 30 14 63 52 49 92 71 96 15 26 59 7 84 99 74 92 68 54 32 29 76 86 11 7 96 62 90 45 46 57 5 62 70 73 71 92 24 4 43 98 84 98 33 38 27 97 59 43 22 18 14 69 32 84 93 80 15 45 22 39 50 11 58 59 2 30 60 85 75 39 20 31 50 86 90 4 66 90 74 30 99 0 2 11 63 12 22 48 26 49 96 60 29 12 39 83 83 41 50 76 0 45 38 13 12 16 63 65 77 79 49 9 33 57 64 96 92 73 40 58 80 83 30 38 26 68 86 62 3 46 27 54 91 24 93 
8 95 27 71 83 69 78 96 83 75 98 72 45 88 57 81 48 16 56 40 11 73 97 29 43 30 4 58 20 54 99 10 77 79 33 4 47 10 89 46 44 40 78 63 19 11 14 44 54 4 50 4 69 32 41 40 98 28 58 55 98 1 50 99 57 86 29 31 11 18 0 4 16 19 1 62 42 16 8 83 81 23 68 50 72 53 42 26 20 86 12 9 58 96 90 72 72 23 59 43 76 96 70 39 28 4 91 2 26 37 98 15 71 96 71 60 79 81 47 11 98 47 5 93 78 96 82 12 15 40 58 65 32 81 73 12 76 37 21 37 35 65 22 0 96 94 51 6 76 91 65 3 53 85 96 18 31 83 53 38 36 33 28 26 19 64 73 43 5 54 14 10 21 40 96 72 0 77 81 49 7 58 11 16 76 82 30 61 47 58 61 5 7 84 33 76 90 44 67 34 68 87 81 45 83 63 91 81 66 88 85 13 26 89 12 40 0 28 31 9 87 85 82 67 75 78 41 39 91 78 89 64 72 43 86 91 96 47 45 75 23 61 91 37 88 99 54 29 92 19 40 34 88 5 61 12 3 32 13 58 37 53 20 24 77 82 88 69 3 69 53 43 88 70 35 89 67 84 64 10 20 73 92 66 96 38 55 67 88 48 31 21 77 15 45 26 88 16 9 11 
35 33 16 33 4 68 17 85 15 14 62 48 30 54 18 20 68 10 34 13 14 6 46 8 74 84 5 32 16 57 23 90 39 65 51 62 42 17 7 32 70 59 41 57 24 92 57 29 0 86 40 29 70 3 70 32 49 43 81 67 68 92 60 41 18 43 16 53 7 28 51 23 54 7 49 16 17 36 88 89 3 64 1 90 70 19 20 92 28 29 31 90 94 70 68 80 4 13 8 35 65 40 59 15 58 43 23 50 51 22 4 9 96 25 44 33 53 25 52 36 89 60 96 94 78 87 3 32 1 22 25 98 0 63 40 45 31 44 38 40 28 90 85 43 95 20 9 50 16 66 74 10 21 2 58 40 33 24 10 10 75 58 98 80 77 74 86 77 34 93 68 37 20 0 92 37 51 5 61 61 75 36 60 45 32 97 2 26 1 98 50 79 87 1 71 88 47 84 75 69 10 38 3 42 7 96 12 56 26 24 49 27 53 81 0 61 19 19 31 70 40 56 46 89 39 27 88 61 32 99 61 59 64 81 40 50 75 17 7 34 78 52 73 32 87 90 8 88 95 96 12 54 42 65 76 36 14 38 36 69 92 14 6 36 95 72 6 88 66 30 50 80 75 86 49 51 62 96 96 73 62 19 27 6 75 92 74 99 77 99 31 97 53 59 57 27 11 92 86 68 
37 39 25 83 72 86 67 33 72 35 95 73 1 48 10 32 35 90 9 13 34 59 19 47 82 4 84 5 63 36 90 30 66 16 98 39 53 70 61 4 31 8 29 40 76 40 38 92 29 35 16 91 59 0 75 93 71 74 93 58 66 10 56 91 11 53 0 31 85 2 46 31 7 6 14 2 88 93 33 39 64 14 13 68 73 98 22 78 93 76 5 59 35 3 36 71 12 28 92 51 5 63 87 9 90 64 54 23 35 55 70 39 18 47 30 96 79 0 99 7 50 87 2 32 32 88 77 57 6 27 42 35 0 1 75 25 93 34 83 14 90 37 89 39 91 17 31 83 9 40 44 18 27 42 21 29 53 58 84 10 11 10 79 41 10 73 71 93 56 24 31 78 9 11 94 88 87 90 71 42 52 4 54 90 70 13 93 99 27 42 78 90 96 30 39 22 21 76 9 49 71 62 59 44 5 39 61 32 49 84 97 70 32 49 80 0 91 19 84 31 63 10 25 41 60 65 36 85 34 27 13 0 11 43 53 92 43 89 9 12 74 25 34 93 93 42 89 88 76 46 87 9 47 92 4 78 99 32 26 65 30 97 11 65 79 66 99 99 95 5 27 90 33 68 42 73 26 6 32 76 37 15 19 85 34 64 79 13 96 81 49 61 73 29 99 76 18 40 70 7 
32 93 43 87 53 58 76 64 21 41 73 41 11 98 74 18 41 60 39 48 69 28 7 80 31 80 81 72 46 72 77 86 27 36 89 51 29 72 90 92 84 24 48 27 92 16 62 66 55 39 2 31 8 58 29 87 41 76 96 40 47 69 51 81 13 37 37 29 64 36 65 90 50 40 7 75 67 19 35 44 87 60 45 93 52 42 53 62 67 94 27 80 24 88 25 94 11 37 57 1 64 10 71 14 40 47 84 83 58 91 53 72 36 13 85 33 46 49 81 33 24 49 8 96 16 72 72 34 73 16 67 49 6 68 89 90 0 58 61 55 22 5 16 88 92 99 54 38 94 13 25 69 12 38 74 87 97 42 98 77 68 81 5 23 47 70 67 89 37 83 82 36 61 46 47 57 48 0 84 27 50 88 28 26 33 17 98 54 42 96 59 21 54 64 83 45 60 48 51 14 59 17 55 19 32 77 7 92 72 43 38 7 70 74 88 73 88 98 22 12 74 40 79 37 46 54 75 49 93 47 98 51 8 52 94 99 57 37 31 59 5 86 52 78 36 46 95 6 74 56 95 49 94 79 50 39 12 5 36 96 11 82 66 61 84 53 57 49 29 99 99 0 9 91 47 57 77 21 60 22 69 28 44 14 21 74 89 31 67 21 87 38 92 89 12 31 87 28 80 22 
11 94 31 55 24 96 6 29 39 87 62 11 64 59 85 57 49 44 2 6 59 23 52 58 28 60 4 73 4 42 46 42 68 11 54 41 10 46 21 61 80 40 10 41 5 56 54 14 36 97 89 34 13 14 64 86 99 71 79 52 58 1 73 3 45 44 39 11 66 53 30 97 13 30 50 78 66 62 74 94 8 54 45 82 32 79 82 64 73 60 82 93 21 76 28 89 58 55 41 11 81 49 47 7 37 61 53 9 86 40 48 89 55 8 20 43 44 5 63 13 58 52 99 45 97 73 0 68 69 81 46 13 32 81 93 64 74 80 8 32 49 39 33 69 2 32 61 87 36 51 8 75 61 35 36 97 39 6 74 72 53 26 7 81 16 30 82 33 89 87 86 43 63 77 8 3 48 66 82 92 13 22 60 49 47 65 97 38 16 87 80 82 89 33 57 88 14 86 39 95 75 45 9 28 18 21 5 51 69 72 59 51 64 35 35 11 49 83 3 20 78 13 5 48 0 2 48 39 40 55 59 10 70 53 23 14 14 4 21 35 11 93 42 95 82 21 42 91 88 86 81 72 5 18 63 39 51 8 70 63 49 98 45 82 31 90 96 75 46 72 37 44 77 11 15 71 82 32 86 24 40 79 57 13 53 75 12 32 26 83 83 19 90 39 58 11 9 29 19 65 
67 51 2 70 85 79 59 33 19 15 26 97 51 55 78 28 74 57 97 58 24 67 64 38 25 24 52 94 30 84 7 78 22 67 36 51 11 51 43 76 34 25 97 81 97 43 13 7 55 59 52 42 33 65 93 94 15 95 2 94 28 96 31 55 99 71 13 5 89 11 6 78 11 25 74 51 9 70 7 41 65 0 94 29 46 29 46 9 23 16 68 55 75 80 37 40 59 83 18 68 62 95 11 81 72 35 34 48 96 32 22 49 45 71 5 8 70 60 50 3 82 95 73 69 24 64 45 97 91 54 86 3 94 32 65 48 84 75 44 89 2 54 39 6 30 71 99 6 86 30 7 60 50 8 0 68 42 33 49 96 19 29 46 14 83 99 43 87 43 75 13 76 58 27 84 95 70 23 36 19 54 71 89 91 58 71 71 92 1 75 25 64 58 17 87 37 23 99 35 42 57 35 4 54 62 85 65 49 36 37 84 8 24 47 83 33 74 22 59 95 73 59 61 29 1 70 44 24 29 56 24 96 92 9 96 36 19 63 77 11 9 1 19 67 32 34 77 56 31 3 15 80 86 54 50 12 68 29 79 40 69 65 67 65 39 79 32 13 60 41 98 48 31 84 75 13 19 12 83 81 39 71 39 26 60 61 92 18 56 29 17 68 6 74 54 90 32 65 38 14 
36 54 58 41 10 37 8 74 10 77 16 87 36 1 41 87 90 57 39 59 30 65 6 61 28 38 18 92 39 37 62 72 61 52 20 75 5 28 47 83 15 36 60 9 32 89 72 72 76 93 34 10 93 55 62 13 48 38 29 37 90 13 73 93 66 26 94 9 70 90 12 70 93 37 42 28 19 61 94 9 96 5 15 63 56 45 82 41 0 30 76 61 43 23 68 3 26 39 58 42 34 31 16 14 14 50 85 27 73 68 89 24 36 1 52 95 49 84 40 46 50 6 57 17 95 41 60 50 82 24 15 80 41 64 78 54 89 55 92 12 13 70 64 55 20 99 84 86 9 93 76 31 67 65 93 15 41 97 37 54 13 42 81 54 80 34 10 67 88 50 65 70 24 19 4 26 97 40 45 84 72 86 45 51 91 46 59 0 66 9 61 83 68 86 50 85 89 36 38 19 36 86 60 38 61 37 76 9 12 88 0 92 91 57 72 65 63 54 19 24 10 84 7 37 50 32 37 88 62 39 56 84 39 79 76 99 55 55 0 86 51 76 71 44 3 45 32 84 88 23 94 53 61 75 65 80 51 93 93 71 47 53 52 22 28 29 82 73 29 81 41 23 24 41 84 85 2 28 82 84 82 8 63 66 25 88 70 63 99 81 47 36 90 13 30 29 61 96 43 11 
65 71 49 69 10 20 55 93 23 62 36 65 80 90 93 40 75 48 92 43 21 44 28 49 32 99 10 9 34 49 28 27 16 15 50 43 7 76 64 65 79 6 38 59 85 45 40 90 1 49 3 7 68 19 71 38 88 10 45 64 0 59 6 79 23 71 95 70 96 23 57 21 8 81 78 53 72 21 88 27 39 50 7 38 43 86 10 10 39 58 10 69 9 12 68 45 32 76 87 40 57 99 78 43 82 55 92 8 74 20 19 34 49 20 13 14 37 34 27 12 35 80 92 66 66 21 11 70 97 62 84 1 81 33 36 74 93 20 34 66 89 98 47 10 74 48 19 65 20 31 19 97 90 0 61 3 45 75 80 75 4 45 35 23 39 38 19 7 43 58 40 18 99 82 32 26 35 17 34 94 29 88 12 95 63 29 65 19 47 48 76 39 65 54 95 53 61 39 78 99 26 99 48 98 68 49 60 80 88 6 41 26 76 49 5 20 95 49 50 34 80 6 76 56 96 21 57 37 39 9 84 15 3 78 33 23 17 20 67 71 95 52 16 46 55 57 84 84 27 84 23 12 55 1 0 11 84 96 65 49 29 64 85 84 12 15 50 79 62 61 0 85 9 10 66 49 15 95 8 79 53 56 16 56 48 3 53 96 13 79 66 42 65 63 33 20 51 36 54 94 
