9 55 0 46 8 80 98 6 27 42 7 57 2 37 0 19 29 14 99 94 32 66 13 45 69 89 41 64 54 81 57 34 3 13 92 40 67 74 87 59 44 55 83 6 95 89 13 25 70 25 19 27 79 51 74 72 80 12 49 45 83 96 63 32 70 78 43 56 64 90 70 20 18 32 89 73 72 64 77 69 95 48 18 39 43 34 54 12 61 75 68 15 59 29 84 51 42 31 89 31 95 35 60 16 91 1 33 74 13 66 32 47 14 88 27 76 6 82 36 10 51 19 40 28 53 78 53 83 17 23 57 2 82 83 89 76 48 87 43 39 17 40 39 57 50 70 55 11 12 75 40 14 0 16 68 98 28 65 21 62 29 32 30 74 70 17 35 51 58 48 79 28 9 11 67 31 23 50 97 10 7 36 28 26 40 4 94 1 71 33 96 78 89 21 99 0 40 24 93 52 82 22 21 64 37 45 8 50 1 83 7 38 52 32 99 18 42 13 9 78 70 21 91 2 85 36 26 51 33 43 67 19 94 65 32 79 68 77 8 15 57 42 31 49 81 44 95 15 86 28 18 14 56 84 16 30 76 81 92 14 46 64 23 22 35 72 19 91 72 88 93 48 97 28 70 1 80 50 19 79 28 76 76 97 39 18 37 48 2 12 56 34 90 52 52 72 20 44 59 3 67 74 66 61 38 96 6 15 98 96 77 57 86 9 41 6 58 3 9 19 82 63 21 33 73 82 36 35 64 5 45 87 71 68 17 77 42 93 7 2 58 48 44 50 44 31 20 40 80 89 30 64 52 1 72 36 49 58 79 30 2 84 85 14 75 10 86 36 52 11 46 89 59 79 78 47 33 44 11 92 9 30 9 63 56 8 1 28 25 65 45 42 8 71 70 51 67 48 23 56 14 78 5 1 27 1 33 47 75 37 68 81 78 11 90 11 23 17 35 7 25 31 66 90 30 51 74 17 65 11 29 47 94 55 75 97 47 11 56 68 82 3 1 68 15 62 9 43 75 89 51 46 96 59 6 53 14 18 76 9 80 5 83 67 13 39 57 30 19 61 9 97 84 71 81 43 14 68 34 54 64 87 99 88 17 88 33 23 14 19 76 31 2 34 28 71 29 99 17 99 
89 98 98 13 8 55 1 21 18 61 62 51 80 1 4 39 54 78 80 65 62 38 34 69 83 32 79 28 88 88 1 93 31 92 83 66 76 63 63 66 88 31 17 96 95 11 62 13 87 63 85 0 92 14 10 33 89 26 98 31 48 0 7 36 82 97 2 90 86 81 23 3 86 43 14 93 27 59 22 83 55 27 23 70 5 76 58 26 52 20 42 26 46 68 81 23 91 21 62 74 63 90 89 92 35 73 81 90 64 77 80 32 55 40 45 32 6 59 1 57 69 61 0 13 64 61 96 14 3 89 79 23 85 63 23 25 27 6 2 93 79 8 0 55 5 22 30 56 95 29 17 39 80 68 58 43 75 75 4 24 54 48 24 29 83 71 41 21 22 21 59 0 80 99 91 26 66 60 21 44 7 28 91 96 38 34 63 48 33 69 4 34 41 42 67 25 96 72 78 76 40 30 23 83 95 40 99 22 66 1 19 56 64 16 25 76 71 53 63 18 50 68 67 66 64 81 4 32 78 80 46 79 88 32 99 57 27 98 96 18 1 26 15 82 52 45 47 16 16 61 88 95 46 63 6 33 72 19 27 6 20 59 15 47 30 91 7 69 45 70 39 15 78 34 38 10 2 38 59 7 52 78 63 83 79 51 16 13 19 3 17 85 45 2 47 29 67 70 97 33 31 20 7 90 53 59 85 20 43 24 63 56 85 42 36 43 55 83 53 58 93 23 38 14 76 56 32 46 60 39 59 65 95 37 20 65 32 60 81 93 7 94 4 50 98 82 10 67 4 35 75 47 73 64 78 20 3 35 4 95 53 19 61 17 38 62 46 26 58 52 71 32 55 60 88 60 69 87 94 62 42 21 76 72 72 63 3 82 54 79 69 33 74 61 91 90 13 31 5 78 30 15 78 20 9 97 70 40 43 79 45 1 9 18 98 86 25 41 98 24 86 71 95 20 11 96 48 94 8 22 21 14 14 62 23 76 43 73 76 17 90 7 7 11 86 95 26 7 81 64 36 24 36 1 14 59 23 60 57 65 7 27 27 7 52 18 72 23 14 46 29 48 31 34 97 8 7 48 27 97 53 75 39 64 33 93 1 28 32 71 13 41 72 72 12 26 49 53 7 8 
34 53 61 90 30 74 21 39 29 47 75 81 76 79 96 4 6 53 62 92 55 3 63 74 54 18 26 55 62 94 47 8 45 20 56 67 55 54 19 15 98 61 19 95 12 59 93 36 14 61 71 56 63 66 41 29 74 0 30 91 67 90 3 22 96 92 34 11 5 71 52 74 34 8 55 80 25 93 52 99 9 7 55 92 90 57 89 38 29 78 43 65 96 27 46 99 29 0 94 2 39 65 82 70 15 5 98 41 46 84 72 84 29 26 97 96 29 87 25 77 12 46 39 80 19 11 27 37 11 29 50 99 8 24 74 86 28 16 4 24 40 12 83 98 78 76 86 24 24 46 40 43 95 6 47 82 45 84 72 60 58 52 76 39 4 84 6 2 76 80 78 31 24 61 75 20 83 75 76 52 14 53 22 1 70 66 93 88 31 57 23 27 86 80 74 62 39 85 12 1 38 8 48 63 87 11 70 8 32 41 66 38 94 17 58 82 6 76 2 64 94 19 55 87 46 90 81 34 48 30 50 91 38 65 43 28 99 48 28 66 35 5 52 28 90 6 65 95 36 63 63 31 45 77 52 80 79 71 40 46 9 8 53 91 84 94 15 19 4 82 0 73 93 78 88 0 45 2 95 5 78 24 91 54 43 79 72 70 44 51 97 91 77 20 40 35 93 8 37 74 93 21 70 0 40 5 37 69 11 60 21 93 36 8 54 30 39 31 59 93 76 25 89 13 93 71 8 71 7 40 60 53 2 26 31 17 82 83 54 4 72 79 45 10 26 10 0 59 62 39 42 59 18 76 60 26 65 99 35 57 99 22 26 96 38 77 74 56 33 63 71 31 93 0 90 13 79 29 92 14 65 8 18 9 28 83 96 18 33 12 20 75 50 49 69 6 51 49 9 66 73 60 80 91 2 8 38 33 42 18 64 43 84 32 67 98 9 30 18 20 60 33 25 86 25 52 62 58 7 20 18 51 97 92 15 38 1 37 36 66 85 8 15 22 2 48 99 54 11 8 89 57 8 38 58 60 73 98 23 6 65 76 21 68 70 66 10 94 34 54 89 27 63 76 32 38 73 61 42 21 62 48 66 41 19 15 47 62 73 91 53 4 6 2 19 79 54 68 70 18 
95 2 93 31 48 14 50 23 94 66 40 79 97 16 68 42 60 37 67 43 23 68 30 41 46 92 76 71 43 75 91 61 74 94 61 39 1 63 80 99 47 46 88 58 5 74 14 87 54 53 85 91 96 18 39 91 93 70 72 22 43 28 46 50 87 93 27 39 8 37 51 39 7 77 21 25 28 14 92 98 37 55 1 49 68 48 62 97 28 88 73 78 52 88 94 8 27 97 93 17 3 3 55 6 62 13 69 12 58 28 14 8 64 10 68 63 32 39 48 36 24 74 36 13 9 82 54 7 37 10 17 92 89 2 49 92 11 41 3 53 96 92 70 61 29 56 25 69 24 38 69 96 42 13 59 70 76 2 48 12 13 65 50 80 47 87 6 64 36 7 57 44 84 14 88 87 71 28 81 62 25 99 88 55 28 56 90 2 67 87 72 13 14 58 98 6 24 46 51 95 5 29 42 48 10 13 17 59 97 40 13 83 15 6 79 97 28 29 82 71 58 67 7 85 63 48 86 21 24 24 46 17 60 60 26 79 80 92 65 1 27 50 0 41 9 58 62 46 46 42 49 56 4 78 3 63 53 9 34 21 83 69 54 40 15 95 67 41 31 14 32 48 40 34 64 85 30 37 82 70 50 54 55 25 8 19 3 35 38 17 80 56 66 39 45 79 51 92 98 69 42 39 10 21 49 18 52 47 68 19 54 59 77 93 48 1 64 38 52 47 80 44 55 23 71 81 74 89 28 0 24 78 81 59 98 89 30 88 24 88 28 92 47 52 28 51 48 54 17 30 4 39 43 32 95 43 22 5 19 22 35 7 29 52 84 70 9 93 84 76 10 94 26 49 95 22 2 1 91 65 96 22 48 18 87 99 22 8 91 71 29 31 86 38 52 69 75 34 60 18 74 24 4 51 87 8 64 95 55 46 13 18 5 9 85 92 80 35 34 18 95 38 62 77 13 3 45 66 56 86 76 19 69 38 2 50 95 51 57 22 27 46 14 4 33 19 13 26 70 14 26 49 34 22 20 37 48 14 69 73 99 35 37 91 90 62 34 37 33 54 0 87 66 15 22 27 68 86 70 43 8 79 71 36 6 26 59 27 46 69 78 21 64 46 41 7 94 82 76 70 
3 84 30 1 51 95 89 16 53 9 83 83 81 5 56 87 99 40 65 47 53 33 43 84 41 58 83 50 88 7 98 99 31 41 72 73 74 20 38 66 15 36 83 45 67 16 51 59 89 0 74 41 76 93 72 23 25 33 6 94 59 79 82 85 40 80 66 45 99 99 20 45 95 47 68 77 80 47 52 49 20 16 2 91 15 12 37 31 21 93 72 90 59 81 73 50 84 37 96 19 60 87 87 90 65 20 94 48 23 49 79 36 50 40 41 92 78 57 41 88 37 73 31 56 11 23 79 66 41 56 29 76 89 91 70 31 82 9 38 24 91 19 71 83 15 69 86 30 13 36 17 4 74 20 90 8 20 78 69 77 82 99 47 34 41 82 25 87 98 32 2 13 12 89 51 76 92 79 64 84 95 6 98 88 8 53 47 95 60 47 80 30 5 57 23 7 16 12 79 61 80 50 65 64 48 0 55 83 44 13 34 71 92 23 46 13 20 32 8 87 85 41 93 62 18 99 45 7 26 81 99 61 39 61 77 45 30 63 55 89 82 51 58 43 93 36 86 5 73 78 69 85 32 67 89 61 68 65 33 74 55 95 42 74 0 40 53 74 71 29 56 55 26 2 84 54 83 19 54 77 81 72 92 40 88 83 92 70 92 6 33 30 39 56 53 49 58 66 93 14 39 23 48 29 80 87 3 83 87 96 88 74 96 93 30 81 12 29 85 86 80 59 76 46 34 33 6 52 15 37 9 18 4 63 48 58 66 22 49 96 9 59 36 75 76 95 51 61 18 2 21 59 77 45 4 9 30 81 76 78 50 87 90 7 62 10 64 22 63 69 80 89 32 10 51 8 17 17 79 95 23 85 3 97 43 73 73 22 73 10 92 26 90 11 44 41 5 26 88 69 87 9 60 86 64 33 22 13 56 44 85 11 96 32 12 33 22 1 68 18 80 83 15 51 83 8 0 87 21 80 5 33 61 83 48 75 51 29 98 57 14 60 68 67 48 32 88 81 40 31 48 37 73 82 63 52 2 26 75 92 97 18 90 65 60 48 43 55 12 55 38 33 29 50 25 27 85 42 60 43 95 35 65 69 13 15 79 23 24 98 57 0 40 22 52 47 93 18 88 29 
58 75 12 28 33 29 7 19 41 51 30 58 61 27 94 23 66 67 85 87 21 39 33 81 19 18 32 25 22 18 18 64 63 4 37 60 71 25 56 0 90 25 21 52 95 64 81 55 28 42 1 92 85 80 90 75 11 0 36 78 10 53 17 3 20 71 10 67 52 99 84 60 57 33 11 61 58 34 15 36 26 54 16 40 86 7 83 32 29 43 99 39 99 88 44 71 9 21 33 18 17 7 85 17 2 72 65 51 29 18 71 35 19 69 11 95 58 25 48 29 83 76 41 94 61 7 93 34 67 71 73 95 99 99 96 36 99 0 60 95 69 2 16 84 22 45 19 18 74 83 98 46 25 41 8 11 98 18 54 31 16 9 65 72 8 30 97 53 44 51 19 76 51 18 35 65 97 31 27 1 80 0 77 75 73 93 11 75 26 8 65 85 34 64 79 98 21 66 62 19 70 42 30 96 36 24 17 4 44 38 16 30 91 3 92 2 87 65 77 60 84 89 4 38 96 26 91 31 76 70 96 8 67 90 31 50 73 11 37 16 90 30 59 73 42 93 21 64 44 44 8 96 38 44 92 70 49 22 8 23 54 35 42 70 0 23 70 24 96 12 32 93 65 54 79 82 64 50 75 29 49 26 33 4 45 69 15 26 66 21 1 48 77 51 30 44 89 97 3 18 59 93 16 4 80 61 39 81 30 44 39 63 35 67 77 83 43 75 17 43 92 99 45 93 47 76 22 16 60 5 46 61 17 75 40 52 18 28 75 91 23 82 48 54 2 81 12 30 85 49 16 57 94 35 61 26 84 11 98 79 2 55 60 69 95 12 7 3 41 46 80 48 43 72 65 60 57 14 13 19 79 13 20 68 97 68 23 18 26 67 10 64 93 49 48 29 64 66 22 32 53 14 1 99 40 58 6 4 13 99 63 33 43 19 90 32 10 10 87 40 61 60 17 1 23 68 95 92 67 78 71 98 39 72 45 82 67 80 47 44 47 23 7 24 51 47 77 4 67 75 88 92 27 83 24 29 68 50 72 84 88 48 0 94 70 98 21 57 18 62 93 26 71 68 97 76 41 53 41 79 73 85 96 32 7 90 80 75 2 10 58 96 80 59 54 52 8 15 18 13 
49 95 5 18 38 9 70 39 60 86 44 62 28 31 99 31 85 84 72 68 77 66 45 68 81 64 31 61 72 30 26 54 12 89 41 25 65 39 21 4 73 73 41 40 62 63 51 32 56 21 61 16 28 30 62 17 2 89 25 82 53 28 87 56 45 15 76 71 23 91 35 41 57 34 30 14 1 71 14 41 11 42 47 73 6 73 40 25 22 11 96 95 71 86 93 7 70 36 70 8 58 8 0 30 90 71 91 68 65 67 9 66 99 47 9 44 79 30 67 61 99 99 32 9 95 14 27 95 99 9 91 23 31 44 67 17 62 85 35 54 63 1 26 76 25 41 44 64 67 8 23 78 31 13 10 55 51 70 70 69 87 21 89 88 89 64 86 35 84 92 12 78 19 19 0 12 78 33 52 11 21 80 29 80 3 73 72 21 94 94 68 46 66 88 15 70 62 40 34 70 70 69 44 74 65 8 57 83 25 56 88 34 73 88 8 40 38 79 69 16 89 96 97 30 23 41 57 78 94 56 32 62 50 7 86 8 92 88 13 21 27 18 24 66 24 95 72 89 26 30 69 5 1 66 92 12 63 0 74 33 39 80 43 19 0 87 5 32 24 52 74 12 33 11 49 84 46 42 79 9 60 43 22 55 97 6 25 13 65 80 57 75 61 2 46 10 8 67 50 25 32 37 37 10 50 26 87 71 86 19 66 97 1 88 37 85 67 13 47 22 60 11 26 85 14 23 50 89 50 76 88 34 20 17 57 25 56 65 42 1 57 71 38 68 28 87 45 46 78 24 3 10 79 26 83 22 7 91 50 61 44 1 83 93 62 8 48 34 64 83 45 86 97 38 5 88 75 10 74 38 64 47 29 50 94 24 14 36 17 38 15 99 55 62 24 62 0 52 75 72 74 53 68 38 20 13 21 84 18 71 12 50 99 49 58 92 0 87 46 27 85 80 11 65 17 86 17 10 97 6 45 69 78 23 50 50 32 3 16 2 32 52 8 28 21 86 70 88 6 92 42 16 81 23 83 77 84 82 91 81 81 44 81 5 38 1 59 67 96 51 14 2 59 67 21 41 46 2 99 96 46 41 96 42 34 65 64 61 48 21 89 81 72 50 6 98 81 95 93 23 
90 56 68 61 38 35 63 80 32 46 50 48 53 62 45 80 93 11 59 48 52 62 59 71 49 55 41 95 21 96 28 65 92 63 95 15 85 52 62 16 60 19 81 90 35 78 84 70 48 96 66 63 59 58 95 97 18 53 31 3 28 43 1 19 66 63 33 25 9 93 44 20 65 26 19 73 29 28 24 8 1 78 97 15 61 49 47 79 11 13 52 59 29 28 40 97 73 10 18 93 82 28 2 84 77 8 49 36 84 25 78 41 94 68 16 44 61 91 78 28 22 30 31 14 2 85 87 3 10 62 41 65 37 47 39 91 21 74 65 30 85 95 82 84 54 80 2 95 81 46 45 32 48 99 11 29 76 94 63 43 32 3 65 25 58 60 27 50 24 54 8 99 31 26 29 85 63 33 48 23 78 76 74 2 22 88 3 89 58 33 72 31 57 70 0 73 23 57 58 53 37 48 77 53 15 41 22 80 70 74 85 4 16 90 33 37 62 53 90 57 45 27 54 77 28 53 84 9 45 0 2 30 78 96 71 96 94 75 48 40 18 61 57 49 81 14 95 13 76 75 34 0 31 76 79 97 24 42 82 93 5 23 18 34 74 85 21 10 95 99 74 24 70 82 75 86 18 54 19 7 10 95 62 1 17 86 0 72 51 51 48 3 77 88 4 43 35 39 66 47 89 26 14 94 66 78 30 50 95 99 53 11 23 60 97 94 73 3 32 33 60 36 8 82 20 63 64 87 36 3 4 86 7 60 35 93 47 33 41 3 77 86 93 26 65 3 43 84 88 94 98 26 47 44 49 13 71 59 50 16 32 63 49 95 18 62 41 18 24 62 87 10 39 75 71 30 7 90 65 16 57 21 65 91 65 44 93 53 33 8 24 44 84 62 59 8 96 53 27 45 67 95 68 17 37 89 38 64 6 3 41 68 57 8 9 45 36 4 41 38 13 0 95 11 74 68 30 71 40 17 53 53 66 78 71 36 61 48 11 83 61 24 40 27 81 25 19 88 57 17 53 85 0 70 97 30 23 18 36 61 50 64 43 49 0 66 28 12 60 28 83 63 91 51 23 46 53 16 78 48 24 61 34 89 97 38 16 92 30 90 3 84 54 7 93 56 66 27 74 58 
84 50 50 61 82 6 24 79 44 67 81 38 66 25 78 86 25 61 80 47 64 17 46 58 32 5 15 18 34 59 34 41 44 42 91 1 3 84 45 45 20 28 59 63 9 42 91 49 82 12 27 75 55 28 48 43 51 37 6 96 61 1 76 71 49 68 67 44 2 42 17 30 53 17 79 54 72 75 25 1 16 65 49 16 43 82 54 90 77 62 29 10 16 56 52 23 8 22 33 5 16 19 35 52 64 67 72 56 61 75 29 20 90 32 51 65 23 88 96 96 41 50 10 87 99 29 5 53 83 18 69 96 2 17 53 53 42 48 44 23 70 18 55 26 26 48 3 46 27 15 33 9 25 26 45 2 22 76 97 77 11 4 45 52 90 23 97 58 80 5 84 5 34 75 13 98 54 91 95 98 93 68 44 90 27 27 83 52 17 15 12 83 71 39 96 55 19 62 8 56 51 11 17 68 12 97 18 44 27 86 9 90 86 3 45 12 99 68 77 4 93 78 96 10 19 85 29 39 10 68 88 90 10 12 20 98 85 66 41 17 92 20 50 33 4 55 52 73 76 15 63 57 99 72 14 63 61 55 64 64 14 66 44 45 54 15 20 12 0 21 13 12 70 26 95 37 87 6 80 40 79 84 74 84 7 20 45 16 61 51 68 78 66 73 9 60 41 50 97 94 93 37 28 28 27 98 64 91 46 82 5 48 16 11 73 55 55 96 9 32 44 3 29 67 64 12 80 73 57 51 27 49 61 40 28 23 35 70 65 68 2 55 30 4 70 84 20 60 9 74 16 69 24 25 42 23 78 87 65 97 72 84 57 58 73 89 61 28 43 10 23 65 4 5 78 20 40 6 65 89 53 87 93 30 82 39 15 84 40 54 34 44 12 66 19 66 71 76 44 73 3 65 6 74 29 45 63 80 45 2 49 79 50 13 84 17 35 41 6 11 61 57 69 16 98 60 10 46 82 68 38 83 16 52 22 92 8 89 24 23 61 50 43 53 68 72 34 77 55 34 90 84 86 6 79 73 36 43 4 86 67 11 82 98 50 17 15 74 69 46 47 13 87 19 48 15 89 48 69 32 24 2 3 32 17 15 50 24 98 78 94 32 95 69 46 71 81 87 58 96 
5 20 73 80 86 92 27 87 68 38 20 67 67 63 16 58 60 7 29 24 71 14 33 80 0 34 27 75 92 55 13 64 85 89 39 76 3 6 55 22 22 91 82 71 99 48 43 62 64 66 14 33 2 7 60 65 10 72 82 66 39 34 26 55 49 33 91 47 88 35 96 59 18 0 84 50 85 4 65 53 49 23 24 74 60 95 87 60 7 66 33 76 5 67 35 98 75 28 22 26 49 24 85 62 1 0 11 51 67 42 18 48 87 70 11 7 23 78 14 27 66 2 34 97 53 76 95 62 65 5 85 30 83 65 99 7 95 81 82 33 37 0 86 97 86 20 12 28 98 4 45 34 79 76 54 78 38 53 67 9 25 12 64 22 71 90 38 59 89 27 12 82 42 37 16 39 61 36 89 78 37 92 63 64 55 84 18 91 58 43 27 99 27 88 93 51 72 29 67 7 30 39 86 83 28 33 56 55 64 55 8 55 21 19 37 89 55 36 41 69 21 40 51 76 94 54 92 40 12 39 44 49 87 4 76 83 48 83 56 72 1 47 6 65 40 15 24 76 81 39 99 38 95 56 30 87 84 96 71 81 56 99 62 41 10 66 68 19 58 3 85 34 5 0 4 87 87 37 5 62 56 6 72 62 79 31 79 80 86 96 14 48 96 49 2 7 56 20 30 97 77 76 34 47 96 30 38 2 22 76 39 21 68 64 86 44 34 36 63 73 51 46 77 15 4 11 87 34 28 18 70 67 54 0 12 3 18 37 34 12 47 56 88 66 64 94 40 49 61 98 95 93 97 26 1 37 82 10 30 1 58 50 94 77 48 93 59 8 76 10 44 42 99 53 12 41 98 11 89 10 41 44 27 26 13 62 21 72 65 47 78 23 9 86 14 10 68 69 42 86 76 1 31 0 54 13 49 65 1 96 46 70 71 50 59 44 31 48 10 65 44 83 78 28 54 77 23 23 36 9 25 56 12 40 74 68 95 58 72 3 83 63 65 93 77 8 75 81 21 57 62 21 77 16 18 88 59 22 37 23 41 68 72 94 17 72 72 37 54 27 82 46 5 79 44 73 85 51 66 12 73 18 35 74 96 82 38 37 80 85 47 42 63 4 50 40 17 28 80 12 
26 21 41 26 92 84 97 79 0 9 72 84 49 82 6 17 61 69 42 4 0 65 71 28 59 76 52 71 42 30 95 54 42 59 91 58 42 33 9 9 9 35 95 38 58 1 83 81 9 96 56 60 13 23 80 6 28 20 84 87 6 96 16 47 73 97 53 99 4 53 21 80 92 54 96 29 46 13 92 12 55 64 51 17 62 25 33 14 7 45 9 25 29 66 53 14 25 27 13 98 47 49 6 72 10 72 32 82 57 86 99 77 52 46 21 32 49 83 36 45 38 27 96 67 19 49 96 11 26 91 22 47 9 40 47 79 94 72 64 71 86 29 56 86 7 31 22 38 76 48 13 76 74 92 15 69 5 89 18 23 98 72 34 0 13 2 64 76 18 75 26 48 14 6 59 75 9 72 57 92 53 94 45 97 53 91 45 58 43 82 64 21 48 23 11 40 74 23 54 47 47 12 11 68 93 78 89 62 47 95 3 90 38 27 49 65 24 13 72 41 26 10 32 59 75 60 95 93 75 62 32 40 59 71 56 28 60 33 19 12 88 64 89 38 55 21 6 71 43 23 43 51 47 99 40 29 2 95 32 43 97 47 98 32 57 8 62 84 49 39 52 66 85 71 13 51 91 79 81 26 61 2 5 66 51 16 53 79 92 12 90 54 28 3 76 30 14 90 83 30 67 1 76 16 99 41 18 1 87 32 97 15 0 59 49 81 56 71 21 68 45 0 73 18 77 89 99 21 16 85 56 62 74 93 56 29 41 63 94 93 17 70 89 46 97 72 74 44 51 37 70 16 54 82 8 56 9 72 85 0 39 4 31 22 18 86 18 77 35 22 56 16 88 77 29 18 13 5 37 23 80 26 55 6 88 93 47 18 92 32 24 2 55 20 62 94 50 69 95 90 1 43 35 52 13 33 15 4 20 55 55 69 58 67 7 81 25 51 98 94 48 24 55 56 79 52 22 55 59 5 29 74 92 44 32 7 75 33 82 47 69 2 56 87 59 33 50 60 62 34 55 3 1 52 52 25 70 94 86 62 28 75 82 66 98 82 76 14 55 21 5 56 7 38 45 7 50 56 39 59 23 7 10 40 61 70 81 36 76 72 35 0 30 8 6 54 69 71 0 55 
14 61 28 31 64 81 13 20 93 45 61 51 38 85 47 58 77 88 27 87 71 60 95 74 2 5 7 78 87 77 93 28 15 18 76 21 29 20 76 11 96 15 56 22 74 0 52 25 9 24 67 74 55 93 82 49 37 18 68 82 40 67 43 99 92 33 21 31 71 11 86 77 14 99 61 61 11 7 5 69 58 66 47 48 4 7 74 27 99 1 21 79 7 69 73 81 37 15 30 65 52 89 58 53 70 45 17 76 80 65 97 46 0 81 39 76 92 46 87 55 54 85 86 88 72 64 14 98 31 35 79 74 63 24 50 48 65 22 26 62 5 27 57 9 61 41 7 6 36 52 47 71 42 10 72 12 74 74 14 0 80 48 94 62 84 3 45 67 90 99 99 49 64 27 70 67 31 43 88 74 30 52 69 73 83 45 44 7 55 48 30 3 18 35 76 3 79 37 52 56 5 64 80 74 90 83 53 48 17 98 38 30 53 16 57 93 90 24 83 67 37 77 74 77 17 18 74 38 50 15 10 8 18 82 40 55 42 34 77 12 43 25 68 82 77 35 22 92 68 84 65 53 80 19 32 16 23 27 6 4 12 59 66 71 22 90 96 45 28 71 44 2 7 70 31 39 12 31 97 18 5 98 95 2 47 49 75 39 45 31 66 62 81 31 32 30 26 17 62 76 60 69 79 47 57 54 70 74 17 80 83 20 76 4 11 12 80 76 40 17 32 48 28 92 31 51 85 46 10 5 26 75 21 38 91 81 68 37 21 10 72 7 15 36 64 50 10 77 49 61 76 96 73 35 65 45 83 62 33 93 32 65 8 51 99 2 37 20 54 50 79 49 10 4 77 80 45 94 25 56 99 14 7 2 13 70 8 99 26 30 55 61 8 40 25 98 46 80 32 68 91 19 69 48 89 93 70 48 47 55 82 75 28 45 35 28 93 58 70 88 24 78 0 36 9 51 17 62 42 88 65 62 59 85 47 32 30 69 3 4 85 43 34 84 79 7 92 1 39 38 34 24 51 9 80 15 40 15 11 7 55 47 4 9 21 73 39 36 45 3 8 19 58 18 72 11 26 32 64 72 11 82 61 97 2 67 0 64 81 90 62 78 10 89 17 53 77 12 9 79 
43 2 71 93 34 1 46 83 21 45 80 62 38 77 27 57 83 69 64 97 81 12 46 64 19 8 5 2 28 15 55 92 24 41 74 89 39 55 12 46 98 34 83 30 46 31 25 34 86 9 57 11 10 92 1 61 91 46 66 73 82 59 75 89 10 69 56 73 76 79 87 85 72 35 99 92 11 96 49 34 6 45 57 62 51 49 65 65 60 23 18 53 85 12 29 34 30 72 24 90 20 63 9 90 4 36 98 18 48 36 92 25 38 80 60 45 33 31 16 44 3 16 88 19 54 31 0 44 20 99 57 71 84 28 15 24 81 79 86 79 19 58 39 45 4 88 86 77 98 7 51 83 80 62 77 23 9 4 30 21 74 1 93 70 1 90 50 81 95 72 41 76 87 67 35 36 38 7 16 78 89 89 25 16 13 22 32 10 27 3 87 16 33 64 88 75 50 4 62 8 55 99 37 95 43 25 55 97 0 77 21 66 6 79 37 83 3 75 96 23 23 1 14 58 78 43 13 68 59 58 59 21 41 37 84 80 5 87 75 81 25 16 19 57 58 93 72 58 68 11 37 12 24 75 10 6 89 55 96 54 0 32 80 58 19 58 29 35 77 2 26 30 57 45 46 28 93 18 12 80 66 90 32 98 20 29 70 35 7 44 40 25 9 93 67 9 48 88 30 45 93 13 29 26 8 1 53 67 61 17 61 78 0 9 44 88 61 30 30 68 38 5 22 85 86 78 35 38 75 65 88 79 80 75 71 17 28 93 18 54 81 36 81 77 27 10 8 96 78 73 11 1 68 17 43 5 65 88 82 55 75 45 42 23 71 13 96 99 42 11 16 78 14 90 42 99 91 6 8 17 66 53 62 94 24 45 16 93 51 81 90 7 94 79 76 15 1 49 67 53 9 64 48 91 80 57 39 2 13 70 90 30 50 60 84 73 14 96 84 92 88 90 36 5 39 88 2 81 71 28 13 89 38 80 81 5 62 25 28 0 33 92 73 47 88 79 57 95 81 60 35 95 35 53 92 60 20 42 52 67 67 50 4 65 8 62 83 91 9 41 41 22 69 2 75 26 1 22 60 7 95 77 75 53 95 23 50 40 19 88 96 92 18 53 85 26 4 86 1 48 
87 49 89 90 87 2 54 16 81 4 56 30 17 54 89 99 80 86 69 83 51 69 63 95 14 82 92 9 11 69 24 27 19 34 61 36 24 23 37 57 53 48 59 34 43 23 37 80 91 46 56 88 7 47 91 56 76 57 33 31 79 81 12 7 54 40 50 27 82 65 99 34 9 9 94 58 63 65 5 40 25 0 68 40 81 23 7 44 66 57 29 36 41 66 5 67 34 87 11 79 98 53 70 8 50 18 16 38 72 29 23 99 35 72 36 9 93 78 38 68 5 33 95 58 83 33 52 54 81 83 22 19 84 16 95 91 2 53 57 26 98 47 10 95 6 2 54 6 91 27 83 20 8 36 44 2 62 10 18 90 38 33 6 29 78 47 9 49 44 57 75 14 38 8 77 93 78 50 35 74 90 84 17 74 86 1 8 38 90 55 50 82 5 62 40 50 83 71 84 27 21 45 44 57 86 81 6 82 21 71 36 30 79 93 53 24 48 83 6 91 37 47 69 24 94 61 29 13 42 45 38 66 75 60 46 21 65 50 47 12 8 9 26 17 36 93 28 95 3 85 55 6 16 69 95 20 70 69 39 33 56 52 81 34 13 0 78 36 65 33 35 53 18 46 49 97 10 60 80 59 96 77 21 89 77 69 71 48 47 26 30 28 86 88 47 82 16 71 13 31 36 96 68 18 80 75 2 45 91 64 59 0 22 54 49 1 61 61 41 58 92 27 89 71 29 54 41 15 37 38 92 96 59 10 74 81 29 10 64 48 7 67 5 49 19 8 56 86 28 27 78 70 6 19 38 41 75 38 67 42 80 33 75 10 93 17 12 18 75 90 78 4 26 74 54 64 44 11 74 42 91 23 95 96 16 63 93 74 99 64 40 27 4 4 48 81 76 0 99 79 19 17 56 17 22 78 34 91 58 42 30 16 95 28 87 38 84 75 76 98 43 40 61 84 70 54 60 38 65 85 33 0 43 16 23 33 11 85 68 63 23 41 7 40 21 78 26 80 59 44 5 91 81 17 61 86 26 61 49 0 71 22 93 23 17 86 93 53 46 12 8 31 22 2 63 30 81 51 80 43 48 59 75 96 12 40 21 56 29 85 62 72 27 11 19 48 32 46 94 33 
59 71 28 9 0 41 78 50 8 19 30 13 72 56 9 76 56 95 19 96 66 63 13 79 63 78 33 57 46 0 63 88 15 72 30 12 60 78 41 79 50 40 20 97 1 65 84 38 81 48 51 12 99 55 25 13 27 93 22 1 94 37 52 34 24 61 75 39 56 71 25 17 39 36 25 20 63 49 7 92 88 32 49 44 0 81 38 79 58 29 15 69 72 35 10 95 90 25 50 67 75 79 24 88 86 61 40 33 65 23 29 57 59 66 49 7 64 98 76 9 79 80 52 7 25 70 82 94 90 3 19 71 66 61 38 61 3 26 75 82 54 94 60 82 7 56 28 65 67 45 44 3 50 69 18 2 5 6 19 93 67 86 7 23 17 93 14 29 30 1 83 58 41 65 91 30 97 55 13 12 91 8 43 41 6 35 23 93 12 25 14 79 44 12 33 72 42 23 44 11 68 88 94 64 82 10 63 9 63 60 3 58 54 60 46 22 90 16 8 63 53 54 32 41 13 10 15 20 26 26 40 40 93 75 70 90 18 33 21 72 25 67 19 43 78 33 43 34 54 82 86 1 28 38 10 59 82 59 44 67 97 58 48 86 32 51 30 24 54 77 23 14 32 79 81 17 31 50 11 96 30 91 33 73 54 52 5 69 35 68 64 71 22 15 35 17 14 0 17 75 31 58 44 48 95 59 22 78 68 99 35 94 54 28 61 80 17 22 76 42 41 99 20 56 17 28 45 5 32 97 75 66 66 23 67 31 39 34 17 11 49 3 45 88 90 39 1 52 56 89 21 8 38 64 52 57 67 63 14 30 37 25 44 17 45 71 92 83 21 70 11 61 51 6 15 28 4 52 14 66 13 71 1 63 35 77 28 49 9 22 83 83 33 43 89 4 25 47 79 62 15 13 33 58 28 56 10 88 36 64 69 69 13 39 77 83 92 61 6 6 51 34 6 6 98 84 28 5 20 38 3 58 5 35 72 22 66 90 51 91 65 75 25 36 38 71 68 32 65 35 84 77 26 68 97 4 20 53 99 9 88 60 96 32 36 6 23 6 35 82 89 38 67 56 44 67 66 62 6 25 48 57 89 38 43 62 7 97 73 65 39 86 81 55 55 92 27 76 50 85 
54 96 12 21 44 57 20 11 17 83 32 98 73 19 36 39 33 98 74 77 63 79 51 20 52 44 16 59 6 76 17 18 78 51 65 55 9 74 70 3 34 72 1 74 31 45 16 56 12 9 93 37 18 90 10 18 77 79 72 14 68 32 54 92 82 24 75 28 42 51 51 97 63 74 22 90 36 96 12 12 77 25 94 89 64 36 58 40 3 76 82 62 6 7 90 48 80 60 30 22 34 87 38 68 58 93 38 5 74 49 67 60 26 93 6 36 58 62 51 85 51 22 19 78 19 51 36 33 13 69 24 55 51 18 33 75 92 7 86 46 20 40 66 10 41 4 28 46 86 99 34 19 43 3 65 56 34 81 32 98 24 53 68 57 59 62 73 81 71 34 52 5 41 31 36 72 93 23 76 54 6 50 88 93 94 86 27 4 56 57 84 72 81 97 41 15 72 19 56 82 74 25 71 14 44 32 66 17 96 80 84 81 89 30 35 31 14 42 45 20 55 86 98 56 12 20 41 33 20 77 3 70 44 25 1 40 19 95 1 73 69 14 25 92 61 12 90 41 57 80 92 84 51 94 60 1 87 88 92 57 55 89 5 87 22 67 92 82 93 47 43 91 12 67 79 32 61 85 84 39 97 78 90 22 42 37 89 82 80 75 32 62 64 19 8 99 11 51 42 73 30 47 85 80 49 67 17 51 13 44 35 75 84 11 86 53 62 85 53 70 61 83 31 25 29 74 72 95 33 97 1 68 48 63 97 72 19 43 86 44 36 2 24 31 86 61 97 50 8 91 9 88 6 23 2 18 51 98 47 6 34 14 90 3 68 99 21 62 18 60 36 23 87 33 29 20 15 81 29 41 65 90 49 33 31 64 57 87 48 76 92 77 13 20 4 71 62 22 31 37 17 87 95 28 91 71 67 10 23 33 22 80 13 7 83 40 10 66 11 49 79 7 2 64 60 30 17 61 76 60 42 72 9 67 51 16 86 73 3 73 58 11 52 7 81 79 68 4 10 92 14 41 0 95 90 42 91 58 24 7 97 43 37 70 29 56 12 74 86 73 50 66 68 19 45 81 84 58 79 81 70 91 35 27 36 86 33 82 28 54 36 29 12 48 20 20 60 70 4 66 
53 73 52 61 97 37 34 0 19 30 27 75 22 21 27 5 28 2 40 90 99 63 40 26 29 89 82 62 89 58 43 51 56 64 81 69 43 87 90 63 17 19 91 35 28 12 37 77 0 24 19 87 85 74 18 59 21 27 0 78 86 81 51 28 97 98 91 53 97 38 47 11 40 15 2 93 84 53 94 36 23 86 72 41 21 94 52 45 76 27 94 96 35 3 10 78 53 51 11 55 89 45 75 17 77 77 82 87 28 37 1 15 67 74 65 44 14 41 72 7 50 41 34 17 54 61 72 92 91 98 47 8 57 5 55 42 90 3 84 12 58 0 83 27 11 58 8 0 50 2 13 91 48 7 73 81 86 37 92 19 88 96 89 42 80 78 19 30 63 5 6 34 63 1 34 38 40 10 27 26 49 7 41 29 96 76 94 65 25 63 29 7 63 59 2 57 18 57 38 43 75 19 46 69 66 6 63 68 10 48 73 81 45 48 38 73 8 20 65 50 95 82 18 48 3 18 17 98 30 90 54 40 17 9 0 13 90 13 42 78 96 34 97 54 8 32 15 3 25 18 1 47 21 64 78 35 36 0 23 87 21 91 43 0 50 50 49 92 2 13 71 49 28 45 46 63 88 40 78 57 68 60 82 92 37 59 59 50 52 12 44 62 84 4 82 77 45 84 17 47 13 11 16 44 98 10 1 53 17 68 62 43 46 24 63 28 23 64 37 74 68 22 45 79 27 54 13 85 79 2 10 43 83 5 83 3 89 18 36 70 98 89 62 19 66 87 42 16 58 35 99 8 17 34 61 38 34 64 95 22 90 73 94 94 82 81 39 34 4 83 97 5 73 21 45 71 20 31 36 70 3 8 19 58 59 1 20 68 86 31 2 61 90 41 59 50 86 96 82 75 68 34 11 30 75 41 48 90 26 51 41 49 46 37 19 43 87 80 60 44 45 15 22 99 3 79 82 64 18 73 79 30 89 48 2 72 61 48 96 99 61 39 81 47 80 94 67 85 63 28 12 23 47 26 94 34 70 41 17 26 31 92 71 46 13 14 28 67 34 90 41 22 15 53 49 68 73 53 25 16 51 62 54 6 25 9 27 36 76 85 85 25 93 71 34 98 32 95 45 78 
42 51 74 64 57 66 64 69 85 51 96 62 25 39 60 83 96 61 42 21 95 67 26 13 30 90 41 86 59 27 88 30 34 60 18 15 15 0 23 40 4 48 46 65 21 88 68 6 5 41 95 73 86 85 45 25 27 47 37 1 38 18 86 22 16 50 19 22 85 31 79 88 6 85 78 20 81 68 8 78 7 13 62 9 89 77 76 70 30 83 33 36 35 67 25 67 47 7 16 54 25 35 83 12 21 29 31 4 83 12 66 40 83 71 33 88 44 27 22 47 63 87 96 1 81 56 50 25 11 24 71 44 6 10 41 24 35 67 6 99 4 50 94 83 62 47 52 20 13 15 45 48 14 76 32 54 61 44 53 36 1 1 35 37 68 33 6 22 38 56 18 71 66 72 24 19 9 52 35 77 43 52 26 68 36 26 59 30 43 90 59 2 17 3 47 51 70 27 69 87 86 42 19 48 93 41 49 95 79 22 68 32 79 57 14 73 73 81 5 42 6 14 93 14 80 70 27 4 32 60 17 46 22 92 21 92 35 99 81 33 64 33 54 33 23 58 0 6 34 0 94 65 49 64 16 7 98 6 22 74 16 18 53 61 45 63 59 91 70 51 27 51 54 12 88 56 99 8 59 58 62 17 8 50 30 70 41 49 78 57 88 88 23 98 60 92 0 83 11 41 63 36 95 19 54 81 93 6 61 41 98 84 26 1 3 89 10 85 69 38 42 79 16 80 55 92 33 22 79 51 88 81 40 99 48 69 40 41 40 35 87 70 88 74 93 1 13 95 35 54 7 50 47 85 76 13 71 36 93 42 70 6 47 99 17 41 48 85 9 58 62 31 81 29 64 61 7 30 47 73 55 28 17 62 72 94 69 55 83 38 99 88 0 63 5 68 86 98 6 32 49 40 13 14 85 39 37 29 90 26 30 54 30 87 7 4 5 66 34 26 98 52 9 92 53 7 73 69 56 5 55 92 76 45 21 72 59 87 73 98 5 63 96 53 36 16 98 70 14 12 37 26 86 21 88 91 66 35 88 40 50 30 48 93 24 90 36 80 78 7 78 66 13 54 59 1 64 68 50 42 4 16 4 74 83 75 42 35 54 65 55 87 54 86 54 47 45 37 97 80 
44 41 49 87 9 18 32 33 77 96 75 4 97 55 54 83 61 95 18 3 27 55 86 56 40 26 91 21 23 97 29 67 95 57 59 26 48 61 56 59 24 48 48 27 28 46 34 20 38 41 86 84 1 19 49 92 42 38 47 87 42 8 45 0 12 96 78 38 59 44 20 36 57 17 50 83 99 36 14 56 54 73 77 11 26 53 64 43 66 85 4 9 70 71 70 5 61 78 45 11 19 9 31 74 22 37 23 65 4 91 15 30 24 15 46 95 8 58 81 52 72 71 36 33 66 43 73 53 53 10 10 89 71 29 85 46 96 64 88 96 84 96 21 61 25 52 17 99 11 89 22 26 44 20 85 83 96 53 67 47 37 64 80 74 18 30 31 73 70 52 25 26 71 70 52 25 58 73 79 25 40 11 5 0 36 27 13 16 49 73 19 93 96 35 4 74 8 92 61 80 63 99 79 50 20 43 96 47 66 50 85 15 29 18 69 45 67 65 53 26 57 33 66 39 48 40 8 82 61 34 45 16 62 35 28 26 12 65 28 60 13 3 70 49 50 11 55 12 53 55 36 23 60 87 6 91 83 52 88 1 25 74 97 43 38 86 43 39 79 14 58 5 83 61 68 33 58 60 66 94 83 78 13 1 17 9 93 26 74 80 82 3 86 5 34 86 17 36 28 56 15 86 3 40 48 21 83 56 35 0 10 73 12 30 11 50 62 66 63 78 58 47 62 90 77 15 21 9 16 51 56 89 4 82 87 13 70 77 11 5 64 83 56 71 71 68 75 8 53 59 48 72 22 66 0 49 81 92 56 51 90 86 0 92 17 85 83 53 47 39 23 25 63 52 48 42 7 11 24 12 92 80 18 6 37 58 60 58 13 11 81 6 35 14 3 6 55 23 89 24 47 48 61 34 10 85 78 72 53 71 59 54 37 89 34 45 50 63 19 68 31 55 91 85 77 95 99 38 90 98 76 3 56 22 0 16 11 74 40 52 21 65 64 73 62 24 65 6 47 4 13 78 69 10 40 88 9 9 78 55 13 94 4 61 22 50 18 49 60 36 89 89 63 90 40 69 30 63 69 55 87 18 72 36 91 12 11 98 27 18 60 75 37 79 9 5 45 70 47 54 
89 50 90 13 87 42 41 35 82 12 4 27 78 13 12 50 81 19 43 40 93 44 68 87 61 45 88 52 7 32 15 33 12 47 67 65 92 43 37 67 52 45 83 63 29 6 15 27 14 20 10 57 16 34 84 60 9 44 19 79 61 28 16 25 40 29 36 34 86 17 39 10 99 80 91 75 10 55 21 21 87 87 64 48 13 45 8 60 61 59 72 26 52 20 91 92 46 55 31 45 12 12 88 44 3 30 38 46 12 37 24 96 95 10 43 39 67 42 66 42 38 55 16 7 72 0 12 11 77 5 1 57 8 63 92 52 23 46 23 80 44 16 73 15 77 88 66 31 52 18 68 91 87 59 40 55 99 57 79 52 73 0 60 5 45 59 97 76 93 54 68 55 32 67 72 97 98 45 84 70 44 35 16 94 44 28 46 1 69 39 46 43 82 34 58 46 87 26 52 91 8 72 68 59 15 45 97 57 88 0 61 47 65 32 50 10 85 85 41 24 41 87 76 38 74 34 21 76 7 12 52 2 64 16 45 17 67 55 7 22 90 65 12 35 16 88 31 34 19 22 5 13 9 38 30 29 24 90 8 12 63 69 53 39 43 57 61 21 68 62 4 6 42 89 63 59 96 4 94 8 70 57 28 20 41 91 29 37 9 32 20 66 29 13 73 15 81 7 90 12 45 80 68 85 29 24 61 78 37 38 73 20 83 45 9 21 27 26 46 92 98 60 26 89 33 42 29 16 86 15 34 17 68 1 54 77 18 99 59 69 44 39 68 26 26 73 67 88 58 90 27 93 43 81 77 17 43 13 36 39 74 45 97 79 81 13 36 14 8 86 26 94 36 77 91 87 61 95 11 63 31 80 38 91 47 94 25 87 72 55 80 39 41 3 29 99 56 32 16 15 20 22 41 15 82 93 60 28 72 40 68 1 65 83 50 22 62 96 12 68 53 96 12 47 42 83 64 65 48 36 57 49 74 97 95 12 2 97 33 9 24 13 72 15 94 73 68 25 24 16 26 66 19 99 65 10 23 19 4 48 5 30 50 44 78 75 35 40 79 27 71 47 83 79 54 66 20 53 34 86 79 38 48 20 45 35 52 65 82 53 28 15 67 24 64 31 8 0 4 55 
82 33 74 95 26 17 84 84 70 50 24 81 49 67 17 58 36 94 6 66 42 17 56 23 64 41 77 67 95 76 15 5 65 52 17 78 28 94 50 61 8 44 64 28 51 33 49 25 22 7 28 75 41 94 78 90 9 2 53 54 17 42 96 71 27 14 30 48 88 28 13 78 41 94 33 22 45 71 0 89 34 68 50 38 10 15 78 45 39 5 11 43 8 2 4 66 5 44 77 21 62 9 92 97 20 12 72 2 42 66 20 99 10 89 6 70 84 44 0 91 3 10 76 36 11 26 96 64 60 46 11 0 6 21 5 62 38 8 71 35 92 33 52 35 31 82 73 72 63 12 20 54 71 32 69 63 90 73 62 7 32 72 10 94 4 52 40 9 28 34 77 47 46 17 73 10 59 83 24 9 31 80 7 84 38 57 27 43 69 70 20 69 74 76 38 88 38 72 31 75 46 43 65 37 12 95 42 34 45 3 17 57 41 91 12 22 18 79 16 67 51 62 15 53 22 9 12 74 75 38 67 33 70 0 45 7 23 91 4 77 95 58 3 8 62 39 66 25 54 55 63 80 16 58 76 16 20 57 21 92 86 49 20 74 38 51 34 91 34 98 55 63 8 28 63 36 69 92 95 39 71 38 61 16 58 35 18 91 57 0 50 15 86 90 90 9 61 9 52 8 30 21 90 50 74 8 91 42 28 65 32 65 95 61 26 50 4 52 16 20 23 60 91 93 67 89 36 79 78 43 33 66 52 50 46 99 34 88 94 88 56 84 86 15 10 8 96 15 37 79 11 95 39 85 84 35 36 95 52 43 88 74 29 34 87 61 19 84 33 42 43 36 23 68 44 78 82 10 9 55 93 72 4 83 57 50 58 19 23 99 39 54 64 87 97 63 35 49 75 56 38 46 73 82 54 50 46 81 2 65 13 69 32 42 21 41 58 81 17 16 50 57 74 3 95 5 25 57 18 34 48 29 32 54 82 90 36 98 16 59 96 85 79 95 33 77 87 45 31 64 25 74 53 59 16 72 53 73 98 53 59 12 22 37 72 72 67 23 49 60 69 73 66 42 35 25 95 83 46 98 15 90 29 68 34 28 9 16 23 89 82 85 62 32 4 72 12 69 53 14 
53 2 18 83 65 78 93 20 63 71 17 69 98 50 49 25 46 44 84 67 17 36 18 64 47 40 22 25 74 86 44 69 31 65 50 23 18 26 73 9 8 15 64 72 91 72 42 81 26 89 19 52 2 60 42 45 57 35 48 7 25 55 69 16 64 36 29 9 98 54 4 81 81 32 65 68 8 29 11 86 62 56 20 53 9 76 93 58 71 87 87 32 59 22 62 69 1 94 95 34 80 27 94 43 33 86 45 74 14 21 24 0 40 52 57 27 22 69 79 51 55 2 23 2 46 49 65 37 53 53 18 8 86 51 60 32 75 21 18 46 31 24 33 69 24 13 25 15 55 3 66 73 90 22 78 93 11 78 83 3 35 51 88 87 50 57 5 84 73 86 99 37 34 98 37 93 99 69 37 24 22 53 70 71 52 58 86 36 61 57 77 44 96 20 2 70 97 9 51 58 34 83 30 87 56 76 90 45 62 71 98 72 90 39 30 82 9 34 39 59 17 91 11 61 64 18 66 32 31 70 58 67 34 2 41 48 58 59 95 51 97 71 73 79 72 29 53 48 20 64 40 79 67 37 19 14 90 95 63 65 10 10 28 79 79 5 45 41 68 73 80 61 55 31 87 78 40 21 77 77 74 68 48 17 24 10 36 7 85 62 52 19 0 75 93 14 97 15 8 22 13 80 75 25 61 72 20 12 74 36 48 62 36 2 11 87 27 67 76 68 99 77 73 40 82 90 89 61 59 73 79 45 67 1 5 35 83 41 6 71 60 8 35 19 20 69 42 51 18 68 24 53 17 0 26 80 50 53 33 31 65 4 14 98 85 5 20 33 26 17 38 2 83 88 89 38 96 60 36 33 98 82 88 28 17 32 68 37 93 11 53 81 90 50 77 96 90 71 2 64 89 39 93 31 91 81 48 93 7 36 94 38 83 68 93 95 9 71 42 36 34 64 97 30 78 30 90 44 77 70 96 74 85 12 70 87 45 27 24 70 21 1 62 17 65 25 55 11 21 26 55 90 23 6 2 8 21 47 46 88 35 52 99 94 46 52 16 72 79 5 28 83 32 61 69 60 77 35 62 20 13 90 55 99 1 53 88 26 16 19 98 88 12 23 98 64 62 66 2 52 
28 25 22 99 8 57 76 14 2 48 10 28 93 86 73 72 96 38 41 65 85 92 67 96 13 5 34 44 0 9 60 17 2 31 18 69 92 82 98 1 42 64 74 54 42 17 40 22 68 44 16 91 2 34 95 66 34 66 66 31 92 76 2 12 58 24 6 41 29 18 57 34 57 46 66 71 46 61 11 42 20 7 89 24 10 7 82 10 48 82 7 80 25 56 69 54 9 34 75 99 37 18 22 46 35 69 50 5 73 33 78 71 86 64 7 95 54 37 53 62 66 25 13 56 81 36 11 6 36 88 73 73 2 75 66 50 20 28 56 4 26 22 13 54 64 12 67 30 31 73 0 99 78 79 88 69 92 63 37 16 73 69 43 74 91 46 19 8 24 69 40 45 62 81 12 78 57 55 67 12 49 78 12 36 86 95 64 48 30 68 76 86 71 67 19 13 59 75 15 15 53 52 62 53 93 6 53 26 27 74 47 35 16 28 23 61 83 4 69 32 4 4 83 44 16 15 94 56 44 64 12 99 28 42 29 17 40 62 95 5 28 34 69 53 57 69 17 26 63 57 69 41 60 91 88 7 78 52 63 62 45 59 82 3 87 4 79 63 40 72 6 54 46 36 87 48 9 48 76 23 18 4 8 68 93 70 28 94 4 20 31 73 1 43 58 3 94 65 24 25 51 86 8 65 98 79 4 66 20 63 91 87 9 33 97 96 27 91 92 18 29 21 68 22 83 71 86 68 55 90 35 40 98 75 6 77 70 30 2 10 72 76 15 3 68 39 18 62 17 91 83 88 89 14 88 59 58 99 97 43 64 37 67 85 55 64 30 66 14 76 81 24 84 12 63 1 73 99 41 7 96 61 91 63 8 72 89 98 52 94 72 6 81 11 80 60 61 74 75 79 23 61 23 47 4 60 19 58 35 81 44 78 0 96 18 51 82 24 31 11 10 77 45 81 41 62 14 69 31 93 47 56 97 46 1 71 26 92 65 87 57 91 40 22 63 68 71 79 94 99 81 42 73 15 44 25 94 29 70 24 61 49 60 84 1 70 63 52 14 66 83 85 24 91 54 31 7 4 33 46 6 87 95 2 22 71 71 91 77 25 74 91 8 25 90 43 64 58 24 25 
88 47 71 35 9 12 9 40 98 84 87 43 27 27 18 6 6 36 42 40 90 8 88 2 88 45 8 70 19 28 35 63 54 63 68 1 52 53 70 4 37 43 94 84 8 69 67 46 22 4 28 93 3 55 54 47 20 55 86 21 50 7 25 30 58 7 45 44 14 65 75 18 41 86 90 5 74 99 33 42 90 7 37 48 51 15 73 61 14 32 75 60 9 83 62 6 10 48 83 47 60 54 81 48 82 33 36 43 9 74 12 66 78 93 61 25 71 83 49 73 61 52 29 84 68 65 78 57 92 94 15 43 87 59 47 74 44 92 61 13 39 59 60 10 24 20 64 65 20 83 9 9 48 30 80 63 56 26 75 64 66 45 21 13 65 90 42 81 39 3 50 66 27 92 78 8 98 30 11 79 90 71 76 97 46 91 91 92 14 56 84 67 35 33 71 85 15 25 27 82 67 63 34 75 23 14 37 22 22 45 7 63 70 60 1 17 6 66 74 8 90 48 47 41 81 99 19 56 12 25 26 48 97 68 69 74 58 48 33 88 51 94 32 21 64 75 0 63 7 51 4 45 75 70 87 79 97 98 46 90 94 10 13 72 22 92 7 64 69 59 30 77 47 11 26 95 36 2 88 16 45 43 61 97 40 9 60 0 19 28 61 44 77 98 61 35 68 8 52 91 10 14 92 62 61 46 88 28 62 52 72 66 85 30 56 92 36 58 9 22 63 67 87 87 43 49 91 61 91 87 55 87 78 1 13 9 85 49 66 11 15 8 46 43 60 70 22 58 47 88 29 31 30 6 19 99 40 3 86 95 84 53 15 10 4 91 57 74 1 42 72 3 22 35 58 70 83 72 52 83 65 30 14 41 24 64 47 6 64 0 79 56 48 40 58 2 83 65 90 60 5 39 20 63 79 7 75 22 67 15 42 87 83 0 23 28 90 77 63 24 61 30 36 34 15 57 6 1 9 38 65 64 53 85 43 51 18 61 39 99 23 90 31 31 39 22 74 12 38 20 32 83 68 13 63 13 45 94 89 4 82 41 62 82 95 86 99 63 33 73 20 2 99 17 17 10 95 89 16 96 28 47 37 62 29 5 86 29 83 13 61 3 53 53 63 98 64 82 70 47 
74 11 8 79 30 34 7 97 16 41 38 68 99 70 46 98 52 41 86 84 29 27 76 71 71 88 84 79 70 74 80 29 83 93 3 5 20 64 98 78 43 80 71 11 39 36 78 5 44 46 84 21 0 87 56 60 15 56 34 54 11 14 53 12 45 40 63 38 36 90 43 72 0 11 72 7 90 67 97 95 55 14 49 87 52 90 63 30 94 56 1 70 32 23 47 66 31 30 56 8 91 46 47 90 22 16 2 54 94 10 38 22 76 79 3 40 90 47 61 95 7 3 7 7 82 38 95 60 26 80 68 77 40 24 15 34 64 79 97 6 91 99 5 59 3 11 77 37 39 70 9 21 48 23 66 42 76 73 23 38 34 74 5 74 65 24 92 80 51 65 32 38 51 7 13 99 10 32 56 80 93 12 89 77 47 83 71 43 68 7 71 49 68 44 42 0 87 99 74 82 60 13 78 54 93 86 84 10 18 55 26 2 23 62 59 25 30 23 90 87 43 67 82 74 65 48 36 52 79 35 23 24 54 2 12 77 43 69 40 62 35 69 73 87 12 86 78 89 6 3 82 84 1 21 49 63 91 53 48 92 33 9 48 63 14 51 31 8 73 89 32 13 83 60 58 74 67 61 90 58 73 48 68 5 52 99 56 31 85 59 70 73 56 92 83 28 55 50 6 66 78 51 37 38 17 90 92 26 82 52 72 24 55 78 73 48 58 80 77 79 52 17 90 78 51 42 92 33 38 84 16 50 81 37 72 26 11 63 7 2 1 37 78 8 10 54 29 56 1 53 75 35 36 60 59 48 32 70 83 92 95 5 50 83 89 72 98 60 17 38 41 7 80 64 7 52 23 14 36 84 40 19 18 99 39 48 52 89 4 82 82 85 64 54 58 89 17 60 94 92 60 18 60 82 28 85 92 39 59 0 6 10 34 3 23 69 61 5 46 25 36 64 65 70 74 72 47 79 73 35 52 41 32 97 22 91 14 31 12 52 10 83 48 44 86 45 13 14 53 59 55 69 44 1 7 59 63 95 67 57 82 83 17 92 5 68 72 55 80 89 74 39 53 22 18 7 4 92 57 98 72 92 7 16 9 71 39 17 46 30 49 15 80 50 28 23 20 14 16 76 
90 79 9 3 42 58 0 52 44 42 85 71 89 84 90 23 2 66 8 76 44 23 70 80 53 26 1 63 79 23 51 59 46 4 84 99 86 67 34 60 94 88 63 0 1 70 69 31 49 19 86 59 77 21 13 36 13 18 24 5 2 50 24 52 37 92 76 93 95 58 48 54 88 87 79 87 27 97 58 44 91 27 43 91 23 35 92 13 63 73 96 15 2 62 24 95 48 69 32 26 27 95 43 67 97 24 65 75 91 56 74 54 33 4 18 52 1 52 39 42 13 95 86 68 16 19 30 66 99 49 26 11 30 66 10 25 6 85 67 59 65 70 17 66 56 99 81 86 80 39 29 11 78 39 67 92 43 97 82 80 35 43 73 13 60 74 43 80 68 69 10 47 84 58 47 35 15 47 34 0 16 8 25 18 69 21 35 46 31 35 85 24 81 57 17 99 89 75 27 57 41 28 15 0 71 88 35 31 85 84 88 96 77 14 29 83 3 17 39 50 58 52 28 50 80 5 77 40 38 51 18 98 22 10 45 54 96 20 91 75 48 33 58 38 14 96 65 56 42 2 95 9 56 94 66 74 88 18 48 63 44 70 65 41 60 37 41 99 46 20 40 85 76 54 17 29 95 42 25 55 93 63 83 83 6 71 57 55 55 29 31 97 58 87 97 91 80 78 75 30 52 1 55 81 33 58 78 82 0 58 49 1 5 31 88 92 7 30 41 44 61 15 54 42 4 66 95 81 17 77 55 73 14 84 4 52 96 43 29 7 89 56 89 88 29 81 71 47 93 49 65 4 37 94 22 18 78 76 36 62 95 90 49 85 10 22 88 43 32 8 52 21 95 6 45 19 77 8 74 86 92 34 44 10 68 97 33 58 57 52 24 30 8 12 28 68 1 99 76 91 0 68 94 55 7 72 21 8 75 21 61 80 19 71 65 79 65 26 61 20 40 60 49 24 22 86 92 20 52 86 4 77 49 35 18 25 44 24 77 70 93 1 51 76 10 98 40 6 79 7 2 13 92 51 43 65 51 39 87 46 79 61 27 43 19 61 62 82 27 62 19 12 69 87 46 14 14 68 95 71 88 45 5 0 27 9 59 25 89 25 16 17 17 96 97 20 81 53 33 76 
71 17 57 38 54 80 47 77 96 18 69 23 3 87 67 82 37 70 51 77 41 45 52 29 12 57 23 83 94 4 91 59 32 60 88 86 83 75 13 33 64 81 30 15 74 29 93 13 96 48 13 26 13 0 66 28 21 5 96 5 22 2 24 85 23 25 9 36 63 5 17 3 48 47 11 57 13 46 82 26 89 70 99 45 44 46 12 95 15 9 26 4 75 7 89 50 74 2 90 58 60 53 10 34 30 27 16 54 42 80 31 48 56 89 18 17 91 0 71 86 47 51 70 76 47 31 76 12 81 86 99 78 33 17 65 60 70 3 16 5 54 93 73 78 0 45 36 10 75 56 88 33 49 23 20 97 47 81 9 59 71 83 63 13 28 20 85 55 30 17 5 56 11 65 53 59 48 50 20 37 31 16 41 87 54 59 75 88 47 27 99 43 14 58 22 17 76 55 66 80 89 97 54 94 0 64 10 35 38 72 56 11 60 11 64 93 80 55 2 79 9 3 31 78 23 53 34 39 48 23 18 24 59 84 44 43 68 73 3 11 15 8 28 55 19 85 83 95 72 83 7 56 73 90 86 18 58 87 55 97 54 26 39 57 7 71 1 68 10 60 22 15 30 72 60 55 74 89 28 63 54 81 9 29 51 43 70 0 14 30 7 6 70 58 50 10 94 92 75 89 42 22 45 95 72 44 11 81 12 56 9 87 74 45 98 9 10 27 4 73 51 12 18 86 85 54 49 46 31 53 20 52 2 53 69 96 63 39 43 23 45 74 23 40 57 77 25 94 7 20 79 75 81 80 91 62 87 75 9 7 35 29 26 70 82 6 23 95 60 89 96 39 9 16 35 22 77 95 62 81 37 7 64 75 90 22 38 53 66 15 75 34 54 48 74 83 72 5 76 37 27 14 55 18 48 65 86 41 49 77 64 16 87 48 4 63 75 78 50 59 58 2 74 80 6 51 93 20 55 99 79 26 13 10 78 87 51 38 85 65 90 94 84 37 93 40 0 97 77 14 33 90 90 29 14 73 35 53 79 19 21 6 61 95 91 63 40 96 32 5 75 98 54 91 63 66 35 76 79 47 78 18 56 18 15 56 80 23 17 40 99 16 89 69 98 65 60 87 64 79 
77 10 71 79 45 21 68 50 89 34 44 87 60 23 26 89 97 50 88 19 57 29 9 29 88 46 7 22 76 1 32 83 32 78 81 57 58 12 20 8 50 88 31 89 8 17 12 10 56 69 91 51 38 81 93 69 6 71 17 85 9 33 77 56 31 16 98 65 10 91 19 13 48 82 7 32 76 84 81 25 85 49 51 59 52 71 20 33 64 59 29 79 73 22 19 46 77 99 98 96 88 8 5 12 50 43 9 52 56 67 47 29 46 52 75 76 40 14 79 77 33 96 90 85 56 29 13 17 34 3 90 51 37 51 48 5 49 90 95 66 68 70 20 28 4 82 53 18 66 80 62 88 16 51 54 81 16 12 97 14 79 45 75 77 78 29 42 11 50 20 69 8 81 72 15 54 30 26 31 91 56 97 7 74 48 57 10 72 99 78 61 59 66 38 55 97 87 93 55 73 62 88 3 57 53 91 24 7 2 27 87 59 57 91 90 56 42 63 53 72 3 89 8 75 81 27 40 7 94 18 59 46 17 66 99 66 91 64 26 48 38 90 85 77 41 22 68 20 14 31 1 11 49 16 90 89 52 57 64 34 68 41 36 53 53 89 28 9 25 36 21 61 28 80 18 58 17 27 73 83 53 7 46 33 14 99 59 44 94 32 49 62 82 92 34 65 52 99 7 14 99 66 88 60 9 91 34 44 19 65 43 3 71 16 63 67 70 94 22 12 59 71 5 90 91 68 55 22 60 81 2 17 88 99 52 8 11 29 89 95 67 21 58 15 75 51 26 77 67 13 5 17 37 69 81 8 6 34 45 78 24 53 5 33 59 44 9 2 79 47 10 25 97 39 3 51 17 75 72 24 63 11 22 82 68 59 91 2 8 60 45 67 90 11 93 25 49 66 60 85 16 59 68 66 79 56 99 67 7 39 69 15 24 50 94 21 4 66 55 33 52 9 66 97 11 72 79 67 56 62 23 9 0 60 83 91 49 38 30 16 80 67 55 81 18 99 61 1 99 94 91 51 50 25 34 78 52 20 92 98 44 27 98 18 18 2 95 91 84 70 3 69 80 5 86 8 10 17 90 35 75 22 56 36 80 29 55 48 75 36 32 57 32 37 75 82 75 57 8 85 
86 60 4 68 52 75 48 87 80 80 80 48 40 68 19 31 9 51 6 31 53 15 32 12 66 82 10 35 59 76 56 44 69 9 24 17 61 2 41 79 65 95 8 61 44 35 82 20 85 64 76 71 33 47 66 88 81 27 75 70 10 88 46 43 29 55 59 48 9 76 73 39 88 19 23 51 27 88 26 44 19 69 63 31 50 28 96 65 62 11 32 99 36 22 47 22 37 73 67 46 15 15 3 65 52 19 86 93 14 82 18 32 92 65 35 18 50 91 77 8 86 47 60 88 3 79 9 18 25 18 51 25 95 25 60 61 55 46 95 64 3 0 13 50 59 5 87 75 5 30 8 48 69 30 31 81 24 76 45 76 0 46 21 55 46 54 78 41 66 62 11 1 41 53 5 88 46 62 3 86 48 14 99 21 93 75 13 8 53 72 5 5 97 5 30 32 63 70 68 11 83 90 80 95 48 42 46 39 11 79 8 23 56 40 71 24 69 66 40 63 56 20 4 16 62 90 43 7 73 22 6 61 61 39 26 33 44 5 93 56 66 9 54 35 89 77 0 26 7 93 26 80 91 98 57 88 45 75 40 74 9 34 65 48 99 24 90 39 2 28 12 77 38 35 66 12 73 69 83 32 6 88 11 33 10 61 37 81 80 53 81 14 48 24 9 13 38 29 49 29 81 47 57 19 74 71 78 21 25 49 59 63 28 24 88 34 51 11 52 19 26 59 88 20 15 27 26 12 99 18 89 15 54 79 14 23 22 58 59 14 95 15 27 42 48 19 20 76 60 17 20 78 48 72 6 61 10 59 99 96 76 62 72 73 98 61 99 48 61 35 19 11 12 66 75 9 22 34 44 7 1 43 37 25 15 49 92 19 82 64 90 24 11 76 25 0 60 36 75 89 21 14 97 65 17 12 12 39 0 67 69 72 12 11 29 92 80 72 42 48 98 74 51 3 63 0 38 99 63 55 14 90 68 16 51 90 75 74 13 58 33 36 32 96 14 83 57 78 74 5 26 55 19 19 44 22 16 11 67 26 60 0 97 1 97 1 25 42 27 82 65 82 96 54 23 43 6 29 57 47 40 86 7 55 1 46 7 72 64 89 66 20 22 0 74 66 86 78 24 30 
86 69 66 77 19 55 19 9 45 45 11 43 59 42 79 85 24 29 54 73 68 42 20 40 84 15 14 72 64 42 9 82 64 13 50 41 54 19 25 50 95 20 99 73 2 11 94 22 18 69 41 52 78 74 58 72 73 33 95 34 78 14 28 97 67 27 25 63 95 40 97 39 18 23 7 92 64 11 62 99 12 13 49 13 77 42 74 15 86 23 70 58 43 51 41 50 98 58 20 33 7 58 62 31 58 7 3 83 45 67 52 45 45 65 74 30 34 34 30 92 11 66 20 89 64 35 65 25 59 42 73 85 92 96 20 39 91 22 50 7 51 5 39 69 51 1 91 46 75 24 80 50 18 79 61 27 29 82 22 86 42 72 37 68 53 62 35 49 24 43 6 73 1 52 75 45 74 68 28 19 3 31 38 60 30 98 88 30 35 63 74 26 61 13 72 3 71 6 28 19 37 32 29 93 49 50 32 53 99 75 14 41 10 75 18 31 25 84 63 4 22 74 81 6 64 54 59 8 87 79 22 84 9 51 39 38 94 15 87 83 18 31 81 15 52 44 43 19 27 27 51 0 56 91 83 27 10 83 88 86 26 73 13 65 97 20 76 15 29 52 84 99 6 22 24 62 28 66 28 4 64 22 54 67 31 31 89 80 3 69 18 60 45 39 57 11 27 16 89 55 74 1 30 70 88 39 89 90 55 54 92 21 56 99 72 68 50 99 30 53 39 98 71 27 1 97 30 50 89 8 14 31 82 4 5 85 94 86 15 23 31 68 6 95 72 99 94 57 87 12 47 8 79 9 58 23 86 5 56 29 7 55 12 46 33 6 71 58 82 17 96 48 17 0 11 28 64 78 62 78 31 12 3 12 96 99 26 21 35 38 83 15 96 52 31 84 22 24 42 54 61 57 55 73 38 64 95 69 77 13 98 26 76 34 5 50 21 2 26 98 49 23 4 17 11 47 94 57 84 13 8 60 36 97 23 89 44 24 25 86 78 60 96 6 48 2 36 67 68 36 62 12 35 8 81 66 18 98 34 53 29 38 22 14 28 48 45 76 58 5 8 27 90 85 60 39 81 81 85 67 40 16 88 89 45 55 99 16 24 80 10 68 71 57 88 22 40 74 30 54 
92 62 86 30 67 97 34 44 92 90 51 76 17 6 29 57 50 23 63 74 29 67 85 59 88 74 94 17 12 39 53 83 38 55 38 81 38 63 49 82 69 59 19 37 67 47 11 76 95 94 62 79 74 56 97 7 86 22 29 8 57 31 19 57 85 1 17 64 72 44 63 92 35 29 4 26 74 48 48 1 60 42 0 51 79 21 53 10 9 95 74 46 51 93 26 98 62 64 10 38 57 19 66 20 0 1 66 24 74 76 95 71 63 50 4 47 47 99 66 58 52 62 93 56 50 43 45 49 69 10 26 67 64 47 89 76 43 16 88 88 85 2 88 2 46 80 9 50 16 80 81 63 81 38 37 12 33 38 66 73 85 29 10 85 3 76 38 1 92 95 1 64 51 68 27 59 7 36 93 43 14 43 26 58 23 15 75 36 13 29 42 60 79 84 16 99 11 64 40 63 66 67 14 47 46 11 37 17 94 6 49 90 55 87 80 95 65 61 75 76 74 38 80 78 32 45 33 99 26 36 74 91 99 26 50 4 32 13 38 51 5 50 74 48 94 16 61 73 6 27 32 11 88 12 20 78 48 42 65 95 28 84 46 76 77 59 59 52 71 80 52 47 1 16 82 89 55 40 12 27 22 13 52 32 70 70 24 14 51 92 88 26 49 66 47 11 39 95 29 74 57 84 54 54 65 63 89 61 1 67 29 42 54 82 85 48 4 86 84 29 41 69 29 84 17 55 20 48 88 75 44 96 81 57 19 97 76 14 29 38 11 62 53 72 28 0 47 21 9 22 38 41 80 44 33 18 69 91 68 48 83 36 51 61 33 29 34 33 82 50 52 0 62 28 85 57 48 65 88 18 51 88 44 45 20 35 98 17 45 21 74 89 3 98 73 78 30 69 5 56 7 56 11 34 28 69 65 33 16 27 64 42 16 98 5 75 5 90 47 21 16 73 46 52 23 29 86 70 22 21 62 26 36 21 64 22 57 14 42 96 0 19 50 63 19 53 13 74 32 38 78 4 54 22 47 46 73 19 19 98 59 12 51 60 7 70 75 20 69 54 61 42 13 27 29 96 73 88 71 16 56 14 72 8 92 70 1 27 92 76 21 20 38 11 27 90 24 17 14 32 
79 19 40 35 83 33 22 5 60 8 92 57 46 67 92 11 85 55 72 2 64 79 3 51 80 7 72 97 26 3 87 42 40 55 43 95 40 4 85 67 0 91 25 78 89 39 79 44 87 40 49 9 87 58 19 37 83 17 37 52 2 30 23 56 85 83 85 91 96 88 70 59 98 88 14 53 98 15 46 7 62 82 22 12 14 4 3 56 43 37 74 6 18 88 66 36 76 6 60 57 42 12 51 35 62 72 43 76 10 41 33 7 44 99 15 10 40 17 99 80 27 23 67 58 99 99 37 24 62 70 65 32 94 46 58 65 24 60 29 35 82 95 35 44 8 30 46 36 2 21 52 89 81 17 72 58 61 10 99 11 82 60 87 82 95 68 27 64 49 78 52 46 25 64 75 6 19 31 76 53 57 65 90 49 12 16 25 98 78 89 41 85 16 97 33 16 78 67 69 7 52 11 32 23 15 89 84 44 68 59 38 16 93 59 46 75 79 15 58 73 17 43 80 50 57 4 89 61 84 60 11 25 58 17 62 94 87 65 14 49 43 3 80 41 55 74 59 69 32 89 65 26 52 57 80 67 92 3 2 31 36 62 23 38 55 40 21 79 45 81 1 88 53 23 2 60 90 16 22 89 9 14 77 53 65 12 22 86 62 65 94 10 62 24 29 68 36 82 99 96 42 53 18 23 92 94 60 31 31 91 26 0 97 75 8 79 66 75 37 24 78 38 5 69 23 14 18 85 68 27 83 86 64 87 8 14 53 64 17 25 98 49 92 46 78 63 59 72 33 46 84 90 35 76 95 5 8 38 61 87 60 9 90 32 79 77 44 49 75 31 88 71 46 8 81 66 8 92 77 23 13 26 23 64 61 48 31 44 15 51 69 33 53 0 20 73 91 0 36 26 83 26 93 51 2 36 56 16 77 50 29 99 19 30 87 87 88 32 21 49 31 12 85 98 36 70 32 89 83 54 91 12 63 79 12 46 57 87 19 67 79 42 35 76 61 4 64 64 33 80 34 15 1 63 20 15 44 4 66 31 26 97 70 12 81 98 90 80 54 29 64 15 88 25 28 21 10 41 50 45 64 22 92 65 79 47 47 99 67 27 2 53 81 92 79 25 53 51 90 15 
41 32 68 13 30 8 80 1 24 33 74 68 95 90 93 57 15 18 8 11 97 97 76 81 31 34 67 26 77 25 90 85 38 74 57 90 48 38 65 77 54 81 20 4 66 61 6 43 74 78 38 43 90 75 17 13 3 90 98 44 90 75 17 33 10 74 23 39 30 81 38 64 33 60 77 88 50 8 43 63 5 32 96 66 83 80 21 43 3 67 65 37 75 67 77 14 47 71 57 54 1 72 42 92 56 16 38 99 39 75 4 15 84 21 95 93 27 17 62 14 46 93 25 44 3 8 86 54 51 49 16 63 74 38 28 96 17 71 64 95 57 67 86 19 70 92 33 7 38 19 39 85 96 31 84 70 85 2 29 10 18 31 40 80 2 58 27 49 92 79 62 11 6 96 81 18 86 90 1 89 37 93 11 61 83 31 31 25 54 99 64 76 86 86 69 81 38 56 56 97 57 44 22 74 97 82 14 13 89 14 93 53 33 8 82 11 49 42 65 51 93 75 62 33 80 36 98 84 17 38 95 22 35 20 70 2 73 2 26 21 73 35 96 56 14 80 98 46 33 82 75 11 22 49 37 9 44 54 98 67 81 62 42 49 62 25 46 2 92 90 86 63 23 24 39 6 68 17 18 47 99 59 15 87 54 21 26 76 71 51 20 39 27 46 0 80 1 93 32 85 37 5 94 74 31 19 16 4 69 23 66 56 99 19 93 65 23 96 77 4 28 56 75 26 95 64 87 16 47 78 94 41 94 56 59 88 27 78 21 1 67 16 1 30 18 62 21 5 50 67 87 79 32 94 90 12 19 52 17 55 9 6 23 44 71 81 72 96 34 0 13 62 73 0 71 86 45 71 88 41 49 48 76 81 30 1 31 79 95 63 27 70 69 1 60 87 28 96 44 69 13 40 81 37 96 86 98 44 90 12 5 75 41 35 64 2 74 40 5 87 77 7 45 26 87 7 26 41 88 64 18 14 12 43 82 54 39 71 61 9 32 42 58 78 83 43 54 10 29 93 7 63 37 91 28 34 63 73 69 97 87 75 44 69 73 98 34 44 96 96 83 50 36 1 55 66 29 95 20 4 89 87 75 4 64 18 88 75 96 87 47 0 35 72 52 98 65 65 25 20 
1 52 97 90 54 41 80 47 78 22 37 54 12 12 7 89 10 65 48 67 38 77 0 90 87 51 70 37 22 61 77 52 36 67 66 7 99 81 92 30 20 54 98 46 92 4 12 68 25 21 35 50 20 97 34 32 38 58 13 41 72 85 54 0 47 83 59 88 83 26 65 74 84 67 20 79 40 47 47 57 87 93 66 8 55 49 35 62 31 79 25 57 36 82 84 29 80 47 51 8 28 17 73 52 14 96 60 78 44 99 22 80 8 35 5 63 79 45 70 9 95 9 15 39 12 89 38 29 22 76 57 99 28 77 74 61 95 55 2 88 72 79 2 67 35 59 11 53 30 27 37 53 35 24 61 27 37 5 26 46 54 21 14 38 59 40 49 16 55 37 23 61 53 3 88 85 57 13 18 39 75 80 1 47 14 52 70 23 19 10 0 85 97 33 52 98 2 51 68 66 34 91 59 17 4 17 12 60 18 27 63 19 88 65 87 99 71 92 65 86 64 37 83 98 40 2 19 21 38 11 40 28 67 62 24 6 29 47 70 82 28 69 62 13 86 71 17 47 79 41 16 53 87 99 78 27 59 26 46 93 14 3 77 49 93 32 43 30 32 89 52 60 3 22 29 51 36 11 95 19 38 58 64 13 57 45 39 88 71 82 62 53 52 86 65 34 28 95 42 75 6 21 87 68 45 11 68 27 40 75 79 18 34 61 55 25 51 9 99 62 89 29 3 38 38 29 41 87 91 40 23 26 94 68 53 78 61 90 77 74 73 2 86 63 49 7 97 4 15 80 99 64 83 35 47 77 12 4 26 3 30 10 34 32 64 48 8 95 72 0 80 52 48 8 50 22 40 48 13 57 17 87 90 28 3 46 58 22 17 30 33 19 77 3 55 26 69 51 14 43 19 14 50 15 11 3 81 36 28 61 20 58 73 16 14 88 29 31 0 24 4 41 37 61 86 53 68 88 62 56 48 98 26 38 14 1 37 19 75 60 15 32 9 44 82 43 6 18 9 89 10 90 14 36 83 33 57 92 13 2 62 69 90 85 19 41 57 22 70 87 88 90 5 94 87 28 30 67 52 76 51 3 11 75 99 87 44 94 21 73 20 53 37 10 87 44 99 6 10 13 
63 68 86 76 65 69 22 48 91 89 99 89 0 48 22 38 27 8 25 44 10 28 3 98 61 18 21 60 58 42 67 25 32 4 71 50 39 57 96 61 76 51 84 22 92 77 16 33 45 3 41 33 13 72 84 52 81 75 11 43 49 75 0 63 45 66 85 36 78 6 51 25 2 99 46 68 49 75 88 52 55 44 64 94 26 81 29 30 34 64 32 2 67 46 6 58 77 31 45 14 53 74 56 28 17 39 84 79 16 81 3 40 97 13 64 39 43 40 0 89 50 40 23 47 57 8 30 30 23 87 17 59 9 28 21 94 4 24 39 85 65 36 17 82 96 36 90 80 23 73 14 72 65 67 44 80 67 39 85 75 37 69 81 50 83 48 52 91 49 11 58 56 24 90 33 12 0 59 59 44 24 43 82 90 39 49 51 14 88 70 95 64 92 7 85 25 69 92 63 28 92 75 38 42 86 97 56 32 58 11 38 76 18 31 95 96 77 91 5 21 17 15 38 10 57 11 9 40 22 88 1 87 91 15 12 7 95 51 93 38 56 28 42 28 49 9 54 96 48 38 56 19 85 48 27 3 98 8 66 90 48 39 20 21 82 47 45 39 47 4 10 13 39 29 7 35 94 15 13 78 29 55 29 86 13 68 81 3 82 42 43 21 65 68 73 52 86 76 40 90 78 15 99 72 21 6 24 35 82 12 55 19 70 93 89 75 17 36 29 38 74 84 95 4 28 56 22 66 38 27 13 52 47 1 11 14 89 90 32 65 79 41 72 66 93 23 16 76 46 34 10 32 87 11 48 22 18 38 28 4 68 39 19 20 27 63 67 39 31 20 49 61 48 62 64 6 25 2 96 57 39 86 4 7 41 60 60 54 87 28 24 11 20 70 48 48 73 31 87 14 64 19 31 50 27 8 12 34 29 37 54 95 25 85 42 8 60 32 95 46 52 38 56 79 26 7 83 43 77 48 72 9 41 9 8 76 12 68 36 44 2 6 49 63 7 41 24 29 92 47 43 29 24 37 49 67 79 60 63 84 74 36 34 88 21 40 21 69 2 15 46 2 14 68 86 55 96 87 72 18 47 72 64 49 44 0 4 75 35 72 36 58 91 34 72 36 70 73 83 41 
63 84 6 73 45 56 1 63 30 0 81 92 39 80 77 2 87 31 87 31 35 73 63 32 18 74 12 8 94 22 67 63 54 4 92 37 45 16 26 0 84 30 79 75 51 44 16 88 45 1 4 67 88 84 77 88 55 29 22 36 93 93 89 86 77 79 86 31 79 31 46 4 72 53 30 93 2 76 59 40 83 68 90 37 8 60 44 14 9 35 2 37 95 51 8 31 70 32 30 60 97 50 0 80 66 73 94 91 80 87 38 66 24 45 74 8 52 21 42 46 55 25 81 91 6 72 82 67 4 3 20 33 89 17 53 70 20 65 63 62 64 87 62 67 60 24 68 75 84 50 90 60 62 72 85 33 72 45 66 42 33 58 45 0 11 65 2 71 27 50 72 28 24 96 53 4 25 7 10 93 0 22 15 4 95 32 27 33 75 37 31 93 73 65 41 36 18 2 96 61 99 34 35 84 34 23 20 45 90 53 86 60 32 62 23 56 83 11 67 49 21 54 88 66 5 91 40 47 35 85 9 59 67 74 7 10 12 6 93 62 47 13 26 60 20 92 2 31 97 71 18 50 30 99 66 82 78 86 89 92 31 63 26 8 25 84 80 6 85 20 1 25 70 73 57 73 7 36 58 1 68 78 42 45 58 49 53 51 88 41 7 67 97 28 60 19 63 92 74 43 10 58 66 96 86 53 88 94 22 53 75 39 27 76 62 51 48 5 44 32 91 93 25 64 40 86 19 36 83 32 17 87 76 68 97 71 59 46 29 41 67 38 48 65 64 68 52 69 66 87 4 94 37 83 97 41 43 84 56 3 2 37 10 2 19 15 16 70 80 56 33 51 33 5 33 61 18 76 82 70 70 94 77 75 5 68 56 95 59 32 98 32 77 88 71 72 45 13 24 60 51 46 46 92 52 5 87 57 25 84 69 34 79 24 94 77 95 53 4 45 7 7 27 75 40 39 5 44 18 90 93 2 15 68 15 46 6 88 43 47 49 29 22 54 60 18 5 88 89 16 98 65 70 54 32 65 2 82 82 89 43 31 54 4 89 84 72 36 40 2 96 60 42 37 35 71 68 86 27 94 67 84 74 49 83 85 68 8 27 52 2 43 38 7 88 69 48 42 9 36 
5 35 73 83 84 78 8 46 47 52 1 76 20 52 11 80 99 27 49 96 36 13 51 47 29 14 23 1 16 17 6 71 76 12 19 98 2 5 61 23 99 93 51 39 40 46 5 13 89 85 33 20 75 67 17 29 58 58 19 14 58 24 82 92 46 96 37 71 37 72 93 8 17 28 19 59 4 18 7 42 44 45 34 12 18 38 91 80 30 81 59 10 45 51 27 27 91 17 18 31 44 88 22 52 38 49 3 4 71 66 43 13 35 15 87 51 25 40 68 98 4 13 74 68 67 72 2 12 88 69 62 97 58 96 32 62 32 3 62 38 96 34 27 31 80 87 27 68 60 58 68 39 37 6 17 32 87 78 92 50 61 30 56 38 72 4 58 94 56 19 78 35 30 25 76 35 64 95 19 0 65 60 52 48 83 5 98 27 75 44 77 44 45 61 83 11 38 47 10 2 41 77 45 84 4 77 72 41 48 21 48 82 41 44 27 70 80 53 13 53 70 87 57 2 19 9 91 29 2 88 42 75 72 79 25 74 2 16 88 71 44 47 41 22 96 64 36 53 79 19 71 28 43 78 33 89 91 33 55 39 62 44 34 93 27 85 93 72 10 85 60 60 92 20 63 39 13 68 54 71 83 88 16 7 57 52 55 53 78 54 58 48 55 29 42 27 13 4 73 78 75 12 62 56 67 62 76 42 90 95 67 24 6 34 59 31 55 77 13 73 75 59 92 42 30 2 53 91 59 67 29 66 71 24 12 47 95 10 41 94 75 9 94 68 50 42 92 40 24 0 58 66 15 15 57 78 5 81 88 61 22 41 66 58 19 73 91 43 95 97 12 57 59 68 67 75 8 3 35 13 34 42 31 97 53 12 78 62 4 55 85 87 17 79 66 13 32 21 40 91 27 33 43 80 6 8 40 76 50 58 52 25 50 27 64 80 16 77 94 42 15 38 11 20 43 34 35 26 42 57 20 17 0 81 77 64 82 70 98 52 10 25 89 18 79 54 55 78 85 90 70 32 3 95 1 86 52 32 80 40 73 38 15 69 5 68 80 54 36 32 56 40 74 16 82 77 18 21 3 44 42 47 7 87 6 62 24 77 59 64 68 72 20 76 55 66 15 21 66 40 
94 55 61 94 22 71 81 14 45 43 42 93 14 22 9 71 89 24 88 15 62 93 69 25 64 74 80 35 84 50 80 58 38 91 3 60 3 44 69 9 0 87 71 74 93 60 88 79 2 2 21 67 66 95 34 80 30 39 24 65 94 18 91 59 37 57 79 47 98 54 34 33 23 92 45 88 47 21 95 53 50 51 72 31 31 51 13 45 35 54 44 84 77 97 70 28 18 23 90 50 38 87 3 72 95 19 33 53 4 29 71 6 78 24 99 1 7 63 78 93 90 37 10 30 91 10 7 58 86 78 77 72 21 15 83 50 35 0 30 48 24 24 1 32 35 81 98 35 74 36 16 82 75 69 37 90 19 19 45 38 20 40 43 99 2 78 78 1 4 20 54 80 24 71 25 68 64 58 66 25 84 92 14 7 77 61 62 80 76 80 84 59 98 37 93 13 35 3 33 52 84 12 61 70 46 54 47 25 15 86 75 66 2 63 49 98 67 4 34 17 50 82 56 46 27 86 7 65 85 68 23 72 78 5 80 59 96 42 40 59 69 19 95 58 63 14 37 74 38 90 30 16 70 0 89 10 25 72 14 39 66 42 13 39 94 45 68 98 75 41 31 88 11 72 76 16 30 57 89 99 55 55 91 43 57 63 46 56 49 14 32 40 23 15 38 44 96 50 23 13 6 76 20 28 98 13 87 55 97 47 60 98 17 18 32 10 60 28 69 93 43 12 55 83 83 76 84 45 26 35 32 72 47 13 26 80 6 31 56 33 0 54 51 59 2 67 8 84 36 59 14 46 68 50 66 65 83 82 60 65 40 50 70 64 54 93 44 54 12 95 94 68 70 8 61 39 47 3 61 18 62 64 61 50 84 14 19 17 87 13 88 77 89 3 46 33 80 38 21 15 42 50 98 87 90 1 2 42 42 78 22 70 48 94 82 12 89 87 90 25 40 61 86 45 93 79 34 86 27 32 98 9 75 58 20 94 73 42 38 99 71 83 11 58 42 54 9 33 53 52 33 18 28 62 21 65 59 59 61 78 0 82 10 11 39 95 12 24 4 99 89 34 62 79 55 19 10 2 1 12 40 99 15 65 74 72 54 92 2 71 96 19 96 39 59 39 5 76 71 2 
0 18 38 38 44 50 67 35 16 83 58 23 29 61 17 44 72 48 60 68 14 98 4 70 50 51 34 50 81 43 31 55 94 98 73 29 60 39 74 38 64 54 40 8 81 26 39 82 59 34 25 74 25 62 47 68 45 14 90 28 91 20 80 99 20 91 36 20 55 48 39 73 14 79 75 67 33 50 59 71 47 55 52 58 79 21 81 27 24 75 22 46 78 63 60 16 47 64 4 86 96 47 56 51 58 19 15 97 67 71 65 62 37 45 59 17 11 1 24 76 58 99 16 93 7 98 19 56 30 13 56 56 35 29 61 13 27 59 97 40 43 98 62 43 22 90 64 42 99 1 87 17 73 94 86 67 43 61 18 83 15 65 16 76 72 6 78 33 90 36 44 85 4 80 1 66 27 21 63 79 76 44 82 4 91 21 99 19 7 7 51 16 90 69 63 57 45 94 3 41 78 20 85 41 19 60 98 65 56 39 45 72 76 19 78 83 30 80 64 38 61 76 94 14 94 92 61 77 11 89 34 80 76 34 60 64 88 4 66 76 10 17 30 23 22 70 85 31 21 34 3 13 34 68 28 31 4 53 98 37 14 6 99 40 66 1 46 73 10 29 26 91 77 82 73 21 33 82 57 8 81 27 24 73 34 3 8 47 38 17 64 52 48 91 48 92 63 20 12 89 64 66 50 58 70 17 26 70 86 14 47 14 25 61 44 74 26 6 94 61 76 19 40 86 57 15 60 5 36 31 15 52 6 55 30 89 71 91 57 67 16 84 47 30 33 83 60 35 51 39 38 85 74 87 85 48 79 72 25 9 27 39 71 56 66 33 82 45 0 41 65 86 12 6 27 78 2 69 9 35 51 42 49 19 6 55 84 11 77 48 4 15 74 70 84 57 34 97 51 0 47 26 42 63 99 84 77 77 96 30 87 24 93 64 73 16 67 10 16 81 18 19 5 71 76 35 63 76 34 66 63 89 34 6 25 66 51 18 31 66 20 72 63 81 60 86 0 81 76 6 18 76 77 85 77 55 8 50 54 69 5 94 39 77 48 12 64 42 60 10 47 85 88 49 13 3 62 92 42 59 97 35 62 99 65 15 9 4 21 80 13 4 49 1 11 86 20 48 93 36 
35 27 8 95 85 80 5 36 66 3 64 50 29 16 7 89 37 36 65 36 94 69 99 2 14 18 14 78 25 85 70 21 76 58 71 8 54 79 59 50 81 72 22 78 96 18 65 34 70 20 53 79 91 12 40 65 73 69 69 40 20 63 60 38 65 21 34 42 10 0 50 57 80 47 1 6 79 6 9 74 73 68 46 69 64 95 26 94 86 73 48 70 7 62 58 30 42 13 25 53 19 94 34 30 60 81 68 68 33 66 17 40 77 2 64 86 34 29 4 9 8 20 39 85 40 72 42 20 62 87 12 79 62 99 66 96 61 91 49 99 1 64 64 85 62 8 25 64 88 91 12 32 81 35 74 0 99 79 16 30 1 80 55 39 27 34 38 18 88 21 52 73 83 66 53 79 24 68 68 90 75 75 50 20 26 55 92 85 29 76 78 17 40 75 21 60 51 26 93 88 30 65 2 81 41 94 17 83 30 60 95 59 5 11 6 86 79 55 56 16 53 40 26 63 99 79 39 4 14 12 59 47 56 78 68 19 9 31 73 19 24 27 59 6 70 79 28 0 36 68 40 24 56 4 88 39 65 26 41 62 7 36 29 73 8 33 8 47 69 70 64 93 91 24 22 62 21 11 77 75 71 50 60 83 33 57 56 0 73 85 30 84 16 8 68 95 63 69 75 38 45 70 53 68 71 98 52 98 75 79 54 7 72 22 61 83 25 81 73 89 56 4 46 57 85 22 0 60 46 10 94 54 95 42 57 30 87 82 3 75 1 4 17 75 74 48 46 92 85 53 25 42 22 45 23 21 1 15 55 59 46 58 85 60 66 84 49 63 43 39 37 1 44 72 6 21 4 12 93 44 11 48 25 46 58 29 18 25 87 83 43 87 11 47 63 70 72 87 54 69 24 18 58 31 61 36 37 98 35 29 90 77 80 56 0 13 28 78 24 82 37 16 16 25 42 1 69 71 84 6 15 73 64 47 33 67 90 59 57 73 90 94 5 35 48 49 55 84 85 31 80 6 26 23 0 78 68 31 24 33 71 7 88 88 16 26 66 62 19 81 63 78 49 96 54 12 87 9 8 70 16 4 9 43 32 70 1 30 36 67 74 4 95 16 0 46 95 85 85 69 
12 77 96 8 7 50 49 71 57 91 52 91 35 68 58 50 74 86 44 87 23 51 29 32 85 88 46 24 5 62 92 86 57 72 50 84 54 40 95 17 89 36 97 72 39 71 75 56 90 82 18 85 31 7 74 0 29 3 57 29 0 60 67 55 53 43 62 18 19 60 35 4 44 94 86 66 42 46 11 48 61 39 98 9 62 48 70 80 37 68 71 13 91 51 43 82 75 63 36 65 3 6 70 82 16 17 37 24 58 28 64 53 57 88 21 90 97 16 29 19 46 42 51 3 91 63 70 63 91 20 3 8 13 84 71 41 5 39 78 26 96 33 21 60 29 80 47 18 6 17 92 38 76 2 51 63 98 70 16 13 33 38 89 72 56 19 47 8 97 51 48 27 30 11 42 19 51 90 97 14 86 12 86 9 98 66 49 86 85 77 69 22 39 47 15 19 67 27 29 8 17 85 58 89 43 17 97 86 38 62 4 50 94 29 68 18 97 71 88 66 98 40 52 74 80 56 52 25 81 55 80 4 34 48 41 38 44 62 76 89 56 96 77 93 26 10 18 50 17 67 10 34 44 92 76 58 54 78 7 94 83 2 12 34 96 40 98 88 63 2 39 75 53 60 24 23 76 3 28 75 37 42 76 8 30 50 37 78 80 19 82 15 93 11 71 32 73 78 8 48 73 88 12 84 46 96 8 17 82 37 94 3 38 37 36 86 52 67 95 12 76 61 9 61 10 80 27 19 78 76 0 43 38 1 83 26 34 82 65 25 8 2 13 0 15 40 87 48 24 23 40 98 23 48 39 37 25 8 0 26 61 18 16 22 18 0 7 50 39 96 95 89 85 8 25 39 18 5 54 99 64 51 24 39 51 30 5 1 49 54 74 13 26 11 28 50 96 96 93 37 60 54 4 74 66 85 1 50 70 33 55 46 5 73 97 67 85 70 15 1 42 64 23 23 67 16 65 53 32 11 38 83 76 11 89 34 63 96 0 68 4 25 36 47 39 99 76 43 18 37 42 37 62 27 96 13 49 68 5 33 82 91 99 11 62 93 19 67 12 85 81 75 99 67 68 1 81 1 58 32 86 28 5 87 79 55 86 59 56 60 87 30 34 82 20 14 16 84 51 4 
91 89 57 53 43 47 91 58 50 26 32 34 6 11 24 75 76 23 69 19 43 18 67 43 30 35 77 66 75 38 97 30 70 57 30 23 26 68 43 89 35 6 98 7 65 98 37 62 60 44 69 41 81 67 72 29 14 25 98 5 50 63 89 87 69 93 82 37 90 90 35 42 77 16 62 75 99 5 95 81 82 87 55 69 96 95 41 65 83 89 21 89 95 79 19 67 72 3 31 86 81 6 5 29 80 36 98 98 18 2 37 9 50 10 7 32 81 57 33 91 79 20 42 22 30 59 14 22 89 53 38 39 26 40 7 30 19 88 38 3 27 62 99 29 97 97 37 75 68 6 0 55 3 91 75 30 35 74 74 95 32 39 39 90 53 36 16 32 78 28 6 58 62 63 25 85 78 48 82 33 55 77 61 25 44 22 58 65 79 20 96 61 8 17 82 67 86 27 10 14 57 60 41 48 89 56 52 17 33 67 44 16 90 8 71 8 30 70 75 93 79 27 47 56 35 81 41 18 98 87 59 64 80 92 47 21 36 92 22 12 88 13 83 88 55 15 1 2 13 52 3 20 29 91 79 59 62 55 34 28 63 44 23 44 10 46 39 39 91 71 96 52 4 46 5 84 1 25 21 67 99 67 95 39 63 55 16 78 36 66 86 74 59 56 86 61 80 30 16 24 32 14 74 8 74 4 98 51 12 49 50 18 44 41 77 98 5 19 6 72 99 51 83 73 14 28 41 7 45 57 71 51 15 75 57 3 93 34 94 15 83 13 71 7 59 27 87 51 99 59 98 66 98 73 32 33 3 38 45 67 67 15 91 52 69 61 63 7 91 48 15 64 71 99 22 78 60 2 88 74 47 42 7 76 69 7 57 83 17 39 2 59 54 92 96 11 26 35 82 76 98 2 64 25 81 26 13 85 32 31 38 38 74 82 21 90 47 26 36 37 38 73 48 72 43 93 70 77 1 81 28 4 44 53 47 56 38 44 52 77 10 38 80 8 81 65 72 26 98 29 21 78 95 17 8 36 72 16 41 68 84 74 75 74 49 1 87 96 72 42 48 93 65 0 38 0 31 39 76 28 20 33 71 43 67 31 12 71 0 40 97 66 21 91 7 94 31 58 93 25 
45 17 73 31 50 36 9 34 66 91 82 75 2 81 65 48 14 16 96 89 99 42 50 51 31 23 73 25 69 27 66 73 12 8 35 58 27 65 51 82 25 43 82 3 54 39 79 44 91 40 16 81 91 63 5 61 68 37 72 52 34 25 29 29 64 68 28 87 10 14 39 86 7 46 61 77 4 26 29 8 25 4 74 72 84 80 16 50 79 52 62 67 81 57 53 70 74 60 82 98 57 32 74 62 2 54 67 46 49 39 77 58 97 81 43 24 23 59 73 72 15 10 14 7 19 4 56 93 33 15 41 43 48 85 20 44 26 98 66 83 33 50 27 99 1 71 54 41 57 34 99 16 26 47 33 97 71 29 60 77 50 95 41 79 42 58 13 39 76 71 60 12 57 55 48 44 72 36 21 19 44 13 90 58 2 88 52 77 73 69 37 25 92 87 52 6 68 77 74 39 17 53 36 61 14 77 45 94 44 6 29 94 1 74 13 90 0 66 1 29 59 68 54 7 96 47 74 83 35 62 31 85 50 24 50 32 54 38 46 41 56 60 24 90 79 6 2 31 67 73 13 57 82 0 67 56 40 77 62 90 15 50 90 32 91 69 21 60 76 75 54 44 89 56 42 40 82 7 50 7 58 11 79 62 87 37 95 14 89 18 71 93 71 40 35 77 96 53 44 23 5 4 28 65 59 48 34 44 64 96 78 11 65 14 55 99 73 54 59 63 42 29 16 10 23 39 28 60 32 39 69 97 58 99 66 27 1 68 60 86 42 95 79 16 70 51 40 83 83 63 88 83 34 5 38 82 95 96 91 34 56 77 91 26 82 20 8 1 1 12 71 3 14 18 4 32 73 58 7 53 48 23 4 81 73 75 0 81 66 91 9 2 78 16 54 94 55 9 83 40 31 41 67 3 11 25 36 81 47 17 58 69 76 46 89 28 59 36 67 52 98 99 51 49 98 67 20 5 12 98 42 69 66 29 81 52 67 26 15 55 41 19 66 6 33 1 43 50 28 79 69 92 47 33 69 56 19 49 82 35 59 20 10 30 68 72 28 60 31 30 70 33 63 22 97 79 70 51 25 65 82 15 70 26 48 69 82 70 10 42 99 14 26 24 73 77 90 1 46 32 
91 0 3 37 17 3 81 45 12 33 22 77 89 6 78 8 6 8 12 92 23 74 21 24 9 91 1 99 20 19 77 38 8 48 81 82 14 71 83 51 65 41 57 37 32 29 89 52 69 22 5 82 94 16 15 6 91 40 44 25 43 26 21 56 28 98 24 46 31 53 91 14 95 79 23 9 27 45 81 70 62 42 30 40 23 88 64 37 68 15 89 49 47 67 65 91 23 92 19 34 91 75 46 18 51 79 86 55 25 93 83 83 9 47 62 51 76 99 91 96 45 52 54 39 81 0 16 85 59 81 51 79 26 24 76 77 39 40 89 51 22 46 36 51 79 5 87 90 18 73 37 15 43 9 73 45 12 18 56 85 62 80 10 67 52 90 8 21 94 37 11 10 62 81 66 67 32 95 53 86 7 39 42 99 10 33 72 18 27 29 72 71 17 51 8 28 51 69 43 67 8 28 88 95 79 33 39 36 19 92 27 10 80 7 83 28 6 93 35 74 52 57 91 62 8 51 29 15 63 77 26 49 47 94 2 73 57 26 28 1 58 49 45 48 64 2 12 42 76 66 71 53 80 14 29 39 72 82 13 71 13 75 41 24 43 42 61 28 77 77 96 62 35 85 13 52 2 14 84 60 53 79 23 24 51 45 50 83 89 67 15 1 12 45 72 13 21 7 52 0 1 74 53 67 72 40 13 92 95 79 56 66 40 5 70 79 96 5 45 68 13 69 97 38 14 12 40 48 89 9 19 51 52 98 67 76 76 38 21 44 94 39 52 15 1 35 72 0 20 28 68 40 39 72 3 11 78 28 2 9 29 42 6 34 33 49 16 34 66 20 63 45 98 33 39 67 37 97 62 73 13 33 20 67 5 98 33 38 82 10 75 65 24 84 54 3 65 2 3 43 51 77 0 80 73 33 4 54 24 57 29 0 95 93 62 79 26 74 27 3 15 86 75 33 94 84 86 28 27 71 60 71 20 41 44 30 43 53 4 71 54 24 98 96 3 51 34 6 94 72 79 42 65 82 43 34 83 13 10 84 55 68 75 37 63 50 62 87 9 39 43 44 91 40 71 71 26 77 68 80 36 7 11 97 50 13 58 79 26 20 39 38 60 40 14 23 98 59 47 87 
6 79 29 84 45 13 99 60 81 29 2 92 66 67 55 48 58 10 1 73 85 73 37 75 89 49 48 81 85 10 44 13 38 72 98 61 77 6 27 50 61 8 49 80 21 46 24 71 25 21 12 59 85 73 31 72 57 69 26 77 10 75 96 89 53 75 37 27 8 56 25 51 96 62 63 45 47 4 28 95 76 72 9 21 19 2 69 47 56 60 5 34 60 14 51 94 93 38 41 73 34 93 54 59 47 94 38 91 77 78 8 73 51 6 1 57 80 28 39 46 84 11 90 15 90 67 25 75 80 29 65 41 24 74 72 99 77 80 80 21 51 57 57 66 23 30 22 94 47 66 12 93 56 18 4 43 88 59 55 25 45 42 66 44 9 92 70 3 74 99 71 91 15 42 81 38 65 77 75 65 82 55 62 27 66 40 17 7 60 30 18 58 52 37 32 65 55 18 33 0 0 36 7 87 25 90 92 50 5 26 21 28 5 51 22 76 35 64 57 69 17 65 98 7 74 83 40 21 71 36 38 22 1 78 38 13 4 41 25 60 83 69 56 45 45 2 9 46 98 94 84 26 64 12 34 26 83 27 45 13 28 9 85 0 26 52 57 28 52 51 70 87 6 0 83 80 90 4 35 17 31 22 73 45 5 39 21 55 95 93 91 65 64 75 83 4 93 89 27 14 18 30 33 44 17 30 78 35 82 22 9 6 71 6 2 60 56 37 14 6 18 78 30 13 83 39 58 95 16 69 0 16 50 37 90 37 17 81 96 14 35 40 18 67 39 52 26 75 67 41 45 90 30 71 10 33 13 65 48 68 26 28 85 22 4 66 92 96 62 19 61 68 27 45 97 53 1 89 82 7 45 21 52 91 40 57 47 26 46 14 10 22 21 2 86 79 76 16 80 68 8 31 62 16 67 39 0 80 86 41 89 0 28 55 89 11 59 13 3 40 24 14 13 72 40 85 5 56 34 11 84 71 50 92 61 49 93 25 74 62 3 45 22 27 77 1 42 40 81 50 52 62 83 53 21 70 22 50 53 85 90 94 46 72 23 43 52 77 27 25 91 44 65 98 14 98 36 71 33 95 23 32 51 50 61 11 27 4 69 71 25 18 66 89 68 99 67 53 51 29 
41 23 45 96 2 41 51 81 81 1 56 58 18 82 54 40 5 23 42 2 53 49 98 99 69 36 2 93 66 18 7 52 6 45 73 12 88 41 99 88 72 20 90 97 3 31 79 32 15 0 37 45 81 78 80 77 35 47 61 96 10 53 75 81 11 13 74 21 0 57 7 57 33 1 69 9 58 16 48 81 61 45 15 27 47 0 84 8 28 46 9 66 95 97 7 81 68 97 8 20 23 96 91 82 30 72 85 15 2 75 55 96 34 30 24 83 11 2 78 33 61 13 84 84 80 29 68 87 93 47 3 22 97 4 3 97 70 51 52 30 81 72 8 47 33 48 10 61 42 86 20 97 35 83 38 32 69 8 34 34 51 89 28 83 5 26 13 84 21 23 34 13 15 34 9 24 9 64 7 31 13 91 9 91 70 7 66 86 57 55 77 42 56 88 11 74 39 81 12 44 36 89 4 15 77 41 23 31 67 31 98 77 72 27 11 51 0 72 17 95 28 4 1 88 51 92 90 74 78 58 97 6 77 97 43 99 57 99 67 13 97 73 97 10 6 96 96 7 98 39 57 81 44 7 56 67 21 94 48 80 42 7 97 56 76 63 7 25 61 61 73 41 27 60 97 99 96 70 63 99 81 10 87 78 56 1 63 46 45 67 13 11 74 90 91 43 72 11 93 1 14 57 17 11 60 72 6 49 97 53 31 3 31 76 62 88 45 5 30 52 33 83 2 39 96 54 60 67 94 70 99 66 74 20 94 79 99 88 67 45 50 89 42 86 93 97 5 14 20 36 73 99 59 89 30 59 23 43 9 23 53 98 15 42 47 1 81 29 64 30 82 89 73 79 69 67 45 35 37 96 30 77 29 20 43 98 57 54 32 1 72 46 78 28 71 91 93 64 65 11 30 31 53 46 23 41 59 96 17 50 93 38 93 72 14 32 66 58 46 72 52 86 13 54 92 43 78 75 63 56 36 37 0 89 39 57 39 74 47 10 32 93 95 1 22 76 24 90 70 73 51 88 27 70 91 44 40 55 87 84 46 3 77 88 11 0 85 98 92 47 11 64 11 3 57 28 32 72 36 86 24 64 95 23 10 56 95 11 13 20 34 7 33 43 14 52 80 89 25 42 
50 52 53 86 93 2 33 27 74 65 76 64 0 66 90 92 5 87 69 24 70 92 58 61 75 67 64 7 76 91 40 34 56 47 56 21 88 88 97 60 79 69 12 7 81 6 57 54 58 10 37 31 5 88 62 80 66 0 64 40 87 91 90 39 12 80 38 82 45 77 50 93 29 35 70 2 40 37 89 3 28 20 14 63 50 38 43 11 37 56 86 32 97 46 98 40 62 3 35 99 92 64 66 0 76 51 42 54 38 59 84 59 79 10 35 22 91 78 65 27 32 60 18 29 31 84 71 16 9 85 70 6 18 54 1 0 77 16 93 79 28 73 19 3 92 78 17 82 15 89 97 53 21 84 12 82 96 34 24 46 5 21 87 55 80 82 77 47 5 86 35 97 84 34 71 54 67 97 70 84 16 4 3 39 38 50 54 98 68 40 75 13 92 82 42 2 93 49 89 73 65 77 50 42 27 76 97 79 16 67 72 17 61 8 87 18 18 87 19 45 95 76 40 3 15 86 38 64 41 36 25 57 96 13 61 23 43 25 69 75 61 94 31 9 80 76 72 51 77 61 85 95 16 96 82 18 16 36 56 42 35 57 36 75 85 74 1 94 27 49 36 76 35 8 77 40 24 80 79 67 15 10 26 45 75 49 20 62 84 44 93 51 51 18 36 0 39 91 87 95 23 31 82 86 93 98 47 22 36 37 57 68 4 76 83 45 67 76 54 80 25 23 53 23 36 59 11 63 97 90 6 74 60 85 65 82 32 39 58 95 29 3 10 0 57 63 68 27 14 71 34 5 3 3 9 24 29 16 71 16 35 14 74 11 65 20 62 5 14 42 80 13 90 86 56 48 24 55 84 21 36 82 21 19 44 13 92 47 68 82 36 5 36 51 49 40 44 26 46 30 21 25 35 44 38 32 78 76 67 44 50 3 97 99 39 99 40 4 84 90 26 7 47 29 39 75 90 76 43 26 51 26 89 66 99 14 38 19 56 41 66 23 8 9 3 49 76 86 62 3 60 40 55 15 77 55 66 87 2 95 33 3 11 13 17 29 82 52 80 97 64 17 2 78 55 62 30 21 66 42 3 70 1 90 52 61 41 23 85 44 75 66 92 83 48 18 90 52 32 38 
3 53 36 5 66 22 73 89 13 83 41 96 12 63 54 54 77 90 60 22 91 96 18 5 71 66 69 81 91 39 50 55 86 67 62 59 88 28 25 16 50 93 67 61 26 97 13 93 61 15 11 68 32 8 61 44 99 35 44 12 91 55 71 87 30 20 44 46 75 43 45 73 12 0 82 93 20 44 21 19 12 14 54 68 31 16 25 93 73 43 24 70 39 79 64 18 32 92 65 62 78 52 15 83 38 10 72 50 25 88 44 77 26 65 97 73 14 93 76 77 79 68 1 6 82 51 83 2 40 39 14 46 20 11 6 1 33 28 93 3 32 12 1 25 95 76 16 70 43 77 22 52 63 51 50 32 34 47 97 29 12 48 47 41 72 7 59 8 22 36 74 13 73 59 44 1 30 94 79 39 50 77 94 9 89 45 1 88 24 55 76 47 77 62 96 38 33 79 44 58 12 33 10 21 74 10 25 64 70 24 32 77 26 25 29 75 0 64 87 1 18 21 81 52 64 72 51 88 5 34 63 92 20 25 55 61 12 15 97 76 5 3 51 7 89 46 29 93 39 6 65 39 26 82 68 81 97 24 90 72 91 20 2 79 12 71 94 91 73 63 16 52 55 28 28 44 62 81 81 52 40 35 19 51 16 22 73 51 69 20 89 6 62 74 93 9 26 34 8 88 63 26 38 67 93 47 97 90 23 58 82 25 98 93 86 14 79 47 61 4 15 54 18 55 91 45 31 33 49 8 92 16 91 89 94 24 94 55 79 0 62 73 55 66 51 55 19 92 5 39 31 66 3 93 61 82 62 48 81 27 95 18 83 59 33 6 31 88 36 62 36 18 9 53 42 39 43 81 19 24 31 92 14 25 23 63 79 8 5 11 87 48 51 15 46 27 87 63 64 94 36 10 50 8 91 37 98 68 58 81 59 46 54 58 95 46 76 9 32 15 27 94 99 46 25 32 92 70 71 1 58 56 7 56 48 33 30 71 23 47 79 84 6 18 24 54 89 64 80 14 41 36 52 77 81 23 33 22 4 19 76 23 92 74 83 29 90 99 30 29 89 49 96 36 72 99 55 38 71 84 42 88 41 70 12 69 76 61 12 96 66 47 26 40 79 60 7 41 31 14 
57 21 47 55 69 0 48 14 13 56 54 2 86 4 27 53 51 54 33 77 5 17 44 70 10 34 17 79 67 50 40 17 48 0 96 16 48 82 24 19 90 85 54 11 6 91 85 76 48 43 88 26 32 82 20 77 60 95 94 55 10 50 20 71 52 80 59 31 66 83 72 57 79 60 47 95 30 45 86 99 44 2 13 48 0 87 21 17 70 73 49 32 74 28 10 50 53 3 81 13 70 26 25 60 32 78 77 0 40 62 85 87 35 4 50 35 43 48 38 71 45 55 14 0 29 94 93 7 10 73 30 45 43 76 17 61 66 1 62 1 75 61 66 35 23 24 39 27 75 58 50 47 12 1 34 83 94 55 51 11 92 52 77 44 57 76 19 55 86 66 2 17 13 78 56 5 98 86 44 36 58 17 34 56 23 48 96 36 71 0 89 51 83 75 99 37 50 17 97 6 45 55 66 0 16 69 56 36 62 85 44 68 46 58 80 22 24 72 25 38 22 19 82 76 19 0 85 40 38 89 31 6 41 44 67 3 88 21 46 4 77 69 78 86 16 36 93 30 50 19 10 21 82 8 62 36 12 55 10 10 22 55 21 22 54 16 97 71 30 11 63 39 68 89 38 86 13 57 73 69 85 52 88 88 62 0 78 77 81 28 38 72 31 41 8 91 49 49 47 41 38 7 25 22 71 21 14 49 7 30 44 47 92 46 89 5 85 44 72 76 83 80 56 37 78 15 10 47 98 79 56 53 63 7 0 35 41 88 86 97 71 94 68 72 54 99 32 72 1 14 94 46 33 7 58 11 94 89 31 55 68 81 38 68 1 26 20 91 43 35 64 85 14 97 39 22 96 93 21 32 18 92 83 4 74 86 84 23 41 45 32 40 62 57 5 93 99 65 17 85 11 36 42 42 29 37 92 99 91 96 99 54 83 6 9 27 19 15 83 88 51 68 24 23 62 67 59 99 25 22 2 53 79 58 33 50 80 73 60 23 52 72 81 15 12 71 81 6 54 97 60 49 99 77 1 70 58 20 24 77 11 26 18 4 77 99 8 42 46 78 50 47 9 47 40 80 30 94 70 76 44 76 35 42 16 65 73 14 51 72 59 89 78 85 26 50 81 91 55 64 
51 10 23 55 87 53 49 5 75 75 0 70 16 37 49 69 64 56 42 74 25 69 33 86 85 47 93 21 24 15 9 92 4 37 30 65 57 11 10 89 77 31 47 28 53 18 30 47 54 72 11 14 27 79 78 76 99 25 88 45 93 4 10 35 86 39 44 15 9 99 60 64 58 78 45 27 17 69 95 92 24 59 32 16 81 40 69 16 94 0 3 44 52 33 95 31 92 45 60 75 69 67 86 41 53 6 61 66 53 27 65 52 38 13 95 90 35 29 57 95 44 67 4 57 12 16 48 54 53 36 58 76 88 44 19 50 62 37 45 91 40 21 95 19 11 41 44 4 18 49 51 44 72 5 50 17 27 18 59 67 66 85 52 88 28 36 65 29 39 39 23 64 86 35 54 74 40 72 2 61 52 40 38 15 54 24 75 69 80 11 44 64 19 31 80 43 52 86 20 8 91 87 68 97 67 3 88 48 53 58 15 93 41 1 34 33 93 15 36 22 66 24 44 19 75 39 7 98 53 51 12 56 79 30 12 63 2 11 0 67 2 72 1 20 68 39 69 53 21 83 25 39 75 69 13 77 48 47 67 54 93 62 52 33 79 49 92 38 10 23 52 3 40 9 52 17 4 26 92 57 20 99 89 97 42 94 51 70 21 17 84 57 56 40 7 93 14 56 10 23 67 62 5 28 60 77 28 21 57 75 23 34 80 11 56 33 61 26 3 87 87 73 98 77 54 2 69 94 9 64 69 16 89 38 76 95 69 20 43 67 2 76 30 52 8 13 65 56 48 77 12 60 87 17 73 52 2 0 7 54 82 41 86 33 45 3 74 2 3 27 77 90 23 38 69 98 77 47 19 58 41 95 90 31 1 24 69 98 42 65 49 45 67 75 58 13 52 97 4 25 34 43 38 97 30 64 10 21 61 95 26 58 86 80 11 66 4 62 35 16 91 90 35 2 18 24 41 17 23 54 3 27 5 73 79 87 65 33 23 93 20 16 89 76 27 27 0 91 28 12 19 94 19 6 44 78 18 17 0 80 30 48 44 66 8 32 1 32 16 64 93 42 67 82 26 65 57 86 21 10 9 1 54 55 4 7 65 93 61 18 79 86 96 88 2 80 80 95 66 49 
96 85 66 69 45 30 34 91 80 85 80 77 32 85 17 4 59 58 74 92 68 88 55 18 46 49 1 85 60 79 86 40 13 42 31 63 20 16 17 52 95 17 36 52 90 10 60 24 4 65 48 13 72 0 27 47 36 92 79 88 49 97 52 26 11 42 72 17 87 65 44 63 79 9 22 7 42 53 69 61 35 66 20 23 10 53 6 45 1 13 88 68 27 53 25 67 65 60 21 4 37 51 27 69 72 65 50 41 24 72 6 6 64 30 85 79 75 92 13 68 84 59 27 79 88 76 26 66 21 97 47 82 0 16 37 12 68 57 79 94 94 47 47 28 32 98 15 39 57 77 48 51 41 51 94 53 36 40 89 58 10 44 90 10 1 77 62 41 18 61 96 34 29 28 43 68 89 91 6 73 58 21 49 48 11 80 88 64 68 19 14 31 51 18 94 44 83 15 48 51 16 27 45 41 10 57 15 69 21 9 57 75 25 37 64 80 33 14 70 57 17 79 15 20 59 71 65 42 77 3 90 56 80 9 90 18 50 34 25 38 93 83 85 60 64 86 96 34 64 75 91 15 78 84 35 80 79 36 96 21 53 75 95 15 22 36 71 17 27 98 3 52 50 35 97 60 92 26 62 50 37 18 33 85 99 3 81 23 25 57 92 13 11 92 18 89 29 51 78 1 37 80 4 5 23 52 27 15 69 75 99 43 57 58 95 28 90 20 61 94 94 70 69 9 50 94 31 82 95 69 34 16 77 12 78 25 48 1 69 8 19 83 99 24 85 34 25 3 51 10 64 19 3 75 16 19 59 73 31 80 89 78 58 82 73 68 36 12 66 36 16 34 5 25 60 36 16 59 70 67 79 73 77 93 11 52 62 82 87 99 32 78 18 82 22 47 68 23 24 72 91 70 2 41 6 71 63 1 69 81 58 27 30 18 41 70 8 47 75 42 20 89 7 40 54 41 54 33 79 14 81 51 91 88 18 83 43 78 12 19 85 81 46 76 80 60 70 22 24 49 40 40 39 72 71 67 22 0 51 10 94 62 26 83 35 99 61 25 27 65 47 99 57 9 0 31 32 80 75 69 73 40 96 80 76 17 61 35 3 16 20 70 25 76 95 77 33 75 10 27 
16 10 24 55 60 88 45 4 23 78 91 41 71 51 94 17 48 8 71 0 71 99 90 74 83 59 74 3 45 39 40 74 38 39 85 50 47 19 21 70 83 11 28 99 68 97 44 80 41 11 22 95 69 31 57 54 65 53 93 37 65 82 41 6 73 14 26 23 79 21 73 88 26 17 87 48 1 23 28 54 87 31 70 62 54 90 78 8 18 15 53 71 94 10 73 87 84 88 78 64 8 60 48 16 48 17 39 76 48 6 16 93 16 55 20 79 35 74 81 5 86 55 69 75 25 79 51 45 53 87 31 17 24 81 66 55 14 86 61 14 45 93 5 79 82 64 23 4 21 80 43 4 70 35 44 60 18 22 11 83 61 92 59 27 5 21 73 12 30 60 84 55 47 41 94 73 25 0 36 4 85 96 76 92 52 4 32 88 36 99 81 24 30 69 6 86 99 90 78 48 33 0 75 14 87 81 76 17 13 50 92 82 12 45 40 89 98 29 18 49 87 96 65 28 49 53 49 44 80 69 48 96 22 19 14 57 53 2 71 47 29 14 45 54 78 45 86 66 43 78 97 2 41 90 96 74 70 85 7 6 52 51 62 76 58 91 13 12 76 35 27 31 53 69 79 21 55 69 31 7 63 50 57 84 18 23 90 17 46 70 20 31 98 24 23 58 57 54 92 77 34 8 24 91 76 74 23 93 46 69 59 84 9 37 42 97 92 5 3 52 21 44 31 81 64 65 48 55 84 22 25 36 55 15 86 7 12 51 52 36 74 53 82 73 69 85 92 80 60 2 69 28 45 88 95 26 24 89 14 30 64 96 12 90 22 65 51 24 83 59 52 23 35 22 41 54 73 45 96 29 52 43 67 10 12 70 99 11 92 92 93 56 96 14 65 83 61 35 86 93 0 78 77 48 81 37 51 17 32 93 24 60 39 80 34 44 30 42 86 81 36 45 55 69 7 18 69 68 59 46 18 96 56 8 70 49 14 11 33 71 18 31 90 7 59 63 28 61 52 52 36 20 11 54 27 98 20 83 13 66 46 69 45 97 82 91 33 65 56 65 27 15 56 0 62 74 62 0 9 29 55 69 78 32 80 85 10 87 41 32 27 97 70 85 21 42 66 66 10 20 
66 33 82 4 23 10 20 99 73 15 80 35 17 47 70 70 7 18 82 36 72 57 23 77 22 82 40 98 2 36 55 57 97 13 67 52 70 42 36 78 4 20 44 35 86 73 5 98 17 35 34 58 99 61 99 71 64 27 5 47 50 7 11 88 82 3 76 15 58 73 24 77 74 62 90 48 45 71 78 57 41 30 52 95 60 68 6 89 83 85 48 26 7 79 27 66 50 35 39 66 34 36 65 14 22 1 90 69 55 4 60 87 28 43 21 83 23 60 55 33 2 27 53 97 18 20 23 51 48 41 91 15 96 65 66 41 47 36 88 21 75 48 12 82 52 45 97 36 77 85 52 95 85 33 45 79 38 59 54 16 88 76 43 47 13 98 86 8 2 50 70 13 57 62 14 42 57 89 73 57 31 37 48 84 9 32 35 17 18 18 83 44 27 0 10 92 63 3 82 99 11 60 77 45 40 71 82 74 4 37 75 48 69 6 65 72 82 8 99 4 15 42 82 6 62 81 26 34 92 66 80 13 27 2 27 6 58 65 37 10 13 64 85 26 24 9 61 4 84 75 87 48 37 37 57 77 70 98 88 81 33 28 0 38 6 94 52 5 12 78 69 29 79 59 38 87 26 2 56 13 79 34 75 99 72 12 12 73 50 88 69 25 29 83 90 11 74 25 97 41 18 20 74 91 40 31 80 48 27 1 70 51 28 20 31 47 43 1 17 67 25 75 25 73 45 24 33 3 56 30 71 77 94 3 65 34 15 86 33 0 64 69 25 11 53 53 97 24 73 6 70 45 57 49 94 23 51 39 52 54 55 61 67 4 63 64 51 57 31 52 64 45 83 48 17 15 29 56 15 65 5 17 18 48 2 63 95 19 49 63 19 35 83 74 66 77 18 94 99 60 22 2 21 81 22 63 56 59 13 10 84 64 68 73 92 21 67 62 14 26 60 48 45 91 92 97 13 17 32 71 26 5 4 37 52 60 49 13 44 33 8 69 65 27 90 4 96 44 13 16 52 11 8 54 12 57 21 87 57 89 61 79 32 30 0 16 29 48 86 31 0 55 33 39 42 33 67 92 7 56 3 34 49 77 17 32 70 4 8 98 9 60 53 40 6 52 97 80 80 63 
44 50 80 17 5 2 94 36 98 65 74 99 38 99 33 78 13 65 21 83 17 75 71 95 14 65 79 62 66 52 9 90 33 92 50 29 36 87 39 39 82 27 55 65 86 6 20 44 95 65 72 78 67 83 72 34 72 52 97 57 64 86 18 11 68 63 47 25 96 57 53 16 65 61 85 70 86 40 79 66 61 60 91 95 18 74 73 81 75 62 16 41 33 47 3 69 95 45 3 75 46 6 30 78 15 83 48 33 73 52 49 45 57 41 66 96 24 95 38 99 90 58 38 61 57 33 48 28 71 35 16 52 83 36 51 59 84 1 2 82 44 22 64 54 38 2 40 67 98 19 60 5 71 32 65 68 43 74 66 93 57 25 31 50 65 33 53 92 7 97 9 34 44 56 9 98 5 22 62 76 42 53 38 84 5 96 46 14 77 52 70 90 3 15 57 3 42 31 25 3 52 96 25 25 42 99 40 27 58 76 56 20 20 87 60 97 97 15 13 53 49 81 21 24 68 60 39 90 2 7 50 12 8 1 16 75 5 86 57 54 0 21 54 24 63 63 86 82 49 47 2 69 51 80 31 11 37 68 4 14 44 84 99 43 54 88 40 74 44 2 67 87 51 97 22 0 45 15 97 73 11 97 12 53 64 19 6 88 38 14 80 89 62 4 42 94 48 81 14 98 40 42 41 91 31 8 13 73 25 17 60 34 69 57 66 78 55 94 58 80 48 63 3 82 2 61 84 99 56 45 10 71 43 25 21 47 38 51 71 37 7 1 65 49 81 26 91 21 17 57 69 70 34 36 30 93 17 21 44 77 87 72 9 91 2 43 16 60 19 79 7 51 99 55 89 79 44 5 30 51 95 34 72 6 45 19 48 60 53 68 3 17 52 33 32 25 63 33 45 6 49 57 51 30 50 73 7 69 99 91 96 11 6 11 60 37 38 81 76 69 97 83 77 69 25 90 48 57 2 54 81 72 68 70 80 68 76 31 39 58 91 57 56 55 16 58 46 42 77 17 57 35 94 84 26 46 99 46 11 30 39 22 34 71 36 93 43 35 53 31 83 23 46 99 81 41 51 27 8 57 47 96 21 72 76 39 5 22 72 35 2 26 15 2 65 70 58 70 46 80 
37 29 79 11 84 80 42 58 97 39 9 23 39 35 29 97 7 85 69 3 91 18 58 34 37 58 93 80 94 7 27 14 95 14 27 85 83 48 69 95 60 62 45 40 35 79 68 51 49 10 1 54 97 19 14 74 9 20 34 44 30 27 16 50 82 47 89 29 50 24 9 44 36 59 35 11 26 78 68 59 99 43 43 50 8 8 24 53 25 72 79 59 29 42 85 82 43 38 39 30 92 2 0 3 83 45 75 66 59 80 25 80 23 94 82 95 16 84 36 21 35 88 6 72 92 52 67 47 21 16 56 29 34 8 43 34 3 53 45 89 72 21 20 5 63 99 24 76 86 10 37 20 99 65 25 97 40 79 32 58 27 74 99 55 55 63 88 22 17 80 61 79 19 88 67 9 72 45 60 65 32 6 42 63 73 97 56 15 14 95 47 67 73 68 30 88 28 97 60 49 85 27 45 78 26 60 83 15 8 3 2 37 6 45 78 19 43 62 99 83 81 97 35 57 38 47 24 51 56 51 91 94 74 85 54 38 29 16 8 81 19 31 81 45 17 56 11 42 51 23 89 73 62 69 11 96 7 95 71 79 59 30 50 85 32 85 6 0 41 5 44 8 15 64 66 68 37 69 50 71 24 28 77 4 10 54 75 65 63 2 37 37 42 95 15 99 77 33 96 13 30 36 11 93 77 93 67 11 29 48 15 75 51 18 2 72 51 61 0 9 74 11 43 87 65 13 48 91 83 12 61 96 2 67 26 21 55 28 52 75 60 0 98 98 32 86 19 16 1 63 45 52 61 2 15 68 11 68 75 10 91 45 78 19 99 22 14 23 7 56 29 47 98 90 57 85 44 90 71 83 57 63 62 0 94 54 46 50 18 11 13 27 19 11 44 49 3 23 79 70 95 76 71 23 19 41 89 42 95 75 83 24 79 15 85 6 62 76 72 33 85 42 33 58 96 30 99 77 46 90 99 3 98 92 36 55 69 12 86 74 11 85 49 67 88 72 96 12 37 66 74 21 35 46 42 98 26 74 66 44 70 10 80 89 44 82 12 63 89 41 2 46 52 35 43 76 15 1 99 58 20 78 60 4 90 62 21 32 99 60 48 52 42 42 62 35 65 43 4 13 
25 37 77 43 71 51 16 26 44 78 31 60 32 1 18 70 7 20 26 23 74 45 54 1 72 40 83 45 84 8 9 47 24 19 44 78 4 70 18 96 76 63 4 29 16 31 74 93 82 83 85 62 20 30 17 85 42 66 14 18 84 9 11 42 7 24 8 81 46 26 64 38 37 59 11 33 24 8 78 65 35 96 94 52 69 77 15 65 53 40 92 15 86 16 59 35 64 28 47 54 99 87 17 95 2 63 95 87 48 80 80 4 93 92 52 21 95 27 89 25 22 28 26 25 95 87 94 81 97 5 88 1 91 74 70 43 49 60 95 56 15 96 49 14 3 76 36 73 28 94 33 87 41 84 16 12 4 47 73 74 21 12 72 47 2 8 40 0 67 15 17 48 86 23 31 56 54 50 82 10 40 46 51 73 82 35 83 27 79 69 60 23 73 61 42 99 21 90 80 62 94 95 89 77 4 45 44 80 83 95 42 57 60 29 60 0 89 25 64 40 89 79 6 43 79 68 25 97 11 32 3 36 26 13 30 6 41 69 41 96 43 64 77 22 69 53 59 37 89 14 79 80 22 4 13 53 62 22 2 23 98 4 13 14 35 71 13 0 19 61 26 22 98 23 20 17 92 63 67 31 7 14 86 60 77 96 89 85 25 67 84 58 68 10 80 38 65 67 31 8 32 63 60 82 42 56 82 2 97 10 3 30 48 68 16 84 89 65 87 88 82 90 31 93 92 26 9 36 69 63 37 60 98 37 67 73 74 40 46 78 84 43 3 96 88 68 97 58 28 72 34 92 70 30 12 38 55 88 86 74 69 41 43 76 86 68 50 28 50 98 72 59 81 9 30 52 25 36 95 99 60 59 18 40 88 35 90 94 20 58 58 53 26 53 16 93 5 95 63 96 16 90 50 18 62 56 28 88 98 15 24 50 11 38 63 64 6 30 48 4 3 56 3 45 71 88 57 73 59 42 37 51 64 93 3 50 29 3 92 45 81 12 62 15 77 4 22 78 35 21 78 28 33 53 41 75 12 5 42 12 21 34 28 84 74 26 20 48 99 7 16 29 43 1 32 71 41 31 46 2 27 55 2 86 74 37 62 23 71 7 55 77 94 71 37 31 23 2 2 17 
85 52 46 1 13 4 94 4 85 54 91 88 48 16 56 4 78 81 74 41 26 90 21 49 29 18 94 61 79 9 66 89 90 15 68 1 27 47 51 15 93 55 18 12 72 5 30 53 27 44 84 97 30 68 99 30 58 54 33 60 92 92 19 13 73 0 25 24 81 40 72 82 86 37 8 56 29 7 9 1 77 52 1 43 0 87 96 77 84 42 54 95 91 17 83 24 39 36 98 86 45 27 89 34 60 88 56 48 22 84 22 55 24 52 28 13 79 58 87 99 18 6 83 43 59 3 36 7 35 33 96 42 18 52 16 32 27 14 95 76 36 30 60 9 5 50 40 13 87 9 92 99 90 4 20 73 50 82 29 3 92 78 9 82 63 62 38 25 72 32 95 44 85 64 84 23 87 33 27 70 78 20 96 18 38 60 84 87 89 31 38 1 81 32 36 56 19 18 68 20 12 94 12 92 35 54 76 18 73 36 10 6 10 84 65 31 67 18 55 16 92 97 72 3 55 88 4 75 85 71 33 27 39 40 29 47 91 78 99 18 84 26 86 9 85 80 58 6 60 2 66 99 15 12 36 62 12 53 94 22 10 78 63 83 26 65 89 27 30 40 29 41 99 8 18 93 32 15 67 59 87 2 95 88 98 71 56 37 20 17 57 42 50 15 99 43 37 34 33 31 73 35 84 8 8 85 28 61 52 2 64 4 23 64 66 32 55 2 87 47 67 3 81 52 42 27 78 58 54 20 40 94 3 12 10 35 85 81 46 3 16 68 26 29 16 36 81 89 67 76 37 94 38 68 86 41 53 38 10 41 48 22 99 34 88 29 36 92 4 96 61 29 61 56 7 9 69 47 26 20 50 10 29 38 58 83 99 14 55 49 6 8 3 80 37 38 87 52 15 48 85 15 17 61 21 51 24 58 84 99 6 28 9 82 32 19 57 2 82 39 63 73 34 35 24 67 26 56 17 66 62 85 75 15 92 42 89 97 88 80 2 26 32 50 27 10 36 6 92 81 56 61 73 47 78 70 20 31 27 99 92 36 45 45 76 77 79 83 21 98 83 51 39 78 24 80 61 4 6 24 21 22 65 47 64 15 71 66 76 41 63 3 10 67 20 83 16 81 77 81 
26 87 67 70 58 63 32 30 18 83 96 86 14 58 36 48 52 27 95 35 8 26 72 82 31 24 43 69 25 37 35 38 96 56 92 75 58 28 55 4 98 98 47 36 88 64 56 76 11 84 28 34 7 38 29 52 87 68 83 58 12 99 88 42 88 72 15 11 68 0 77 46 32 55 21 76 10 51 14 34 56 12 70 12 69 2 45 43 61 98 71 57 45 63 21 0 38 4 4 54 94 22 9 32 68 54 11 29 86 58 23 8 31 14 61 88 53 69 68 76 30 53 10 67 96 88 38 71 7 22 83 22 3 92 77 22 56 29 67 50 64 34 99 85 50 72 65 52 83 17 55 50 10 0 85 19 96 78 4 35 91 83 35 65 51 49 70 88 93 44 49 46 67 88 15 76 52 14 13 67 32 92 12 98 47 50 18 86 85 39 7 85 78 44 56 47 70 67 64 52 29 6 53 72 27 11 88 42 30 72 46 21 89 19 69 51 71 21 62 21 67 98 94 5 46 53 67 10 92 38 28 39 55 61 52 23 89 37 98 35 19 60 63 78 51 97 61 50 14 91 80 23 78 99 64 62 10 69 21 31 50 25 54 43 93 48 65 23 45 96 54 91 75 17 9 62 3 9 25 26 65 38 78 80 87 25 72 54 39 24 99 61 16 59 62 21 49 70 51 48 65 68 8 3 73 62 70 59 69 5 11 0 75 1 53 66 88 71 53 44 91 74 41 49 67 15 73 14 32 94 33 32 27 49 68 26 66 4 3 8 59 89 9 32 80 85 26 27 74 51 92 51 16 43 8 79 65 60 78 54 14 9 11 92 47 44 65 63 85 93 15 62 95 91 34 13 23 29 99 90 36 47 79 19 40 99 49 2 42 82 68 86 46 57 91 9 95 42 83 64 7 63 59 19 32 42 86 46 26 79 51 42 20 64 74 53 35 93 75 41 36 54 48 21 35 57 10 25 42 74 33 12 29 15 84 40 72 30 35 92 81 67 35 8 59 12 30 5 83 81 98 1 13 24 98 95 79 56 70 17 75 91 44 90 23 94 21 50 56 19 55 9 77 18 8 35 93 83 26 74 0 30 20 43 25 61 21 23 47 99 43 60 74 22 44 98 51 76 83 27 
57 81 34 92 33 0 78 51 45 66 70 54 64 43 46 25 85 83 25 12 60 53 62 89 4 35 7 38 1 79 74 26 46 65 18 10 68 84 76 43 78 63 12 47 32 59 0 89 30 79 44 47 36 21 78 76 53 74 3 22 77 19 83 52 90 21 59 58 69 17 50 73 64 42 86 94 40 30 56 55 11 57 72 58 44 13 80 5 35 61 35 69 21 32 33 3 5 95 66 45 29 86 48 50 5 29 92 2 3 92 5 97 94 46 9 39 25 59 74 82 89 57 88 80 68 81 57 62 37 18 74 21 18 73 92 64 8 45 62 59 15 78 57 50 78 13 90 60 74 48 13 68 57 86 99 93 47 14 65 2 71 7 83 57 19 37 34 25 41 20 68 9 57 18 68 56 81 56 35 52 9 3 81 92 4 85 87 24 72 30 18 9 49 36 95 17 76 58 1 39 43 76 90 51 99 30 11 63 3 97 11 87 60 26 86 43 67 56 90 99 70 67 2 25 29 16 20 87 30 22 16 75 54 4 6 72 36 49 27 19 84 73 32 68 26 84 55 40 63 73 96 70 58 27 58 3 18 54 18 29 29 74 14 72 62 19 39 99 58 36 26 73 5 51 83 22 10 85 66 81 70 21 33 34 25 67 23 48 93 39 90 61 58 6 81 54 77 60 23 11 2 35 94 34 62 20 42 22 96 71 66 89 29 6 59 12 72 2 56 26 82 61 3 33 92 25 86 34 30 42 78 91 34 76 35 97 9 88 30 11 90 97 11 31 19 74 19 54 43 34 25 72 56 41 95 25 88 24 4 60 68 61 23 37 10 64 38 48 75 28 51 79 38 81 95 83 75 45 97 79 68 91 1 46 40 34 57 31 30 94 49 51 29 91 27 67 83 0 48 35 73 46 5 95 58 1 1 69 56 18 40 43 64 2 41 85 93 58 52 43 50 97 22 94 87 8 4 51 90 8 25 29 46 64 23 57 44 20 30 29 29 42 79 51 2 80 77 66 58 47 92 82 64 72 16 62 14 97 43 73 81 35 7 74 3 30 42 78 10 89 61 32 21 41 86 60 81 69 43 68 19 29 61 18 38 99 18 73 85 83 73 53 36 1 82 72 50 78 26 8 
85 11 92 20 39 14 1 14 5 35 45 14 32 33 35 96 3 90 20 23 66 26 58 57 56 93 98 50 91 78 11 70 42 69 80 22 68 15 56 6 81 20 3 50 51 89 58 0 78 63 90 67 67 75 44 48 82 63 5 16 58 65 25 61 91 58 19 49 4 34 61 24 43 81 64 67 17 83 47 36 13 49 56 18 34 60 18 81 93 52 65 20 42 8 7 39 45 65 97 44 92 28 60 15 40 55 15 91 19 75 61 60 47 87 12 19 71 46 79 57 58 83 92 23 37 70 25 11 64 10 67 59 25 78 33 66 8 83 9 22 56 12 95 48 56 61 81 95 34 38 69 78 50 90 91 33 88 44 94 83 83 38 84 18 90 79 44 87 63 55 12 76 14 56 98 6 81 27 24 17 77 84 77 55 60 36 10 19 1 79 64 71 8 22 32 28 47 75 95 72 45 93 31 85 62 63 47 40 16 50 71 88 45 49 52 76 10 84 21 61 79 67 87 3 28 95 62 55 45 57 6 13 30 6 69 81 31 31 71 27 61 74 63 64 97 34 9 37 11 11 36 10 33 88 38 43 30 19 76 21 71 41 34 16 78 16 97 15 70 66 39 44 86 2 65 69 72 26 40 18 60 31 92 66 33 80 92 30 11 5 93 37 2 59 35 72 75 68 38 24 88 86 39 65 15 60 9 36 70 75 3 97 34 66 95 56 28 91 42 69 22 79 44 55 45 20 44 15 94 98 59 82 25 36 1 16 22 69 88 14 98 47 72 2 18 67 70 81 53 1 60 83 48 23 17 99 21 38 37 31 80 92 10 62 48 95 20 61 62 66 29 77 65 86 89 21 41 51 35 56 65 24 25 0 52 3 44 98 75 79 55 38 74 60 48 97 98 78 42 75 83 70 92 88 4 90 82 56 7 14 42 41 12 60 43 34 1 72 68 89 15 59 92 60 69 96 73 28 62 74 28 48 45 45 36 73 34 99 9 82 1 11 11 77 49 12 64 61 83 29 2 50 62 95 93 46 19 99 15 36 30 53 25 82 64 56 46 91 27 52 26 83 9 17 12 35 25 91 2 7 67 81 20 52 70 41 43 51 75 39 7 61 70 20 94 52 86 53 92 33 
30 68 67 20 57 22 70 93 42 20 67 14 72 50 94 62 88 55 61 94 41 1 98 44 22 73 28 92 80 51 41 96 17 13 59 78 43 54 7 93 5 13 80 59 72 68 99 96 81 76 28 23 5 94 59 5 4 12 76 40 70 87 32 65 44 18 91 96 68 96 13 17 12 27 66 61 33 63 59 74 43 94 46 61 69 56 48 22 60 3 34 8 15 94 11 66 96 39 66 28 26 59 59 67 93 37 46 49 97 96 41 97 87 28 36 57 96 52 73 95 44 48 55 50 13 94 62 3 64 66 27 1 66 40 52 25 19 92 19 99 89 8 79 56 86 80 5 81 0 60 89 33 56 61 84 10 48 81 63 40 66 25 53 27 81 54 28 43 36 64 23 47 65 31 10 95 22 98 71 20 7 39 39 42 12 49 45 72 41 70 27 77 45 79 21 35 66 27 50 65 18 45 58 33 27 53 38 28 60 52 91 15 82 21 16 43 58 32 50 16 25 31 67 47 99 18 41 19 62 85 40 73 53 78 33 66 95 49 90 75 57 84 88 98 97 72 24 7 89 56 8 58 55 23 86 9 66 49 42 32 46 94 94 66 1 34 44 99 98 4 85 72 96 11 51 24 24 25 49 67 44 65 76 53 29 68 21 38 65 38 22 95 8 57 48 79 88 15 17 75 69 49 93 49 80 98 0 68 77 35 31 17 43 13 55 0 60 71 26 23 51 88 39 70 14 74 69 96 50 39 96 32 12 21 96 94 31 8 73 50 67 73 83 82 18 18 87 17 89 18 14 85 57 79 25 5 69 48 79 28 78 57 80 51 84 1 90 59 86 4 6 28 65 10 19 98 9 94 68 4 89 82 47 23 11 49 36 32 17 33 58 62 86 83 79 76 95 93 11 96 76 87 41 29 96 63 82 4 71 80 23 5 34 7 22 1 67 83 10 32 42 76 67 5 53 60 2 32 35 56 47 52 3 58 1 49 64 36 90 54 3 79 12 37 44 83 64 86 75 14 73 1 99 43 34 23 33 85 81 44 52 57 69 32 17 0 23 71 84 36 75 66 26 44 65 27 46 39 21 65 19 24 20 32 46 96 38 88 0 34 43 98 93 16 23 44 20 15 95 70 
89 24 40 77 93 34 73 13 54 90 79 55 8 44 5 7 47 84 58 52 16 72 47 84 75 48 33 3 75 24 59 6 16 53 77 14 89 30 66 9 6 5 94 58 75 76 63 43 11 77 38 52 92 5 96 85 96 8 72 95 9 48 33 41 9 8 75 43 3 23 84 87 84 86 46 28 77 8 35 94 93 40 87 85 93 29 82 86 69 13 41 27 70 61 69 42 80 98 38 82 1 67 98 44 28 55 32 94 85 50 96 95 74 12 52 78 56 39 60 76 90 47 9 21 21 99 98 46 92 67 17 2 98 63 9 7 46 13 15 24 89 47 66 58 78 36 2 22 57 79 72 88 48 47 42 60 97 48 16 18 61 82 83 50 74 21 41 24 2 64 51 19 64 97 65 95 89 62 2 34 42 2 91 82 35 91 50 92 83 24 94 29 93 4 37 82 27 74 81 81 89 30 29 78 20 84 44 65 81 52 89 63 49 19 3 41 82 85 65 82 10 53 99 64 76 67 75 26 10 90 97 99 60 21 1 43 41 95 59 48 13 80 5 28 89 41 94 38 32 37 60 65 33 80 19 70 52 85 45 10 59 14 90 15 12 6 99 12 3 77 20 77 79 50 85 92 30 55 6 40 39 11 18 43 46 75 84 34 28 54 20 45 49 6 66 3 54 22 37 8 66 58 56 32 8 62 16 30 45 47 90 26 98 41 78 49 83 89 39 90 66 75 29 79 62 25 48 0 53 97 17 75 87 36 63 3 30 40 78 6 15 73 38 22 30 81 2 98 23 27 61 44 54 39 17 76 56 30 91 97 81 82 92 33 58 1 8 17 75 78 25 32 60 76 70 58 60 75 88 33 12 5 5 19 29 62 14 99 87 56 1 3 80 83 80 95 6 13 81 51 32 87 42 33 47 51 34 32 27 14 96 31 35 0 74 24 30 70 78 44 56 39 55 73 36 62 82 25 86 55 36 39 59 27 0 9 46 8 2 33 18 80 48 49 24 41 31 87 72 69 53 72 51 0 81 66 41 50 59 77 95 6 24 97 21 84 55 16 27 91 72 25 58 83 4 40 17 90 40 86 39 3 20 14 60 10 22 20 32 67 2 92 85 88 84 55 77 76 78 12 
52 58 76 6 17 4 70 21 33 92 52 77 27 85 55 20 12 63 85 73 81 60 21 1 72 21 58 55 98 64 67 86 64 22 93 48 54 15 52 10 3 3 3 63 34 77 22 99 98 38 79 27 53 24 92 71 51 85 13 59 76 23 33 62 86 66 41 16 9 20 42 61 49 25 55 44 1 41 49 62 35 21 80 90 43 44 48 4 52 49 90 12 82 32 42 94 59 33 39 53 95 31 89 58 38 86 38 70 77 57 52 54 86 50 12 45 95 88 5 13 9 8 29 83 53 28 37 95 73 83 34 53 10 13 74 43 78 23 66 31 49 16 25 58 7 38 2 77 9 3 3 58 6 93 72 73 83 32 71 29 9 75 9 3 47 55 99 14 47 59 30 73 69 47 60 62 88 89 29 4 85 14 51 17 97 66 52 80 54 63 81 75 3 16 54 75 91 78 92 46 64 24 82 18 30 16 7 61 59 89 30 38 81 16 14 22 56 12 61 70 70 37 79 71 58 19 35 26 73 28 43 18 34 34 3 14 22 93 17 60 24 46 52 14 47 34 72 22 14 15 34 78 29 62 48 17 57 91 41 65 86 26 58 70 68 95 64 46 63 34 57 89 92 90 25 23 43 26 49 92 67 4 70 54 99 45 81 76 31 74 50 12 51 40 60 99 27 79 18 55 96 78 12 23 34 57 35 56 53 24 97 70 14 10 98 52 67 8 48 73 14 20 89 1 22 30 11 2 55 60 67 79 90 81 24 24 4 92 33 43 43 24 86 75 43 93 89 59 19 80 62 14 28 36 92 77 17 45 46 12 40 67 42 32 32 25 59 98 29 22 2 96 72 99 97 10 65 40 68 51 26 64 41 38 87 8 20 8 41 55 10 18 84 58 55 75 24 59 6 34 50 27 68 10 38 77 47 1 76 57 62 44 25 40 38 30 4 85 21 44 61 88 11 43 94 71 71 28 46 78 64 31 99 7 46 56 51 77 22 95 33 95 46 73 88 13 5 66 7 79 45 5 16 55 55 68 40 1 31 39 17 10 21 28 29 69 99 73 48 9 56 19 45 7 31 18 66 72 18 44 14 38 25 53 50 11 46 48 92 54 60 1 1 15 70 67 92 77 81 96 
26 71 74 34 61 58 88 83 15 9 91 78 1 28 13 78 19 83 9 34 23 62 31 23 5 67 82 45 57 45 48 92 30 78 90 77 56 19 80 99 61 83 46 45 47 92 81 38 45 47 1 99 99 59 62 75 15 52 34 82 50 38 68 92 34 81 49 73 88 43 77 60 60 22 10 29 35 26 79 98 98 42 71 77 49 25 5 22 36 7 61 6 23 37 4 48 98 22 43 55 13 73 43 90 9 72 61 19 10 27 32 14 41 73 37 39 23 97 83 21 2 66 64 69 51 55 8 73 85 50 17 70 93 49 37 69 83 60 59 85 8 67 9 96 80 4 50 5 72 45 51 34 69 42 3 19 23 30 49 30 79 50 80 46 87 52 94 70 40 6 4 20 0 9 55 93 26 61 42 68 27 23 51 75 60 37 66 50 36 93 28 57 32 21 98 84 79 80 87 39 36 5 47 4 7 99 18 90 26 66 25 29 95 78 65 27 56 82 87 93 33 33 65 83 54 95 34 25 54 5 41 84 25 49 26 8 20 11 77 34 32 41 38 41 83 23 45 5 77 67 89 19 25 35 86 28 38 37 57 57 31 43 92 2 21 35 32 33 74 29 32 60 65 7 91 95 60 28 97 52 76 80 3 4 86 40 36 64 70 42 20 71 95 27 76 99 10 80 27 72 70 92 89 93 3 2 40 95 58 77 39 64 74 37 75 50 52 65 43 21 41 57 14 87 82 4 35 11 50 22 57 25 59 93 9 80 51 21 50 62 65 54 90 18 92 94 52 36 5 7 84 3 69 45 98 90 63 25 38 41 93 54 53 16 91 29 2 41 96 64 96 51 70 99 58 37 54 58 56 24 73 81 53 98 80 26 25 91 40 77 28 77 12 7 93 74 89 85 54 55 82 22 40 71 37 47 60 62 36 74 68 91 57 67 53 94 72 76 79 87 40 0 73 28 84 48 42 97 11 2 35 79 86 62 20 75 53 16 48 72 96 6 43 19 49 56 5 41 86 44 39 52 52 83 59 86 20 20 98 16 0 71 12 7 58 68 59 79 54 24 72 11 58 10 55 85 35 91 56 43 90 51 29 46 92 87 22 91 61 53 75 13 62 80 63 90 2 53 84 0 
9 38 33 73 6 67 15 74 50 5 66 98 65 29 21 35 95 15 19 6 61 18 26 5 54 70 56 79 62 12 0 13 79 50 5 15 3 51 86 30 84 95 35 38 79 3 59 63 1 21 70 44 57 17 94 15 49 67 86 30 93 13 79 17 47 60 79 81 48 24 82 23 0 21 63 40 86 31 92 63 22 60 94 74 23 93 70 91 0 77 64 7 9 88 84 85 81 10 35 4 88 21 96 76 35 57 35 91 72 2 9 23 18 72 52 25 71 78 62 31 46 24 89 98 6 92 84 95 15 23 50 12 58 94 30 81 75 19 4 41 37 67 56 24 24 21 36 99 21 15 30 67 52 28 3 32 67 7 48 93 52 77 74 90 55 50 45 98 61 26 90 98 78 69 90 82 96 60 83 34 50 91 83 3 64 20 39 98 82 34 40 91 70 73 60 64 66 61 27 62 81 96 20 84 61 6 65 46 79 1 97 49 44 79 28 19 31 26 18 10 97 4 37 35 86 84 41 55 36 37 8 98 52 69 69 35 67 20 67 65 6 34 85 89 4 55 60 7 1 72 5 94 20 82 13 37 96 31 31 14 53 43 39 67 87 85 54 46 95 32 0 74 52 63 45 27 19 65 44 73 22 99 33 89 19 63 35 89 93 49 14 80 89 22 39 61 82 76 95 55 75 30 98 59 1 75 91 53 97 23 26 8 56 98 73 35 84 97 80 83 23 81 49 45 44 10 56 89 75 47 4 58 0 30 73 92 85 42 61 86 1 17 31 59 25 70 24 99 21 5 73 48 95 89 8 52 33 5 13 79 95 42 12 28 12 53 61 74 83 11 36 6 82 94 89 79 74 21 89 74 44 7 25 22 56 2 31 20 92 10 56 25 58 62 22 39 5 13 22 80 3 71 80 57 1 65 77 43 16 67 72 93 33 80 69 58 91 48 97 77 61 51 61 83 21 82 35 67 19 4 88 95 32 3 1 54 89 4 75 22 38 18 51 14 1 73 72 84 13 28 16 91 68 71 60 2 7 63 90 79 70 86 79 75 79 50 29 43 27 99 61 42 36 41 8 80 46 95 62 27 35 72 56 4 87 15 23 80 70 13 98 8 19 78 42 7 71 52 27 46 
37 17 95 91 32 56 83 4 99 47 10 6 20 60 77 26 2 23 70 11 96 20 52 58 8 48 66 41 96 92 6 90 75 97 23 65 39 57 33 83 83 80 38 93 83 46 93 41 91 3 47 33 88 23 0 94 86 19 95 28 38 75 10 27 66 21 84 72 75 65 8 83 72 79 40 30 97 68 54 67 75 60 59 40 30 87 4 29 99 14 77 67 89 13 94 55 21 77 36 59 41 58 52 57 94 9 13 25 52 96 97 23 96 1 23 36 45 32 45 63 6 7 28 5 71 1 19 93 39 69 17 94 82 62 67 24 64 96 29 79 63 67 38 30 0 54 40 22 9 69 97 15 21 88 40 45 54 89 43 64 68 91 54 98 15 21 52 93 36 43 68 56 59 72 30 28 9 96 25 0 69 74 2 30 90 42 66 42 43 11 31 79 98 88 69 53 51 82 15 97 12 35 56 17 13 97 17 48 7 2 14 3 2 35 88 9 85 21 97 53 82 22 12 15 5 32 45 27 42 32 12 39 69 84 95 15 20 62 35 80 4 96 17 0 27 49 35 97 31 3 74 72 51 69 19 89 97 81 2 8 35 19 22 77 9 73 20 46 76 95 12 27 66 87 50 46 56 67 16 80 23 56 97 32 36 6 4 1 26 48 84 77 35 40 33 36 0 16 69 21 18 6 68 51 87 88 5 30 65 11 90 13 12 51 35 86 21 80 73 8 60 71 64 35 64 27 47 29 44 26 89 44 36 27 8 6 5 21 38 42 66 69 18 63 72 56 0 2 61 76 95 83 6 79 23 82 53 85 82 93 18 11 72 90 79 34 97 86 30 15 0 19 89 80 36 99 24 75 20 80 42 62 4 69 92 39 68 18 74 75 24 82 44 45 89 53 57 73 44 37 6 58 14 4 0 88 49 99 26 23 53 44 27 49 47 24 67 85 92 65 95 0 4 36 47 21 61 50 54 39 1 35 72 40 50 58 78 67 64 6 11 32 27 12 56 17 73 73 0 50 79 7 75 87 1 15 57 8 21 33 25 38 36 26 38 3 27 14 53 2 91 61 72 46 63 87 22 48 76 34 2 94 55 74 2 94 73 24 46 39 17 38 7 35 53 54 37 11 35 67 
3 24 63 12 86 49 27 97 25 6 0 75 4 12 54 35 21 93 17 14 52 48 49 58 5 79 87 38 78 18 67 16 24 18 17 45 21 0 25 29 71 52 48 24 30 92 14 27 42 44 2 77 13 51 24 13 20 27 49 42 80 61 2 86 51 53 35 71 29 19 80 40 36 8 15 74 77 63 71 32 29 60 96 67 63 78 50 34 69 1 32 21 23 6 11 53 52 56 34 63 60 96 38 15 98 95 49 59 35 18 14 39 60 47 78 84 80 43 58 93 21 68 73 22 33 78 79 26 54 36 86 8 59 48 43 34 68 30 44 70 58 46 85 69 38 66 32 80 99 4 74 35 55 77 85 47 94 22 24 47 43 76 29 63 90 78 35 77 76 25 42 34 32 25 89 27 35 81 65 65 41 50 44 91 8 23 99 77 33 52 72 77 3 46 26 63 79 22 62 0 78 76 28 95 7 88 71 68 60 13 15 28 42 81 36 98 97 12 35 91 2 0 2 45 16 51 72 51 64 96 26 36 70 24 94 15 71 16 80 50 93 5 36 67 87 90 54 34 91 33 16 7 45 40 62 33 74 65 88 43 59 66 7 77 60 7 57 74 40 53 18 92 51 56 8 36 65 14 5 63 92 82 3 95 41 58 42 44 31 75 83 91 92 20 39 85 48 24 66 22 50 31 40 75 84 86 81 4 18 49 49 99 70 40 28 66 88 96 90 11 75 12 64 82 62 25 91 73 36 47 62 50 33 71 72 75 88 96 94 91 29 4 11 23 61 0 51 51 53 49 11 67 31 89 80 49 84 9 80 48 76 81 93 23 44 42 63 81 2 19 3 9 89 94 17 44 74 36 70 92 27 30 21 79 91 3 37 37 25 21 98 74 30 94 77 81 33 88 0 38 79 73 3 98 93 52 19 29 98 42 50 46 37 20 70 63 43 76 51 3 65 59 88 18 27 57 32 57 89 81 17 77 97 97 54 84 48 63 50 64 5 98 29 35 9 85 54 71 38 18 50 92 41 54 85 31 19 44 94 93 76 42 32 91 96 12 59 67 57 38 23 64 72 88 20 17 9 98 87 28 27 97 39 2 78 77 58 37 65 25 75 70 11 25 14 21 32 96 12 69 
25 24 21 78 10 55 11 16 72 40 35 65 29 86 31 34 7 36 69 82 86 17 12 74 5 80 44 92 8 32 74 12 99 23 3 86 19 86 81 25 42 0 38 90 14 6 41 73 41 42 97 14 44 10 72 15 1 49 59 10 88 2 1 39 8 28 46 4 41 53 67 49 80 83 50 64 79 19 77 23 58 68 82 63 62 64 40 67 70 16 9 87 96 17 9 19 52 61 35 17 8 32 8 56 80 42 31 36 32 87 87 73 89 30 68 23 37 13 2 33 62 22 74 82 3 9 40 38 30 65 69 12 90 25 39 84 5 46 3 16 61 56 8 99 46 48 42 79 69 35 84 6 60 52 74 2 20 17 24 7 60 47 72 79 36 43 74 4 42 89 76 34 96 30 73 3 73 35 44 21 7 14 49 14 58 0 74 52 45 21 1 48 94 32 8 72 63 32 31 23 45 89 9 65 4 53 90 66 70 56 50 8 59 40 77 80 96 28 53 46 77 37 98 68 48 10 91 74 8 98 23 80 96 10 48 2 27 96 60 50 32 45 49 55 92 93 77 10 74 45 18 66 9 39 69 38 34 75 66 65 25 89 55 76 51 81 88 57 33 51 20 14 49 17 29 72 38 18 23 90 12 86 29 81 66 64 11 90 78 95 3 23 32 77 8 64 52 20 6 75 90 64 8 18 24 7 65 54 32 59 49 12 93 16 48 37 71 70 64 28 54 82 46 82 75 11 79 19 3 32 26 9 7 33 65 36 64 87 89 64 38 13 52 1 3 96 68 73 17 89 88 18 67 34 84 32 94 92 92 9 24 69 96 66 83 80 51 41 88 36 33 15 62 56 42 33 40 35 36 50 93 81 88 38 14 94 60 20 89 57 42 98 24 63 10 68 56 65 59 6 63 51 56 33 87 27 58 69 23 88 0 18 38 62 26 15 15 62 79 4 80 83 68 82 12 31 95 76 68 67 68 16 0 27 56 93 29 70 57 68 90 17 29 11 40 76 74 84 95 74 61 88 53 46 43 8 95 69 97 12 2 73 11 19 25 37 10 16 33 79 14 36 98 79 25 52 75 19 90 4 83 79 45 13 57 72 2 65 18 33 40 58 67 70 25 56 39 51 2 54 
41 17 95 96 40 34 33 86 50 36 23 49 43 84 38 1 8 9 72 96 98 52 71 59 46 69 89 66 76 78 99 79 35 17 20 15 69 9 50 52 95 88 87 82 30 33 47 48 17 60 46 5 5 84 52 60 75 84 43 2 26 19 10 8 85 3 40 91 40 72 31 38 30 33 14 75 28 7 90 54 6 65 23 91 8 32 43 15 58 68 13 50 22 23 0 20 51 86 51 62 56 32 47 70 59 16 9 89 60 67 9 66 50 5 55 74 87 70 16 64 23 59 52 60 97 99 3 99 72 49 22 31 26 95 17 28 80 15 16 65 7 78 20 25 73 92 71 7 70 39 64 63 88 64 27 88 13 51 46 71 59 53 88 76 25 92 52 9 17 62 49 71 31 81 36 83 44 54 25 58 93 62 54 36 82 4 6 76 27 43 11 84 46 27 64 65 88 80 18 59 7 13 88 97 56 95 27 20 7 76 19 67 93 1 85 45 45 78 23 37 43 16 71 30 64 27 89 15 10 96 36 21 62 58 48 43 8 2 70 15 20 43 52 64 2 30 20 73 77 76 41 43 61 56 96 37 29 27 91 88 89 78 61 41 38 26 13 61 9 8 75 90 96 60 21 18 59 80 2 22 72 14 65 28 62 63 31 11 96 12 37 16 70 17 32 0 3 68 50 89 87 86 89 7 48 67 11 7 74 59 4 10 22 5 82 59 4 0 20 86 25 51 3 73 6 8 54 45 13 53 51 26 32 12 95 63 78 68 90 47 65 76 74 0 32 84 64 72 17 11 73 28 53 49 55 98 52 25 61 93 30 7 66 85 63 16 76 26 53 87 98 84 86 67 88 67 72 49 43 49 14 80 23 79 95 86 33 76 46 6 17 59 83 2 15 10 96 73 4 24 95 35 98 87 52 86 50 7 30 0 3 67 94 89 45 47 41 30 80 26 12 24 34 20 70 0 51 64 94 4 80 11 81 59 48 51 33 24 84 3 39 68 74 58 29 10 86 19 92 81 40 59 5 62 77 65 13 51 67 27 66 61 93 17 65 48 16 34 1 61 81 85 10 32 39 2 23 79 20 91 40 9 74 76 33 52 32 22 28 21 18 11 74 5 15 40 30 8 32 84 
54 85 93 96 68 8 70 97 0 24 2 78 3 70 24 68 66 34 56 25 12 11 13 83 3 7 75 41 43 93 33 9 98 46 63 90 18 52 3 13 28 22 12 36 19 29 38 85 94 11 18 17 91 47 65 63 70 19 29 26 85 31 15 97 89 77 42 28 85 75 96 94 85 46 76 47 95 18 33 3 60 96 95 87 44 24 98 16 96 60 63 84 5 7 95 14 10 85 52 62 27 50 88 44 99 63 83 82 34 91 43 48 0 45 78 91 21 25 76 13 50 33 78 22 21 65 96 82 18 24 36 59 67 56 42 38 65 33 22 83 20 47 90 32 37 35 39 7 19 64 28 64 19 84 37 84 54 99 37 0 32 92 33 53 44 94 34 93 63 67 96 51 41 76 57 66 12 34 59 88 14 58 50 47 15 94 18 35 9 62 75 63 56 0 85 48 91 65 78 80 69 41 49 18 41 40 91 24 15 82 90 34 87 16 79 86 57 36 41 27 74 83 5 89 11 52 46 83 20 92 35 12 17 1 37 22 31 55 84 84 32 2 64 38 16 59 57 83 74 68 49 70 1 18 93 81 22 43 74 34 17 50 35 59 62 79 31 26 81 78 12 40 73 21 64 37 85 96 71 77 32 83 79 29 55 2 48 51 94 78 77 65 32 47 63 22 76 11 67 8 97 92 51 71 88 21 56 36 59 63 24 63 30 25 84 16 50 68 88 97 18 13 89 3 35 36 82 20 55 71 81 9 84 27 51 43 60 72 97 29 64 88 63 5 27 15 34 18 10 23 61 25 2 33 21 17 60 73 9 26 38 83 29 10 54 31 61 98 15 22 73 73 35 3 91 47 16 38 6 93 29 52 16 56 75 21 62 19 96 91 76 37 69 42 16 75 10 50 31 30 29 47 83 45 0 60 44 44 84 4 71 57 32 90 62 6 5 71 11 3 35 72 83 51 50 95 43 36 56 75 39 42 0 95 86 34 97 40 30 51 15 30 95 24 60 11 33 69 77 7 79 87 20 46 20 98 15 48 66 38 27 57 82 78 15 94 68 32 30 65 25 31 94 21 85 31 46 61 29 28 83 20 10 80 37 47 33 90 26 25 81 26 85 26 88 76 51 35 94 8 
11 68 21 43 95 38 54 27 89 90 40 13 57 2 16 7 19 76 75 38 90 20 28 58 47 51 0 44 67 57 84 74 44 54 79 18 17 95 71 50 57 64 1 62 8 31 3 92 84 34 85 79 50 51 79 50 96 27 92 28 6 42 50 53 53 65 65 38 76 57 43 97 25 48 7 72 24 98 69 67 46 14 85 72 36 21 8 58 62 50 96 56 55 74 77 49 46 50 70 12 18 6 72 69 83 21 16 50 47 69 41 19 92 50 57 13 14 86 46 99 50 86 91 16 8 66 70 16 92 99 11 6 66 98 7 66 41 5 5 71 25 94 89 8 18 5 49 46 58 17 19 2 83 8 94 9 58 49 75 3 7 80 56 94 54 52 46 4 90 65 48 4 99 20 32 11 45 85 77 65 13 96 97 16 91 81 29 25 81 44 4 94 38 71 41 10 64 24 19 17 2 88 6 4 6 40 99 97 20 22 72 3 88 29 76 20 60 62 65 54 40 34 74 21 68 36 22 32 11 47 79 34 57 19 10 62 82 87 88 87 79 93 16 54 16 83 46 64 27 99 97 70 2 81 7 95 26 17 80 50 31 34 11 12 68 70 21 3 17 40 98 98 26 59 58 57 50 11 39 40 49 47 71 39 35 32 89 64 35 56 8 14 62 9 82 18 6 26 82 15 18 17 31 68 14 21 26 69 14 84 9 28 62 50 92 48 5 39 12 45 83 30 32 4 51 44 77 7 88 61 82 79 97 68 24 21 88 26 83 32 51 53 1 89 80 47 39 49 99 84 98 62 92 32 81 58 47 9 43 79 57 51 92 48 92 52 77 68 65 9 24 11 16 42 6 30 3 42 83 91 5 19 41 92 99 93 89 31 85 48 26 59 44 16 76 54 54 96 88 27 20 2 89 6 44 81 60 79 63 22 9 42 67 11 8 84 39 88 99 16 32 62 45 52 26 2 64 30 79 7 78 18 97 23 21 0 53 71 56 15 41 0 36 48 44 50 50 28 48 42 27 50 17 66 38 25 35 20 20 36 13 32 27 46 5 85 55 86 78 29 34 25 23 43 83 51 68 28 2 42 67 20 8 6 94 14 57 47 87 27 24 44 56 26 82 8 20 0 76 8 
28 82 81 3 81 38 18 36 44 87 2 43 19 41 9 72 15 68 15 75 40 97 96 59 48 94 48 37 89 97 34 12 51 98 42 54 65 17 81 22 37 68 48 15 73 56 60 10 2 56 30 87 60 67 38 71 95 10 75 36 12 84 66 97 77 64 42 52 41 52 30 23 72 3 34 49 14 45 16 87 81 9 12 57 95 85 88 90 46 34 88 7 80 13 71 73 73 86 69 19 42 60 75 43 44 86 86 6 63 70 95 60 38 63 43 35 88 72 12 83 31 69 61 55 24 4 47 58 28 1 7 53 25 46 12 84 45 72 92 87 68 70 23 2 55 77 3 82 25 69 46 26 1 5 60 31 21 77 62 8 73 39 16 65 45 52 78 93 55 51 6 39 86 33 57 36 9 1 17 77 28 36 59 37 9 15 2 91 27 52 16 62 39 33 34 93 67 28 34 63 98 49 86 63 87 43 74 76 52 93 21 22 61 51 75 95 68 47 30 80 24 38 66 16 50 70 53 33 96 89 70 89 84 46 9 19 62 98 11 19 96 63 56 55 72 98 9 90 67 65 29 59 89 11 19 68 12 69 0 94 20 72 66 48 2 19 55 32 65 66 18 53 86 25 0 45 32 7 86 49 96 89 83 96 12 54 69 49 7 52 25 72 76 86 66 63 14 17 40 83 68 51 82 38 1 83 49 48 10 38 12 45 74 34 23 42 12 28 76 16 42 19 98 27 51 36 51 42 7 20 3 75 29 40 11 65 87 47 50 4 22 94 86 68 29 27 73 74 92 34 1 32 64 24 57 29 97 14 43 73 79 95 46 12 17 8 65 90 99 1 75 49 25 39 58 63 8 20 33 96 28 83 13 23 11 53 81 99 82 49 96 27 81 90 61 36 7 1 57 96 14 42 11 67 62 20 71 65 35 92 81 86 63 49 1 28 66 75 20 96 55 97 19 74 86 77 27 19 97 40 68 6 7 81 9 23 77 32 8 77 7 12 46 0 99 66 7 25 59 23 3 34 78 78 67 38 41 90 40 26 42 36 12 90 1 80 28 46 15 76 62 67 54 43 40 76 11 12 20 50 93 19 16 81 33 2 54 26 45 94 9 58 36 70 26 85 16 71 68 58 
92 77 24 88 69 12 82 14 32 28 10 46 52 52 91 24 26 89 29 94 39 10 90 92 56 37 64 92 41 5 28 13 80 92 97 55 19 27 91 58 70 46 94 88 47 44 71 12 70 13 78 43 66 58 2 90 36 18 40 85 94 96 97 68 47 39 69 57 79 33 64 17 85 90 23 65 61 32 88 7 5 78 66 32 30 25 40 21 86 66 84 61 74 15 90 97 33 72 91 68 41 33 75 84 30 73 44 18 59 25 17 85 8 71 44 83 14 96 77 40 16 77 75 90 21 71 3 76 67 73 2 40 38 66 67 2 32 32 56 18 8 52 43 91 73 27 68 3 72 13 39 78 35 10 97 18 88 64 3 85 17 63 55 60 1 12 30 44 34 64 95 20 34 57 11 41 10 77 48 0 78 26 2 37 9 82 92 57 87 2 96 45 33 45 40 5 15 41 95 1 87 28 67 60 21 16 9 65 29 93 7 17 98 28 24 28 90 71 62 80 9 45 58 99 26 84 46 41 85 63 37 0 59 5 71 90 70 2 29 66 51 42 1 66 49 48 70 24 0 16 36 63 7 79 85 49 78 58 73 97 6 54 78 22 53 72 37 51 87 85 56 44 60 30 55 48 97 7 8 3 16 66 18 1 29 30 27 63 26 24 94 77 93 55 89 89 53 93 19 11 72 43 5 29 76 41 48 63 45 91 2 25 25 92 41 58 13 25 46 33 98 62 68 95 1 74 80 68 6 64 41 35 1 21 63 41 89 55 68 39 20 78 53 95 60 65 35 58 23 55 98 31 47 64 17 12 24 73 71 18 92 3 33 52 6 19 1 17 23 35 37 63 42 18 60 76 5 48 67 59 43 23 71 13 29 82 95 1 68 97 19 36 44 92 31 20 61 20 43 22 33 42 98 96 46 17 24 23 8 87 16 81 34 46 51 84 49 10 8 49 1 40 1 60 98 10 95 54 21 81 96 81 92 56 90 85 65 94 96 20 30 19 85 76 25 83 31 22 0 65 20 20 92 26 72 35 68 74 32 65 44 73 77 13 97 18 69 11 70 83 54 37 59 64 62 9 16 70 66 19 97 25 35 94 21 35 20 61 80 53 82 20 72 53 96 61 29 19 22 6 
53 53 46 83 54 21 5 13 99 52 65 87 49 31 57 8 56 12 18 75 39 41 62 73 39 95 46 51 77 24 77 20 71 45 44 86 60 55 36 86 66 90 71 64 33 62 14 34 21 95 32 35 42 63 83 61 25 62 58 10 99 47 70 26 56 19 19 77 14 59 51 48 17 88 49 21 63 85 99 20 38 72 24 95 91 63 73 58 19 16 71 35 61 79 60 53 61 25 25 53 80 32 45 37 29 98 35 77 13 41 50 38 47 41 40 95 85 16 78 48 54 30 12 10 13 20 13 31 74 87 14 65 39 9 1 38 41 22 2 82 94 53 46 44 50 45 46 60 85 28 95 13 87 76 57 3 48 73 14 34 41 75 2 5 90 59 18 5 69 28 48 57 15 96 5 58 68 12 3 98 71 57 39 10 13 81 67 21 30 20 76 88 19 60 84 52 4 30 99 42 48 34 2 71 12 71 94 48 69 6 56 22 31 81 65 62 34 56 71 68 81 56 78 32 99 50 59 38 35 63 39 67 27 31 70 28 79 94 18 47 69 63 17 73 18 32 15 49 77 10 72 51 54 13 36 17 96 1 86 60 14 53 76 73 81 12 48 31 18 82 58 77 39 98 75 85 55 78 37 12 52 8 1 96 17 80 15 57 35 75 85 71 86 16 19 97 37 45 16 18 9 55 26 88 25 81 32 9 40 76 83 13 90 19 16 11 97 47 13 74 14 80 79 15 60 52 58 75 39 94 22 46 20 71 62 39 88 20 29 61 64 78 20 71 42 24 48 13 82 53 16 34 54 79 92 43 21 61 19 19 34 24 17 74 98 36 21 71 18 25 46 64 54 26 90 61 12 95 2 21 7 40 15 43 8 27 27 23 87 89 58 31 99 11 36 44 78 16 50 41 18 5 61 28 60 8 26 19 63 70 22 35 81 31 14 44 37 94 38 82 36 66 71 86 91 4 85 90 76 2 84 17 72 26 0 23 2 42 71 47 22 48 22 62 0 51 57 31 65 32 51 18 20 55 63 10 35 26 25 19 52 94 44 1 88 79 84 71 66 89 50 50 30 88 55 17 51 23 40 56 75 20 13 22 2 33 9 40 25 2 88 88 31 1 42 2 55 99 69 8 
19 22 85 23 58 94 3 27 25 22 54 3 94 29 11 96 99 25 45 26 92 98 6 38 72 49 44 70 79 8 0 10 28 59 77 77 60 11 66 23 45 8 93 96 18 65 72 26 75 36 45 25 16 7 74 81 78 23 85 99 39 10 45 68 52 39 80 17 50 21 26 13 38 73 70 32 16 61 31 6 36 7 71 89 57 26 27 93 68 85 45 27 84 62 88 13 21 91 63 12 94 24 98 61 43 84 15 8 1 13 13 58 50 68 4 30 93 96 19 34 4 63 23 77 38 13 36 96 37 29 61 36 31 96 12 47 73 37 2 68 55 57 83 22 97 44 57 97 98 63 41 70 85 50 86 69 30 14 91 25 42 22 71 50 79 64 18 11 44 86 13 85 51 29 43 0 18 79 37 20 35 36 38 89 26 22 23 24 74 66 53 70 60 44 12 67 75 86 31 34 77 48 52 63 23 92 0 8 16 86 47 60 84 66 44 98 28 96 85 79 3 97 9 20 57 7 50 21 62 9 61 32 72 52 32 32 54 35 54 34 45 85 10 43 70 4 57 71 77 84 29 69 50 38 42 46 26 75 7 62 34 80 16 71 22 37 90 59 32 45 30 20 22 21 70 96 45 51 12 37 42 86 58 49 64 74 26 58 35 98 44 54 78 3 99 12 69 81 16 67 23 76 0 81 32 58 32 18 68 69 50 79 71 8 65 79 97 91 91 46 97 84 77 37 33 86 11 85 66 52 44 81 94 51 36 90 41 17 2 50 21 71 46 23 29 88 54 39 61 81 60 20 77 9 49 79 3 58 14 50 66 54 96 7 92 9 82 68 14 8 1 63 24 69 47 43 96 43 11 35 58 75 29 62 20 29 61 81 50 28 21 19 97 57 52 89 61 1 31 37 52 77 42 57 50 45 69 6 92 31 57 85 76 31 74 25 88 83 37 72 62 61 88 15 80 71 93 54 33 78 18 83 36 10 33 15 28 15 96 8 39 81 36 36 38 33 98 46 75 43 48 85 96 0 33 23 27 76 33 15 17 66 80 10 40 2 84 48 35 92 5 82 59 88 76 46 98 69 93 1 64 97 96 2 87 97 54 2 63 51 10 39 33 44 64 77 77 49 18 13 
16 48 84 83 43 51 25 32 49 66 55 32 68 22 19 30 97 92 74 22 43 33 17 63 73 78 68 87 0 71 52 20 82 30 16 63 93 97 36 23 38 4 51 83 21 42 91 91 22 34 40 10 87 61 65 77 86 36 17 98 55 60 5 28 14 92 91 35 96 33 81 11 54 95 93 63 21 44 76 36 40 7 52 79 79 92 94 73 48 17 98 77 3 60 17 10 53 97 9 16 76 39 44 64 82 71 11 4 54 41 49 28 22 71 30 73 62 77 17 62 44 79 18 78 53 98 69 98 43 24 67 5 32 80 7 48 42 93 0 82 99 53 62 40 40 29 5 40 26 39 92 52 2 38 89 97 21 3 84 94 54 6 26 72 26 58 20 40 72 67 46 56 94 30 52 20 16 12 54 11 15 84 0 73 59 28 67 24 63 50 68 29 5 44 38 20 74 67 67 85 96 57 29 99 24 88 18 52 91 93 13 0 21 6 17 34 92 93 44 38 20 42 28 6 46 25 24 95 92 94 58 20 10 7 61 73 84 41 51 2 80 85 91 25 7 79 50 29 28 81 81 62 80 17 8 9 36 10 69 25 71 72 15 17 53 69 84 36 82 95 19 4 76 98 26 87 34 9 81 19 90 47 68 70 82 69 11 27 56 2 82 53 27 57 36 11 27 90 14 47 25 76 52 72 48 77 34 95 91 31 54 42 17 8 56 29 68 39 55 84 43 6 41 76 40 25 58 30 39 68 57 5 70 16 7 95 73 23 82 4 54 71 99 90 87 36 84 61 71 73 2 67 12 35 55 48 62 53 26 29 49 9 35 12 60 65 86 83 91 98 70 67 77 57 25 37 60 23 22 88 15 43 79 29 64 48 53 23 74 88 68 56 29 6 22 67 7 70 92 44 40 64 25 13 43 5 66 54 40 26 22 58 8 43 14 44 38 67 23 0 55 82 5 24 92 61 76 92 3 92 13 36 70 74 79 9 61 17 97 93 69 84 1 56 47 77 89 47 21 25 17 97 85 15 46 23 85 58 68 20 71 6 72 39 7 37 93 42 4 72 25 53 16 51 13 7 78 70 51 60 33 45 45 50 89 23 37 53 71 59 84 44 63 38 61 42 80 96 52 58 
6 3 97 45 95 33 92 34 94 12 55 8 50 13 26 42 91 0 65 65 80 39 40 23 38 18 68 56 96 99 99 85 59 43 78 90 98 67 19 36 5 76 81 77 65 82 30 30 38 2 48 62 20 99 7 96 10 11 70 28 29 67 85 83 79 9 15 14 12 54 35 90 76 34 49 13 47 4 49 64 91 86 4 79 98 84 17 45 53 33 70 38 62 69 20 10 48 5 78 56 40 9 59 79 62 91 90 78 62 77 39 21 55 60 89 70 0 35 88 63 45 14 84 70 29 95 32 97 15 73 10 46 85 48 40 2 55 50 99 53 74 64 96 92 45 71 85 83 15 67 95 65 42 65 89 13 42 8 22 22 49 54 41 5 90 1 48 28 56 19 10 13 49 8 76 6 68 30 38 36 80 1 74 84 66 94 16 71 29 58 51 9 28 28 59 28 16 40 77 98 93 31 73 25 90 91 2 70 43 74 26 27 43 9 29 96 84 64 90 87 70 36 53 26 16 56 63 73 18 23 7 40 61 75 63 17 69 31 13 34 50 58 23 54 63 1 62 61 79 40 80 49 15 1 2 78 44 15 33 65 85 91 13 93 63 14 58 84 57 92 73 20 31 28 56 75 60 61 17 58 37 44 54 22 8 60 5 32 45 20 74 73 21 11 16 83 34 94 14 27 33 26 86 15 42 75 9 48 31 24 58 46 54 1 93 98 13 29 50 50 22 87 17 27 0 99 1 59 25 81 10 50 51 11 77 8 64 3 40 79 68 39 93 65 7 48 65 59 3 42 64 55 18 20 81 48 86 89 1 80 91 81 87 69 83 47 7 62 25 24 40 31 2 0 39 85 21 69 1 50 21 59 78 40 40 5 69 87 91 72 68 50 89 66 91 8 76 21 49 67 58 95 29 89 27 43 31 96 55 31 1 38 9 94 52 12 93 94 68 92 37 26 64 53 0 43 8 17 17 50 29 20 86 55 54 87 26 68 7 88 49 37 83 38 45 8 80 33 14 52 37 62 11 87 94 56 68 72 91 35 80 90 42 65 59 70 30 84 96 80 42 60 49 38 90 74 16 3 39 73 11 38 71 3 45 83 8 4 87 1 20 36 47 81 74 31 97 47 74 50 
18 66 19 62 49 28 48 18 79 32 18 57 81 92 74 94 21 57 76 51 69 32 86 62 90 11 55 85 49 79 12 26 27 14 16 98 48 18 41 91 66 67 3 43 31 61 6 91 85 61 18 25 15 77 40 60 84 26 62 28 18 9 92 14 66 70 90 75 23 56 32 54 24 21 78 13 12 92 31 58 37 59 70 75 26 54 75 10 65 43 53 89 67 96 97 45 41 47 26 0 69 66 19 9 51 49 48 35 71 50 99 39 19 82 54 68 8 78 33 63 14 39 90 14 18 94 57 66 73 19 22 1 55 71 36 61 8 28 49 71 19 30 14 70 43 95 14 76 21 88 52 90 46 79 82 25 51 65 46 17 2 73 10 41 52 12 40 0 8 18 60 0 9 35 22 74 92 77 11 89 49 71 15 42 94 99 57 43 9 59 38 95 89 95 72 19 49 91 7 28 19 87 67 67 9 94 99 16 92 57 32 32 65 26 42 66 8 25 87 72 38 34 84 99 55 21 45 80 60 91 4 20 75 56 78 90 74 30 71 60 99 30 77 74 74 32 68 73 36 35 19 69 31 53 21 85 26 61 72 69 97 76 29 14 77 80 80 39 8 5 25 13 98 58 37 1 19 70 78 4 11 87 29 16 84 88 87 14 89 27 48 53 20 0 23 35 45 33 98 47 22 36 40 92 1 9 87 8 12 0 95 46 67 20 66 57 60 23 73 52 94 67 22 91 47 89 56 24 63 50 50 74 42 9 41 45 90 59 27 57 53 80 5 10 9 97 97 91 26 89 24 6 83 62 23 6 5 63 93 72 26 23 20 41 28 19 93 48 83 8 90 16 8 13 46 0 35 88 67 98 83 44 78 12 80 81 96 37 28 83 36 95 65 92 65 77 73 30 88 89 84 34 30 35 7 77 39 43 13 39 97 3 81 50 44 39 67 45 55 2 82 61 52 3 93 30 90 45 6 30 52 37 77 35 1 90 64 42 33 54 74 78 6 86 58 19 61 58 39 9 90 99 32 97 85 32 43 58 87 99 82 41 96 42 8 10 23 98 54 83 92 82 16 30 6 48 25 45 72 3 16 59 8 24 0 21 92 83 70 63 32 24 45 86 66 19 7 24 37 97 
39 38 80 60 76 18 21 87 58 47 88 10 10 88 32 88 61 77 76 20 90 64 35 7 27 35 99 76 35 93 93 40 52 25 32 58 58 8 0 3 54 51 39 14 45 64 42 25 4 15 97 91 62 44 2 43 37 54 30 97 56 70 41 36 20 0 52 8 37 99 89 25 29 24 2 22 73 4 15 73 10 96 57 66 25 82 77 32 79 74 64 14 45 18 98 60 48 64 57 82 85 85 83 25 31 21 7 91 45 61 69 94 64 65 85 57 22 15 14 34 94 90 50 96 88 82 33 34 35 16 8 68 75 46 32 65 59 1 19 52 34 80 50 80 74 32 12 96 84 1 55 12 64 26 84 81 17 75 98 14 33 79 13 62 2 50 77 5 19 47 87 44 28 20 10 76 1 29 36 31 0 90 52 31 24 46 66 41 26 32 81 3 58 4 19 95 33 97 97 87 0 64 92 71 63 26 17 73 4 96 70 24 77 78 60 83 8 14 70 27 22 61 54 1 55 83 58 45 67 40 5 72 43 24 57 11 85 89 76 64 68 59 75 3 6 38 29 39 67 81 65 51 88 73 79 84 21 4 85 29 35 14 27 67 37 28 21 87 20 21 68 87 86 50 93 38 15 2 36 64 45 21 55 46 97 1 78 80 49 25 82 69 53 79 0 59 31 19 41 83 9 94 44 89 13 89 50 83 33 39 16 0 54 94 32 83 11 8 62 7 27 91 5 0 39 64 5 59 65 8 25 25 33 74 14 2 19 24 57 17 11 18 30 67 3 32 60 10 80 19 17 63 42 43 51 0 27 76 34 16 73 42 99 55 21 69 21 87 71 23 92 13 17 7 84 40 18 97 40 1 19 34 9 48 28 72 57 99 33 69 87 84 51 52 31 65 86 4 91 84 95 20 48 93 83 12 84 74 43 23 36 33 79 61 37 16 5 80 95 46 11 64 49 44 24 35 88 89 25 6 56 54 19 7 84 62 89 85 55 80 82 44 50 33 88 1 60 36 81 69 99 38 58 14 88 78 58 27 35 69 71 25 12 47 9 95 74 19 35 42 86 17 53 41 82 32 14 50 69 69 20 96 37 94 76 48 78 35 60 44 62 40 14 40 45 56 72 5 92 88 
9 69 9 54 56 6 44 48 0 48 90 73 13 40 59 54 45 6 80 41 44 75 60 12 47 19 7 51 71 48 55 80 80 13 15 5 33 59 76 36 44 78 82 47 62 65 95 10 15 77 26 78 41 26 24 48 62 0 78 55 99 24 32 85 23 43 3 23 10 92 1 39 99 50 72 64 51 58 62 26 22 16 33 79 26 84 60 84 20 75 1 77 11 83 59 56 93 99 66 3 24 40 25 24 96 50 92 22 13 15 73 45 62 40 47 68 67 95 39 17 70 60 31 95 96 87 20 96 50 82 11 9 62 68 45 0 65 88 62 59 45 60 8 27 66 60 97 79 37 79 31 97 1 42 69 62 93 83 10 70 6 56 93 9 79 2 80 30 35 61 9 36 79 22 8 22 58 66 54 38 36 82 77 27 35 85 99 76 73 28 2 16 92 28 87 77 14 94 60 64 90 77 81 10 43 86 30 33 54 35 44 61 12 19 31 92 39 91 72 12 63 30 99 38 29 55 92 64 55 57 44 77 14 57 46 86 40 53 42 12 40 75 39 65 64 46 39 44 13 22 25 78 39 53 16 38 90 25 16 33 8 44 16 43 61 61 79 0 19 89 49 85 79 32 92 54 84 7 75 1 80 61 60 81 57 36 52 29 45 99 90 88 43 15 81 6 53 27 92 45 86 1 85 50 53 54 82 48 83 4 33 0 51 83 25 46 88 55 89 2 63 70 1 79 53 61 60 98 32 61 31 98 46 90 74 49 31 45 14 83 51 40 46 64 54 79 79 50 52 13 90 46 54 37 48 36 98 88 46 80 2 74 45 54 30 55 33 77 70 77 51 93 7 86 15 4 69 57 91 26 8 97 3 0 6 1 50 18 74 0 23 43 35 49 90 94 27 20 46 50 95 47 34 58 75 30 4 90 73 90 77 34 50 13 0 69 92 65 38 17 38 42 71 88 70 72 87 43 39 60 92 31 57 42 96 34 20 86 86 58 19 22 24 29 85 53 48 47 1 55 73 55 83 44 87 68 71 9 73 92 24 53 52 39 48 95 87 20 50 58 70 69 42 34 43 43 39 38 94 62 84 96 57 39 39 0 96 36 28 37 30 66 53 88 12 19 44 82 46 90 
15 32 73 42 91 65 70 23 8 65 34 39 65 4 21 44 26 48 10 84 0 23 50 93 26 40 43 63 17 83 81 43 48 30 70 83 11 87 55 55 7 62 10 52 5 37 64 75 85 16 97 85 34 71 6 47 34 60 66 70 26 5 36 51 69 70 79 5 97 51 41 1 48 13 91 75 60 84 44 92 78 48 16 23 96 61 13 2 80 39 2 42 3 87 56 30 22 4 74 98 85 91 28 76 89 52 25 55 93 72 10 26 85 96 25 54 46 40 14 97 86 31 5 79 57 33 25 64 82 83 71 85 18 89 96 48 81 81 83 59 77 43 56 64 64 30 36 71 34 68 6 65 43 35 8 94 7 21 24 4 63 47 70 0 84 71 58 81 3 49 97 21 18 98 34 97 44 54 95 44 5 96 40 19 72 24 14 99 0 66 8 0 45 40 75 47 17 93 46 85 25 68 98 22 4 31 40 85 36 78 27 32 80 67 51 24 78 0 58 51 23 52 15 74 77 89 90 85 33 5 94 31 59 34 75 79 71 9 61 84 38 41 74 78 27 18 79 6 39 77 27 40 30 57 3 99 67 67 5 76 74 32 57 15 32 87 36 22 76 72 73 80 5 0 29 76 14 71 80 90 3 51 91 55 27 50 18 74 26 86 89 99 89 71 91 64 96 67 70 18 77 93 8 99 48 77 68 57 63 99 47 36 2 17 17 55 89 98 43 62 5 83 17 90 63 78 44 94 37 74 60 3 59 16 98 6 11 28 12 46 33 51 40 77 30 73 41 30 6 37 58 68 80 40 38 44 84 51 8 77 13 95 99 6 97 73 8 2 34 92 54 86 63 69 78 60 14 65 84 74 99 38 95 97 23 74 99 53 96 94 35 89 73 6 40 42 51 38 62 16 15 72 43 70 38 15 2 42 8 22 7 96 95 73 32 18 4 78 79 97 90 18 52 18 41 84 16 66 82 83 7 50 93 47 18 11 58 80 73 36 76 89 35 10 13 37 27 57 69 18 40 52 12 96 8 47 52 25 33 84 77 17 82 25 47 0 98 91 47 83 8 20 44 85 87 5 1 16 37 73 70 94 74 25 76 55 5 34 67 91 33 43 37 4 71 52 59 21 47 52 
95 91 47 50 65 76 45 77 88 54 10 35 16 75 80 83 45 55 55 97 82 95 60 22 65 71 77 17 13 52 87 30 73 67 2 94 75 18 53 17 46 45 81 15 45 3 82 23 39 83 79 80 4 95 59 57 26 68 10 66 77 87 89 15 9 4 40 75 34 47 38 2 3 74 81 76 76 85 75 40 93 84 41 90 62 64 4 11 1 78 37 83 15 17 21 30 72 81 37 64 82 28 58 53 39 14 75 50 17 47 58 59 84 90 75 17 65 20 14 83 7 17 71 19 64 81 3 49 87 18 30 38 58 53 40 75 89 66 31 73 58 19 96 3 89 26 84 72 56 45 22 14 20 18 68 19 37 63 82 33 80 27 5 95 7 50 6 84 39 98 52 59 41 70 13 51 47 20 63 11 79 7 67 81 43 40 12 38 33 77 26 74 17 49 7 30 46 81 4 63 13 44 43 66 21 26 64 11 76 82 66 15 91 8 37 63 23 21 31 22 43 28 58 76 53 27 87 14 62 28 41 7 45 74 22 15 89 82 18 29 47 1 20 76 11 6 47 37 0 65 59 11 37 93 37 76 19 15 75 49 70 92 50 72 57 18 37 37 61 34 87 7 30 35 93 0 28 58 54 87 58 39 40 35 8 6 0 9 85 42 40 31 41 21 7 9 5 17 19 19 59 90 20 76 57 51 3 0 32 11 4 55 10 55 36 57 3 16 5 76 52 79 49 23 44 24 29 10 75 48 27 69 88 20 66 29 98 26 65 29 21 85 53 96 83 32 19 95 56 99 10 3 95 64 94 69 6 71 77 78 37 75 51 45 80 32 10 6 72 11 55 25 53 42 31 8 65 79 62 82 66 96 86 67 89 35 17 8 55 30 92 87 11 25 67 81 42 63 99 9 58 83 70 87 70 54 43 46 35 3 26 50 98 29 3 46 96 59 27 45 48 18 11 82 55 7 64 17 44 25 59 23 8 31 95 91 80 35 42 54 11 3 40 71 71 64 14 15 37 38 58 14 49 37 72 43 90 40 97 85 91 77 67 8 2 33 50 23 83 14 12 65 14 48 50 95 61 46 36 57 88 23 44 6 67 17 98 29 3 74 63 14 40 57 90 76 28 93 1 17 
62 52 40 66 27 43 71 83 64 79 2 32 42 37 46 49 37 26 4 16 84 51 85 22 89 11 95 40 46 98 43 73 54 80 75 0 52 5 6 76 76 36 34 50 20 57 96 78 80 49 42 35 82 32 1 34 62 87 57 56 71 89 5 95 50 16 22 32 11 84 74 17 40 16 59 35 87 89 8 20 62 2 40 17 94 10 37 23 61 92 32 38 89 69 82 39 90 11 84 29 10 9 28 5 1 51 20 98 61 94 2 12 48 72 9 76 11 87 32 62 11 92 91 64 11 92 48 44 83 93 82 60 53 28 29 13 57 92 73 34 15 76 6 56 16 64 69 35 13 22 93 89 55 79 82 29 40 62 75 59 77 15 57 96 83 87 17 33 92 22 90 19 15 61 98 29 64 98 49 70 20 18 20 5 1 39 70 32 35 79 86 10 89 18 74 92 42 24 18 92 53 63 50 39 20 31 71 95 64 0 53 41 87 88 4 37 51 88 55 35 60 72 52 35 59 63 5 86 25 24 4 5 2 83 8 87 48 93 73 33 30 72 52 72 12 58 45 85 53 76 66 40 92 68 12 32 80 36 26 42 63 23 12 56 22 56 48 24 18 38 83 81 6 95 64 60 54 16 22 13 51 25 72 11 76 82 89 20 47 45 88 80 49 1 5 46 40 67 74 51 11 30 4 8 67 53 72 4 25 47 87 56 78 87 34 52 56 85 86 28 97 51 21 54 16 10 63 71 28 81 76 37 8 62 16 76 0 41 61 10 88 73 51 58 79 56 59 74 55 68 51 70 32 62 37 7 11 9 68 42 5 45 75 83 68 23 2 47 5 55 28 99 97 94 26 78 67 30 19 3 25 45 79 22 27 75 87 14 2 77 72 82 24 3 63 67 84 70 55 24 49 82 89 74 71 82 57 12 37 39 30 20 75 22 83 59 39 75 1 85 69 99 27 93 30 47 90 73 9 30 73 96 99 41 28 48 74 75 43 45 5 46 19 64 25 36 83 34 12 18 78 28 69 90 30 17 20 31 28 62 22 42 19 96 23 10 68 83 10 79 20 96 88 32 66 6 57 38 11 44 53 21 75 41 21 52 50 5 69 67 35 38 74 52 64 3 47 38 26 23 
92 45 49 0 65 45 29 13 57 8 54 7 21 99 76 2 70 47 64 42 57 23 80 53 5 84 70 17 33 63 46 13 36 97 66 93 18 62 64 73 15 25 55 51 47 31 39 63 59 88 54 32 42 67 67 19 35 73 17 96 0 47 4 94 91 69 97 86 75 40 59 47 65 58 12 8 51 85 70 14 14 47 22 53 68 47 9 34 76 70 70 2 55 95 27 48 5 81 15 38 37 2 32 99 47 30 57 89 88 34 43 94 26 81 88 62 32 68 35 7 52 10 83 30 4 40 74 85 96 65 67 66 81 57 64 50 11 89 92 95 54 63 96 15 1 77 32 48 75 37 55 30 65 25 51 79 28 84 50 80 28 81 71 0 75 44 10 34 96 72 19 73 82 60 38 37 67 47 6 31 57 50 12 17 82 12 19 40 28 54 22 86 63 54 50 2 89 26 3 53 87 91 36 82 97 69 82 98 97 58 78 16 40 87 74 15 85 46 55 60 9 50 23 11 29 42 46 60 80 95 50 7 68 84 59 64 20 90 86 2 69 26 68 43 19 51 4 42 61 61 91 39 19 94 92 9 31 35 73 90 31 26 39 71 51 5 15 79 65 25 79 4 46 41 52 15 98 95 4 79 31 92 18 17 42 65 0 66 86 85 56 38 81 68 46 38 95 60 59 22 33 24 35 50 65 56 0 87 42 99 95 96 9 88 52 83 6 70 51 7 49 34 71 95 87 96 98 89 48 50 95 61 36 3 62 78 20 64 53 67 58 4 96 98 79 14 32 11 64 21 79 21 21 57 69 15 15 36 44 11 16 49 75 82 7 3 59 6 3 47 5 12 8 48 97 70 51 94 31 65 6 30 57 85 71 75 66 44 87 55 73 29 14 57 52 90 48 95 50 91 18 99 5 79 96 62 74 10 97 76 37 13 63 39 12 87 46 55 79 89 11 35 14 90 62 53 63 33 71 1 43 84 19 46 13 56 49 37 65 82 23 6 77 58 7 6 50 98 70 10 1 42 50 32 40 50 73 0 72 49 22 27 45 13 9 48 1 64 8 54 90 27 94 13 93 84 82 32 49 88 82 85 57 39 73 68 37 36 2 30 89 53 31 28 34 74 82 81 49 33 
0 52 88 40 27 60 12 8 44 92 65 76 34 70 68 67 28 69 95 60 96 95 6 23 97 66 30 93 33 29 8 78 67 96 25 17 14 69 77 39 76 16 19 50 95 10 47 93 53 31 26 96 32 98 57 87 51 56 27 63 11 81 3 99 29 58 59 25 74 33 76 21 76 40 5 71 53 78 68 2 95 7 76 42 26 3 45 14 41 27 38 21 74 41 84 72 78 88 69 64 81 51 34 10 81 65 84 47 70 55 96 29 89 53 26 87 88 31 29 70 38 89 6 60 94 81 75 37 59 87 4 68 46 79 89 44 44 13 22 48 96 49 64 12 26 79 1 94 32 11 57 76 31 71 62 87 31 25 17 41 74 75 77 67 3 84 66 96 61 17 76 33 27 2 86 39 27 31 11 32 60 42 30 18 11 73 60 86 97 10 81 33 18 3 72 79 41 87 57 95 7 24 65 85 36 91 88 98 41 21 70 82 97 7 12 63 99 88 58 44 9 84 49 41 45 64 19 19 55 31 89 39 43 74 56 46 23 6 76 97 51 17 35 17 57 90 5 35 43 94 20 27 30 95 7 33 42 0 18 25 24 12 99 67 17 35 24 82 36 19 88 96 74 86 92 30 90 47 32 98 13 91 38 98 0 81 5 38 82 54 56 52 62 1 66 82 35 23 22 12 20 27 56 5 70 98 69 33 49 25 88 79 70 95 83 96 93 89 44 45 11 65 69 41 78 77 39 73 56 22 96 79 61 92 44 80 2 4 54 78 50 81 31 17 42 22 21 81 93 69 58 15 16 85 15 66 52 46 79 18 26 35 44 20 37 81 0 37 78 1 6 30 42 79 27 40 80 50 70 97 7 52 92 83 45 82 71 7 43 88 85 39 41 97 90 87 82 86 46 98 30 33 37 29 44 83 94 79 98 21 11 87 17 53 20 60 95 20 74 77 48 61 50 94 13 71 40 84 95 46 54 72 93 80 8 15 44 19 33 1 5 35 57 40 58 97 20 92 73 34 18 37 22 35 48 35 29 10 92 70 91 43 29 52 48 28 64 5 98 23 72 73 9 45 71 23 31 17 95 25 9 9 27 71 84 17 80 98 49 22 84 18 30 51 50 88 86 31 97 2 
18 37 76 76 32 10 70 83 74 7 84 28 14 66 76 50 88 97 40 82 12 25 55 51 94 2 9 43 91 82 23 48 86 7 34 22 32 46 72 32 19 74 91 65 35 74 33 76 60 17 24 9 22 65 83 92 41 11 39 25 52 54 2 92 90 65 78 4 42 4 76 85 28 72 9 90 21 3 16 50 22 70 44 33 3 76 10 14 93 43 64 28 33 93 26 86 54 95 96 9 75 55 37 2 85 37 95 74 59 94 4 31 87 87 99 39 18 79 41 85 98 0 10 89 83 61 88 39 85 60 33 11 96 68 2 39 89 3 45 40 33 17 78 27 14 19 93 15 21 42 42 86 27 1 39 8 63 96 7 79 64 51 22 35 89 8 41 70 24 41 38 40 75 52 50 5 11 68 11 1 97 70 47 44 38 75 33 95 47 17 21 75 46 71 72 32 97 76 70 28 87 53 45 71 41 84 68 80 71 69 15 78 44 61 5 13 60 68 77 66 76 90 42 43 32 94 42 24 81 16 58 38 39 7 43 54 86 99 42 21 76 53 5 50 53 61 25 80 90 86 14 20 28 82 47 84 22 82 53 11 24 88 28 34 15 78 15 98 11 90 49 47 94 13 4 88 15 88 76 95 18 38 17 43 0 72 49 78 3 48 87 55 1 59 25 94 42 12 56 56 21 89 67 23 3 4 8 1 87 80 68 24 67 71 88 2 5 68 53 53 13 92 48 45 16 21 7 10 35 6 68 46 12 14 11 84 85 76 71 2 48 62 2 40 48 85 27 1 90 31 59 42 39 59 69 59 78 83 2 60 47 16 12 13 80 69 70 20 30 7 32 62 88 57 62 34 6 10 40 91 89 7 4 58 32 59 48 34 57 53 89 43 57 74 75 87 2 62 39 78 52 59 39 60 80 29 11 22 72 90 8 55 38 64 97 76 29 62 45 88 47 9 6 33 6 7 41 9 16 10 41 37 40 73 3 12 83 27 38 51 72 25 36 29 78 39 73 94 51 11 62 11 88 35 97 5 84 87 35 55 45 30 48 12 28 70 71 92 6 42 87 13 44 54 34 31 0 54 88 34 10 40 77 79 93 25 64 28 30 90 42 83 80 33 48 57 26 49 71 95 
8 67 17 78 46 78 28 26 45 47 80 64 49 59 35 27 89 10 50 3 85 61 48 62 46 87 62 18 79 92 18 63 74 42 88 77 52 0 92 76 41 38 72 95 74 8 80 1 17 63 45 13 76 10 79 83 48 26 91 93 45 80 82 44 52 83 23 53 52 90 98 99 97 49 52 67 96 93 79 44 4 64 48 14 58 59 6 5 28 85 45 61 55 29 54 57 92 38 42 31 51 52 44 78 26 25 14 44 26 93 60 4 14 67 71 55 11 65 82 40 42 24 29 92 42 88 55 42 55 70 36 41 99 92 94 17 40 41 7 78 76 62 29 28 30 75 87 46 94 18 92 48 30 85 12 27 55 83 17 92 12 37 71 78 52 4 24 54 94 85 15 73 25 85 7 55 62 7 27 76 55 5 64 24 45 8 52 13 25 73 67 13 30 46 3 72 64 31 80 17 4 97 4 80 0 2 32 22 4 16 65 58 14 44 38 94 66 24 65 2 98 74 53 26 46 15 60 24 35 29 76 69 5 83 36 1 48 80 62 14 36 86 36 30 85 66 25 45 82 47 40 65 37 15 99 18 31 82 0 19 88 7 32 91 73 89 38 11 79 88 64 64 58 59 30 17 52 81 45 22 48 77 67 81 78 18 29 55 8 71 54 11 65 77 23 97 16 2 57 18 63 34 0 91 42 69 76 8 98 20 34 53 13 47 98 30 59 62 60 98 31 77 58 46 24 35 71 23 21 70 8 98 32 13 44 22 93 4 29 8 89 98 87 44 53 46 65 7 88 27 58 47 26 61 49 74 79 24 79 79 24 91 47 84 16 30 61 13 65 61 16 7 18 41 45 24 36 58 45 86 30 46 43 27 7 48 85 34 93 64 74 64 11 81 80 92 17 7 77 8 56 13 97 15 44 4 40 30 49 79 52 92 45 29 95 19 89 84 20 26 54 86 55 74 86 66 31 39 91 65 48 79 27 31 90 37 49 99 27 9 59 49 31 46 88 88 36 23 91 65 78 6 98 48 12 21 10 62 40 1 17 48 86 32 90 43 44 87 51 36 45 71 91 28 72 20 19 63 71 3 64 23 28 15 72 40 88 18 74 31 60 76 38 82 93 20 43 17 97 3 
49 66 82 69 31 71 69 63 97 85 1 86 49 45 96 38 18 23 57 43 2 60 16 67 25 62 50 81 96 48 22 36 47 71 11 79 66 0 80 15 47 47 73 80 26 39 12 27 16 98 45 66 51 44 96 7 98 67 64 8 98 46 14 98 36 91 29 20 29 21 62 14 2 58 87 93 48 68 15 33 31 25 38 40 54 20 53 7 90 93 58 36 66 44 67 97 49 68 66 60 3 65 74 15 43 71 40 72 83 50 33 40 38 85 93 40 94 97 44 49 77 36 6 62 32 28 10 68 62 97 15 54 75 7 86 56 39 81 19 34 9 46 56 46 64 22 64 89 59 30 1 45 83 63 86 55 87 20 44 73 37 21 74 9 5 0 69 16 29 74 67 28 30 67 28 43 55 56 40 79 34 78 8 65 74 88 68 21 84 72 11 53 83 17 95 15 60 91 77 77 36 88 68 25 39 9 44 85 14 84 84 25 8 0 72 97 77 49 35 82 14 51 71 4 30 89 84 64 37 8 73 15 97 50 56 71 23 21 14 0 41 12 17 4 55 54 31 3 83 0 65 54 25 55 53 59 26 13 75 14 76 78 76 44 42 64 56 61 84 69 40 13 44 11 60 44 77 61 9 18 54 10 45 40 71 95 15 86 35 43 23 15 80 97 45 12 34 69 98 29 29 62 16 80 42 86 20 17 3 83 90 86 96 9 33 5 69 67 1 41 79 28 78 9 73 32 67 55 78 3 35 0 62 94 15 34 28 5 85 54 80 34 14 50 67 56 20 47 86 89 47 21 10 63 91 57 13 63 85 27 2 71 34 95 64 8 59 38 93 54 0 50 96 56 76 58 20 37 13 20 21 48 76 97 9 71 43 32 78 3 13 42 10 46 53 84 1 19 53 25 26 38 88 65 52 20 8 68 5 24 96 44 9 85 16 85 84 16 93 39 11 39 65 83 84 85 44 92 33 20 94 87 14 44 75 62 16 60 34 47 78 45 27 85 41 2 89 48 71 90 26 59 55 64 46 85 37 97 6 32 85 4 54 0 80 82 75 85 95 71 89 62 4 20 52 70 75 36 72 46 66 35 35 51 18 65 32 46 55 67 74 66 47 68 34 68 52 71 61 25 
49 73 58 66 42 14 57 91 54 45 22 85 39 71 55 35 17 3 0 93 92 61 80 58 56 25 32 53 82 40 2 46 33 14 83 50 87 69 21 63 82 89 5 53 91 26 54 0 25 16 48 53 79 32 48 63 97 72 62 7 18 67 24 31 40 54 39 49 39 76 79 16 25 99 54 92 26 5 82 25 28 77 73 92 28 50 94 42 49 27 85 36 29 12 43 62 23 55 42 67 96 89 65 44 14 61 74 14 30 97 93 50 80 34 71 37 0 1 74 0 67 48 85 58 8 72 7 60 32 16 85 80 97 24 56 97 37 56 33 1 90 10 5 86 89 29 66 65 71 11 91 82 9 88 46 46 97 41 88 58 80 54 9 9 80 3 59 85 88 55 54 29 35 19 88 78 56 95 37 88 34 92 28 6 59 57 9 4 85 8 69 13 70 72 79 81 90 37 78 56 72 97 88 44 0 94 62 37 27 15 76 17 25 3 32 39 33 13 33 82 89 72 51 83 3 7 84 58 67 33 91 7 88 8 39 80 45 2 81 23 91 35 92 31 64 86 83 78 32 8 72 41 60 60 17 81 63 11 10 47 69 19 21 7 63 35 95 1 86 27 61 30 51 27 38 73 4 50 85 17 52 12 91 91 92 73 49 17 63 11 85 86 49 66 10 84 58 64 22 84 30 87 23 12 30 13 40 62 16 34 52 6 83 3 49 63 81 72 45 8 22 11 54 76 85 34 20 68 67 31 84 54 48 17 28 54 73 19 81 41 77 76 16 17 64 45 91 23 12 86 47 77 47 32 64 33 29 87 41 79 86 67 9 26 89 55 70 86 86 51 62 11 37 54 90 40 56 33 90 64 64 44 42 38 31 67 74 63 3 90 47 89 52 19 1 91 32 25 51 95 29 48 0 38 66 76 55 37 5 9 25 38 66 80 72 83 94 61 27 50 10 81 97 75 39 32 12 89 70 61 0 7 55 46 84 54 51 81 53 81 1 93 35 63 27 53 12 51 55 18 89 15 66 5 28 49 4 40 22 95 4 73 50 49 74 88 83 61 68 37 29 45 69 33 93 18 1 90 49 35 51 37 46 21 13 34 6 52 52 1 22 74 11 53 76 31 84 47 54 79 
1 29 75 52 48 63 36 26 14 8 13 42 33 6 45 67 8 16 75 74 73 37 9 58 76 81 42 62 31 11 60 92 56 49 13 90 52 18 25 98 63 76 43 97 78 54 8 26 31 4 28 42 31 49 30 67 54 11 93 33 29 28 46 3 68 1 96 77 59 5 1 87 62 95 74 0 69 69 34 8 48 41 98 57 4 70 89 75 64 22 82 29 39 68 23 80 88 62 46 34 6 17 40 53 18 5 6 86 98 28 76 93 84 67 41 69 15 71 71 11 38 87 10 49 24 17 76 50 23 36 81 47 76 93 5 24 5 68 30 74 19 82 95 70 98 94 65 7 0 50 23 37 77 62 89 58 68 12 44 88 44 73 85 54 2 6 34 77 26 16 57 47 77 49 94 48 22 45 15 51 70 92 8 74 56 87 71 58 84 98 70 35 17 97 8 90 15 25 16 49 83 50 29 30 66 75 9 16 42 4 56 77 17 55 65 20 17 86 16 67 75 81 2 29 3 46 63 44 15 4 78 78 85 98 64 4 65 68 51 13 47 89 52 23 31 91 32 61 87 48 36 43 95 39 32 42 53 44 21 24 45 66 21 67 31 34 94 74 67 33 95 1 44 1 21 65 85 68 38 25 69 36 50 57 15 61 96 52 76 55 82 89 35 39 78 77 32 94 65 64 62 25 30 16 18 28 90 20 93 1 40 50 81 9 12 12 8 13 49 91 34 20 58 32 84 86 14 11 60 11 99 65 91 2 90 35 4 41 78 1 27 64 24 97 82 96 40 89 96 89 97 88 71 92 58 32 44 54 24 71 69 57 21 42 99 34 36 91 87 0 33 7 18 69 29 16 34 99 50 7 53 29 40 9 87 21 32 3 0 97 90 89 58 46 63 77 33 52 15 54 52 49 44 39 68 37 23 82 62 32 98 29 93 98 17 14 74 7 7 42 97 95 99 39 37 80 31 86 4 26 47 38 41 33 31 16 58 5 95 32 34 61 23 62 84 1 99 10 19 74 60 76 49 23 14 25 38 24 20 95 25 49 88 15 84 36 37 37 74 85 57 34 38 74 29 79 85 99 55 95 53 62 38 90 77 88 23 5 98 47 67 62 73 74 65 28 95 9 8 68 
65 73 12 85 62 68 13 39 89 62 51 46 91 64 94 40 32 40 34 48 96 50 25 22 52 17 66 59 49 45 7 94 91 86 3 39 72 16 91 16 73 26 72 56 4 2 91 56 39 36 85 14 58 32 71 96 78 29 42 31 81 76 0 28 34 99 32 77 54 97 43 97 81 94 43 94 15 49 10 61 42 0 87 41 33 88 46 8 33 61 8 36 15 50 71 44 85 2 80 69 18 86 52 87 83 8 61 68 79 46 69 96 98 41 14 73 39 16 43 35 69 10 74 28 10 72 95 30 42 7 23 7 70 48 4 84 4 69 78 30 71 1 64 1 35 22 49 86 91 65 48 80 97 15 14 92 92 43 47 69 72 74 1 92 39 82 54 88 72 49 83 66 37 51 40 3 68 19 18 73 27 85 78 25 32 87 57 1 74 71 64 18 79 47 80 0 96 41 68 20 88 41 40 19 89 47 79 33 57 35 27 19 53 70 20 99 50 70 26 78 14 16 79 14 85 7 39 55 93 28 80 11 98 40 79 38 70 50 85 99 89 95 91 11 82 48 89 52 87 95 34 90 34 44 59 75 44 86 0 46 34 84 39 80 58 69 94 30 95 93 8 56 33 74 44 62 74 9 53 69 31 11 63 29 72 39 82 18 88 85 97 37 94 98 22 67 13 95 38 18 21 38 10 71 49 17 72 91 25 21 60 62 57 32 20 50 66 55 73 81 62 53 73 2 89 21 11 36 22 61 10 40 1 42 15 43 11 15 33 64 73 16 56 8 1 92 83 78 93 60 68 41 12 45 69 83 94 79 10 53 8 34 78 44 4 1 98 79 47 26 88 72 69 43 62 43 26 39 5 16 74 37 38 73 28 31 14 65 96 62 86 79 51 80 72 5 81 42 51 8 33 64 86 64 91 61 19 40 62 42 35 25 66 46 83 45 47 47 69 56 34 70 2 58 27 27 31 22 94 99 79 73 33 68 89 5 85 89 12 39 80 36 85 36 73 11 16 59 43 85 44 7 36 72 49 78 23 39 8 52 39 15 38 49 37 34 90 58 58 99 67 25 2 2 91 39 64 33 75 61 96 24 59 79 13 86 88 77 48 99 63 28 97 33 23 64 71 37 25 24 
74 6 62 16 86 10 14 19 38 66 26 74 64 66 49 85 39 45 93 33 52 33 12 11 54 78 46 12 57 32 8 55 35 27 75 40 50 81 2 21 41 98 89 38 55 38 95 17 28 89 70 25 91 5 90 33 45 52 55 15 11 10 69 3 57 33 7 18 45 95 25 54 37 62 96 21 21 11 70 55 85 7 48 1 80 31 35 2 78 23 67 42 21 82 89 60 85 56 74 83 25 19 95 59 96 45 12 57 41 66 11 65 96 8 25 49 85 94 11 67 44 0 89 95 46 38 78 36 52 49 87 18 61 46 24 85 48 31 60 59 18 73 17 14 18 9 40 96 82 89 39 17 19 58 60 82 21 5 17 95 96 1 64 57 21 14 3 32 11 46 68 75 12 10 62 66 9 23 24 48 79 23 30 5 19 56 31 63 54 86 91 34 96 71 63 40 52 92 45 95 80 51 26 72 76 36 63 5 36 82 63 26 62 55 54 45 33 11 0 3 55 40 25 59 8 49 94 95 80 34 4 7 72 80 27 42 35 13 20 70 68 74 36 64 13 10 89 97 26 47 77 48 98 93 94 3 13 96 25 51 11 93 64 43 32 26 96 63 93 2 13 97 0 38 53 59 26 32 55 85 75 36 50 95 79 97 26 87 66 38 88 79 5 57 52 90 19 55 87 6 7 88 35 7 89 0 80 18 25 56 17 73 15 50 61 97 58 46 41 25 72 77 73 4 27 62 10 19 58 63 87 17 26 30 36 56 92 96 39 6 23 7 79 21 56 42 73 37 13 24 48 52 6 27 30 65 69 89 72 54 24 61 24 46 51 82 72 73 72 11 53 41 28 54 4 25 80 4 52 0 55 39 77 88 80 67 91 0 62 25 42 59 85 1 80 99 30 27 93 57 63 58 19 58 63 0 49 33 38 21 2 45 68 15 84 76 21 44 12 81 83 36 23 65 25 84 54 12 10 57 36 68 53 49 91 5 40 9 50 38 75 31 12 92 15 57 59 97 76 76 31 48 66 28 72 80 93 55 59 64 42 87 52 41 57 71 15 78 64 4 44 42 11 5 99 66 62 22 71 83 98 3 53 82 1 74 31 89 98 77 3 19 59 76 47 24 8 54 61 67 
96 30 76 99 88 16 45 50 33 94 26 39 75 35 42 0 84 23 29 75 38 8 95 48 9 43 70 41 34 27 14 60 44 20 84 68 28 9 97 61 1 19 34 69 27 75 28 18 91 91 3 75 25 93 65 40 17 82 90 2 35 67 14 49 21 99 29 96 55 34 32 54 89 77 74 11 75 54 78 25 70 1 22 93 82 32 33 67 33 38 61 70 93 39 66 12 31 55 76 24 65 10 43 28 76 23 8 29 81 95 31 76 39 18 84 48 40 79 1 66 45 2 54 76 96 40 40 48 36 95 33 3 8 61 41 77 76 77 68 20 47 22 56 49 73 51 60 30 25 46 88 82 82 75 53 39 5 83 11 28 28 22 71 3 76 55 31 57 18 84 71 60 81 12 37 47 24 17 22 63 34 34 39 45 13 65 47 90 26 34 35 52 59 52 1 58 30 80 46 10 71 5 30 84 98 54 44 12 89 71 22 93 23 80 69 48 16 9 45 27 55 0 98 17 28 74 28 81 85 83 30 11 18 85 42 13 48 99 24 3 69 86 50 45 63 32 37 15 2 14 74 10 59 62 98 81 47 79 29 69 81 46 41 83 48 77 46 30 9 17 69 59 27 97 11 88 75 87 77 95 28 52 77 97 89 57 8 81 43 61 93 5 2 10 5 45 60 39 33 34 66 38 23 76 8 6 91 61 74 39 42 43 20 78 78 58 2 27 82 93 75 77 40 66 73 66 95 26 79 30 93 64 66 23 23 65 52 47 25 91 67 29 86 93 7 2 18 55 3 98 67 27 3 20 65 37 36 94 95 83 13 96 17 18 37 24 30 87 16 21 3 11 39 76 9 24 2 61 0 2 10 0 75 20 47 67 71 68 55 36 63 95 55 26 77 32 49 4 77 71 48 31 78 81 74 96 37 26 99 81 96 83 72 26 92 41 97 30 63 43 99 15 34 66 69 88 72 21 26 18 81 20 19 82 11 47 37 52 24 82 32 7 95 68 0 77 25 90 44 73 7 71 43 47 34 40 32 0 24 33 7 64 11 84 7 87 69 22 28 37 49 61 37 81 24 47 66 84 89 46 78 21 64 16 49 25 81 9 3 96 79 26 85 90 83 56 72 60 5 66 
0 46 91 7 1 31 64 68 87 22 35 95 67 73 77 24 53 7 23 70 75 8 23 56 29 19 20 88 15 72 65 54 7 12 57 60 31 42 97 1 72 25 66 57 23 93 48 48 68 41 16 78 97 86 14 8 95 63 55 69 96 76 84 40 24 64 2 45 7 81 25 93 79 61 13 21 56 25 21 0 12 1 50 82 55 26 48 63 70 40 45 52 26 47 45 43 60 43 99 83 57 82 72 27 17 59 51 3 37 48 49 15 85 67 92 12 52 60 14 72 54 27 73 30 68 46 89 2 12 76 46 56 5 76 27 69 31 27 86 95 6 82 52 77 34 93 59 7 65 31 48 46 99 65 29 7 16 58 63 58 11 60 20 91 12 45 60 60 10 49 87 67 82 50 30 98 65 41 47 57 15 4 46 36 2 70 11 0 56 45 11 60 91 86 81 89 57 24 99 22 48 12 73 50 91 56 22 52 5 26 34 13 22 86 38 83 67 62 13 47 98 97 36 29 78 68 19 58 42 90 34 30 52 86 41 6 76 96 8 42 46 11 6 37 96 34 30 49 30 37 84 2 28 93 53 57 90 91 78 78 19 25 89 45 40 73 44 92 2 39 48 70 92 11 52 14 15 26 6 63 75 56 91 99 19 56 27 36 46 69 90 23 52 84 32 33 56 21 93 17 38 16 80 60 10 40 85 3 78 98 25 52 93 98 66 24 48 77 20 23 87 63 60 27 99 73 40 19 18 87 55 62 1 63 77 79 55 71 77 53 65 56 90 1 13 19 55 18 3 82 83 8 62 0 72 21 22 99 39 98 16 2 10 1 44 48 26 77 64 45 80 36 3 94 79 15 85 60 40 24 56 23 1 78 54 9 82 45 74 89 38 19 24 32 50 86 67 58 74 88 98 41 45 30 66 76 24 88 80 62 82 23 12 43 58 58 14 19 63 15 72 53 27 44 24 31 86 24 70 27 52 23 51 54 41 36 19 13 18 55 54 24 42 76 85 82 71 72 76 56 66 49 56 49 52 15 2 98 10 68 47 25 35 74 87 83 85 70 50 0 81 27 24 86 94 43 1 66 89 80 10 30 68 7 77 43 51 18 15 70 24 22 86 83 98 17 56 90 51 94 
78 12 56 92 76 48 10 0 23 73 30 56 16 66 95 76 37 31 46 49 88 68 67 74 87 7 97 69 20 19 3 21 35 41 2 95 34 86 45 92 20 54 82 25 18 99 41 67 82 89 78 64 39 4 3 45 87 32 16 77 82 73 60 99 46 57 55 56 68 23 82 11 60 46 97 14 46 26 55 59 22 45 42 5 71 85 99 75 2 73 78 15 74 93 12 66 73 92 1 14 41 21 85 3 78 91 40 91 17 33 87 35 97 51 22 95 29 24 63 46 70 95 45 6 81 99 27 89 17 77 37 58 88 28 62 51 40 67 66 75 76 73 85 2 81 81 45 64 34 89 59 80 53 60 99 72 3 66 86 20 30 19 79 51 60 27 45 26 98 12 17 27 53 30 44 56 69 32 95 91 85 79 5 45 76 67 44 23 9 96 28 74 61 19 55 52 7 16 18 64 85 96 21 89 88 81 98 48 4 10 47 32 78 30 59 45 31 55 27 4 41 99 15 4 99 10 34 20 88 5 92 20 2 80 50 35 97 19 76 72 5 28 14 41 88 11 37 49 64 51 49 36 13 95 47 24 93 21 3 48 55 54 43 15 11 61 84 29 12 26 36 38 52 20 76 40 33 40 24 90 8 59 6 50 65 67 17 15 43 69 28 52 31 25 79 93 45 17 91 95 60 66 63 24 58 66 9 20 99 75 62 78 70 12 85 52 48 90 37 47 79 90 46 23 98 96 84 74 70 54 11 85 79 46 25 50 83 20 39 77 92 15 84 91 52 97 65 53 65 64 13 38 72 81 16 23 66 43 35 88 47 11 2 58 84 6 53 73 85 91 3 43 19 97 14 6 10 93 96 85 94 30 73 76 62 22 83 14 16 41 85 73 89 28 30 21 62 82 56 51 3 40 32 20 70 50 85 6 63 98 85 58 13 11 0 85 49 52 68 13 94 93 52 81 19 72 26 54 70 69 99 24 96 62 33 39 32 59 36 10 56 36 39 97 21 16 70 90 4 39 0 19 85 30 21 53 29 53 23 89 60 55 9 64 89 84 48 93 98 65 65 23 61 37 43 91 80 14 59 64 76 53 22 96 22 55 62 66 19 28 87 38 91 56 55 70 66 81 78 60 
96 7 72 69 91 43 76 31 15 49 49 41 90 98 21 14 37 11 50 64 74 58 44 34 68 68 4 40 45 25 59 16 63 10 89 77 59 18 41 22 70 74 19 71 22 80 39 1 4 46 65 78 25 85 37 87 56 42 53 20 70 28 77 93 92 20 73 90 62 77 95 94 88 24 22 34 86 69 17 15 63 57 53 14 11 70 4 18 28 81 91 12 83 21 79 67 86 58 81 29 73 87 9 15 92 86 69 97 36 77 55 14 55 6 61 43 97 11 58 85 63 53 67 21 81 79 43 35 44 43 84 41 88 30 45 38 88 63 20 82 68 87 98 32 1 17 1 43 23 90 8 35 73 2 24 31 69 19 0 93 22 35 34 38 12 26 89 0 73 34 76 64 65 5 16 53 5 69 27 94 15 86 49 3 70 14 14 15 27 84 46 21 31 69 80 37 37 2 61 54 9 43 31 92 75 11 37 16 81 64 36 30 15 94 72 15 41 35 67 51 37 78 71 69 8 78 15 3 95 6 19 54 13 42 33 78 9 37 78 10 27 66 44 26 72 44 88 87 88 23 54 93 89 99 62 14 17 69 96 31 85 70 57 8 29 8 92 4 51 28 88 47 2 75 43 58 90 18 39 72 18 97 96 68 90 58 68 76 72 30 76 56 94 92 41 40 41 26 3 17 40 50 78 51 37 17 30 3 94 61 55 8 60 34 52 99 58 14 26 22 70 57 66 28 42 31 23 13 36 61 64 95 82 69 88 60 60 43 93 23 16 75 33 13 12 91 37 73 13 72 64 53 91 34 5 34 20 54 17 47 82 18 74 57 3 46 45 94 85 60 56 58 12 39 12 15 69 95 5 33 26 24 85 71 51 4 94 8 5 97 57 41 21 48 67 20 28 17 61 98 78 15 21 57 75 58 20 85 65 14 64 29 87 18 21 56 53 23 72 0 79 98 22 13 84 2 8 49 29 63 52 0 63 23 90 2 14 96 98 47 48 72 42 34 23 61 69 79 23 82 14 79 54 12 61 21 68 7 96 4 24 83 40 37 9 39 26 6 88 56 39 55 65 18 60 49 21 94 46 61 69 20 95 78 92 39 79 2 6 96 16 40 31 88 99 97 30 98 20 87 
87 0 95 99 8 10 35 86 25 8 87 64 47 48 40 62 66 55 84 34 38 87 0 46 74 61 3 42 33 31 19 78 94 47 40 83 30 24 42 24 43 63 5 31 92 53 36 70 89 23 86 45 48 37 27 78 67 29 6 46 25 22 20 29 2 31 81 3 1 8 51 88 78 94 91 98 15 23 31 9 5 57 95 40 64 48 82 90 11 45 79 23 23 11 72 4 56 94 12 27 57 93 56 46 37 86 5 2 31 44 6 94 26 29 52 31 91 46 91 62 85 57 84 13 6 58 27 9 38 29 25 64 14 66 53 68 20 67 89 70 62 97 23 29 39 3 17 56 70 70 87 99 98 74 38 30 54 88 46 42 64 33 33 22 13 25 25 91 79 23 4 94 10 11 29 63 7 10 15 25 81 56 2 3 59 13 86 22 94 93 53 72 4 47 91 50 85 80 27 26 62 87 45 70 55 70 5 77 24 11 42 69 42 21 0 29 60 42 92 97 20 71 44 16 3 32 84 19 27 81 16 16 45 97 19 92 97 7 92 3 55 33 62 58 83 27 31 5 86 23 21 38 68 73 2 65 84 84 53 51 67 12 2 62 36 3 82 39 29 53 45 72 40 45 4 81 43 12 19 30 47 64 93 29 0 77 89 79 87 91 10 38 3 48 71 94 7 37 93 32 95 36 64 31 81 22 34 95 57 79 31 29 3 51 57 20 82 50 66 75 13 65 98 57 0 40 71 91 57 28 82 30 48 26 84 50 23 87 99 96 5 38 52 13 0 67 10 13 42 20 8 72 28 25 56 54 49 46 93 11 80 33 22 30 78 99 72 58 64 42 74 95 54 12 54 54 13 95 31 42 88 61 86 8 44 76 93 18 37 39 27 48 31 87 5 99 92 0 90 26 37 93 46 14 83 84 60 31 38 89 87 45 35 3 92 99 23 21 0 15 31 65 54 47 28 41 31 42 80 89 9 4 40 40 47 30 66 22 17 27 3 77 2 72 47 21 13 87 62 77 59 51 74 48 56 51 38 36 92 83 91 41 12 93 5 73 34 65 34 4 72 37 61 19 24 16 85 6 95 53 7 20 20 40 32 1 86 76 24 66 36 98 31 91 95 61 66 12 37 47 
49 62 64 85 86 14 78 85 18 27 46 94 44 91 75 3 52 17 18 58 24 48 41 54 6 86 81 58 71 66 59 64 7 2 3 65 81 68 16 21 36 89 74 43 55 25 70 26 21 90 78 43 18 41 9 0 30 47 3 36 86 25 11 9 26 96 45 34 81 56 66 68 27 62 51 49 24 4 51 93 22 67 87 88 0 16 59 94 41 68 83 16 89 73 3 19 50 68 64 72 10 0 96 59 11 34 21 6 52 99 29 22 61 21 24 13 47 88 53 38 27 48 16 37 18 17 93 50 56 49 62 4 74 30 78 54 77 73 57 94 54 65 74 31 77 65 93 68 25 55 77 85 14 33 62 79 70 49 10 62 49 51 81 50 44 4 78 28 28 23 44 11 85 95 21 87 86 90 66 75 81 95 82 65 39 45 90 61 74 95 78 57 1 52 12 92 77 13 70 26 45 8 56 80 45 58 93 29 29 98 55 2 58 62 29 50 6 33 9 68 94 18 30 30 51 25 0 88 5 33 3 58 51 87 89 59 86 1 57 43 30 52 98 95 61 54 25 13 24 5 79 96 86 39 45 77 63 74 5 2 98 39 32 15 87 60 62 27 85 76 21 74 76 45 98 80 74 32 7 72 99 52 66 13 84 42 79 66 8 23 50 88 11 48 97 17 80 45 31 47 2 71 59 85 42 72 23 77 89 34 52 45 4 82 81 81 29 73 27 92 32 41 67 71 39 34 11 0 14 61 97 36 28 11 41 8 21 46 52 57 22 19 68 24 37 76 84 29 42 67 64 3 51 98 89 18 84 65 46 66 61 21 34 86 56 42 16 33 92 6 35 94 30 26 14 85 54 81 22 89 69 22 12 36 33 25 0 65 2 32 44 83 63 13 26 68 36 83 45 95 70 28 93 93 71 72 29 44 17 70 71 49 53 93 31 73 61 70 22 53 12 60 49 55 25 99 25 67 94 30 57 25 89 84 7 33 34 19 2 47 80 1 50 99 85 95 61 13 0 63 21 60 65 34 24 97 7 55 77 7 41 53 48 62 15 65 5 75 95 10 64 14 40 97 35 83 31 38 79 16 29 53 21 64 57 70 94 60 78 89 86 22 66 50 26 45 46 82 95 97 
59 26 2 59 66 20 10 47 64 95 85 23 98 25 61 90 40 81 11 59 50 92 73 49 10 78 53 5 4 31 35 94 45 40 12 23 37 68 86 34 39 55 20 55 28 31 11 80 91 96 37 64 84 72 5 59 64 3 97 2 77 55 75 51 76 31 45 33 59 88 18 73 27 7 50 36 48 14 58 15 72 15 68 13 62 6 9 62 28 63 75 3 54 41 95 78 93 28 89 97 57 44 44 26 78 7 15 29 62 21 30 70 10 37 52 88 37 77 19 13 15 38 6 51 32 47 67 53 0 64 57 58 91 12 90 19 26 15 7 39 37 19 78 69 11 56 77 38 94 91 29 62 34 1 88 55 91 79 28 32 18 79 2 4 12 0 3 53 38 20 62 71 44 99 8 11 48 17 15 30 37 27 62 54 20 52 7 58 13 63 51 23 14 83 32 7 39 1 76 37 35 91 44 40 59 19 15 43 89 27 44 14 75 43 55 68 63 42 15 1 54 19 49 41 26 20 47 9 33 30 77 40 63 4 10 38 48 15 93 29 41 51 36 67 35 54 11 6 97 17 16 10 66 26 37 66 73 5 16 7 63 80 37 38 43 79 60 48 51 41 10 93 58 41 16 45 62 2 38 47 42 39 91 43 11 69 93 73 62 24 36 47 59 29 31 37 32 16 27 41 44 71 62 39 81 37 41 13 36 16 7 57 60 11 29 34 35 11 30 35 97 19 11 83 48 94 11 99 8 53 55 31 49 56 70 72 8 92 62 51 83 41 12 22 90 6 8 78 37 79 48 5 61 70 19 93 13 69 98 41 9 49 16 93 91 42 8 0 54 5 49 27 33 5 8 64 29 78 42 24 57 96 4 60 71 11 65 19 60 95 93 89 15 49 45 79 61 84 76 63 27 24 6 51 7 95 1 21 32 79 81 86 47 23 75 84 70 11 75 6 20 99 85 82 76 7 28 25 27 9 1 31 3 94 96 37 45 28 73 92 18 11 82 32 95 97 41 62 24 17 19 53 68 27 75 93 56 86 34 5 85 31 65 75 6 70 6 8 98 72 13 16 8 86 23 37 87 66 4 51 69 6 55 5 32 61 6 22 45 57 5 91 55 31 55 64 76 20 25 10 
95 71 79 36 73 93 72 21 58 46 72 35 69 5 67 3 89 70 18 8 75 85 45 77 64 15 44 54 92 93 14 64 3 69 34 76 94 53 73 53 14 40 29 60 74 52 51 78 40 51 37 57 83 45 64 47 45 60 6 15 54 31 25 54 54 23 52 73 31 44 80 39 71 81 99 80 38 35 0 88 0 5 53 32 52 5 97 31 55 33 38 71 29 58 33 71 3 53 33 26 27 94 17 54 68 92 30 21 35 75 24 62 98 54 30 81 49 65 74 71 80 91 62 17 6 85 64 61 74 58 22 90 72 88 81 87 70 4 51 57 24 11 23 23 33 91 42 54 39 69 70 39 30 10 98 31 98 11 78 10 94 25 90 40 1 95 89 31 54 65 68 0 59 55 59 6 87 79 42 49 23 27 14 39 99 44 31 82 93 23 72 57 74 34 70 75 8 32 62 49 86 77 44 22 51 54 4 92 94 44 37 58 7 67 11 16 32 38 39 1 44 44 28 43 3 24 30 12 17 46 59 83 11 58 69 74 81 3 57 96 49 33 53 18 3 29 90 58 87 94 55 60 49 95 9 70 74 6 96 68 82 7 37 74 46 57 14 16 78 52 30 58 43 40 28 97 23 17 51 18 17 96 38 58 44 39 24 58 60 34 74 38 2 24 27 66 13 27 60 42 20 30 50 6 71 12 31 94 69 66 70 43 32 51 58 92 89 67 49 27 32 53 44 50 16 63 24 78 6 81 70 72 42 81 58 75 99 48 65 36 8 49 65 84 10 88 19 94 42 35 58 41 41 31 5 19 65 12 25 79 30 63 66 20 10 93 80 94 92 55 55 35 63 27 41 54 0 30 38 61 90 39 38 73 46 47 4 85 48 1 66 35 17 49 48 80 83 40 39 44 2 43 44 36 5 90 15 10 35 4 75 7 34 79 59 97 61 10 4 35 23 92 95 95 65 63 21 40 48 72 26 20 73 82 1 18 29 54 71 60 62 13 35 77 70 88 18 65 41 94 48 15 70 62 9 40 88 74 70 33 58 10 22 6 98 56 43 7 39 10 33 79 46 79 76 15 23 24 44 56 59 82 36 62 14 19 52 84 38 96 38 94 82 65 77 95 74 80 88 68 
32 4 91 87 51 43 38 45 18 44 34 22 47 60 95 97 18 2 10 64 53 85 29 93 38 69 78 50 92 20 21 89 49 99 28 92 34 99 30 93 34 51 55 4 18 56 81 82 97 30 56 12 2 13 6 58 62 41 14 70 85 37 89 59 50 85 40 60 93 39 9 94 99 4 75 41 5 0 86 32 77 1 13 59 90 67 54 62 96 8 80 11 11 44 98 63 43 22 94 26 71 24 50 99 68 42 69 19 59 83 61 81 89 41 86 72 35 91 36 78 19 68 49 85 9 94 4 14 6 22 64 67 82 23 72 78 92 8 30 99 30 13 30 55 79 23 71 96 94 97 21 89 84 50 12 14 19 10 47 16 71 0 49 98 38 42 97 80 49 33 1 12 95 56 22 87 92 28 85 1 43 11 95 69 97 1 43 46 96 75 47 31 37 86 27 7 5 88 79 25 4 79 74 22 76 54 93 77 5 83 54 0 86 72 68 64 40 61 22 39 39 86 34 55 79 16 92 28 23 99 50 70 97 57 37 17 83 33 96 45 87 34 77 87 10 11 13 42 77 81 40 66 0 55 37 66 82 41 99 74 56 86 64 57 84 88 3 82 36 12 67 28 17 97 16 38 86 36 59 74 97 16 69 11 22 25 6 11 48 51 92 59 59 22 47 13 50 1 40 85 53 44 81 88 90 13 19 98 6 26 13 0 56 45 31 73 69 33 98 61 49 82 87 49 92 39 26 55 14 64 71 52 44 41 72 78 77 7 22 92 41 45 0 65 94 56 68 28 94 87 81 2 90 89 25 39 95 38 73 53 15 89 57 65 56 19 13 27 33 33 15 93 97 73 51 85 65 10 6 63 19 78 29 40 85 9 67 76 30 34 14 69 3 22 8 2 37 73 15 31 76 1 25 66 90 38 57 52 80 95 5 29 32 22 21 81 52 71 16 92 94 59 71 9 82 27 19 25 66 13 82 96 99 36 92 75 61 45 9 9 56 74 73 22 1 20 22 99 67 40 62 62 57 13 61 31 88 20 69 19 86 29 27 18 12 6 57 34 81 29 96 3 34 42 31 49 56 65 36 35 22 43 55 84 2 62 1 67 89 33 74 41 87 52 92 82 64 88 91 77 
87 45 52 62 8 88 74 23 35 79 54 2 78 69 66 28 77 88 87 84 27 76 43 92 50 58 11 74 80 57 55 57 55 47 49 94 28 8 50 48 18 55 96 79 77 7 21 49 51 32 13 40 28 50 21 37 62 94 17 48 61 22 57 82 60 37 41 67 49 9 46 75 66 96 63 97 72 43 27 20 35 86 48 97 27 50 10 67 21 97 7 7 83 26 24 89 16 65 20 61 10 70 62 4 72 62 46 34 74 77 9 91 47 40 12 12 97 42 16 9 27 35 68 27 44 39 98 65 60 2 4 83 35 8 18 69 16 87 70 42 70 80 7 72 68 46 76 11 57 96 59 46 64 34 61 18 35 32 86 31 35 22 48 40 12 6 52 21 16 95 61 62 8 5 50 13 28 77 79 2 11 3 30 57 69 46 34 49 19 31 89 52 47 9 39 18 16 1 13 1 44 95 69 82 19 51 37 98 62 58 47 33 36 43 58 86 92 44 63 19 11 53 25 91 43 83 83 54 7 78 72 47 70 45 94 15 39 49 31 38 27 22 84 3 58 2 89 70 23 55 12 94 17 22 10 0 18 50 79 69 13 42 96 21 19 24 3 26 97 74 83 84 26 1 24 26 71 69 32 67 77 99 70 33 92 85 91 39 70 97 5 4 60 69 86 96 79 90 27 19 18 61 28 18 85 73 95 1 35 40 6 18 28 98 56 95 54 9 41 64 2 66 7 87 97 55 40 55 12 12 2 53 10 59 68 91 79 97 28 25 59 94 14 45 35 70 28 41 43 35 63 43 95 85 10 37 55 37 11 40 14 67 90 93 63 61 12 72 5 40 51 38 16 7 63 34 94 87 36 3 83 39 90 47 21 70 85 91 17 38 94 59 49 39 82 81 20 15 4 36 22 20 29 33 87 10 66 39 13 90 42 96 36 0 71 50 36 44 19 28 52 95 49 41 67 75 44 66 7 84 66 53 9 57 23 35 43 61 77 73 20 25 49 20 7 14 31 16 7 33 93 32 6 59 49 69 9 38 61 54 56 41 31 22 92 10 15 83 59 12 21 49 63 96 30 0 47 25 19 52 77 59 21 21 15 95 58 16 91 73 71 71 89 23 50 36 48 56 94 74 
59 63 64 62 97 51 32 53 73 50 19 93 67 79 87 29 0 27 48 70 77 55 14 26 78 84 38 85 36 8 28 60 77 38 47 19 34 29 76 23 81 1 77 18 88 84 17 95 8 94 71 15 93 24 80 34 54 20 64 75 41 47 95 54 36 80 41 50 94 76 29 62 36 11 60 26 85 19 7 0 47 10 78 32 36 97 66 88 11 30 14 13 0 26 19 29 90 4 14 25 5 90 89 11 2 61 22 51 97 30 57 18 69 43 97 76 7 24 68 2 2 73 66 49 56 84 1 55 49 93 86 16 48 43 2 55 18 62 32 19 10 96 43 22 23 8 99 90 53 55 9 39 40 7 37 49 27 57 14 47 5 25 32 61 3 5 24 10 41 37 37 36 24 23 89 38 54 67 46 47 98 72 62 33 13 71 82 39 2 49 91 1 88 91 30 47 42 25 96 66 6 82 13 76 40 87 22 1 4 30 90 94 41 79 9 55 44 68 0 35 81 57 49 28 42 22 30 37 60 78 96 10 74 32 79 46 75 1 80 49 27 68 33 80 68 34 5 55 65 59 46 63 90 88 98 33 54 83 43 33 6 63 15 72 60 3 16 28 21 70 78 85 49 82 55 67 30 82 41 26 51 66 59 16 96 7 26 92 42 78 97 84 91 69 65 58 19 27 9 50 29 68 62 90 81 43 64 92 99 58 62 64 33 44 96 66 6 58 21 99 71 58 33 56 59 51 34 53 85 68 17 41 31 76 80 83 92 83 15 66 76 54 88 21 24 71 39 89 16 38 75 77 65 53 20 79 97 33 59 50 42 81 27 50 98 73 40 65 13 8 98 49 2 56 98 29 27 99 54 57 5 53 22 98 27 54 63 9 46 88 48 73 82 54 37 96 49 30 5 72 22 63 58 23 86 19 91 41 85 95 3 98 64 95 35 64 21 35 41 33 87 39 14 1 95 99 97 3 31 61 17 92 26 0 96 75 4 79 48 63 14 59 95 67 24 54 32 2 38 71 18 40 16 24 69 55 12 38 69 84 69 16 41 69 13 26 91 92 35 84 38 49 43 64 36 90 33 43 73 96 41 50 18 94 80 40 16 34 99 85 78 73 34 29 91 27 85 71 20 46 
67 28 39 13 29 4 69 57 66 38 10 59 38 9 13 49 3 17 19 13 42 37 99 39 38 87 53 47 66 47 30 56 91 96 93 56 44 30 74 61 41 38 70 87 77 50 37 36 22 18 41 81 27 12 53 0 28 11 85 2 92 85 54 56 22 26 5 81 47 2 84 79 87 39 93 12 86 80 43 59 50 14 74 52 50 42 1 18 48 85 99 26 2 49 82 90 7 23 50 57 14 8 15 76 19 4 79 83 67 92 5 28 35 3 30 21 88 38 16 70 67 86 82 66 47 17 47 78 81 73 58 4 16 41 90 54 62 55 53 74 77 40 17 67 39 20 35 4 27 41 20 31 29 91 77 34 0 91 65 16 37 68 93 54 24 48 76 78 60 48 34 6 37 54 27 85 51 64 51 89 17 63 59 6 70 80 21 15 14 26 59 54 30 61 40 51 96 52 0 72 17 75 37 47 43 93 82 10 66 94 73 53 48 9 76 76 14 7 10 80 4 16 11 54 20 94 71 34 27 11 87 68 70 3 84 98 48 20 40 11 45 50 28 15 90 37 25 39 18 25 17 94 51 27 43 49 83 57 24 30 98 47 40 41 6 50 95 52 50 42 33 63 56 96 79 19 22 56 97 61 21 79 58 63 16 24 81 66 3 92 61 62 31 59 78 34 96 55 35 4 75 32 62 30 63 34 65 44 38 84 57 16 64 65 35 43 42 49 12 81 64 52 96 34 57 61 53 2 73 88 55 88 67 79 29 5 6 96 2 80 27 14 81 22 92 69 2 36 93 42 88 91 42 61 11 41 71 87 31 48 68 82 87 72 23 15 46 96 37 19 18 70 17 26 90 82 44 37 47 97 65 61 60 47 7 2 36 14 87 10 89 89 98 72 26 3 71 91 85 64 29 66 54 3 84 97 31 61 1 54 13 5 72 7 4 31 92 64 72 75 45 87 92 75 6 10 14 13 59 22 71 94 53 73 91 63 91 55 31 20 65 18 56 58 81 87 85 92 14 82 40 15 9 15 95 14 22 21 60 19 3 97 38 9 71 22 74 65 55 44 90 77 16 15 21 77 7 10 83 2 98 55 78 35 38 42 38 65 41 69 41 4 92 18 31 0 41 78 97 29 
23 38 5 5 28 13 53 88 72 27 50 0 7 21 20 8 72 3 22 99 12 48 70 93 37 8 8 4 18 82 75 82 82 21 21 21 53 48 17 87 54 37 34 97 11 4 19 60 3 78 44 53 11 89 8 34 13 45 73 87 91 93 48 8 30 7 98 0 68 61 51 30 97 24 51 8 11 69 36 36 82 42 62 26 54 56 18 31 12 65 85 53 80 96 59 34 3 82 60 61 85 72 44 28 83 89 87 0 16 17 87 23 15 8 82 13 18 69 19 91 16 59 49 87 56 55 43 34 44 89 99 73 57 52 51 85 59 59 30 51 17 83 91 56 91 4 28 33 67 85 14 10 27 45 72 46 95 20 75 22 34 9 41 16 26 34 72 53 89 51 97 88 12 98 18 0 84 16 41 0 34 16 88 41 76 20 24 31 83 82 97 82 71 2 61 57 88 13 1 67 57 98 69 26 39 17 72 26 34 73 93 73 26 91 50 22 67 39 88 43 71 74 61 39 94 67 6 61 54 39 6 79 30 61 12 52 93 99 33 30 11 86 95 39 30 37 30 34 83 85 90 86 89 53 7 18 94 83 75 70 78 81 11 81 51 13 56 28 37 23 31 40 39 86 78 8 13 68 5 96 4 36 36 25 68 43 58 86 31 7 99 57 98 84 62 14 36 58 73 16 60 32 71 43 87 5 29 51 37 15 52 22 46 60 71 97 66 70 46 87 65 79 41 72 35 92 45 58 57 71 68 56 78 50 19 35 20 33 7 92 23 96 62 51 25 12 51 32 53 93 17 70 95 63 84 46 88 86 82 53 78 99 23 51 62 73 18 84 43 58 0 3 23 97 31 72 87 21 45 65 6 6 79 36 21 64 77 70 79 98 95 35 45 83 78 10 69 56 54 30 72 63 7 49 31 64 14 58 57 19 36 38 33 75 78 63 81 90 43 55 30 2 26 31 53 47 71 40 21 6 75 91 2 82 95 96 93 72 17 86 2 87 84 36 44 5 40 63 64 66 55 53 4 23 25 69 20 42 49 86 93 23 79 11 63 77 42 4 95 26 8 76 55 96 48 60 41 94 99 54 37 6 66 18 14 14 34 68 21 38 69 97 93 11 25 55 1 40 52 49 
6 3 3 77 10 46 7 71 17 91 58 3 73 83 4 84 58 83 46 35 49 23 20 26 78 38 72 15 61 38 67 91 83 53 17 24 90 0 11 53 23 59 33 90 29 96 67 91 94 78 61 1 30 64 34 11 20 33 4 66 17 47 0 66 21 66 22 87 58 26 68 26 88 87 83 21 81 52 93 37 4 55 36 42 66 88 39 45 82 88 80 55 61 87 30 79 23 11 26 92 34 51 88 68 11 55 23 38 68 45 42 53 91 70 13 23 78 13 47 57 4 65 1 58 87 6 57 52 11 54 91 17 94 67 96 96 74 98 66 95 7 3 66 23 50 82 39 65 92 78 27 19 91 9 5 9 81 99 46 97 7 32 9 44 75 65 53 12 44 38 22 69 28 16 70 87 34 93 22 77 59 71 33 71 91 92 95 75 88 23 89 99 78 74 63 9 17 79 87 42 79 93 12 26 80 59 63 28 32 89 80 65 77 1 49 59 8 76 68 79 6 18 31 48 70 7 1 27 34 8 35 29 34 62 30 80 47 69 51 5 62 35 23 48 75 36 60 43 68 4 35 78 86 73 74 72 34 54 55 18 99 20 97 93 22 80 2 26 47 99 43 74 37 96 52 9 22 14 27 83 4 55 9 49 68 72 47 31 70 92 67 92 57 5 82 55 45 45 78 11 77 67 80 20 78 54 51 24 60 86 74 24 50 46 79 47 98 3 19 41 5 68 59 77 97 62 3 5 27 91 85 1 80 6 21 22 49 77 21 92 74 19 62 8 25 7 3 49 27 21 88 23 6 61 93 92 17 55 18 71 92 68 1 37 38 16 68 3 34 94 54 84 93 70 83 68 85 7 63 57 5 6 95 48 83 77 80 32 80 44 92 97 5 10 37 76 84 4 75 33 47 83 0 94 6 23 3 8 56 28 72 93 13 33 8 54 34 51 96 85 28 99 86 28 56 66 51 71 43 58 9 71 54 75 8 28 9 74 62 39 94 58 61 85 52 43 67 26 99 33 8 41 9 26 96 58 25 26 62 63 46 20 8 30 29 75 45 69 48 81 47 4 34 82 16 81 99 75 93 14 8 27 44 90 47 67 99 77 39 19 94 89 64 73 11 71 83 93 43 49 
15 87 92 54 88 48 48 31 89 73 29 67 43 40 24 36 33 71 70 68 71 87 81 40 34 38 64 76 52 8 75 56 66 12 27 4 26 5 54 27 91 45 70 74 82 48 0 45 89 69 57 94 29 94 62 94 84 29 63 99 9 54 21 93 79 0 74 92 62 43 11 61 38 73 84 72 79 72 79 88 26 85 27 66 27 18 0 22 37 0 80 17 14 15 0 77 34 21 27 40 85 96 16 87 31 27 43 49 49 98 63 92 70 24 99 53 9 49 89 55 43 35 72 45 32 34 77 97 87 48 0 79 72 80 9 72 88 67 25 65 57 51 45 41 12 2 66 18 58 78 27 0 58 39 62 19 55 4 67 68 64 66 57 61 81 64 53 20 65 78 66 35 19 22 79 58 49 88 80 52 94 29 64 8 46 41 89 15 34 27 72 55 1 65 5 53 19 9 93 1 47 27 17 74 73 99 57 57 88 28 42 9 41 77 97 39 74 94 90 71 54 89 42 20 38 69 78 72 78 18 34 36 84 71 35 12 79 56 61 19 53 96 62 51 16 59 59 84 41 31 21 73 50 61 50 95 12 24 79 11 68 91 79 14 76 8 3 95 54 67 2 28 80 99 47 50 76 13 75 80 97 97 54 80 60 98 8 96 5 35 64 73 68 75 68 36 3 14 68 80 8 87 40 10 23 34 71 87 8 34 1 79 43 16 99 45 75 22 41 90 94 23 15 8 8 7 53 67 79 42 75 36 66 15 74 96 8 92 12 83 36 60 2 22 45 28 70 88 77 21 89 68 38 35 5 11 13 24 21 6 87 98 3 69 71 67 69 33 66 21 11 45 64 68 99 52 40 51 8 73 24 47 89 65 95 9 2 41 12 7 56 26 21 21 4 50 57 89 19 6 1 84 16 2 20 48 38 63 15 45 90 10 0 70 81 51 80 13 92 41 79 64 63 24 99 48 54 67 6 59 52 39 30 27 44 15 19 12 70 50 72 90 76 27 11 31 47 52 70 30 84 94 21 12 8 93 75 42 75 9 41 30 46 84 15 35 75 58 69 35 24 93 91 24 68 14 26 89 92 43 4 86 18 8 14 67 65 72 82 38 64 58 55 47 46 22 35 84 53 81 
24 73 30 59 2 95 81 40 99 14 69 50 32 13 40 31 45 22 70 82 99 98 52 61 5 21 23 28 1 33 90 54 53 11 71 60 48 42 57 66 14 40 77 19 81 84 17 91 41 94 89 33 45 28 0 98 85 99 71 42 68 91 17 27 70 50 11 66 93 37 94 34 27 16 63 45 10 32 59 4 2 73 43 26 86 88 78 12 58 48 83 7 44 66 60 45 78 88 41 69 88 32 39 1 63 22 8 29 27 42 27 19 55 42 21 35 64 29 67 56 68 30 77 33 30 31 22 20 76 60 67 88 64 64 88 27 10 9 92 78 38 0 74 86 89 11 32 80 21 52 17 60 39 87 91 93 84 42 53 75 97 35 40 92 42 65 93 35 56 87 71 42 58 62 13 44 5 7 73 12 9 80 61 16 30 81 87 95 25 33 2 13 62 81 86 98 30 30 4 69 39 5 4 24 54 8 20 52 97 47 35 50 11 85 22 47 12 87 2 24 29 17 93 90 45 33 23 29 37 27 97 8 19 58 56 8 80 18 94 41 6 39 91 27 25 50 48 34 50 11 39 82 63 93 31 69 6 95 79 80 88 37 88 79 56 92 5 45 24 78 98 87 2 89 20 94 90 20 6 51 77 79 35 11 91 11 75 89 76 94 33 1 15 45 33 2 4 68 93 53 29 22 92 2 39 81 78 14 5 97 51 9 14 95 67 36 63 11 58 97 68 37 22 85 74 52 95 1 82 63 53 51 79 88 33 16 90 8 27 21 42 18 80 21 57 36 84 0 92 43 74 55 79 54 60 62 7 42 1 70 12 17 34 58 96 49 52 17 94 33 71 90 22 61 31 95 17 21 51 79 41 2 25 35 84 36 77 86 64 86 34 45 69 80 81 91 12 41 87 67 52 23 52 2 20 21 29 14 30 88 35 92 86 25 19 33 1 88 83 68 77 13 62 19 15 82 27 30 70 15 48 50 54 33 98 65 74 98 17 59 32 23 16 36 71 56 83 99 7 26 50 70 52 30 58 44 68 6 18 40 4 10 95 57 95 95 2 40 6 68 75 5 45 90 84 75 24 95 3 83 32 61 22 74 53 38 88 8 15 17 42 23 29 88 71 5 92 23 95 3 
37 18 48 74 42 59 94 51 76 13 46 81 54 17 48 8 22 60 96 8 47 5 15 88 91 73 68 73 29 42 11 45 10 30 66 90 7 65 59 36 83 16 33 0 72 74 61 72 44 35 22 95 36 60 94 28 14 12 15 91 6 60 19 8 5 51 84 57 46 37 78 29 80 26 49 40 7 75 87 86 27 61 94 13 7 40 43 3 87 22 3 50 45 24 72 57 49 66 75 64 74 65 81 23 80 32 61 1 62 17 82 78 5 61 14 24 69 35 11 70 41 3 5 91 76 11 42 3 63 56 65 26 65 17 10 2 84 24 70 99 22 50 32 70 40 24 24 16 32 49 5 47 31 82 44 73 39 77 94 88 31 61 36 30 7 98 14 84 84 41 1 97 69 58 52 0 31 54 89 61 73 94 49 64 47 79 68 65 21 92 44 22 47 92 87 91 72 94 33 34 60 69 95 76 84 59 13 2 11 4 7 11 93 12 17 94 77 17 15 6 89 22 2 85 22 96 9 8 60 80 96 58 75 51 84 16 53 76 27 86 77 22 42 43 14 44 13 56 9 90 74 68 23 14 20 99 73 94 98 57 40 85 14 88 57 80 54 78 10 58 24 7 22 18 70 3 12 67 58 90 56 37 94 90 67 13 61 11 16 68 85 41 53 24 60 52 49 48 14 45 8 78 3 93 8 21 71 1 53 29 68 4 62 22 46 29 22 28 93 79 57 77 5 12 78 41 45 4 25 61 53 48 11 56 3 48 15 78 75 5 37 35 47 88 74 37 6 8 51 54 16 93 93 81 52 67 64 59 45 28 92 71 87 2 38 61 0 61 42 90 37 20 56 27 44 77 3 65 67 96 44 3 54 23 78 41 83 4 19 63 55 82 92 58 82 28 45 74 88 93 95 86 72 77 44 44 96 89 76 45 3 35 13 62 58 89 5 99 65 70 71 17 73 93 12 12 3 77 53 21 66 91 55 36 53 60 86 99 7 12 4 41 62 33 18 48 62 50 68 62 6 37 11 25 62 52 63 77 83 62 63 71 29 27 36 44 99 82 59 97 54 21 37 31 14 25 49 73 73 51 59 0 38 90 90 74 79 59 99 19 12 7 37 98 39 47 57 43 26 4 
2 84 49 94 44 45 43 97 9 38 41 95 21 30 10 10 62 95 12 49 44 29 97 99 85 78 16 18 67 27 41 90 55 63 50 40 15 14 28 99 7 67 27 25 52 3 5 59 70 84 23 18 96 27 76 26 97 72 95 64 74 39 47 3 1 58 2 37 19 4 94 73 35 14 11 8 23 3 93 27 34 87 52 53 15 91 17 4 17 70 49 31 25 73 70 79 9 93 97 30 20 21 43 30 93 20 70 67 24 35 30 14 51 60 35 76 40 22 96 19 79 93 34 38 31 76 50 33 13 47 53 77 74 37 15 25 98 99 77 93 51 95 58 27 97 32 60 79 8 28 38 83 58 18 49 56 11 54 36 60 51 72 2 10 61 14 64 66 34 28 59 55 99 22 30 14 17 55 72 22 83 16 68 59 59 31 64 99 13 72 85 85 70 26 4 68 79 7 67 34 56 83 5 79 39 15 20 50 26 7 3 2 86 73 32 90 22 70 31 48 27 78 49 5 91 21 31 9 57 8 59 18 22 21 8 4 2 49 45 11 44 12 55 56 62 53 34 63 28 19 72 13 6 30 0 2 84 38 85 40 68 54 88 97 37 98 48 54 0 24 75 68 15 44 20 82 4 52 8 37 26 50 29 27 13 38 15 7 85 14 57 63 13 78 73 37 18 77 71 37 99 64 93 21 48 37 15 20 82 72 71 61 44 5 63 28 85 50 74 35 51 75 57 28 71 32 69 97 14 48 32 15 46 10 91 52 60 45 84 84 76 29 6 79 61 85 86 38 41 88 83 96 47 58 31 0 3 90 4 31 63 31 75 97 88 94 24 4 31 22 87 17 99 95 98 78 24 28 42 81 73 10 10 29 53 46 49 53 97 62 96 99 20 22 81 71 55 8 99 92 94 6 93 78 81 0 31 90 80 37 92 24 22 2 4 52 0 55 37 60 42 89 79 36 96 53 90 43 23 75 64 55 51 31 40 88 41 90 45 6 0 57 58 95 24 95 35 59 2 37 53 33 40 99 62 83 22 28 84 37 24 3 65 5 53 31 63 23 3 95 38 47 65 54 76 98 15 34 27 90 49 11 60 11 16 82 48 98 54 46 60 64 69 72 35 23 10 0 18 91 
31 30 51 40 29 62 46 70 8 39 50 72 78 46 22 98 36 5 84 21 54 16 62 2 81 19 73 15 67 38 10 13 77 34 73 46 37 67 56 79 48 50 39 61 44 76 24 83 0 66 50 64 55 17 77 60 56 55 8 74 67 61 73 51 14 39 1 85 28 10 84 25 41 48 86 73 14 33 40 35 45 76 28 92 70 95 88 89 21 49 78 28 56 30 22 58 63 4 79 5 8 90 41 98 55 49 31 61 31 64 69 33 45 9 71 20 31 5 6 23 93 32 32 69 38 23 8 10 66 73 0 74 19 98 84 47 35 22 93 90 23 29 8 88 96 44 43 14 34 62 31 69 88 95 48 70 3 70 52 45 31 26 92 21 17 23 64 96 48 70 24 53 9 31 48 51 96 53 43 72 66 76 85 59 60 31 71 33 94 11 55 86 84 28 4 61 81 31 10 79 0 64 58 43 99 57 8 16 53 46 33 32 20 56 83 57 1 65 42 84 35 39 56 85 40 34 9 51 90 81 69 22 69 1 56 51 58 96 77 85 37 26 23 25 91 88 27 28 38 93 93 11 67 75 93 29 82 3 63 36 18 29 5 55 11 80 85 11 72 72 54 23 2 35 53 35 75 25 2 71 4 5 52 71 69 46 35 33 66 8 96 72 81 72 78 72 10 75 38 15 82 61 17 4 50 71 95 69 83 23 19 99 16 71 11 83 0 48 73 49 29 49 91 71 48 40 61 36 65 43 71 40 66 43 92 7 56 13 12 12 33 90 85 19 39 72 73 17 7 7 89 57 77 35 40 71 59 82 23 10 29 61 73 80 72 39 36 62 55 28 0 50 74 91 42 28 82 60 44 41 88 41 45 75 62 3 39 16 12 80 3 61 7 31 88 10 97 79 33 17 99 15 3 7 64 89 76 33 17 58 93 30 1 70 53 23 90 69 14 88 23 96 21 44 59 8 7 0 85 65 5 28 78 75 68 34 50 97 57 55 13 45 99 70 45 25 39 42 51 76 8 88 28 44 34 19 69 10 9 90 90 69 62 53 6 65 10 64 22 59 74 42 30 36 97 12 57 75 14 48 73 96 82 56 45 29 86 45 95 42 28 18 13 23 19 99 99 63 17 39 
43 58 95 88 63 20 30 8 75 80 67 9 41 61 38 91 41 99 65 83 75 4 59 50 25 67 83 97 87 77 30 48 99 75 34 0 6 77 72 13 47 37 3 71 3 37 88 42 3 82 6 66 61 86 19 70 89 18 62 55 77 57 35 7 1 13 82 42 85 73 77 11 98 23 85 75 50 25 43 67 93 92 23 1 38 32 68 5 61 34 54 66 63 33 43 26 17 71 28 82 75 41 85 51 67 31 73 2 4 69 61 78 6 39 28 5 3 20 56 27 88 58 82 69 96 57 20 79 83 85 39 3 18 88 84 10 10 8 74 85 67 33 68 33 9 90 88 7 49 3 86 17 76 76 40 17 31 78 21 98 32 60 59 23 61 52 64 65 65 98 91 69 41 67 44 27 89 79 56 61 56 1 53 33 72 89 42 34 15 88 61 71 35 78 15 68 81 5 2 6 2 31 9 71 39 33 12 45 84 38 81 54 18 54 87 48 4 58 90 12 53 84 28 84 10 27 25 98 6 97 48 89 31 96 66 12 1 94 72 33 56 78 92 12 53 3 94 18 23 69 68 86 88 24 4 97 22 24 96 51 42 32 36 54 23 91 14 18 89 24 65 59 6 14 2 78 36 29 11 62 46 94 9 90 57 46 86 5 89 48 25 39 77 19 88 81 93 74 29 19 62 1 3 44 62 29 9 1 78 4 53 39 34 67 89 64 19 90 20 1 87 67 50 98 20 5 52 8 77 99 47 18 70 36 93 56 11 11 95 26 15 55 55 39 45 40 43 34 90 34 79 42 16 2 0 43 31 97 38 33 0 7 26 55 54 95 3 3 61 87 10 90 3 96 62 71 32 87 20 80 17 45 4 37 90 25 89 62 4 45 25 57 60 26 41 15 79 10 99 88 20 35 52 52 75 72 15 86 44 30 68 34 13 10 0 17 8 11 86 61 43 28 51 58 79 55 88 78 60 53 66 83 89 86 41 93 29 88 0 47 21 76 3 26 75 35 52 6 12 33 73 88 40 77 10 49 81 39 0 68 6 68 82 24 38 40 76 84 48 74 67 94 48 43 77 58 73 51 32 79 12 58 53 1 83 15 94 14 56 64 60 58 78 99 71 14 83 54 36 51 
71 36 70 47 95 17 57 9 48 40 54 0 32 94 96 94 72 33 14 3 21 70 20 37 70 24 69 51 77 86 89 6 63 75 23 95 62 96 18 69 50 40 5 24 62 85 30 1 92 76 41 36 59 6 44 2 3 83 32 57 62 63 2 7 50 33 95 77 98 59 74 45 57 11 55 74 24 68 29 52 21 65 4 35 55 17 7 63 63 99 96 56 5 73 7 66 85 76 59 65 33 87 12 53 93 82 66 61 75 2 43 70 89 89 2 39 86 49 92 1 6 13 31 49 97 25 34 87 6 74 88 85 60 21 52 85 90 81 71 28 83 25 74 77 47 99 53 65 74 68 56 83 65 10 76 23 91 23 33 3 82 44 49 78 21 71 73 64 67 55 45 83 31 10 96 40 30 90 3 38 78 54 52 89 19 14 42 97 63 46 90 59 6 81 82 7 39 58 50 76 67 96 15 37 6 82 52 92 34 39 1 10 67 8 92 42 57 45 10 62 7 15 87 36 87 99 61 11 32 91 52 6 9 41 6 94 24 9 24 62 50 96 2 99 58 24 94 36 36 46 25 3 51 60 59 78 53 26 89 2 58 16 36 10 99 39 48 27 99 67 72 10 27 50 63 37 81 19 74 39 62 82 34 90 11 16 23 72 39 98 30 94 55 39 6 0 20 7 97 1 57 76 34 24 47 94 70 94 47 35 18 8 17 53 24 5 30 20 25 85 58 28 92 71 30 14 68 70 31 49 61 45 61 68 70 41 14 61 10 7 61 80 85 95 46 84 91 35 62 1 15 40 68 7 60 49 89 61 39 91 48 92 16 81 16 20 46 56 74 34 94 49 42 30 12 12 68 80 76 45 69 45 82 39 13 42 3 39 44 32 40 64 2 78 94 11 5 70 77 62 16 4 4 77 39 90 83 40 58 14 57 33 56 7 81 82 57 7 98 58 0 40 68 44 88 28 38 83 87 55 20 56 46 67 66 18 65 60 97 47 82 51 53 13 58 20 84 15 26 88 31 27 57 61 11 81 80 93 78 35 43 7 34 95 16 96 1 83 58 20 78 63 16 33 39 87 43 75 80 79 85 99 72 78 46 35 98 51 41 77 84 91 82 79 23 53 61 64 16 89 
53 26 52 26 44 66 55 5 24 41 19 55 55 95 84 33 37 70 36 98 9 81 42 8 44 20 1 21 92 35 22 26 60 36 36 35 27 82 95 52 71 48 12 45 99 15 28 17 26 94 90 24 49 65 67 77 81 6 22 71 62 74 70 97 30 50 64 32 83 38 94 38 6 79 24 54 79 69 38 14 26 87 43 90 16 96 95 25 67 49 26 15 9 86 34 98 79 24 86 35 31 55 62 45 35 12 60 96 93 29 60 16 93 53 10 66 58 34 8 67 79 68 70 85 41 8 17 12 52 21 96 99 30 2 57 65 7 58 86 41 55 19 47 28 95 87 9 47 19 64 84 12 83 23 30 18 78 36 87 81 3 41 54 50 66 18 66 38 2 61 0 53 6 58 70 33 18 77 77 90 55 7 8 73 15 14 44 10 30 7 23 31 76 60 9 92 76 20 19 57 8 92 6 39 34 37 79 16 75 72 91 44 7 29 84 9 20 32 63 47 7 1 82 58 24 51 78 12 12 52 25 50 90 17 73 16 3 76 30 62 26 37 0 77 9 93 28 4 2 34 70 27 24 79 94 96 6 45 96 78 21 83 82 78 76 34 2 77 87 64 59 23 92 30 97 38 75 76 72 33 75 79 45 76 86 74 28 64 94 68 86 20 62 72 51 13 78 27 45 58 54 16 55 55 71 95 69 79 83 76 96 0 38 63 62 26 97 37 70 19 45 36 45 1 7 74 73 37 91 93 76 94 80 46 46 80 45 44 62 99 63 31 43 32 34 74 21 44 16 34 17 83 37 16 28 17 57 41 25 78 85 73 56 8 2 3 0 68 71 88 84 95 90 94 38 24 29 11 54 92 92 50 75 52 89 21 46 80 27 25 65 43 80 48 63 3 85 46 19 72 36 3 1 18 74 14 43 92 84 55 31 12 41 94 41 12 8 52 58 83 76 52 68 1 28 24 82 65 43 88 91 17 0 12 72 4 10 9 79 6 91 88 1 43 85 19 76 29 14 4 79 65 66 23 45 91 5 23 15 73 4 84 78 53 36 31 36 19 44 4 50 47 79 75 42 38 6 94 29 73 47 38 26 56 44 47 40 61 20 54 38 11 39 83 45 51 21 32 25 10 
17 35 95 35 88 43 19 51 79 53 22 47 24 55 76 50 63 42 78 96 7 82 14 47 82 65 87 39 70 77 75 35 38 65 0 25 63 17 73 74 49 71 97 9 20 78 72 46 62 96 90 50 81 27 73 65 60 25 83 2 16 71 2 26 66 29 30 1 7 16 25 45 17 12 48 13 76 26 41 21 42 50 84 33 40 59 36 63 5 68 30 53 53 12 68 84 38 34 91 15 47 33 28 15 67 89 74 1 58 35 15 24 14 52 89 7 31 15 23 48 11 92 75 33 43 8 36 10 17 6 18 89 63 40 22 80 9 25 36 95 43 2 49 73 83 67 43 26 42 87 46 86 87 22 63 48 11 4 68 27 91 25 8 34 59 98 90 12 35 38 90 28 74 16 92 16 78 88 39 73 12 28 12 40 61 18 8 8 37 39 74 27 26 93 50 77 31 50 59 38 62 4 48 84 64 3 9 90 4 80 62 68 41 74 45 24 61 54 4 16 13 38 58 79 69 28 9 20 83 69 86 31 91 69 1 25 87 96 39 18 90 39 73 86 58 27 85 7 6 47 1 39 48 29 40 22 60 74 9 33 39 3 20 61 20 5 9 73 56 54 70 91 29 67 75 47 61 14 74 5 6 97 10 15 90 42 17 46 62 52 48 22 15 61 89 98 79 50 73 55 56 96 4 27 27 92 82 20 96 18 10 13 42 92 59 26 18 88 81 58 27 45 49 58 77 80 93 17 48 1 68 33 87 32 46 23 79 49 35 58 62 4 64 10 65 63 24 99 76 71 75 90 78 60 33 92 42 49 26 81 64 28 14 22 88 59 48 35 16 47 5 92 16 32 54 68 6 4 16 51 18 24 29 75 1 47 72 60 5 36 33 61 89 41 31 4 51 33 84 15 94 91 33 53 26 0 69 35 30 9 5 17 93 38 26 92 41 16 41 56 36 61 54 68 26 25 52 55 97 35 50 66 94 85 52 26 51 42 26 46 96 67 42 6 87 37 80 67 17 12 20 36 11 63 81 78 74 5 43 78 74 41 29 57 54 92 26 53 83 50 7 57 73 89 35 85 27 31 65 1 38 94 61 16 13 88 16 67 91 63 76 71 90 19 70 8 21 21 47 37 
98 17 42 73 45 85 48 18 6 77 5 66 17 68 54 84 49 39 79 97 59 19 0 69 45 39 91 34 13 47 34 35 86 52 23 31 98 47 0 52 59 76 18 45 57 52 18 69 32 62 2 48 48 67 97 65 63 6 90 16 92 26 81 72 73 45 45 66 19 50 91 19 18 47 93 78 1 83 87 58 59 79 46 98 95 79 3 54 77 49 73 10 56 36 37 61 78 51 8 43 17 40 94 31 69 1 62 32 70 42 36 98 32 12 18 30 52 40 1 96 71 50 39 78 36 1 66 8 93 86 41 34 39 21 8 81 9 47 79 28 26 49 29 31 44 0 17 83 87 8 65 25 22 40 56 31 26 60 92 73 59 57 40 3 32 43 12 25 63 67 80 38 14 95 15 55 29 40 37 18 34 20 5 64 45 65 66 73 90 97 24 61 20 16 31 4 8 48 99 34 11 75 46 82 41 13 2 9 41 76 18 32 80 69 35 96 98 39 59 76 6 66 54 28 6 90 21 27 6 85 21 72 82 52 89 57 42 22 33 73 83 50 85 69 75 24 55 22 75 13 97 45 83 71 56 41 51 5 31 21 67 83 34 67 24 25 30 98 74 20 18 67 29 8 37 32 23 7 85 25 9 18 57 30 31 44 92 87 33 78 83 6 84 18 60 59 46 57 42 39 13 53 13 37 58 21 87 65 89 86 2 79 99 50 8 45 12 33 10 86 0 98 76 16 78 67 14 46 76 86 5 79 40 5 29 16 53 18 80 32 6 8 52 25 8 91 51 82 21 0 32 8 23 87 87 30 30 10 85 14 63 85 0 76 9 57 80 31 1 44 3 61 85 57 55 56 24 63 96 11 57 47 97 15 18 3 58 53 35 27 98 65 11 28 93 53 41 32 17 12 93 62 84 0 60 14 69 41 49 54 73 33 15 9 7 64 10 79 7 86 23 54 51 76 86 79 14 79 7 35 54 72 46 41 80 33 13 53 27 52 63 56 23 0 72 49 25 47 40 18 47 53 31 12 57 39 82 38 81 99 58 63 62 31 53 84 0 14 42 13 88 97 44 91 10 7 18 53 97 85 28 92 93 20 44 26 52 19 40 91 37 75 52 90 82 74 59 16 79 91 
51 1 82 65 89 94 22 93 84 44 65 88 96 27 91 6 84 1 64 26 19 95 85 89 8 35 93 88 47 12 58 67 31 48 43 8 20 83 55 25 14 15 99 8 21 84 96 82 76 6 4 77 35 12 21 27 13 67 63 36 67 98 9 40 54 8 3 28 97 0 34 25 11 13 19 12 59 19 56 89 44 98 87 45 90 35 38 48 62 25 26 6 16 64 65 61 40 1 1 88 70 52 79 90 96 5 37 62 13 90 31 88 54 72 46 67 71 53 48 59 40 79 34 92 52 53 63 56 2 58 6 21 50 34 69 18 71 42 32 89 77 33 60 96 41 23 14 37 62 62 25 12 1 69 39 87 3 99 1 24 86 12 65 65 80 69 57 13 19 96 64 34 36 5 51 83 44 71 94 32 36 14 93 21 64 89 96 0 9 16 91 58 96 55 64 6 65 8 42 68 89 6 83 67 11 46 74 89 5 43 36 15 61 73 29 51 91 44 30 41 36 7 64 42 73 0 1 7 43 98 58 60 53 77 56 11 53 29 10 75 29 54 77 23 28 80 76 46 4 8 83 21 69 6 6 16 56 4 28 88 71 33 94 50 53 36 29 58 25 65 88 3 98 95 66 46 64 9 28 70 26 96 13 54 52 71 8 91 55 59 73 46 62 71 70 0 51 62 92 57 19 26 14 15 37 31 52 28 63 74 59 43 95 78 49 88 0 98 16 53 64 87 11 36 35 97 29 70 49 21 26 92 24 77 96 27 17 1 47 0 41 15 20 18 17 33 32 66 45 89 21 17 3 18 67 6 66 11 35 90 23 41 65 34 39 6 7 51 72 55 5 51 47 52 33 7 75 17 88 82 36 99 69 66 69 48 25 96 67 0 39 60 18 61 11 22 52 87 83 1 7 91 28 72 83 86 89 20 76 52 54 73 90 70 93 45 4 84 81 81 1 25 30 23 47 95 39 61 38 10 54 21 79 81 9 46 71 36 35 93 93 87 83 24 95 94 10 7 61 37 56 13 62 31 86 34 36 66 74 87 35 64 25 97 44 4 77 57 66 91 49 42 77 89 21 74 58 80 59 1 92 37 84 66 61 51 82 76 41 41 73 22 86 35 96 10 95 58 52 4 
38 18 0 10 22 3 12 34 95 94 39 55 61 66 28 36 40 7 95 79 16 80 10 96 51 35 99 7 61 43 48 26 88 30 7 18 35 34 22 44 9 98 36 31 2 16 93 90 16 11 93 81 92 35 30 47 54 43 86 71 75 76 19 88 65 20 60 72 34 93 27 65 9 44 8 3 96 72 18 49 78 43 33 26 5 88 23 84 17 59 33 27 69 80 34 46 78 84 92 15 1 87 61 65 26 66 22 41 98 10 59 81 47 29 42 3 62 61 58 7 65 19 1 61 62 19 33 99 18 73 8 44 76 23 85 31 79 58 53 34 49 17 29 27 90 79 61 5 68 94 12 61 88 33 88 75 53 30 41 69 87 24 69 52 62 34 15 57 5 26 40 18 74 42 46 2 33 56 35 24 48 84 80 69 43 76 96 36 29 9 15 15 89 66 59 47 85 5 88 41 51 17 11 55 10 75 38 49 19 24 0 55 74 14 12 58 45 65 41 85 56 37 98 85 6 96 86 72 24 22 41 93 11 31 92 65 83 47 18 81 44 34 38 54 55 50 60 85 43 7 74 33 72 7 39 98 78 72 63 71 38 4 14 53 12 60 24 53 43 65 63 10 99 62 37 78 94 7 34 88 52 68 78 56 21 59 0 68 22 22 66 43 30 95 25 17 37 56 30 79 98 96 16 31 78 52 31 38 59 32 42 86 71 85 15 44 65 11 49 8 10 60 79 11 12 2 38 45 6 88 43 39 91 45 26 89 48 66 91 81 26 25 68 63 31 61 26 25 90 74 16 62 3 99 96 5 52 1 0 41 13 89 99 59 31 74 70 85 96 12 76 73 19 10 21 0 14 21 67 34 30 63 50 47 13 90 66 78 82 58 70 92 37 26 50 75 40 90 94 4 75 84 41 87 18 79 2 86 45 95 62 48 12 64 43 38 34 14 32 0 74 33 97 35 47 23 90 73 57 44 49 20 20 96 0 49 34 20 11 94 57 30 80 67 13 30 79 72 55 25 45 66 90 80 45 23 8 91 11 54 24 59 50 8 54 94 78 17 75 6 54 81 86 15 62 0 97 91 35 2 85 86 66 3 24 81 16 9 60 53 44 56 48 24 17 17 91 48 59 52 
3 45 92 25 42 31 80 9 84 42 26 77 37 93 6 89 19 84 91 69 71 41 21 52 35 23 44 33 55 33 36 10 81 76 15 56 76 93 62 78 67 95 12 47 53 37 24 58 27 14 84 41 29 98 11 72 59 11 24 98 32 55 77 98 96 64 21 43 89 50 32 15 45 12 47 88 93 82 48 7 43 58 54 8 50 86 44 62 5 56 17 84 52 63 48 18 13 6 7 83 24 7 17 71 56 0 62 10 81 33 8 9 42 72 61 99 47 29 19 30 19 78 28 58 55 19 26 23 14 41 54 65 85 28 15 52 83 42 48 22 42 83 92 80 90 36 25 50 42 18 13 27 39 88 12 37 83 17 19 70 81 18 96 69 60 43 58 87 0 53 19 61 51 12 48 67 69 19 68 36 34 88 44 39 54 84 27 45 4 82 12 39 6 71 9 74 78 84 57 30 51 12 60 52 75 67 97 83 46 70 85 29 35 63 30 37 16 33 51 68 63 12 29 45 25 33 67 43 15 74 93 28 98 91 34 5 68 20 50 36 63 93 78 5 37 14 59 78 84 83 41 80 92 1 39 80 81 25 14 37 20 94 56 96 42 57 40 18 26 88 39 15 22 65 98 34 88 32 60 66 76 32 84 87 26 65 41 96 84 26 4 47 69 84 43 90 43 35 6 89 5 22 87 39 7 43 93 47 2 45 13 62 70 16 75 54 65 3 51 27 57 34 19 76 20 72 29 47 67 8 26 58 59 49 5 30 73 82 72 73 65 47 5 61 49 4 72 30 85 35 99 85 2 58 77 4 87 30 75 82 96 51 73 91 50 74 17 31 34 10 43 71 41 67 52 29 63 13 60 18 94 59 15 95 11 49 31 96 73 3 36 69 49 83 1 91 77 38 96 23 2 78 17 56 9 32 99 66 40 1 70 82 21 91 76 76 62 24 74 6 42 14 52 51 19 80 49 38 32 72 96 57 33 77 88 64 35 70 81 78 50 46 58 47 39 76 19 22 58 2 51 33 72 51 41 24 78 15 10 10 9 66 52 14 23 23 92 17 20 79 31 17 96 54 16 17 69 88 86 51 5 99 76 6 11 46 58 9 33 89 87 71 74 68 36 91 20 4 0 39 
19 8 5 24 10 87 62 15 63 95 80 15 10 36 14 17 88 47 27 14 19 84 80 40 38 37 96 23 51 34 43 59 41 76 98 23 79 10 18 62 12 77 88 29 40 87 95 35 1 63 93 4 30 38 23 49 64 64 72 10 45 5 91 85 5 52 61 36 8 50 85 5 1 80 24 0 86 82 93 66 57 1 90 68 31 68 15 15 99 60 28 39 33 18 60 51 46 48 22 68 65 7 20 73 42 93 56 25 62 56 4 57 13 32 6 10 90 13 77 55 90 66 97 34 85 12 72 77 75 95 59 61 72 87 43 92 94 10 7 8 71 23 40 69 37 80 67 11 62 8 6 36 3 12 10 80 56 1 21 29 11 20 66 76 22 47 35 59 73 40 89 53 56 78 6 26 65 13 48 62 44 11 65 67 22 4 21 57 22 32 43 29 31 19 45 6 40 94 51 96 87 44 35 14 16 18 2 0 92 87 83 34 37 88 82 99 75 4 85 75 42 16 61 39 59 46 43 38 50 52 32 60 8 96 26 10 19 4 43 65 32 43 96 8 21 80 35 37 42 10 47 94 3 59 31 48 48 35 97 71 42 84 20 71 8 97 25 89 48 23 24 41 36 35 67 43 38 77 59 61 47 46 73 16 32 28 76 69 89 86 12 52 67 99 1 53 42 27 51 54 72 54 82 76 80 70 19 8 85 64 83 51 86 74 25 83 98 25 25 71 33 95 98 43 19 15 90 22 66 14 65 45 5 19 5 37 45 85 4 8 86 63 59 16 87 50 42 39 76 40 28 47 12 11 53 8 22 59 89 90 91 64 33 49 44 21 63 55 47 67 63 6 71 61 73 80 76 49 51 69 36 86 21 4 98 77 28 55 92 37 95 23 91 97 34 77 8 56 68 39 60 94 79 57 82 26 82 72 3 44 73 78 4 91 88 11 54 2 14 36 78 86 76 86 5 90 75 66 64 65 14 60 46 7 83 98 54 58 97 50 6 53 26 64 76 84 45 99 4 67 98 80 20 43 21 58 50 69 34 68 63 66 14 86 22 39 48 71 12 24 59 32 28 18 5 67 61 20 19 12 99 54 92 52 61 57 71 52 92 45 45 19 49 62 58 87 70 32 50 95 
26 69 66 60 16 7 61 57 65 19 5 14 17 84 92 97 9 2 39 78 91 28 41 97 33 13 56 4 40 58 53 95 28 43 57 99 75 95 91 37 46 99 54 77 97 53 50 29 13 63 83 60 80 11 49 71 46 47 54 14 56 4 48 83 43 1 41 71 43 68 81 61 78 34 83 26 21 60 27 6 1 15 47 42 25 29 77 8 83 19 46 52 62 15 25 61 13 89 10 3 16 64 96 1 83 91 78 76 73 59 38 50 13 21 87 37 23 25 60 69 42 25 79 19 26 99 98 99 77 76 11 60 53 52 45 86 64 35 61 38 73 74 85 19 95 89 36 86 9 67 33 77 22 75 5 28 48 90 3 91 9 36 21 72 19 77 24 16 86 42 85 13 99 67 95 5 15 0 15 71 49 60 82 86 83 2 65 26 30 76 99 7 64 48 89 12 69 18 86 72 72 33 39 29 49 38 0 85 35 48 82 25 59 30 3 59 50 96 60 85 11 49 97 2 44 80 72 98 98 91 62 91 39 70 57 99 62 1 62 8 35 4 53 61 51 68 90 19 69 28 53 42 75 71 58 83 79 84 8 63 97 80 55 81 69 79 47 0 74 75 93 37 1 66 51 93 25 35 68 58 21 55 58 36 19 71 92 72 95 66 83 56 93 53 7 39 35 67 74 61 39 96 77 71 39 91 79 32 33 87 39 47 43 81 39 25 68 25 97 30 22 43 18 21 54 66 57 26 12 87 76 31 76 38 90 41 14 50 35 51 52 77 39 96 12 64 94 64 52 4 57 42 56 68 4 76 9 66 48 52 28 93 49 95 44 95 61 93 33 34 57 55 43 63 79 35 3 94 3 67 11 47 93 5 66 21 66 77 78 34 73 23 30 96 60 38 80 13 56 93 89 52 27 54 96 85 3 75 12 13 40 70 86 97 98 52 9 9 59 47 16 59 71 50 15 63 97 30 23 25 73 98 66 6 21 31 85 38 14 87 68 80 11 8 25 75 9 25 21 41 29 92 62 10 71 77 34 83 65 34 24 85 72 68 59 65 88 84 70 38 60 27 20 94 11 38 42 29 14 2 36 14 71 41 58 49 99 56 97 22 33 67 27 83 58 13 33 94 41 98 
33 35 35 64 1 34 78 9 86 91 36 65 70 59 65 92 4 43 37 93 64 22 64 57 24 85 85 97 62 49 68 53 15 64 55 92 30 12 21 68 15 9 22 40 56 69 35 79 83 71 89 29 68 90 90 71 64 87 91 53 36 31 33 43 22 82 4 28 96 66 93 56 62 80 88 17 26 45 44 17 76 28 44 46 87 54 40 64 5 98 16 80 37 90 10 63 18 95 78 91 42 33 81 99 43 95 88 63 88 45 20 53 40 55 70 22 56 61 5 42 8 90 58 43 7 48 83 16 72 69 78 17 35 40 44 6 67 80 56 97 73 36 52 48 32 85 50 78 22 79 8 16 82 54 29 97 7 33 9 12 51 54 60 9 38 97 50 13 45 92 93 66 51 89 70 68 60 88 26 18 67 60 10 49 64 69 9 80 99 19 42 72 48 52 79 9 68 79 61 49 22 36 38 82 63 42 80 26 70 56 97 8 78 20 66 50 87 77 19 65 96 38 18 90 94 3 9 3 95 29 59 24 82 47 42 4 12 48 66 22 13 75 66 71 70 95 37 38 30 20 33 57 96 85 67 26 87 30 8 7 64 72 68 15 70 20 9 84 57 77 30 23 22 89 17 66 89 82 94 74 7 86 64 51 31 54 60 38 51 55 62 7 47 91 59 48 88 50 54 86 85 5 61 13 4 29 99 95 1 15 53 47 45 76 51 40 76 59 57 37 31 43 79 20 16 20 65 91 50 62 49 77 46 36 89 89 61 47 80 31 38 14 95 60 26 27 22 1 57 1 87 64 71 27 90 78 14 29 2 57 75 55 93 96 86 2 61 10 40 50 35 52 10 36 91 24 11 73 78 85 42 36 58 22 49 98 60 52 38 3 77 70 64 19 91 14 69 35 30 66 69 78 75 70 19 88 38 93 98 37 56 20 27 30 15 62 78 32 17 94 84 38 72 56 77 37 7 80 53 79 14 13 14 74 29 7 74 62 34 85 14 95 35 9 3 54 49 57 41 63 11 22 43 30 28 30 70 49 3 5 49 47 14 51 37 21 50 89 6 91 28 93 36 58 63 75 36 14 56 19 64 52 43 55 3 39 49 8 77 37 46 62 97 50 6 81 78 92 55 41 
78 53 38 32 57 62 19 64 54 15 60 37 24 56 53 53 23 13 30 13 50 37 12 93 18 0 67 57 66 65 69 59 31 9 32 7 74 30 9 73 82 14 97 62 56 61 53 95 50 97 85 17 77 29 6 13 12 73 11 75 46 75 84 10 15 50 95 62 65 51 39 7 7 6 44 24 93 90 21 30 40 16 19 36 22 98 86 29 52 75 2 64 85 4 3 75 9 19 2 73 44 76 33 11 23 69 97 82 94 73 74 22 46 75 39 56 94 21 42 23 60 55 80 47 86 28 48 61 46 20 34 45 41 84 76 81 36 3 18 96 0 62 70 70 52 57 92 95 80 34 40 22 11 39 83 9 94 57 91 75 78 87 14 82 88 76 70 70 43 95 65 78 2 7 2 29 50 39 20 42 46 47 46 62 98 64 71 80 45 8 39 13 28 76 32 60 16 26 12 10 14 21 56 46 94 10 14 3 14 56 20 54 46 97 58 45 59 17 67 72 69 71 34 15 85 60 28 77 66 57 93 99 80 41 34 90 41 51 3 35 36 12 22 76 69 1 1 79 41 90 49 81 67 23 69 75 44 92 62 54 19 51 48 14 70 56 17 10 91 82 51 71 6 75 68 36 43 12 44 44 29 26 32 79 54 71 47 32 51 36 74 27 88 54 73 59 69 28 67 30 47 59 62 79 80 44 81 69 53 65 43 74 38 27 0 50 43 66 91 61 45 98 32 33 44 60 15 98 70 69 6 22 37 10 6 55 8 75 22 13 60 26 23 3 29 16 97 22 38 60 82 8 66 23 98 96 85 57 39 11 43 13 37 89 23 91 8 71 87 74 79 54 46 83 43 96 67 35 66 58 98 13 16 54 66 4 19 99 40 68 95 34 34 36 30 86 16 51 37 94 44 8 62 74 90 19 82 4 22 62 11 35 13 65 54 55 7 14 85 41 9 43 91 87 82 42 69 90 83 58 27 69 12 17 7 57 68 60 19 21 65 34 45 27 29 7 27 21 34 74 28 92 89 8 27 36 38 5 85 52 6 55 21 88 0 94 37 76 67 52 74 41 48 39 19 75 95 44 88 54 56 8 42 31 88 58 53 31 30 45 34 94 47 80 44 38 19 39 62 81 
2 83 54 97 92 89 30 65 64 63 88 66 51 7 83 90 75 44 22 81 39 40 55 96 43 3 57 92 30 81 3 41 60 73 7 40 32 11 68 5 44 51 97 83 25 86 34 77 65 10 99 26 59 79 94 3 56 49 97 22 69 98 0 43 81 66 65 6 80 74 81 99 94 47 65 49 52 21 48 16 8 0 87 68 40 92 2 29 50 61 61 24 14 58 65 92 31 73 56 16 79 10 51 68 39 72 85 46 49 25 57 5 57 44 34 83 45 44 46 84 90 39 15 46 4 12 35 75 80 84 97 15 30 38 99 30 6 96 51 35 45 77 50 21 36 1 18 22 94 6 5 70 35 84 7 88 22 62 57 68 83 32 25 26 97 48 73 8 51 98 93 56 60 80 60 6 28 76 45 6 34 19 93 9 37 20 28 0 59 99 79 80 13 34 6 47 73 14 54 55 15 48 58 58 9 69 7 29 99 65 5 52 7 62 72 60 61 79 22 58 11 74 43 8 42 87 3 35 94 86 1 42 3 18 68 24 58 44 6 5 61 16 26 55 32 10 47 55 39 73 45 17 96 66 73 34 10 92 11 73 32 91 71 43 81 19 91 40 3 37 91 63 44 93 33 62 28 51 32 79 84 95 88 7 70 58 0 44 71 7 82 45 18 11 92 32 85 79 77 84 54 49 69 20 98 39 8 41 7 16 67 37 98 73 29 28 97 50 43 70 36 22 28 18 92 12 13 50 61 32 60 28 98 82 81 34 81 48 87 70 79 96 21 28 11 64 98 44 60 79 57 48 95 84 56 82 6 15 65 83 87 59 28 19 82 35 9 90 12 12 86 25 61 93 23 94 25 29 11 41 41 1 55 13 43 4 13 78 72 74 81 44 73 87 54 93 28 88 17 47 81 97 6 44 48 17 47 72 18 78 37 2 70 14 11 65 62 53 93 43 59 93 92 71 79 33 83 24 28 3 79 73 11 70 88 13 96 5 19 90 77 25 15 44 9 11 49 39 25 4 39 83 95 86 22 94 8 92 38 72 27 28 77 43 85 8 72 83 96 26 1 21 18 94 81 87 96 95 63 20 94 49 71 83 42 73 13 99 3 84 40 33 4 15 61 41 49 23 89 72 
19 90 30 70 92 72 27 74 96 9 74 67 49 33 89 40 51 66 92 80 39 49 78 44 39 88 95 12 30 17 27 69 63 7 92 82 51 73 30 75 85 11 50 2 8 12 6 31 86 33 89 2 49 82 20 9 46 84 7 66 49 3 17 56 51 94 30 66 67 10 88 73 3 17 58 44 44 51 16 42 54 41 36 66 41 36 14 30 23 21 40 34 41 53 71 45 42 24 33 93 94 63 70 20 13 13 23 51 53 72 27 55 71 38 39 7 20 90 92 17 89 56 52 55 42 92 8 7 68 94 52 50 36 59 72 84 7 21 12 52 76 35 55 75 34 27 64 61 23 29 61 98 23 15 99 70 60 65 72 91 23 55 50 29 77 57 37 72 14 98 58 10 41 41 9 81 79 25 28 49 68 30 70 55 41 72 66 22 16 75 58 0 88 61 9 91 5 17 63 80 49 98 58 58 82 50 34 95 17 91 96 39 49 26 77 30 95 3 24 50 6 8 10 71 61 21 35 61 93 70 54 60 63 62 25 59 82 27 98 78 47 55 10 17 8 64 8 62 33 63 65 30 59 2 51 55 42 4 27 66 41 51 8 25 93 57 90 82 82 58 1 44 65 87 55 64 95 92 48 55 68 13 92 66 80 54 16 47 16 51 59 12 0 99 11 75 23 68 50 21 57 58 40 27 39 76 49 84 54 97 66 97 99 13 45 24 23 20 83 21 10 97 35 48 4 32 92 87 74 63 18 15 51 13 8 28 31 91 92 7 22 39 95 72 42 53 96 84 82 84 61 58 95 25 71 66 12 69 0 94 65 49 21 51 21 43 51 41 48 12 85 86 40 67 34 94 32 81 68 3 59 77 92 15 57 62 73 40 29 66 51 74 71 36 83 96 30 30 80 75 82 6 58 80 3 8 32 71 50 52 45 52 71 52 29 29 60 62 42 83 1 51 88 47 93 25 39 39 16 42 8 60 98 55 98 30 8 1 72 68 78 15 58 78 33 35 27 56 7 67 43 82 29 43 96 32 26 17 0 92 7 62 72 92 3 81 41 73 6 50 6 82 16 7 50 22 31 61 24 65 22 97 47 22 57 5 31 7 17 53 80 49 13 82 97 22 41 40 54 38 
88 70 67 35 14 27 11 90 10 9 34 63 29 16 26 61 9 38 49 61 45 41 28 88 73 87 72 78 31 78 20 74 89 54 78 90 11 31 50 69 52 50 14 15 63 89 81 7 36 49 6 23 9 66 34 62 12 96 16 2 3 5 4 15 28 39 69 49 51 9 43 17 59 63 86 93 93 74 48 82 91 51 60 26 49 44 3 40 0 10 1 17 76 67 18 1 19 32 49 29 11 54 7 21 84 22 85 17 85 94 39 35 69 86 97 11 42 4 19 83 45 8 8 29 33 21 90 34 34 60 21 6 93 16 61 78 54 70 8 19 69 59 75 49 75 33 73 83 76 75 89 72 61 38 8 95 50 11 67 96 34 91 41 91 1 74 15 47 97 79 41 40 69 56 41 37 59 53 68 15 97 70 14 19 52 72 7 21 8 71 75 39 87 87 93 80 42 64 15 77 97 16 91 33 26 72 7 51 37 46 91 14 45 76 48 98 35 62 12 19 87 77 86 31 11 54 64 32 24 33 83 75 6 41 14 8 57 26 51 76 70 42 29 73 13 0 16 9 33 41 48 68 81 99 75 82 69 55 38 99 31 53 75 73 25 0 42 35 23 64 2 54 34 44 51 12 32 93 78 18 49 43 37 82 18 34 94 70 33 40 22 72 19 51 22 41 6 73 74 20 75 59 57 76 67 57 28 67 93 57 85 74 33 63 30 8 98 5 6 29 95 87 42 14 36 10 20 51 94 1 77 76 15 58 46 20 41 95 57 61 16 29 40 81 11 47 56 58 84 26 87 1 85 47 0 97 93 33 76 78 83 61 26 93 38 98 13 92 1 21 99 94 49 74 82 77 84 85 76 88 62 30 98 85 65 46 35 78 50 96 99 93 66 92 72 5 53 72 75 43 63 14 80 44 53 36 94 75 56 88 76 61 17 81 47 96 94 84 76 85 5 97 90 55 67 20 55 71 72 43 72 49 98 53 89 70 90 53 66 14 42 12 60 45 62 91 49 88 73 63 19 56 95 25 72 10 55 28 84 30 99 4 12 75 9 80 47 83 3 24 68 75 64 65 51 5 21 90 0 8 46 77 15 69 6 69 8 92 44 58 94 72 17 47 30 28 23 65 89 57 
67 60 89 27 70 54 98 6 91 38 25 38 32 58 53 4 52 48 74 15 87 52 29 12 31 75 51 30 92 79 7 3 47 26 55 21 46 28 37 30 46 80 96 11 83 1 28 40 80 75 84 25 32 30 36 51 85 76 42 34 3 43 65 50 9 73 83 2 16 87 27 44 55 86 55 67 92 36 27 79 52 72 25 23 85 64 57 83 86 16 34 60 51 91 42 94 68 37 44 15 43 91 9 3 38 8 99 6 18 0 35 74 2 49 50 58 17 82 50 90 3 96 71 4 34 92 84 42 54 69 21 88 14 35 57 49 63 83 46 8 45 28 97 24 48 46 48 79 27 56 16 96 4 24 23 20 14 68 48 67 53 77 72 39 72 31 12 16 35 2 19 75 52 14 69 35 28 99 51 28 10 48 1 28 71 26 50 32 9 22 75 49 26 3 1 6 81 45 94 48 43 57 76 58 23 98 26 85 96 31 18 32 69 15 40 0 7 17 68 96 78 88 69 66 10 94 52 33 4 46 44 2 80 10 34 76 58 36 24 53 9 35 2 99 11 8 61 28 50 36 61 20 1 42 90 3 16 1 0 49 59 37 95 26 20 26 81 84 42 82 7 13 63 91 81 19 38 8 18 28 19 40 94 77 29 3 64 82 8 31 62 70 34 88 60 43 21 81 13 30 88 88 19 58 38 33 50 2 72 46 61 17 20 83 22 55 80 2 88 36 66 6 94 39 45 81 26 47 39 0 78 38 20 57 39 45 59 38 14 59 18 38 1 9 67 53 50 62 98 27 69 93 33 85 83 69 66 77 34 93 69 27 82 15 73 10 56 70 96 48 33 79 33 20 78 36 82 69 82 45 86 90 58 94 45 8 36 77 70 37 78 60 87 97 96 84 55 17 94 43 17 0 10 82 75 91 77 7 72 65 31 81 57 95 25 29 41 62 90 34 11 25 43 9 92 42 42 11 53 63 24 60 6 75 25 95 35 38 19 71 10 28 14 86 32 89 11 80 73 19 88 83 52 87 95 29 33 19 3 31 49 21 28 39 1 43 72 95 16 89 96 40 13 65 37 18 31 71 19 64 87 30 11 19 47 95 26 94 19 99 96 70 50 50 17 60 61 59 98 59 
56 13 45 18 31 94 67 87 62 10 15 91 55 87 42 40 87 5 74 66 56 24 3 38 35 91 10 4 32 64 18 11 95 71 51 80 26 94 27 13 4 71 30 77 85 48 38 45 56 16 64 81 81 5 31 45 14 15 92 97 77 32 68 51 30 68 94 83 83 28 78 33 51 15 11 96 64 5 57 56 37 66 39 51 78 36 97 57 34 8 22 41 94 35 12 48 54 59 44 16 24 97 63 69 94 22 12 94 73 63 51 17 16 92 65 33 2 12 93 81 99 81 8 15 27 78 35 9 25 36 49 19 8 26 93 37 50 22 78 70 21 71 94 92 87 99 92 30 87 56 17 46 36 30 35 10 66 50 60 71 8 65 98 84 56 32 55 77 62 79 52 9 57 90 89 34 94 30 54 74 62 80 70 14 13 23 96 63 66 60 29 1 6 81 26 22 8 34 40 6 53 75 26 17 72 7 31 47 62 6 94 52 9 7 4 46 83 27 26 98 77 14 30 4 16 89 70 34 92 86 1 9 64 48 41 72 57 3 81 85 53 75 32 57 73 58 20 37 93 50 69 45 38 24 10 77 33 78 30 33 19 53 83 82 46 53 56 50 32 46 49 71 80 29 84 67 17 84 12 78 53 78 79 86 58 96 72 56 70 45 69 6 36 76 44 37 33 38 39 12 61 78 87 94 58 82 81 73 77 81 17 96 29 1 19 88 66 68 93 12 27 21 3 51 16 17 40 0 13 74 27 25 46 93 30 58 31 82 59 70 80 79 87 28 19 50 91 69 66 58 55 6 4 92 46 90 20 1 29 90 2 61 67 42 97 31 25 7 56 57 96 85 62 21 59 45 5 17 57 67 93 32 48 14 39 97 18 99 15 11 86 80 83 17 40 87 40 19 79 80 39 89 64 94 55 6 58 69 52 24 19 78 68 17 46 34 1 96 57 33 70 3 81 55 58 95 8 76 70 12 49 17 91 66 99 64 1 82 38 55 6 92 91 62 59 84 22 61 21 30 81 96 44 59 46 29 31 82 36 93 68 35 20 57 78 2 13 61 88 90 76 61 41 94 25 73 44 13 80 81 37 2 41 20 74 94 68 27 59 36 17 38 36 58 41 84 91 93 97 36 
72 78 39 1 79 45 40 74 5 19 65 39 66 37 43 97 87 73 36 65 81 23 93 72 23 21 32 94 1 17 3 36 35 20 99 41 49 92 68 27 80 90 79 41 5 82 80 85 25 3 35 96 71 0 54 32 15 55 29 54 22 96 2 94 57 19 74 12 19 77 49 91 32 65 18 91 47 81 7 78 21 35 15 45 15 20 60 19 90 95 24 16 8 73 11 12 16 76 1 10 1 24 40 39 35 46 26 82 97 69 68 89 38 79 53 24 62 82 23 7 33 61 70 72 10 62 6 10 19 43 93 50 25 57 16 42 24 79 72 2 14 49 71 79 29 33 61 14 63 15 76 83 60 54 76 22 36 19 44 69 4 66 73 10 38 1 17 7 33 94 39 83 42 78 16 28 49 44 22 69 23 81 40 55 38 71 73 32 93 25 42 89 66 8 6 29 18 97 53 32 80 46 18 15 47 84 70 56 77 15 68 42 29 15 81 18 96 31 18 60 98 90 90 67 78 37 71 15 76 7 59 30 46 33 84 57 51 49 55 48 39 32 76 16 16 77 86 61 45 80 0 62 78 70 61 94 26 58 18 45 33 97 46 17 76 83 34 31 88 81 55 45 74 81 9 24 17 10 1 63 0 81 33 4 34 25 14 96 1 11 11 30 51 31 17 29 5 7 40 17 14 22 0 43 76 40 45 60 49 74 86 8 33 21 12 14 55 35 37 97 0 50 90 38 29 83 50 92 44 87 82 33 45 21 26 15 22 63 68 93 58 51 4 83 62 71 89 6 17 24 28 35 82 58 65 72 37 17 82 43 37 15 32 67 88 41 10 13 67 70 52 99 38 90 13 89 31 31 58 99 11 8 88 32 72 90 22 37 65 75 74 56 38 29 54 71 69 60 81 93 12 80 48 81 0 87 16 33 72 82 21 89 77 69 51 63 70 77 5 92 91 54 39 77 37 45 76 93 17 47 11 93 44 19 27 16 11 61 29 33 47 23 40 44 59 98 27 71 52 9 65 58 49 11 49 28 64 62 81 38 10 95 39 44 8 27 35 66 45 15 88 0 18 91 18 9 48 30 11 57 59 97 63 61 52 88 69 41 68 7 83 69 30 98 56 33 92 9 64 26 
4 67 58 92 52 30 21 58 53 77 29 54 41 11 30 92 88 83 84 53 91 62 87 16 56 76 75 16 24 39 88 20 15 8 71 64 17 47 53 1 0 85 84 33 5 72 2 35 31 77 25 12 43 49 27 18 96 0 93 21 16 33 7 32 54 78 20 23 6 63 8 46 77 66 27 81 35 99 57 62 58 52 56 28 64 59 5 29 43 20 85 20 14 26 35 44 42 68 47 54 6 39 81 27 26 25 66 74 72 30 44 20 79 93 31 51 97 3 96 34 37 45 39 91 93 26 0 0 12 80 70 93 25 35 84 70 4 90 56 62 38 93 31 11 73 59 23 27 52 92 94 89 39 87 33 30 87 52 47 67 27 42 80 58 45 47 60 50 62 90 93 67 6 55 23 88 86 28 32 34 13 18 29 51 15 94 99 64 24 77 89 93 78 85 37 25 84 85 62 81 68 69 9 51 19 71 55 38 3 21 44 30 93 13 13 80 68 49 49 86 43 67 35 89 12 98 69 86 76 24 35 14 29 13 90 22 78 71 84 53 6 92 22 50 87 16 69 42 70 22 93 4 3 75 67 0 99 9 59 20 53 64 80 32 45 45 48 9 59 95 47 79 12 1 45 92 90 50 30 31 63 68 99 87 89 13 92 56 73 67 76 18 25 7 4 74 45 77 14 79 71 93 73 44 90 59 28 23 73 39 95 28 43 67 6 72 94 8 63 72 56 56 74 7 86 74 15 65 32 50 14 17 88 45 52 57 43 73 41 26 43 42 33 98 91 4 58 11 26 10 63 86 70 38 60 92 87 9 24 30 86 72 34 91 19 87 62 95 24 43 92 21 25 11 50 4 67 99 47 64 58 15 1 47 95 97 63 65 40 53 55 98 92 85 12 58 67 36 81 62 28 25 89 80 6 60 26 85 65 58 72 24 64 39 73 87 35 28 10 31 15 26 55 62 87 7 19 10 27 60 25 21 95 26 51 91 29 4 82 96 6 85 67 21 83 72 97 60 77 76 46 23 36 64 68 0 98 3 58 74 5 27 48 43 15 50 63 95 22 20 26 96 49 62 75 78 85 33 32 64 96 36 66 80 40 29 38 77 71 21 16 76 20 94 6 77 31 49 53 59 
89 98 67 38 72 95 37 47 91 24 65 89 34 46 11 2 78 8 89 95 56 93 65 13 25 35 76 1 86 58 66 15 64 98 27 16 60 22 56 86 66 19 9 79 46 6 69 72 82 84 74 88 54 67 49 10 82 24 23 89 27 52 27 74 58 23 6 23 53 24 0 99 7 95 16 24 75 89 92 0 62 90 68 33 46 17 25 62 27 34 20 43 77 28 14 62 52 98 0 50 28 47 36 95 67 88 88 9 80 62 99 24 59 49 25 58 99 75 87 34 26 0 30 59 46 28 52 58 31 26 72 93 76 69 77 91 39 9 54 12 50 92 73 60 74 8 78 8 62 0 97 27 32 18 61 29 95 96 74 44 58 48 80 40 4 53 26 76 47 9 57 80 57 11 72 28 94 76 56 91 65 46 93 97 47 64 28 60 48 61 12 22 76 17 96 42 28 30 74 42 41 72 39 80 76 61 15 34 21 84 29 7 46 55 71 4 72 74 53 65 97 25 66 93 21 76 32 44 52 91 34 17 75 79 71 25 0 59 48 25 68 15 63 30 4 92 97 29 71 35 6 19 99 59 94 84 73 80 90 74 95 90 25 52 61 29 31 8 52 96 91 1 97 42 37 96 53 13 46 35 26 82 89 81 31 36 9 38 65 38 32 47 44 82 95 24 8 3 94 74 19 26 2 63 69 98 90 26 57 24 19 91 81 28 96 90 93 10 90 51 62 0 2 26 37 21 51 25 62 67 25 6 99 55 51 58 1 44 95 92 48 32 34 4 17 17 76 92 9 16 72 17 7 84 19 66 53 0 16 85 30 63 44 9 86 43 46 69 33 25 73 19 1 64 4 65 25 50 13 82 74 58 21 3 12 4 1 4 14 24 2 55 18 41 73 36 19 17 88 23 77 33 17 96 37 45 86 39 27 85 69 4 79 92 30 92 27 81 95 50 79 98 77 38 37 44 29 29 37 56 9 0 84 89 51 49 90 82 25 53 99 52 73 17 89 85 97 14 95 72 71 49 52 15 16 22 7 86 43 58 16 91 6 43 74 3 74 33 58 52 12 99 30 20 93 92 14 48 58 71 84 98 2 36 83 82 13 84 86 73 81 9 77 68 53 38 94 41 58 98 
58 93 80 91 39 91 4 26 50 1 20 30 48 30 61 96 32 57 57 19 59 51 89 68 13 36 35 8 96 80 15 16 49 94 47 29 98 25 79 29 75 90 24 93 16 8 60 26 53 66 9 16 66 70 38 6 24 50 69 40 28 35 65 68 82 59 47 55 13 44 47 95 69 41 86 43 81 61 74 41 82 63 86 75 39 45 46 91 40 56 19 28 63 84 45 25 45 69 73 90 34 38 60 66 68 11 71 21 13 48 82 20 38 10 45 24 96 32 16 2 48 56 39 45 3 28 10 79 53 54 43 50 33 22 90 16 45 51 10 8 44 47 69 43 88 60 20 19 56 94 79 82 75 70 73 78 53 5 92 10 43 15 21 16 50 52 96 77 19 83 65 48 12 97 83 87 82 82 65 96 14 11 98 20 81 1 1 72 31 31 66 58 88 15 79 4 89 29 40 5 23 96 22 37 88 13 12 40 2 31 33 65 72 46 61 13 9 63 85 97 75 39 72 38 68 84 96 99 0 42 47 55 2 88 26 48 47 87 97 80 83 63 68 75 34 33 38 6 25 92 50 17 4 15 57 69 81 10 58 0 9 18 4 0 18 87 57 70 92 20 38 58 49 7 0 86 54 64 83 10 55 96 18 5 90 50 33 55 18 35 42 55 26 85 60 70 19 8 32 96 66 81 76 75 92 68 66 42 71 96 1 26 40 34 14 38 38 11 59 53 98 16 99 41 12 34 23 58 93 72 93 26 4 77 59 1 22 64 99 7 74 38 9 49 93 34 24 35 65 5 10 26 72 28 26 41 73 23 54 46 16 34 83 41 60 84 59 65 22 39 94 6 17 54 16 73 9 73 79 79 63 15 66 65 17 81 59 20 9 28 29 52 37 16 12 33 51 50 14 94 78 98 39 56 72 28 76 58 60 5 40 31 5 19 5 93 88 92 30 83 74 81 47 40 72 76 24 86 68 83 85 94 22 25 11 22 70 15 51 95 87 86 98 52 30 34 69 27 24 49 55 46 68 86 62 85 3 51 79 12 54 69 43 71 1 44 63 67 92 24 0 83 23 60 25 56 80 7 13 35 23 14 57 78 38 29 95 14 34 23 82 95 17 18 73 59 40 59 84 58 
52 40 62 18 26 87 76 21 29 98 88 34 0 48 88 83 41 60 95 6 78 5 90 6 86 80 28 25 19 77 46 27 34 47 23 87 48 51 30 54 60 71 85 32 13 35 45 66 26 70 56 70 48 2 76 15 3 45 43 33 41 68 77 6 67 57 19 70 71 61 34 23 96 55 98 12 14 25 9 96 13 5 82 42 54 18 11 58 79 83 45 75 20 80 61 10 85 95 11 6 88 50 93 66 94 73 32 37 12 99 38 67 47 59 82 34 73 92 85 23 80 75 13 5 7 44 63 92 77 18 15 91 17 13 98 66 68 94 66 57 59 70 44 49 5 55 27 1 11 20 6 33 3 94 8 55 1 42 29 78 58 78 95 95 53 87 67 76 54 63 88 5 55 90 74 18 83 27 1 40 52 25 99 44 82 82 4 87 25 68 67 76 22 81 59 85 38 75 82 8 35 19 29 79 18 6 35 28 56 48 67 61 20 41 16 95 62 69 72 50 26 54 34 48 34 61 78 0 68 74 33 77 70 97 27 27 4 83 89 18 35 33 31 46 92 20 83 50 69 69 4 29 3 85 68 0 20 96 78 99 24 13 60 48 33 60 48 94 71 26 50 70 64 66 89 50 52 21 1 88 20 20 78 9 91 15 83 23 43 19 21 83 58 12 84 57 62 27 0 72 93 25 22 66 75 4 36 35 82 29 6 1 15 44 78 62 57 73 59 99 33 63 36 52 36 24 18 48 71 15 95 9 25 15 8 50 50 70 12 11 3 53 9 68 22 84 93 64 42 54 80 15 29 61 59 87 19 41 19 38 3 53 96 22 70 49 10 72 8 91 23 61 61 26 33 46 40 53 88 1 59 73 81 80 13 25 86 4 12 35 13 67 78 78 11 15 68 64 77 63 22 31 46 0 17 20 33 37 15 57 68 35 25 19 5 4 73 85 61 22 68 47 27 50 8 73 90 28 26 80 73 74 61 59 19 37 43 97 62 70 39 58 94 65 50 93 66 68 31 16 62 64 69 44 77 93 0 40 48 6 48 21 75 11 89 50 53 0 36 85 73 11 52 18 70 69 69 51 70 77 88 83 10 78 99 23 88 30 94 40 17 69 0 81 71 92 89 11 79 6 
44 92 19 34 94 44 24 17 32 56 70 72 86 20 34 60 50 5 62 84 41 4 71 35 51 87 95 65 88 74 69 56 15 30 18 73 52 54 27 75 56 41 15 14 63 10 64 1 8 31 25 11 16 53 1 76 54 95 48 49 0 52 70 72 21 87 97 61 33 45 84 32 85 1 2 18 93 99 68 18 71 0 61 71 28 85 92 14 97 30 96 73 0 73 31 60 14 2 70 77 1 62 89 81 79 10 13 23 90 23 74 58 12 66 21 46 29 64 95 97 30 73 88 22 73 83 20 78 0 15 87 59 15 79 47 26 53 38 1 79 11 66 99 90 76 4 27 24 59 8 74 15 4 27 61 3 13 6 68 26 3 67 76 35 0 61 39 84 85 97 43 38 75 71 68 98 62 7 17 83 11 88 11 3 49 95 4 30 79 94 95 65 62 77 53 98 34 41 86 45 21 32 23 52 72 6 55 3 47 25 46 65 55 91 23 21 84 77 13 89 98 57 35 26 2 13 38 6 7 38 21 83 29 13 33 84 12 47 10 88 55 53 55 10 2 91 10 97 43 61 12 74 0 63 3 48 88 89 54 46 23 43 56 66 56 5 46 64 40 69 99 68 61 27 81 31 16 83 97 57 54 50 8 61 20 91 55 40 5 67 16 49 64 62 59 26 13 52 4 91 43 43 58 99 44 46 90 11 35 42 34 80 94 81 51 78 39 73 36 27 27 25 71 22 0 23 2 36 69 68 83 43 16 68 4 74 24 55 39 95 29 12 46 26 84 38 95 86 61 40 89 51 24 97 30 54 43 69 69 59 20 97 73 65 47 75 70 22 83 95 25 70 52 5 53 90 68 81 18 6 15 11 66 3 21 44 24 73 86 73 18 61 53 6 3 98 16 80 46 69 50 32 74 5 76 0 7 38 40 79 7 0 84 66 15 53 36 78 83 91 38 20 99 0 22 61 55 51 16 69 20 88 67 61 26 93 18 3 55 58 40 64 49 33 81 9 99 96 88 92 42 42 73 37 7 34 12 70 44 22 2 81 15 34 97 26 90 66 61 16 66 69 61 30 14 16 23 96 43 47 40 68 8 51 51 59 78 29 58 48 96 82 0 94 30 70 5 53 18 64 
56 48 32 15 95 22 49 80 47 81 85 48 59 87 44 54 36 4 72 13 25 41 34 18 48 1 54 98 5 78 44 66 50 94 35 83 75 61 96 67 69 89 12 45 49 37 87 33 97 70 41 5 36 12 64 49 98 24 35 68 33 0 13 74 50 50 48 58 42 48 2 92 40 88 68 57 65 93 46 76 54 63 69 97 78 27 21 58 36 60 86 21 98 58 83 21 24 20 75 8 94 46 11 9 68 9 92 61 78 44 32 11 73 62 68 14 76 17 13 85 64 0 23 10 82 80 30 83 25 26 69 0 12 22 85 85 31 68 95 10 20 45 25 4 70 36 83 88 99 52 35 59 88 14 88 83 10 66 55 32 42 3 59 38 55 10 45 78 10 76 65 34 80 37 97 75 24 46 67 89 37 63 21 34 58 29 51 3 36 14 39 74 58 61 59 93 8 60 58 25 98 10 75 75 87 78 58 72 52 1 50 49 85 46 10 39 17 30 11 89 62 61 86 24 20 39 17 58 52 99 75 34 23 62 66 99 42 14 4 72 78 27 44 1 70 37 4 40 4 90 44 87 92 2 91 19 48 42 17 8 26 21 76 83 97 88 20 98 36 69 85 19 1 38 88 33 56 97 83 70 63 23 80 8 52 99 35 8 22 69 35 41 36 70 71 20 82 32 26 48 68 81 85 60 40 23 87 21 73 91 30 58 52 49 65 59 40 44 19 30 38 32 8 15 33 68 21 28 66 9 2 31 61 35 71 2 0 32 72 39 0 51 79 91 82 96 86 41 13 29 99 41 14 9 95 55 62 58 70 14 73 96 28 61 28 40 85 42 46 77 87 22 23 91 13 64 32 42 16 65 81 56 67 77 69 31 9 88 94 77 81 58 79 65 53 51 90 67 64 28 86 75 93 12 62 32 12 5 92 24 10 54 23 98 66 9 2 68 72 19 99 89 45 79 15 18 49 74 73 59 29 68 76 76 95 82 20 65 63 33 92 30 90 81 60 55 48 56 39 22 38 91 27 9 42 79 96 87 77 96 10 99 34 18 22 24 75 93 16 1 37 84 32 35 26 74 97 25 95 31 55 99 22 86 27 14 9 67 50 7 96 38 14 69 60 81 55 85 87 98 
66 56 26 67 87 33 91 13 81 64 55 5 14 93 37 86 63 86 64 8 72 83 82 77 39 66 45 87 63 27 51 99 69 43 77 17 36 68 69 5 29 90 53 38 15 65 34 16 22 31 24 38 52 1 77 22 35 89 14 57 25 65 36 8 71 95 18 18 46 21 51 25 94 59 86 92 60 45 31 61 7 4 33 12 81 31 5 61 25 87 91 88 12 46 29 5 50 51 97 42 57 68 8 44 22 51 85 20 54 36 3 52 0 78 91 7 56 21 68 60 50 39 51 39 3 58 11 88 42 84 20 14 85 75 40 36 35 67 14 99 93 23 44 50 29 18 60 67 12 4 0 55 3 51 29 19 45 69 90 76 3 50 15 81 17 7 11 61 20 40 30 59 27 78 18 55 9 55 56 25 50 0 43 70 21 49 19 8 74 13 63 58 26 50 27 9 32 19 52 83 90 95 18 66 44 93 37 73 85 7 4 14 66 10 70 35 86 37 71 97 62 91 20 78 64 15 54 56 20 79 87 44 99 98 93 72 84 28 51 78 46 51 54 71 36 3 19 43 47 48 55 83 34 26 37 48 34 89 49 42 14 81 25 28 54 74 93 81 25 96 17 78 2 68 3 10 37 9 6 99 14 31 18 10 52 84 32 55 71 82 26 98 45 64 14 44 10 17 75 16 96 30 2 44 54 90 18 17 63 76 30 43 61 61 94 80 39 73 82 87 32 93 46 4 94 18 56 86 23 51 74 44 69 98 4 93 52 61 74 90 46 46 25 57 77 31 20 85 56 91 65 10 36 62 11 72 30 54 61 0 43 89 90 98 28 90 68 11 33 64 84 78 7 62 93 45 97 26 70 25 85 52 44 19 92 36 87 14 23 30 99 60 51 34 48 1 59 13 43 11 96 76 95 48 11 4 60 10 49 18 62 72 3 91 69 56 61 36 12 29 94 86 73 38 95 80 74 22 83 55 67 78 87 10 83 31 5 55 35 51 86 70 67 67 51 62 7 61 9 21 23 40 93 25 41 50 97 59 47 3 24 25 2 81 3 96 73 9 42 56 53 65 1 88 40 92 60 10 18 4 22 85 84 77 60 82 39 61 82 7 72 60 87 0 47 44 73 33 11 3 
88 88 19 99 98 24 33 83 91 88 34 45 38 88 49 20 98 33 47 27 31 6 68 59 7 8 14 64 53 60 99 54 84 70 92 48 74 37 89 8 85 85 34 8 81 91 44 93 54 83 43 50 44 74 43 7 21 12 75 96 92 24 8 51 94 43 82 79 23 15 11 96 64 48 50 51 49 40 75 64 69 50 53 64 28 90 57 11 54 18 42 19 2 57 15 51 65 40 43 65 24 45 14 85 69 17 84 73 4 3 55 8 50 95 7 24 59 9 91 73 61 78 65 85 58 20 42 99 42 29 30 81 18 32 25 42 53 44 30 49 82 3 37 26 11 65 33 93 59 19 57 86 74 54 35 84 6 92 49 71 32 49 34 62 89 4 2 1 70 53 55 86 34 16 13 34 58 90 83 57 56 54 43 45 87 92 64 94 90 56 78 71 27 52 9 22 35 81 44 66 96 3 15 1 54 56 53 7 70 35 92 14 8 9 63 80 42 5 59 57 98 64 35 95 33 62 74 25 33 98 5 17 27 43 6 28 12 53 39 44 41 66 49 93 94 14 18 63 22 73 45 32 7 25 12 36 35 73 29 64 11 98 47 9 43 10 80 31 34 76 23 80 65 29 45 53 73 56 52 4 29 90 50 9 38 82 76 62 37 97 55 48 71 26 35 61 31 83 38 73 46 55 39 88 5 31 17 40 72 86 20 58 28 59 69 12 56 98 34 2 23 55 52 48 1 66 63 7 15 56 82 83 14 50 19 24 1 57 48 91 69 48 10 5 60 5 62 24 77 24 61 17 14 76 0 74 69 81 90 88 72 25 98 82 57 44 70 79 8 83 32 56 52 57 91 40 68 89 81 1 33 48 35 50 33 31 33 7 18 45 97 63 1 21 77 95 26 85 67 66 58 7 12 94 83 34 97 22 70 21 42 42 12 4 75 36 46 90 43 46 60 23 11 85 9 5 82 79 52 35 79 24 70 95 31 14 60 88 33 92 85 39 73 61 53 66 86 66 75 3 79 13 94 1 83 15 48 11 10 54 43 47 7 80 76 99 22 79 10 4 38 4 39 95 17 14 28 95 67 77 24 75 64 98 70 48 85 10 73 81 34 19 90 29 64 91 96 39 66 87 
76 86 60 69 35 97 31 88 99 17 77 29 33 94 33 77 75 64 42 52 24 24 82 9 82 83 6 27 32 8 7 97 29 0 95 43 69 91 90 64 22 81 91 40 75 84 94 96 49 20 27 76 89 92 1 77 19 83 98 98 24 39 16 21 56 19 78 43 90 22 71 5 37 43 95 21 71 90 30 53 96 98 77 63 30 9 42 47 37 54 67 33 30 71 64 41 30 73 23 51 2 66 56 14 64 44 24 92 17 9 41 32 53 89 24 21 24 37 23 83 51 24 0 10 15 45 94 16 52 60 67 15 1 71 83 25 12 63 84 79 14 67 2 38 46 49 91 32 83 78 24 7 49 53 47 91 69 44 78 7 33 55 55 27 98 57 19 2 49 34 93 61 30 13 14 10 15 92 7 80 94 93 73 91 50 82 15 81 43 38 65 48 90 31 95 55 37 29 59 15 14 61 49 45 97 71 60 77 96 76 40 18 10 23 84 90 48 19 28 7 82 15 90 64 42 37 23 85 81 65 10 34 89 61 86 59 18 7 2 59 65 42 23 66 37 35 50 93 57 64 36 95 23 28 89 55 42 47 17 34 35 13 20 3 49 17 40 95 24 67 19 24 91 54 15 1 92 6 98 48 41 7 70 2 16 19 83 29 9 56 55 15 52 46 77 17 97 42 53 88 30 45 16 11 23 27 69 94 2 22 64 32 87 11 27 70 37 79 72 11 14 96 28 65 75 62 41 67 63 80 4 39 55 14 60 4 50 7 82 79 72 34 77 86 74 82 69 75 99 28 25 59 90 22 4 22 57 23 9 39 35 76 17 14 36 52 5 30 19 35 62 37 14 54 12 44 27 91 20 97 54 77 22 96 5 14 50 45 99 9 72 72 25 47 42 36 46 99 29 63 12 25 35 21 65 39 73 86 2 90 47 50 88 82 62 5 92 23 60 76 73 48 77 37 11 35 39 91 93 61 53 91 3 92 88 54 53 91 13 7 44 80 54 69 53 2 30 70 74 39 19 3 57 21 34 40 82 0 34 40 65 14 97 43 93 74 16 83 13 51 96 3 80 30 23 16 1 49 3 7 50 87 44 73 16 13 24 4 62 84 78 53 34 74 13 40 38 31 29 41 
96 25 44 28 41 28 53 82 60 7 49 82 60 4 17 85 38 43 55 82 51 14 16 75 39 76 93 83 49 64 10 53 74 89 37 22 29 33 16 82 29 90 99 40 75 0 75 60 62 64 24 58 61 97 89 64 62 65 92 14 14 8 19 67 8 59 81 72 47 88 44 31 39 99 30 79 19 62 61 35 43 68 18 24 40 46 81 40 7 78 68 53 20 90 29 12 42 63 5 51 69 56 17 8 7 25 68 19 55 85 89 91 39 86 86 2 93 57 15 35 40 15 47 26 33 77 80 27 37 37 90 80 49 72 64 71 52 94 29 48 88 85 3 62 68 95 93 67 63 96 39 92 40 80 36 64 79 14 48 11 48 41 23 76 13 17 22 95 87 65 6 7 50 41 15 10 69 74 3 32 70 26 20 48 75 37 78 35 27 84 83 30 50 63 25 10 85 26 46 66 65 76 50 8 4 43 99 7 95 79 1 17 44 16 34 93 1 86 75 53 28 33 35 96 52 39 96 88 45 73 49 64 11 26 60 27 27 98 94 72 61 94 90 82 51 36 90 39 7 93 6 97 98 81 19 42 50 38 37 18 42 76 76 53 29 21 71 92 82 80 28 34 7 37 22 7 89 60 85 25 20 83 29 13 16 78 83 31 94 3 81 73 73 96 37 88 62 85 66 45 1 45 97 65 48 8 40 70 72 1 68 63 78 54 58 17 69 46 10 62 57 99 39 54 81 15 7 95 74 12 28 45 99 45 74 97 94 61 61 12 6 71 53 78 14 37 37 18 73 75 39 83 90 15 6 7 18 21 50 4 50 59 13 14 44 96 7 15 7 66 37 81 4 17 70 83 51 86 2 2 78 40 30 38 58 87 12 30 64 80 35 81 12 38 65 86 91 8 94 34 31 71 69 30 14 24 11 17 34 12 74 36 48 72 5 78 94 47 48 63 58 3 55 6 94 11 9 9 60 8 70 60 50 42 79 72 81 84 76 90 92 32 46 91 21 53 69 50 98 95 3 39 48 84 72 23 21 29 51 25 34 29 32 24 27 36 14 1 47 27 57 0 74 99 41 63 4 87 47 6 63 7 0 91 68 24 22 15 64 35 61 65 46 54 50 13 50 19 92 2 
90 57 61 56 7 62 38 48 63 68 37 54 99 69 29 28 45 41 83 73 76 94 69 83 59 14 72 48 84 79 96 53 58 25 22 26 39 76 72 16 94 22 18 97 49 5 39 21 4 51 9 13 37 58 94 43 42 53 55 78 28 88 28 96 36 58 42 96 49 25 2 25 29 18 72 35 69 72 61 10 36 31 97 29 91 99 92 29 51 98 15 48 19 47 64 38 98 30 80 95 49 84 68 81 6 79 50 13 67 23 95 41 31 68 97 0 44 57 80 30 88 84 36 45 72 15 47 43 12 84 20 92 39 15 44 94 6 53 41 69 93 91 99 86 72 5 27 80 84 15 30 81 51 61 40 15 79 99 8 88 9 38 11 23 86 48 47 98 90 56 67 95 77 92 85 16 34 40 77 52 66 42 75 65 40 3 83 97 36 40 23 0 15 68 14 41 95 5 49 19 11 69 87 35 30 46 62 56 14 84 61 35 67 90 20 75 48 57 96 52 39 3 37 44 89 79 8 47 9 91 38 53 15 37 76 53 44 94 44 90 27 87 40 50 7 62 90 26 71 82 40 43 73 10 3 26 98 55 65 83 71 96 0 60 29 82 67 56 53 59 10 65 0 8 45 60 50 93 11 85 54 77 33 97 47 5 50 51 57 66 28 76 52 18 84 58 98 32 72 34 58 58 49 2 7 94 55 65 57 48 61 27 16 4 65 9 49 44 74 0 32 83 58 98 46 74 91 30 58 55 24 53 10 9 49 51 31 34 68 83 97 28 69 14 4 39 41 54 12 15 34 93 42 33 30 31 25 10 99 10 40 27 98 42 98 0 28 40 39 48 30 6 11 6 37 29 0 74 0 41 7 95 74 97 13 68 25 58 49 90 9 32 2 6 34 86 9 36 93 61 0 63 73 91 53 62 4 95 20 65 6 61 29 90 5 50 44 96 15 4 97 37 18 41 18 11 11 71 43 18 87 36 57 99 55 27 25 48 9 52 46 33 48 75 44 61 64 36 80 70 35 29 68 68 12 93 67 29 27 6 13 21 48 77 91 60 75 37 46 61 72 46 42 36 79 74 75 67 5 93 25 11 61 64 72 4 73 86 32 24 70 5 71 36 21 53 59 78 73 4 
68 22 8 82 27 26 81 95 35 55 37 72 13 81 46 65 46 40 48 97 78 75 65 27 94 32 76 40 61 88 26 61 33 62 75 6 22 40 1 91 44 65 78 76 7 3 25 51 96 31 81 25 43 99 94 77 96 30 35 23 41 67 76 21 39 91 43 34 35 83 32 91 57 91 2 28 14 92 82 20 55 22 8 88 19 8 85 52 48 19 20 2 58 90 49 21 82 19 26 42 61 78 60 54 74 20 96 54 36 72 33 96 69 39 9 76 22 10 81 99 15 19 75 12 77 30 27 68 11 86 13 52 44 6 74 71 50 0 85 24 26 83 15 15 88 53 28 74 10 1 74 14 37 25 35 69 67 56 57 79 18 27 89 86 33 83 9 2 46 87 97 11 20 58 82 66 21 82 24 36 30 74 67 93 55 1 34 62 46 49 83 39 15 60 0 24 14 39 56 99 65 51 15 6 16 60 16 84 33 93 18 84 48 15 76 66 78 81 22 91 89 0 11 92 2 69 38 58 16 53 2 79 78 59 13 59 95 1 39 75 88 89 6 13 80 6 70 76 69 94 91 79 84 69 37 37 72 66 92 56 68 70 83 13 99 69 26 47 39 28 97 51 78 72 46 35 78 91 95 0 90 7 28 12 74 52 56 12 34 80 11 49 65 46 69 67 44 30 92 69 61 24 74 7 17 63 65 13 35 16 40 84 87 85 35 22 19 85 42 11 39 92 26 76 36 61 68 92 8 44 66 36 94 49 71 10 76 48 1 83 96 8 59 89 6 40 44 31 65 19 95 39 4 7 83 3 21 49 88 84 62 45 69 31 66 96 61 57 30 38 92 80 84 81 89 65 77 9 47 60 16 72 36 52 23 44 19 53 23 78 14 79 76 92 15 46 76 96 82 21 94 1 80 36 48 25 92 48 77 60 91 87 6 24 6 43 73 62 95 59 84 10 59 81 53 25 67 88 53 84 55 29 56 63 32 18 96 51 18 11 69 1 14 88 52 40 27 52 56 88 31 79 73 38 74 62 11 21 61 17 25 92 7 36 44 9 0 89 45 82 26 61 6 88 70 84 98 15 73 66 84 80 34 74 16 34 33 26 91 24 61 38 40 65 22 1 79 26 10 54 
13 37 56 80 59 64 29 99 88 34 22 32 74 72 17 97 97 92 71 71 44 93 49 63 39 24 40 81 60 44 64 36 79 92 2 67 50 60 58 89 48 41 8 37 90 74 36 17 15 20 45 33 29 46 78 12 27 83 43 11 60 19 34 61 51 46 15 79 64 91 63 80 19 31 26 17 71 20 4 43 13 5 32 0 72 7 19 30 29 63 31 20 18 41 4 28 29 59 46 63 94 38 42 21 58 37 14 81 19 97 74 93 15 20 40 41 15 18 74 6 54 48 15 63 27 7 13 70 21 49 75 95 80 36 28 29 83 78 10 8 33 68 66 64 53 61 29 70 80 74 42 74 92 59 19 66 34 58 45 6 82 54 83 94 46 27 31 34 32 25 90 37 69 64 93 77 49 78 38 63 47 46 36 20 49 12 6 83 18 73 56 78 60 2 57 92 88 7 48 37 7 72 21 39 44 58 28 73 5 58 42 72 9 59 47 94 61 68 68 80 24 29 77 46 55 66 50 19 79 72 42 42 24 42 9 45 18 81 69 36 87 89 41 8 25 33 62 37 52 10 22 58 42 72 89 57 66 54 13 65 78 50 68 66 33 48 70 46 53 29 32 86 4 5 21 93 38 27 33 20 84 2 3 48 29 86 43 86 45 0 1 37 9 68 66 61 47 80 35 28 78 31 57 21 67 57 50 38 46 69 34 9 74 68 68 50 40 52 67 13 46 50 93 23 66 65 43 56 88 78 36 58 81 30 96 49 87 5 6 87 36 19 37 53 2 92 67 19 54 28 81 27 16 81 72 5 93 64 45 45 80 57 19 53 79 19 80 11 21 40 70 86 5 7 29 72 76 18 29 37 10 5 29 52 31 19 1 18 33 86 84 88 17 65 74 83 20 58 37 57 34 73 31 84 69 18 38 91 8 98 70 56 48 3 77 39 12 58 17 93 46 28 74 92 35 76 43 86 58 30 78 75 7 98 82 93 32 57 64 23 88 34 12 67 12 59 54 89 86 54 85 95 7 54 6 82 25 62 34 41 30 42 14 58 92 6 44 44 34 34 41 65 23 40 87 12 11 39 48 64 38 29 5 79 77 81 93 7 13 1 18 59 79 88 60 76 21 98 97 39 
25 57 19 65 13 26 91 74 10 19 96 11 86 28 73 67 77 0 55 23 80 56 13 39 22 7 51 70 21 86 65 79 78 65 4 18 53 56 99 68 85 64 56 55 82 80 9 77 85 3 57 4 52 21 29 22 18 46 46 92 42 86 31 45 93 92 18 67 59 55 6 50 26 16 4 33 93 71 0 26 31 49 33 91 78 99 66 84 77 95 45 71 87 22 42 92 62 93 30 94 38 77 60 34 73 20 77 95 14 26 57 57 91 11 5 28 18 3 16 29 59 44 68 60 69 48 84 88 8 51 27 98 19 98 19 12 12 84 92 78 71 78 27 53 16 39 99 36 70 16 11 4 92 36 47 12 43 76 85 90 62 63 5 76 30 97 3 88 33 92 97 55 59 81 79 29 64 30 89 39 10 1 71 19 43 38 14 32 26 45 42 64 94 38 15 53 11 94 67 45 90 65 75 61 80 17 10 1 31 67 76 13 49 48 30 94 0 83 58 10 13 0 80 43 55 80 26 12 23 86 68 79 76 32 76 97 71 63 17 72 99 73 37 20 50 90 23 7 14 85 95 37 10 3 0 78 66 86 73 61 59 87 65 45 16 29 5 93 83 60 78 74 97 73 22 43 68 19 61 96 4 16 23 77 64 7 5 10 41 65 33 45 20 40 9 89 55 56 35 11 80 89 2 18 63 56 71 33 97 67 71 6 24 70 72 32 95 90 76 91 90 81 18 13 92 60 45 26 15 81 5 2 36 67 68 72 11 56 30 59 66 81 32 64 99 10 14 65 41 33 83 76 22 17 71 11 82 4 38 7 10 67 49 64 50 70 50 9 1 59 10 92 15 93 68 7 41 48 53 45 48 27 75 84 0 16 20 19 3 35 20 38 22 66 4 43 27 2 50 20 76 87 77 72 35 47 94 68 8 54 0 68 2 84 52 81 11 84 5 40 34 62 11 13 72 9 53 92 56 91 45 82 60 23 80 14 49 2 33 2 65 3 45 90 49 23 14 50 99 67 97 74 99 45 48 75 6 96 94 45 40 1 0 95 88 63 89 94 70 94 39 90 23 51 82 52 74 2 14 47 45 62 41 67 2 49 7 87 76 71 13 61 89 66 25 2 6 27 11 27 
5 98 2 31 9 69 66 46 70 85 59 23 33 99 41 59 10 75 44 84 42 75 83 76 38 93 67 92 5 89 9 8 43 12 19 64 98 21 8 78 7 17 37 79 38 84 69 1 50 83 63 8 41 4 20 59 35 52 34 8 50 51 4 74 60 54 51 8 59 4 88 15 16 80 77 13 0 94 7 90 40 67 38 52 63 16 12 91 59 0 74 66 33 0 85 72 96 19 73 69 58 11 51 66 50 23 64 81 2 60 53 29 38 3 51 80 36 41 53 99 75 69 93 34 61 34 19 6 80 10 50 37 20 96 13 30 42 58 35 84 19 98 41 82 17 83 6 20 55 58 92 30 46 55 17 54 11 54 95 87 20 16 82 9 24 47 72 7 28 51 49 91 56 70 9 7 34 57 24 76 45 51 18 55 88 38 32 20 39 72 98 53 30 16 29 11 43 33 75 94 25 79 87 44 47 64 66 31 35 56 51 93 93 83 12 21 26 62 81 37 87 96 85 30 72 37 57 51 95 64 43 85 63 90 6 6 30 14 41 90 88 13 6 74 45 51 11 41 88 99 39 41 7 63 24 73 13 42 37 93 31 21 64 75 70 90 79 76 26 54 86 87 57 74 84 17 84 86 31 75 98 45 18 93 2 75 47 16 15 46 37 59 8 49 33 81 71 47 12 93 47 77 61 33 67 65 16 54 23 53 33 16 19 12 94 94 1 35 1 38 6 34 90 66 51 84 74 6 37 66 6 23 11 58 0 12 4 82 34 76 70 68 0 75 81 66 13 41 11 69 35 14 24 37 92 76 30 39 9 59 95 75 8 12 84 61 88 81 5 39 31 81 50 69 8 87 71 38 84 73 3 45 75 31 66 68 8 66 65 72 69 50 42 51 19 62 98 47 8 58 57 2 70 93 30 68 3 67 48 53 44 26 14 38 7 6 57 47 13 86 55 21 82 40 42 13 1 79 32 45 75 17 21 11 69 6 28 31 64 20 56 24 23 50 25 81 23 48 29 76 24 84 65 80 34 37 38 20 92 74 59 69 45 10 45 87 36 11 96 38 53 33 71 7 12 76 64 26 25 77 40 5 1 11 38 10 54 87 99 85 57 97 35 0 90 64 7 61 39 13 
52 94 60 11 14 36 31 92 86 39 75 8 10 39 91 1 8 2 58 36 62 99 46 49 45 67 23 6 98 98 68 2 99 34 50 17 40 12 83 71 0 0 90 16 40 80 42 53 47 46 76 75 46 32 0 23 28 24 81 84 12 51 55 36 38 79 60 70 24 49 54 98 42 86 95 58 89 40 60 3 70 42 62 81 17 0 72 22 32 31 94 2 67 67 74 95 21 80 71 46 33 8 15 20 12 45 65 52 78 27 15 44 94 15 39 83 73 26 34 47 65 66 62 31 2 90 17 84 23 23 15 75 12 9 49 34 25 48 47 28 78 52 5 95 10 32 63 85 52 32 38 77 36 41 65 4 59 18 56 58 55 33 50 89 64 77 94 60 97 7 22 46 69 3 72 0 34 74 65 62 35 64 59 28 80 37 67 96 88 70 13 52 90 11 9 49 45 61 6 48 87 11 87 85 15 66 86 7 38 15 77 25 65 77 32 57 34 29 20 78 94 39 51 97 84 32 45 27 21 47 20 54 23 7 93 20 38 66 70 3 1 92 34 22 47 13 20 17 14 43 29 62 36 83 86 39 23 25 77 19 90 19 14 85 99 79 73 56 50 40 39 10 70 85 41 37 3 38 31 39 23 52 18 90 80 38 38 46 36 90 41 27 48 28 71 13 8 55 13 18 6 11 33 71 6 31 93 92 56 89 10 81 87 6 26 7 3 8 78 25 27 25 5 57 66 8 17 38 80 76 69 96 30 35 85 19 23 81 27 10 53 19 85 71 81 97 11 12 43 88 44 4 3 7 76 82 69 63 85 40 78 66 95 79 7 52 47 36 35 39 40 80 85 17 42 89 79 16 21 47 84 26 4 16 20 64 80 81 21 66 92 68 18 21 90 93 52 58 40 97 59 38 28 8 44 80 26 8 99 68 34 10 0 0 12 23 38 47 33 22 52 95 39 82 38 90 80 27 55 39 28 44 76 35 27 8 25 32 49 80 58 95 6 12 3 14 64 28 1 60 48 74 95 30 27 64 40 83 22 21 66 4 55 4 98 16 7 89 68 55 88 82 51 35 60 43 20 17 92 54 33 49 48 76 56 65 94 57 55 50 85 37 95 63 2 69 28 20 53 88 
37 23 55 29 9 94 3 18 30 60 9 87 76 34 8 32 40 47 46 67 43 46 36 1 99 97 98 98 11 56 20 9 95 51 95 73 97 33 91 39 23 63 93 53 11 30 5 4 60 44 35 42 68 47 14 21 59 18 46 26 44 55 91 7 56 15 51 30 45 16 53 30 81 30 72 59 78 27 44 36 48 41 70 21 69 65 48 64 81 64 47 41 7 43 84 23 60 12 96 26 4 33 41 27 46 41 22 11 95 15 38 39 77 94 40 73 61 40 79 23 74 1 61 24 66 88 6 32 93 58 96 83 75 53 58 58 18 99 6 98 15 62 68 31 4 96 5 45 71 8 35 69 75 96 39 75 61 37 22 34 87 58 25 99 69 86 71 56 48 28 41 94 31 14 74 98 78 52 94 89 26 31 49 61 94 59 56 98 74 11 25 59 11 4 2 93 57 0 43 32 37 66 75 16 4 99 16 77 73 54 42 40 29 62 79 6 61 81 31 4 66 21 79 30 30 44 33 13 80 12 81 45 88 21 21 94 62 89 15 45 68 90 95 57 91 48 97 6 60 18 43 17 25 51 91 60 71 86 92 73 63 71 85 12 51 77 90 21 82 85 74 78 13 60 31 70 20 31 66 54 6 61 45 96 97 7 40 98 7 48 21 71 19 69 0 73 13 46 96 38 41 23 11 40 6 96 40 50 89 72 49 57 40 38 29 38 98 96 1 32 10 56 64 68 98 74 85 5 75 22 31 62 89 83 1 21 3 33 34 87 43 88 92 47 66 95 12 20 44 67 14 36 59 40 1 96 84 94 72 40 86 91 14 1 38 69 66 93 16 39 62 55 24 55 48 70 7 34 98 14 20 11 52 76 21 48 63 33 85 85 30 56 19 78 30 52 76 30 16 83 55 8 53 93 54 67 5 5 61 19 91 5 76 20 66 30 35 96 5 96 24 37 20 39 79 97 15 40 68 77 34 62 67 81 37 74 12 38 71 80 54 71 45 2 63 80 9 68 45 49 59 78 81 97 1 75 55 21 45 45 11 64 91 62 36 53 9 41 31 20 29 79 43 50 47 2 31 56 84 71 40 32 53 53 54 72 39 84 55 27 87 40 45 18 73 10 51 98 66 43 
73 57 52 3 43 28 14 76 30 43 34 61 9 50 85 47 93 28 94 2 55 27 82 15 92 14 1 86 16 76 95 87 81 39 91 96 24 17 61 48 17 85 58 12 37 24 70 99 12 79 58 69 70 2 28 10 5 39 28 89 61 69 39 82 96 71 19 19 76 27 90 74 57 7 27 77 50 44 14 61 82 59 46 51 13 73 62 60 5 26 99 60 15 56 71 61 20 65 86 68 88 43 29 87 53 96 14 71 77 72 0 82 40 11 39 12 82 10 94 59 0 3 66 71 97 1 58 80 3 31 95 64 91 30 72 30 64 51 84 66 59 28 40 47 30 64 79 24 61 75 97 0 60 12 69 2 45 53 37 14 28 46 11 64 30 25 70 39 0 75 79 37 64 46 51 79 82 33 59 69 75 95 35 82 93 77 93 11 86 93 9 97 63 77 80 28 22 72 26 32 89 16 40 98 69 9 0 67 41 56 58 38 27 99 79 48 83 91 0 42 52 40 32 13 11 75 68 67 51 59 92 47 87 49 50 37 99 24 92 74 74 96 97 32 72 45 50 32 61 93 98 10 33 13 36 41 78 0 3 79 40 39 72 17 98 13 41 60 9 82 56 1 6 70 56 2 47 94 43 24 33 9 67 77 83 64 48 0 2 50 1 99 13 72 78 86 63 48 28 32 27 59 15 93 95 71 20 53 61 14 92 67 50 9 86 33 5 38 66 22 81 66 66 22 6 6 0 4 31 76 40 55 76 56 39 48 32 75 6 59 13 76 11 0 3 90 26 36 73 28 15 87 22 11 79 62 79 84 22 98 44 9 73 23 9 12 8 72 57 12 75 15 12 80 98 39 70 42 24 20 55 48 9 94 64 88 63 69 28 17 52 30 55 5 13 36 46 40 35 1 58 93 34 87 73 15 10 23 1 5 54 25 49 63 61 13 76 71 25 94 37 16 88 67 47 0 61 82 22 22 34 76 96 12 23 67 43 77 24 86 3 33 8 48 3 31 8 9 64 91 5 64 71 13 7 3 13 57 74 54 92 0 8 22 95 58 52 21 2 41 50 38 38 43 24 19 16 88 3 55 43 36 31 19 40 70 21 94 35 7 25 0 42 56 80 60 13 77 1 16 
87 44 10 18 84 59 45 48 71 96 54 35 47 9 49 1 98 35 50 41 93 89 63 56 49 10 24 17 90 8 63 18 0 50 73 25 78 97 88 35 45 64 56 99 23 44 36 15 55 50 35 96 21 22 65 37 1 27 39 44 77 50 33 26 62 86 41 46 2 39 74 78 95 25 8 24 30 81 8 70 51 54 18 99 96 97 95 7 50 41 3 51 60 31 23 64 76 66 87 77 59 53 74 91 19 30 54 12 56 78 14 67 18 53 67 59 76 99 73 28 60 68 5 50 89 90 6 61 84 15 75 77 7 39 87 85 41 84 48 89 72 32 52 95 94 31 30 0 12 67 58 58 1 51 55 73 67 35 9 62 25 97 44 32 83 71 98 9 10 63 76 50 94 24 58 79 45 48 33 70 29 3 71 50 57 56 58 45 32 28 16 18 84 38 98 45 95 14 32 69 29 67 96 24 7 78 78 31 40 41 61 51 51 73 29 27 39 87 40 95 92 19 71 87 88 13 78 99 29 56 4 30 91 52 34 25 84 63 37 11 80 75 10 55 14 8 80 48 8 67 56 97 76 77 11 46 94 76 71 33 21 62 62 86 26 88 62 49 92 52 26 93 48 69 97 87 92 11 49 58 52 19 7 58 23 21 89 61 33 69 76 93 28 64 27 15 42 14 61 61 57 33 76 21 24 84 10 66 35 20 90 75 64 0 65 84 3 77 7 13 84 9 9 84 32 63 36 33 90 47 74 41 93 94 70 77 83 69 1 97 47 94 29 49 8 93 47 61 96 1 48 24 38 20 63 34 21 45 92 1 9 98 61 2 74 75 73 78 88 21 29 58 50 82 94 47 7 1 6 91 3 24 0 25 46 36 20 12 39 11 39 2 26 1 12 75 75 41 73 37 64 42 42 75 56 38 43 77 17 86 91 9 48 4 13 24 5 40 22 99 87 75 35 80 82 54 9 8 77 37 12 81 51 68 53 27 72 96 54 78 64 48 43 61 54 5 58 5 4 68 48 21 87 15 56 28 89 33 71 5 58 68 69 67 87 41 87 44 95 15 87 18 46 95 90 47 3 69 87 13 24 8 77 26 54 51 94 5 98 93 33 35 96 86 91 49 78 82 99 58 
81 46 1 77 51 43 36 12 98 27 72 16 59 71 84 63 69 91 4 51 24 51 37 35 62 65 87 21 95 30 54 35 90 77 47 9 97 51 81 28 41 29 28 11 82 46 3 46 22 1 50 66 3 84 24 69 33 80 5 89 40 74 93 61 40 82 96 86 1 79 93 72 12 28 27 66 56 91 4 40 3 10 68 25 62 8 32 88 6 49 5 91 53 80 41 60 75 61 19 51 40 36 24 40 2 64 81 16 79 52 50 86 76 48 30 25 55 65 88 93 2 35 51 27 14 33 71 10 48 64 74 70 52 66 51 82 69 36 93 73 57 78 44 92 47 9 92 38 32 15 91 15 14 44 4 51 10 59 37 40 96 50 78 95 22 76 8 9 92 53 22 50 40 38 52 82 63 62 38 8 98 79 99 10 14 66 31 19 13 43 55 5 35 79 47 22 55 98 7 81 73 84 36 38 21 59 59 66 26 8 66 84 74 36 20 73 30 36 22 64 57 29 89 16 63 78 68 45 70 91 34 93 15 30 94 42 96 84 79 88 15 41 32 34 56 51 9 22 55 26 26 4 41 25 50 9 90 43 1 66 52 52 57 34 31 8 25 28 46 3 61 4 53 31 2 57 19 39 0 70 22 43 78 39 21 25 38 66 56 20 40 97 45 56 85 79 21 91 52 94 87 79 90 99 96 64 54 22 96 34 9 80 40 17 2 52 54 93 65 67 85 71 97 93 80 57 50 59 99 2 55 5 34 97 69 62 67 12 97 58 51 59 25 6 4 63 73 22 13 49 35 34 29 30 27 15 14 16 39 52 14 4 42 7 73 59 58 78 47 8 78 72 0 31 27 71 86 72 1 70 81 41 1 16 63 44 18 79 17 80 73 94 54 28 40 63 72 90 40 32 43 63 47 62 89 27 78 65 30 77 85 1 40 34 54 66 52 51 54 91 57 78 14 66 27 78 53 16 81 27 54 60 54 75 7 8 66 33 9 9 69 99 95 43 96 57 5 44 77 13 74 78 2 90 95 32 5 20 95 35 43 22 99 40 19 53 62 54 36 35 11 21 49 78 9 5 42 26 34 43 53 59 41 86 98 95 86 83 60 14 73 5 93 36 20 81 6 49 25 47 
77 28 96 9 72 57 84 19 83 79 92 12 86 48 47 94 9 54 29 15 75 93 21 91 54 15 57 99 44 55 55 82 39 95 84 64 87 91 17 52 57 3 20 93 35 82 73 92 72 43 17 13 29 92 5 9 70 93 65 69 49 25 37 68 87 49 11 42 22 28 34 59 38 41 10 99 98 92 73 79 32 45 78 36 30 94 93 35 14 3 96 54 4 1 34 7 69 60 23 20 53 85 85 24 30 86 69 89 51 86 48 95 21 21 5 74 69 75 3 74 58 57 51 82 55 59 13 59 92 89 8 74 36 42 96 4 83 6 12 46 33 85 66 41 85 58 22 75 70 27 8 80 39 26 9 69 45 96 24 11 80 26 6 59 45 96 46 14 13 88 65 9 37 38 55 40 60 21 73 9 40 35 51 52 9 7 27 93 46 78 43 13 7 76 28 16 55 44 39 18 33 59 70 91 20 28 0 46 76 42 29 11 89 38 76 17 40 5 27 28 39 87 13 52 59 44 42 86 82 22 23 93 57 22 67 0 39 5 1 55 97 5 63 29 69 90 23 58 12 76 21 53 48 20 77 68 55 27 69 26 81 84 74 4 72 22 14 27 38 39 74 68 97 89 36 83 29 72 26 25 79 91 75 52 98 52 39 36 29 11 17 81 94 90 44 51 92 31 40 33 94 23 26 74 33 0 7 64 14 92 50 10 16 20 98 4 44 39 15 59 61 69 76 57 7 28 87 1 71 88 5 8 0 89 95 42 32 40 53 95 68 26 57 47 35 80 73 35 2 79 14 54 75 6 18 64 70 75 33 88 59 57 39 20 99 82 46 31 14 65 65 15 79 60 36 81 9 58 78 99 88 83 54 77 45 99 9 15 3 96 86 35 85 88 52 74 22 59 77 20 95 11 93 34 42 47 53 18 58 59 40 76 96 49 70 16 68 34 8 40 1 49 53 15 78 45 52 7 30 92 80 10 2 41 9 26 51 21 69 40 49 56 17 49 94 78 40 46 0 29 43 50 99 33 10 22 55 37 33 15 52 68 61 73 30 71 56 15 20 91 48 7 57 60 17 20 67 25 77 28 4 67 62 92 51 2 55 18 94 6 43 13 90 6 5 92 76 60 98 29 
8 42 19 20 38 15 65 13 87 11 5 98 30 55 50 24 23 47 25 67 52 73 75 10 93 89 20 47 79 42 90 72 51 63 72 69 0 19 79 2 0 16 12 66 39 62 85 50 56 50 82 16 34 83 3 19 67 40 1 85 91 98 36 92 42 73 41 81 10 63 64 16 42 9 29 38 4 19 88 86 52 48 41 26 84 81 27 5 19 87 12 85 20 62 4 53 69 25 33 49 41 50 53 89 21 13 32 23 8 22 1 86 12 92 72 6 45 28 63 44 8 25 21 17 39 83 77 21 60 21 84 16 80 38 13 78 33 68 15 17 37 90 51 48 50 16 48 16 45 85 86 81 10 75 44 5 0 0 52 16 46 25 73 75 26 54 99 78 87 97 88 46 91 64 38 59 36 71 62 99 35 67 30 89 87 42 80 69 9 28 88 37 32 68 48 64 83 3 67 9 81 15 3 93 37 47 40 28 92 59 1 2 56 36 30 30 33 75 26 62 70 37 25 38 61 91 48 77 6 36 48 75 46 88 44 4 4 34 2 47 39 60 33 33 37 38 97 7 99 92 85 98 3 76 72 70 46 2 57 1 10 54 95 84 50 22 1 74 74 39 54 79 71 60 2 12 54 48 99 15 76 50 41 48 63 16 29 76 86 50 2 40 41 36 48 5 58 87 93 53 47 98 91 34 13 72 20 50 35 42 14 94 23 4 77 52 77 11 93 42 2 80 68 54 88 13 14 75 84 50 37 11 13 59 50 88 97 82 85 88 7 2 47 43 20 30 42 19 98 74 72 92 11 2 91 11 16 47 86 28 51 1 94 9 14 73 62 91 39 71 37 79 29 26 98 89 7 54 58 77 30 43 49 98 49 72 98 82 52 17 94 94 16 66 52 96 88 29 93 97 66 33 20 88 51 8 18 47 92 82 10 28 79 13 22 97 91 54 83 6 38 45 86 69 88 47 59 42 68 30 73 76 84 2 93 89 24 5 94 4 38 67 66 65 21 63 99 16 9 87 62 34 4 62 70 17 87 83 26 28 60 4 30 39 66 40 62 3 92 73 91 49 25 52 49 18 50 69 25 89 15 6 35 34 14 79 75 31 46 24 95 55 52 25 36 43 75 55 71 27 
98 83 82 48 75 19 3 42 87 18 70 57 19 21 53 39 75 15 84 12 35 22 33 71 62 21 47 29 38 69 71 68 59 94 23 23 63 22 43 71 85 73 3 14 96 55 41 66 82 31 78 4 10 11 83 40 77 98 94 47 77 54 81 8 62 34 53 23 65 19 74 0 13 83 21 68 10 25 28 32 39 97 33 90 89 12 13 31 8 1 22 60 91 75 5 93 74 31 73 1 10 24 26 55 80 88 42 55 51 76 12 37 46 15 8 62 73 30 58 10 93 31 60 13 19 41 49 82 71 14 23 75 50 13 89 9 6 17 35 14 29 33 58 82 92 29 52 72 8 97 30 26 75 56 53 5 53 1 36 43 39 13 21 3 32 70 0 88 7 86 78 44 53 25 45 75 10 25 71 0 4 78 97 30 95 46 98 36 42 52 98 54 73 45 95 37 88 57 62 4 95 4 58 8 38 96 83 7 7 54 50 10 22 58 21 58 51 67 56 33 27 69 98 53 37 6 26 12 4 91 47 51 26 72 12 63 0 62 76 60 68 63 4 79 55 50 96 93 56 55 32 90 24 59 25 58 18 29 9 14 51 12 78 88 46 82 20 13 12 48 94 51 39 79 39 18 21 66 61 11 65 31 52 91 30 75 84 65 48 51 39 58 52 39 89 27 21 90 27 67 7 56 62 51 33 92 69 18 70 25 96 26 56 47 2 86 12 85 47 12 1 8 37 11 75 33 59 98 90 0 62 86 18 18 37 97 48 6 84 73 22 2 13 24 37 70 51 14 84 60 10 18 0 8 73 37 34 3 82 53 95 77 39 67 46 84 75 42 77 26 41 67 6 23 37 62 88 91 68 40 90 34 91 72 8 20 81 79 0 11 12 73 2 13 2 15 37 94 55 1 52 73 46 45 49 11 28 53 38 6 48 59 17 17 28 50 14 1 23 88 99 30 92 34 27 19 92 15 24 85 75 14 53 83 47 40 7 45 2 64 52 2 41 17 48 61 92 51 12 71 8 61 37 64 57 80 64 82 61 83 94 21 16 74 71 23 4 94 64 58 9 31 77 62 48 10 51 12 28 32 27 46 5 1 84 67 28 93 0 57 21 6 15 47 33 86 67 79 14 83 
39 21 58 12 85 21 46 51 93 82 10 55 53 3 64 62 12 72 95 9 3 88 14 31 48 63 72 33 71 87 42 84 96 87 95 21 49 84 87 7 24 44 94 83 49 51 40 92 0 50 34 96 27 28 78 38 51 23 41 15 94 24 33 31 53 7 7 4 53 35 18 86 2 79 3 99 86 30 49 67 40 22 40 2 88 12 9 36 53 54 35 14 66 22 61 73 37 76 37 22 6 9 85 22 62 94 21 57 26 39 12 98 62 77 38 25 16 15 56 52 90 93 95 35 24 6 5 69 70 52 73 32 32 23 46 64 96 22 41 47 20 95 73 57 10 47 78 50 8 83 33 0 87 74 45 50 86 68 88 61 76 7 5 63 13 70 35 60 46 37 74 1 64 76 97 66 21 45 94 15 13 38 55 79 57 61 95 81 36 64 26 66 53 4 20 12 54 71 74 29 93 45 93 59 46 5 2 57 55 21 23 33 67 80 45 30 93 83 44 56 83 58 17 57 64 5 99 75 17 41 26 18 44 79 71 34 82 37 76 0 32 88 33 1 7 24 51 4 92 2 65 99 2 33 64 71 37 72 32 82 26 28 80 39 67 46 10 34 27 59 48 94 49 24 40 77 33 35 24 25 90 17 30 31 37 34 96 30 77 60 33 46 35 70 97 31 27 11 53 81 43 60 60 19 23 70 21 27 92 58 55 80 57 66 68 56 39 63 98 30 18 36 76 80 18 49 53 79 90 20 27 63 20 37 17 19 99 95 23 57 10 41 92 76 31 85 52 73 89 85 75 57 81 3 79 87 9 37 46 29 42 56 95 3 53 62 51 95 14 9 87 31 47 46 10 8 91 96 8 65 42 55 36 47 23 42 46 84 7 11 20 65 69 62 32 15 72 68 70 82 96 47 81 90 24 56 96 35 83 4 56 41 65 47 24 10 9 26 24 35 62 4 94 50 54 61 5 95 64 77 91 83 79 28 66 47 18 19 31 89 29 4 18 67 49 56 86 26 1 16 63 9 21 56 76 11 75 60 76 59 71 77 53 84 9 20 42 1 86 47 55 12 50 72 65 78 33 46 10 7 4 39 81 75 99 44 9 92 80 90 75 22 41 11 8 57 73 5 67 18 
85 85 52 81 63 68 42 66 45 32 45 85 89 91 62 77 1 36 62 15 72 72 18 89 66 84 93 36 93 30 34 37 74 83 42 88 59 29 45 95 6 68 39 97 70 91 53 92 16 39 93 42 89 85 55 43 59 16 74 43 56 76 61 13 98 82 57 68 92 87 82 1 5 72 6 33 43 23 82 6 37 15 63 57 21 13 2 58 36 71 60 42 9 33 18 84 98 65 93 1 7 91 76 26 63 92 59 51 72 39 82 57 71 88 7 14 99 69 37 54 68 52 36 73 98 93 19 67 99 76 32 10 92 18 28 72 97 83 84 36 87 92 94 92 84 49 19 69 64 78 24 16 61 26 22 70 97 81 33 56 97 1 21 22 14 46 77 45 76 61 57 41 50 25 53 62 67 42 66 77 14 18 74 23 29 52 71 84 6 13 37 23 50 98 78 34 20 26 29 44 35 76 96 84 44 33 40 35 57 98 85 95 86 64 86 99 3 43 55 10 44 20 17 31 54 26 77 40 75 82 10 87 9 58 92 36 83 28 0 58 22 53 16 34 6 35 46 64 79 25 20 60 32 85 44 56 17 65 91 82 33 97 23 49 43 92 78 47 69 58 33 33 45 80 96 34 69 53 45 54 14 32 59 91 23 20 44 33 45 72 56 45 11 47 33 34 90 13 48 9 54 49 14 83 13 81 91 22 83 84 70 3 53 23 56 73 26 25 15 5 85 36 30 56 31 88 94 90 57 19 84 69 6 30 61 5 25 34 43 95 72 32 4 67 26 17 52 18 49 79 6 60 90 91 71 72 39 67 61 65 32 87 62 79 16 35 57 24 4 70 35 45 58 67 41 71 16 47 17 1 67 87 12 50 61 62 13 90 83 37 50 46 46 50 80 10 63 7 9 78 65 33 35 13 39 56 92 73 46 19 44 27 95 48 21 69 92 11 91 69 81 68 81 31 12 95 36 77 9 86 0 27 64 70 53 67 93 3 80 28 29 38 60 93 10 26 97 49 34 11 39 16 84 89 93 60 57 1 59 24 66 57 24 66 1 86 55 44 57 82 86 64 6 30 95 58 14 75 90 71 11 29 99 18 42 4 91 92 47 88 70 16 72 22 37 67 2 36 54 84 
50 56 6 53 58 97 20 37 63 65 86 64 66 45 49 46 68 78 81 23 0 1 65 10 81 0 25 42 33 61 39 72 90 27 2 23 93 52 16 21 21 8 68 97 2 45 17 11 99 53 96 68 95 13 12 61 24 96 42 61 25 95 55 45 8 94 90 47 27 62 28 72 70 50 18 57 73 27 77 77 60 35 73 6 23 45 39 10 56 89 10 24 75 86 59 60 55 0 45 50 40 68 44 47 87 16 24 54 22 98 95 47 58 50 24 4 44 54 64 87 47 26 72 0 40 80 52 0 44 98 40 65 72 16 46 53 27 3 37 52 48 2 26 53 1 83 80 82 41 19 84 21 9 91 8 58 97 70 41 18 25 22 24 63 45 57 81 55 12 25 39 79 16 90 54 41 81 61 92 5 42 42 93 55 91 2 83 40 76 17 95 97 55 55 79 71 63 95 73 90 51 6 44 78 86 25 11 55 0 64 3 42 90 33 89 50 38 63 42 70 58 46 37 33 59 58 88 26 78 98 65 53 16 55 33 38 7 73 78 27 19 97 98 14 30 83 3 79 60 81 31 21 64 29 18 65 95 34 51 43 15 91 81 59 17 89 44 17 6 34 63 77 11 40 31 48 91 65 72 81 7 20 56 39 29 7 51 79 88 42 55 41 3 44 66 70 39 81 67 52 97 40 83 16 71 64 82 89 2 0 3 31 43 83 77 66 80 38 87 47 67 49 56 49 24 17 63 62 30 93 3 7 59 40 66 31 1 91 18 57 68 91 8 67 10 21 95 82 7 39 16 85 16 25 63 96 70 99 30 55 92 41 5 23 42 74 73 98 77 5 22 75 38 83 80 73 47 59 22 50 52 44 35 23 77 69 74 32 48 97 94 67 25 2 37 12 85 93 25 75 96 16 76 0 62 38 97 78 78 36 65 46 54 44 15 20 73 17 14 75 21 63 20 80 24 74 73 54 59 90 42 80 3 73 59 62 22 86 3 19 28 35 85 57 67 44 85 5 84 52 67 72 99 33 64 8 27 2 74 66 82 2 67 87 90 79 67 48 69 80 6 98 52 72 67 43 29 9 8 94 83 80 91 48 42 83 58 3 84 21 62 88 44 40 25 26 72 91 59 87 
85 88 33 77 51 77 40 26 45 70 42 43 83 25 0 27 94 65 84 27 48 13 89 32 89 17 43 79 64 21 2 67 77 32 78 13 48 65 11 40 69 3 97 22 4 26 2 56 33 68 24 4 81 52 32 25 70 20 81 34 45 11 36 69 45 25 11 42 48 47 68 31 22 5 55 81 88 30 10 72 29 58 66 5 46 50 73 51 21 61 0 97 81 63 36 75 13 69 76 34 41 32 88 64 99 21 63 30 92 99 91 25 46 28 28 56 10 77 56 0 11 78 44 31 50 17 14 41 2 91 66 96 36 30 31 54 87 51 69 45 20 48 52 15 67 54 18 41 91 31 82 76 53 43 95 17 38 72 19 27 22 90 47 97 61 34 84 65 43 25 2 98 96 57 37 50 66 19 32 72 67 98 8 45 57 55 9 6 36 34 31 16 9 26 14 34 72 65 25 23 77 43 11 31 53 32 84 59 61 73 17 50 50 12 1 50 55 20 49 22 29 63 30 32 13 89 48 24 69 30 99 33 53 90 79 1 73 38 22 29 57 78 60 37 44 89 65 92 90 70 15 90 87 81 47 17 37 66 67 19 96 94 41 17 89 40 37 15 98 1 48 74 96 90 9 91 84 85 71 86 98 87 1 18 98 25 48 44 27 35 22 46 14 30 63 20 87 2 59 55 79 49 84 13 28 30 73 50 24 27 22 63 69 35 7 87 76 55 81 22 98 43 99 84 17 99 34 23 34 28 90 93 61 9 44 33 37 34 1 19 81 94 67 24 57 82 84 65 31 3 5 53 7 26 72 34 83 17 8 62 40 33 48 7 31 47 50 58 98 30 88 6 93 47 0 7 19 11 81 51 55 70 10 90 89 14 93 64 92 86 87 28 30 33 87 75 97 91 2 16 75 49 92 52 5 99 89 56 0 44 59 29 3 98 50 20 40 9 2 38 80 50 73 76 44 91 45 71 12 8 2 12 86 16 56 34 5 7 97 55 25 40 6 21 77 53 62 99 40 59 58 5 16 10 44 52 90 29 19 3 33 41 80 31 38 12 28 66 85 55 2 86 10 87 94 91 75 87 75 23 64 22 17 50 72 17 5 67 66 60 25 67 44 39 89 55 99 40 76 94 
32 7 98 16 91 72 75 98 8 58 5 21 74 9 24 76 96 66 17 94 49 35 45 25 32 33 81 34 37 69 44 76 73 30 28 71 27 67 89 82 5 72 72 46 60 92 61 92 73 86 26 92 66 13 69 31 24 31 27 82 37 92 77 59 56 18 63 40 21 0 23 60 37 96 25 59 26 64 2 43 33 23 0 85 71 50 21 0 62 97 7 6 79 88 89 61 72 88 92 38 13 39 7 12 46 43 8 48 89 58 46 6 37 61 63 14 25 29 91 84 34 57 63 69 66 48 61 39 6 75 80 61 74 11 58 67 0 11 27 33 60 39 88 21 39 47 14 58 32 46 26 15 4 63 43 39 74 56 85 24 26 26 25 87 34 47 10 47 23 24 3 47 87 60 18 56 76 75 59 63 86 93 68 67 92 95 79 59 62 65 85 45 69 54 29 4 36 7 22 7 26 79 58 80 21 84 66 42 3 80 31 98 5 17 3 19 84 63 38 78 16 92 64 62 18 8 61 25 20 60 97 90 15 4 74 28 62 9 14 13 99 48 4 96 83 82 99 80 18 40 54 24 47 88 25 61 59 53 34 57 17 81 48 16 66 85 94 73 22 61 31 46 85 78 37 13 68 28 3 86 68 28 9 10 47 80 86 65 4 20 71 29 85 79 50 34 38 61 58 46 30 64 44 38 68 71 6 45 4 27 84 70 90 76 67 17 72 85 91 33 40 39 44 64 11 25 86 33 75 50 76 39 97 31 10 61 31 1 68 74 0 33 33 1 24 78 11 32 48 54 34 17 74 16 54 68 40 10 42 72 9 99 79 92 68 52 59 84 9 92 56 16 76 91 6 85 31 19 6 7 5 30 85 47 57 63 28 10 80 39 69 88 20 30 62 7 40 66 20 88 46 93 54 92 47 44 76 2 46 46 22 56 96 65 36 84 89 2 45 12 77 61 42 78 94 93 23 8 0 8 8 58 28 11 18 27 31 78 20 22 65 24 30 2 19 14 66 23 79 50 17 28 38 49 18 95 1 71 41 39 63 7 33 19 44 39 20 18 23 15 88 94 38 41 47 70 96 54 50 53 45 30 7 7 11 66 77 66 80 90 76 90 30 30 7 57 14 38 16 7 
50 93 1 33 31 90 6 96 4 97 8 12 13 3 96 17 84 80 46 2 8 19 11 95 52 66 37 63 49 65 24 34 54 28 78 42 43 65 93 95 99 91 81 58 54 71 46 3 81 48 29 82 56 11 90 65 83 7 84 23 27 96 90 73 58 59 40 38 94 45 27 13 10 46 77 72 87 71 10 32 20 96 76 10 70 10 36 6 78 83 38 8 65 16 0 96 81 68 27 62 11 22 47 10 95 57 95 3 18 59 13 82 8 49 62 73 19 13 70 3 18 59 3 30 81 29 6 68 30 11 73 78 61 47 72 53 94 59 69 62 2 86 64 22 59 29 94 41 94 18 55 24 40 36 96 45 54 68 86 15 88 27 7 82 72 79 23 62 2 58 67 57 18 56 62 36 23 53 68 68 42 66 14 15 61 20 65 73 18 60 10 26 84 18 40 48 16 0 39 15 44 85 7 13 66 58 39 12 68 96 19 13 50 71 33 77 85 48 4 53 85 63 33 71 79 49 97 71 21 39 88 25 80 24 40 66 97 71 71 74 36 33 94 65 10 94 47 74 67 85 55 2 71 67 57 14 60 71 47 59 66 49 64 24 19 33 1 16 34 8 42 24 97 94 9 20 23 48 8 89 74 23 34 35 28 28 18 18 56 91 47 28 17 57 44 87 33 73 75 53 67 95 17 32 13 71 69 57 79 13 62 54 78 58 80 76 21 7 97 56 71 80 27 66 58 80 47 90 72 91 32 52 26 80 54 18 29 50 49 21 57 1 81 89 61 31 27 16 56 91 48 87 96 31 23 98 38 61 61 50 51 28 83 67 4 24 79 21 20 67 99 48 55 88 86 58 44 76 35 15 74 88 66 87 27 62 85 41 58 69 48 10 19 61 2 75 5 33 82 93 2 56 43 68 49 84 57 5 80 99 94 71 40 13 28 69 73 76 46 12 5 24 10 86 76 96 74 98 91 66 67 26 8 90 70 33 90 67 81 69 82 98 19 16 6 11 89 88 24 81 86 53 49 30 10 6 45 70 86 55 60 3 16 63 24 49 59 53 6 83 75 65 29 1 54 20 8 10 75 69 24 0 96 56 5 31 93 7 13 62 76 82 46 85 41 72 33 59 16 58 
59 5 10 46 32 44 63 77 25 36 26 48 96 63 78 8 54 82 73 21 70 42 2 9 78 41 7 99 9 73 42 61 9 24 15 6 55 46 78 2 40 46 69 77 66 31 67 5 38 59 51 62 63 98 32 37 48 3 84 8 38 95 20 58 37 49 98 5 30 47 84 18 97 29 3 2 68 75 98 1 0 56 9 78 39 26 9 81 82 72 78 77 56 13 5 88 14 88 53 89 95 14 73 98 9 67 9 48 51 33 79 33 84 5 88 45 94 9 27 3 65 76 7 9 55 21 91 62 32 48 96 94 59 53 40 57 24 83 34 97 82 94 23 62 2 96 65 40 80 8 47 59 40 34 31 77 95 81 3 24 90 0 2 39 63 12 42 82 45 71 62 27 86 87 6 2 94 40 38 81 41 14 91 19 59 14 3 56 48 18 8 9 94 16 58 82 50 41 45 69 42 51 84 79 32 80 51 88 44 27 50 20 8 16 40 90 99 69 25 45 4 67 80 27 80 1 9 61 17 64 89 75 97 73 9 85 97 2 18 46 42 85 29 41 71 86 24 14 32 41 55 86 85 93 16 64 74 48 64 1 4 40 20 80 31 20 0 20 91 85 34 82 39 34 48 66 93 99 58 1 42 97 60 72 61 43 66 98 58 49 40 68 16 94 45 4 83 10 5 13 77 89 18 67 37 45 14 44 33 19 56 68 84 18 98 75 88 5 20 96 74 50 37 83 33 88 91 94 90 22 43 30 64 87 66 61 49 17 66 45 49 2 16 46 32 87 49 88 11 61 71 97 12 43 35 18 91 75 12 6 0 80 71 78 26 48 52 49 0 22 97 66 67 12 6 39 44 78 68 34 29 56 96 2 22 68 33 24 64 7 37 6 79 62 23 42 62 74 33 50 58 51 48 44 58 65 44 64 6 28 32 34 42 91 12 53 20 9 62 31 42 13 69 74 70 99 29 59 48 41 0 99 23 11 54 33 23 13 61 29 21 34 46 55 25 12 61 40 94 55 84 18 70 40 99 54 28 84 76 19 74 37 66 48 87 55 18 35 84 7 74 61 41 90 70 46 72 83 56 44 18 17 83 17 22 7 36 87 30 2 93 3 98 95 90 41 10 35 9 48 
79 62 34 45 7 86 9 92 48 25 52 45 61 63 9 68 46 84 43 9 82 97 38 65 4 2 75 42 41 51 86 11 49 47 14 69 15 92 11 31 5 0 14 58 75 0 67 21 3 2 69 3 45 14 52 23 91 88 59 14 81 65 13 76 36 57 20 10 40 69 13 51 75 61 13 14 13 56 37 97 65 58 40 62 0 6 80 30 4 12 99 38 24 52 93 8 25 40 29 17 59 36 14 53 69 35 80 58 29 21 30 92 68 74 42 61 4 50 76 78 38 21 31 35 6 86 58 35 71 92 3 84 84 86 93 87 52 72 55 72 77 47 49 46 47 37 20 20 62 4 81 97 16 94 18 12 88 50 68 25 85 53 27 82 73 41 59 48 99 14 61 6 12 83 86 32 62 69 47 54 31 87 58 17 41 26 20 5 74 97 95 71 98 25 30 5 21 9 19 75 87 34 34 95 13 84 19 5 40 94 92 77 89 74 9 25 72 62 25 8 42 25 52 8 7 53 67 96 22 80 2 17 36 59 16 6 99 88 94 68 25 16 99 20 60 57 71 95 15 7 88 30 30 53 20 68 68 45 53 45 50 33 10 77 79 34 82 34 14 32 56 39 68 99 35 98 79 51 71 10 55 70 28 57 90 50 1 56 6 93 6 99 42 56 0 79 26 71 70 82 75 48 24 54 15 33 81 22 68 80 81 52 24 54 0 43 84 58 32 17 0 32 56 92 50 32 66 93 69 60 83 27 63 27 50 55 71 46 37 78 31 67 57 62 67 74 32 74 73 78 50 59 34 52 61 32 97 94 79 47 56 69 10 60 14 1 21 0 40 4 48 37 75 17 42 0 44 25 36 23 32 93 0 67 83 48 27 71 7 34 87 56 21 87 48 72 68 45 13 24 28 38 20 62 31 48 46 7 30 22 29 34 53 4 65 60 60 90 23 85 50 72 42 24 78 28 70 4 19 66 52 54 41 43 14 95 6 14 86 56 87 90 61 75 97 53 98 33 32 85 39 14 94 24 20 9 39 13 36 8 90 88 82 68 42 57 7 43 62 2 97 68 23 33 8 50 8 83 11 76 12 53 61 48 2 84 28 66 17 72 88 21 7 78 36 4 42 76 32 81 
59 73 39 88 68 24 66 23 54 11 78 50 70 25 8 83 21 94 55 82 84 38 56 22 17 83 18 12 13 1 97 75 24 42 99 65 75 38 51 99 19 67 46 27 96 72 60 13 15 50 26 6 46 14 14 28 61 13 23 58 42 71 67 43 40 44 74 70 27 75 21 83 74 9 51 90 9 55 10 69 16 52 98 6 64 56 60 96 97 52 59 93 12 83 60 34 95 66 68 87 47 92 82 40 48 54 80 28 75 81 67 56 2 81 24 62 0 9 90 35 88 34 28 5 5 77 90 16 29 52 52 25 32 98 94 65 13 29 75 89 20 41 80 85 96 57 50 2 19 16 81 31 97 11 10 95 93 71 16 84 1 4 25 22 47 53 65 99 7 31 61 30 56 34 8 96 43 97 12 14 4 85 31 72 38 0 5 31 86 47 38 56 49 25 64 77 78 72 94 80 69 16 67 81 92 13 88 66 36 75 5 4 92 94 93 22 56 50 88 61 12 27 76 40 88 36 23 72 28 26 49 74 7 66 44 40 55 72 13 9 68 20 75 31 35 87 72 94 74 96 91 70 37 1 84 75 28 38 45 55 68 87 45 78 66 68 47 9 9 19 53 14 78 26 91 21 44 4 47 65 22 41 90 10 61 26 6 65 28 73 17 63 55 13 23 12 4 17 74 5 76 19 60 19 24 3 54 86 62 80 16 43 26 36 17 58 65 37 67 63 25 16 33 45 1 5 22 16 30 48 11 22 24 50 40 8 74 82 67 23 47 4 72 36 39 78 88 87 98 77 19 90 67 25 10 29 21 15 31 9 37 6 14 69 55 42 65 68 58 30 40 54 72 47 52 67 46 0 30 47 23 20 99 17 48 93 0 98 73 78 25 95 27 59 63 89 84 20 97 1 43 97 30 55 78 58 62 18 86 46 57 9 40 33 42 25 23 93 64 0 41 96 78 76 97 48 34 71 60 1 58 49 86 98 94 55 93 39 81 12 24 28 24 18 26 33 20 16 88 5 92 64 48 23 85 55 59 8 69 79 12 44 44 36 47 85 82 97 20 82 15 18 84 12 76 41 1 49 86 58 29 80 65 39 95 20 53 48 99 93 70 42 26 58 72 43 43 97 68 27 
97 30 70 67 98 1 98 36 79 33 47 97 76 61 5 32 82 47 13 39 25 52 14 22 29 39 55 37 98 70 56 58 53 62 53 65 32 57 29 49 34 29 13 12 52 9 99 65 53 57 65 82 91 41 89 14 49 88 26 64 5 26 81 57 85 17 23 83 72 7 79 5 81 14 69 92 84 98 55 51 44 80 65 12 92 25 66 12 49 71 97 50 7 99 82 82 34 41 56 12 61 75 60 54 45 53 72 90 45 64 34 17 39 1 89 55 22 63 95 51 74 67 96 33 40 5 15 61 97 40 29 72 26 38 56 88 73 24 42 85 72 82 30 79 42 69 64 68 56 0 43 71 77 75 26 57 17 26 3 11 23 37 74 71 40 73 86 37 18 25 44 25 86 4 42 68 56 77 76 80 75 17 16 63 20 78 56 7 41 54 26 51 29 73 57 84 94 37 88 5 38 0 98 27 2 19 55 89 17 76 66 88 95 41 61 15 23 40 35 31 67 71 92 3 23 87 54 11 44 3 36 93 95 11 72 38 24 70 7 21 86 96 59 51 57 48 16 36 62 22 65 79 75 85 74 44 1 80 17 20 83 88 98 29 5 65 65 79 80 32 99 72 39 80 81 70 67 35 34 41 66 85 41 24 6 17 47 63 35 50 83 4 16 82 19 85 21 70 3 9 90 42 90 24 81 33 43 85 46 84 65 34 88 55 74 59 14 13 64 5 72 32 92 89 9 89 50 69 61 0 60 21 50 51 70 76 40 60 84 52 86 18 69 36 58 72 64 67 74 88 41 99 67 70 35 49 27 52 33 94 28 25 16 8 37 54 54 10 56 96 28 7 72 31 50 70 91 45 92 68 38 31 69 6 55 50 40 73 82 50 88 63 78 12 89 3 35 76 86 35 56 87 16 8 54 79 75 73 4 62 51 42 65 99 5 59 99 76 11 53 72 13 50 31 95 39 57 7 12 13 98 34 3 22 6 87 95 5 86 80 88 8 83 75 40 10 5 23 17 64 87 77 79 29 34 43 34 35 26 65 83 61 5 80 4 20 9 14 61 36 85 29 11 90 37 88 70 50 74 47 17 0 63 21 77 41 66 35 27 71 50 29 15 2 92 92 1 56 80 16 
29 83 92 0 30 95 72 27 80 64 35 15 48 96 22 92 93 41 70 19 97 11 78 62 97 50 34 79 4 11 47 15 56 86 12 51 9 40 68 81 56 69 78 53 50 8 41 68 72 12 99 73 21 77 91 85 72 82 0 50 68 96 64 46 42 62 20 87 70 14 55 72 4 44 50 14 45 36 16 86 23 0 33 69 62 40 28 0 56 44 99 44 76 19 4 35 4 81 94 41 30 40 30 87 96 1 68 10 22 25 2 9 96 99 14 64 66 6 23 80 99 98 84 99 76 99 40 36 98 25 43 94 20 77 8 87 33 76 83 87 70 9 40 78 46 55 37 70 53 57 79 9 83 49 44 0 78 62 84 31 8 28 30 9 89 43 25 7 32 75 38 40 77 3 96 59 93 97 91 84 1 39 35 42 59 62 98 22 70 60 98 68 41 80 6 11 96 6 73 89 40 21 20 34 78 10 1 19 1 29 20 17 15 89 37 46 46 5 32 24 11 46 45 89 39 19 56 8 76 55 0 82 9 80 34 54 13 30 30 73 78 30 9 98 68 11 1 78 71 91 91 49 64 32 2 42 15 48 94 53 66 73 43 84 16 24 1 35 25 83 90 56 9 45 90 17 76 47 81 20 27 38 90 20 24 64 42 68 68 8 64 79 90 72 27 51 46 86 21 0 64 37 20 84 29 75 25 2 54 20 87 49 82 71 76 21 37 22 59 40 87 51 16 79 11 38 14 6 53 95 30 57 2 27 51 20 83 74 63 39 78 32 86 7 64 6 49 65 29 71 16 17 37 15 81 37 11 43 12 52 58 7 74 84 83 46 11 89 31 28 54 51 89 6 10 90 87 59 49 53 73 81 34 90 95 4 37 48 13 82 59 27 27 2 88 64 20 20 62 62 57 30 44 90 23 83 69 47 1 51 2 33 20 91 4 17 50 36 0 10 20 46 77 16 44 27 4 77 52 65 76 80 22 95 85 68 6 72 80 10 84 5 10 83 18 30 3 76 35 28 20 11 4 74 68 7 14 17 76 65 35 66 89 72 13 83 20 79 74 48 60 19 48 13 6 62 25 64 97 15 40 0 15 16 15 98 82 93 57 29 28 14 13 1 20 56 45 9 65 5 
23 79 82 20 69 24 15 50 17 77 37 41 81 23 73 45 74 92 55 90 8 96 1 62 52 67 10 7 94 94 88 61 3 55 16 83 22 50 12 55 42 42 99 13 25 3 38 67 25 4 16 75 80 53 78 4 66 89 44 66 20 38 84 60 94 70 2 97 78 13 5 48 28 12 24 87 84 29 13 31 70 59 79 10 10 67 80 81 50 25 58 9 11 11 78 5 18 56 39 86 11 24 57 28 96 37 81 41 3 9 32 79 23 24 37 40 60 49 44 6 22 58 20 23 79 21 10 17 84 36 97 9 73 40 88 35 14 8 95 92 35 55 98 92 90 89 22 24 12 99 19 1 36 15 15 18 46 24 35 77 64 25 15 21 9 24 23 48 35 52 60 13 87 63 50 20 76 71 72 74 62 20 25 17 67 46 8 98 84 51 7 93 0 18 20 73 72 7 93 21 71 46 24 58 32 61 43 46 48 9 61 96 53 56 6 89 45 53 59 39 33 57 37 31 83 70 14 57 50 49 0 35 0 63 43 66 17 74 71 54 66 21 92 53 87 3 60 95 45 18 55 16 99 46 10 54 4 28 98 14 69 80 68 57 86 86 64 87 47 41 80 3 66 9 62 17 69 84 75 50 52 75 59 84 44 61 31 64 71 68 87 67 42 2 17 14 89 88 62 90 19 43 9 84 61 64 10 67 69 90 67 18 6 34 56 22 72 58 2 57 50 15 34 76 65 11 38 36 28 57 26 37 92 8 93 18 10 1 98 42 86 6 30 36 78 71 23 71 28 97 56 95 23 9 70 96 68 71 4 59 48 74 82 64 1 3 97 40 43 6 30 79 86 82 5 49 70 30 42 61 52 17 8 96 61 68 75 17 4 62 68 85 72 20 0 52 0 31 41 6 78 62 78 94 12 19 49 48 14 5 78 3 17 44 0 93 55 57 62 78 35 56 81 76 33 94 68 8 71 97 43 40 57 12 50 91 73 96 25 40 85 19 75 29 90 81 42 74 75 60 6 89 82 25 90 66 94 46 3 44 92 24 33 63 74 83 79 86 0 80 75 16 8 83 71 42 1 5 0 11 61 13 17 41 90 79 12 41 83 60 16 4 52 52 60 82 40 51 5 87 
34 23 75 3 4 56 75 62 96 14 54 95 40 73 43 95 36 78 94 49 66 16 38 30 94 29 37 33 89 73 37 35 39 60 16 31 6 44 46 70 53 15 92 88 21 27 93 82 74 77 92 8 38 36 29 77 74 84 78 29 6 18 16 56 82 3 80 99 20 11 60 86 65 90 16 82 71 18 65 68 48 8 73 27 91 38 16 68 22 49 73 35 41 30 12 15 99 89 87 65 99 0 26 27 53 23 48 48 18 16 98 42 85 47 1 33 19 84 44 80 42 80 13 85 49 33 40 62 8 15 66 34 85 39 4 79 72 18 26 85 71 78 35 46 3 65 27 97 24 19 48 86 68 94 60 45 46 87 77 17 20 88 9 5 48 73 48 40 60 47 14 5 14 70 51 46 12 94 38 74 38 16 91 35 11 19 14 15 32 6 68 48 49 2 44 32 31 64 82 47 56 67 42 83 44 16 69 61 72 17 26 68 15 64 36 68 29 43 18 56 43 52 75 86 57 47 95 14 10 95 86 0 67 55 30 90 91 39 52 68 51 0 82 48 90 68 9 82 33 9 36 78 65 35 46 99 82 31 90 90 52 38 72 59 24 10 16 13 98 90 18 61 39 11 56 56 47 91 35 3 32 1 51 62 73 54 48 2 27 7 60 17 67 16 7 55 68 79 15 40 71 74 56 24 94 61 54 97 13 44 75 54 1 60 25 66 24 30 3 21 5 65 75 89 91 42 31 50 5 52 85 69 12 28 21 44 41 30 77 58 67 6 14 5 93 90 92 63 30 84 2 26 11 60 27 7 66 51 53 12 43 92 88 45 26 40 96 92 94 11 70 85 11 10 48 10 77 76 3 77 0 78 0 3 45 88 39 82 29 29 41 23 8 98 3 60 80 21 99 14 71 87 57 61 24 73 44 31 22 68 80 5 17 62 42 78 24 17 2 4 97 33 55 12 49 53 36 5 26 62 3 78 59 31 37 69 91 66 67 19 32 4 65 79 71 6 22 90 82 60 65 30 94 12 90 39 18 3 26 32 85 92 62 11 50 70 22 5 27 82 50 49 10 1 83 43 38 57 1 93 44 87 39 68 49 85 29 0 11 40 29 65 64 49 10 75 11 60 78 59 
29 75 24 35 72 3 74 56 74 10 5 21 76 30 11 46 58 19 85 80 80 85 87 84 64 10 34 82 71 78 49 4 94 26 28 81 19 8 38 39 28 74 60 26 97 70 56 82 34 71 51 5 80 67 27 2 44 68 61 20 47 81 11 37 57 87 72 97 94 10 12 67 38 31 76 43 40 76 19 96 73 77 19 75 55 75 37 71 37 38 76 13 50 19 32 3 2 62 86 77 1 14 19 0 33 83 76 88 14 81 16 64 80 97 75 91 5 85 58 55 15 95 32 44 50 12 6 13 51 87 81 81 28 89 16 58 61 35 58 76 76 49 55 70 77 24 46 6 6 59 33 59 63 2 66 89 18 37 10 29 52 5 91 53 11 62 3 62 44 89 92 83 28 48 63 19 18 76 32 39 83 53 47 23 21 82 45 77 11 11 92 53 66 84 63 97 44 28 71 52 93 76 88 29 39 12 17 96 11 42 28 6 9 42 42 91 70 30 49 82 49 56 43 79 37 8 23 73 13 0 19 88 69 11 30 61 11 49 77 28 61 38 84 21 36 88 94 24 92 70 39 46 19 69 69 46 86 86 89 88 82 78 49 5 95 88 53 67 43 33 90 22 98 48 54 96 79 38 75 19 15 20 75 92 51 29 64 64 59 59 44 17 1 35 99 96 20 28 12 46 92 88 47 20 13 95 87 65 51 93 47 47 52 55 99 25 15 79 80 91 77 13 51 74 34 30 99 2 74 61 90 75 3 69 74 31 46 36 17 55 23 63 34 66 7 86 54 4 50 27 33 1 7 84 60 5 54 62 89 95 65 59 80 99 62 37 74 80 70 83 93 9 79 46 4 65 55 39 94 20 21 46 21 73 71 97 30 12 28 92 94 22 15 12 26 97 26 91 76 77 66 6 40 46 17 76 23 44 61 33 79 30 55 42 71 97 34 86 43 75 28 14 81 21 55 57 96 91 18 67 55 30 38 13 50 71 18 4 22 56 98 66 22 69 11 12 1 77 15 24 7 45 58 48 36 37 14 52 24 95 72 31 12 46 30 53 67 25 53 43 42 81 37 93 25 26 71 77 22 1 60 0 56 61 67 23 47 15 40 38 87 77 96 94 20 20 98 62 36 21 
92 75 40 52 5 95 89 23 89 81 48 38 10 72 7 93 71 12 2 67 88 22 92 71 93 50 82 90 1 90 34 5 27 42 40 89 63 0 33 57 88 91 49 45 72 83 79 12 12 29 89 82 8 89 10 97 90 8 7 0 78 16 74 83 11 63 89 73 36 36 47 67 99 29 47 33 34 41 72 68 22 96 33 36 90 21 99 78 53 71 47 15 88 88 17 22 82 62 13 4 6 46 96 24 15 59 51 7 4 55 5 53 85 42 70 37 68 58 14 46 17 79 3 75 72 51 35 65 27 42 96 79 59 66 29 14 66 33 36 86 14 28 19 88 71 5 75 90 92 23 61 38 63 48 74 84 25 42 5 58 24 39 40 58 59 76 31 54 86 56 28 12 49 23 56 57 77 99 90 86 41 44 40 65 73 87 43 81 6 84 9 71 90 72 32 30 18 41 42 26 55 10 46 99 45 38 68 8 29 66 7 26 56 72 8 80 27 53 42 24 26 91 48 30 71 1 54 30 2 1 85 80 9 52 35 8 67 7 70 9 87 18 73 59 85 87 35 35 95 2 75 78 92 33 97 16 44 26 19 35 28 81 37 3 33 1 99 14 82 91 64 46 5 12 97 57 42 15 96 12 62 31 30 84 57 9 6 2 18 49 12 43 86 44 42 40 51 98 35 31 39 92 23 77 41 46 23 1 19 10 47 33 83 22 57 91 23 22 63 0 40 39 31 0 87 96 27 8 19 77 47 54 0 71 46 19 74 62 30 26 23 70 31 44 11 30 33 0 87 59 64 84 51 16 18 40 81 54 63 43 65 45 68 32 69 19 94 37 36 46 16 70 36 49 52 18 80 50 49 26 20 13 5 98 87 32 50 87 31 21 59 89 25 55 81 51 62 4 19 94 20 41 52 76 94 2 83 89 79 12 64 24 64 4 12 38 45 71 45 83 2 4 49 60 8 15 90 83 58 88 0 67 11 53 57 62 88 29 49 35 93 20 65 71 27 88 17 99 25 43 9 26 95 6 4 14 55 99 65 47 47 74 27 48 68 65 16 64 97 32 81 74 97 23 77 92 20 16 66 49 6 64 18 91 48 19 18 20 81 74 48 4 98 26 16 51 14 23 61 41 
41 85 81 27 11 59 78 81 67 13 80 13 9 97 58 68 45 54 81 62 18 23 34 66 48 43 57 96 84 68 48 70 49 93 34 39 45 94 29 52 89 9 59 51 53 53 46 21 7 19 57 81 10 20 3 65 53 43 30 68 87 99 36 38 24 35 42 1 50 18 51 36 41 41 36 48 46 66 13 47 98 56 8 36 92 63 60 0 17 21 78 87 78 18 67 78 3 28 8 24 32 67 18 42 5 51 34 38 35 88 32 18 93 94 31 85 23 10 1 93 39 48 12 97 81 63 56 67 92 11 39 88 40 38 49 78 9 20 0 44 99 48 72 92 29 86 68 20 57 56 43 26 92 60 82 22 38 18 82 87 34 57 17 16 87 32 99 9 2 46 75 95 26 40 68 49 66 34 4 9 12 14 55 35 93 64 2 86 57 67 98 48 69 12 8 77 44 0 2 70 40 41 43 55 62 73 45 50 9 59 87 35 28 64 27 10 29 66 40 98 2 76 58 7 44 3 68 27 29 76 91 2 59 9 69 2 20 23 32 55 93 64 92 58 96 34 58 94 91 27 32 74 40 56 76 56 1 58 42 38 33 36 22 77 37 12 12 5 88 13 10 31 88 68 61 23 18 68 20 9 10 60 82 66 11 44 79 33 19 90 67 50 65 68 24 75 73 74 42 56 54 11 6 96 84 90 43 89 34 99 20 68 6 5 59 23 49 71 90 46 7 46 44 91 7 15 72 52 58 43 38 79 65 66 14 90 25 17 32 45 32 24 3 94 22 35 87 51 1 90 77 71 36 98 42 42 30 11 86 56 61 83 81 18 40 2 90 19 9 75 17 64 94 0 58 92 5 52 7 35 20 42 93 88 15 22 27 68 52 89 46 16 88 15 92 27 53 47 68 11 37 11 8 11 52 58 32 12 36 71 27 20 34 86 9 95 16 53 58 85 41 94 36 50 92 96 35 79 84 61 64 49 33 80 85 16 24 18 27 66 22 82 66 80 47 92 3 45 40 68 37 30 77 70 18 49 28 23 65 33 54 6 24 39 13 76 92 78 9 6 96 19 0 22 85 64 27 68 40 0 7 94 61 69 14 58 97 16 34 9 34 39 58 26 71 21 42 69 37 88 
38 75 52 51 93 60 22 8 45 92 39 7 0 73 40 86 75 98 93 2 34 0 91 58 28 30 21 8 68 21 47 53 21 22 66 52 77 67 86 90 99 28 50 83 96 13 41 51 17 90 13 31 97 37 10 11 32 76 54 60 50 49 68 59 70 51 62 69 31 70 99 34 99 7 93 12 89 54 98 27 32 8 39 81 40 16 54 13 20 93 23 42 84 72 36 29 31 96 70 66 87 18 83 66 84 84 22 22 12 28 73 72 37 13 12 77 81 11 90 13 48 23 73 60 63 69 93 82 73 39 34 33 32 81 63 96 13 62 49 79 96 65 44 1 68 7 15 73 32 21 34 71 14 49 65 9 47 2 0 4 50 98 24 47 15 40 42 47 37 59 46 25 27 33 99 76 86 19 12 9 35 0 79 87 72 84 59 6 52 92 95 2 48 6 34 96 18 19 70 85 15 43 74 21 38 28 51 7 30 28 75 61 46 56 9 36 40 90 32 40 37 14 63 31 90 12 68 39 24 30 99 11 32 67 96 96 45 61 71 23 7 68 64 14 33 79 76 72 27 92 73 51 65 99 63 88 43 0 70 6 59 49 50 82 94 93 97 56 21 71 18 95 65 19 5 55 22 27 32 44 87 62 11 46 74 53 63 67 93 84 52 72 60 36 56 67 10 48 17 51 68 23 60 91 96 47 4 92 68 82 3 4 36 68 31 76 74 37 30 29 39 90 59 21 78 88 55 14 88 94 93 97 11 56 20 14 74 44 0 4 61 4 56 92 41 11 49 71 91 47 35 31 78 86 51 67 83 62 53 82 85 51 25 39 11 56 65 43 5 79 61 94 64 89 49 15 10 38 4 92 36 88 30 70 96 0 26 55 16 52 68 58 49 22 83 72 3 21 52 93 67 91 91 61 6 40 86 93 92 65 70 65 74 29 55 69 44 31 65 12 70 55 24 72 84 30 29 54 18 28 12 52 77 40 41 96 63 57 61 74 41 26 68 28 66 7 60 86 90 58 24 28 1 49 6 7 41 95 39 39 62 50 67 70 92 35 6 4 15 98 51 93 44 87 77 57 41 80 25 3 77 11 46 83 43 35 5 71 1 4 75 6 60 54 24 30 20 93 59 18 
58 33 41 75 80 2 38 31 89 97 55 67 13 75 85 2 38 97 59 69 39 97 80 15 6 79 4 10 32 77 78 78 80 93 41 34 45 63 53 88 57 43 99 62 7 53 43 56 45 10 46 9 44 9 63 91 54 59 41 15 12 29 4 48 85 22 94 59 61 31 77 10 94 89 3 21 95 30 70 28 1 74 53 51 9 59 98 38 85 52 13 24 86 35 10 26 75 55 48 10 22 54 64 91 86 17 86 63 40 34 63 97 23 74 26 27 30 37 89 53 21 11 69 2 55 72 41 27 59 34 37 21 13 54 23 54 59 5 21 91 5 61 97 94 91 9 33 3 56 5 47 20 38 73 88 28 19 24 93 35 11 92 81 88 42 77 9 43 60 74 4 49 16 21 21 74 57 75 67 19 69 16 4 25 26 41 3 99 73 10 97 63 42 28 96 49 65 95 87 65 58 40 44 41 62 67 59 51 1 89 31 83 2 59 85 94 63 84 93 46 22 25 94 91 40 18 4 88 96 20 38 20 99 57 83 46 41 46 20 58 96 68 39 36 21 41 51 93 96 65 70 65 18 88 43 4 48 56 94 66 64 78 71 17 4 0 82 83 65 29 48 53 0 50 4 96 89 86 54 8 70 60 31 64 63 98 74 79 27 50 14 38 66 70 30 90 72 33 15 85 80 56 97 50 37 15 94 1 41 42 39 64 79 12 13 16 89 54 21 10 44 23 33 59 20 75 86 37 79 60 22 27 41 12 83 5 15 35 98 8 88 52 38 19 60 67 53 20 12 14 56 57 16 37 12 11 53 66 42 48 36 93 49 2 61 16 95 47 16 55 0 39 38 29 81 76 10 10 60 71 85 38 26 29 19 57 47 45 78 64 98 61 33 53 2 80 21 72 84 78 39 24 80 90 93 98 74 72 57 74 90 15 36 89 92 31 67 57 81 82 36 77 26 10 66 40 54 58 82 6 79 44 31 46 33 91 80 98 91 65 88 80 47 93 9 0 77 57 66 72 33 50 46 45 87 74 63 3 0 75 67 71 64 50 79 49 8 63 16 26 18 20 30 85 35 83 47 72 22 9 66 2 91 90 8 56 2 17 69 93 37 55 64 54 0 25 13 52 74 97 
27 66 20 26 19 79 68 55 42 53 62 53 80 81 92 90 29 26 51 84 93 25 17 70 39 49 81 31 72 7 60 61 33 90 49 68 27 23 53 58 14 23 74 53 38 10 31 37 49 80 46 38 55 82 89 79 46 17 35 35 42 78 67 77 7 44 51 89 94 98 46 80 73 33 45 40 33 8 13 22 0 78 29 62 32 86 30 93 81 52 88 10 5 41 66 10 7 95 59 13 94 41 38 48 26 50 80 26 99 14 55 25 25 30 82 6 18 74 31 37 74 76 38 99 70 89 62 94 88 2 49 23 92 76 43 68 20 24 4 32 99 73 20 24 87 71 58 34 35 57 47 46 3 3 86 22 18 10 80 46 13 68 21 44 67 92 89 88 93 40 31 39 65 37 97 35 86 33 6 2 80 59 53 35 57 6 3 18 22 68 87 6 47 53 79 36 8 88 11 34 72 84 5 5 78 74 6 21 40 54 99 18 63 40 55 30 91 87 43 38 20 17 64 33 75 70 46 11 61 73 6 76 9 62 64 12 71 84 96 80 60 41 83 97 35 97 11 17 26 15 21 51 70 29 49 59 77 16 26 95 73 29 73 46 54 91 7 90 79 53 43 63 90 94 43 54 4 1 51 68 19 50 52 50 19 55 68 91 59 70 53 35 44 48 68 32 66 97 37 55 18 25 31 17 69 84 11 25 75 5 30 52 24 66 93 51 89 8 12 66 14 58 4 86 39 93 17 94 62 1 22 4 12 18 67 62 46 26 57 74 35 37 76 50 24 71 65 41 69 24 4 49 3 83 73 94 7 51 43 63 30 81 15 33 62 9 49 62 6 91 5 1 60 86 29 43 3 50 99 28 94 82 97 88 23 41 82 76 12 60 32 71 89 21 47 25 82 28 17 3 85 31 4 22 38 40 88 85 67 25 28 37 49 85 14 72 72 82 19 96 71 12 8 67 0 3 13 87 50 74 41 18 98 79 6 78 19 46 83 77 32 86 25 44 13 81 55 33 34 65 28 8 93 23 36 99 44 97 13 45 58 43 62 79 36 75 73 69 99 5 27 92 93 9 14 76 62 24 58 77 56 26 26 32 38 5 0 65 21 38 40 79 66 88 25 64 73 20 73 35 
24 3 76 22 29 53 6 96 91 65 81 16 9 76 92 35 84 47 83 65 11 99 48 95 24 55 71 4 79 80 29 63 66 20 87 52 69 90 11 92 54 77 32 32 14 25 98 54 74 67 43 98 46 9 99 68 9 40 53 74 91 35 24 41 31 72 18 26 4 97 26 31 90 32 50 37 10 18 45 13 41 29 77 49 54 64 47 43 57 80 15 77 63 36 35 37 84 31 1 14 59 2 11 30 87 63 63 18 6 14 87 94 70 71 7 61 14 24 74 18 38 68 64 91 57 77 75 10 3 81 55 85 72 16 35 79 98 48 4 91 55 6 4 27 93 54 79 16 70 87 69 50 43 33 80 69 14 7 73 29 41 8 76 18 5 47 53 4 20 93 86 16 91 71 61 95 13 71 94 83 83 97 54 91 96 23 78 72 48 70 79 75 75 64 34 3 28 27 66 45 20 30 65 54 44 2 23 40 76 59 13 51 25 7 35 76 46 50 49 87 37 66 79 14 76 37 88 97 74 89 7 58 66 79 59 37 7 46 89 69 19 47 22 61 55 44 64 82 22 97 67 75 10 70 78 36 35 73 21 3 41 49 3 4 53 89 52 28 98 66 12 21 20 72 69 29 18 84 38 63 6 23 93 78 72 93 57 62 39 99 81 60 66 75 86 73 87 59 93 86 28 10 60 60 54 65 95 43 69 15 27 48 51 71 20 19 35 7 99 54 78 5 27 55 88 8 79 29 43 16 13 26 87 57 66 22 87 26 25 73 44 92 98 64 27 40 19 27 4 47 87 39 55 48 78 85 24 96 21 87 8 68 47 4 24 53 15 33 19 85 3 3 9 5 96 9 89 64 6 68 12 82 87 29 24 33 19 82 78 12 40 60 71 22 66 24 82 95 22 26 11 64 35 48 96 10 72 13 83 58 79 66 46 11 91 17 14 0 15 6 14 9 57 10 76 72 42 25 52 92 50 53 72 54 24 37 35 86 83 53 39 30 9 54 16 12 70 80 31 24 9 37 16 96 77 70 6 24 82 24 36 93 16 41 95 54 90 3 50 10 9 90 6 52 53 42 49 0 72 79 44 74 84 35 10 36 15 25 89 16 8 42 91 91 9 87 5 51 28 2 
11 14 6 19 66 34 78 35 93 73 96 59 63 51 46 92 75 40 92 96 40 11 22 34 56 64 66 74 92 15 89 55 62 99 80 98 22 98 14 48 20 2 81 41 90 85 65 10 52 98 86 93 60 60 53 58 13 15 45 30 18 86 76 9 55 92 40 80 16 89 13 40 40 16 53 12 80 4 17 70 46 82 36 27 54 27 38 51 83 39 91 12 22 78 54 13 4 45 38 19 75 18 87 74 85 7 73 28 14 0 27 9 93 73 85 16 43 22 28 24 55 87 65 49 2 49 92 59 47 14 14 19 79 10 51 17 18 7 51 95 52 29 74 58 34 78 88 24 24 18 44 42 37 47 84 45 73 62 58 34 7 90 96 57 11 5 31 13 5 94 56 34 30 44 77 93 78 19 91 45 22 34 73 77 48 46 75 93 41 78 56 60 60 55 86 74 35 47 94 45 11 16 8 43 77 76 47 7 27 49 17 94 23 3 19 91 86 35 41 14 1 61 58 51 58 70 55 19 28 48 15 83 63 86 46 19 0 68 45 63 8 42 96 34 48 94 26 79 13 14 19 94 58 14 88 40 6 31 23 31 72 5 56 68 97 18 34 4 46 70 26 0 32 40 66 50 48 52 27 70 0 16 34 89 2 12 93 62 39 45 86 30 71 47 91 37 71 33 21 90 79 34 90 66 1 11 63 43 97 98 77 92 76 19 92 81 23 50 44 82 68 64 34 69 57 44 65 28 13 0 12 12 92 64 54 52 79 66 61 8 27 29 52 18 33 16 59 32 18 5 60 48 43 4 64 7 26 18 13 78 97 83 68 73 91 78 21 52 81 41 73 63 98 51 7 81 61 0 95 30 95 12 87 50 32 49 99 65 32 24 52 31 19 7 36 59 23 66 88 28 25 61 27 57 2 94 95 14 13 16 64 76 74 31 11 87 83 21 82 78 39 67 23 91 59 91 70 32 2 46 88 14 36 29 60 95 61 56 82 84 39 73 61 8 25 14 73 64 78 85 45 40 51 19 78 26 68 65 40 75 9 77 92 27 7 85 66 66 79 20 47 48 61 98 59 59 34 7 66 21 84 58 50 39 25 14 3 38 87 68 40 39 57 5 38 39 57 33 10 22 
30 28 88 68 63 19 43 16 11 18 70 79 23 68 35 5 10 46 91 0 49 55 45 55 4 95 94 44 24 26 13 34 58 90 25 27 43 91 82 89 84 41 41 73 35 33 17 3 65 69 58 11 99 86 67 71 47 26 53 42 51 53 92 29 10 0 28 73 94 37 77 47 52 31 0 87 67 65 19 12 33 34 75 8 52 30 5 27 97 5 22 15 95 8 12 30 81 43 16 33 76 16 6 90 17 14 94 95 99 46 20 8 93 0 59 6 24 76 98 11 5 77 88 98 31 57 89 6 35 49 14 46 6 71 43 20 33 14 30 64 41 30 94 51 23 56 39 9 59 64 75 17 0 20 85 32 16 32 32 55 95 42 16 15 22 68 11 66 62 93 99 52 81 62 25 52 81 75 15 25 66 90 58 12 36 43 90 4 19 58 73 88 85 54 61 61 89 44 3 79 84 96 46 16 76 33 28 97 67 42 63 73 61 71 42 16 54 15 23 22 26 71 91 17 6 12 67 49 21 82 17 49 60 13 26 54 47 66 23 92 28 39 28 95 38 45 12 65 45 81 99 31 39 96 90 55 30 97 80 37 63 93 18 55 54 1 6 88 63 14 45 1 94 49 46 27 80 17 62 19 21 84 48 8 4 95 6 11 10 75 76 41 18 99 42 24 10 75 2 21 83 59 49 20 23 91 81 47 51 34 26 96 17 91 46 85 86 82 49 94 23 30 96 86 22 73 76 29 2 54 35 35 2 32 7 53 51 96 22 61 2 57 25 4 81 69 22 58 75 58 98 92 16 41 26 5 79 31 96 44 14 77 12 30 6 37 58 32 72 40 34 36 46 74 73 39 73 58 74 31 77 60 6 66 4 57 69 23 42 40 16 25 9 47 69 57 95 36 31 50 35 95 0 22 72 13 63 9 26 49 76 43 78 63 0 43 83 22 75 28 70 0 77 66 69 87 11 65 26 31 38 96 93 17 24 91 72 33 23 99 96 63 7 47 65 76 86 72 80 38 88 99 21 76 68 44 92 14 60 75 11 76 19 78 48 21 36 49 22 93 90 97 88 43 29 99 71 73 67 53 69 8 36 12 40 29 40 79 52 1 65 75 76 76 11 49 19 38 63 11 
86 19 57 85 59 52 67 21 4 26 97 47 60 50 83 73 29 93 92 31 26 21 14 21 60 4 0 13 72 93 78 31 48 56 74 77 70 56 69 86 29 18 73 21 82 85 66 12 90 42 72 81 49 80 58 86 51 95 55 29 59 37 91 72 99 89 25 49 85 70 59 65 75 67 43 89 81 59 11 82 15 36 15 96 67 1 92 73 17 76 86 21 53 68 97 38 90 61 61 54 87 82 93 1 24 53 31 2 82 35 20 89 17 9 82 6 64 9 34 24 79 23 14 2 92 27 74 95 56 11 67 21 74 99 84 55 19 47 4 89 79 3 57 24 71 32 73 36 93 99 92 58 1 95 65 2 23 7 76 86 79 36 51 9 40 75 76 65 55 77 33 20 2 85 18 58 75 53 30 73 76 42 64 12 83 76 11 24 75 97 86 84 87 83 99 59 75 10 80 18 72 62 64 38 16 99 25 16 46 93 69 33 35 78 64 72 76 89 98 73 8 12 97 82 5 97 84 3 60 61 2 1 90 75 90 52 33 9 97 98 37 22 94 61 42 13 4 85 61 68 6 6 6 54 65 28 57 21 38 66 75 46 64 21 7 83 58 47 95 81 35 47 82 37 82 86 74 26 15 3 40 40 95 76 77 7 51 72 79 83 30 22 96 4 38 14 20 94 50 16 23 37 46 62 71 80 93 59 27 42 31 95 7 28 52 25 88 79 34 2 74 54 51 23 71 82 70 55 11 30 32 76 50 14 15 5 46 87 92 75 72 35 53 47 13 77 80 88 39 82 51 43 95 81 90 45 10 39 99 85 42 51 88 10 65 1 27 92 46 14 59 84 60 42 29 15 95 57 51 59 49 96 81 63 71 88 98 75 36 41 34 22 41 5 31 63 66 14 59 44 8 81 88 48 78 84 42 22 44 89 81 34 53 15 4 85 75 2 93 19 82 2 54 12 14 42 37 91 48 49 72 61 12 87 54 74 17 59 51 15 10 80 31 31 28 55 39 1 16 18 20 42 2 87 47 19 8 74 24 90 11 61 75 56 50 30 14 63 52 49 92 71 96 15 26 59 7 84 99 74 92 68 54 32 29 76 86 11 7 96 62 90 45 46 57 5 62 70 73 71 
92 24 4 43 98 84 98 33 38 27 97 59 43 22 18 14 69 32 84 93 80 15 45 22 39 50 11 58 59 2 30 60 85 75 39 20 31 50 86 90 4 66 90 74 30 99 0 2 11 63 12 22 48 26 49 96 60 29 12 39 83 83 41 50 76 0 45 38 13 12 16 63 65 77 79 49 9 33 57 64 96 92 73 40 58 80 83 30 38 26 68 86 62 3 46 27 54 91 24 93 8 95 27 71 83 69 78 96 83 75 98 72 45 88 57 81 48 16 56 40 11 73 97 29 43 30 4 58 20 54 99 10 77 79 33 4 47 10 89 46 44 40 78 63 19 11 14 44 54 4 50 4 69 32 41 40 98 28 58 55 98 1 50 99 57 86 29 31 11 18 0 4 16 19 1 62 42 16 8 83 81 23 68 50 72 53 42 26 20 86 12 9 58 96 90 72 72 23 59 43 76 96 70 39 28 4 91 2 26 37 98 15 71 96 71 60 79 81 47 11 98 47 5 93 78 96 82 12 15 40 58 65 32 81 73 12 76 37 21 37 35 65 22 0 96 94 51 6 76 91 65 3 53 85 96 18 31 83 53 38 36 33 28 26 19 64 73 43 5 54 14 10 21 40 96 72 0 77 81 49 7 58 11 16 76 82 30 61 47 58 61 5 7 84 33 76 90 44 67 34 68 87 81 45 83 63 91 81 66 88 85 13 26 89 12 40 0 28 31 9 87 85 82 67 75 78 41 39 91 78 89 64 72 43 86 91 96 47 45 75 23 61 91 37 88 99 54 29 92 19 40 34 88 5 61 12 3 32 13 58 37 53 20 24 77 82 88 69 3 69 53 43 88 70 35 89 67 84 64 10 20 73 92 66 96 38 55 67 88 48 31 21 77 15 45 26 88 16 9 11 35 33 16 33 4 68 17 85 15 14 62 48 30 54 18 20 68 10 34 13 14 6 46 8 74 84 5 32 16 57 23 90 39 65 51 62 42 17 7 32 70 59 41 57 24 92 57 29 0 86 40 29 70 3 70 32 49 43 81 67 68 92 60 41 18 43 16 53 7 28 51 23 54 7 49 16 17 36 88 89 3 64 1 90 70 19 20 92 28 29 31 90 94 70 68 80 4 13 8 35 
65 40 59 15 58 43 23 50 51 22 4 9 96 25 44 33 53 25 52 36 89 60 96 94 78 87 3 32 1 22 25 98 0 63 40 45 31 44 38 40 28 90 85 43 95 20 9 50 16 66 74 10 21 2 58 40 33 24 10 10 75 58 98 80 77 74 86 77 34 93 68 37 20 0 92 37 51 5 61 61 75 36 60 45 32 97 2 26 1 98 50 79 87 1 71 88 47 84 75 69 10 38 3 42 7 96 12 56 26 24 49 27 53 81 0 61 19 19 31 70 40 56 46 89 39 27 88 61 32 99 61 59 64 81 40 50 75 17 7 34 78 52 73 32 87 90 8 88 95 96 12 54 42 65 76 36 14 38 36 69 92 14 6 36 95 72 6 88 66 30 50 80 75 86 49 51 62 96 96 73 62 19 27 6 75 92 74 99 77 99 31 97 53 59 57 27 11 92 86 68 37 39 25 83 72 86 67 33 72 35 95 73 1 48 10 32 35 90 9 13 34 59 19 47 82 4 84 5 63 36 90 30 66 16 98 39 53 70 61 4 31 8 29 40 76 40 38 92 29 35 16 91 59 0 75 93 71 74 93 58 66 10 56 91 11 53 0 31 85 2 46 31 7 6 14 2 88 93 33 39 64 14 13 68 73 98 22 78 93 76 5 59 35 3 36 71 12 28 92 51 5 63 87 9 90 64 54 23 35 55 70 39 18 47 30 96 79 0 99 7 50 87 2 32 32 88 77 57 6 27 42 35 0 1 75 25 93 34 83 14 90 37 89 39 91 17 31 83 9 40 44 18 27 42 21 29 53 58 84 10 11 10 79 41 10 73 71 93 56 24 31 78 9 11 94 88 87 90 71 42 52 4 54 90 70 13 93 99 27 42 78 90 96 30 39 22 21 76 9 49 71 62 59 44 5 39 61 32 49 84 97 70 32 49 80 0 91 19 84 31 63 10 25 41 60 65 36 85 34 27 13 0 11 43 53 92 43 89 9 12 74 25 34 93 93 42 89 88 76 46 87 9 47 92 4 78 99 32 26 65 30 97 11 65 79 66 99 99 95 5 27 90 33 68 42 73 26 6 32 76 37 15 19 85 34 64 79 13 96 81 49 61 73 29 99 76 18 40 70 7 
32 93 43 87 53 58 76 64 21 41 73 41 11 98 74 18 41 60 39 48 69 28 7 80 31 80 81 72 46 72 77 86 27 36 89 51 29 72 90 92 84 24 48 27 92 16 62 66 55 39 2 31 8 58 29 87 41 76 96 40 47 69 51 81 13 37 37 29 64 36 65 90 50 40 7 75 67 19 35 44 87 60 45 93 52 42 53 62 67 94 27 80 24 88 25 94 11 37 57 1 64 10 71 14 40 47 84 83 58 91 53 72 36 13 85 33 46 49 81 33 24 49 8 96 16 72 72 34 73 16 67 49 6 68 89 90 0 58 61 55 22 5 16 88 92 99 54 38 94 13 25 69 12 38 74 87 97 42 98 77 68 81 5 23 47 70 67 89 37 83 82 36 61 46 47 57 48 0 84 27 50 88 28 26 33 17 98 54 42 96 59 21 54 64 83 45 60 48 51 14 59 17 55 19 32 77 7 92 72 43 38 7 70 74 88 73 88 98 22 12 74 40 79 37 46 54 75 49 93 47 98 51 8 52 94 99 57 37 31 59 5 86 52 78 36 46 95 6 74 56 95 49 94 79 50 39 12 5 36 96 11 82 66 61 84 53 57 49 29 99 99 0 9 91 47 57 77 21 60 22 69 28 44 14 21 74 89 31 67 21 87 38 92 89 12 31 87 28 80 22 11 94 31 55 24 96 6 29 39 87 62 11 64 59 85 57 49 44 2 6 59 23 52 58 28 60 4 73 4 42 46 42 68 11 54 41 10 46 21 61 80 40 10 41 5 56 54 14 36 97 89 34 13 14 64 86 99 71 79 52 58 1 73 3 45 44 39 11 66 53 30 97 13 30 50 78 66 62 74 94 8 54 45 82 32 79 82 64 73 60 82 93 21 76 28 89 58 55 41 11 81 49 47 7 37 61 53 9 86 40 48 89 55 8 20 43 44 5 63 13 58 52 99 45 97 73 0 68 69 81 46 13 32 81 93 64 74 80 8 32 49 39 33 69 2 32 61 87 36 51 8 75 61 35 36 97 39 6 74 72 53 26 7 81 16 30 82 33 89 87 86 43 63 77 8 3 48 66 82 92 13 22 60 49 47 65 97 38 16 87 80 82 89 33 57 88 14 86 39 95 
75 45 9 28 18 21 5 51 69 72 59 51 64 35 35 11 49 83 3 20 78 13 5 48 0 2 48 39 40 55 59 10 70 53 23 14 14 4 21 35 11 93 42 95 82 21 42 91 88 86 81 72 5 18 63 39 51 8 70 63 49 98 45 82 31 90 96 75 46 72 37 44 77 11 15 71 82 32 86 24 40 79 57 13 53 75 12 32 26 83 83 19 90 39 58 11 9 29 19 65 67 51 2 70 85 79 59 33 19 15 26 97 51 55 78 28 74 57 97 58 24 67 64 38 25 24 52 94 30 84 7 78 22 67 36 51 11 51 43 76 34 25 97 81 97 43 13 7 55 59 52 42 33 65 93 94 15 95 2 94 28 96 31 55 99 71 13 5 89 11 6 78 11 25 74 51 9 70 7 41 65 0 94 29 46 29 46 9 23 16 68 55 75 80 37 40 59 83 18 68 62 95 11 81 72 35 34 48 96 32 22 49 45 71 5 8 70 60 50 3 82 95 73 69 24 64 45 97 91 54 86 3 94 32 65 48 84 75 44 89 2 54 39 6 30 71 99 6 86 30 7 60 50 8 0 68 42 33 49 96 19 29 46 14 83 99 43 87 43 75 13 76 58 27 84 95 70 23 36 19 54 71 89 91 58 71 71 92 1 75 25 64 58 17 87 37 23 99 35 42 57 35 4 54 62 85 65 49 36 37 84 8 24 47 83 33 74 22 59 95 73 59 61 29 1 70 44 24 29 56 24 96 92 9 96 36 19 63 77 11 9 1 19 67 32 34 77 56 31 3 15 80 86 54 50 12 68 29 79 40 69 65 67 65 39 79 32 13 60 41 98 48 31 84 75 13 19 12 83 81 39 71 39 26 60 61 92 18 56 29 17 68 6 74 54 90 32 65 38 14 36 54 58 41 10 37 8 74 10 77 16 87 36 1 41 87 90 57 39 59 30 65 6 61 28 38 18 92 39 37 62 72 61 52 20 75 5 28 47 83 15 36 60 9 32 89 72 72 76 93 34 10 93 55 62 13 48 38 29 37 90 13 73 93 66 26 94 9 70 90 12 70 93 37 42 28 19 61 94 9 96 5 15 63 56 45 82 41 0 30 76 61 43 23 68 3 26 39 58 42 
34 31 16 14 14 50 85 27 73 68 89 24 36 1 52 95 49 84 40 46 50 6 57 17 95 41 60 50 82 24 15 80 41 64 78 54 89 55 92 12 13 70 64 55 20 99 84 86 9 93 76 31 67 65 93 15 41 97 37 54 13 42 81 54 80 34 10 67 88 50 65 70 24 19 4 26 97 40 45 84 72 86 45 51 91 46 59 0 66 9 61 83 68 86 50 85 89 36 38 19 36 86 60 38 61 37 76 9 12 88 0 92 91 57 72 65 63 54 19 24 10 84 7 37 50 32 37 88 62 39 56 84 39 79 76 99 55 55 0 86 51 76 71 44 3 45 32 84 88 23 94 53 61 75 65 80 51 93 93 71 47 53 52 22 28 29 82 73 29 81 41 23 24 41 84 85 2 28 82 84 82 8 63 66 25 88 70 63 99 81 47 36 90 13 30 29 61 96 43 11 65 71 49 69 10 20 55 93 23 62 36 65 80 90 93 40 75 48 92 43 21 44 28 49 32 99 10 9 34 49 28 27 16 15 50 43 7 76 64 65 79 6 38 59 85 45 40 90 1 49 3 7 68 19 71 38 88 10 45 64 0 59 6 79 23 71 95 70 96 23 57 21 8 81 78 53 72 21 88 27 39 50 7 38 43 86 10 10 39 58 10 69 9 12 68 45 32 76 87 40 57 99 78 43 82 55 92 8 74 20 19 34 49 20 13 14 37 34 27 12 35 80 92 66 66 21 11 70 97 62 84 1 81 33 36 74 93 20 34 66 89 98 47 10 74 48 19 65 20 31 19 97 90 0 61 3 45 75 80 75 4 45 35 23 39 38 19 7 43 58 40 18 99 82 32 26 35 17 34 94 29 88 12 95 63 29 65 19 47 48 76 39 65 54 95 53 61 39 78 99 26 99 48 98 68 49 60 80 88 6 41 26 76 49 5 20 95 49 50 34 80 6 76 56 96 21 57 37 39 9 84 15 3 78 33 23 17 20 67 71 95 52 16 46 55 57 84 84 27 84 23 12 55 1 0 11 84 96 65 49 29 64 85 84 12 15 50 79 62 61 0 85 9 10 66 49 15 95 8 79 53 56 16 56 48 3 53 96 13 79 66 42 65 63 33 20 51 36 54 94 
49 56 76 42 11 68 81 29 27 28 68 11 15 79 23 26 82 67 56 92 44 37 71 33 74 75 81 25 84 96 24 42 73 5 62 19 66 50 27 7 0 0 8 44 56 7 91 50 77 82 79 30 93 61 43 12 44 55 11 30 59 1 45 16 98 20 72 92 12 69 92 30 30 39 81 35 6 94 10 42 74 32 21 50 89 49 98 84 25 62 15 28 33 50 25 99 75 15 45 10 27 19 16 18 54 44 69 32 88 4 89 85 27 73 22 15 33 39 67 67 32 3 56 75 83 35 45 48 79 76 31 35 61 82 22 94 47 67 79 60 7 57 58 94 14 99 67 47 9 62 89 42 88 72 97 35 3 7 26 6 88 26 33 43 64 30 79 39 33 45 84 36 98 32 38 87 5 20 56 32 73 58 71 72 89 58 4 34 11 34 92 1 26 98 18 71 53 62 22 96 95 75 23 5 8 26 25 84 53 84 88 50 89 28 83 93 12 60 70 61 68 6 63 16 92 8 10 64 68 95 26 31 6 39 83 91 39 25 48 32 79 70 70 40 94 14 88 38 15 96 45 32 52 58 86 21 74 6 86 67 14 96 54 0 47 39 88 66 58 59 72 24 99 80 48 62 97 94 86 83 3 7 19 99 24 62 8 25 82 98 95 33 72 17 47 63 25 28 74 72 42 31 87 58 55 99 45 22 62 23 99 15 32 81 26 5 93 22 45 92 89 99 56 68 32 63 61 38 59 71 5 38 85 12 32 68 23 25 65 95 3 84 9 96 37 61 28 17 2 54 66 55 82 60 87 55 28 1 8 24 54 75 58 8 39 47 35 37 71 90 57 56 16 64 82 50 58 4 93 23 34 62 43 20 87 89 81 49 80 72 83 28 6 47 67 84 40 39 67 53 0 34 43 97 28 56 13 62 87 55 63 7 59 6 90 22 39 77 24 53 74 40 82 24 28 46 75 17 30 30 21 5 71 68 98 51 56 48 66 81 22 71 68 71 63 83 54 97 14 4 16 74 1 78 90 71 44 17 53 71 38 67 89 63 57 39 66 2 45 12 36 23 36 24 79 0 23 51 87 40 41 36 33 33 81 87 69 33 47 4 49 78 83 98 91 53 24 61 69 5 
82 50 56 87 87 28 59 72 25 18 64 86 92 1 12 40 95 34 29 89 44 15 43 89 32 1 72 55 52 89 24 72 72 64 86 75 12 94 38 53 49 13 75 86 66 83 30 86 50 28 45 18 61 68 67 69 78 36 6 58 34 19 19 97 95 79 79 61 66 52 18 75 51 99 99 37 9 8 85 98 24 83 34 21 65 19 93 52 44 27 44 58 26 12 20 23 36 96 68 85 99 83 5 36 3 9 8 77 88 70 13 44 89 92 57 66 85 32 87 50 83 27 33 93 77 86 10 96 51 70 88 80 51 84 38 79 88 40 3 77 0 91 8 1 68 26 37 28 67 46 20 66 2 14 44 2 37 27 14 41 14 69 39 2 64 12 75 58 99 29 78 49 25 57 89 50 41 13 68 6 82 48 7 93 94 65 24 0 53 64 84 83 66 54 60 87 5 33 47 71 71 36 45 50 5 70 15 78 51 88 85 6 84 81 35 15 93 36 42 59 7 81 96 78 97 5 76 90 85 97 62 95 90 35 24 77 40 14 44 26 45 80 70 43 57 1 97 56 15 67 43 85 67 14 55 64 70 85 97 27 66 13 56 1 11 38 44 78 70 9 95 66 61 63 44 11 91 80 7 42 45 41 42 83 30 80 26 49 82 69 6 71 5 71 87 55 9 20 24 86 50 99 75 12 34 29 6 28 40 22 83 86 6 29 75 22 97 87 68 39 31 97 75 1 46 75 33 87 97 80 75 58 51 21 42 35 29 19 30 96 8 27 80 76 92 25 27 59 86 78 67 43 78 70 79 72 34 14 54 3 17 60 81 50 62 34 31 26 73 2 74 32 87 33 61 26 17 3 83 96 42 8 54 52 21 65 78 86 76 16 23 63 33 43 28 41 61 72 89 26 35 47 79 93 64 51 36 77 61 66 12 26 96 87 62 28 40 40 90 3 81 52 17 84 78 6 47 0 54 68 39 86 91 83 14 23 60 48 16 7 63 92 9 42 28 77 6 94 49 83 0 30 87 59 60 72 75 0 86 31 21 47 11 76 89 87 52 28 86 70 17 11 90 63 13 93 36 81 63 74 28 32 71 2 51 50 43 70 54 18 46 84 56 12 89 92 68 13 94 6 
88 38 86 78 92 23 68 55 61 91 6 30 16 89 7 77 9 11 48 95 67 45 6 41 99 63 7 68 79 43 94 38 1 24 26 50 92 47 96 4 2 71 2 58 33 53 47 74 54 2 92 50 66 71 51 54 12 0 83 72 24 90 38 79 14 12 13 11 64 70 75 16 40 73 2 13 53 66 70 78 72 75 17 37 54 58 41 76 6 48 64 35 72 32 14 64 36 76 44 7 79 40 2 8 16 81 69 90 87 32 32 80 42 33 80 62 13 4 79 90 76 23 45 73 14 67 55 77 23 65 73 90 88 99 52 91 25 37 91 13 30 62 22 91 26 2 46 10 74 16 40 31 33 9 76 59 95 46 43 29 65 71 22 1 10 31 79 46 33 91 99 95 53 63 75 24 9 63 79 15 83 30 70 29 40 46 63 72 61 42 73 94 88 2 33 9 7 9 2 94 35 30 75 71 86 71 51 29 55 95 4 12 82 13 64 79 33 2 11 67 85 79 63 30 76 87 39 55 99 93 77 66 22 24 94 88 10 87 92 91 85 92 28 50 0 32 35 16 10 64 7 31 10 30 93 17 37 26 76 60 99 33 58 4 21 57 88 43 64 47 25 36 55 61 60 62 47 30 55 0 21 15 76 72 55 98 86 46 84 0 54 10 4 42 62 86 28 97 45 74 41 91 46 91 68 62 86 17 75 44 77 68 52 85 48 37 71 16 89 51 37 90 36 3 37 35 11 87 29 57 3 10 38 87 5 6 30 98 3 76 7 19 24 13 84 30 35 38 12 32 40 82 31 57 54 99 7 9 93 85 8 50 4 97 2 34 10 30 12 0 77 31 93 11 12 4 26 11 91 15 51 84 43 92 23 36 18 87 60 56 42 3 89 78 31 20 86 94 7 21 92 52 33 78 17 49 96 23 59 2 7 37 22 85 75 40 90 83 92 51 21 13 86 2 23 37 68 64 25 90 96 24 13 24 40 56 27 83 43 90 56 31 40 97 4 24 17 74 8 74 26 87 6 41 83 9 84 87 95 0 85 63 23 60 79 0 6 17 91 63 95 25 99 53 70 92 48 62 57 58 80 0 4 35 41 39 99 86 88 45 31 25 54 30 89 13 4 84 45 86 
47 69 95 17 53 73 47 42 16 0 6 29 45 56 18 56 44 19 58 55 24 49 81 31 90 61 52 14 82 59 14 37 85 83 14 53 99 20 56 4 1 87 9 15 6 98 49 90 56 94 6 70 17 55 23 38 43 63 59 89 94 68 11 3 89 45 43 14 49 69 54 70 55 24 73 27 51 62 93 54 2 92 79 6 46 17 82 46 94 80 22 24 15 10 32 37 74 0 15 61 29 3 5 88 41 91 25 46 78 54 47 72 59 25 38 96 93 2 63 28 20 54 10 10 15 87 8 4 10 90 33 50 37 38 80 41 44 33 97 96 47 2 35 95 98 60 48 89 77 19 59 4 31 60 54 41 25 84 5 44 81 23 32 38 96 10 27 37 59 63 77 92 88 85 48 20 2 38 85 73 16 28 64 97 38 62 92 74 70 58 72 83 75 90 4 25 90 58 93 33 95 51 34 89 81 71 85 20 92 79 30 72 40 56 72 44 22 91 43 64 94 14 8 26 94 41 43 30 97 18 21 33 21 95 32 60 61 93 22 24 32 92 13 60 2 55 73 28 24 17 62 96 86 46 36 32 33 65 50 81 8 72 10 11 45 90 78 66 51 5 93 1 57 76 23 90 56 11 68 72 90 50 18 93 59 8 41 35 41 51 23 79 36 37 62 7 86 41 26 10 90 55 18 9 61 82 21 38 49 45 39 8 51 20 49 4 15 37 79 86 15 29 90 19 93 48 76 0 21 20 4 5 25 0 87 37 83 11 39 0 58 86 12 54 66 36 7 10 75 99 97 51 69 98 67 76 6 46 17 76 10 94 19 48 71 81 44 72 99 37 30 50 79 34 4 53 81 80 27 10 7 11 30 78 40 93 46 66 3 63 85 81 35 14 88 41 97 38 54 38 64 60 48 27 95 69 74 96 94 16 79 96 1 30 2 68 94 32 18 54 32 32 43 2 98 93 76 71 72 24 71 99 25 33 13 63 8 65 91 0 17 18 68 83 41 56 47 58 87 25 77 29 83 26 58 85 25 39 42 33 69 72 46 82 9 44 68 26 63 17 90 39 11 98 76 57 67 61 26 6 72 32 17 76 13 70 59 41 14 97 16 21 21 56 38 89 35 74 45 35 
44 79 93 91 46 98 71 89 4 24 9 87 26 47 23 68 18 58 89 80 30 62 75 73 27 1 42 12 44 58 4 75 40 18 33 95 70 65 2 7 22 27 39 14 39 43 96 13 19 24 63 93 34 8 91 15 84 29 42 26 26 49 84 6 83 46 92 78 36 44 40 45 6 29 23 36 70 45 9 33 32 82 22 1 9 57 23 90 44 68 41 25 32 39 32 21 79 35 48 23 20 83 79 69 71 41 44 7 93 27 40 96 32 27 63 55 70 91 68 55 92 66 10 43 64 75 84 66 82 46 44 70 66 64 8 13 49 14 13 27 65 82 37 35 41 29 24 82 81 13 48 39 13 66 21 67 72 4 67 68 9 18 94 6 55 28 94 15 89 76 30 96 7 48 91 44 20 48 15 43 30 26 74 66 98 71 6 99 56 50 60 54 47 56 27 36 86 96 17 21 98 47 51 5 21 54 91 92 34 70 32 58 90 57 52 94 94 49 27 31 79 95 84 22 88 50 42 90 5 47 36 79 61 12 33 51 58 46 25 51 66 81 18 73 52 11 82 77 83 80 86 58 48 71 28 32 76 34 95 64 76 10 50 61 88 53 81 17 18 72 96 44 61 47 76 43 18 78 80 25 91 39 77 32 56 13 81 19 60 19 2 71 15 79 81 66 57 20 13 63 18 94 24 6 69 44 78 43 53 26 45 87 69 17 83 1 9 36 77 47 73 63 78 88 25 1 72 61 78 26 84 3 33 9 48 18 71 2 45 3 88 65 24 82 87 35 31 47 97 44 98 24 21 22 13 61 76 44 38 12 84 85 94 73 24 76 3 95 39 63 28 78 79 39 31 37 77 17 91 13 87 90 30 97 34 70 44 64 18 28 6 1 73 11 10 52 28 53 21 57 77 97 46 31 9 87 96 23 65 29 87 21 34 21 67 41 90 10 38 9 51 15 45 64 5 76 39 6 14 58 37 98 11 34 36 8 37 8 3 19 57 71 96 7 53 77 67 13 65 53 31 42 49 77 0 11 56 81 8 1 40 44 47 78 31 0 91 47 51 47 22 37 89 46 24 22 53 49 58 1 52 87 17 11 35 77 81 52 53 7 81 61 9 89 0 16 81 56 66 38 
80 37 5 36 20 20 56 70 30 17 45 98 25 96 27 6 85 85 17 19 39 20 40 13 77 42 97 19 12 64 66 89 60 59 41 50 75 18 31 13 66 88 44 34 58 38 98 87 86 8 42 38 2 72 71 66 76 40 31 34 50 93 1 56 83 82 92 23 14 60 86 86 39 69 10 72 95 24 35 11 68 66 60 2 60 77 12 74 74 10 72 0 69 51 95 37 89 61 39 52 74 50 80 60 49 96 64 19 21 9 34 16 0 65 12 95 23 9 50 2 94 18 80 36 23 1 99 31 4 53 81 24 90 47 26 85 10 97 99 33 17 24 72 18 32 16 98 87 50 42 26 37 55 23 45 83 52 38 8 6 51 20 88 16 10 13 16 35 71 85 20 32 16 23 40 58 28 48 16 46 76 21 97 83 82 49 49 95 0 10 92 99 17 91 92 14 62 1 84 10 43 57 72 93 24 25 48 70 60 52 79 77 22 42 58 83 83 88 44 27 33 30 82 80 13 29 32 37 32 82 98 23 83 70 27 63 73 6 96 78 56 97 55 88 9 99 60 69 26 80 49 65 13 83 64 42 86 7 82 31 59 57 59 86 83 99 27 72 77 37 7 8 26 58 43 66 88 81 53 92 51 14 12 93 88 23 33 70 71 63 54 77 84 70 9 85 84 93 60 26 13 52 0 37 84 32 44 49 69 58 52 58 72 56 74 50 50 15 94 25 56 33 4 94 13 69 70 11 78 44 11 2 34 79 83 11 65 56 67 30 64 6 62 67 60 64 52 40 30 76 38 93 58 85 65 59 84 64 59 80 16 49 22 50 18 98 30 70 2 41 66 53 74 21 67 5 84 62 64 94 89 97 99 38 50 84 67 84 29 31 80 34 25 21 20 58 97 48 85 3 62 11 20 44 88 57 88 39 7 12 10 61 34 36 42 79 32 6 12 89 13 93 14 38 18 86 47 58 58 95 35 1 7 48 60 85 5 18 2 19 48 61 93 58 90 12 21 77 38 10 90 20 59 80 35 54 47 25 71 49 40 61 51 10 96 79 83 60 14 16 39 93 58 72 47 5 82 89 51 65 2 92 39 74 79 96 76 13 73 46 55 93 38 30 52 24 53 85 68 86 
78 83 8 76 69 78 81 73 56 10 51 41 51 23 82 86 4 16 48 82 24 94 28 27 94 21 49 29 39 53 70 76 27 7 2 82 52 44 57 36 3 47 73 36 13 80 37 70 58 69 66 48 58 91 61 62 88 37 10 35 3 66 19 48 81 50 0 10 35 50 43 12 53 53 99 7 0 57 95 30 25 86 72 30 79 50 98 14 63 79 8 11 22 34 71 93 49 70 51 19 82 93 36 9 88 54 79 73 9 79 23 37 78 79 93 9 43 49 84 83 93 51 28 98 7 60 45 38 89 26 29 98 4 92 89 56 66 92 64 82 82 82 1 53 19 86 55 23 73 4 44 17 99 83 51 68 78 9 96 10 10 38 51 62 85 89 73 48 66 86 14 75 77 7 70 57 66 52 55 61 82 40 65 61 88 3 49 50 32 60 69 13 69 86 13 5 13 28 17 39 39 58 42 93 85 85 29 41 18 67 82 0 97 67 57 48 45 94 9 88 26 30 64 48 79 33 87 94 30 61 43 91 75 94 62 26 76 98 40 50 16 36 24 81 50 9 87 54 85 18 2 88 15 63 20 25 71 85 78 79 18 28 99 96 32 38 38 39 77 43 99 9 92 27 45 60 3 59 60 27 57 87 87 26 89 80 17 14 55 53 45 2 50 29 22 70 46 53 69 54 91 61 9 43 92 74 87 49 44 56 34 72 81 42 48 12 2 30 70 88 12 21 52 36 61 66 96 11 69 71 32 76 3 52 54 76 41 14 39 27 85 4 27 7 70 15 40 72 58 59 45 38 5 2 28 49 31 1 0 45 94 50 98 5 56 21 67 62 82 86 88 58 73 7 60 68 54 6 12 1 56 25 52 42 37 61 36 98 28 69 10 65 73 23 54 50 13 61 46 53 98 95 35 89 62 84 63 68 28 44 36 62 98 16 9 77 31 86 13 92 32 98 2 37 43 46 30 46 55 71 55 2 14 48 89 62 82 61 51 63 40 68 30 33 23 75 33 55 83 33 71 88 53 42 99 17 35 18 50 41 83 32 15 47 55 44 30 19 88 14 21 2 38 11 61 5 54 32 1 16 61 31 85 13 73 13 47 20 14 14 69 88 17 20 18 47 18 85 63 24 
56 8 34 66 20 18 73 14 4 43 13 28 92 1 22 13 57 69 28 15 80 34 66 98 40 37 60 11 53 74 99 2 55 47 76 99 75 59 33 72 95 84 17 31 63 33 9 82 51 95 96 3 36 13 60 77 49 39 46 62 38 96 97 73 8 24 54 43 18 10 87 11 53 86 33 38 72 66 77 85 50 26 10 59 88 27 26 16 23 5 79 82 51 59 2 29 43 12 13 86 19 27 63 45 16 42 18 82 37 48 27 86 49 95 94 15 21 41 72 89 74 94 59 2 44 98 22 15 95 91 77 89 95 0 5 10 46 20 36 34 81 89 4 15 74 37 82 25 25 60 54 81 63 55 89 46 13 91 82 87 14 92 35 75 53 94 81 43 27 35 3 3 52 25 91 55 17 97 7 88 97 10 36 86 30 56 60 92 41 81 6 64 24 95 12 7 8 33 22 16 40 45 59 31 71 13 51 13 37 29 20 64 11 9 32 96 87 87 64 72 97 90 90 3 54 22 72 3 19 25 45 36 40 52 90 68 37 37 65 96 80 94 34 78 37 86 87 45 24 15 68 82 61 39 43 21 69 34 19 43 5 68 59 28 86 42 6 72 20 12 2 44 53 99 74 28 54 75 53 56 92 88 0 67 71 42 89 84 32 43 51 58 65 95 54 74 2 96 55 76 54 31 41 62 4 44 31 10 85 80 43 39 46 55 2 20 50 21 24 17 53 35 16 7 58 65 31 43 14 55 49 44 37 6 3 29 95 96 50 80 69 1 8 49 11 82 65 38 88 40 89 54 46 3 87 37 30 51 5 22 92 3 80 67 34 72 98 15 95 34 64 59 0 97 10 48 77 12 23 62 27 68 64 8 58 45 43 87 7 48 63 1 63 30 4 48 68 76 2 78 56 55 34 17 78 99 98 22 98 19 38 53 46 80 44 38 62 67 22 49 32 35 96 80 0 68 54 84 2 49 87 67 87 4 22 78 43 38 66 45 84 38 74 48 6 12 90 48 19 17 89 64 64 28 89 14 10 15 85 13 10 6 82 54 72 44 7 72 46 28 79 16 34 25 20 75 87 8 50 86 88 77 26 46 27 27 78 28 93 50 48 95 62 75 85 45 45 91 41 53 
65 6 93 26 94 67 35 70 63 18 38 14 11 76 69 23 62 76 19 23 44 76 0 11 62 46 57 17 80 10 70 31 1 67 42 60 91 23 32 28 80 93 83 9 94 81 55 0 11 75 86 26 61 9 10 24 14 36 80 19 22 0 93 23 6 50 2 1 34 88 88 65 8 18 17 1 72 89 88 85 53 26 18 4 48 23 16 45 84 43 23 5 65 39 28 54 45 19 22 53 25 0 62 17 62 22 37 43 19 46 47 70 59 31 49 60 35 76 89 2 36 58 98 6 19 91 1 54 48 2 69 0 46 76 85 2 2 30 23 57 32 2 64 83 50 88 71 96 87 58 0 60 53 0 61 77 80 5 80 41 82 48 7 91 19 99 93 23 57 49 36 28 48 52 24 98 13 64 56 7 73 6 51 20 69 14 57 20 56 10 82 38 55 81 71 52 52 7 61 0 93 87 83 79 78 4 31 50 91 3 4 94 98 52 44 2 51 21 60 88 29 70 50 55 15 26 27 8 89 51 97 59 71 2 45 53 19 67 42 88 82 72 90 89 57 55 39 80 84 45 92 67 29 34 28 10 32 67 72 73 77 28 68 92 54 13 52 91 20 80 5 63 74 43 83 12 70 93 65 26 59 45 62 94 76 57 30 63 42 72 54 58 13 18 83 86 7 96 31 74 14 92 77 13 41 44 72 22 74 15 26 13 11 53 33 13 52 37 32 96 94 12 16 92 19 78 83 34 1 6 5 16 28 68 17 36 71 85 72 13 11 54 87 4 68 69 41 83 41 99 77 21 35 37 93 11 2 45 62 9 66 53 34 58 59 80 28 90 14 4 67 34 77 48 48 68 41 29 96 51 60 81 7 89 33 26 66 2 44 26 72 92 23 30 93 24 28 11 50 29 72 68 69 19 12 23 8 3 7 15 32 69 49 46 25 39 12 62 74 7 79 94 64 23 89 81 39 21 68 15 36 52 10 99 64 57 17 37 73 6 81 3 22 36 82 57 57 31 56 50 71 99 62 96 3 48 28 16 85 15 0 57 7 63 19 2 86 34 3 80 77 52 69 90 22 81 40 50 12 31 44 45 21 27 46 73 45 6 44 21 42 11 94 92 55 73 60 89 50 33 
87 97 76 60 77 72 76 48 30 66 93 23 27 38 52 34 72 21 9 86 83 99 42 15 22 65 17 1 45 55 7 89 66 69 39 32 37 12 64 33 68 0 73 69 26 42 21 25 75 45 11 19 67 47 44 26 18 27 93 8 69 42 59 58 42 7 86 44 71 31 36 31 83 12 40 39 51 23 22 18 37 58 67 34 8 87 87 71 41 10 15 16 49 39 63 13 9 0 63 59 49 17 41 41 19 36 1 17 33 49 42 47 97 74 51 49 43 39 83 92 13 43 42 72 4 96 77 17 72 62 71 59 65 25 90 92 3 84 83 0 4 19 37 93 50 47 96 36 64 24 97 4 12 92 12 56 55 58 48 62 57 99 88 97 79 68 11 48 48 53 62 22 41 57 10 22 73 54 13 70 94 26 30 76 95 74 32 14 77 54 14 69 99 57 82 92 83 27 97 51 41 39 31 12 29 70 67 74 4 11 1 90 35 38 50 60 43 29 32 73 15 62 29 87 91 37 96 18 59 11 28 63 94 50 71 69 17 20 63 79 47 16 30 75 58 37 97 5 42 79 35 59 55 87 48 22 25 24 45 72 12 96 81 26 41 20 45 87 84 92 16 48 48 95 35 65 13 16 96 18 35 33 89 54 90 68 65 46 97 27 58 87 11 69 12 49 74 34 85 15 33 4 3 13 10 44 76 81 33 0 50 86 2 54 87 53 1 13 71 46 40 21 31 71 96 49 79 86 86 51 23 11 36 24 3 16 51 16 26 34 46 42 68 33 52 11 77 39 49 77 1 81 40 82 44 76 85 27 24 65 57 12 83 41 34 20 57 45 16 36 17 36 56 55 21 60 13 92 16 80 49 27 9 18 14 26 60 60 76 82 23 26 60 54 97 55 40 65 83 28 60 10 18 3 4 34 33 53 88 43 76 15 85 3 60 71 31 9 41 72 86 10 14 79 12 60 43 12 66 24 6 53 84 75 50 50 29 27 91 91 86 39 65 37 85 10 52 19 68 79 45 58 90 9 64 87 39 99 92 36 11 28 20 38 29 29 38 85 36 14 36 52 89 84 60 33 75 94 75 43 24 41 96 46 64 15 48 61 72 88 82 97 30 42 25 52 13 84 18 11 
25 94 62 94 81 2 47 36 24 85 52 56 17 25 60 36 36 37 84 33 14 83 33 54 1 96 20 52 40 3 4 5 9 38 65 64 28 31 49 53 49 35 22 80 47 31 43 56 86 14 12 58 27 37 84 21 97 90 83 23 82 35 16 20 42 5 91 14 88 40 15 63 84 2 64 75 47 8 6 69 84 10 19 8 24 57 30 29 90 12 90 46 3 17 3 91 15 2 43 7 45 32 38 99 18 6 81 16 57 19 53 47 32 12 17 85 31 77 64 56 90 44 66 20 18 53 66 47 55 21 53 98 6 77 31 61 44 64 38 20 16 36 97 36 56 7 64 21 43 62 75 37 94 44 17 32 20 35 66 90 33 26 78 82 80 59 93 83 9 68 34 90 45 49 5 1 45 52 30 39 61 5 42 12 64 27 6 58 95 73 22 75 16 75 10 23 26 42 65 35 29 5 90 41 9 68 95 22 70 38 96 84 19 87 36 48 16 89 96 71 26 26 90 74 28 49 85 55 25 88 41 82 60 25 3 8 86 81 16 36 60 34 61 57 66 90 24 95 63 1 10 1 78 3 24 15 40 58 19 21 22 24 39 68 58 68 92 85 7 29 80 51 36 19 50 17 51 4 91 10 5 45 44 75 1 57 69 52 18 41 21 33 36 58 9 92 11 98 24 88 72 32 74 98 21 83 10 97 53 65 33 3 78 2 39 36 44 36 66 54 60 77 96 24 65 97 66 2 40 49 18 25 71 22 33 7 19 82 98 16 60 44 47 89 79 20 29 43 37 99 61 71 39 68 43 46 56 8 98 83 52 27 50 38 25 55 52 31 40 21 45 7 69 73 96 59 12 89 67 99 26 37 84 69 58 47 45 32 69 52 26 83 16 47 81 44 79 89 2 3 21 57 57 49 91 32 63 73 98 90 68 53 32 51 48 67 2 26 9 94 68 71 68 37 30 68 36 90 62 35 92 18 38 88 33 52 49 82 90 98 82 13 94 54 45 62 46 52 23 3 32 32 69 52 14 63 65 6 8 34 2 53 51 72 52 15 43 9 89 59 43 66 84 59 71 78 90 79 22 66 84 83 97 57 19 1 91 91 17 9 25 44 52 40 52 88 97 85 12 70 
43 23 31 63 39 16 3 14 84 28 70 33 42 57 6 43 71 40 35 60 60 52 62 56 98 45 67 65 35 34 62 43 62 84 0 77 71 89 53 75 46 25 82 77 87 14 26 91 40 35 81 98 79 45 67 76 84 72 99 64 53 18 21 53 3 13 1 16 3 13 28 14 28 56 12 50 39 37 79 78 29 58 11 57 46 27 39 63 45 74 30 26 37 70 27 10 90 47 86 27 49 85 76 73 77 36 37 42 11 97 35 81 86 23 49 23 64 51 33 38 85 0 51 97 93 52 68 76 54 46 88 15 38 36 76 24 32 89 12 21 91 95 49 84 40 33 39 87 9 48 43 93 95 20 41 35 65 62 4 61 58 84 19 84 89 3 65 76 75 66 40 45 45 66 6 96 22 80 89 31 78 93 4 16 75 76 31 86 6 52 86 53 3 18 68 14 38 5 37 2 79 17 40 6 91 66 53 79 89 44 80 64 84 38 1 25 74 65 46 48 48 69 21 36 38 51 21 39 19 58 93 15 20 32 42 5 99 17 82 9 84 7 81 11 42 83 2 41 89 25 28 36 20 48 91 6 6 48 45 98 86 35 45 22 19 9 47 33 40 0 61 12 96 4 28 80 17 93 26 37 52 17 35 2 18 72 33 18 73 48 80 6 81 88 57 96 77 37 61 11 52 6 1 51 9 20 6 51 16 31 13 74 66 85 51 87 77 24 40 32 67 70 53 69 49 25 15 69 76 72 43 42 94 31 73 68 75 7 31 37 91 62 99 84 95 17 94 49 22 65 98 2 38 28 92 90 29 3 41 46 34 94 75 98 51 92 27 0 11 65 50 22 4 18 6 57 8 42 52 59 71 6 67 91 44 15 39 40 99 69 10 9 4 24 84 74 57 54 80 28 20 64 79 61 88 5 93 39 91 70 52 19 45 25 20 66 25 13 84 30 67 35 6 16 20 56 40 57 75 48 95 91 31 99 8 3 27 74 65 97 13 39 52 90 96 3 31 52 43 79 6 64 96 64 17 65 91 88 95 56 4 18 56 89 22 8 32 29 34 12 55 40 26 97 66 91 41 84 19 8 70 79 27 77 82 60 17 54 82 47 31 86 28 89 15 45 61 63 13 41 
67 69 11 75 48 25 0 9 90 79 26 61 9 15 90 91 73 23 53 69 27 97 89 68 70 14 18 35 59 33 70 67 35 33 38 72 64 84 66 58 89 71 98 85 3 95 49 80 93 13 44 31 54 8 73 13 51 28 7 40 1 89 75 55 94 47 46 65 44 28 27 3 90 44 12 94 83 58 35 27 84 73 5 0 52 58 44 67 24 42 20 88 64 38 61 24 54 73 59 49 44 41 22 34 98 53 45 49 47 10 86 43 15 11 27 17 17 73 46 74 11 74 38 22 42 71 75 51 24 72 86 6 51 65 20 55 3 5 76 18 85 37 17 32 73 77 53 64 56 78 60 50 4 13 47 7 15 29 14 25 47 36 59 6 13 61 15 54 89 61 36 65 40 55 36 89 16 68 46 29 55 90 94 68 33 61 92 47 75 10 36 4 83 76 87 41 21 42 53 21 55 3 33 82 97 90 63 26 28 0 20 6 23 61 26 55 32 29 6 25 37 60 95 79 35 80 28 48 62 14 59 39 66 24 98 56 18 73 15 98 23 49 58 97 93 88 58 19 29 10 9 18 94 92 21 99 14 77 29 53 24 18 13 35 80 41 6 38 38 11 56 76 73 59 21 92 94 74 16 19 46 91 58 31 85 99 35 10 22 72 46 93 31 47 72 69 56 41 65 58 9 84 78 6 84 55 75 74 69 27 87 99 14 89 50 99 92 44 15 97 19 86 24 91 40 96 89 60 71 13 36 94 62 52 67 89 91 78 3 46 11 56 15 8 51 86 67 48 58 36 12 50 16 2 3 71 90 66 22 61 27 20 15 7 34 8 6 28 21 48 81 34 82 22 80 85 26 68 64 72 19 78 56 62 73 24 49 44 8 36 15 35 31 13 82 98 42 3 41 5 99 70 59 39 6 51 20 66 26 70 29 71 70 13 35 11 36 33 63 47 50 60 72 80 47 29 32 38 5 52 24 67 20 61 71 88 1 1 56 53 94 80 80 44 74 87 39 76 8 34 75 88 10 42 25 70 17 90 31 11 14 95 25 7 0 66 75 98 95 36 81 44 82 7 79 73 86 87 39 5 98 51 25 64 48 10 55 56 87 15 8 23 21 74 57 20 10 0 22 76 
41 26 4 21 84 16 62 2 70 18 60 12 79 27 3 12 82 97 23 56 54 78 23 58 63 56 9 96 90 45 24 98 18 26 22 14 44 64 19 90 25 39 13 8 38 51 18 4 43 49 95 81 8 12 3 25 41 30 1 87 24 34 28 0 44 59 62 70 58 74 26 56 65 53 69 32 95 51 29 39 49 14 61 24 45 24 58 90 14 6 94 45 28 79 94 46 19 1 8 77 88 10 52 10 29 3 30 5 34 13 85 85 64 9 41 54 24 1 41 51 11 70 59 19 29 80 80 84 4 20 89 85 83 46 45 91 59 96 59 9 75 23 36 37 37 54 10 61 16 56 39 63 90 53 80 2 87 62 62 34 0 46 52 52 95 1 49 38 7 97 37 73 1 80 86 78 40 16 1 95 75 73 57 51 56 15 20 23 37 72 44 70 15 47 44 25 5 21 13 25 19 84 94 12 99 63 99 52 11 94 51 23 22 57 5 16 46 52 68 51 36 49 62 95 13 91 50 46 31 43 82 34 33 98 70 51 82 98 44 5 41 69 72 46 48 11 37 89 72 25 12 5 94 42 96 28 57 68 39 65 0 92 51 8 92 66 84 35 69 3 32 71 1 77 8 65 85 2 97 62 26 94 36 82 68 40 12 41 97 13 20 93 85 93 49 32 50 56 54 58 73 34 72 1 20 22 27 76 10 34 86 86 74 36 6 48 10 4 62 8 55 69 24 3 95 2 44 43 25 4 62 74 7 4 44 32 54 40 51 72 63 38 64 16 86 59 29 50 93 72 65 38 39 1 49 91 2 37 28 43 20 92 32 20 39 79 89 20 73 71 61 40 82 48 23 12 17 77 9 28 18 80 63 64 39 38 96 43 40 85 9 94 64 50 68 30 12 36 0 70 74 86 44 48 25 9 35 29 87 77 37 74 7 26 0 26 53 58 16 98 2 70 58 63 32 58 77 71 37 17 90 89 10 44 22 2 15 99 22 69 9 35 35 62 55 88 90 99 74 86 46 97 12 44 90 89 87 14 58 99 37 68 56 98 65 92 86 85 69 50 34 72 44 56 92 25 81 98 99 32 67 11 73 68 31 25 31 12 66 49 42 45 36 11 94 44 30 47 51 14 
8 98 88 51 1 58 3 78 45 46 19 9 14 33 48 78 15 33 38 21 21 9 46 76 48 52 56 59 72 94 83 92 2 84 29 93 63 87 95 17 38 62 88 18 11 5 1 43 32 45 15 5 93 46 75 62 92 69 72 4 56 56 51 79 56 1 63 97 95 73 33 18 59 4 20 6 65 21 76 82 46 42 70 19 73 70 70 6 55 59 66 45 58 56 32 50 24 42 41 99 53 31 29 1 71 66 56 57 11 28 74 71 49 65 69 12 62 16 7 56 23 39 40 84 60 69 53 9 16 65 80 99 12 95 17 52 10 82 27 24 9 3 29 2 53 28 22 62 70 32 58 31 78 67 65 8 72 68 25 28 64 45 39 44 33 49 98 37 72 45 16 23 90 65 93 75 19 11 94 79 30 63 41 68 50 6 26 86 75 84 49 57 52 36 74 30 7 92 71 99 69 12 35 87 86 23 99 18 4 90 62 61 54 92 93 22 91 38 5 68 91 84 32 72 17 85 74 66 95 50 74 69 44 28 31 64 67 38 95 44 99 82 56 57 2 0 20 4 62 9 53 39 19 88 1 39 70 88 63 72 68 13 88 67 14 81 64 29 88 24 25 46 27 63 92 63 1 93 4 86 95 69 27 31 15 11 28 17 38 30 89 87 86 57 85 73 10 54 76 49 98 80 70 5 54 59 62 90 78 88 21 76 30 89 73 10 72 66 68 14 76 43 8 50 22 96 10 93 81 91 37 78 28 85 30 7 17 93 97 65 1 80 10 3 17 15 11 40 21 97 88 43 96 26 95 59 12 75 15 51 76 18 6 78 40 8 22 4 32 6 38 95 7 31 57 62 37 76 75 82 38 96 19 38 15 0 20 41 66 12 81 95 34 35 81 93 51 93 38 72 64 7 20 92 60 71 98 79 26 37 56 99 54 36 45 84 67 0 44 56 61 45 24 35 45 75 40 23 0 69 72 85 23 82 34 97 11 21 36 24 66 89 59 41 86 84 81 51 7 27 70 60 98 1 96 76 12 58 20 5 2 26 36 58 68 55 67 41 41 10 78 53 0 89 24 53 77 12 46 26 3 39 7 76 94 16 94 66 70 60 20 58 30 45 44 31 93 8 21 76 
78 84 29 32 37 77 9 89 38 16 3 27 57 55 22 76 33 41 37 89 40 31 51 89 80 42 96 83 71 82 75 85 23 92 11 51 34 76 63 77 66 13 68 24 45 27 47 1 41 36 28 72 3 1 32 19 81 80 53 21 13 85 83 4 90 47 88 93 69 34 18 61 47 70 40 90 84 13 38 13 92 25 89 95 75 21 96 72 57 58 78 79 72 26 54 34 68 52 13 69 29 78 70 29 93 58 37 70 76 21 87 41 2 89 0 65 18 45 82 85 41 10 25 96 89 61 56 37 13 97 91 17 52 36 78 67 49 49 86 39 82 76 80 12 88 85 42 42 16 18 77 54 89 83 19 30 52 75 0 73 32 89 46 39 76 93 2 86 93 8 3 59 7 70 32 56 61 83 60 39 48 29 75 28 1 15 57 32 15 59 90 31 8 74 87 22 40 7 18 94 54 82 55 94 99 69 81 40 52 20 14 12 52 8 76 68 33 66 0 3 5 47 70 31 49 23 86 72 71 71 73 33 94 32 12 53 10 18 6 71 43 87 81 92 21 91 67 8 35 12 50 32 58 4 9 69 48 26 16 57 81 47 24 27 24 83 11 23 49 32 0 71 53 63 96 67 7 60 19 31 96 63 80 80 40 32 75 31 27 40 22 78 39 44 46 15 80 46 44 43 52 56 37 28 44 42 83 88 54 44 34 53 61 64 31 5 81 43 55 76 86 45 94 92 40 86 43 0 86 86 95 67 68 90 0 77 33 80 90 68 97 11 82 14 45 47 3 9 68 62 41 28 69 9 6 65 79 96 18 29 26 67 39 35 42 39 22 9 19 32 81 55 63 45 54 1 77 51 78 10 32 89 1 42 71 66 68 91 73 8 45 48 6 36 0 68 6 68 32 47 6 29 58 73 11 50 34 16 60 17 50 54 43 37 16 35 8 86 47 28 83 4 27 15 42 21 41 81 42 79 35 58 40 64 12 58 65 4 30 55 84 97 24 49 64 55 22 21 91 76 1 78 53 78 10 81 75 6 80 11 21 22 75 49 66 76 85 9 44 11 77 13 26 36 9 42 86 55 88 87 48 11 89 46 32 41 37 44 58 22 17 38 76 47 14 30 76 23 77 83 
88 16 70 42 55 16 26 53 35 43 62 49 35 34 74 95 67 63 26 60 75 69 43 54 55 3 38 15 6 71 68 85 76 68 13 75 3 52 64 63 50 14 14 51 56 42 62 59 10 25 83 69 78 32 30 19 56 81 0 36 73 8 3 94 21 71 18 27 27 82 35 7 80 0 74 52 2 30 76 47 42 77 38 15 34 49 65 81 70 98 45 89 0 54 54 60 0 72 59 38 85 69 93 50 18 90 77 46 27 33 77 90 5 2 70 83 47 30 93 52 0 34 39 17 51 48 71 61 98 1 2 87 19 24 76 79 20 71 80 71 22 66 59 47 91 21 81 45 69 57 69 35 26 71 19 27 57 92 12 47 10 64 68 94 5 4 52 41 90 85 39 27 46 6 27 47 1 59 13 36 8 16 3 74 38 93 37 34 9 45 69 74 87 1 83 12 59 99 13 18 18 30 1 6 44 11 91 24 6 0 72 92 16 29 61 32 54 3 70 16 10 35 26 33 81 6 58 9 2 15 38 88 23 83 57 16 65 14 73 68 52 51 21 13 87 87 43 54 2 70 64 81 16 97 35 96 18 17 12 40 1 76 55 69 64 95 16 38 0 20 68 6 70 82 73 56 47 78 99 76 55 89 18 14 93 82 12 34 78 65 8 52 46 80 23 5 56 18 91 3 61 43 70 62 72 96 86 97 82 79 63 63 7 2 94 49 17 30 0 60 65 19 79 78 28 99 35 94 75 31 34 90 69 94 73 15 74 43 30 49 28 16 24 9 56 3 97 75 22 93 45 26 86 58 43 52 10 98 86 36 79 84 38 7 65 62 27 52 64 1 23 17 1 31 26 93 8 78 15 23 44 38 36 37 0 17 90 68 13 89 31 40 80 40 2 59 74 60 21 17 54 35 28 49 64 25 28 93 29 32 69 8 15 86 56 67 96 14 22 31 90 31 8 15 26 80 13 55 49 13 86 39 72 11 39 45 5 36 56 16 75 68 70 41 47 63 19 59 40 51 41 99 33 16 51 99 59 34 89 81 4 22 60 33 46 25 49 72 1 58 88 25 34 2 26 8 33 36 87 65 30 90 26 39 68 40 95 96 56 21 41 93 14 7 85 5 97 8 37 20 
62 37 85 95 33 30 39 71 39 59 53 82 20 46 32 93 44 55 84 93 41 64 14 78 96 6 6 48 89 3 49 41 18 57 61 74 30 12 31 47 32 92 29 58 31 61 78 89 9 96 38 60 62 25 16 74 57 36 20 90 79 58 87 95 82 17 34 80 22 59 53 36 80 0 51 7 13 65 6 1 36 21 0 80 33 29 82 26 13 42 68 31 23 89 33 16 68 93 61 94 78 81 80 53 41 99 27 93 10 37 66 39 58 38 87 41 25 44 22 65 31 45 31 64 9 38 96 0 32 92 22 2 72 48 37 39 77 32 71 44 76 59 54 27 76 47 46 42 36 41 89 45 44 50 86 68 15 32 9 18 15 18 34 48 10 87 49 56 1 11 52 64 46 34 2 65 2 88 46 76 3 24 92 80 10 83 26 0 60 68 52 29 99 29 42 13 41 67 77 91 53 73 75 98 86 79 22 79 14 62 49 24 34 73 69 92 83 16 6 10 54 70 29 44 69 18 99 0 41 17 64 41 17 33 76 72 69 57 70 92 19 49 57 15 56 85 92 55 42 94 25 3 84 4 78 92 99 68 73 27 73 16 9 50 29 35 80 38 27 35 91 12 6 89 16 9 62 54 96 3 1 96 81 56 85 13 22 30 47 15 99 91 20 91 89 79 44 8 74 13 65 93 81 19 23 65 32 32 26 0 18 35 73 48 31 78 14 23 66 32 91 15 43 61 63 57 26 66 49 40 3 10 82 40 82 27 49 82 90 45 29 57 3 14 27 62 25 74 51 10 69 46 12 2 24 68 19 20 3 8 25 53 64 80 47 25 77 94 53 22 99 88 78 73 66 72 79 55 96 97 63 51 93 15 83 80 46 30 81 0 93 64 17 30 99 14 49 16 91 82 4 76 23 35 91 0 9 42 31 20 41 73 83 34 80 5 50 93 86 23 20 81 34 99 55 5 48 34 22 64 89 34 93 98 70 88 20 19 43 79 93 70 2 86 72 40 71 72 43 49 46 18 74 34 18 88 13 12 71 38 10 33 56 6 70 27 29 88 13 23 81 4 66 51 30 58 19 94 83 63 43 77 52 11 4 95 31 82 7 11 93 57 67 89 83 68 72 38 58 25 
20 29 62 27 87 13 1 88 63 8 48 91 67 57 45 76 68 38 13 96 61 50 33 90 1 27 28 6 43 13 53 94 11 89 24 66 71 72 69 82 25 58 17 49 70 37 55 12 50 56 5 24 46 51 34 98 26 3 57 78 58 20 32 51 41 71 41 65 37 94 53 63 77 91 68 14 50 14 62 34 33 98 36 40 39 96 54 75 44 83 35 40 3 24 81 28 12 71 1 33 47 45 84 88 43 32 34 57 11 86 12 80 92 30 20 25 24 59 11 16 72 23 48 94 75 20 90 71 53 8 39 97 24 29 15 67 68 17 91 75 15 46 27 45 63 75 35 53 56 62 73 33 15 45 99 3 48 20 76 54 58 67 40 7 72 31 65 76 59 62 52 91 2 56 3 25 71 7 28 61 76 28 59 12 41 87 13 87 15 86 23 71 80 66 75 16 83 8 92 51 60 74 85 36 67 77 63 34 84 38 14 70 33 56 29 87 35 19 10 39 57 97 65 38 1 70 37 73 7 94 75 98 39 92 50 50 25 47 15 49 27 42 36 40 84 20 77 23 54 1 33 48 20 55 37 4 3 68 99 77 63 34 43 34 81 25 97 38 77 93 0 88 11 61 27 55 22 85 86 50 25 36 17 45 23 55 3 2 85 88 89 99 97 1 75 0 99 17 57 22 15 96 77 95 0 62 22 62 93 24 21 64 94 95 72 63 69 78 76 34 81 96 75 54 76 49 42 23 3 85 28 18 68 25 25 38 87 19 28 66 67 24 91 4 47 77 42 99 60 54 39 72 92 51 79 97 62 41 88 88 25 96 42 23 41 73 77 13 53 36 96 3 34 3 10 72 65 3 27 96 50 25 23 94 21 92 25 26 36 6 35 7 68 9 34 14 89 31 3 48 76 34 77 11 24 6 82 89 78 92 66 66 35 46 86 99 5 37 3 28 24 61 24 4 60 3 30 72 69 63 53 19 35 58 21 49 4 17 48 94 93 93 59 48 20 9 66 50 84 40 0 64 59 2 88 47 31 7 63 47 64 55 16 32 77 24 68 15 76 10 29 97 76 92 41 12 61 9 92 45 15 72 79 30 82 42 55 68 3 93 0 69 50 46 35 12 44 58 97 61 
81 64 2 16 56 31 69 30 34 18 31 10 33 56 94 36 51 28 49 27 17 61 76 82 96 32 57 9 96 99 7 94 43 11 66 8 66 5 29 89 33 61 1 30 63 49 77 13 6 73 67 50 91 13 5 17 69 0 73 18 31 84 18 76 4 15 14 88 27 76 27 2 18 36 28 28 75 97 32 9 40 28 11 50 60 1 35 13 35 7 38 57 74 99 3 2 70 33 30 0 38 57 28 17 42 42 92 81 57 49 91 28 91 39 23 70 4 27 45 20 51 10 82 83 3 76 98 90 96 38 20 41 25 77 31 15 83 4 79 73 77 62 74 45 19 24 69 87 73 25 9 81 8 34 32 30 93 67 41 70 40 6 94 65 21 48 31 34 6 55 75 76 90 10 94 83 16 24 53 64 45 92 87 82 67 66 43 38 27 78 64 30 89 64 12 34 72 56 59 64 52 91 92 69 36 65 62 97 16 41 59 30 65 27 38 51 92 91 95 74 16 8 8 77 97 34 51 4 13 60 40 29 51 20 25 43 24 36 9 17 89 85 72 87 28 55 98 31 75 90 33 77 50 61 52 61 81 67 89 61 40 33 6 52 11 35 92 25 39 86 72 67 70 24 56 27 40 36 72 16 79 1 56 30 37 36 66 46 6 9 31 80 3 55 46 69 67 19 12 61 15 5 73 78 95 33 22 69 96 95 37 20 93 80 52 54 97 42 0 97 88 17 57 44 53 40 22 75 48 9 95 61 11 21 5 22 17 55 64 75 41 54 75 30 31 71 31 48 96 89 15 72 85 36 97 85 79 20 87 52 83 99 60 39 26 37 87 86 91 13 11 63 43 74 76 71 96 64 34 44 86 44 66 97 30 79 51 6 64 79 50 53 75 79 71 43 82 56 84 63 77 48 79 86 68 85 9 64 77 74 47 64 62 46 26 46 81 26 80 61 93 68 10 11 70 30 32 29 13 55 8 14 68 54 18 28 37 61 96 50 25 84 37 42 28 1 31 19 90 77 98 41 87 3 89 76 35 45 80 8 12 49 23 7 0 64 33 82 14 93 60 44 83 65 15 44 5 99 51 19 83 25 64 28 50 66 86 28 7 55 74 20 22 40 88 31 18 71 43 38 
17 91 95 79 76 34 62 8 75 35 25 77 52 11 29 8 11 60 50 9 56 73 56 28 89 82 60 2 74 53 3 89 56 91 87 83 95 66 13 19 20 88 33 29 33 45 91 75 16 83 91 25 57 46 63 59 74 51 35 73 63 62 68 38 8 45 4 47 77 11 39 33 19 11 36 59 92 36 71 45 63 53 15 1 6 33 45 60 91 30 42 6 80 23 6 32 62 27 68 7 17 12 63 33 68 40 41 2 35 51 85 55 76 35 50 40 54 6 89 36 6 56 50 96 92 17 94 98 44 90 78 4 82 66 77 27 37 80 86 50 80 81 65 46 37 6 46 72 34 53 1 64 21 28 90 53 76 35 7 33 53 61 56 13 15 97 3 10 78 54 15 39 5 1 23 41 49 55 2 60 36 77 17 4 60 53 11 4 15 77 58 22 37 3 41 6 86 15 69 43 86 6 65 17 81 38 12 71 34 55 64 79 7 0 55 69 79 70 93 65 85 43 52 16 53 69 75 84 4 77 47 43 21 77 47 94 66 90 77 77 89 34 2 98 97 91 55 40 97 29 89 8 80 63 78 91 76 46 10 48 99 66 33 84 62 60 21 7 22 68 29 52 75 81 13 82 1 0 64 66 9 36 97 66 77 58 88 49 7 75 97 72 52 78 76 22 95 62 74 20 0 23 50 48 84 97 66 58 22 51 35 48 29 96 94 15 6 65 61 34 19 37 44 46 32 43 33 84 30 0 25 88 90 24 75 14 73 12 19 2 99 60 35 67 28 32 58 26 73 70 99 88 57 27 7 70 92 5 72 41 80 48 39 40 74 75 55 38 45 25 50 3 94 23 74 28 87 68 4 15 45 18 41 70 57 13 23 58 24 48 96 4 4 27 96 36 71 56 47 66 8 96 22 85 60 72 38 3 40 77 98 72 54 54 25 61 19 56 38 43 82 99 98 22 85 54 23 1 11 16 8 84 49 17 10 19 75 11 12 45 95 24 79 44 66 51 53 69 67 38 51 94 60 15 72 21 65 64 79 26 9 53 36 62 53 11 95 15 59 47 60 81 24 16 80 23 99 67 77 65 26 73 96 11 98 98 25 88 77 47 53 67 15 42 89 18 23 92 24 44 
81 52 0 27 65 37 2 26 4 28 9 60 82 45 46 92 0 73 62 50 13 14 39 59 3 20 36 47 82 46 10 45 63 71 95 90 69 17 67 43 55 35 34 35 50 60 25 25 36 46 58 54 45 12 41 12 92 81 63 29 10 37 77 12 73 60 2 22 52 68 14 99 4 25 70 66 98 62 64 65 81 48 25 76 55 30 48 89 72 20 36 58 12 78 88 53 11 25 62 97 28 33 35 2 86 68 55 3 15 48 79 56 66 98 19 96 18 85 88 48 46 0 69 59 46 18 97 49 74 27 61 68 22 87 62 71 91 56 0 72 24 35 85 52 24 97 24 86 52 12 92 27 37 36 49 2 78 66 75 62 89 65 29 64 49 23 39 97 13 97 62 72 29 57 36 46 63 82 60 73 31 34 88 53 30 63 65 20 4 77 58 99 6 63 34 85 89 10 65 43 89 3 54 38 4 72 0 77 23 73 68 44 84 87 28 27 17 8 47 61 38 63 54 70 58 73 51 70 92 13 88 35 58 63 81 9 59 99 55 77 10 88 50 90 75 65 26 14 88 95 32 67 89 82 6 35 24 85 96 43 85 83 1 50 15 80 6 12 32 2 34 51 5 75 92 80 51 39 41 29 33 87 84 60 55 28 4 23 69 61 72 38 16 21 68 47 43 95 52 32 9 22 1 38 2 57 93 17 41 78 55 59 71 28 83 32 91 36 92 55 35 58 51 74 6 81 25 58 59 67 45 1 36 61 9 87 37 18 35 9 8 14 64 5 88 72 69 2 89 63 38 64 30 21 88 88 83 26 26 23 43 90 55 58 80 11 70 22 66 69 0 17 40 24 15 74 21 94 65 33 58 95 21 49 29 81 96 65 68 92 24 34 58 93 9 56 82 24 79 82 9 21 40 11 36 1 2 99 63 4 15 19 69 82 67 56 13 82 47 57 35 57 50 60 90 36 4 19 76 42 97 78 10 59 59 88 25 53 14 17 88 39 27 7 58 16 40 75 86 60 75 96 88 38 71 78 40 52 71 22 74 58 39 24 15 1 2 30 9 6 93 95 2 57 88 86 65 64 62 57 64 24 83 37 23 39 70 97 24 80 7 54 52 59 55 10 12 10 98 2 
34 58 73 52 31 89 9 29 32 70 50 86 37 37 1 48 69 47 48 69 47 63 95 88 77 44 97 94 63 91 85 24 7 59 37 44 15 66 23 59 30 79 83 13 56 31 93 68 50 24 65 7 57 27 48 38 70 57 7 71 4 82 19 88 4 26 98 74 58 27 36 99 33 56 25 30 82 77 69 97 47 29 65 34 78 42 24 51 55 1 29 99 59 32 68 55 79 66 72 48 36 0 30 40 87 4 35 74 35 74 16 27 95 37 18 29 27 14 66 75 86 71 34 51 87 16 66 85 59 39 32 78 86 41 33 49 17 40 91 83 71 10 17 68 84 90 72 10 97 1 32 20 72 96 17 2 89 88 49 70 0 88 70 68 55 4 96 33 20 0 56 1 32 78 41 25 51 18 64 77 77 9 93 87 22 24 46 19 19 33 69 0 13 92 45 70 59 19 26 63 76 46 78 27 24 65 28 63 81 53 73 5 78 77 34 93 84 26 72 73 19 9 17 24 77 12 18 88 92 27 71 60 91 8 57 58 29 29 17 54 22 83 96 66 93 52 67 58 51 54 22 13 16 14 50 28 70 76 60 49 84 40 76 93 51 16 88 1 58 51 61 42 88 48 89 51 85 76 86 81 27 58 8 92 11 19 86 93 42 86 66 52 40 58 90 62 64 97 83 59 19 47 7 93 43 88 42 31 98 38 60 4 81 20 32 6 83 90 62 44 78 44 29 41 26 66 53 89 64 68 4 52 19 78 9 88 50 99 56 57 24 35 90 21 88 48 83 79 76 52 94 43 27 45 92 71 67 73 14 5 0 83 69 86 84 98 76 49 24 50 49 77 99 11 42 96 64 52 11 44 69 47 92 60 19 79 16 3 69 43 34 83 99 80 60 51 83 2 99 2 30 75 55 83 93 97 32 26 22 19 44 99 8 85 42 4 9 51 44 58 57 74 32 18 59 51 59 42 23 6 28 65 35 68 81 57 3 46 19 0 36 58 85 90 94 79 42 22 96 38 12 11 63 95 34 42 30 35 78 77 65 63 76 79 20 79 48 57 49 7 0 93 72 24 44 77 12 44 99 76 58 25 30 79 7 68 5 3 34 27 69 68 69 94 40 90 6 35 43 52 
90 8 19 90 70 66 2 9 9 3 48 52 21 40 64 35 33 38 14 87 18 20 45 35 9 26 26 32 39 45 63 27 2 96 14 99 58 93 38 19 34 51 23 33 43 28 27 79 1 92 62 14 46 94 68 46 46 8 41 19 34 18 4 31 81 42 23 71 87 37 98 60 96 61 22 37 80 75 63 90 32 94 9 79 88 14 8 87 22 74 62 33 64 87 11 21 20 58 64 45 6 46 18 96 96 90 87 92 0 44 33 37 56 55 18 56 1 33 84 17 69 88 77 55 93 24 72 12 20 29 75 58 93 80 20 63 93 32 53 12 68 4 73 21 87 75 57 47 1 49 84 46 85 17 60 52 23 1 13 63 78 66 8 59 41 67 48 0 0 26 28 61 26 38 89 28 75 54 14 9 27 93 19 5 60 49 16 47 58 99 66 65 35 3 21 50 38 91 79 10 72 7 37 22 42 96 76 14 70 53 42 8 1 74 75 88 95 75 21 93 21 71 40 62 15 74 60 38 43 13 25 57 19 6 45 82 82 28 24 40 41 86 1 98 77 40 73 67 72 61 69 25 25 47 44 97 63 78 17 12 12 87 22 11 16 15 48 78 50 53 23 9 80 6 19 31 79 61 14 89 50 7 37 25 80 32 22 25 12 9 73 80 76 50 41 37 78 33 17 66 2 0 54 3 95 27 10 7 46 68 85 1 86 9 46 91 42 40 3 46 84 21 72 17 2 92 16 64 26 29 3 25 4 78 46 69 29 61 5 29 94 44 54 58 74 53 91 98 98 71 15 15 11 15 36 93 25 72 77 82 48 90 86 53 41 75 32 43 89 28 62 16 1 16 48 27 59 99 87 86 78 93 59 26 0 90 21 81 64 67 36 72 59 63 28 4 3 86 56 62 61 68 20 55 22 20 56 23 22 28 42 33 45 93 7 11 86 70 37 59 44 38 50 11 2 96 67 98 9 57 1 37 28 72 61 45 72 73 20 69 38 31 31 6 42 65 9 79 65 82 45 54 52 80 20 9 22 58 82 65 79 37 92 60 73 20 76 17 22 72 77 35 48 23 36 82 40 2 20 85 46 43 5 78 41 70 22 15 13 78 21 14 67 89 34 42 79 30 7 37 
35 65 9 51 6 65 79 53 3 55 29 82 82 83 85 29 29 77 24 32 77 18 49 36 50 16 87 8 7 11 84 58 25 88 43 96 22 89 67 5 27 13 38 76 46 93 93 25 90 25 67 2 67 13 5 42 22 32 10 30 94 15 9 11 85 94 77 16 30 80 80 22 27 13 7 1 2 66 4 25 14 17 62 23 10 80 95 47 19 37 93 99 75 49 63 42 81 49 67 62 47 48 17 99 30 86 43 93 77 34 93 67 16 39 68 23 55 64 30 93 4 29 15 93 10 98 67 36 48 35 14 78 43 4 22 36 19 27 38 88 27 10 11 98 55 16 85 22 39 83 1 92 72 64 63 28 71 23 0 42 86 90 92 91 39 73 32 83 47 12 62 35 43 81 57 24 28 98 89 94 45 23 25 53 83 23 93 90 96 85 86 3 57 34 1 77 23 82 56 62 1 28 2 90 72 77 80 47 2 1 45 79 19 88 65 16 19 37 39 70 51 68 80 8 82 37 60 74 28 85 92 2 71 28 2 62 55 94 5 60 10 51 66 88 16 46 2 43 51 35 7 31 19 80 52 79 60 83 79 24 83 25 50 96 56 56 7 51 23 77 36 83 75 18 58 94 54 34 51 87 36 29 76 31 36 7 32 76 89 19 78 88 37 42 94 33 37 14 38 81 18 69 41 21 88 11 76 47 96 4 59 66 59 8 58 64 71 70 81 6 20 93 63 25 70 30 70 41 80 32 32 63 71 45 96 36 80 34 63 70 98 79 41 37 39 15 16 56 35 0 8 48 98 99 54 12 3 72 0 35 59 4 91 87 72 87 7 0 56 43 41 50 85 99 74 4 79 78 45 99 46 48 32 90 34 98 12 57 45 63 99 5 27 92 17 35 71 23 24 0 93 76 21 8 78 18 69 50 90 31 46 98 27 87 72 96 73 78 58 33 86 38 20 5 26 17 24 69 32 30 64 62 48 63 12 87 68 24 45 7 11 3 90 8 10 28 24 45 95 29 6 75 30 98 84 39 24 24 14 76 49 96 19 16 52 19 97 22 35 22 46 22 25 77 2 39 11 93 11 69 27 65 31 47 58 67 63 79 18 85 70 89 98 73 80 85 86 2 31 93 
6 47 58 35 58 14 11 21 5 53 61 35 88 86 49 54 11 17 73 5 65 68 73 8 97 29 39 81 32 54 79 27 62 68 22 85 92 52 90 72 38 71 62 52 72 14 48 59 72 92 19 26 7 49 55 80 87 88 35 46 3 36 69 74 72 32 36 3 96 58 72 56 20 20 41 51 16 21 30 71 60 31 42 85 73 57 37 28 95 61 25 18 97 47 2 80 29 83 15 93 38 67 49 15 60 32 99 22 17 20 29 1 84 35 30 92 59 26 7 62 67 71 81 25 48 46 69 18 34 91 24 13 16 27 31 81 23 72 70 78 67 19 67 94 14 70 11 93 9 83 68 76 67 0 57 86 18 50 31 5 9 98 94 16 14 76 80 68 90 98 21 77 36 1 23 41 39 4 80 49 16 41 48 12 39 34 27 13 46 92 78 26 83 3 52 74 79 53 3 12 28 46 97 4 12 57 77 90 23 79 11 98 23 10 1 70 58 10 81 0 73 20 11 53 16 17 30 28 79 60 59 77 54 15 19 28 9 32 77 8 79 31 56 93 82 65 36 57 40 89 55 90 45 48 95 71 67 69 92 65 37 68 48 30 34 88 43 74 30 48 95 58 62 4 19 91 55 14 90 66 3 29 75 99 73 32 51 61 36 65 28 32 70 36 4 36 40 1 48 63 9 10 39 27 0 74 56 19 21 48 2 29 47 62 81 97 88 74 31 42 90 46 19 14 59 75 92 23 81 40 90 12 2 12 14 85 86 33 6 94 21 74 47 34 6 59 98 97 63 35 98 64 24 35 57 94 2 42 95 55 20 20 52 29 87 11 36 48 25 51 60 16 90 39 76 30 21 0 89 94 12 66 78 37 30 8 8 8 19 77 75 49 74 63 76 69 16 4 31 51 57 34 74 2 56 82 11 70 44 38 37 13 5 23 18 19 55 53 29 75 46 63 66 79 45 5 34 92 75 69 58 26 91 72 26 42 72 93 73 21 10 41 66 85 35 29 5 81 66 90 36 55 80 67 13 31 98 86 46 80 90 98 15 5 17 45 73 74 49 64 53 73 27 53 76 7 20 56 40 33 65 34 85 74 0 2 98 67 71 66 90 13 54 77 15 70 17 79 41 84 
23 94 85 34 5 21 94 54 70 19 83 19 95 24 94 91 89 20 64 3 89 86 32 46 8 1 65 37 78 9 32 1 63 80 39 27 12 98 62 23 31 64 89 92 30 53 58 48 98 65 76 81 57 98 71 16 60 97 7 95 18 48 25 19 74 26 65 81 42 43 14 28 27 12 31 50 84 17 57 15 83 54 49 91 69 17 76 12 37 82 62 70 25 42 78 88 94 80 47 9 27 96 63 58 95 67 42 12 49 17 67 41 98 93 32 86 12 70 28 63 16 3 70 7 8 37 48 52 86 34 79 50 52 30 12 41 34 63 45 31 46 44 60 59 86 53 34 68 62 96 17 80 69 36 38 88 45 63 34 14 29 82 71 63 43 20 98 29 18 50 58 94 92 90 23 58 99 53 27 0 44 32 42 36 0 29 66 44 96 41 69 39 54 52 26 66 74 38 10 39 82 55 74 98 86 56 26 71 16 34 43 25 92 76 50 7 39 39 63 74 73 16 33 99 89 77 90 43 41 93 92 97 65 74 19 31 52 84 93 11 91 88 79 15 64 91 96 3 3 13 66 21 50 70 64 64 74 87 64 67 73 67 53 14 63 44 87 11 4 18 86 62 98 85 19 71 94 86 41 10 25 27 14 82 3 49 38 90 32 43 41 83 87 58 44 96 15 21 0 18 69 6 11 80 77 72 46 95 84 69 96 12 83 26 26 6 52 1 72 54 60 18 51 19 20 86 97 44 82 72 45 53 26 28 92 55 10 83 48 90 30 91 29 13 94 40 6 94 83 94 87 13 11 53 77 38 35 38 96 93 17 78 85 29 87 77 25 99 5 29 13 87 65 61 55 11 45 21 44 54 59 19 79 95 3 77 62 18 6 50 90 37 8 13 61 9 77 24 74 51 77 96 98 0 15 20 9 92 44 46 14 65 61 74 97 45 9 31 22 36 85 65 30 43 75 40 94 38 20 60 69 1 85 53 49 90 63 40 69 60 42 43 64 52 69 39 84 90 50 3 17 67 77 40 21 56 81 26 28 3 74 46 26 86 20 50 36 7 38 4 3 76 62 25 14 59 15 61 59 95 24 20 49 10 43 84 98 57 37 39 46 55 65 21 60 39 81 93 48 52 
93 95 86 69 93 45 54 49 5 18 76 93 41 29 75 95 27 72 26 4 4 32 38 34 10 2 37 27 9 21 99 88 28 51 73 95 46 81 97 23 68 36 7 35 92 49 39 98 54 63 32 41 73 87 89 41 9 47 10 68 15 50 86 90 19 39 95 23 86 30 6 34 73 81 86 23 14 28 45 36 39 91 45 39 8 47 53 64 76 15 16 84 4 28 85 5 13 69 24 4 15 66 44 5 88 99 18 26 60 25 23 66 96 77 66 54 92 26 51 86 69 46 65 17 89 50 46 44 0 78 64 93 39 71 21 73 51 42 47 83 49 23 53 45 72 57 65 31 88 54 41 1 38 65 67 89 37 10 36 48 12 46 29 70 68 5 69 17 3 68 91 90 35 46 39 61 1 35 53 90 49 22 88 86 82 89 54 23 34 46 13 63 12 40 47 29 36 86 99 87 17 42 49 21 6 41 96 91 66 64 2 60 77 92 9 71 18 13 70 17 70 99 82 70 34 1 52 99 10 1 42 2 58 82 43 81 20 50 51 16 14 82 42 13 21 45 55 17 9 87 99 60 7 5 84 69 55 36 26 9 86 92 10 68 43 43 39 56 58 88 8 76 72 97 83 25 94 87 4 64 71 56 95 82 28 28 68 36 53 1 90 78 42 22 52 36 59 93 62 32 37 61 67 28 15 67 29 41 39 17 83 19 32 54 34 61 14 55 58 95 65 11 71 67 40 80 73 0 48 6 9 0 91 40 30 42 52 1 31 26 99 72 4 92 79 50 36 83 54 18 69 4 27 38 44 57 69 27 59 79 54 90 4 17 19 6 35 90 49 73 63 51 40 17 46 66 69 44 70 86 80 72 90 68 69 48 9 93 3 33 56 27 72 63 17 96 90 21 60 19 20 55 58 23 99 23 54 81 26 91 36 19 75 90 63 60 74 53 59 44 9 15 26 19 16 93 44 25 84 63 4 2 18 4 42 20 96 24 91 88 19 13 49 90 29 48 36 42 89 98 53 73 74 48 57 73 71 59 7 28 27 79 94 80 63 51 89 34 56 97 68 30 26 15 21 47 34 63 57 89 87 95 55 97 6 98 15 61 25 50 41 57 66 34 89 5 37 84 71 22 
52 94 85 45 99 24 21 37 42 80 4 14 37 46 58 96 67 31 64 31 12 71 78 20 31 2 98 36 39 63 89 17 56 18 10 62 70 8 89 33 82 96 21 40 71 44 14 94 47 64 88 2 13 41 53 70 3 61 49 57 7 33 78 61 54 17 4 52 72 34 81 94 26 82 63 39 77 2 40 34 15 67 13 49 18 45 55 23 37 49 54 79 54 70 66 78 35 90 36 62 46 35 34 76 36 21 17 30 40 6 89 11 78 38 43 60 71 64 69 14 27 7 9 4 72 82 58 67 16 66 28 24 60 59 38 38 46 69 7 14 78 57 52 32 92 77 18 10 20 41 72 85 47 40 69 56 46 84 55 25 85 46 71 17 17 53 21 82 96 18 68 34 14 29 39 77 59 98 2 24 35 55 27 98 57 95 86 11 81 14 23 80 75 72 45 4 5 80 37 31 10 91 45 38 63 87 70 66 27 5 40 38 62 50 55 39 16 92 13 63 81 65 62 17 29 17 98 62 66 95 76 84 93 97 28 65 79 1 78 28 11 1 28 57 55 28 21 25 17 76 31 6 3 12 16 77 58 66 64 76 38 82 45 84 77 47 87 2 74 40 56 38 75 60 36 48 28 52 44 65 97 76 35 43 41 15 81 0 91 23 24 38 83 39 37 59 67 91 45 17 64 3 80 22 14 8 88 72 61 74 64 98 69 37 44 50 65 14 10 42 88 29 69 77 19 78 88 12 37 80 36 24 7 55 9 99 97 22 8 58 56 41 12 6 9 41 84 88 41 48 64 84 50 36 2 21 57 19 46 25 98 30 25 3 43 89 80 95 87 24 2 30 81 53 53 48 84 19 50 12 10 83 81 91 98 39 47 0 37 32 37 99 26 6 12 10 73 45 71 23 58 2 14 92 50 70 0 88 10 75 74 1 56 57 67 41 68 52 85 90 64 79 10 85 54 9 77 56 82 70 57 17 38 91 98 10 68 74 61 89 0 73 56 79 94 11 59 16 54 27 73 79 50 36 10 97 89 57 66 61 89 65 6 66 92 20 23 34 64 38 67 13 9 58 30 74 3 15 24 93 1 87 62 25 93 13 93 94 13 34 10 46 68 86 80 57 37 31 30 59 
9 73 96 43 97 10 5 2 29 74 32 71 96 71 83 38 3 1 73 28 18 93 94 76 25 58 79 63 51 96 98 73 18 19 74 75 18 95 55 54 64 84 8 89 91 59 40 42 94 22 73 61 30 66 89 99 11 84 9 33 90 75 63 73 57 65 83 6 91 83 0 44 99 51 95 74 4 88 57 16 42 26 89 97 83 23 38 5 8 29 2 72 68 55 13 53 64 49 22 13 81 12 70 34 0 43 73 53 44 25 31 36 38 76 24 62 85 78 1 48 86 94 1 92 65 4 46 98 24 95 41 56 23 42 89 90 78 1 59 3 94 24 52 24 74 50 15 88 14 44 26 46 1 43 22 69 75 88 15 12 44 69 98 12 10 88 34 31 18 86 34 90 46 51 41 81 65 29 42 77 0 42 98 89 66 55 82 32 66 63 91 97 66 14 2 96 71 22 32 14 88 10 14 94 95 19 48 92 80 44 54 95 69 77 61 94 90 89 99 7 35 37 3 53 58 80 46 23 67 98 91 28 61 61 45 22 2 71 43 39 13 72 99 65 18 76 28 5 7 46 45 91 70 13 47 71 90 92 93 33 55 55 74 52 59 96 40 98 34 29 29 46 45 54 92 7 43 85 61 83 65 25 67 45 44 71 0 92 69 91 1 39 17 25 72 26 63 55 90 70 9 24 5 7 81 42 54 40 55 73 44 48 60 99 3 22 69 5 19 29 85 60 77 35 19 77 57 7 67 65 12 46 19 97 55 48 37 93 2 3 27 29 59 58 31 99 68 94 24 42 3 55 62 48 69 93 38 65 2 82 91 65 15 0 71 40 30 59 36 60 79 38 68 27 20 95 63 52 59 45 72 27 78 93 25 94 35 62 78 1 28 86 15 63 95 21 44 32 12 54 42 31 14 45 51 81 74 51 15 27 61 24 38 21 65 1 30 68 22 49 17 25 27 99 57 4 89 94 38 83 62 52 61 22 61 7 43 87 72 70 79 71 32 53 18 57 9 9 99 52 44 11 19 64 73 79 91 24 56 51 4 60 99 66 43 97 73 99 32 7 30 57 95 45 35 18 28 89 80 26 8 85 20 72 48 86 81 30 4 32 16 86 53 50 27 95 35 5 52 82 
77 42 21 49 60 71 51 50 1 19 2 68 88 61 55 64 66 11 61 90 97 56 14 36 22 32 0 82 97 79 59 61 77 36 55 20 44 4 85 80 81 97 83 5 32 62 63 13 5 28 81 76 13 11 85 87 28 31 23 32 56 9 7 2 38 2 84 50 53 54 1 55 26 67 4 17 17 26 66 95 9 76 28 94 50 59 89 14 93 89 95 41 3 47 44 76 51 29 22 27 33 15 28 14 95 48 22 99 10 21 52 55 69 57 73 76 25 71 25 44 43 13 77 78 60 84 53 81 31 34 92 41 42 94 55 7 16 94 87 28 67 20 69 88 58 16 0 84 60 19 56 59 65 85 18 11 49 21 89 84 31 61 48 39 3 35 79 43 62 10 97 69 72 8 27 42 9 36 99 56 75 3 6 61 68 85 61 17 50 62 13 66 77 48 68 7 91 91 46 51 91 97 41 77 4 39 43 76 23 28 42 43 56 14 13 7 7 92 83 68 85 41 29 45 82 93 94 31 86 12 87 23 48 84 11 12 30 85 29 71 34 76 67 62 32 0 77 57 44 54 82 88 97 76 26 92 77 58 16 89 24 4 44 77 97 53 44 35 24 12 37 95 57 81 68 0 64 7 4 17 47 3 55 33 37 47 60 14 39 85 2 9 46 86 9 11 55 96 22 62 37 29 94 88 34 48 90 71 13 60 18 94 74 98 47 38 51 51 58 58 68 5 36 62 36 28 20 17 39 59 4 24 0 22 85 7 61 64 38 70 82 45 11 33 98 28 39 20 97 72 87 87 23 79 40 54 58 25 16 48 90 44 15 63 92 28 20 46 2 3 6 54 58 17 64 27 39 70 77 80 2 21 71 3 24 23 95 55 87 50 50 23 35 15 41 91 63 55 27 21 43 55 44 95 63 96 57 82 14 91 73 8 64 52 69 90 26 40 1 12 93 92 64 39 6 10 45 48 23 64 23 20 12 79 4 83 7 8 24 86 98 47 31 50 63 94 22 48 13 96 91 48 28 59 29 86 31 11 90 9 70 33 66 72 19 3 68 93 35 56 33 49 29 28 83 20 45 96 76 45 27 60 49 55 33 82 42 62 34 89 10 89 45 19 10 97 42 4 16 90 
89 55 9 58 99 14 94 90 62 13 3 98 71 12 87 63 12 46 29 99 4 11 73 15 3 87 34 10 16 91 2 26 69 32 8 42 52 96 82 99 15 20 21 79 88 69 9 71 32 78 59 77 44 91 52 88 70 75 30 57 1 20 28 42 95 84 16 96 42 13 34 14 39 28 16 70 60 12 27 45 43 33 67 48 53 99 3 26 10 97 19 19 73 24 93 23 93 57 1 0 44 23 9 41 38 63 53 97 27 95 11 13 52 1 74 11 31 79 14 30 70 19 38 7 2 10 54 17 27 38 92 18 14 41 36 98 61 2 33 98 70 90 1 3 98 49 24 82 51 98 66 3 7 10 26 37 43 94 10 67 60 72 43 71 71 76 9 94 17 17 93 25 14 40 35 52 22 83 90 8 17 24 56 96 91 11 99 72 86 13 43 42 26 9 75 52 75 31 13 77 45 71 37 79 72 66 33 34 71 14 15 61 86 84 70 63 40 28 96 80 95 6 20 18 81 35 73 23 86 22 35 41 80 19 85 75 81 0 66 58 80 1 53 39 97 39 24 50 4 67 40 0 58 3 34 5 18 25 15 3 65 62 72 59 77 42 94 99 28 99 1 54 38 34 2 86 8 82 60 92 85 27 51 14 21 78 68 69 87 92 6 47 71 93 98 1 60 37 63 56 27 74 24 52 11 54 3 68 45 58 57 65 73 97 27 44 35 96 11 94 52 8 69 11 33 38 10 93 89 59 24 58 16 5 64 5 34 94 17 8 71 6 68 31 35 55 60 45 20 51 20 85 94 53 62 47 59 12 7 67 53 78 53 47 0 7 27 9 46 48 40 17 99 70 58 45 38 98 91 32 21 76 6 17 81 14 80 40 37 54 23 33 75 83 88 51 52 75 72 76 8 95 47 2 49 66 86 82 1 86 82 60 96 13 24 38 71 63 85 99 55 24 24 20 65 95 37 65 0 89 78 34 34 10 21 18 15 83 69 50 80 95 4 0 0 78 7 56 71 87 35 85 32 15 58 54 66 11 94 69 17 71 28 46 34 83 51 5 38 78 86 23 13 60 33 40 65 28 4 61 67 35 25 89 7 68 48 3 31 29 77 20 60 3 1 73 56 32 67 14 
8 12 77 81 4 24 18 23 10 73 85 33 94 73 25 55 32 59 76 46 17 61 13 47 51 4 79 10 19 62 54 66 48 98 85 96 16 96 52 80 67 60 92 59 75 46 88 21 65 25 53 82 28 70 73 42 84 55 51 19 52 76 31 85 50 92 3 71 31 56 54 65 64 94 24 25 10 11 4 60 43 47 17 30 35 12 26 67 50 14 40 79 86 90 50 44 42 42 1 19 44 77 25 72 68 94 56 84 81 69 5 99 30 71 98 27 43 1 75 57 13 70 37 83 12 47 62 15 5 47 17 41 2 14 70 2 71 87 42 73 63 10 59 68 56 67 28 54 36 36 72 10 37 94 72 28 97 88 12 48 71 9 10 59 67 58 66 46 52 60 94 35 31 4 76 19 68 65 26 85 8 96 77 83 92 32 51 92 44 35 82 59 2 73 65 84 92 40 70 95 52 97 99 90 24 61 60 19 43 88 73 47 26 68 30 69 61 33 9 86 56 66 35 65 95 20 71 0 39 76 33 42 59 30 33 74 34 35 71 5 85 23 27 33 57 28 0 19 71 56 53 59 16 53 40 2 58 24 2 61 76 38 43 54 29 60 14 45 94 76 82 47 20 60 74 87 20 73 21 91 30 98 99 96 85 54 18 97 62 70 81 52 21 28 63 68 67 0 42 81 81 23 16 99 45 33 3 68 53 84 32 82 29 56 22 83 74 18 22 2 89 26 12 57 22 9 89 1 62 41 10 73 18 11 28 47 10 64 70 46 9 5 70 52 56 88 7 51 81 31 97 30 78 42 70 66 16 73 40 51 56 63 40 79 95 17 52 18 75 8 70 7 74 71 1 14 82 13 15 41 74 71 10 32 0 3 57 17 84 61 83 82 97 89 14 7 54 49 81 53 98 9 6 30 72 61 41 37 50 88 75 47 92 63 25 69 7 84 63 39 92 9 4 45 25 78 17 80 21 97 98 82 52 0 59 32 57 31 13 82 80 83 81 33 47 44 63 61 78 17 69 69 52 38 37 75 13 48 17 95 56 5 43 53 21 34 99 92 56 96 36 8 39 13 22 95 98 42 90 42 58 38 68 21 65 6 35 97 46 19 46 76 57 10 74 59 38 14 39 92 
97 54 68 19 10 83 60 22 42 45 21 88 98 53 61 20 99 99 79 39 86 10 1 84 17 43 42 64 5 21 34 2 27 76 99 42 18 27 68 35 98 98 86 88 15 24 70 50 86 45 55 7 38 63 20 98 24 95 52 63 67 89 94 67 41 5 91 73 78 51 19 52 67 42 41 6 10 65 76 48 12 84 34 53 77 81 30 8 51 76 3 41 66 48 67 88 45 91 28 42 97 4 43 33 33 75 38 76 58 36 48 95 9 67 36 45 47 10 88 70 27 47 67 7 47 74 40 56 82 32 95 87 41 1 59 6 1 37 43 48 79 9 82 46 85 23 0 74 37 95 10 41 15 66 31 56 87 26 2 97 43 1 49 52 78 27 49 6 13 1 38 42 44 60 27 18 93 93 90 14 70 50 93 9 0 28 86 24 97 49 35 33 85 7 88 20 59 89 87 27 82 54 57 72 60 53 27 21 8 6 17 12 30 85 68 5 65 46 93 34 24 68 41 89 63 36 83 12 68 32 38 59 18 84 76 27 19 31 91 62 3 99 58 72 26 43 81 23 54 16 34 53 93 36 40 37 71 17 93 11 11 97 23 7 61 85 46 19 74 77 50 75 30 73 5 93 79 22 56 9 11 65 86 87 39 10 11 71 60 81 91 14 53 11 24 22 71 11 19 87 11 56 96 4 52 34 77 54 70 41 55 94 95 6 47 4 81 12 14 81 89 25 5 29 82 21 2 49 30 85 34 98 39 62 22 39 27 76 37 88 5 33 73 8 57 17 77 30 96 0 40 87 50 53 68 0 78 5 85 52 75 14 0 25 79 59 22 38 86 81 95 56 50 86 24 13 82 40 67 57 0 42 9 84 55 50 99 47 32 32 93 0 27 76 4 47 66 82 8 3 28 71 73 19 96 4 55 4 37 1 83 6 17 37 52 12 22 38 21 61 9 82 8 29 23 86 85 40 46 82 66 25 64 98 29 65 65 61 19 6 84 6 10 32 96 33 30 51 46 6 84 10 98 69 89 84 30 36 51 47 79 97 7 82 38 36 32 96 41 26 70 63 28 77 39 46 94 41 87 16 20 52 26 14 64 9 73 66 48 17 27 83 51 67 29 83 11 8 36 11 
25 40 54 14 87 45 41 2 51 93 97 23 54 87 57 12 22 91 75 46 69 34 61 46 11 0 11 84 25 90 51 45 38 47 34 12 16 29 46 81 96 9 78 17 74 38 83 65 50 16 93 55 86 14 33 7 48 53 0 53 0 12 67 81 28 50 91 92 53 84 78 72 85 66 98 84 90 3 65 37 81 68 93 70 69 63 43 57 21 30 92 79 31 82 8 72 31 30 0 95 49 87 82 89 5 68 56 8 66 25 50 15 17 87 88 45 97 59 9 5 96 23 10 80 83 58 54 71 98 31 65 67 8 38 79 11 24 85 79 77 22 45 57 95 4 45 29 51 23 38 65 78 42 96 14 78 88 3 31 91 49 73 27 5 82 84 29 58 6 67 44 76 60 84 22 23 78 98 42 93 18 44 43 13 74 57 24 23 7 8 49 27 99 18 13 40 83 21 39 84 9 91 19 51 51 83 57 82 41 11 24 32 22 44 16 88 92 9 57 67 7 73 86 5 94 38 27 7 48 91 38 39 2 26 42 62 64 50 58 25 73 31 73 49 11 6 39 41 70 52 40 81 97 11 4 11 8 69 18 99 31 34 95 13 40 24 88 38 67 8 53 86 7 44 96 72 56 17 90 92 38 37 47 22 41 57 79 83 53 46 20 76 72 84 70 83 17 18 74 88 35 17 1 66 15 49 21 60 29 33 70 5 52 73 26 36 4 49 6 33 11 27 76 87 1 70 12 56 96 6 23 89 51 38 81 75 74 97 30 42 10 84 99 39 25 49 91 87 42 76 37 34 63 72 91 94 35 13 93 51 82 9 8 89 75 74 53 4 90 41 23 21 97 75 47 13 76 12 64 47 61 79 84 7 80 29 18 51 41 50 83 96 57 92 47 28 61 83 75 40 61 97 26 44 23 76 55 59 92 40 33 95 78 36 68 55 91 14 2 23 92 93 96 80 73 10 12 26 14 88 67 16 5 69 7 6 79 76 69 6 5 2 6 12 35 85 76 16 62 33 43 90 24 57 78 93 43 77 32 81 85 32 47 67 69 96 3 69 29 65 99 0 36 14 50 48 74 20 30 89 9 7 40 3 48 35 88 98 8 60 92 86 1 13 81 35 69 53 95 56 
61 99 62 17 5 82 19 71 52 10 76 17 28 14 48 19 32 51 48 52 57 94 95 42 25 86 5 24 58 87 19 5 18 66 25 90 6 90 80 29 53 94 53 6 84 52 85 80 14 13 61 70 30 62 46 21 50 16 98 29 52 40 61 19 26 56 19 8 70 50 37 32 0 30 33 73 10 1 19 53 27 71 10 25 60 93 11 83 43 35 9 37 10 82 52 60 87 75 37 6 49 3 68 59 22 39 3 44 42 53 10 30 53 75 41 87 2 35 83 91 53 17 71 93 63 52 56 94 71 52 91 73 57 56 41 3 61 25 78 28 83 27 77 5 11 97 63 67 46 74 36 37 19 22 98 36 66 11 44 51 80 56 57 7 76 37 19 53 81 16 35 85 93 99 65 26 35 9 49 37 70 5 22 21 87 11 85 72 26 87 69 37 23 14 40 11 46 32 74 32 3 83 57 81 60 23 78 88 10 39 28 35 14 38 5 31 36 58 60 27 39 65 39 66 0 51 14 71 97 99 48 92 58 96 84 15 97 41 42 24 29 31 4 83 41 60 82 42 7 87 77 41 53 59 18 66 52 85 4 19 33 73 52 87 83 38 31 39 99 27 48 82 6 0 26 19 57 56 26 20 60 82 70 79 9 72 34 25 41 95 72 14 13 17 23 82 55 75 2 78 43 36 65 30 71 80 55 96 10 23 8 83 49 71 55 24 35 10 97 45 28 3 39 32 72 97 1 38 1 19 24 5 74 70 70 17 42 99 75 35 64 9 37 76 36 79 0 86 57 52 23 49 27 3 18 86 64 8 92 30 99 81 89 91 3 82 23 94 60 82 42 25 88 44 85 63 63 84 52 65 76 31 87 20 52 50 72 96 99 51 1 34 31 91 16 53 56 33 17 95 20 85 71 91 41 43 22 30 60 73 41 23 34 69 18 41 17 79 53 60 59 24 85 2 48 93 81 67 38 7 87 2 55 20 79 51 41 83 76 57 28 22 50 45 94 18 93 50 87 71 45 55 98 36 69 82 76 53 42 51 56 64 75 5 15 27 7 87 37 31 16 50 43 83 41 70 0 1 76 68 20 81 68 28 74 25 98 15 31 13 34 3 66 31 13 23 35 54 67 1 
83 56 30 66 62 43 99 87 44 38 8 25 66 4 83 66 71 77 29 6 48 19 47 78 86 40 54 78 30 8 7 16 41 2 68 21 11 76 53 63 57 71 35 79 74 70 19 92 24 84 83 62 87 31 67 3 67 26 36 39 82 29 11 60 15 24 80 87 58 89 55 14 17 58 9 6 23 69 45 80 32 85 91 29 87 60 33 30 6 86 7 6 82 57 17 93 74 9 10 6 64 47 67 93 25 38 55 80 41 15 22 25 60 59 30 61 94 60 94 6 7 73 81 44 99 64 96 87 35 44 83 73 60 44 48 3 75 89 31 4 88 12 58 36 10 55 51 1 49 41 67 39 51 85 66 23 38 31 27 33 10 99 38 46 19 33 26 82 96 30 79 56 64 16 40 66 7 27 73 3 92 89 97 41 67 68 32 9 3 55 46 27 31 88 2 9 38 26 88 38 54 83 89 92 55 12 74 87 35 23 29 72 13 94 96 88 18 84 35 18 67 53 56 21 44 89 37 40 23 93 79 44 97 5 33 87 27 66 84 88 13 67 45 67 55 50 67 46 55 65 48 29 47 49 0 30 79 31 52 74 45 69 7 78 42 40 56 32 52 35 65 23 7 96 2 75 22 49 14 55 15 40 56 62 48 28 50 99 54 17 97 97 77 87 50 43 91 31 40 22 24 51 95 79 54 74 36 18 95 40 30 79 93 66 44 79 15 6 41 33 65 31 90 86 40 42 83 21 40 99 9 34 67 39 59 62 90 14 60 51 88 99 40 5 74 3 21 88 18 86 79 14 69 5 49 38 36 87 54 18 81 97 97 5 47 60 36 45 39 90 55 94 5 77 37 13 27 40 65 5 81 74 27 45 17 28 60 10 71 76 64 89 48 4 47 99 74 52 5 58 82 64 23 68 76 43 74 82 34 22 21 25 94 39 69 89 9 64 57 26 35 59 42 81 25 35 71 90 85 60 96 75 55 10 55 39 48 27 81 0 41 30 29 86 31 79 97 90 50 67 68 87 81 87 98 44 72 40 63 31 88 52 9 93 13 62 74 31 65 4 10 28 42 24 35 54 61 70 17 14 18 61 21 63 22 29 18 0 45 83 5 11 58 45 24 14 82 90 89 38 
56 68 82 69 16 59 46 24 71 3 61 96 52 17 13 63 11 77 19 94 59 39 14 16 84 2 21 45 6 71 5 59 10 14 95 48 0 36 62 69 28 88 19 72 29 34 73 76 3 3 90 54 30 9 3 78 69 67 97 50 27 82 58 24 52 74 37 70 72 36 59 73 15 59 59 65 39 57 74 51 21 45 85 5 60 43 89 62 53 57 36 21 51 91 73 18 11 74 45 66 33 88 27 82 27 41 8 58 2 29 27 43 29 89 64 54 73 41 54 78 84 1 44 79 60 79 9 16 64 0 58 11 8 80 0 6 69 88 66 62 16 38 50 9 14 58 38 26 99 85 71 39 8 92 94 94 18 89 57 6 86 81 14 44 91 79 6 10 38 25 71 46 63 95 74 81 76 16 8 32 60 71 45 25 87 42 60 25 30 76 37 85 47 66 16 74 81 61 59 42 0 73 36 39 27 73 37 48 68 63 92 57 8 37 9 61 28 43 25 60 82 1 26 69 12 96 69 54 35 71 53 22 90 74 94 89 12 68 91 82 70 0 76 52 5 78 24 5 37 80 71 68 32 50 61 62 24 66 46 45 67 3 25 80 84 78 73 14 54 39 98 86 42 96 48 67 95 18 70 77 70 2 10 81 29 77 30 8 77 43 89 16 3 51 14 59 94 76 88 43 56 25 4 23 31 50 6 90 38 3 86 65 7 94 52 91 58 66 62 66 28 6 99 20 88 21 60 10 68 56 48 6 11 38 63 10 31 24 4 65 95 42 69 56 34 72 64 80 76 98 36 1 22 71 3 6 6 23 81 62 63 25 80 33 52 86 20 51 22 33 68 7 19 32 67 18 50 45 23 94 7 25 27 72 96 26 69 4 88 19 38 11 78 53 28 31 3 61 92 88 59 14 53 10 36 15 96 77 22 23 79 29 5 86 26 53 53 20 31 93 40 33 31 7 37 71 67 79 18 80 58 5 78 26 53 51 97 12 56 10 8 12 53 74 24 45 13 88 47 85 11 97 69 41 47 35 37 45 53 48 64 54 30 92 52 22 27 42 5 49 46 18 56 17 15 13 42 78 3 33 78 65 83 72 43 18 91 68 91 11 82 40 88 2 18 6 66 51 92 65 
52 74 38 35 89 82 5 55 17 63 71 1 66 83 69 84 8 68 7 76 39 10 59 15 2 57 28 24 6 3 76 87 21 96 49 99 80 78 99 35 18 71 60 69 8 54 1 60 97 88 41 36 62 47 51 5 3 61 25 46 61 68 91 9 80 59 80 75 50 52 13 49 48 51 52 88 65 52 10 8 25 70 75 22 35 55 84 40 11 5 86 58 88 95 30 55 15 84 76 56 82 9 96 52 12 78 22 26 31 59 57 87 21 29 3 69 67 67 7 75 14 57 53 49 55 16 15 13 91 56 5 96 39 51 50 7 27 95 88 43 27 35 63 15 1 12 36 31 74 20 79 36 56 99 78 38 9 42 41 18 62 75 83 35 85 53 33 43 78 50 9 52 62 77 98 86 43 12 11 30 83 29 86 74 36 18 56 65 75 54 66 69 81 19 13 10 36 94 82 17 45 70 49 41 2 92 94 38 3 43 89 25 46 83 82 10 12 66 24 90 52 60 50 45 84 28 90 55 75 8 58 84 93 78 59 61 10 1 0 26 81 17 75 16 38 39 21 84 30 5 44 9 71 32 2 14 79 36 50 10 23 73 11 32 49 64 76 35 89 70 65 6 36 74 78 91 92 95 98 5 45 43 10 79 58 17 77 33 5 42 80 14 87 27 25 1 66 43 65 29 57 41 45 8 15 76 42 64 71 51 27 77 83 0 58 2 32 80 28 55 61 81 50 83 99 14 4 30 97 78 4 24 96 81 87 78 16 9 86 80 12 40 55 98 59 42 6 89 75 79 61 3 40 77 36 98 56 57 79 7 57 92 10 37 80 30 75 99 62 22 73 11 8 1 51 95 88 38 18 76 55 34 13 31 52 76 39 15 20 81 82 49 53 6 98 83 88 79 88 70 25 10 98 55 82 13 23 79 77 64 92 74 60 78 87 91 4 25 30 13 89 88 74 30 30 61 27 2 90 96 57 9 83 10 89 6 45 44 37 3 26 46 1 50 28 72 64 94 26 16 27 99 2 22 85 84 30 18 18 80 53 40 47 20 13 62 37 22 21 31 58 50 30 56 53 34 19 32 96 66 50 82 24 2 81 63 24 39 30 63 38 47 52 30 77 50 37 92 32 31 
78 42 62 87 69 9 65 95 32 44 0 90 21 47 89 34 69 6 39 1 43 5 40 28 37 4 87 5 37 21 98 66 44 45 43 1 50 94 63 58 93 46 14 2 61 73 99 18 13 37 16 57 67 34 86 76 19 82 22 76 83 84 87 60 16 58 81 62 39 37 27 51 34 90 53 83 27 67 13 90 99 21 26 84 80 84 21 99 1 17 25 81 24 77 18 5 0 77 45 5 35 49 79 86 41 77 13 74 77 15 38 44 81 52 31 67 70 10 18 12 75 5 16 57 18 55 47 51 45 3 89 39 69 23 77 18 23 93 40 68 67 94 55 42 31 86 73 95 9 84 20 65 34 99 90 14 14 95 27 93 74 12 67 46 32 91 57 5 85 30 78 2 1 24 74 7 4 34 85 32 77 13 70 32 32 18 70 53 26 44 36 59 29 21 20 97 22 90 53 50 19 7 83 42 87 61 48 39 12 39 87 29 49 45 7 10 10 37 83 20 25 55 38 20 11 51 49 70 20 1 88 49 80 2 84 81 94 44 16 26 23 57 62 65 34 2 26 46 49 56 81 19 80 42 48 39 61 12 76 48 5 88 54 80 10 45 59 36 23 97 41 99 97 5 40 27 24 58 7 91 12 49 22 84 70 11 7 20 12 79 58 8 12 49 95 27 52 6 73 30 21 62 7 12 46 98 76 19 93 11 52 95 21 97 56 34 34 99 61 18 69 27 33 42 92 87 21 21 17 98 75 43 33 33 85 90 56 70 40 96 2 63 14 88 99 47 17 79 51 16 66 48 71 25 92 89 26 55 37 14 21 23 57 57 65 28 20 63 34 97 98 81 6 78 75 65 96 57 58 95 17 18 70 34 15 74 27 56 82 42 27 20 31 69 62 25 20 0 60 63 9 86 31 37 31 85 40 33 48 92 87 81 22 57 26 73 88 23 47 49 38 63 75 80 43 6 1 5 69 85 77 29 99 42 33 68 31 24 84 62 33 84 48 66 10 44 46 57 50 19 22 51 80 89 22 65 96 35 47 76 85 90 77 38 64 25 67 33 90 30 37 26 49 66 56 4 79 27 9 30 42 87 11 31 15 59 61 48 45 37 29 18 49 64 68 87 27 25 25 20 
36 36 56 47 43 19 48 39 83 91 57 28 14 33 58 53 19 90 63 52 88 60 8 48 86 81 58 31 38 0 52 10 91 74 65 49 19 0 15 49 24 11 29 15 66 53 88 77 75 69 70 34 7 41 67 66 19 83 40 64 58 24 65 4 95 63 48 96 86 28 52 21 84 53 87 39 33 71 15 71 35 1 40 49 5 46 25 70 80 31 63 41 80 27 51 76 30 39 74 74 1 73 6 90 67 82 22 9 31 12 69 70 45 34 23 12 64 24 46 55 90 23 8 53 54 52 63 82 20 28 19 80 26 82 55 31 94 44 70 3 44 96 43 37 51 52 73 34 13 49 52 34 57 38 35 15 25 47 15 45 43 12 81 50 39 38 75 52 43 10 10 45 59 71 50 88 96 42 59 35 63 73 42 23 49 26 83 58 26 4 12 69 0 61 61 38 4 40 41 29 45 39 10 48 8 73 14 68 13 69 60 32 97 21 89 58 98 99 91 14 35 99 4 73 97 41 23 97 29 61 40 68 58 38 90 37 64 93 98 24 3 60 97 14 95 58 69 46 61 50 5 53 26 55 66 55 8 41 74 31 20 89 3 22 65 35 76 1 83 31 9 89 94 89 67 40 92 47 86 23 24 85 86 27 98 39 3 66 63 47 39 98 28 68 51 30 45 43 49 95 59 19 9 72 90 18 85 33 81 69 23 8 66 14 78 76 44 52 82 14 96 30 40 64 17 1 24 51 4 86 79 50 49 61 75 95 65 55 8 53 2 18 36 82 21 78 24 37 53 31 6 23 89 59 58 33 48 64 60 58 85 13 61 70 38 76 35 8 92 73 26 29 58 97 94 60 53 8 79 21 74 50 18 67 81 76 89 80 12 31 27 4 71 81 54 20 54 6 22 20 51 70 14 28 0 42 40 32 54 26 9 51 85 76 36 8 25 79 31 65 77 47 50 42 14 35 13 20 44 24 8 96 60 40 26 87 43 85 53 94 71 88 91 76 92 18 64 94 54 1 69 37 64 80 59 72 69 38 71 33 94 57 47 90 32 41 36 72 77 24 14 43 49 92 67 64 42 74 27 45 61 89 95 6 26 74 83 44 13 88 55 60 11 72 93 99 93 78 67 26 
28 45 76 21 56 3 2 11 66 6 59 88 0 79 90 42 66 51 72 44 0 54 82 73 27 93 94 80 73 78 9 65 37 16 14 97 86 30 8 90 39 38 23 24 80 65 73 7 42 58 98 26 29 98 25 58 38 22 85 10 92 83 93 42 8 10 50 40 1 69 46 32 13 1 33 18 81 43 67 27 70 38 97 57 60 90 24 54 26 37 44 42 90 34 74 85 56 44 28 65 72 61 8 53 76 34 10 11 14 44 21 51 76 10 38 14 93 83 80 52 49 32 95 81 10 21 43 57 3 6 30 61 25 26 62 71 36 76 50 67 69 11 68 52 66 11 83 59 71 25 71 62 89 34 29 39 64 9 62 14 66 59 97 42 95 81 16 78 48 52 72 46 29 81 84 90 38 15 2 77 63 43 33 29 40 3 93 18 89 54 5 37 8 71 69 60 24 59 90 98 6 62 54 14 40 8 28 99 90 58 17 36 20 2 48 82 50 11 28 35 77 29 81 17 87 27 98 28 10 89 64 15 64 19 57 40 91 95 66 26 13 29 25 9 97 0 86 85 86 96 30 60 12 13 15 95 36 75 15 41 92 26 35 36 63 50 39 80 5 68 37 23 72 3 59 12 67 80 65 9 39 30 77 22 43 24 10 26 47 80 0 92 19 70 57 95 4 38 53 8 39 48 66 70 13 32 34 29 97 46 97 22 17 3 29 30 59 11 79 5 38 19 3 18 88 60 82 35 77 80 32 76 24 82 81 35 17 28 32 9 73 5 85 12 93 79 49 48 35 31 5 33 62 22 69 3 71 42 90 37 90 91 39 15 11 43 44 36 45 91 19 48 33 10 49 34 39 68 74 91 55 33 37 26 99 20 1 62 78 88 77 84 71 81 68 71 25 68 17 8 51 7 99 69 30 81 40 31 58 53 27 74 28 56 42 17 58 9 37 77 31 70 46 11 50 42 58 19 83 12 80 22 2 43 15 62 27 27 68 27 38 30 36 42 38 68 29 12 67 5 7 82 54 22 48 24 25 6 60 26 23 74 63 65 86 15 64 71 13 26 14 79 81 78 15 15 26 23 47 14 79 44 55 51 92 79 35 7 51 55 56 44 20 15 32 22 39 42 75 52 
41 88 97 89 59 96 43 65 50 75 80 13 52 74 83 99 45 13 78 19 55 83 53 45 89 23 44 67 83 3 40 36 35 19 5 44 37 48 25 52 61 44 10 35 99 5 86 36 54 84 70 21 71 96 82 76 23 74 60 3 23 42 40 86 94 65 56 87 70 59 47 38 52 27 28 77 51 20 41 68 82 53 30 25 70 68 8 41 98 58 91 63 2 12 93 49 20 80 17 96 59 36 29 88 89 47 20 59 82 23 48 77 86 84 71 69 96 81 70 94 63 88 2 13 72 90 90 72 63 47 8 67 45 74 80 22 20 40 50 26 24 34 98 8 46 83 81 6 22 95 33 37 38 6 91 61 30 42 92 57 56 73 40 31 59 37 3 69 8 6 31 1 96 89 69 28 74 57 16 29 31 81 79 1 55 13 16 88 5 26 59 71 49 44 95 58 79 25 67 59 62 66 33 22 99 99 10 44 36 95 78 16 59 70 28 26 74 61 23 60 89 31 9 41 62 57 83 22 3 28 54 63 70 60 16 6 56 51 94 80 71 53 82 67 18 49 53 62 13 32 9 3 15 19 86 90 79 51 92 21 43 51 62 20 71 17 9 97 86 38 54 40 65 9 40 45 89 50 35 42 54 36 34 2 52 44 95 6 63 29 10 6 30 44 98 96 15 56 4 96 80 87 32 75 0 87 7 3 64 56 51 43 59 70 20 74 72 79 21 2 91 28 15 36 60 91 66 83 72 58 33 76 39 46 5 79 39 6 88 49 86 35 65 36 56 46 47 84 50 16 21 54 54 44 48 67 92 38 40 8 87 20 91 52 84 87 38 1 88 14 90 68 15 82 42 85 93 15 44 83 95 50 0 7 35 22 43 51 68 90 99 97 65 84 68 34 45 42 61 19 98 38 65 12 30 7 32 30 65 43 57 53 78 15 95 22 36 95 7 23 62 80 70 95 18 8 90 38 45 82 31 89 50 31 35 24 67 18 87 71 14 31 53 45 3 47 10 10 71 54 75 60 37 10 76 84 89 37 45 38 29 62 62 79 15 52 14 90 12 76 81 25 3 90 11 17 74 8 11 51 70 75 55 59 93 58 93 19 7 61 41 9 98 78 58 94 91 36 39 43 
16 63 2 92 44 51 62 53 95 70 57 59 46 12 16 40 26 90 34 14 81 74 20 57 71 5 58 18 83 2 4 59 87 32 73 24 29 17 41 27 77 67 76 72 19 82 45 6 37 83 92 34 67 49 18 73 89 47 8 73 54 19 12 46 45 65 16 52 51 96 22 20 79 32 76 58 17 84 98 91 12 95 44 33 63 37 83 67 88 77 72 49 85 37 88 52 72 95 43 41 74 97 10 47 88 3 58 53 36 3 49 27 86 77 32 10 85 45 78 40 80 87 50 50 59 98 25 54 20 80 55 81 65 45 46 21 57 66 11 82 92 46 28 53 52 23 91 48 98 35 90 15 41 58 12 8 59 10 98 69 65 69 25 50 88 73 63 92 12 43 81 38 32 66 61 10 52 56 40 3 9 89 14 27 44 55 12 7 60 89 9 31 43 45 84 41 20 3 67 79 17 70 9 72 99 95 29 13 54 85 32 13 77 73 18 45 6 60 52 56 59 63 26 13 90 42 84 95 36 15 28 47 42 29 70 24 98 0 75 40 57 15 25 30 80 69 26 12 68 37 15 75 40 33 37 76 18 37 82 62 89 11 76 18 8 61 97 34 49 81 27 6 60 48 70 21 67 80 26 4 57 44 31 30 26 63 70 61 7 78 41 73 53 52 14 27 88 30 73 34 68 90 66 29 68 91 91 36 35 12 78 45 63 14 64 31 28 4 33 24 76 93 36 97 22 42 77 98 60 14 10 5 85 81 88 84 52 0 94 54 99 25 86 37 13 4 54 21 40 79 92 7 79 36 23 20 5 48 31 51 80 2 91 68 96 8 96 63 7 55 41 53 80 63 46 30 84 87 58 11 13 30 85 81 83 36 24 93 22 27 20 73 0 7 40 88 62 53 11 57 7 7 99 17 29 99 91 82 8 8 23 71 77 38 12 65 89 36 89 87 5 79 1 40 8 24 26 91 46 83 13 42 5 53 5 53 93 38 49 71 82 16 43 21 58 90 6 33 66 9 29 90 98 35 84 10 68 45 90 54 9 37 32 35 44 15 73 89 48 68 34 60 85 8 77 73 64 93 32 49 37 70 19 47 60 26 37 95 39 74 34 53 27 29 6 18 30 40 86 43 
61 23 4 33 16 78 55 63 48 53 71 64 87 78 71 57 20 47 91 87 19 40 45 94 69 29 71 9 72 83 44 81 85 96 49 32 46 61 67 12 59 88 62 18 40 45 76 42 76 32 74 21 31 85 9 7 81 80 81 98 35 87 12 31 81 58 11 78 69 86 12 19 95 81 63 87 81 59 78 50 66 9 38 60 67 61 85 17 46 41 18 12 51 60 54 64 47 42 43 45 64 19 93 11 1 8 12 70 54 67 37 60 60 8 92 37 42 83 18 35 72 22 6 28 75 91 18 5 41 36 14 43 8 50 54 33 94 21 18 57 48 46 7 87 46 77 35 96 28 24 48 43 24 92 62 0 6 66 77 4 61 28 52 53 13 4 51 27 49 1 41 79 3 91 68 2 13 85 90 94 30 49 63 75 21 42 28 25 56 75 48 58 69 77 89 45 99 13 66 75 70 15 10 11 82 51 72 27 90 88 87 23 6 7 39 76 71 54 15 36 62 3 54 81 41 11 30 98 77 53 77 9 13 40 53 91 34 88 23 70 37 94 83 80 44 72 7 37 21 93 22 71 42 84 97 9 56 52 34 20 47 95 69 89 8 23 15 42 67 20 7 70 98 69 56 65 30 67 39 86 38 21 97 35 92 0 12 6 3 34 41 74 5 81 83 22 74 93 93 45 57 66 29 25 8 15 51 80 31 89 64 86 20 75 47 9 62 16 14 3 32 9 42 57 28 43 45 74 85 59 46 1 6 10 90 41 23 3 46 98 29 56 24 52 11 16 2 18 53 81 61 4 66 1 93 72 91 18 28 24 85 29 29 56 30 73 59 63 59 66 81 68 36 56 17 27 97 48 57 16 26 67 75 48 98 23 75 42 93 35 30 35 26 36 61 44 45 64 69 76 85 13 57 85 68 0 99 30 45 35 53 19 40 86 1 73 66 26 30 64 48 86 61 40 10 49 46 20 27 27 59 91 89 1 41 76 1 17 14 61 5 63 90 79 24 96 44 77 45 49 82 49 99 67 10 73 92 75 18 56 50 59 76 39 32 34 78 7 41 43 92 20 61 22 54 93 27 34 53 89 38 19 49 7 21 31 23 84 34 90 61 71 27 57 56 1 28 2 40 92 
40 4 86 19 84 82 98 69 45 52 56 70 66 78 5 57 2 0 3 3 73 94 77 92 66 18 84 35 0 60 15 6 15 0 31 24 41 65 43 48 23 39 46 29 88 44 98 66 44 56 37 87 20 98 30 44 5 27 38 13 2 95 13 55 80 40 84 75 75 15 41 79 82 21 39 50 77 87 7 81 45 85 14 40 89 61 85 75 6 10 99 26 90 73 51 30 43 42 96 75 6 11 16 44 25 71 79 73 59 93 4 11 43 48 29 98 23 35 97 90 64 79 65 71 42 73 37 51 42 43 11 17 39 7 98 47 92 42 50 94 66 34 83 72 76 51 23 51 88 32 93 99 24 2 79 82 92 76 55 59 5 85 53 50 48 26 49 53 30 67 38 91 66 88 89 57 28 41 99 75 49 0 92 73 24 67 75 4 37 85 16 19 10 11 97 39 53 7 52 98 56 24 91 78 6 64 47 74 87 38 85 1 90 44 91 87 87 93 57 84 76 48 80 98 60 83 55 6 16 56 78 63 87 65 35 48 76 76 82 40 79 62 5 74 17 25 45 53 1 62 40 6 97 26 43 21 46 50 87 62 42 95 9 43 27 94 60 42 99 34 41 19 23 77 68 89 55 52 22 85 45 11 9 83 88 40 65 73 7 10 96 28 8 98 79 44 25 21 81 77 14 5 43 74 17 44 74 39 5 74 59 84 69 54 61 97 30 96 95 70 45 92 78 88 13 3 48 23 10 9 49 72 16 40 30 97 62 59 42 32 36 82 25 7 15 6 24 52 92 42 23 69 93 20 10 80 18 93 13 91 19 58 82 89 58 12 5 34 21 20 74 50 79 45 33 88 17 58 2 91 48 46 42 25 28 39 84 98 54 14 39 36 2 72 1 46 83 35 82 64 78 19 38 3 41 24 83 83 96 32 46 32 28 27 94 82 78 10 73 54 44 24 89 54 38 89 28 56 33 22 32 84 85 12 25 82 41 15 58 74 47 12 41 12 90 48 50 80 22 25 4 96 42 48 69 94 37 41 49 30 74 82 5 44 25 2 51 87 56 13 43 72 9 58 94 48 14 93 41 24 45 5 44 30 38 39 85 79 58 20 60 5 51 11 46 34 94 65 56 14 
67 77 42 79 8 95 42 57 66 83 8 71 86 82 55 11 7 23 35 83 8 20 12 28 14 7 50 44 68 95 55 70 32 59 34 95 29 78 92 86 0 68 91 36 29 40 2 89 60 1 87 67 91 32 4 0 65 41 43 79 60 25 61 50 53 74 20 33 62 70 28 36 52 95 47 30 78 90 3 44 57 24 43 72 74 10 22 63 39 61 88 9 62 46 92 77 5 55 25 17 19 75 72 47 27 74 95 80 20 73 97 78 50 37 78 53 3 29 59 69 53 71 40 53 70 66 51 69 41 18 78 84 11 33 26 84 69 24 38 35 58 94 12 40 45 66 46 24 33 35 60 83 38 70 33 66 75 80 73 97 34 55 44 21 50 83 73 1 66 40 41 65 2 81 64 79 27 1 46 95 47 0 41 83 44 82 91 39 42 46 13 80 50 13 66 79 30 56 11 91 9 56 29 82 98 87 59 21 23 83 98 55 34 54 95 97 50 64 27 30 62 36 93 5 96 60 33 49 17 2 33 30 63 58 21 91 56 16 11 48 75 74 32 43 80 5 98 15 18 21 34 74 77 41 76 41 88 66 47 37 92 92 41 27 17 73 35 8 6 65 43 44 48 16 99 33 72 13 4 58 93 47 88 28 81 15 49 89 62 77 99 9 62 58 96 49 53 15 38 94 9 66 68 27 30 2 76 69 82 6 12 93 24 76 92 52 82 14 2 56 36 18 77 96 34 72 97 52 84 11 27 56 8 59 94 17 77 49 56 12 99 5 16 8 97 83 46 0 46 37 37 8 66 38 62 38 37 71 63 56 79 97 51 61 83 38 35 92 97 9 42 6 72 32 48 36 3 57 28 78 77 99 89 7 25 23 76 67 37 6 63 8 84 98 1 90 58 71 55 90 87 3 9 65 22 61 45 5 11 69 35 31 40 22 12 91 30 49 73 73 70 73 9 42 2 31 52 76 27 52 52 22 54 57 97 57 45 69 81 41 25 92 80 24 45 62 40 61 83 66 90 97 20 66 62 3 13 94 51 49 5 4 87 46 29 0 24 71 19 99 23 92 72 90 24 53 71 62 41 8 76 16 81 40 13 50 33 77 89 19 71 38 86 76 53 12 82 16 98 40 
83 47 13 62 62 34 47 29 69 87 9 41 58 57 46 59 79 7 63 72 81 76 26 15 22 70 54 4 19 19 77 50 75 79 2 33 27 30 43 48 63 98 45 71 90 30 80 85 12 28 22 35 72 5 4 31 55 69 9 79 57 95 26 74 83 99 51 59 81 37 78 69 53 16 90 43 76 70 94 7 82 46 0 9 11 73 92 59 74 12 56 75 14 93 92 11 8 57 15 14 77 50 46 31 90 50 32 65 55 87 57 40 91 32 65 83 4 82 77 26 54 13 11 45 40 57 22 62 32 61 46 81 60 71 19 98 23 32 3 49 5 26 47 19 40 90 78 31 8 33 62 12 45 94 46 27 31 60 42 49 20 18 80 31 41 38 87 62 79 95 53 18 28 98 22 93 90 35 11 97 99 35 63 2 48 84 23 99 80 83 98 71 13 53 68 80 76 42 68 86 9 75 13 90 25 76 60 28 18 45 30 84 65 36 64 27 73 82 8 70 24 12 30 57 95 16 51 29 53 84 19 97 29 71 9 57 15 74 43 89 6 21 83 17 44 53 86 48 26 96 67 54 24 20 70 43 1 9 6 6 37 56 10 0 95 78 28 35 80 88 61 89 91 93 96 12 40 46 35 25 11 13 90 62 93 89 72 95 56 81 8 49 27 81 66 41 82 3 65 16 88 86 67 73 63 22 85 11 30 1 78 19 13 79 43 78 0 16 77 73 98 64 18 83 54 89 17 58 76 12 32 36 54 94 50 73 15 97 71 98 66 19 53 98 68 62 85 9 51 25 83 25 26 66 51 16 18 26 82 96 3 82 3 77 21 69 85 84 98 3 87 88 83 46 50 69 13 80 64 11 56 36 59 55 60 43 7 54 3 91 14 49 17 95 3 51 85 50 41 24 30 21 0 41 66 48 55 12 62 47 13 88 65 25 54 89 20 43 82 19 82 91 52 94 52 79 65 20 2 37 59 99 0 11 36 26 14 63 53 24 29 98 76 93 85 33 45 93 47 50 50 78 68 6 6 16 98 68 26 75 56 35 46 89 55 72 41 61 33 34 51 54 93 36 72 98 84 94 14 18 23 21 43 71 13 16 29 89 8 15 6 29 12 10 94 20 49 79 45 38 
71 34 30 21 52 51 48 76 57 63 22 63 85 78 88 15 70 87 98 42 38 49 80 31 59 26 44 33 16 26 22 95 33 15 64 28 81 75 50 51 23 31 14 72 71 38 40 24 31 72 57 39 43 63 43 19 16 41 16 59 99 24 6 23 88 75 34 43 64 23 47 74 79 80 26 35 78 43 25 12 3 81 83 13 58 25 32 83 70 64 84 58 77 26 46 14 45 99 52 36 65 95 0 1 79 93 46 86 21 65 1 27 36 23 57 63 0 58 45 22 1 95 36 94 21 62 66 64 37 7 52 45 76 36 44 44 83 43 2 2 43 89 44 29 37 84 39 86 82 45 76 51 87 35 88 73 84 39 21 21 49 94 78 94 49 0 66 53 66 1 9 23 78 33 24 68 43 37 73 10 85 77 28 41 43 58 76 87 58 53 86 29 23 98 94 91 50 3 82 40 40 59 40 4 69 78 71 68 82 30 14 15 2 0 64 28 53 96 37 84 17 21 95 19 5 45 19 26 43 53 44 66 87 59 82 87 46 45 11 49 21 66 60 33 78 88 8 8 2 74 78 23 22 19 51 53 17 24 22 75 29 24 0 9 92 55 65 71 84 94 27 67 8 27 41 55 45 18 42 82 68 72 57 9 93 45 98 86 99 61 48 64 22 82 72 1 45 50 20 64 9 24 44 69 69 34 32 95 57 43 49 31 98 59 69 72 37 94 56 25 52 33 71 62 16 52 92 5 68 81 71 70 60 55 24 91 53 10 51 97 26 27 47 59 23 85 13 67 3 30 24 47 30 92 95 13 39 14 90 23 62 21 12 59 13 95 16 80 29 66 79 52 9 72 42 28 1 12 32 61 61 27 94 44 40 75 66 24 59 48 99 78 92 78 76 73 76 36 77 49 94 86 72 99 38 22 78 23 52 13 46 4 93 39 57 99 40 1 31 58 21 2 91 69 96 13 20 88 85 44 82 53 17 45 64 57 6 2 15 59 93 26 12 63 32 27 99 63 90 54 17 75 23 60 26 56 87 87 1 32 68 95 77 65 93 48 39 71 8 91 65 4 18 41 53 37 84 65 24 78 75 71 53 54 84 63 26 49 9 64 29 97 34 46 25 78 98 48 9 92 
29 60 95 88 5 1 2 79 19 17 40 92 52 9 60 33 58 76 17 26 65 49 51 92 98 10 3 21 67 17 2 64 11 53 56 39 14 77 60 10 16 73 89 7 80 41 39 94 58 51 34 31 37 22 7 67 98 34 81 60 5 19 18 40 44 32 4 40 97 20 13 24 41 64 10 59 43 21 94 6 10 50 83 8 24 14 56 9 45 79 68 20 81 72 75 30 4 58 55 6 88 88 79 20 27 99 17 86 31 72 87 63 39 17 31 55 99 44 4 94 98 78 90 3 13 13 34 88 82 80 2 37 88 13 83 2 81 53 6 62 9 38 38 93 59 26 91 18 24 10 51 81 2 61 57 86 76 60 89 2 28 18 77 68 59 99 13 53 79 44 31 92 41 7 26 64 2 91 81 92 19 78 7 58 85 64 9 43 26 91 49 58 93 57 65 98 89 6 97 18 87 7 19 91 77 8 25 0 0 31 89 26 75 2 76 58 1 86 71 44 34 0 73 18 53 86 51 36 1 52 14 12 84 79 97 48 1 86 59 50 63 61 71 27 21 1 54 73 36 7 18 15 32 14 99 21 39 91 33 60 23 13 95 59 23 5 25 36 14 38 27 89 90 73 87 21 10 31 55 36 38 15 41 4 27 85 51 72 21 10 78 8 1 2 91 21 19 66 58 80 47 8 96 67 47 26 91 27 28 39 33 4 93 49 39 38 31 47 88 6 0 41 39 42 8 18 44 14 29 21 5 6 77 14 39 22 54 18 79 25 61 15 46 51 66 31 83 93 25 77 52 80 86 76 97 18 48 3 52 0 33 95 51 3 33 97 37 20 51 22 82 6 87 90 68 10 30 11 62 99 54 56 91 83 88 41 56 47 61 28 78 43 21 83 51 35 82 61 80 9 74 27 48 18 15 8 98 45 43 19 6 9 78 13 96 89 47 71 87 28 81 90 77 10 46 65 67 87 34 7 75 41 40 31 43 6 56 38 48 7 11 72 13 11 36 66 77 52 98 94 87 18 46 67 25 7 43 38 19 28 75 84 29 46 23 7 17 43 2 38 37 9 65 36 67 37 48 98 86 40 86 59 50 4 26 72 20 73 91 76 60 44 8 72 3 10 68 43 19 83 
31 70 17 42 21 56 16 67 90 61 38 34 88 67 32 62 30 46 99 38 42 75 33 88 94 84 75 31 19 75 31 81 73 53 9 74 54 64 93 58 31 35 15 57 44 14 46 18 95 21 74 49 45 9 72 16 3 82 93 55 32 49 13 93 37 95 26 9 11 20 45 9 15 98 52 61 7 7 58 76 43 54 54 76 33 21 96 94 35 90 70 18 37 85 69 97 35 97 98 96 2 56 0 8 24 15 87 35 98 18 61 92 12 18 53 8 53 75 84 48 62 78 64 56 14 53 0 66 93 71 44 69 65 83 18 72 10 26 65 79 83 11 92 90 48 68 96 4 73 21 11 6 52 52 10 43 26 69 50 55 94 36 68 51 12 94 22 69 63 81 50 19 56 95 66 78 71 2 82 81 33 62 96 68 18 15 72 63 17 27 52 20 0 2 64 54 16 64 46 50 79 24 20 68 63 40 85 23 33 70 4 72 27 26 55 40 66 40 8 14 84 58 85 48 93 65 34 34 51 92 76 93 97 8 24 28 16 67 82 7 45 87 25 31 69 77 32 88 75 6 17 77 54 36 23 35 96 83 8 50 2 28 75 38 49 22 69 98 86 60 25 36 87 69 63 52 16 53 29 1 3 55 25 64 20 82 71 73 61 29 84 58 6 34 77 19 46 50 40 58 44 92 29 96 2 72 51 15 71 89 71 8 85 87 61 47 41 58 31 88 51 17 72 82 88 77 89 13 24 52 72 63 99 94 92 25 47 39 18 98 1 95 39 11 11 17 80 4 40 26 4 7 74 80 36 4 35 37 9 26 77 11 94 97 99 56 16 0 9 56 49 46 47 2 6 10 42 11 62 71 21 10 66 2 24 55 66 89 41 15 88 64 40 11 6 71 12 52 48 37 90 18 39 5 98 31 60 40 25 88 83 10 40 49 38 28 61 54 92 48 33 48 78 84 83 15 50 30 97 45 53 65 64 50 32 5 18 17 46 33 12 1 99 71 16 40 11 42 44 50 66 48 69 41 24 2 95 96 20 82 71 29 66 77 9 92 72 58 38 0 58 24 63 55 10 50 10 24 90 86 57 61 50 68 62 29 47 2 3 91 15 34 87 99 45 99 19 77 46 22 
51 48 1 16 97 1 73 43 6 99 11 69 97 44 88 86 33 55 19 40 1 37 73 94 41 30 46 75 38 60 85 16 28 71 96 18 76 48 21 87 26 3 77 42 17 35 62 70 66 64 45 32 31 8 16 40 0 57 61 29 9 78 88 67 8 43 41 77 76 68 58 25 49 31 51 4 33 52 1 2 8 88 99 68 80 34 33 26 80 67 49 94 28 93 65 76 88 69 72 26 83 84 49 22 65 92 87 99 16 47 59 0 27 12 46 71 30 8 93 94 42 24 34 88 41 88 34 95 21 5 72 82 44 64 41 45 94 13 72 7 0 30 68 89 88 34 47 65 73 26 17 12 85 4 9 41 98 33 83 13 1 2 77 37 96 36 67 42 47 5 17 14 56 24 64 70 64 70 4 51 1 77 16 19 71 45 13 90 72 94 80 53 58 14 85 84 94 32 79 51 22 42 37 0 68 41 42 27 58 63 95 48 40 99 87 66 49 74 61 22 35 94 34 0 4 85 66 55 64 14 49 39 10 39 17 26 53 73 96 83 72 16 74 38 1 97 48 47 56 21 99 81 52 6 74 81 38 54 80 48 80 46 72 73 13 8 10 79 15 79 61 21 58 88 9 42 35 23 38 43 17 63 85 62 39 17 96 87 20 19 93 7 37 65 3 63 96 69 28 74 30 55 41 29 30 57 88 8 10 64 95 84 74 48 19 66 71 57 74 98 93 83 31 16 11 66 40 21 56 18 16 52 71 84 95 71 3 5 99 36 52 81 83 10 25 7 64 53 64 27 18 78 59 4 30 67 55 37 82 31 46 24 88 58 68 95 45 16 28 9 30 85 17 50 61 4 17 90 45 29 59 70 21 85 87 83 58 87 31 19 52 35 76 95 30 24 35 94 43 85 43 50 14 92 4 63 24 81 15 23 3 67 40 13 78 46 97 10 99 33 62 77 18 96 63 93 23 12 45 35 49 75 82 66 66 28 70 44 48 37 22 57 42 51 76 38 81 72 10 63 39 85 74 46 15 64 37 8 50 98 85 70 37 77 86 28 46 53 31 98 20 53 62 88 40 70 75 32 51 90 5 7 98 15 73 39 74 34 92 52 93 11 39 66 16 8 69 28 35 94 
80 48 27 10 26 55 4 3 3 37 64 13 13 97 93 57 85 14 25 30 51 43 91 23 69 5 87 72 53 66 27 24 86 47 31 66 39 22 48 55 71 19 93 49 57 92 22 78 27 25 22 39 11 7 49 12 44 66 18 68 23 73 44 7 42 40 1 6 97 76 57 66 31 72 87 7 79 17 37 30 26 24 33 69 92 82 67 48 63 31 37 33 69 49 90 56 8 46 79 35 40 52 29 74 89 24 14 64 6 59 27 50 86 40 70 92 73 69 12 50 43 26 98 40 76 18 15 71 17 82 38 93 51 43 74 39 83 5 67 41 38 1 35 35 86 9 15 66 64 37 43 75 94 14 62 78 15 92 92 98 35 95 59 7 60 27 26 37 55 81 74 98 35 78 98 99 54 60 35 10 13 58 54 79 34 78 42 76 83 52 47 32 82 91 71 79 34 52 77 7 57 98 5 96 90 20 19 35 71 92 96 9 71 17 10 12 10 66 6 27 67 50 82 22 82 88 31 11 73 76 74 73 55 28 17 85 25 91 35 47 64 99 24 9 28 74 60 67 34 80 83 96 44 47 12 78 61 68 7 69 63 47 80 35 68 50 58 7 37 55 92 16 18 65 17 98 44 43 25 45 35 21 1 93 77 51 46 37 20 44 28 93 41 30 19 93 61 7 43 39 61 32 23 94 87 72 64 46 11 73 59 82 85 96 28 23 13 45 80 43 30 56 91 75 1 23 32 60 50 77 64 10 68 64 0 42 98 35 35 92 31 22 28 58 99 56 50 18 79 23 40 14 50 7 99 23 9 5 99 11 57 61 10 85 21 97 0 91 75 97 41 77 28 68 84 89 43 80 39 52 74 49 96 89 83 9 29 24 87 39 40 5 62 81 35 75 5 41 0 80 23 33 60 5 21 23 62 50 53 86 15 51 57 15 23 95 88 41 41 3 94 44 21 47 94 91 21 80 42 42 10 23 60 28 83 47 14 28 17 53 17 17 34 85 96 19 64 36 15 78 46 62 88 11 97 7 34 40 57 52 64 82 27 14 35 83 38 5 50 27 95 84 81 48 27 90 92 63 56 94 75 39 1 36 97 60 71 61 58 17 82 40 97 49 2 13 97 40 74 36 
31 98 32 94 96 69 53 34 8 37 41 54 42 81 88 26 22 99 2 32 91 27 5 55 26 43 7 4 41 36 61 13 23 10 11 94 96 15 47 59 7 83 21 89 88 3 57 19 31 84 72 47 53 35 11 77 58 86 30 84 95 23 95 63 62 11 69 21 83 66 88 51 78 74 70 97 41 34 37 60 76 52 86 5 58 3 49 87 89 69 35 63 35 83 70 24 26 16 99 53 61 89 15 79 95 3 79 91 93 40 68 64 83 89 0 64 31 71 22 92 36 54 75 21 57 62 23 62 76 64 89 32 47 83 82 4 78 59 42 79 86 64 30 8 24 26 4 31 44 46 14 86 77 13 1 85 12 85 89 4 86 38 4 83 86 12 33 37 11 44 81 59 22 64 48 99 86 64 47 47 91 93 4 75 60 18 92 82 20 33 46 5 69 67 49 18 60 4 99 80 67 51 86 20 29 33 47 72 89 81 20 11 41 17 68 5 48 83 70 39 69 51 88 3 95 35 53 26 46 48 22 61 89 52 11 44 28 41 46 89 11 80 68 7 72 90 27 65 44 94 22 21 57 84 6 9 29 12 40 52 37 62 81 39 61 83 60 92 89 45 28 7 74 75 97 55 20 42 99 14 51 17 16 14 9 75 56 39 17 38 57 87 32 10 19 45 25 6 50 56 19 43 1 86 85 83 93 86 42 87 25 47 7 58 7 45 65 9 99 25 51 15 57 3 59 92 87 14 17 69 52 26 34 79 73 74 40 76 98 77 51 11 14 7 20 93 44 28 86 20 26 12 53 31 64 18 55 67 89 79 70 23 56 17 42 92 83 92 63 44 46 62 95 94 91 40 54 55 22 9 24 49 23 55 82 40 66 82 36 76 14 60 46 42 49 55 57 89 50 91 88 46 43 56 6 51 43 42 86 91 15 37 20 11 84 75 73 12 60 75 30 58 20 93 94 59 67 62 10 4 1 26 37 35 69 92 69 77 61 47 40 41 82 85 63 17 63 8 87 61 24 55 78 63 68 82 36 10 80 66 0 26 47 97 60 97 6 93 31 44 11 41 57 7 64 56 29 66 68 27 26 38 3 42 54 16 8 79 6 15 48 75 80 58 35 42 17 92 18 19 
81 63 10 67 95 14 66 99 98 53 23 49 46 20 60 85 64 97 25 53 73 77 46 51 79 7 80 2 9 46 1 44 21 13 63 34 45 15 72 57 40 17 30 7 54 9 40 58 95 59 20 40 77 29 86 40 28 87 66 23 55 31 68 43 5 53 78 95 25 33 0 94 53 65 87 51 66 42 33 55 85 73 46 82 17 55 84 98 31 39 40 5 33 1 56 29 16 61 62 75 53 20 24 35 25 15 48 97 4 30 48 62 15 68 45 78 6 22 56 24 45 63 35 60 93 15 35 30 6 27 46 7 26 73 55 29 81 51 65 54 54 35 77 95 91 55 34 26 71 97 39 56 11 82 47 28 24 74 83 95 69 71 61 18 49 12 50 26 54 0 49 19 66 38 13 18 15 11 70 89 5 20 49 34 63 35 21 77 11 52 6 97 4 24 47 83 9 10 79 95 29 44 41 42 34 63 32 28 63 18 93 68 63 41 98 7 18 15 43 61 40 48 79 56 50 76 3 46 55 15 90 93 76 86 32 0 2 22 80 97 40 55 86 40 87 81 26 67 71 57 33 13 26 19 13 5 9 40 9 47 11 25 50 58 45 76 95 66 80 25 28 19 48 63 21 80 30 15 69 34 74 57 16 6 27 97 47 71 10 52 35 2 76 88 18 38 14 7 21 21 55 32 19 27 16 22 23 58 25 57 31 36 32 28 94 67 81 96 4 34 26 16 82 94 46 30 51 19 45 34 77 44 73 95 89 81 53 19 30 80 19 61 25 39 46 81 56 48 37 0 14 12 29 21 26 79 19 90 37 29 8 12 12 53 55 75 50 24 19 94 21 65 86 48 99 7 99 29 85 76 83 13 20 81 19 55 46 44 33 78 9 10 46 52 46 32 51 5 84 16 75 24 40 88 10 65 29 7 10 29 13 60 60 28 16 79 28 31 34 18 71 37 78 36 34 18 84 19 49 40 44 35 31 95 72 7 34 55 20 16 21 59 47 89 64 41 47 27 53 79 97 23 3 66 30 56 15 97 31 76 16 21 92 54 36 18 35 48 91 84 81 60 94 8 69 30 36 64 90 90 99 95 76 80 5 18 27 83 27 51 94 43 68 99 85 90 38 99 25 50 
64 0 86 82 7 57 44 51 77 28 73 99 1 44 32 98 69 47 61 91 7 49 68 98 68 10 84 46 67 81 96 68 60 99 96 34 88 69 92 62 74 16 32 97 14 56 6 75 9 94 95 61 64 1 24 30 23 9 83 34 35 3 87 81 41 36 56 56 56 84 54 58 38 92 7 88 28 30 36 61 52 2 59 86 68 82 84 76 58 70 31 16 74 35 17 87 69 24 2 88 14 61 59 62 39 93 78 84 74 98 72 35 26 37 23 20 63 71 24 14 55 85 87 96 16 70 96 90 17 33 20 64 20 39 88 28 52 88 47 13 66 44 96 50 51 78 12 11 37 57 77 41 76 26 59 7 27 41 48 91 22 57 63 54 58 31 59 73 42 62 7 26 9 94 73 80 80 7 43 37 71 6 91 9 46 4 15 80 14 67 61 4 2 92 87 22 61 42 44 15 48 36 66 20 96 75 16 40 95 33 32 94 4 10 29 88 49 27 79 46 98 16 47 34 19 22 23 42 53 43 74 39 74 12 75 77 55 53 7 8 75 95 60 17 12 69 29 0 11 47 27 57 87 64 48 47 22 62 92 7 67 66 9 92 85 72 61 0 89 91 90 65 68 72 56 17 62 91 29 37 29 45 92 68 49 92 42 66 95 96 57 30 22 78 68 76 79 75 13 42 15 41 56 38 79 78 54 95 73 4 54 78 41 95 54 86 62 31 35 11 97 42 67 11 81 50 17 68 5 20 1 35 52 88 60 66 70 75 86 12 55 51 66 57 44 56 12 42 51 55 23 82 33 63 4 52 96 40 99 35 98 83 87 50 18 18 97 86 27 80 78 99 60 39 92 18 29 0 49 23 29 22 52 39 56 26 57 1 72 73 59 48 18 98 17 98 56 61 77 47 61 37 66 2 96 97 85 28 24 5 53 70 25 26 7 82 79 50 85 42 9 63 65 70 76 95 7 23 40 38 12 82 86 34 89 43 25 27 89 84 16 26 39 98 40 56 17 16 76 76 14 89 3 35 68 68 0 61 41 0 40 82 39 33 66 41 58 96 37 21 82 64 30 72 72 88 71 34 21 84 34 94 73 46 33 80 73 56 56 3 35 91 86 68 65 45 46 88 98 56 
33 16 52 88 99 94 34 68 1 63 87 90 39 87 26 41 36 34 46 28 12 84 99 65 64 17 34 33 79 65 15 99 55 93 99 45 4 53 68 67 59 23 58 54 64 72 95 1 5 29 38 68 7 51 39 39 46 1 90 30 74 8 3 97 59 29 49 9 68 74 85 84 88 1 13 94 37 53 69 88 34 9 75 45 22 32 5 17 11 59 36 52 28 81 92 93 21 96 75 23 18 97 12 33 88 92 20 18 18 51 87 53 19 78 14 96 69 8 4 96 47 71 54 45 67 73 27 61 65 38 13 42 22 31 4 71 46 53 6 43 91 20 81 64 77 9 63 20 52 4 22 30 91 98 81 44 0 97 27 63 50 54 47 43 33 75 86 71 2 75 75 89 61 77 51 77 13 27 84 61 79 38 86 30 21 30 29 78 81 82 55 9 44 2 48 34 88 64 69 13 94 61 47 28 3 19 32 25 43 51 28 82 96 50 61 37 73 64 58 87 10 42 66 57 19 44 63 53 7 97 18 98 18 95 50 80 86 17 16 38 38 44 19 24 10 92 26 17 30 94 43 76 62 97 69 97 4 38 54 55 13 8 84 15 89 16 80 4 75 64 99 95 52 85 38 19 51 7 2 44 62 84 24 9 59 53 72 72 28 76 75 82 80 34 1 89 87 9 21 38 42 95 2 2 1 82 58 24 45 82 86 54 15 26 12 66 31 73 83 69 95 77 81 59 59 0 67 83 60 46 28 29 65 75 87 56 82 93 10 38 2 51 98 87 76 33 42 9 32 13 14 62 2 59 19 10 56 42 68 51 35 98 76 14 21 25 5 52 82 39 55 72 73 42 44 98 56 67 53 30 40 7 41 4 70 45 27 54 20 68 24 38 53 48 48 11 16 96 76 42 13 57 36 91 10 99 18 48 6 4 19 65 55 8 71 71 32 57 52 5 50 96 59 38 53 42 73 28 89 14 49 81 77 91 29 42 0 56 55 29 45 45 85 80 98 77 96 1 44 68 90 47 1 75 78 73 52 13 47 76 92 17 82 5 88 80 79 72 98 95 14 97 78 12 86 35 99 3 22 87 32 64 28 54 82 72 7 90 8 51 67 4 59 44 44 28 87 98 90 25 
86 66 83 12 51 26 80 35 73 91 97 71 22 54 63 70 70 39 93 31 84 76 22 98 2 55 12 39 19 56 89 77 82 14 56 15 28 85 77 57 66 46 68 52 71 54 89 11 78 50 17 40 32 94 40 41 80 60 93 97 49 23 15 85 87 63 10 92 48 23 72 38 87 16 98 81 75 91 12 66 81 11 47 71 19 70 85 64 40 87 74 94 58 97 45 87 26 69 5 37 42 27 36 8 8 48 14 82 21 38 98 3 57 33 34 77 40 47 10 28 83 15 82 49 26 49 52 98 65 0 98 73 54 4 46 35 10 15 17 43 63 75 30 99 5 65 61 52 18 74 60 49 56 71 51 21 79 44 76 67 87 43 8 14 76 72 29 87 8 86 57 10 46 48 55 18 50 20 44 26 62 6 63 9 23 30 9 88 13 39 5 39 98 96 14 89 41 92 18 97 13 6 30 28 56 77 79 15 24 51 40 36 24 66 46 52 46 30 58 68 47 44 83 83 78 4 79 70 96 12 66 13 0 32 85 19 11 0 15 91 54 92 50 48 48 73 99 1 69 37 50 99 70 20 44 20 20 88 22 59 73 68 41 53 22 46 76 63 58 27 43 14 36 0 82 85 31 7 55 26 17 97 3 80 93 46 25 2 19 45 67 25 10 22 53 34 16 30 3 44 66 70 46 87 60 16 2 1 63 2 90 74 4 64 56 14 38 77 80 26 56 0 88 97 94 38 89 93 60 61 4 11 24 84 1 87 33 47 85 30 40 18 15 94 38 99 18 33 87 59 1 60 53 81 39 21 73 19 60 51 65 96 86 39 4 57 31 16 75 61 96 26 21 37 48 92 71 54 93 6 62 81 67 84 1 66 68 6 40 66 6 12 17 2 80 14 18 77 73 40 7 16 50 97 42 99 47 32 33 56 1 19 46 57 82 37 79 69 38 75 97 43 9 18 12 61 16 18 22 57 87 34 27 89 2 52 54 73 36 27 31 56 44 65 73 9 94 17 72 69 40 14 78 74 51 1 86 81 80 25 26 81 35 39 71 76 69 95 35 0 44 97 50 25 46 78 90 20 41 15 60 20 61 78 85 88 10 54 38 91 21 52 44 26 37 58 86 42 56 12 
11 67 56 47 92 96 71 77 7 85 77 27 53 65 55 67 29 57 17 23 18 88 10 57 78 66 78 33 25 83 80 93 31 62 38 78 2 57 15 6 20 12 3 99 71 30 79 64 79 5 43 43 97 3 77 77 96 84 77 6 50 98 53 8 82 50 42 40 57 41 97 10 19 19 63 59 64 5 86 98 32 5 91 37 18 43 37 3 44 10 70 35 95 46 66 11 80 87 80 51 41 86 6 56 18 1 90 0 18 7 74 22 92 37 18 46 26 15 97 61 28 93 18 8 50 97 71 7 94 55 41 20 30 26 46 0 0 45 59 84 14 75 79 86 95 29 3 72 60 68 13 43 22 76 73 39 57 16 2 21 41 24 34 50 56 82 87 64 16 25 87 14 1 10 31 97 52 57 41 67 72 41 26 97 79 16 38 88 19 3 91 15 7 62 32 1 5 64 96 39 40 14 51 79 82 84 95 97 4 85 21 78 89 66 4 19 92 50 82 67 2 15 60 46 4 41 54 0 96 3 26 51 53 46 88 87 13 15 41 11 47 9 32 69 85 58 82 2 30 8 96 97 31 69 53 74 73 40 92 97 72 40 97 17 23 47 55 61 69 54 4 2 60 32 63 30 49 42 76 0 33 54 30 56 10 5 38 31 65 99 70 20 91 5 84 24 25 83 95 73 65 81 77 35 12 97 7 86 55 20 24 80 20 55 61 63 47 81 72 53 70 4 29 5 66 80 27 17 92 52 69 45 32 16 51 0 66 42 85 7 85 17 32 25 13 36 24 99 36 24 9 55 19 75 43 49 8 33 40 6 67 96 55 95 78 53 69 31 27 63 74 38 14 33 84 34 97 40 76 6 16 18 22 68 3 37 55 46 21 17 26 35 59 48 22 26 85 6 99 30 4 50 54 64 15 98 64 98 28 66 13 79 70 17 37 62 8 26 26 89 14 89 77 39 26 41 26 70 96 89 58 42 7 18 21 94 29 42 68 85 53 32 33 60 11 87 46 23 87 39 86 61 55 88 46 22 32 4 84 12 44 89 75 14 3 98 25 56 55 0 83 15 59 3 73 3 57 78 78 93 81 79 92 54 61 99 79 40 38 16 55 27 74 66 13 46 21 3 11 33 
74 88 40 89 83 26 96 34 61 87 26 0 14 77 2 98 80 23 16 27 57 50 40 43 16 99 85 10 65 22 80 70 29 64 79 38 73 66 82 18 54 13 92 55 31 56 23 73 72 45 92 67 95 23 90 28 8 95 73 47 43 53 53 20 29 64 37 86 27 2 86 87 18 15 55 59 68 25 29 68 52 5 14 28 87 10 35 72 64 68 94 35 50 30 54 83 14 99 81 67 48 63 61 79 67 27 94 0 49 44 72 73 16 56 51 28 39 9 61 67 22 89 85 71 51 52 84 78 75 67 93 49 95 20 28 84 64 52 58 24 31 89 25 87 15 44 66 98 50 61 50 51 21 66 17 77 96 89 23 96 44 63 19 61 56 92 96 88 8 99 43 48 95 43 20 66 51 47 61 84 8 2 30 7 2 15 91 88 43 82 42 77 42 44 79 93 69 22 20 44 33 13 24 27 96 69 26 31 13 84 22 91 28 85 20 47 63 29 2 45 90 32 68 52 67 6 60 4 87 86 3 48 27 60 49 6 50 82 48 27 51 47 52 16 38 71 82 80 99 60 48 60 35 35 17 44 0 42 94 36 16 22 14 54 83 7 27 18 31 78 49 26 33 67 63 38 73 18 36 35 57 38 59 30 28 70 51 20 47 48 17 88 84 33 68 36 46 19 19 80 2 91 29 95 3 13 42 86 75 61 17 98 64 47 55 23 29 99 79 36 9 75 52 73 24 35 52 58 20 5 58 38 46 22 37 7 68 34 56 19 80 28 85 83 70 79 63 97 90 19 48 54 50 15 29 5 79 88 34 60 9 79 4 53 70 44 4 82 22 41 95 14 0 6 65 5 65 95 1 21 55 50 34 64 48 44 18 78 28 42 38 58 24 52 87 39 54 88 82 14 43 85 3 93 3 71 76 25 19 73 37 39 69 70 20 87 40 14 99 65 28 95 11 63 20 0 4 66 40 40 52 86 23 96 44 74 31 15 92 52 59 82 26 90 40 74 42 47 51 24 18 61 58 17 12 40 70 84 76 64 86 86 98 31 21 10 63 98 93 40 23 29 33 90 60 59 76 52 81 65 45 42 86 57 87 55 18 75 10 13 62 31 68 31 83 3 57 23 50 86 
66 43 72 0 5 19 1 44 51 40 58 86 24 33 95 97 27 34 58 24 66 54 4 64 29 62 24 73 40 83 5 66 40 72 73 96 22 37 62 98 55 12 88 7 62 82 61 81 93 13 94 40 80 30 72 66 91 76 79 69 84 92 89 7 63 65 27 44 55 93 6 40 67 64 16 88 19 87 7 13 34 87 27 77 55 34 45 96 37 54 26 11 67 79 96 60 45 89 93 19 98 1 87 20 0 14 53 38 82 83 70 6 12 99 84 48 72 18 10 30 93 95 2 74 47 93 9 53 81 37 57 15 44 73 24 10 3 82 49 24 87 25 13 13 89 75 81 23 85 97 32 85 48 67 77 26 1 96 39 67 35 29 41 66 8 48 6 24 2 75 58 68 71 64 39 63 38 74 86 47 93 91 5 74 95 10 25 60 90 79 76 51 99 80 90 54 89 74 81 45 36 73 5 80 66 87 59 65 57 95 26 74 95 14 57 47 85 54 59 67 3 57 80 75 65 42 50 42 51 37 70 79 51 78 44 29 62 48 42 1 95 46 46 74 91 79 46 99 10 31 70 24 32 1 1 9 18 82 35 29 47 29 93 43 83 13 4 34 28 16 44 39 69 5 68 56 51 40 38 22 52 12 55 72 79 38 45 32 11 17 28 60 10 3 51 27 80 37 28 43 80 51 36 75 45 95 48 99 95 66 39 16 87 12 87 83 87 28 37 82 93 68 4 69 4 59 67 39 51 72 81 31 82 87 93 70 54 55 14 15 6 14 10 31 75 51 29 52 92 52 19 38 53 40 80 0 37 31 28 6 67 26 42 53 86 71 26 11 85 64 58 79 76 45 68 56 15 92 10 15 10 17 64 92 47 40 67 78 59 1 52 11 63 92 80 50 18 75 38 61 14 84 74 5 57 78 48 81 96 93 62 53 48 57 93 85 90 65 31 81 5 41 12 67 37 34 50 50 25 98 45 59 52 50 29 14 71 58 78 67 26 39 48 70 63 67 25 44 25 98 47 60 24 73 37 23 66 43 6 13 14 53 16 58 42 8 55 73 21 80 95 11 26 72 80 48 32 80 3 57 0 34 1 54 45 46 18 62 96 57 12 15 44 47 99 17 5 12 83 7 
10 37 60 97 37 98 97 52 23 12 35 53 96 24 41 43 97 18 71 30 4 98 12 39 68 46 72 2 5 55 43 4 48 38 33 16 20 87 17 13 41 27 82 54 55 5 53 24 71 33 32 50 11 79 79 32 59 75 5 13 66 40 24 39 69 8 27 32 79 72 28 92 44 44 38 83 69 16 45 16 29 98 16 54 22 9 6 68 78 73 5 68 29 58 93 68 43 16 66 24 82 95 72 13 42 13 69 60 9 5 30 71 89 28 0 91 63 82 55 43 98 45 63 21 72 71 82 47 82 45 69 1 66 35 68 54 15 58 41 46 23 30 34 68 56 15 5 46 65 0 90 31 87 19 72 70 47 39 36 17 41 53 73 72 17 20 81 18 52 81 31 67 76 71 11 66 80 25 23 44 70 34 29 24 80 81 17 54 84 23 58 42 85 63 87 38 64 79 0 85 10 0 40 71 68 1 28 96 56 23 53 20 14 61 17 87 26 68 8 6 59 59 37 15 1 36 94 32 91 83 68 98 3 15 16 45 5 9 20 66 8 96 88 61 89 23 40 3 95 0 94 71 45 70 47 62 16 48 11 85 51 47 72 29 15 23 88 99 71 64 88 42 0 45 56 54 74 30 82 14 50 1 60 81 90 70 36 58 58 88 2 11 49 31 45 80 38 54 27 29 86 0 25 33 38 92 90 81 56 56 21 20 85 93 84 24 70 94 35 52 17 6 56 11 58 97 12 30 93 11 11 30 0 3 17 27 25 61 99 80 27 79 75 15 94 92 83 92 2 76 24 72 38 3 70 17 62 19 68 66 60 15 83 56 28 31 0 57 41 50 0 79 40 39 31 27 72 40 0 58 51 7 86 16 99 87 92 74 57 74 76 18 29 14 31 28 83 88 29 80 4 90 41 13 88 97 43 11 93 93 29 8 12 64 93 2 69 30 5 65 27 93 66 18 84 13 66 81 15 59 48 18 31 32 70 14 69 77 19 30 99 29 94 4 69 20 14 4 40 9 53 37 79 65 3 50 85 66 82 1 31 37 17 88 47 16 68 13 24 43 1 66 54 3 2 13 62 59 11 18 63 82 27 17 10 43 24 60 94 15 67 87 60 31 10 58 75 23 56 49 
70 7 58 79 65 51 49 66 52 8 66 0 57 56 33 10 10 16 55 40 87 89 65 34 1 22 95 19 36 50 74 97 82 25 52 30 49 60 72 94 53 52 69 74 61 79 61 65 10 98 53 26 24 54 7 33 10 62 48 9 8 26 32 62 43 24 96 89 55 53 11 90 47 25 51 54 14 87 25 40 77 11 57 61 40 22 9 97 74 62 51 42 30 17 52 51 35 86 54 88 70 34 51 60 99 82 40 6 73 97 8 65 8 81 46 49 93 73 53 99 35 55 53 34 67 16 95 83 29 10 20 35 74 25 57 41 77 41 40 82 47 84 81 19 82 97 10 0 35 0 83 89 14 84 59 94 75 47 86 66 65 47 16 73 27 19 4 49 26 74 41 38 13 10 27 55 52 70 11 19 43 33 6 27 15 49 7 10 17 7 30 16 34 50 87 81 57 44 23 60 20 44 69 88 52 0 33 53 97 78 10 76 19 55 1 7 49 85 42 96 76 67 9 4 91 15 10 60 66 9 26 2 70 42 44 42 18 76 42 92 42 95 94 37 84 39 87 74 27 44 44 89 47 61 40 27 15 48 2 38 55 51 39 50 10 75 32 33 21 1 7 18 1 51 50 95 40 5 93 3 64 58 97 65 17 7 46 56 0 14 82 43 67 94 79 56 32 50 88 96 88 11 72 40 19 69 13 7 75 54 87 32 20 90 24 84 88 33 82 12 0 44 26 18 26 95 25 81 27 92 21 99 33 7 56 15 22 52 18 61 72 39 92 59 55 54 15 20 14 66 96 49 54 75 2 31 6 96 57 80 33 72 79 29 38 0 23 40 25 5 66 67 56 29 27 87 62 86 69 86 31 15 95 83 28 92 38 82 98 18 63 47 71 92 17 25 69 48 71 83 16 58 62 29 59 97 78 73 92 29 25 42 98 29 26 16 6 3 31 7 84 80 60 37 75 58 29 71 0 20 30 42 23 24 93 53 13 81 6 86 21 54 49 34 22 97 92 30 4 95 43 2 3 75 52 37 61 55 18 98 22 77 45 59 96 25 74 5 30 72 17 2 98 15 22 75 49 17 64 75 94 33 2 1 0 14 15 90 91 55 71 61 99 64 27 86 33 52 73 57 
22 87 0 76 60 64 21 41 56 53 48 8 10 70 13 99 61 70 90 75 26 0 66 58 57 26 38 30 8 45 75 34 97 80 16 12 44 30 87 74 92 65 92 55 51 14 59 87 73 68 97 12 42 75 64 42 25 57 73 19 94 53 59 17 10 44 6 34 77 96 15 51 34 22 72 86 55 49 65 14 17 17 44 19 39 60 84 93 24 67 40 58 97 96 6 28 52 65 70 71 1 73 57 42 34 88 5 3 12 56 72 46 33 21 58 33 44 21 69 24 41 88 84 14 54 49 81 99 77 41 91 95 6 15 55 25 78 89 23 54 57 1 18 26 70 61 93 72 11 96 21 98 54 40 91 66 46 48 36 51 48 18 97 79 6 17 50 96 34 34 22 9 40 87 52 13 58 75 4 84 67 51 48 56 31 86 90 1 49 70 85 25 38 2 3 33 45 98 50 16 73 38 38 82 83 26 10 53 5 24 30 55 47 77 58 13 27 9 21 74 57 13 51 0 47 22 8 35 61 12 34 89 9 62 59 31 5 96 4 98 52 45 82 53 31 74 5 23 40 77 79 2 58 50 11 21 58 18 29 94 92 78 93 9 43 93 87 10 75 48 81 35 28 16 61 62 40 79 70 89 52 96 7 2 76 17 2 21 72 5 52 39 84 26 75 90 94 97 34 24 80 65 63 26 61 94 1 82 10 38 63 7 28 95 96 35 4 42 58 57 76 81 86 41 95 31 24 90 68 41 22 67 20 81 23 56 67 27 36 75 20 40 43 46 7 58 5 17 78 27 31 76 44 31 99 32 83 6 87 17 93 12 92 98 24 33 70 37 68 4 14 30 51 89 62 77 29 66 48 18 72 48 58 64 65 66 68 31 48 69 10 22 87 88 79 27 12 50 56 12 87 41 13 94 86 79 1 32 60 92 3 34 15 14 69 18 46 2 7 46 35 94 42 81 73 99 80 0 77 68 36 31 14 88 66 45 37 57 77 6 44 8 78 53 47 10 81 43 65 59 82 2 81 67 82 12 69 38 33 35 17 21 32 1 15 69 80 88 6 21 67 28 36 40 11 49 28 2 45 99 69 52 64 59 15 3 17 61 38 12 24 34 14 18 37 77 79 32 63 37 
66 51 93 16 60 98 48 71 1 5 0 57 30 1 63 71 12 14 52 26 56 95 73 32 66 21 41 73 44 98 8 35 48 47 16 31 5 92 75 92 94 86 92 90 1 98 12 84 8 17 96 44 37 97 8 86 54 45 76 28 97 50 65 42 71 94 46 50 97 2 25 90 78 0 15 88 70 16 70 47 74 71 0 23 66 34 0 70 16 10 27 22 64 31 86 28 52 61 56 32 57 31 9 23 59 21 32 55 92 63 10 63 25 41 49 59 62 66 13 23 81 39 45 24 87 41 24 86 9 50 49 62 10 37 78 7 74 51 33 50 59 92 57 64 11 36 58 31 5 71 38 1 73 73 61 50 39 62 84 4 41 16 91 34 87 17 33 41 57 96 57 58 60 80 54 57 5 4 19 18 46 75 7 89 88 16 98 96 71 36 19 20 27 26 5 80 27 64 44 24 1 68 83 14 96 8 25 30 25 28 34 68 23 36 27 48 98 68 0 36 56 43 24 13 61 92 14 28 31 37 11 86 57 78 52 14 2 3 96 19 67 26 93 23 36 34 0 53 26 20 84 42 75 74 79 35 10 26 13 52 66 78 22 99 47 33 22 46 75 58 41 32 57 41 51 68 46 68 59 31 5 96 90 9 31 1 42 56 80 39 31 30 9 29 96 24 42 76 32 13 95 6 26 33 86 40 46 48 13 61 76 13 86 40 23 97 83 48 84 48 10 5 22 28 1 40 87 29 46 95 98 7 81 15 9 50 93 77 76 87 55 63 74 34 0 28 65 54 38 98 82 15 33 23 70 74 36 26 8 99 64 29 13 82 66 69 63 34 60 85 27 59 49 68 6 45 42 33 21 51 53 96 38 20 1 85 24 2 88 1 59 92 31 31 31 99 26 57 93 17 63 25 43 56 84 89 90 26 86 39 92 78 49 6 53 36 7 63 16 10 88 39 48 16 89 5 90 60 95 89 18 12 43 6 19 87 51 82 42 46 42 57 18 19 51 96 54 27 95 32 34 10 42 61 30 98 49 99 30 91 29 12 65 86 90 19 53 55 36 43 46 97 20 38 74 52 62 5 97 62 69 10 92 49 78 86 55 11 66 34 8 26 42 92 32 49 24 24 63 54 
3 3 87 87 15 41 72 28 94 40 65 61 15 42 75 0 18 17 1 6 22 65 4 43 63 74 7 73 59 19 54 33 21 79 83 67 82 11 46 93 18 89 22 6 0 67 25 67 58 3 2 92 78 31 64 43 44 13 91 41 47 61 56 60 84 13 65 15 14 56 90 25 51 37 19 85 26 49 7 13 12 53 94 32 98 95 89 34 77 53 60 73 27 56 64 50 2 22 81 72 94 68 62 20 75 6 2 96 50 62 40 5 62 81 53 6 67 24 87 16 6 11 7 72 20 25 49 39 34 28 68 69 83 57 99 93 1 28 59 15 44 2 40 50 61 68 69 56 18 36 52 2 22 90 97 32 97 22 15 16 36 17 21 59 64 15 74 76 93 87 47 62 70 32 4 14 83 98 56 86 83 79 24 30 92 39 99 69 19 41 87 29 54 42 92 53 23 51 14 55 28 19 47 60 19 14 63 88 78 92 44 99 11 40 20 41 92 75 71 31 41 92 32 19 14 4 76 26 42 13 64 63 90 11 66 17 24 11 40 43 97 88 60 60 83 97 26 35 81 66 59 75 36 82 89 99 91 73 96 7 79 12 5 0 92 91 31 14 54 17 54 89 41 20 18 93 42 8 99 12 31 64 55 70 78 60 75 5 91 40 64 57 77 67 52 92 82 98 19 6 42 54 0 1 14 52 44 10 79 41 40 93 1 4 12 96 59 36 46 60 91 88 63 45 9 24 20 50 46 47 28 98 77 0 49 28 68 22 98 18 4 15 9 52 85 89 31 61 61 57 40 30 84 76 90 53 96 68 10 47 7 61 27 4 29 84 50 34 11 6 45 50 77 88 94 90 49 20 72 97 99 18 73 17 91 21 93 14 86 49 55 88 98 89 29 89 90 4 14 72 68 5 39 0 33 72 83 89 20 13 2 85 20 77 48 99 12 74 38 61 56 77 96 10 35 58 0 46 99 9 28 99 69 67 84 87 80 68 77 26 15 76 27 60 96 25 60 94 92 91 33 42 81 65 67 69 93 48 96 35 69 33 10 69 38 87 32 65 97 61 92 11 48 47 23 4 35 61 19 73 39 75 71 59 29 82 64 45 82 94 26 13 88 77 34 35 27 32 20 51 
15 86 85 50 17 76 90 12 60 43 21 65 96 90 19 47 43 49 72 8 63 12 70 94 45 16 57 11 25 53 39 98 11 78 92 28 40 78 18 13 99 20 92 26 89 66 40 12 15 18 63 58 94 62 45 43 73 84 22 74 0 57 58 49 21 99 37 61 88 58 38 82 53 16 30 41 74 35 58 44 38 23 97 90 28 46 17 44 8 64 30 14 80 92 39 14 35 57 70 51 38 72 5 42 24 89 5 29 38 87 19 85 16 29 1 60 18 86 20 91 81 38 90 6 19 38 40 1 61 29 23 3 98 86 7 31 74 63 98 6 51 21 31 21 36 58 92 63 68 53 54 74 14 10 77 82 43 17 99 95 67 23 56 67 32 86 7 22 88 77 10 24 35 32 29 26 92 23 53 91 69 0 78 3 45 9 13 39 23 99 41 73 79 34 45 28 28 13 14 87 88 19 26 50 70 31 14 91 3 81 66 3 76 82 88 11 89 7 64 8 95 45 99 32 30 57 25 26 40 60 4 29 4 51 49 5 40 96 43 68 46 12 13 55 27 41 5 87 47 99 1 7 33 8 41 16 65 65 98 98 27 35 91 20 98 61 77 6 95 71 48 99 59 79 38 83 81 6 92 10 53 71 71 7 88 11 38 52 2 1 43 86 57 40 16 41 94 95 91 66 64 17 63 33 4 82 58 88 14 69 51 55 97 15 0 96 82 14 7 17 96 90 20 1 73 90 70 18 88 44 40 94 15 8 67 71 2 72 11 73 17 71 52 26 98 17 41 43 6 32 84 20 1 50 57 99 81 98 93 89 78 14 69 64 74 10 9 37 55 74 29 90 3 43 66 10 70 62 6 85 3 55 72 97 78 67 4 35 61 45 20 90 17 12 24 11 53 86 93 12 81 96 62 47 65 90 55 81 4 75 42 23 23 34 11 91 57 84 30 33 76 10 51 76 67 70 92 33 32 98 91 67 38 50 41 90 61 93 65 34 52 4 52 51 6 8 94 12 25 82 95 19 88 49 17 9 93 9 37 7 53 4 42 19 80 96 4 48 9 68 71 11 2 80 25 29 62 45 88 59 61 86 8 24 89 78 13 87 5 21 29 23 29 55 29 51 12 45 15 53 
30 96 46 48 81 88 21 38 8 88 94 31 0 3 36 6 60 16 75 35 82 32 4 40 38 3 6 31 51 72 50 45 52 12 8 43 74 56 79 55 55 89 75 30 46 83 73 92 43 59 28 15 43 76 10 29 8 4 10 24 70 89 75 40 56 29 72 63 63 81 74 80 60 67 52 18 61 7 4 72 23 7 75 66 84 65 22 61 57 98 87 87 1 14 68 12 54 61 63 87 9 74 81 37 10 53 44 78 90 89 50 14 72 90 96 23 86 69 13 49 80 63 57 42 6 5 27 79 99 17 58 92 61 93 82 46 58 17 13 52 37 3 38 28 59 43 29 84 86 49 15 92 96 68 14 17 79 97 42 98 22 73 34 52 69 39 66 30 79 8 13 40 73 56 45 2 23 64 90 93 23 66 85 87 38 89 63 32 84 34 49 12 44 82 88 66 52 12 58 47 13 53 90 94 84 70 91 10 24 30 44 16 12 56 99 96 23 85 8 15 49 98 2 30 31 69 51 55 63 3 30 64 49 53 36 88 43 14 12 51 4 35 62 30 43 89 20 83 85 86 94 12 9 6 84 40 68 35 4 80 83 36 89 28 69 89 73 24 36 36 94 99 23 3 18 90 91 15 6 42 11 87 30 88 49 59 97 37 14 85 53 46 36 18 96 83 92 9 49 17 35 78 21 4 15 66 42 88 90 99 98 18 9 54 99 64 47 57 2 93 75 88 8 71 78 35 95 89 30 67 57 79 8 38 50 28 0 48 96 79 44 12 39 12 95 31 1 11 6 19 78 21 45 38 35 30 16 12 13 0 3 23 92 79 66 21 35 37 75 12 58 38 99 59 4 36 4 38 32 64 5 11 58 74 78 42 78 98 10 82 68 84 96 17 94 11 27 2 95 17 94 78 70 65 97 12 77 98 26 83 60 84 89 12 22 26 23 68 56 57 48 16 97 43 53 81 60 97 59 73 40 79 3 95 39 54 40 26 41 23 21 80 23 79 27 18 28 72 56 25 40 9 78 25 68 89 8 19 39 38 15 17 63 93 46 76 77 11 88 18 70 80 58 24 30 6 89 76 93 14 81 67 1 74 95 21 41 88 51 99 23 56 11 11 62 81 78 27 83 43 
11 79 3 2 14 64 26 39 7 23 69 61 79 48 63 18 96 21 47 89 50 83 27 81 30 82 22 64 52 48 10 52 57 78 33 42 26 65 32 67 57 61 52 31 46 65 30 90 43 70 85 82 58 0 22 9 53 65 39 71 43 44 25 36 84 41 1 77 36 75 88 12 3 8 29 36 88 88 76 81 88 6 17 92 60 74 37 18 52 29 27 40 18 60 65 44 61 24 77 24 66 34 19 68 41 89 5 14 43 9 15 46 35 43 51 87 30 72 67 28 33 71 71 86 87 66 23 56 75 91 0 89 37 1 36 9 14 43 8 9 8 52 3 80 27 98 19 29 0 55 26 34 93 16 37 70 74 4 72 54 51 60 52 38 78 9 92 24 3 52 84 7 13 10 28 51 72 47 39 19 27 7 27 7 73 74 56 1 64 84 25 89 83 37 43 71 10 23 68 42 59 25 78 72 7 29 41 90 1 85 60 30 19 42 31 24 90 77 61 63 29 78 65 6 75 6 25 57 64 90 40 52 68 8 13 42 96 37 43 97 3 55 39 85 3 65 63 85 38 31 67 48 49 27 60 45 71 79 47 39 48 94 67 60 35 29 61 50 65 85 42 56 74 27 60 19 83 68 88 87 47 11 85 54 40 9 14 83 47 71 62 9 2 77 11 71 67 94 25 3 27 74 5 45 20 89 3 40 66 18 1 67 85 67 50 25 73 46 18 39 20 19 78 36 74 69 81 30 68 91 81 33 30 5 12 7 98 43 40 55 29 10 31 47 68 81 95 98 36 86 9 99 54 54 94 90 83 96 27 93 54 2 36 99 29 83 49 99 47 0 17 43 40 65 69 78 42 67 81 39 72 89 14 16 53 7 39 43 84 84 7 59 51 96 54 30 37 22 91 29 43 1 51 20 29 2 62 25 16 80 52 0 35 72 53 59 5 19 39 31 66 99 97 95 90 42 1 49 32 20 53 14 3 91 72 95 72 1 92 56 70 0 14 61 89 11 55 27 80 42 20 55 45 19 55 89 43 80 65 28 57 80 36 91 50 41 76 72 81 37 90 88 85 56 80 90 56 80 2 84 82 17 37 5 54 21 50 94 46 85 57 52 45 50 77 54 94 37 72 44 
45 58 95 22 40 87 24 19 63 41 28 68 64 3 13 39 45 60 92 22 83 11 2 71 69 1 72 5 34 98 76 56 31 80 16 24 39 10 29 22 25 1 15 9 60 32 26 77 52 8 51 58 48 1 81 51 66 16 95 36 6 42 29 3 8 29 88 43 18 2 12 38 39 87 93 15 1 87 31 17 11 87 57 69 87 59 6 79 36 9 0 66 90 49 32 5 97 19 46 61 30 73 21 87 23 74 70 98 71 73 54 59 44 63 8 51 87 45 92 57 33 37 97 60 6 60 71 69 39 9 4 33 64 16 18 37 75 97 22 95 39 51 65 25 84 62 14 37 81 81 49 72 51 78 22 44 8 74 42 56 62 57 43 15 81 75 47 95 27 54 18 40 48 3 83 56 92 63 59 38 20 46 53 82 32 33 81 88 44 70 39 4 41 70 42 98 10 93 23 19 64 31 81 58 18 93 32 0 65 60 3 89 46 64 34 84 65 76 47 79 68 31 80 23 5 42 52 3 15 8 0 78 91 91 30 29 27 49 56 16 7 43 1 27 54 58 83 83 65 87 69 17 73 56 59 9 33 56 66 18 72 86 24 33 82 4 63 71 8 92 51 79 71 27 28 54 3 15 31 40 59 10 4 78 63 27 93 97 68 6 90 80 11 70 47 80 43 55 81 58 95 63 13 28 38 31 59 95 77 72 36 39 28 11 44 84 31 63 47 16 59 4 97 35 15 92 55 35 98 92 98 43 53 78 60 34 7 81 71 52 70 50 72 87 47 8 91 66 18 89 56 84 75 65 6 41 59 6 48 81 93 59 79 29 9 59 22 14 96 78 41 62 17 53 6 85 82 98 7 30 87 25 4 1 25 89 73 19 44 13 13 50 86 47 16 27 16 70 5 22 22 0 73 76 7 63 53 96 82 70 5 29 57 46 31 28 64 45 59 22 49 95 41 24 99 81 13 7 12 6 12 63 96 54 37 90 48 19 98 39 50 17 1 96 50 34 75 93 83 92 62 50 3 53 71 64 35 48 81 85 74 44 69 11 22 66 43 8 40 1 78 54 11 10 51 61 31 48 39 60 7 81 99 1 10 23 30 78 51 63 85 71 89 37 91 66 13 55 81 1 
93 40 56 26 64 82 78 19 33 57 48 38 34 47 27 56 21 58 21 27 50 0 6 72 92 43 45 0 92 54 78 41 13 22 44 97 8 20 55 36 8 50 16 2 9 88 12 96 40 75 13 11 57 7 32 62 49 66 76 28 0 10 88 76 72 26 99 10 3 60 66 71 10 63 25 53 16 17 91 29 12 23 61 14 86 28 64 42 95 33 36 12 82 48 40 87 57 78 81 20 78 14 41 39 69 4 58 79 43 86 8 68 5 34 44 63 79 13 79 79 6 34 2 23 69 36 25 65 77 74 59 22 49 48 84 87 50 96 41 96 7 48 90 76 27 1 7 11 85 20 37 15 75 82 16 3 52 8 58 80 90 77 80 17 80 43 89 90 33 38 5 45 53 86 77 52 76 63 23 40 80 88 3 58 97 25 71 28 12 43 80 47 5 40 67 56 97 43 55 40 52 28 10 90 67 13 82 17 55 72 77 13 94 97 81 94 17 35 27 30 71 53 45 94 38 76 55 26 54 11 49 6 53 0 51 7 28 78 30 1 58 39 18 96 73 39 93 6 54 45 1 71 13 32 92 10 93 22 31 94 44 92 92 94 91 30 37 15 22 67 38 59 30 88 67 18 58 74 65 2 18 13 42 18 4 47 72 91 46 17 76 43 69 35 73 11 35 60 67 88 81 53 28 70 25 7 87 14 48 49 16 32 15 74 45 47 89 8 24 68 58 31 75 47 66 5 18 36 2 79 78 22 81 41 10 74 3 42 92 62 76 41 66 47 26 93 67 30 24 59 90 69 30 17 65 34 60 54 77 43 63 79 41 9 80 91 57 46 47 38 48 62 42 82 73 7 81 56 94 95 68 96 75 8 89 92 21 22 12 60 98 40 20 62 88 20 29 28 2 34 36 48 14 25 73 17 86 29 58 43 58 17 53 36 41 96 79 67 83 70 37 35 69 43 8 85 23 8 87 74 26 6 49 26 10 18 55 30 82 80 91 38 11 59 77 91 35 15 35 91 28 15 82 95 20 96 50 75 71 94 31 82 39 59 12 47 27 8 83 96 27 67 19 73 29 56 92 87 77 99 27 18 98 68 9 55 58 36 33 31 94 24 45 17 60 92 59 92 0 23 
67 67 7 59 82 56 90 96 57 56 95 85 40 13 36 74 43 38 62 33 14 19 13 91 17 40 91 71 49 4 71 41 16 99 28 53 78 54 35 27 28 6 26 59 30 44 9 94 22 18 32 53 93 50 65 46 14 56 45 42 24 45 4 14 73 34 62 42 63 55 24 69 84 71 59 38 22 76 50 99 7 77 36 98 40 71 80 36 19 93 56 18 7 41 31 84 28 61 44 8 50 52 24 67 75 94 0 92 6 42 34 2 69 32 38 40 58 16 99 44 6 90 4 5 35 74 31 95 81 14 1 29 66 59 46 38 20 22 53 61 53 58 21 31 90 94 88 76 44 82 71 1 92 82 54 33 29 51 72 76 54 7 8 6 99 35 39 38 33 28 97 9 22 18 22 39 42 5 42 9 53 71 48 95 14 78 71 89 17 4 28 50 65 69 84 37 56 59 54 31 53 36 91 9 90 88 26 39 35 27 33 94 80 73 21 14 36 81 17 61 62 99 6 78 52 59 76 98 73 77 87 44 62 5 19 51 43 3 41 36 91 60 65 89 17 7 71 15 14 33 24 33 51 63 96 42 93 72 75 46 82 87 59 12 98 9 72 34 89 50 73 25 11 85 10 71 48 21 4 8 27 85 64 6 15 69 91 72 11 39 90 78 17 99 66 17 68 62 29 8 52 38 78 32 66 77 53 64 86 39 2 16 75 53 75 83 13 74 19 92 55 78 75 54 19 67 24 24 22 79 5 33 65 18 81 96 21 33 37 44 29 88 87 80 41 90 46 7 94 8 62 72 94 2 77 1 91 23 88 59 26 52 83 31 60 85 29 55 85 93 10 61 74 29 39 34 90 59 46 5 67 99 99 41 53 6 51 42 43 11 20 12 31 17 19 21 78 95 30 67 14 25 80 18 56 61 62 19 81 62 46 9 83 65 88 66 39 53 6 76 47 84 61 97 90 31 19 12 49 25 35 55 22 92 84 35 7 6 12 48 80 84 34 35 34 78 33 36 14 19 30 29 2 12 2 1 22 38 67 44 29 72 63 53 92 94 20 15 35 35 93 41 17 22 28 34 90 0 23 37 77 35 20 23 58 35 15 62 63 65 14 9 58 36 19 67 79 54 6 17 
82 1 3 93 7 30 53 68 17 80 31 8 44 6 75 52 10 58 35 55 53 78 5 75 31 5 58 75 56 81 72 51 39 85 87 28 57 51 70 29 50 47 44 59 75 37 54 57 19 26 15 75 10 21 40 66 52 37 90 28 13 7 83 1 35 95 96 77 25 65 20 45 46 98 22 71 71 20 14 34 18 93 43 82 72 13 96 58 59 3 33 83 41 56 80 40 31 11 87 4 17 55 41 61 54 65 26 79 21 15 50 68 90 69 95 36 4 88 99 92 93 35 12 64 5 4 64 58 62 34 5 77 28 53 30 29 85 91 21 81 71 22 32 58 4 97 29 8 6 49 46 78 90 73 95 0 54 37 88 29 27 86 43 96 37 56 51 72 21 89 93 47 87 14 30 77 83 5 83 61 92 65 63 60 38 89 67 37 99 71 88 23 47 26 12 40 9 93 56 95 1 91 59 52 12 24 94 3 56 68 94 64 3 52 41 7 41 99 1 70 23 25 45 78 27 94 36 87 10 72 61 75 52 61 88 16 81 28 59 92 96 62 10 2 37 12 41 27 59 11 17 68 92 27 30 35 87 59 93 4 4 99 39 33 95 42 26 26 27 88 88 75 58 67 15 57 69 38 75 94 84 94 98 80 38 33 77 82 15 15 13 19 29 2 23 25 1 55 85 30 26 77 70 56 64 16 72 7 24 26 58 1 52 59 45 51 5 51 80 67 86 5 42 75 59 16 75 99 8 23 87 99 32 65 67 90 75 64 62 65 22 25 16 10 78 35 98 50 96 73 71 6 67 31 38 57 91 35 72 35 5 92 98 7 71 22 72 10 10 35 79 84 34 89 88 99 99 70 73 29 49 54 90 85 8 60 62 24 39 3 68 7 21 43 45 25 22 11 0 11 68 4 42 20 99 90 18 82 39 80 20 87 69 49 9 16 81 11 40 71 53 12 10 77 2 46 54 30 68 94 79 86 58 45 29 93 87 11 61 17 77 91 22 59 39 60 87 80 30 2 22 45 13 94 29 54 86 57 37 73 75 88 20 71 45 58 85 5 53 25 9 94 36 5 5 43 57 56 30 3 55 84 76 74 80 6 38 47 67 48 52 94 73 83 27 69 78 63 74 83 
96 15 56 79 28 56 27 23 93 73 1 22 31 8 10 73 89 78 48 25 82 81 10 92 36 53 40 3 60 70 95 92 42 6 3 18 84 32 18 55 67 70 26 3 30 91 95 55 26 69 92 28 31 1 37 35 92 60 1 44 75 71 93 68 55 31 55 49 54 2 82 57 83 86 60 71 91 43 11 16 28 31 42 78 66 22 1 92 26 12 52 72 21 93 99 89 9 10 96 77 23 10 72 52 31 53 7 79 22 3 30 31 22 37 98 11 94 75 23 56 24 3 57 79 37 18 28 46 48 9 14 14 62 61 0 45 1 32 11 32 29 58 70 80 32 29 23 41 12 56 59 77 51 28 36 13 69 31 90 8 98 1 17 75 52 25 29 29 56 69 84 25 7 67 90 95 17 53 94 14 97 22 74 61 49 99 86 88 19 2 46 58 91 87 51 26 23 53 45 23 54 5 15 89 79 0 5 63 87 65 76 64 70 69 81 9 62 88 78 70 59 49 26 92 63 91 95 95 16 57 56 48 84 99 17 57 96 51 14 73 32 10 72 81 75 67 97 59 31 28 56 73 83 31 79 30 82 14 25 39 31 8 92 29 40 2 0 40 2 16 70 37 91 15 82 32 92 55 51 21 71 66 32 52 10 92 72 65 50 3 66 3 60 44 31 16 99 76 39 59 48 79 72 42 21 17 24 28 35 40 7 54 19 36 4 65 88 81 50 53 89 22 82 23 44 84 11 12 47 23 10 51 87 87 84 2 45 66 62 11 66 53 51 55 84 21 59 32 30 71 76 47 79 98 91 21 97 39 0 5 54 58 8 8 42 63 69 89 74 12 70 9 82 68 33 95 49 22 19 76 4 52 91 43 44 38 21 26 51 59 82 85 64 2 60 93 74 53 55 48 78 50 47 4 15 24 81 39 6 61 51 41 7 74 35 88 1 9 34 98 76 78 65 8 20 24 44 42 99 99 68 91 13 1 49 80 53 29 69 71 39 22 14 74 97 98 63 71 42 82 26 91 96 77 84 29 92 26 10 33 80 95 11 10 7 28 79 44 91 62 99 97 11 42 34 20 27 99 21 28 53 50 51 88 85 98 67 1 3 78 86 69 22 87 36 27 44 33 75 77 
34 0 38 0 7 28 59 35 66 84 73 48 51 61 15 99 2 97 86 90 62 22 95 66 74 75 26 99 26 18 30 77 34 74 45 28 95 70 40 8 37 43 84 55 33 92 26 41 85 48 56 84 99 4 4 4 62 12 72 73 78 3 94 34 88 84 86 70 30 10 51 95 87 35 68 73 44 40 68 24 33 87 83 9 94 36 99 10 12 76 56 61 39 33 54 64 5 21 37 79 62 6 93 34 98 77 77 6 9 6 5 45 23 30 31 76 61 30 52 76 13 14 3 4 81 76 87 24 32 1 16 83 67 22 50 85 69 7 99 61 23 81 5 99 35 67 67 43 58 37 13 34 33 47 62 65 22 1 36 3 70 90 50 50 37 37 79 99 91 36 41 12 48 75 16 44 20 21 77 53 98 12 78 25 29 55 9 33 82 61 70 79 51 51 69 41 24 96 95 63 25 21 19 92 72 66 3 77 28 40 78 35 29 35 96 13 73 4 6 81 54 33 21 96 58 11 23 55 0 90 77 33 25 87 52 94 56 64 56 9 90 26 62 59 62 40 27 42 56 86 65 85 17 73 2 64 56 56 76 38 17 16 28 79 97 35 46 52 42 15 3 56 43 90 24 38 47 31 28 59 45 17 79 52 73 82 83 22 26 89 48 72 81 87 51 75 69 63 72 95 31 5 46 94 98 72 35 85 87 16 68 11 86 66 24 45 51 17 87 67 28 43 42 9 51 41 38 92 91 27 26 92 92 42 69 13 85 66 11 26 46 52 49 51 63 68 74 36 17 81 21 37 36 21 85 66 49 5 97 90 0 29 41 53 21 20 23 62 19 5 22 98 9 60 74 80 86 35 23 34 70 28 97 30 65 20 18 28 36 1 37 73 94 15 5 70 37 32 68 54 74 89 57 41 47 49 74 96 20 77 48 50 20 74 57 27 41 67 82 89 92 47 28 1 33 51 41 33 59 37 47 74 30 96 14 65 67 2 90 63 37 10 93 40 31 27 1 20 68 63 10 2 12 83 72 62 13 44 13 31 97 12 82 80 87 54 47 54 31 85 78 55 72 2 14 59 20 97 53 55 49 80 31 98 13 95 73 84 38 26 84 95 12 58 99 9 64 3 62 36 
63 81 84 90 62 88 28 19 73 95 1 36 86 66 45 19 2 3 35 22 54 87 63 25 15 22 6 65 98 42 39 31 20 25 19 25 51 15 66 63 4 69 11 8 36 14 73 97 9 74 20 98 47 96 29 47 0 22 33 44 15 32 1 17 78 22 8 22 77 46 67 11 28 40 92 70 88 27 28 16 93 34 38 46 86 13 93 67 42 56 27 62 15 59 19 12 73 92 1 46 47 71 98 34 45 91 73 5 67 5 84 42 22 32 23 77 92 81 85 16 50 1 7 92 38 95 45 76 72 66 33 51 45 45 65 57 74 76 85 25 19 50 48 51 8 76 93 36 42 63 81 37 81 36 77 78 77 39 27 59 10 40 13 46 50 99 73 45 16 4 62 66 32 5 74 73 50 22 58 97 81 6 48 31 56 43 27 45 97 20 82 79 50 36 2 87 15 67 75 1 4 0 99 21 17 42 82 9 50 35 31 39 85 62 42 54 69 62 31 96 4 3 91 35 28 97 23 71 99 47 14 6 35 77 95 16 64 71 21 25 81 43 45 45 41 12 63 85 77 87 32 96 19 90 0 52 41 78 11 17 31 11 45 9 61 80 97 3 99 9 85 61 8 9 82 34 7 25 80 36 43 11 93 50 42 58 18 76 12 49 55 3 67 95 2 67 80 59 7 43 9 1 66 82 12 76 29 95 54 89 87 48 10 49 7 37 35 47 41 80 47 97 72 83 36 22 37 98 42 0 41 45 54 68 25 39 4 42 16 39 9 54 14 39 13 93 2 99 34 57 23 70 21 11 48 67 8 15 72 10 51 86 22 66 7 19 88 19 62 58 83 29 36 40 78 12 79 14 11 73 99 84 43 7 17 71 44 44 84 56 60 37 83 56 16 60 98 39 80 54 20 46 86 66 21 63 65 39 94 11 53 34 53 39 82 67 1 43 33 91 84 49 1 14 8 25 77 41 0 21 10 1 8 95 28 33 55 10 85 19 10 50 76 34 45 75 12 70 11 29 22 47 20 2 36 59 65 78 4 48 28 14 28 30 62 58 83 41 17 80 12 35 99 84 32 67 47 88 2 73 24 50 19 14 24 9 38 87 38 97 89 37 30 74 69 23 1 52 39 42 
65 38 8 45 93 22 78 58 58 27 82 12 84 68 77 43 94 13 33 59 84 24 39 64 91 50 80 69 29 99 74 22 74 28 0 29 17 43 79 40 65 64 14 95 78 65 94 35 45 77 20 32 85 71 67 13 83 27 45 80 22 30 57 25 75 41 74 71 30 69 68 41 76 55 22 84 79 83 75 52 23 12 30 38 38 79 4 73 85 72 21 71 14 10 47 91 11 75 0 98 64 50 90 2 47 13 8 3 69 47 63 62 44 18 17 26 89 30 94 77 0 59 13 89 14 6 42 26 46 90 64 34 13 59 69 94 34 27 6 10 72 60 85 92 3 89 13 86 23 80 70 30 88 52 4 50 34 81 10 47 74 7 45 25 96 45 58 33 77 26 2 11 6 57 34 61 14 14 89 17 62 8 9 30 22 8 69 13 77 7 91 76 7 73 26 64 26 43 69 94 14 47 31 80 67 14 85 67 1 38 12 13 51 88 40 27 20 79 9 49 82 41 70 35 81 84 13 11 58 79 1 70 55 44 44 92 97 53 2 61 63 29 35 54 56 15 88 66 73 89 21 39 7 72 94 92 71 34 17 65 69 95 55 34 27 24 19 35 99 49 7 62 7 66 9 87 90 76 8 69 62 19 41 33 51 47 90 84 1 36 87 88 16 8 50 26 35 87 65 11 24 49 74 25 72 17 57 82 90 62 69 33 83 38 76 23 74 80 33 96 76 52 65 20 19 86 43 64 87 82 34 62 79 29 41 81 88 66 96 58 42 83 70 43 40 32 67 33 51 44 93 70 54 61 67 75 9 0 20 42 94 52 47 56 14 17 14 27 64 90 93 17 96 49 98 6 7 89 32 16 82 26 87 50 35 60 32 19 28 51 38 70 27 33 9 34 87 20 38 53 83 59 52 40 6 91 0 7 23 32 61 96 99 37 15 85 82 41 95 72 30 76 6 87 32 59 51 91 34 6 95 76 77 74 55 61 63 99 70 56 58 94 57 79 50 74 90 39 3 26 34 28 31 52 40 76 77 51 41 56 16 20 35 64 26 80 51 90 55 0 40 1 4 86 12 22 83 30 73 19 37 92 99 82 92 65 64 20 65 44 86 73 62 21 67 25 38 23 25 22 
29 24 51 54 14 97 71 3 63 96 13 66 18 58 97 0 39 16 7 4 89 32 24 87 74 21 42 25 67 86 56 90 64 60 47 81 93 4 93 14 16 38 24 77 87 35 11 54 15 85 89 47 93 72 38 93 29 85 59 54 71 54 64 47 43 91 65 73 29 52 62 59 5 35 99 12 52 84 29 89 61 93 4 95 48 3 6 83 69 29 73 87 39 81 63 50 33 54 10 89 8 3 55 40 16 45 29 99 51 16 65 61 95 58 79 61 81 17 50 33 52 61 11 23 89 69 8 33 98 71 2 77 12 23 24 29 24 68 49 31 55 11 72 90 8 21 28 74 0 14 35 81 11 64 70 30 48 52 13 35 39 47 42 48 9 29 2 91 64 13 12 76 4 52 92 79 31 87 21 80 39 37 29 82 0 84 77 38 48 57 54 90 87 18 29 81 46 7 31 9 89 69 89 84 44 95 87 78 89 77 22 14 92 92 73 98 37 68 80 5 65 21 69 27 18 15 10 34 52 31 83 94 92 6 46 60 9 81 31 50 40 49 24 80 21 57 19 61 99 37 16 65 30 49 15 32 97 3 46 20 0 68 53 66 7 55 87 0 8 10 13 18 15 12 4 49 38 36 98 72 51 48 96 60 36 68 42 98 96 7 89 16 6 56 81 84 4 11 39 85 79 55 5 15 12 53 40 42 26 47 33 53 50 13 99 3 60 4 18 30 34 91 46 29 67 24 56 67 52 32 64 75 36 26 66 62 27 66 89 61 23 37 10 26 17 72 53 52 7 46 27 84 8 76 74 84 36 69 41 43 84 38 30 24 12 37 83 53 44 50 41 74 96 39 65 47 43 85 75 9 89 58 29 10 11 96 17 45 42 46 46 15 14 20 69 50 27 3 78 12 78 17 28 32 58 66 96 20 52 78 37 74 73 99 10 10 12 25 18 25 73 3 96 49 18 65 10 71 94 90 6 82 13 50 34 25 99 57 39 7 10 62 81 87 63 37 4 53 46 60 41 91 92 48 97 96 48 49 24 49 8 86 7 24 38 54 83 55 96 49 19 68 93 57 30 6 98 62 62 1 94 99 72 28 13 9 64 19 28 68 33 67 32 15 62 48 18 9 9 45 
10 5 14 7 18 26 95 51 99 41 32 89 47 53 11 87 52 25 82 41 39 13 61 47 42 61 80 61 89 21 13 64 48 5 81 84 30 83 23 22 99 79 53 61 67 43 6 69 96 23 94 96 82 39 76 15 94 97 17 45 40 83 82 73 59 85 87 14 14 24 91 78 41 45 35 85 99 6 21 61 18 38 17 28 30 75 55 18 59 56 37 39 60 93 28 9 22 77 39 51 61 48 59 30 90 92 68 75 89 71 0 72 44 23 60 81 98 6 19 49 22 70 91 88 22 87 70 35 31 92 99 94 50 0 22 57 12 74 67 5 57 77 79 63 45 56 73 42 99 81 18 7 49 20 96 39 8 58 29 78 1 84 24 66 32 9 30 21 40 61 66 74 13 62 99 61 74 45 84 36 76 71 59 36 90 41 50 51 37 41 66 74 93 48 63 44 20 57 72 41 44 32 10 72 98 45 9 45 17 86 56 86 10 95 8 72 33 75 57 27 31 8 7 56 8 74 31 20 91 13 78 3 89 32 36 99 35 48 72 60 57 96 15 17 63 9 27 79 85 1 50 88 64 68 90 99 44 23 64 11 76 23 57 10 9 57 87 45 86 40 64 68 15 42 9 59 2 24 18 34 38 70 57 75 65 2 11 70 18 59 86 11 18 59 62 60 47 56 25 28 99 46 46 83 56 9 81 60 48 75 3 25 4 83 92 14 68 78 48 9 71 23 79 26 98 13 55 87 93 77 97 12 14 50 65 4 8 69 0 17 11 15 43 48 45 58 27 70 4 13 51 90 15 90 37 69 88 68 65 36 32 99 23 46 43 85 58 42 11 34 52 81 74 78 52 48 78 91 16 89 88 50 97 96 13 7 34 66 24 41 35 9 93 5 55 44 80 65 30 13 37 6 83 48 12 63 50 41 18 51 88 23 96 78 1 26 73 40 55 1 3 89 98 90 21 61 62 45 95 90 97 52 24 68 26 24 17 76 89 2 44 52 62 12 80 23 72 55 55 37 3 66 57 53 21 79 27 59 95 70 96 30 36 25 39 21 4 96 27 82 16 2 97 40 2 85 45 77 22 3 41 81 68 46 32 21 75 15 35 91 62 88 79 2 66 16 27 60 0 91 
91 95 64 59 45 58 49 60 40 16 33 79 11 37 60 74 92 26 55 67 38 28 85 57 41 42 56 32 2 96 68 69 92 93 67 56 39 89 82 5 74 30 55 60 40 87 95 95 61 0 53 74 15 12 14 90 94 40 64 90 67 35 1 19 34 34 27 3 77 9 76 27 65 79 15 22 44 72 85 69 67 75 54 95 18 47 70 13 51 36 98 1 43 93 44 83 80 37 99 4 74 44 55 27 24 92 68 95 43 40 52 6 52 19 62 30 34 96 26 9 57 66 86 75 85 92 14 41 0 19 26 67 84 93 27 21 15 49 14 77 17 6 99 64 92 16 62 96 17 38 48 3 41 13 73 8 11 82 67 48 80 82 62 98 98 4 16 99 91 30 24 83 9 50 7 57 43 37 7 66 26 96 11 72 13 65 83 97 59 12 4 82 7 98 44 67 74 73 71 12 14 72 43 6 32 64 35 67 95 2 88 29 34 38 47 51 93 54 36 89 11 67 14 91 27 90 27 54 70 59 50 70 89 35 18 19 16 85 28 85 93 33 77 18 4 5 65 85 84 93 53 24 39 37 32 30 48 56 22 95 50 91 27 90 53 70 72 88 66 98 72 22 84 95 50 55 73 47 51 28 66 22 81 73 43 25 22 93 22 57 92 21 72 93 70 29 49 12 94 76 87 92 75 87 67 63 91 59 65 62 5 85 86 24 3 98 54 55 48 55 20 77 89 32 65 65 66 30 24 98 52 48 64 19 33 43 24 97 8 28 52 83 23 37 7 71 19 48 92 93 97 31 79 22 62 32 15 78 28 12 24 47 23 72 24 6 85 49 15 61 29 68 26 65 5 35 48 53 12 82 28 53 0 54 55 54 42 72 33 67 32 42 23 40 75 21 22 3 45 3 5 48 73 48 63 0 85 48 0 62 55 60 28 39 65 7 29 78 90 50 4 76 74 51 37 17 26 75 8 36 10 61 93 79 54 40 82 86 12 98 59 65 70 33 70 52 50 95 76 61 20 57 40 77 54 95 46 74 42 73 54 29 2 20 10 33 70 43 14 41 7 50 16 23 96 43 20 72 9 23 35 6 50 88 41 96 3 70 40 38 9 73 53 19 49 24 54 60 60 60 
37 80 9 44 80 30 55 66 81 30 72 95 20 98 66 24 75 33 32 24 35 43 16 70 34 93 84 64 99 86 43 55 46 72 37 16 30 56 12 26 11 82 17 59 69 65 55 40 11 26 93 41 35 58 49 65 53 87 46 36 60 43 81 6 95 49 28 46 61 5 29 19 93 8 2 60 7 37 78 9 0 14 59 46 87 27 61 23 47 46 23 40 0 99 91 92 59 76 56 19 73 35 33 99 10 60 79 13 18 19 39 15 23 63 48 20 60 23 4 18 74 42 22 13 52 51 36 15 30 12 51 43 36 66 81 94 48 84 4 98 45 31 9 94 77 92 60 42 28 23 68 69 55 36 72 71 97 79 82 17 2 37 54 96 52 78 23 37 92 23 27 60 71 42 60 44 79 80 78 66 72 54 36 8 6 23 58 2 88 13 92 68 43 15 76 69 32 14 23 50 32 46 96 27 16 46 87 87 61 62 78 26 57 1 92 98 72 64 66 28 83 81 93 44 32 96 46 23 81 52 85 51 49 44 8 40 74 51 33 91 6 57 48 57 73 59 74 6 93 38 7 67 95 36 62 94 15 6 37 91 42 80 6 54 29 6 34 67 33 11 86 56 64 97 98 76 11 54 6 27 12 50 86 36 12 18 30 26 63 49 73 23 1 40 50 28 86 94 38 83 26 42 74 0 58 84 82 44 49 65 80 30 43 22 2 76 40 28 62 24 78 56 1 61 16 66 33 78 45 9 8 8 13 67 75 15 9 37 52 94 79 39 73 48 59 93 48 89 2 59 8 35 29 60 88 99 60 12 78 97 6 17 59 7 8 17 73 78 60 12 15 86 86 19 63 96 57 57 14 22 98 92 11 46 87 66 6 0 76 7 47 48 99 61 69 25 50 21 58 99 81 4 93 47 8 8 14 59 85 82 7 18 54 11 1 71 34 8 16 8 35 61 47 36 9 62 60 33 28 51 67 97 14 96 69 2 85 10 45 31 18 51 78 33 85 59 6 46 33 44 71 4 49 62 17 23 45 1 94 85 13 42 95 42 56 75 53 79 59 72 94 55 7 44 20 75 44 14 39 66 58 88 41 96 15 4 40 46 37 18 96 35 31 4 46 90 15 16 59 4 
78 22 70 51 92 33 77 9 57 34 44 86 16 34 2 73 57 19 78 77 5 72 97 37 17 26 28 14 47 1 75 98 82 38 2 77 5 82 5 73 51 92 75 98 42 48 45 16 55 47 89 60 35 35 46 40 3 7 95 3 94 12 99 40 96 66 7 79 49 78 83 9 61 25 30 9 80 76 99 10 69 12 87 90 80 5 79 15 96 82 54 85 66 15 97 87 68 91 4 95 75 26 30 34 25 26 9 16 51 92 17 47 90 72 76 7 63 29 73 76 3 68 80 0 24 2 18 87 50 58 16 94 94 53 90 76 37 0 33 33 17 73 8 31 61 61 23 94 33 37 90 13 31 19 9 71 36 6 71 53 48 5 93 33 29 81 43 49 70 58 32 89 23 91 12 72 73 91 82 43 35 47 33 34 38 49 2 9 86 37 33 55 93 6 73 6 66 7 21 18 39 36 83 93 69 42 65 20 86 93 0 1 90 71 62 91 6 2 31 32 96 95 33 86 0 26 71 41 62 45 38 44 1 41 45 36 98 8 28 28 37 92 49 47 66 31 12 92 94 83 20 30 14 7 93 65 47 13 39 92 26 51 72 60 97 11 3 43 13 54 15 59 76 5 16 24 45 4 33 12 64 92 37 4 70 75 6 38 9 67 49 64 84 85 10 92 15 95 81 63 81 65 9 36 79 27 61 65 33 25 15 25 82 62 92 53 69 18 44 7 10 64 24 76 10 70 66 23 4 87 91 88 48 60 73 54 33 93 48 48 37 33 15 55 38 41 92 68 42 39 12 40 27 8 50 81 75 76 41 87 40 63 73 56 25 75 39 4 26 52 64 42 29 57 33 24 95 78 57 30 15 63 86 24 27 21 18 71 48 65 30 90 48 51 68 25 95 55 85 8 40 67 35 3 66 32 1 18 49 55 18 49 95 43 80 93 80 40 94 85 43 12 3 92 86 53 36 16 38 48 6 63 21 91 33 78 22 41 75 42 51 59 98 54 88 91 18 3 71 88 23 8 26 29 78 88 52 41 7 27 55 26 93 31 85 70 54 25 98 67 89 72 32 80 71 33 28 70 80 48 57 13 14 95 15 35 26 66 67 66 28 9 12 60 77 71 66 53 12 64 
73 35 45 42 30 61 99 91 87 39 74 9 52 84 78 3 50 56 17 40 53 9 54 29 49 39 93 44 97 51 35 3 10 53 8 17 81 96 56 87 54 67 54 90 74 2 48 44 25 77 51 60 59 15 49 17 83 34 55 87 93 94 38 98 63 87 69 42 77 11 54 3 6 20 7 43 82 76 56 70 72 87 83 95 17 5 2 93 49 20 37 30 2 59 25 83 19 38 14 16 15 13 39 58 91 51 14 2 47 68 53 82 8 73 38 69 0 38 59 27 35 88 74 60 32 2 95 80 0 27 91 52 18 18 46 4 71 63 45 15 86 28 43 29 48 12 28 37 82 86 46 63 79 81 62 47 76 1 96 19 47 14 6 34 5 30 32 4 64 33 47 8 78 82 76 13 59 5 10 3 52 31 14 32 94 58 88 69 99 14 22 12 23 66 26 26 56 56 43 88 18 86 68 96 46 83 88 46 79 3 46 4 69 46 48 53 47 30 49 83 17 7 94 82 55 80 95 63 89 7 94 80 15 59 25 41 72 32 38 89 15 64 22 76 33 11 87 47 20 75 52 97 3 89 38 81 74 68 72 53 47 9 86 77 48 29 83 55 30 43 9 78 6 70 8 8 3 82 45 58 17 88 46 12 69 33 56 46 74 55 43 81 22 42 34 94 27 18 37 58 81 14 9 37 82 64 11 72 83 61 59 30 57 44 83 79 39 58 22 64 3 48 53 36 75 96 52 79 80 11 52 12 39 8 78 13 49 23 65 77 94 55 76 71 15 18 46 68 66 34 42 49 54 94 67 21 20 40 57 99 92 17 20 28 31 88 54 71 32 82 1 33 96 67 44 5 5 25 19 15 89 66 94 16 96 35 17 69 17 27 19 56 33 70 26 59 4 7 47 57 60 67 77 68 48 44 73 75 58 58 10 35 72 4 75 31 26 60 61 8 57 40 61 92 83 42 12 94 27 64 71 35 86 25 37 75 84 56 19 82 7 4 41 73 16 93 90 46 83 66 13 70 21 83 75 91 58 26 80 34 25 66 12 13 30 69 79 34 23 91 74 77 53 73 21 21 3 8 25 9 56 21 75 77 1 95 66 85 99 94 89 51 55 51 5 73 2 1 17 55 
76 12 14 54 70 9 45 25 52 21 75 8 73 63 24 25 4 60 9 47 46 62 4 26 35 57 2 34 77 83 92 57 49 1 68 30 34 36 15 21 22 76 87 13 34 50 96 80 73 50 99 27 21 30 24 23 30 39 53 51 92 5 8 14 87 42 69 58 93 17 60 23 54 45 77 85 54 38 37 8 26 81 44 76 11 12 7 16 38 47 61 42 38 72 40 11 55 74 24 22 9 13 82 15 31 29 2 39 94 75 35 20 93 15 95 3 23 95 27 42 92 45 32 85 65 77 98 7 81 94 0 71 17 56 54 31 96 58 48 13 83 1 36 60 38 54 77 55 96 64 63 55 65 34 61 3 58 61 39 71 40 28 78 42 9 33 92 12 71 36 45 2 31 42 12 65 39 69 22 67 49 68 59 26 70 71 64 63 69 38 96 7 0 42 35 31 17 17 57 40 70 48 26 67 26 87 44 80 61 55 31 62 4 6 5 31 54 37 85 89 42 99 61 19 55 40 44 57 67 46 10 46 14 85 69 31 5 81 36 80 60 92 94 61 29 35 19 44 79 80 81 83 30 45 40 8 57 75 92 33 59 52 38 59 87 44 75 41 95 32 0 93 44 53 60 36 59 76 27 77 88 83 33 5 18 14 15 5 89 17 14 46 48 8 73 88 99 91 23 13 88 49 34 3 69 41 12 20 11 51 10 80 22 66 46 20 58 65 60 27 75 72 28 55 72 83 1 32 58 15 49 92 22 49 51 62 60 44 89 5 6 16 27 77 73 91 35 86 79 42 30 29 57 43 61 43 78 16 16 30 88 99 58 17 93 12 16 74 40 71 94 28 35 54 10 43 21 22 48 9 99 93 69 89 0 77 41 55 45 62 60 92 14 6 77 25 99 14 12 27 72 31 33 55 13 56 10 46 77 5 92 37 85 57 63 98 64 18 9 28 19 28 40 91 41 47 38 58 85 37 77 34 61 31 90 60 56 44 9 35 53 31 60 74 27 32 85 36 36 85 31 14 42 61 85 56 9 68 89 57 14 18 79 79 92 45 40 34 76 88 45 61 78 64 22 30 54 44 0 66 29 61 70 70 8 57 36 90 47 6 13 47 96 34 81 44 72 51 71 3 
49 23 35 78 82 13 79 73 24 68 76 5 55 33 5 92 24 7 82 79 3 60 24 68 48 84 67 0 41 68 85 65 31 27 84 7 93 58 19 41 78 95 84 89 48 47 5 83 54 16 55 43 99 28 60 45 58 91 34 62 16 21 60 55 93 98 14 87 96 98 18 27 53 99 89 52 92 85 17 63 45 11 73 81 52 71 69 28 67 35 34 24 27 41 59 30 63 76 22 11 96 63 6 3 11 64 4 52 51 86 98 5 68 75 88 14 79 54 43 40 54 16 53 20 58 32 47 48 86 11 43 20 89 38 60 72 68 49 51 66 95 10 53 64 56 62 41 88 65 10 47 59 57 27 17 11 77 76 4 93 81 62 14 45 14 9 13 70 32 81 75 80 61 4 70 3 28 82 78 29 51 24 17 75 67 36 65 10 56 54 71 4 6 48 63 78 48 63 59 41 41 2 36 86 38 21 49 68 21 15 12 8 57 98 69 39 83 49 70 80 38 19 61 79 99 97 65 0 56 43 24 24 10 53 43 47 60 49 99 60 62 17 89 88 92 86 55 80 34 24 99 81 54 31 82 7 61 75 79 95 20 29 87 49 41 53 76 30 95 35 37 35 48 51 91 87 96 58 31 7 90 72 70 66 72 4 3 47 36 72 41 26 0 13 6 98 59 1 77 4 38 70 2 0 80 69 94 22 33 50 47 10 25 65 68 29 19 81 24 20 44 84 14 26 16 40 49 58 30 37 68 23 49 67 58 98 14 68 40 37 19 7 2 99 94 9 3 73 32 87 89 59 9 6 62 0 73 22 45 65 38 50 46 92 59 63 82 41 79 15 80 50 64 98 22 2 18 61 19 34 99 50 67 42 59 97 53 23 81 76 53 99 2 42 53 3 12 75 88 36 33 39 99 48 60 30 11 11 90 2 72 31 51 42 37 37 20 21 71 38 37 86 18 23 49 46 14 88 33 44 44 19 18 48 0 4 45 47 93 29 11 20 73 6 17 24 48 15 85 85 77 70 8 15 42 87 52 65 63 44 5 36 16 2 37 73 67 14 0 64 90 96 63 14 76 30 44 47 94 68 18 21 72 66 37 95 35 55 95 68 43 61 71 29 36 27 46 60 81 81 
60 97 15 48 65 66 11 89 30 97 81 15 63 23 58 16 50 93 86 26 99 3 25 38 8 64 70 26 88 81 79 23 73 94 86 38 34 87 58 94 81 14 92 41 98 27 86 36 28 67 61 67 6 97 23 4 30 3 43 28 85 20 34 73 65 77 28 5 43 33 43 3 30 97 91 7 63 9 76 8 70 3 62 53 58 39 4 85 93 50 11 97 19 9 38 88 26 25 89 11 4 42 29 28 9 63 31 75 87 66 46 51 37 23 97 42 24 35 28 68 41 23 35 25 31 88 93 58 94 93 89 5 55 52 11 90 47 27 85 19 28 64 14 46 38 11 24 28 4 81 58 20 94 95 85 95 88 37 27 10 39 13 26 39 42 50 53 26 78 34 66 18 43 90 98 80 29 10 57 32 92 23 25 21 7 22 84 91 32 54 49 47 2 16 55 96 43 54 69 55 4 36 48 38 10 68 19 82 59 98 99 87 53 59 25 97 38 66 16 75 54 85 88 46 62 73 33 66 9 79 77 70 4 39 42 30 57 64 94 88 55 54 53 0 96 39 17 96 22 44 84 34 26 27 55 97 79 63 91 79 35 77 62 71 31 50 95 7 71 12 94 56 29 2 46 32 55 56 41 43 22 39 55 73 57 97 90 10 41 0 43 62 18 44 22 44 82 44 57 73 59 66 50 18 85 13 35 87 41 42 55 78 31 6 61 43 48 86 41 45 86 56 82 35 19 46 97 11 2 3 47 49 50 20 28 60 99 93 83 95 50 6 22 9 34 34 1 96 29 93 33 23 11 97 91 91 64 15 30 33 0 91 43 34 9 57 7 67 40 93 4 3 45 74 15 2 38 40 11 74 62 57 35 66 9 1 20 24 93 38 77 10 3 35 39 99 26 18 78 17 50 81 16 45 8 88 79 35 50 63 34 26 10 92 70 15 31 99 89 23 8 95 1 59 10 13 0 25 92 21 33 36 70 78 92 63 53 27 91 48 19 81 92 52 71 27 11 58 47 96 24 33 38 8 51 29 38 16 31 74 10 17 32 6 48 0 18 92 60 98 96 64 65 2 51 20 19 34 98 11 48 32 29 26 92 44 66 27 71 2 41 30 60 29 51 32 51 69 33 81 
82 55 23 85 70 11 96 37 23 89 27 77 7 34 89 99 32 22 76 64 64 90 30 78 11 52 26 29 13 23 22 42 94 35 6 56 10 50 47 25 48 89 95 66 38 96 43 74 89 35 52 72 90 28 22 54 63 9 60 35 5 1 51 21 61 57 93 46 53 27 14 66 16 52 6 45 82 25 13 2 30 81 84 7 20 31 87 14 58 87 64 63 50 57 66 60 6 42 79 63 62 84 9 85 60 24 40 29 54 30 53 66 14 49 21 9 71 44 20 17 93 49 1 84 36 26 19 83 56 43 56 93 9 30 6 91 25 98 34 86 84 16 27 88 35 24 50 31 80 61 71 2 13 97 91 71 62 61 38 45 32 2 41 67 70 3 10 3 48 65 80 17 90 77 39 53 76 47 29 64 37 89 66 69 93 98 94 68 82 94 17 41 48 4 18 85 13 44 73 39 34 45 25 98 65 15 25 75 82 17 90 84 71 20 51 46 18 93 63 28 37 71 22 92 85 53 47 85 48 73 57 31 89 46 5 52 24 59 86 43 69 65 3 88 12 99 95 35 5 48 79 44 70 55 70 77 59 39 75 48 68 77 38 15 60 38 63 15 28 28 5 48 70 18 61 6 93 6 32 53 65 26 21 0 35 17 26 66 29 62 84 92 43 78 9 8 16 47 47 41 57 79 52 6 25 12 53 87 22 46 16 5 0 94 54 31 3 9 7 46 76 23 25 69 87 11 68 4 90 35 85 45 89 62 48 88 84 3 21 70 6 83 99 97 8 73 60 87 39 15 63 70 95 89 20 86 43 10 14 36 84 22 32 66 69 0 65 44 21 55 13 27 67 15 24 9 6 37 19 5 76 24 27 20 61 95 99 54 99 96 40 33 64 2 79 49 6 67 68 24 70 51 35 0 60 69 65 8 48 97 30 96 93 85 6 38 56 29 59 10 46 21 27 13 89 70 85 14 7 70 72 78 0 26 63 52 16 72 92 19 73 90 12 61 36 29 37 13 6 95 11 83 42 86 73 9 24 8 33 41 68 72 7 0 7 67 58 78 92 41 90 31 77 58 14 40 31 58 81 53 39 61 39 94 95 57 70 67 58 60 65 71 21 23 56 10 56 9 68 30 
90 0 90 40 64 96 39 91 42 13 33 69 45 76 58 6 33 58 64 1 0 43 76 56 3 18 64 49 60 15 68 50 5 48 90 78 57 42 55 89 40 11 81 76 17 38 9 45 54 23 49 92 13 28 9 0 36 74 68 96 81 15 54 95 11 78 29 2 64 47 59 93 21 69 54 73 41 17 6 87 79 72 9 6 15 68 92 66 54 13 43 96 88 60 66 54 44 36 55 44 56 78 61 63 17 50 40 90 59 42 7 9 44 76 98 52 35 3 71 28 70 18 61 51 56 19 46 62 12 79 19 54 57 80 54 63 11 59 65 79 95 33 63 1 79 38 66 37 48 97 76 31 67 20 94 30 88 98 1 22 86 19 85 9 59 29 33 45 96 41 59 61 34 29 60 48 47 51 26 45 72 27 22 93 60 17 51 2 85 2 60 23 75 16 6 25 77 67 77 9 2 78 67 51 94 29 18 43 33 1 74 44 84 12 77 5 70 33 56 22 42 54 0 16 34 98 31 11 53 63 4 64 50 26 91 22 10 77 59 59 16 55 90 5 59 61 32 78 99 9 77 84 96 5 96 97 42 74 8 78 74 46 27 7 30 92 1 44 74 75 52 48 63 23 8 12 87 73 48 18 19 35 85 9 86 9 35 30 83 95 95 75 26 68 17 95 28 3 11 36 62 67 81 22 49 7 63 8 67 77 65 27 98 79 45 94 35 32 45 40 35 99 82 52 63 97 6 67 76 75 54 12 76 70 52 33 42 36 47 93 67 40 61 19 45 2 76 67 75 51 44 64 95 14 7 57 28 60 19 7 58 28 37 15 74 78 68 28 12 89 71 20 60 69 2 5 90 87 31 22 28 5 93 26 15 34 8 98 14 30 89 78 88 91 73 0 82 5 16 22 61 83 92 50 22 52 66 48 41 85 90 42 73 17 91 68 48 93 79 38 67 49 68 26 29 59 65 25 62 80 33 4 59 64 65 50 95 37 39 99 71 29 0 74 95 34 63 99 51 49 1 94 60 89 50 66 81 52 10 78 87 33 64 15 51 16 18 79 28 61 31 59 58 19 73 50 24 14 71 91 48 41 35 64 1 18 52 18 16 56 21 38 26 78 61 24 53 47 16 21 
35 42 84 74 88 47 72 55 8 2 49 56 42 18 34 55 14 32 80 85 64 56 64 5 23 37 78 2 70 36 80 58 7 95 99 53 78 56 95 70 23 91 56 10 89 29 13 39 38 82 66 12 53 72 84 80 26 49 71 24 39 94 42 78 7 17 93 17 91 64 17 1 52 38 81 55 70 78 0 77 21 47 12 1 75 41 80 53 30 54 58 47 95 99 91 83 13 32 81 31 91 89 92 46 92 28 78 29 85 17 85 68 50 68 71 90 84 75 33 97 21 6 87 0 32 17 82 98 17 26 54 84 30 96 62 27 79 89 17 39 16 90 50 78 71 52 74 46 56 95 3 12 36 35 53 40 34 12 96 37 84 64 31 60 3 82 50 53 92 91 65 27 85 86 5 44 48 59 92 7 19 42 64 63 26 79 16 31 90 7 84 9 57 24 62 73 77 90 15 46 48 87 46 70 2 21 25 10 38 82 61 11 2 17 98 78 22 93 26 35 91 29 99 99 10 59 1 50 73 32 50 75 53 51 36 43 7 32 62 46 88 29 16 26 25 64 41 4 2 41 65 90 91 38 6 62 35 64 17 48 27 53 96 98 58 95 72 7 77 66 8 51 57 98 26 32 71 64 90 1 31 14 40 3 78 87 61 93 31 61 49 39 6 20 46 45 26 18 88 59 44 76 47 91 49 45 46 93 32 28 33 32 79 26 88 68 18 32 51 82 54 50 33 52 4 80 92 23 59 13 59 26 47 36 37 37 80 97 53 42 85 49 89 68 5 2 71 99 78 70 45 70 12 48 87 97 78 64 53 72 84 73 47 62 18 18 4 28 9 57 93 26 34 1 84 29 70 82 26 61 66 99 46 11 10 5 53 81 22 2 99 53 13 16 87 53 51 26 65 79 14 57 79 80 46 3 92 15 45 71 81 9 74 28 86 3 50 54 70 45 73 41 31 12 26 74 7 85 69 8 34 91 92 16 69 22 4 79 52 10 48 88 9 16 70 48 79 6 73 4 40 59 1 97 17 32 98 72 3 25 48 29 11 70 47 0 91 26 50 59 42 87 88 14 61 67 52 94 49 98 76 67 27 71 51 31 88 72 77 60 27 99 18 71 35 38 27 25 90 5 
27 32 4 12 99 85 79 15 66 4 62 89 77 18 98 83 45 95 58 9 6 29 50 58 95 48 48 5 91 81 36 22 60 41 38 94 40 36 36 67 97 89 46 8 70 48 85 41 75 80 59 71 26 0 17 32 53 39 29 27 72 85 83 28 86 62 70 45 81 90 7 45 96 23 4 16 75 13 8 34 3 0 58 66 55 24 2 4 47 12 57 19 99 59 87 52 76 98 6 15 7 61 24 90 72 80 66 19 57 16 4 61 79 0 81 23 0 3 66 28 72 98 87 25 30 64 57 18 10 29 56 96 9 11 89 3 24 45 17 10 77 41 36 74 28 55 85 87 48 0 25 1 44 2 87 78 24 68 35 34 29 11 17 16 85 24 43 11 10 82 10 87 36 33 45 74 33 84 78 9 2 1 92 14 10 76 81 70 32 96 86 11 15 11 83 55 23 77 93 68 66 88 47 36 42 81 54 2 60 84 21 61 37 24 84 77 81 10 59 15 97 72 18 99 84 94 13 61 20 94 4 66 15 81 81 46 14 48 68 94 9 94 13 34 33 10 20 38 48 66 28 65 68 17 62 93 46 39 23 27 49 18 79 27 69 50 7 8 34 61 30 6 23 54 19 49 42 17 79 39 39 97 29 97 85 99 5 30 81 55 38 2 64 34 57 27 89 14 11 96 83 99 65 49 14 90 84 85 24 93 37 34 37 46 2 26 12 89 37 56 60 90 52 69 40 13 99 5 25 37 8 45 24 71 16 29 42 40 25 21 69 0 84 98 51 30 3 30 54 15 96 24 82 8 75 71 55 82 28 61 93 99 64 4 62 58 56 66 25 38 64 62 11 52 28 54 26 57 30 37 57 4 39 36 96 72 67 93 5 2 91 43 25 93 55 16 16 63 20 12 30 91 10 38 62 12 92 72 87 70 70 33 36 51 24 2 88 14 83 22 41 89 49 38 38 13 11 69 56 15 85 50 53 34 61 86 37 67 29 44 35 49 66 7 12 75 22 14 82 31 69 63 0 17 7 38 15 50 2 38 87 6 82 34 34 42 65 67 51 39 90 59 2 69 41 55 41 74 54 0 73 51 60 70 93 66 36 17 54 96 72 45 21 29 92 38 98 45 74 46 
12 67 13 61 70 53 60 80 82 54 78 11 91 21 96 6 2 29 28 66 84 29 46 50 43 23 37 69 98 92 97 40 8 48 28 15 58 63 46 5 69 24 45 96 79 99 70 93 67 50 48 54 40 0 0 25 36 5 59 58 51 52 41 93 73 34 98 8 20 21 35 28 64 65 96 57 26 22 12 0 16 40 47 5 96 97 99 13 95 16 3 2 93 14 33 23 44 23 96 51 81 64 49 93 7 20 26 36 27 71 26 91 24 57 87 1 88 27 21 94 63 71 26 3 57 86 50 5 47 63 72 29 18 52 54 83 3 70 71 97 17 85 28 45 23 92 82 92 53 93 47 28 70 9 80 81 4 50 5 8 30 68 14 80 87 47 63 60 9 1 16 53 74 80 82 38 94 27 91 78 26 31 61 40 42 28 80 19 70 59 95 52 54 67 76 44 0 24 53 82 53 97 31 49 23 58 75 71 14 39 97 90 71 17 52 88 80 4 82 1 53 49 86 63 47 71 98 99 36 95 21 81 81 25 75 46 71 0 70 44 75 92 94 97 40 28 32 55 60 80 99 12 14 69 36 79 85 28 7 61 48 19 79 89 88 70 32 2 95 17 87 21 84 93 50 29 14 15 28 77 40 39 52 55 24 61 42 90 24 80 19 4 29 95 6 63 83 22 17 80 94 1 77 28 88 22 81 71 59 27 86 66 31 18 29 29 50 27 89 26 93 99 3 30 12 58 75 45 30 82 78 63 16 7 32 87 68 88 86 95 42 80 66 7 63 8 89 12 99 42 4 96 40 91 8 65 53 85 80 72 60 91 84 10 88 93 0 15 54 33 73 29 29 4 47 44 48 92 74 85 48 84 24 88 22 48 42 0 15 21 44 67 71 36 73 56 53 32 10 21 33 78 47 53 97 34 40 69 24 0 74 1 48 40 59 68 16 57 82 22 2 51 94 80 96 0 78 49 32 46 60 49 74 6 70 40 19 49 64 17 55 59 0 74 70 95 53 23 80 67 92 65 24 94 25 33 36 16 23 53 90 70 46 32 91 43 12 11 41 7 32 37 5 42 93 3 22 13 13 49 19 8 26 18 1 94 30 19 0 3 70 54 85 8 95 63 51 74 82 26 
42 75 42 68 82 44 60 32 16 89 34 56 86 18 3 9 49 40 99 33 99 25 26 90 28 96 55 93 14 79 22 47 2 80 56 11 81 69 82 35 99 34 98 64 67 85 6 99 20 23 93 25 72 91 72 89 5 92 10 22 28 35 95 91 68 20 82 6 71 31 96 9 96 40 14 73 55 37 49 98 76 39 4 72 91 82 60 34 21 92 59 22 40 2 98 31 10 49 49 3 60 25 59 10 91 34 89 18 27 65 49 27 88 0 7 84 21 55 46 62 52 11 95 3 60 26 10 74 0 88 22 47 86 43 48 72 59 24 25 41 36 17 49 13 21 38 32 22 36 96 28 49 78 23 86 43 81 90 81 80 16 65 54 82 29 84 22 51 34 94 67 37 59 98 97 94 39 57 30 13 92 78 97 81 60 29 45 17 25 63 47 74 0 88 72 52 45 23 30 48 47 34 24 20 74 98 99 65 31 79 44 96 97 81 88 29 61 23 71 16 25 71 72 85 6 42 76 12 49 88 65 69 61 69 1 97 66 9 78 45 61 0 66 17 90 85 97 7 52 68 56 26 25 80 85 53 83 12 38 94 43 17 28 79 12 50 58 18 37 61 16 21 96 19 95 47 5 58 42 84 88 19 34 82 46 9 68 11 24 68 30 9 79 37 50 70 89 29 9 21 82 29 89 2 47 12 3 3 79 23 38 23 56 84 33 86 77 17 65 18 86 20 97 99 50 58 50 26 29 76 35 43 25 13 36 83 9 75 51 24 24 75 81 17 93 41 1 60 97 36 93 58 13 1 22 33 46 52 94 57 93 41 16 80 59 7 71 74 17 37 78 35 60 91 85 28 17 40 96 54 5 22 91 4 99 31 6 88 20 50 47 3 85 78 65 97 5 29 70 14 23 57 31 37 16 96 88 86 71 17 58 49 67 28 10 57 29 85 42 44 86 61 14 66 17 49 73 64 42 73 44 61 93 38 89 89 52 73 24 80 39 41 3 17 19 72 34 42 29 23 92 63 52 85 54 31 88 23 32 80 3 50 31 76 87 24 57 25 1 71 97 70 41 60 55 54 21 69 76 11 95 86 91 31 95 0 3 66 70 2 24 40 26 50 11 7 83 68 62 63 
19 67 51 41 62 85 66 72 84 99 47 53 19 87 5 6 91 16 1 36 59 38 73 20 45 62 97 77 70 10 1 70 36 64 14 97 65 97 97 27 62 99 11 28 35 13 80 78 47 41 2 16 78 22 19 76 58 52 26 99 30 73 29 4 95 82 51 4 60 36 39 51 43 2 36 66 85 33 86 21 77 43 44 54 95 11 97 13 49 7 90 94 5 48 46 78 99 55 7 9 3 67 27 25 22 99 17 22 81 80 48 15 95 77 44 28 10 42 90 6 21 15 27 8 69 67 63 93 62 71 84 26 14 9 7 2 64 32 65 50 9 34 18 1 63 66 24 25 64 41 48 57 64 54 5 78 19 71 55 86 31 68 85 36 23 20 61 66 25 99 71 67 33 67 44 59 99 95 92 96 43 23 1 11 13 82 55 66 77 19 13 52 37 37 67 21 18 61 50 45 95 39 59 3 98 53 36 33 3 73 85 97 59 10 71 14 87 62 29 94 85 62 43 47 50 78 77 62 41 71 79 46 6 83 18 25 71 93 37 91 34 40 30 2 28 15 56 32 43 82 50 80 13 31 87 63 37 0 26 9 29 23 76 31 53 69 59 69 25 52 76 68 98 82 0 81 5 81 93 86 97 4 79 77 1 76 18 8 26 76 3 10 99 29 9 81 28 60 30 13 18 72 28 57 78 52 75 82 1 95 27 27 68 38 8 55 35 26 36 76 58 91 99 56 79 59 67 47 6 50 3 83 15 82 87 91 29 58 46 35 71 75 1 64 9 62 76 38 1 69 3 93 17 53 65 38 17 96 39 56 11 90 59 5 23 17 19 97 24 94 57 35 94 11 30 76 32 67 3 78 99 60 71 62 17 35 16 88 38 47 74 72 87 3 11 73 41 1 51 71 50 46 9 49 45 50 6 39 6 75 11 95 74 92 42 62 12 13 61 32 24 88 77 42 17 80 2 37 4 0 49 26 18 74 13 76 35 4 19 83 70 57 19 50 51 87 16 26 87 40 48 25 42 35 68 15 16 74 60 2 65 3 74 8 48 22 87 68 7 9 98 0 42 90 40 12 63 4 79 6 90 81 82 64 47 73 1 19 33 56 77 78 34 36 1 13 89 95 52 13 
16 80 76 76 55 96 38 4 54 22 97 57 54 35 32 89 4 86 11 32 91 94 27 1 52 38 5 36 57 64 1 50 80 19 28 35 24 78 35 12 71 23 2 64 56 78 77 89 22 78 19 58 99 93 54 36 24 60 52 21 34 66 2 84 10 6 14 36 43 60 30 79 60 66 31 75 98 11 3 14 72 85 65 6 54 53 53 8 2 62 47 48 3 48 6 57 7 38 58 67 40 38 24 66 59 20 54 45 82 38 83 99 58 94 46 37 33 12 21 44 63 61 7 55 61 84 76 90 29 51 75 93 20 72 40 58 3 72 69 49 53 18 70 45 90 81 59 9 24 25 1 99 87 69 65 59 77 77 33 61 47 11 45 34 63 7 81 6 21 51 89 81 58 68 88 13 96 64 39 99 59 54 55 83 66 53 74 68 33 88 67 10 76 64 16 65 55 79 54 50 91 23 99 8 29 76 98 7 64 22 62 15 72 7 90 79 39 70 26 56 21 84 75 90 10 75 53 23 72 41 18 52 24 84 10 72 47 66 88 46 56 21 4 81 64 62 22 32 52 40 22 52 58 79 62 4 38 92 43 1 31 98 99 82 89 94 50 77 53 90 62 92 21 9 65 54 59 26 79 27 88 83 96 17 26 73 89 22 12 65 35 35 98 1 77 67 76 62 7 32 42 64 32 53 52 74 6 4 99 99 94 57 29 23 41 88 61 89 90 58 93 89 19 16 43 10 57 44 47 59 53 92 92 29 10 60 48 11 13 67 18 34 17 58 69 89 60 12 41 94 74 53 58 52 87 46 28 44 31 45 33 75 37 73 24 54 86 92 3 60 59 32 75 8 15 64 17 20 2 64 96 67 6 70 25 82 12 21 48 63 34 91 51 46 93 22 43 59 46 7 71 85 10 20 67 31 18 44 21 62 27 10 55 31 91 12 14 96 41 75 65 36 94 64 15 91 42 91 93 29 79 24 3 96 61 26 34 96 36 31 32 58 4 98 34 34 75 3 53 52 19 84 51 91 62 64 16 17 16 45 18 97 15 16 82 30 19 28 99 83 22 87 15 28 65 16 19 64 98 36 41 45 13 90 68 10 77 50 46 61 95 82 87 28 18 93 40 27 57 20 
54 97 51 51 6 51 3 42 63 94 92 17 91 52 45 97 15 91 73 23 84 65 8 43 96 90 84 41 84 72 63 66 5 37 57 78 13 56 55 64 48 0 9 6 87 51 54 17 41 23 67 13 28 23 59 56 23 68 1 20 13 25 79 38 64 44 16 73 67 93 72 57 48 33 96 89 19 88 47 31 0 74 31 90 64 5 90 7 18 27 91 41 15 30 6 9 37 59 28 6 5 78 2 22 86 80 0 44 44 26 89 65 14 3 8 48 35 83 5 53 64 40 50 90 15 63 73 80 83 98 98 82 32 21 30 23 97 2 25 30 60 57 53 50 42 36 24 5 31 43 64 79 2 83 85 80 35 19 10 97 96 7 85 1 30 93 57 41 93 47 39 81 86 50 8 9 76 12 51 57 52 61 37 53 62 43 46 16 54 69 55 81 44 20 71 94 4 46 45 61 85 15 22 55 92 70 22 18 81 25 64 7 25 52 14 11 64 63 39 20 82 80 48 86 39 23 75 92 41 21 91 32 75 49 90 38 97 65 79 60 15 36 23 65 57 52 39 43 25 79 0 27 56 60 31 80 49 11 53 7 82 94 16 71 59 0 6 48 5 34 6 26 67 62 3 30 78 62 82 71 62 5 48 53 50 86 55 77 10 50 48 77 93 34 30 70 32 35 7 84 2 53 42 75 44 0 4 29 52 73 67 88 69 57 59 69 29 93 50 23 44 91 79 80 11 44 13 61 27 69 84 57 65 98 50 94 96 77 86 40 58 32 56 77 46 42 24 77 96 21 11 55 96 2 67 96 17 43 82 24 49 72 12 87 93 30 69 64 39 14 4 37 53 63 57 30 41 51 44 57 85 73 30 97 1 40 3 29 90 83 92 6 25 55 91 72 1 69 8 74 34 73 96 63 0 91 40 5 87 18 20 4 97 22 16 74 52 46 97 99 71 89 40 22 12 9 65 6 68 62 61 48 29 4 27 79 19 67 27 11 40 10 24 23 53 69 66 98 3 62 18 47 63 58 5 42 44 40 79 92 94 52 46 84 19 0 87 0 13 4 58 72 27 64 63 21 32 54 99 74 34 26 55 65 27 33 9 9 56 88 12 8 99 1 83 98 39 43 76 12 
68 32 52 51 50 94 18 88 68 1 71 47 62 53 70 69 51 58 93 55 2 32 5 67 5 38 84 32 69 70 4 55 77 59 88 15 28 7 85 4 57 1 93 60 74 75 98 30 15 45 27 24 69 32 42 87 42 30 17 25 79 55 93 21 54 53 30 84 20 25 57 88 2 97 2 9 17 73 17 89 75 57 54 0 18 12 93 10 90 58 55 60 68 36 18 14 50 35 79 48 90 95 71 64 46 37 28 2 65 18 41 73 87 99 11 50 23 55 26 28 38 43 58 40 71 86 47 27 31 72 79 40 49 11 4 52 92 5 97 47 26 60 27 58 86 73 81 23 64 88 73 27 7 63 9 54 2 48 18 70 96 30 70 69 92 64 76 82 32 5 99 10 27 3 97 66 40 18 90 31 42 51 14 5 18 52 77 45 5 55 98 59 66 59 18 22 51 45 3 26 36 98 58 97 25 48 27 66 91 31 4 29 93 14 14 43 34 14 29 74 39 86 0 70 86 54 90 10 79 79 40 29 41 17 17 63 28 58 13 29 26 13 39 94 87 35 42 15 20 82 75 78 75 91 39 48 70 69 65 52 63 30 97 21 84 58 92 30 94 29 3 32 1 55 13 89 32 76 15 9 76 76 85 4 82 36 73 97 83 78 97 24 58 13 79 35 61 7 59 66 8 16 82 38 56 55 40 37 30 27 60 9 44 79 91 70 48 40 86 70 81 64 93 22 90 29 80 7 95 56 20 71 10 56 73 48 53 29 56 72 45 69 98 90 91 50 55 75 74 28 71 39 76 25 69 42 56 48 67 86 30 37 99 12 49 40 37 82 57 42 3 66 78 31 27 81 42 91 29 56 76 0 79 95 70 83 12 70 20 27 83 98 25 64 82 59 29 95 92 68 62 1 3 64 68 20 62 15 71 11 23 47 78 39 56 79 70 99 40 7 36 91 74 66 88 85 62 23 98 36 33 50 11 72 28 94 69 34 49 83 74 67 86 3 26 8 45 43 11 63 30 93 40 56 92 58 45 30 35 69 10 58 45 81 68 59 12 73 66 24 45 54 17 70 66 54 54 28 85 70 3 59 83 24 75 44 95 87 53 82 74 72 96 16 68 76 82 26 63 5 
69 1 65 65 11 73 53 72 26 68 31 87 63 48 78 21 55 4 38 22 91 69 66 80 29 95 41 96 76 80 86 51 69 10 82 86 31 75 3 23 88 76 67 78 41 47 67 93 80 46 89 63 11 26 66 66 6 93 72 35 2 67 73 39 98 89 43 35 97 2 44 16 11 97 83 19 83 40 53 36 77 28 93 93 7 32 58 79 9 1 88 58 5 62 10 2 90 17 2 60 62 2 2 3 28 61 66 87 58 12 59 41 52 29 30 0 53 38 37 77 37 30 69 67 38 98 38 71 74 59 38 1 56 91 31 92 64 42 79 54 66 43 27 16 43 7 46 98 70 2 15 68 73 21 48 48 55 76 92 44 57 83 6 75 27 48 55 93 1 88 21 30 52 83 61 67 94 74 41 31 41 55 16 31 86 57 79 86 28 98 53 38 84 56 3 77 73 2 54 13 96 56 47 12 10 3 58 73 26 85 78 75 64 45 16 7 80 94 10 26 12 25 16 14 77 55 4 92 37 46 86 97 60 0 44 64 14 62 63 58 33 97 27 77 64 26 40 57 5 37 29 11 50 23 74 99 93 31 54 38 99 15 21 94 45 31 27 71 24 78 50 58 3 71 68 91 29 70 82 11 11 2 30 41 68 0 4 92 43 74 88 38 59 76 27 31 5 35 2 89 6 83 53 7 25 95 12 21 20 78 96 72 72 27 40 45 43 50 60 36 39 15 45 49 95 43 9 66 84 62 38 87 57 38 36 75 3 64 89 77 58 47 65 55 94 48 93 33 8 43 56 34 31 34 17 1 1 79 66 48 50 69 50 73 86 63 47 42 20 66 95 82 63 75 76 1 24 17 14 25 87 11 53 11 87 76 21 92 30 73 43 37 18 14 25 22 56 36 57 68 93 88 95 7 85 19 25 88 14 82 93 19 62 27 80 56 48 64 44 25 58 89 26 52 32 28 22 94 59 58 66 25 89 5 91 77 45 89 83 53 36 19 22 21 21 87 94 94 82 27 93 73 11 67 8 45 72 8 15 47 38 36 43 51 67 77 36 50 85 5 47 38 7 64 55 10 79 77 73 11 71 17 17 74 52 67 42 88 60 35 13 96 60 49 9 49 75 81 56 11 
94 50 49 49 19 13 39 36 5 53 86 65 21 55 0 51 29 71 37 8 72 67 64 69 86 63 44 33 77 38 76 97 73 10 52 11 26 55 7 9 13 1 96 49 32 36 86 27 67 13 1 94 98 15 48 83 87 20 1 14 29 76 41 58 78 59 66 28 16 63 95 17 82 46 18 38 29 19 48 61 3 64 29 35 62 54 22 84 46 19 13 56 82 91 23 1 33 15 18 14 94 21 87 44 6 75 59 9 16 19 76 67 66 41 13 32 8 99 33 97 93 14 32 71 69 16 10 78 48 20 31 63 48 83 78 37 58 91 41 71 48 12 98 61 45 43 74 74 79 92 80 50 0 3 5 71 68 29 39 58 22 80 43 92 15 68 92 33 41 5 80 3 54 84 91 97 23 63 65 67 32 82 23 48 20 33 42 90 85 38 80 53 9 78 22 87 85 0 86 44 94 71 91 8 36 98 54 33 46 46 80 72 49 45 37 88 61 30 78 29 86 18 70 10 62 30 9 66 14 63 91 70 96 75 86 97 21 29 24 22 91 27 24 61 9 81 87 12 38 28 12 90 19 94 46 43 75 27 51 80 46 15 44 40 45 79 55 85 41 94 5 1 92 22 95 12 66 10 36 75 14 21 9 90 23 86 36 54 16 68 70 66 65 55 18 56 36 22 36 75 8 23 58 34 71 60 6 65 52 89 91 52 53 30 53 54 98 9 47 23 16 54 2 67 42 9 7 74 9 64 69 56 65 38 89 84 86 19 19 70 50 82 55 5 65 23 33 49 22 7 28 26 97 6 18 58 72 97 95 36 77 66 80 40 61 76 9 76 77 64 29 81 1 65 11 90 1 46 91 2 60 35 6 1 34 52 83 94 52 89 87 21 20 23 61 56 53 15 52 88 51 11 81 81 65 12 31 5 40 24 67 0 33 55 4 27 3 6 92 45 63 91 74 55 43 1 76 49 71 73 20 90 25 65 87 29 10 39 47 76 6 95 7 86 90 47 37 9 12 79 26 19 94 72 93 34 6 90 48 66 67 38 54 60 24 18 90 44 87 71 39 74 28 79 32 68 92 14 85 73 65 41 74 88 95 33 62 23 10 2 10 50 11 94 91 94 70 41 84 46 
95 83 3 7 75 36 89 16 93 25 97 95 16 91 24 34 89 70 6 42 82 84 96 37 31 85 46 45 36 74 38 19 23 6 87 14 90 25 13 74 97 29 33 21 98 41 40 96 53 20 77 33 24 90 82 13 42 75 63 43 98 57 53 16 60 70 68 0 63 56 20 17 51 49 43 17 12 34 25 78 23 14 81 85 79 66 40 40 8 74 35 48 81 85 8 52 54 49 73 84 67 67 67 93 60 83 56 29 12 46 34 24 5 66 37 67 40 62 54 14 8 21 27 10 59 0 90 17 79 80 49 0 0 97 40 45 26 34 53 90 36 35 87 86 9 83 92 32 75 47 26 32 23 75 10 13 37 98 59 66 91 62 30 27 70 21 45 7 12 22 47 24 12 12 19 84 92 87 32 13 96 30 44 0 22 58 73 7 67 28 96 23 44 66 17 90 39 10 79 82 99 60 73 55 28 91 76 25 57 78 82 19 75 99 86 22 67 96 79 51 45 75 15 16 61 2 62 0 97 52 30 74 26 5 89 8 41 50 20 4 43 60 43 48 99 0 37 40 90 40 11 37 78 41 51 51 80 31 23 6 42 50 22 70 54 20 2 93 78 49 98 87 58 19 24 20 75 9 41 18 84 51 96 29 56 72 29 40 89 3 44 17 69 24 66 83 17 25 86 99 93 97 33 44 5 32 36 31 60 48 43 4 13 88 59 65 36 13 46 56 38 98 38 12 4 75 79 94 27 11 98 45 50 75 47 31 8 80 52 78 5 56 73 8 21 96 83 53 5 25 86 81 63 62 47 85 70 43 84 59 45 97 36 46 38 23 36 13 15 57 82 5 47 21 20 67 2 2 78 36 3 94 20 37 38 17 43 77 75 65 93 63 46 61 49 89 47 28 18 42 60 66 10 68 18 24 53 78 1 58 27 12 65 62 96 37 32 23 41 51 5 44 82 56 19 98 33 29 31 52 20 61 21 79 10 69 20 52 14 69 20 65 72 64 40 53 8 70 36 7 59 34 4 95 43 4 32 99 20 28 99 1 18 57 98 61 21 7 81 22 96 95 26 22 21 55 28 36 65 48 90 23 36 36 90 53 14 68 31 9 76 13 31 48 92 86 76 97 41 43 
61 25 61 82 45 82 7 8 35 75 15 89 44 66 6 6 83 66 79 89 52 48 93 10 15 80 37 41 23 13 83 29 38 85 62 82 34 18 6 2 55 0 48 44 33 23 64 85 40 31 7 36 90 79 85 86 12 86 65 9 88 11 1 88 23 40 74 51 59 17 95 6 51 39 17 33 23 60 71 80 52 62 87 97 69 60 7 94 24 55 66 34 87 33 87 12 73 53 14 3 88 70 55 90 20 40 25 53 84 15 36 26 16 37 71 60 35 20 86 52 63 89 46 27 54 9 65 61 74 39 94 9 14 66 89 45 24 86 84 25 72 43 11 46 6 83 95 20 45 2 59 85 51 6 36 35 55 12 21 3 83 0 83 26 2 35 65 52 80 15 46 26 68 26 68 64 17 92 73 53 82 58 38 20 16 54 18 45 89 36 95 31 11 83 77 76 66 29 16 2 90 53 42 16 20 99 60 38 92 58 98 45 13 10 32 44 20 88 93 93 20 75 62 65 62 20 41 86 6 42 58 29 7 71 46 22 50 60 32 68 23 89 49 70 33 88 59 19 48 48 54 1 72 35 65 60 50 98 11 5 6 66 8 53 21 86 98 97 88 47 50 47 40 40 59 28 23 76 5 34 79 24 94 32 19 77 51 48 77 5 2 64 77 31 18 2 87 19 47 44 44 77 40 47 80 97 45 22 29 16 15 55 99 49 54 26 13 94 22 35 60 0 80 58 33 52 42 87 70 14 6 67 30 84 83 26 73 70 70 20 87 96 45 41 85 55 12 86 37 21 39 16 10 43 9 62 0 84 28 42 87 5 42 44 63 75 81 48 77 56 78 31 14 21 2 46 38 62 18 89 15 54 61 64 99 60 4 7 92 2 63 92 40 59 91 86 76 51 11 24 48 67 29 3 72 38 47 73 94 11 93 91 15 85 4 77 99 55 95 94 89 4 3 83 43 47 8 65 49 32 46 21 5 29 12 50 97 63 35 55 0 25 89 26 26 71 13 1 62 13 40 62 32 0 53 51 6 68 72 92 52 97 91 25 2 53 64 91 95 46 50 19 82 9 74 17 25 28 6 7 66 12 85 58 98 42 57 22 29 45 73 88 41 48 65 73 87 48 72 41 
29 92 84 65 19 57 99 27 9 13 67 85 49 72 77 65 89 9 36 71 65 60 84 67 99 82 41 40 71 31 67 91 16 43 92 86 61 63 94 94 27 45 57 88 66 81 78 10 45 94 96 29 8 84 35 7 50 29 58 21 9 20 45 76 90 25 54 52 46 30 76 10 82 83 27 62 98 64 61 70 54 10 94 23 77 81 18 61 47 25 15 99 38 80 34 11 14 2 28 46 11 25 75 4 97 33 10 89 57 96 30 42 61 42 98 23 14 7 69 65 27 46 13 23 3 47 47 71 54 27 22 23 75 88 12 93 22 3 9 12 77 15 60 15 58 71 41 75 77 44 70 26 58 86 35 21 6 64 43 8 46 90 92 59 87 2 63 30 21 86 50 38 65 18 52 24 10 16 98 12 88 46 55 71 11 72 85 28 75 18 63 7 94 3 2 77 6 70 68 54 50 63 38 76 97 57 94 11 18 80 77 41 22 10 91 85 31 96 36 30 13 9 52 98 29 18 46 24 9 83 9 66 48 51 89 65 56 86 76 3 22 45 33 56 50 44 36 96 57 80 27 24 94 81 40 9 15 79 4 31 31 74 60 22 50 49 32 82 23 98 30 32 8 81 15 64 7 63 95 24 16 76 10 81 30 97 7 50 50 10 88 95 50 28 34 30 11 5 21 41 1 32 33 41 18 10 74 1 88 94 74 19 38 56 84 85 40 27 0 19 72 97 97 0 60 29 25 94 10 0 37 64 23 46 6 59 4 4 74 31 62 30 97 52 7 17 54 75 19 68 51 44 39 7 70 22 71 89 11 45 10 24 13 27 99 28 36 32 55 52 37 13 58 88 42 4 18 87 54 58 27 50 78 32 36 12 43 67 49 59 15 60 19 28 91 67 56 51 42 29 10 96 98 45 4 3 9 11 34 20 40 77 47 93 63 38 35 66 55 18 3 40 35 46 27 28 6 27 52 66 98 63 42 43 34 22 98 51 73 83 49 65 91 45 44 16 0 82 28 54 60 53 75 69 29 2 31 38 80 78 56 35 17 5 45 19 73 41 72 2 57 74 58 1 72 63 97 62 5 20 35 23 47 74 57 81 25 39 14 0 46 29 1 2 42 41 71 54 72 86 
4 14 17 26 46 51 31 63 52 56 32 85 92 51 91 70 49 34 40 95 63 3 58 68 47 42 41 39 78 79 7 82 82 90 70 23 53 28 40 49 20 96 12 9 12 33 67 37 80 1 40 68 13 36 40 39 67 39 62 54 68 11 80 5 57 78 25 63 39 93 65 7 92 96 73 15 53 34 0 5 64 40 70 70 27 90 67 59 29 95 70 4 83 32 4 38 54 5 73 68 87 44 73 99 23 62 96 17 27 48 98 20 13 34 81 48 36 80 60 63 93 37 90 7 78 77 71 72 84 74 18 52 38 7 19 74 98 1 52 17 54 96 78 0 69 75 20 7 62 57 71 18 21 45 40 14 33 76 41 30 70 94 93 92 80 96 31 41 62 67 22 96 20 55 36 51 31 98 33 7 3 50 4 12 91 15 48 41 25 37 79 35 76 6 74 48 65 1 50 30 72 50 65 71 11 22 24 69 48 94 58 30 95 21 67 30 81 99 24 66 12 4 42 27 91 64 13 66 33 74 42 95 84 49 9 62 71 55 10 31 50 5 73 73 20 23 21 36 52 62 16 17 95 97 18 31 21 4 65 31 64 84 81 7 5 61 97 87 77 34 66 72 15 41 77 63 70 79 13 84 53 57 65 11 69 1 11 62 65 30 20 52 98 1 39 22 62 32 60 81 2 91 79 89 85 76 20 60 56 76 42 64 9 42 56 91 76 57 33 48 14 98 48 42 20 4 56 61 6 72 28 10 21 6 51 77 31 55 33 72 98 63 56 9 60 40 38 40 66 99 3 33 64 21 12 20 53 78 94 14 57 95 46 43 80 39 86 18 5 53 43 15 40 96 38 26 4 2 34 11 75 34 79 90 37 86 82 85 84 74 63 63 12 44 30 61 59 38 33 15 63 4 37 49 87 39 61 34 46 90 18 43 31 45 75 10 34 0 10 26 30 92 21 94 74 67 35 4 78 24 57 99 81 52 6 13 83 12 62 14 45 11 77 15 72 10 42 0 71 65 32 94 53 27 52 68 73 40 1 43 23 83 21 43 3 7 42 93 25 99 53 85 60 36 47 97 89 38 30 78 61 52 73 30 88 82 9 38 59 8 12 77 51 71 42 18 21 89 11 12 
81 85 45 1 77 8 36 40 69 5 15 60 51 79 77 84 44 15 88 2 42 60 92 11 20 22 70 92 4 74 75 93 30 14 1 43 33 59 44 99 34 85 95 56 34 63 39 21 51 14 88 35 52 0 54 65 67 98 62 31 67 45 84 64 47 54 91 42 6 14 19 59 97 98 70 9 18 0 48 81 15 24 98 9 16 21 29 48 44 85 35 12 79 70 86 66 85 90 68 59 35 24 5 7 31 5 42 59 36 4 58 48 70 54 43 42 0 76 50 48 19 62 93 8 41 33 99 99 64 50 37 77 59 46 9 73 50 65 76 66 5 48 90 35 91 47 8 43 11 25 20 67 51 2 52 72 30 56 49 35 18 65 38 63 46 36 1 36 33 88 43 82 95 30 68 77 29 33 28 88 21 84 24 43 78 86 61 8 9 2 36 88 38 63 44 7 86 6 20 40 22 65 26 57 9 92 85 53 81 16 52 5 48 23 96 72 17 19 3 46 27 16 52 58 86 45 89 95 67 62 17 67 34 93 72 91 71 75 86 76 17 89 70 16 86 35 22 67 47 92 7 10 22 20 53 72 65 69 14 17 71 20 56 91 21 28 89 87 83 92 87 9 51 73 68 97 91 84 43 69 12 43 50 8 32 2 17 65 76 74 29 46 98 5 9 52 48 93 73 65 26 56 98 6 63 29 36 94 28 35 45 44 73 25 87 35 51 50 2 31 53 40 24 12 5 21 59 50 58 72 38 6 5 65 83 31 97 56 88 7 85 25 21 56 47 78 4 47 62 76 34 11 37 98 85 44 66 76 69 17 7 14 47 30 27 23 2 13 15 94 87 34 32 43 89 3 63 4 84 28 48 21 82 65 95 20 46 3 19 81 4 52 4 96 72 96 92 89 45 98 56 26 97 35 53 65 82 28 44 54 43 98 39 77 45 99 61 75 64 56 75 51 93 52 78 72 10 73 29 63 45 1 58 84 4 26 55 80 55 78 85 3 87 95 22 93 33 28 85 6 24 71 85 22 42 70 80 79 50 1 52 68 96 27 23 17 89 8 57 2 83 95 83 52 94 89 62 49 28 50 71 40 68 11 19 72 55 4 75 1 28 78 70 92 95 68 49 88 86 51 
73 4 61 1 60 9 74 19 12 71 36 75 56 53 23 36 98 7 93 79 49 26 10 27 77 61 31 70 99 2 63 15 21 3 76 16 23 85 63 32 75 34 86 83 27 80 16 47 56 76 65 0 3 11 81 90 73 71 11 91 58 98 69 2 96 80 56 86 44 77 90 54 53 83 23 28 30 73 89 83 95 93 86 37 3 12 85 11 70 66 88 79 82 5 44 59 55 14 25 89 50 67 5 24 4 21 91 61 37 33 33 61 92 87 7 41 34 63 33 59 43 34 98 37 28 68 37 90 76 56 42 67 75 10 82 15 86 99 29 54 19 28 53 50 55 52 2 71 9 53 47 6 3 50 31 28 15 38 23 53 61 49 4 16 8 50 23 91 59 0 10 68 42 43 25 6 50 44 21 5 76 64 57 67 42 26 61 52 48 35 99 34 11 70 53 82 28 96 82 49 87 53 37 58 5 36 65 2 75 88 5 3 60 59 77 11 77 83 61 64 72 50 64 77 34 73 18 71 99 47 41 50 69 28 29 60 70 48 21 68 72 9 63 99 67 53 90 53 5 78 77 68 51 4 46 18 49 94 31 1 61 13 45 68 51 37 39 68 73 81 67 53 52 44 40 62 4 52 99 30 29 57 15 33 72 44 30 70 76 99 91 79 66 80 15 52 73 67 47 49 39 71 73 21 48 50 95 0 63 65 61 88 53 38 94 16 70 51 51 93 2 28 40 33 39 54 22 37 40 87 53 76 9 89 22 48 0 56 86 71 69 3 16 13 54 53 25 87 83 34 92 94 87 25 47 63 4 28 59 47 17 44 99 37 50 13 93 23 6 41 59 85 0 16 25 45 2 68 71 78 0 45 81 12 68 21 76 39 11 23 15 7 16 16 83 64 98 37 77 60 93 33 16 30 31 48 8 17 49 46 79 13 52 26 73 96 17 51 30 57 32 68 21 51 78 72 46 96 64 47 83 97 24 85 99 9 44 71 98 32 50 93 18 40 41 89 44 68 74 0 58 83 24 72 18 41 50 49 41 81 60 52 62 53 30 54 88 68 37 3 32 72 24 56 32 51 58 86 88 4 30 45 4 97 2 77 20 65 96 20 38 69 88 77 91 77 87 15 18 29 
19 96 48 57 11 32 74 30 6 43 43 69 68 3 23 34 4 62 22 71 12 76 41 35 53 16 99 6 72 20 54 42 64 26 13 40 56 1 43 83 74 59 18 60 87 20 29 67 66 65 44 5 21 60 61 62 50 94 36 57 80 94 77 41 98 39 64 32 14 87 40 7 51 46 63 11 59 87 60 29 53 56 42 67 2 89 38 13 12 94 4 70 98 41 75 2 80 20 40 42 40 12 91 80 7 83 6 64 76 32 49 79 30 90 49 42 83 7 85 36 19 12 86 78 92 60 34 39 82 10 0 19 9 56 64 76 92 59 44 4 72 43 11 20 2 44 3 13 2 31 84 43 2 10 49 39 18 88 65 19 3 91 36 70 37 91 62 33 96 51 15 38 48 84 24 26 79 14 97 14 10 53 63 87 93 13 8 23 2 8 90 81 61 25 77 85 23 28 84 4 15 96 51 90 45 86 0 62 54 35 26 72 91 21 89 21 76 60 10 94 22 3 15 33 32 59 43 68 14 0 76 30 4 75 29 29 54 23 49 55 5 56 67 33 89 77 28 67 40 45 46 10 58 9 93 52 1 25 63 25 77 6 96 92 48 79 19 60 60 84 76 77 21 59 83 94 22 62 44 5 77 35 70 62 89 97 4 11 38 75 65 26 97 7 66 14 8 17 66 77 39 61 86 40 0 40 23 80 52 68 61 74 33 77 93 49 65 68 87 56 47 90 43 12 86 81 21 17 32 48 15 75 48 42 36 61 9 51 17 94 60 43 6 35 43 12 37 59 18 83 51 12 47 84 97 9 52 62 32 6 19 44 97 35 39 71 30 17 30 10 90 44 83 90 47 95 80 77 31 6 72 98 29 34 56 66 24 23 4 28 11 94 23 59 82 90 91 32 78 35 48 81 54 56 52 45 45 41 23 97 38 82 73 57 47 82 84 4 26 18 43 45 97 13 4 92 31 5 76 39 46 79 49 80 16 64 37 55 25 43 77 53 5 72 25 62 42 41 61 95 58 49 69 35 47 7 88 66 97 44 25 25 97 44 35 57 80 3 57 89 56 61 15 25 25 42 88 70 35 53 81 32 53 46 36 94 74 27 90 80 68 70 67 49 76 25 39 64 65 62 
28 72 24 89 71 55 73 30 48 75 22 86 97 61 89 18 82 47 44 1 64 48 14 71 54 71 82 91 19 95 56 70 55 92 11 87 78 8 56 87 72 10 20 70 83 77 12 86 16 35 96 37 43 7 96 20 50 75 6 53 21 25 32 1 49 25 96 46 17 32 51 51 87 36 71 21 94 86 23 37 55 36 54 13 35 50 45 25 55 67 43 76 1 33 18 67 55 81 50 54 11 13 18 75 61 40 88 41 33 59 74 62 4 58 28 45 82 41 82 18 99 94 52 34 38 74 95 1 96 78 8 89 85 22 58 28 40 12 42 8 57 84 48 65 84 0 16 79 88 30 24 51 96 25 94 25 80 71 45 12 92 81 83 28 76 10 72 44 73 67 27 56 27 86 44 18 81 60 98 73 68 66 28 2 54 57 16 23 89 26 73 19 56 43 53 76 73 50 77 21 61 19 42 61 71 20 66 40 2 8 44 49 23 80 28 65 41 1 85 21 27 9 0 43 36 1 27 37 59 59 87 74 20 30 26 5 98 61 74 78 0 54 46 5 18 70 32 90 17 92 84 49 3 9 69 38 21 39 28 88 62 12 11 31 56 27 69 4 56 38 97 70 77 21 37 1 77 94 26 4 9 15 8 93 74 11 15 51 98 16 15 95 73 38 73 82 66 95 17 40 11 99 62 90 12 97 40 82 11 30 9 78 0 85 97 67 74 37 56 2 48 5 81 86 92 9 44 20 42 23 53 45 33 8 77 23 8 59 15 61 82 63 44 45 34 68 94 66 88 65 43 38 3 1 97 64 67 36 11 3 71 71 33 15 27 50 42 12 37 40 41 69 65 58 15 51 93 41 90 40 88 92 59 52 89 11 4 35 98 25 28 21 86 44 43 91 39 85 5 25 64 74 51 82 74 86 17 30 59 43 11 10 59 14 36 92 59 8 15 67 51 45 12 7 23 87 68 47 16 45 68 98 9 99 8 76 49 15 51 80 79 69 88 57 25 37 43 43 29 22 7 4 68 90 56 69 65 71 21 23 92 81 47 53 59 6 28 21 41 59 72 27 50 60 18 50 46 72 91 65 95 16 80 95 50 50 66 2 52 85 46 30 88 9 79 83 20 9 20 60 
82 94 15 49 8 89 5 28 92 22 50 7 75 62 87 9 52 90 94 28 53 95 86 93 97 9 67 89 30 67 2 71 34 35 32 57 40 13 92 83 63 14 22 97 33 43 79 9 20 67 83 11 40 5 64 41 0 53 6 33 90 37 53 47 10 62 90 66 32 6 72 50 68 84 22 85 46 39 72 56 43 91 84 1 18 27 60 47 12 79 0 44 10 56 47 24 29 31 71 14 79 32 29 29 66 53 22 73 20 70 92 52 66 7 88 38 76 66 95 60 97 9 75 52 65 12 40 12 6 92 30 81 23 52 72 95 81 86 80 98 49 5 8 17 88 3 57 89 49 44 62 79 36 63 91 62 10 35 23 66 3 99 51 7 9 60 64 61 55 47 9 33 21 77 67 4 40 46 28 80 37 24 90 41 12 50 66 87 86 74 39 91 69 25 3 62 40 68 19 79 32 37 41 46 9 34 87 68 10 45 21 57 40 84 19 93 31 2 79 51 56 91 63 58 55 71 57 78 55 39 42 72 60 69 35 28 2 23 21 93 54 24 12 30 28 78 37 29 75 65 62 57 58 5 93 90 6 49 97 32 71 19 67 42 54 96 6 64 5 29 41 45 41 69 69 26 90 37 35 95 52 50 4 35 95 95 97 15 4 71 25 81 77 64 86 78 46 8 33 63 34 25 75 58 77 87 66 43 59 14 32 80 10 83 3 30 9 36 50 38 93 97 69 74 52 24 23 48 94 73 44 66 77 64 2 88 54 13 20 6 70 23 23 39 49 54 61 38 70 30 51 7 17 31 77 2 93 43 26 21 19 91 73 71 61 74 16 10 53 10 17 82 25 61 58 54 88 81 37 71 97 82 45 39 19 3 69 20 52 33 50 14 71 10 60 68 87 45 14 50 15 23 89 23 23 46 20 94 51 44 29 16 21 86 69 1 44 9 47 81 86 27 31 61 92 43 76 50 49 34 91 49 90 38 70 53 8 86 80 53 9 49 89 37 3 49 5 92 57 86 74 61 0 7 27 83 0 93 53 84 48 64 59 6 14 38 22 49 94 88 41 26 70 60 88 9 64 60 2 2 9 73 2 65 76 60 96 48 73 39 37 43 17 17 34 28 94 19 2 4 
92 13 81 64 35 35 67 30 70 94 71 35 22 10 34 17 37 34 93 20 25 76 89 96 95 85 51 69 26 2 39 31 70 31 86 14 91 26 99 44 91 37 36 59 18 89 73 24 63 68 12 90 14 90 24 74 55 98 13 98 92 26 50 16 45 74 81 34 5 81 56 3 82 39 32 6 66 47 47 84 78 63 19 58 58 76 11 87 90 85 39 84 90 83 74 74 4 31 5 10 27 31 73 39 15 58 79 0 72 88 49 26 10 57 98 14 8 20 65 82 41 86 0 31 41 35 17 14 47 8 12 63 86 76 31 69 7 52 63 90 40 55 75 21 91 60 80 88 62 32 95 89 55 90 54 69 52 72 97 4 85 16 15 80 5 67 56 19 71 90 30 48 58 65 33 76 35 26 61 56 46 25 79 38 15 21 93 72 82 43 85 97 15 61 62 0 25 47 1 90 29 51 33 24 61 92 11 39 24 87 41 55 48 15 32 91 55 45 95 11 96 75 56 33 94 80 5 42 92 7 35 34 20 31 78 77 84 89 60 52 64 26 46 1 11 97 20 65 30 2 88 54 73 74 96 6 50 39 23 75 80 60 56 37 6 79 50 20 69 42 75 97 59 90 95 43 80 55 87 86 73 64 39 68 22 82 89 45 20 11 0 7 83 26 79 63 7 52 92 46 75 71 1 75 21 99 26 88 3 82 45 93 60 10 12 55 99 87 62 48 16 65 55 66 78 83 93 82 8 51 79 91 9 16 99 99 38 2 54 49 10 92 56 51 7 0 76 37 11 48 93 72 92 69 95 39 47 54 21 41 14 40 13 46 22 98 33 19 63 95 41 97 68 57 18 68 68 91 57 66 30 11 96 64 87 25 37 57 37 47 31 68 21 43 35 80 72 88 54 82 41 65 25 10 3 53 57 51 89 73 40 74 17 21 53 88 81 83 23 30 41 42 5 84 14 24 60 44 25 54 61 50 13 68 18 50 91 67 88 60 29 23 97 71 2 95 58 41 71 93 69 26 40 76 79 51 20 24 51 29 16 80 98 13 78 95 36 47 34 31 19 68 61 64 61 30 0 55 19 85 94 5 44 85 83 59 59 40 39 20 83 61 38 1 64 24 49 43 82 40 
91 41 50 1 25 35 43 15 7 51 93 6 10 90 22 88 61 9 94 33 41 55 13 42 40 89 27 75 5 18 20 62 6 39 86 52 4 96 25 97 92 16 31 35 48 47 82 0 47 68 0 81 74 46 24 15 63 15 89 76 18 25 56 72 57 7 98 15 47 49 21 68 99 76 61 97 12 70 30 92 19 21 84 97 27 73 82 17 71 82 17 77 8 51 36 82 85 8 61 75 48 11 27 45 44 64 13 30 75 84 57 71 22 54 91 89 74 63 13 62 28 27 0 35 55 20 17 6 77 77 57 69 35 80 0 0 89 3 40 35 19 61 45 52 30 72 61 99 52 86 48 0 61 67 65 24 32 11 94 6 9 12 26 15 77 18 92 0 12 82 68 36 85 92 4 45 13 35 72 98 3 84 12 70 86 53 8 45 77 89 24 8 37 27 75 39 0 37 6 46 56 15 41 14 24 74 85 63 27 60 19 3 80 13 59 49 76 74 76 2 24 73 76 74 61 41 34 58 72 78 7 31 17 51 53 90 75 73 65 31 73 84 29 83 32 45 7 48 14 38 81 44 0 98 78 17 66 61 45 44 15 44 81 8 77 61 57 39 99 98 21 87 72 53 48 72 49 98 72 12 60 43 1 60 36 33 88 63 33 5 58 51 82 20 73 85 4 58 37 13 8 48 44 14 79 59 72 10 14 89 24 12 41 92 92 32 81 87 74 9 32 70 92 76 69 62 41 68 93 93 21 41 76 54 39 22 8 23 93 86 74 6 34 56 84 17 71 43 39 98 80 28 63 31 88 17 84 3 85 20 54 79 68 9 87 96 57 37 45 11 71 15 26 13 85 73 81 73 29 16 70 11 68 51 97 91 95 17 92 13 82 57 64 61 98 93 76 3 42 18 85 60 7 19 8 42 94 72 7 18 37 22 66 28 53 83 20 27 92 65 2 60 81 92 18 78 39 2 21 43 73 24 82 81 84 56 13 22 49 91 90 25 60 43 57 74 27 0 98 68 41 20 97 16 18 91 51 39 1 22 89 29 32 20 72 25 96 91 63 81 52 70 4 58 98 21 62 99 52 12 43 46 37 19 49 1 71 69 45 31 44 56 43 4 23 35 56 13 98 20 
97 75 19 83 47 37 0 21 33 16 51 7 96 88 16 63 24 40 69 72 55 79 95 50 14 83 95 48 32 69 19 96 98 21 67 92 4 99 28 29 63 23 28 27 5 89 66 79 52 67 7 82 59 49 25 54 33 39 48 5 44 50 35 93 63 25 55 48 31 17 27 52 65 58 82 16 94 4 56 79 60 15 8 89 94 3 1 81 55 44 96 22 50 30 44 2 11 17 72 93 47 8 18 65 20 1 53 5 86 29 63 52 28 74 93 6 60 62 9 3 65 1 54 52 47 33 63 64 75 52 53 93 64 17 30 33 64 49 58 63 78 59 76 1 64 46 91 60 36 71 98 46 75 98 74 82 84 33 1 96 47 6 1 15 77 83 76 10 55 4 3 76 62 39 63 35 22 27 60 43 96 24 44 41 72 70 33 12 71 82 83 59 47 85 41 56 66 85 37 83 31 86 59 86 89 83 56 32 24 32 56 94 74 49 50 45 85 62 7 27 68 49 20 30 79 97 45 0 59 47 82 76 26 50 69 27 10 56 26 9 94 55 76 78 35 45 44 40 7 77 89 75 58 10 9 16 8 22 94 50 10 45 27 81 49 21 79 94 10 31 5 58 33 66 60 65 39 55 49 84 23 9 6 2 13 77 16 29 74 74 27 64 7 15 42 28 77 69 22 79 18 63 38 25 24 98 97 50 37 51 67 14 43 89 30 35 86 2 18 78 85 68 55 78 29 39 67 83 33 38 34 48 65 30 43 23 79 95 92 75 42 25 4 71 52 3 5 90 28 71 86 80 17 19 15 81 2 96 7 34 17 79 42 34 56 89 21 45 28 20 96 30 61 97 13 79 15 11 59 61 48 2 80 66 42 14 62 93 79 22 86 75 18 91 91 17 49 77 99 64 60 57 27 21 17 60 64 85 31 19 82 83 79 69 97 67 72 27 86 13 35 35 65 93 34 26 99 27 44 99 76 15 6 45 13 57 71 60 31 29 25 10 58 47 2 80 83 1 51 92 96 29 85 23 56 78 69 35 49 4 32 66 20 69 27 69 42 13 2 98 81 87 90 23 62 48 35 92 14 12 67 54 2 78 14 25 2 14 72 93 53 54 84 26 76 51 86 0 48 51 
97 83 37 62 72 78 66 45 59 94 65 40 23 42 83 55 24 49 84 49 28 41 86 90 47 11 99 62 44 26 33 40 21 64 57 33 20 92 24 61 61 9 32 2 52 68 1 2 56 25 22 30 24 64 72 28 37 45 9 38 68 71 88 97 72 32 32 42 43 49 20 41 85 63 6 77 16 78 32 31 63 33 36 35 17 92 29 61 12 76 13 95 59 99 63 17 30 47 50 55 22 31 27 92 63 68 69 64 36 85 19 70 71 28 77 68 78 83 31 87 96 5 2 85 54 22 13 30 15 97 64 13 90 21 51 45 10 54 34 42 90 41 86 33 75 97 94 66 37 13 18 99 23 58 69 91 15 12 64 78 1 4 8 84 72 29 27 24 96 14 57 36 89 25 90 38 7 87 4 86 63 62 92 12 26 22 71 59 59 52 73 37 90 41 51 14 44 37 63 32 2 99 44 38 36 45 5 22 50 71 57 86 27 66 96 74 28 11 43 82 66 49 65 6 90 40 66 77 19 4 2 6 10 65 16 96 32 10 93 26 29 0 12 62 67 36 84 51 21 91 31 27 69 14 53 7 59 56 44 47 75 62 55 10 97 12 94 36 48 60 12 9 50 64 15 75 89 82 71 83 94 86 11 77 72 23 21 43 93 74 25 97 7 77 83 48 3 75 68 51 40 71 57 93 19 91 58 14 85 37 97 31 70 93 63 29 7 78 39 63 13 59 91 23 35 26 34 58 2 43 45 21 57 85 25 38 80 71 78 25 70 97 83 35 33 19 23 89 50 70 19 1 35 84 6 79 63 17 8 28 68 5 80 78 94 28 98 23 92 90 77 71 94 16 3 33 32 96 42 31 69 11 96 94 40 57 36 30 14 48 96 27 10 73 12 44 62 85 50 91 27 75 97 94 42 11 21 18 2 83 56 94 8 84 67 64 96 46 83 78 67 83 13 40 34 3 73 79 50 80 30 65 9 69 81 52 2 96 81 27 76 70 10 40 48 41 24 43 65 13 91 29 54 36 45 35 98 11 15 73 93 11 37 2 2 52 32 36 46 4 31 43 16 40 51 19 39 64 2 10 12 92 59 37 27 72 0 62 72 0 41 10 5 43 29 85 83 80 47 0 
40 23 11 96 29 80 9 63 67 61 79 40 14 67 27 76 61 69 21 72 26 59 31 12 67 12 33 28 35 70 44 55 53 67 51 48 89 5 66 18 3 28 77 36 28 70 59 32 52 1 68 98 79 12 50 15 10 91 63 79 88 95 90 35 31 70 80 83 99 20 60 40 45 21 52 89 58 93 64 49 17 41 10 59 10 79 33 24 52 99 46 51 95 98 35 65 94 64 81 9 73 15 4 57 26 57 8 68 3 99 67 23 24 45 93 88 24 14 18 91 66 47 48 13 92 52 47 70 71 94 40 24 18 85 55 15 54 92 33 27 56 0 51 53 81 98 11 89 98 5 48 33 64 61 52 70 91 69 40 55 67 79 81 2 32 64 55 83 45 90 0 47 32 99 78 84 2 42 94 59 49 91 81 41 79 6 19 7 83 46 48 31 52 2 37 43 28 44 82 38 90 65 92 33 71 82 62 48 98 49 12 55 73 30 8 14 44 90 34 72 9 94 84 69 50 82 86 5 27 59 50 57 88 36 67 92 21 9 76 48 97 55 48 74 96 83 34 97 1 75 31 38 84 67 91 27 54 30 39 90 68 14 36 70 92 86 24 39 32 87 69 39 98 94 36 69 60 60 24 47 92 16 47 49 45 55 40 51 0 75 3 99 63 9 8 4 55 32 21 55 85 28 79 90 32 50 48 4 82 88 54 39 61 18 86 91 91 60 20 7 85 17 51 27 88 66 27 31 21 2 66 86 45 3 63 71 92 69 87 56 7 66 45 32 21 49 13 6 63 59 39 83 59 15 42 79 64 24 45 62 44 77 61 40 44 80 89 61 11 29 87 87 3 92 10 10 25 40 54 56 73 43 98 39 9 81 43 58 55 30 77 13 13 91 45 52 4 94 39 60 95 69 95 34 4 25 54 47 47 26 43 16 35 18 57 90 89 57 32 48 88 67 22 51 69 51 13 23 0 97 31 81 64 62 20 3 31 69 85 20 46 4 94 34 64 73 79 65 91 41 21 4 28 10 33 95 66 2 71 36 44 90 6 94 8 14 85 72 35 97 52 23 52 48 65 88 85 50 62 15 61 53 35 20 39 77 3 44 77 59 90 0 86 92 54 27 49 98 39 26 
82 73 80 28 19 72 48 64 45 47 7 44 66 62 72 69 28 53 73 54 85 40 66 47 14 38 61 2 67 96 79 44 43 36 3 98 72 80 64 94 96 5 85 19 50 79 38 17 59 58 43 76 38 66 99 30 19 84 29 43 37 25 80 98 30 34 31 20 95 47 33 57 44 86 49 65 44 77 58 80 58 4 38 36 57 72 67 70 44 65 79 19 79 66 49 83 86 12 87 71 79 89 2 62 52 3 96 8 76 55 47 51 11 97 1 68 82 8 44 27 48 87 26 86 80 91 17 86 18 4 7 43 64 95 1 16 48 3 15 40 39 78 78 79 84 44 96 96 98 22 7 3 35 14 44 61 8 68 54 49 92 43 87 2 73 30 66 1 11 42 62 58 40 71 77 4 80 35 56 32 19 51 7 61 16 55 19 35 33 79 89 56 3 15 65 91 60 35 27 63 94 81 32 51 52 93 4 6 32 86 18 56 57 40 54 16 44 95 72 72 25 31 30 9 68 11 59 8 5 28 65 32 52 21 94 92 73 67 14 78 75 51 11 44 37 80 93 88 49 7 67 95 40 55 35 52 50 81 53 8 56 8 15 30 97 21 62 73 89 38 46 57 1 6 62 57 24 7 78 98 99 37 71 2 58 6 72 0 7 70 93 80 68 32 12 75 72 60 25 9 45 32 76 17 89 43 86 24 61 37 58 79 86 2 54 33 84 99 83 64 8 98 44 17 11 25 9 16 88 86 72 16 88 73 44 70 26 96 57 47 6 53 38 82 67 7 14 11 86 7 71 20 95 15 98 50 20 60 46 37 28 63 73 41 68 78 8 57 77 0 6 67 19 40 46 15 92 2 69 95 67 4 34 44 69 17 82 24 46 84 16 73 7 45 88 57 30 27 27 55 63 33 36 78 88 23 93 54 43 69 68 18 8 94 69 8 28 28 75 83 59 76 25 98 52 20 51 58 64 16 40 86 20 77 44 12 24 38 60 81 37 81 47 24 31 72 49 64 31 13 71 14 65 89 95 79 50 38 41 79 35 85 26 2 81 23 36 8 80 69 58 34 8 87 90 49 89 62 60 42 29 63 52 72 30 54 39 86 67 3 29 61 65 3 44 18 79 36 37 34 
1 20 53 81 37 0 84 84 51 49 60 13 13 45 43 63 75 10 5 41 5 30 34 1 44 51 27 59 93 74 32 85 95 24 36 15 26 71 97 66 40 29 21 16 55 77 29 39 75 85 23 27 49 79 14 37 10 58 87 35 14 27 87 34 45 27 38 92 73 74 15 77 20 53 79 86 14 91 35 4 58 33 3 66 48 16 25 35 48 9 57 20 87 81 77 92 37 58 86 76 89 56 28 84 89 95 26 71 77 54 2 3 8 30 79 85 1 49 91 95 68 29 49 21 57 7 76 64 12 53 95 31 97 41 72 37 35 64 56 52 42 49 66 54 99 57 12 43 95 29 65 74 43 31 22 86 55 31 10 12 22 62 57 62 29 73 74 49 62 20 85 72 6 14 8 43 80 49 15 55 15 66 72 31 5 63 33 22 37 99 96 38 96 0 15 98 91 84 35 91 40 65 84 13 91 69 24 34 39 3 37 1 57 9 82 17 37 49 94 70 93 18 9 76 79 64 68 36 91 63 87 85 90 74 48 60 23 75 19 75 12 86 12 56 78 60 47 40 49 63 72 45 31 18 27 33 3 41 98 15 48 62 25 59 81 33 65 98 79 5 92 16 15 11 62 41 66 14 44 38 60 78 99 86 15 33 69 93 74 36 94 20 11 13 13 72 12 88 21 65 86 69 0 36 15 87 79 81 42 68 77 44 58 45 39 53 18 62 62 53 37 17 61 24 81 13 7 75 72 86 46 58 93 90 87 78 92 4 56 63 81 53 50 98 50 55 93 92 73 11 95 59 82 28 53 51 16 11 14 38 99 11 1 45 11 63 80 79 22 48 27 33 89 18 61 36 85 26 4 0 25 16 27 98 22 3 98 26 48 18 20 89 40 33 22 55 42 70 14 78 45 60 12 81 66 22 98 94 55 9 96 57 33 40 69 17 47 52 25 45 14 0 74 81 61 98 59 83 93 89 78 54 80 11 62 73 95 40 63 31 98 93 57 3 63 50 50 78 86 4 85 56 67 35 0 29 88 26 36 66 67 16 15 30 0 86 36 60 65 49 31 28 31 11 1 74 53 34 93 9 90 65 60 21 87 87 49 11 48 1 6 68 41 88 16 82 98 46 79 49 
44 97 31 79 91 36 39 58 22 32 86 58 4 59 89 97 87 42 37 76 33 19 82 13 37 17 15 41 37 30 47 58 94 94 55 68 94 46 52 33 99 14 16 70 23 80 98 14 88 74 55 64 5 10 20 88 20 63 27 28 97 9 32 13 91 5 19 99 26 5 45 73 29 98 45 34 73 52 75 52 16 0 85 32 7 54 52 54 44 22 52 99 31 58 31 58 87 73 2 50 8 68 31 55 50 18 91 72 70 42 32 10 70 41 66 63 88 84 71 83 76 97 46 9 61 55 2 31 14 61 46 45 10 65 47 69 88 10 86 40 68 86 72 3 10 8 28 54 75 95 47 63 17 56 33 7 53 91 88 24 29 63 41 96 30 11 34 57 85 30 15 88 91 5 0 91 29 28 75 47 46 99 79 10 25 31 50 63 63 80 77 75 87 66 19 52 22 39 93 67 66 63 6 64 48 35 46 51 80 47 11 62 70 52 48 90 43 38 96 77 0 49 31 31 45 57 52 41 64 90 37 16 94 64 98 64 46 69 30 21 98 18 57 33 18 22 64 31 52 56 31 10 79 12 79 92 93 93 38 88 56 25 84 60 14 10 59 41 69 68 35 43 81 38 45 64 67 22 40 11 25 69 57 86 63 63 87 97 95 61 63 72 82 41 75 21 33 34 82 78 0 99 2 26 68 10 19 54 51 43 78 32 86 91 85 72 54 90 81 97 13 46 55 6 68 73 37 4 4 74 92 82 20 59 88 35 23 76 9 42 1 12 30 76 22 53 72 58 35 18 72 46 34 33 91 3 69 16 25 74 16 21 74 75 85 76 46 31 34 93 81 71 37 67 15 35 24 34 29 24 39 99 77 18 55 22 15 90 17 40 15 73 51 83 19 57 93 73 50 73 89 2 90 72 55 47 33 35 13 92 74 74 85 77 0 16 19 45 32 76 37 41 95 26 62 99 1 46 63 81 27 60 13 99 95 18 97 49 52 0 17 40 72 14 19 67 99 17 45 73 30 76 58 51 3 24 59 76 40 59 34 47 79 5 40 88 99 94 60 31 43 42 0 76 10 9 50 10 3 42 28 80 44 69 29 7 6 17 86 89 79 25 67 34 34 77 51 50 78 76 
54 6 44 25 62 44 92 52 62 91 81 51 15 51 41 43 96 92 34 50 44 2 48 44 78 34 9 83 72 74 54 85 48 70 16 18 52 66 19 69 61 21 99 31 24 24 26 87 61 50 29 62 82 33 11 38 46 25 19 27 53 54 82 80 12 83 65 66 85 9 63 28 58 31 62 85 18 10 97 59 4 22 26 77 40 39 3 72 54 74 71 23 44 78 54 80 92 10 67 99 27 4 80 52 28 99 51 23 76 11 49 77 31 32 52 51 74 67 12 57 9 81 3 50 74 62 31 9 61 16 86 29 33 78 78 47 92 90 83 37 62 7 5 32 45 21 39 28 20 73 90 58 4 53 60 29 89 85 95 20 37 69 53 61 77 22 84 53 24 5 65 58 83 18 2 7 79 70 98 67 58 73 54 82 65 11 81 42 16 44 74 19 72 73 48 35 87 96 1 88 2 47 12 14 1 92 95 6 48 48 26 60 56 36 58 83 51 97 48 93 76 11 81 30 74 32 93 35 47 35 90 21 15 76 20 88 25 55 26 91 22 33 68 42 39 50 25 68 1 25 89 85 46 2 98 3 83 81 7 85 49 42 40 95 59 89 80 47 62 38 23 86 42 80 54 66 37 12 96 47 41 95 61 20 98 67 95 0 58 25 43 29 46 81 37 93 0 84 28 70 35 26 24 45 23 46 6 84 15 14 87 94 93 76 71 61 63 93 62 74 97 74 41 88 65 32 30 40 31 87 98 92 52 80 53 55 66 8 9 63 7 29 94 45 33 25 2 19 55 90 86 37 59 16 30 19 93 34 63 29 2 20 25 20 35 59 60 33 95 8 37 90 24 57 0 69 38 86 69 64 26 84 90 31 91 24 68 56 93 6 57 73 49 1 73 11 21 77 61 39 40 14 26 64 99 89 46 85 21 52 14 37 28 43 17 40 29 82 4 98 2 52 97 47 48 49 78 2 77 81 39 86 54 25 73 37 97 63 86 51 72 22 41 81 43 77 29 39 29 77 49 75 50 95 8 71 78 78 44 70 7 87 54 87 68 25 22 80 44 11 79 20 99 42 83 50 52 49 11 71 96 7 69 47 32 22 55 63 11 61 96 12 16 58 5 52 85 74 55 95 
41 39 44 48 0 82 31 96 44 27 6 80 45 82 74 55 75 65 3 21 38 19 34 69 74 18 32 54 17 18 66 3 84 26 13 55 85 8 2 46 10 63 30 27 83 62 0 52 47 49 6 38 21 73 10 9 11 43 98 35 6 74 35 12 24 18 20 83 13 35 0 88 92 64 61 6 31 33 63 80 21 36 80 79 37 9 34 79 11 31 16 34 96 38 12 9 48 44 53 28 71 7 55 57 9 57 95 0 14 95 87 66 80 70 23 26 49 62 54 79 35 0 56 2 9 82 77 47 45 32 97 76 55 14 66 55 98 45 64 26 79 58 86 53 28 71 51 79 51 45 2 20 58 67 24 47 41 84 37 55 66 29 33 46 56 75 7 48 21 1 49 12 7 95 56 3 10 24 66 50 38 19 90 4 54 70 39 92 77 73 56 96 51 4 97 50 12 19 23 19 39 42 65 91 6 9 94 22 49 78 20 30 35 21 6 1 39 55 44 71 38 55 37 80 26 39 78 98 40 96 44 13 26 69 6 88 60 26 50 91 24 77 32 68 1 62 26 96 32 33 12 19 2 57 21 91 60 75 71 6 4 73 93 49 0 80 26 67 59 65 66 68 33 55 9 28 55 39 79 45 28 3 87 39 77 75 81 5 89 2 38 77 83 16 79 33 67 50 35 57 3 28 14 31 78 42 17 71 67 22 94 18 45 11 69 12 49 44 12 14 79 85 42 87 4 26 3 54 9 44 65 80 51 65 58 52 48 51 4 72 97 39 47 98 58 20 72 64 18 54 53 43 92 12 18 7 63 65 22 79 50 61 69 86 74 29 33 35 10 75 61 1 11 11 16 40 12 97 0 11 87 13 64 87 12 32 45 52 47 91 47 82 70 82 72 42 82 52 0 73 91 57 89 57 40 42 77 60 89 6 47 72 53 88 16 75 18 99 93 23 52 84 48 40 31 19 29 70 17 55 80 75 11 2 11 92 25 46 89 90 15 45 12 14 30 96 85 14 33 61 44 84 6 95 27 99 66 6 3 26 48 54 73 66 17 44 77 73 13 1 27 53 43 67 55 41 94 82 33 57 96 38 47 0 60 64 96 54 50 13 99 67 30 73 27 39 21 42 91 99 
65 43 87 12 34 27 28 12 69 76 76 78 41 11 19 85 33 41 6 30 90 15 84 54 16 84 1 0 5 39 81 43 56 54 75 53 80 28 61 2 12 71 52 5 46 9 12 64 0 15 53 48 36 43 25 12 11 26 25 43 84 11 37 77 33 20 35 1 52 34 18 59 60 47 41 23 29 19 28 54 84 40 0 14 49 26 12 48 84 63 46 5 35 58 69 43 47 46 36 23 43 64 12 86 86 44 48 67 73 6 88 95 8 6 61 71 12 8 46 70 52 6 39 83 44 46 83 73 14 38 60 19 77 41 61 60 60 25 79 40 86 75 9 57 51 52 44 92 30 82 78 71 8 23 55 94 22 95 91 93 98 49 61 12 1 33 42 49 26 38 62 95 55 57 49 69 35 64 0 82 43 55 45 18 79 5 83 80 73 56 45 89 23 74 66 52 51 71 31 13 4 0 72 94 52 79 24 59 69 14 45 31 86 85 31 23 62 5 52 46 86 10 71 32 98 69 97 90 16 28 28 89 94 90 6 79 86 76 79 76 90 60 64 70 58 73 32 78 39 84 30 35 73 6 94 0 27 51 78 86 31 34 86 44 6 90 26 91 99 36 76 4 26 48 8 4 78 59 1 4 97 22 27 10 98 6 41 53 88 66 11 29 85 58 1 27 93 44 45 62 89 92 72 84 55 76 78 85 92 44 4 30 23 32 5 62 15 10 44 3 7 62 95 25 46 92 76 93 23 43 10 33 34 67 27 50 9 24 5 58 43 27 67 28 43 79 78 79 93 42 61 44 18 9 51 12 80 0 49 61 68 74 61 30 49 12 39 58 18 83 91 41 72 40 5 72 51 70 13 68 67 63 5 4 29 14 99 53 90 30 15 94 36 49 57 95 54 65 11 15 58 63 71 91 92 93 68 95 17 94 79 88 61 65 76 4 6 72 41 46 23 53 25 80 74 99 23 86 74 81 67 70 47 24 82 23 74 81 40 64 61 19 40 57 47 19 51 62 37 99 11 62 25 69 14 27 59 7 23 74 29 63 70 24 86 69 56 17 24 31 24 69 6 83 78 43 4 35 64 45 80 55 66 25 90 99 77 92 56 31 54 48 46 54 21 41 84 65 70 91 
90 1 83 63 75 1 88 83 81 97 0 22 17 22 57 11 0 42 36 39 48 69 72 79 1 85 52 15 90 78 6 0 19 47 99 8 93 45 75 74 12 62 64 54 24 4 74 81 6 97 56 23 24 1 2 12 10 1 43 4 60 16 44 75 89 74 18 71 69 79 52 10 92 6 92 75 25 37 64 2 95 94 92 92 60 21 51 33 69 13 60 48 73 73 63 7 7 81 30 47 95 59 30 33 51 75 11 18 45 60 54 72 45 28 90 15 38 34 29 38 85 76 48 49 40 1 5 18 11 2 5 95 1 89 59 36 63 26 27 96 81 65 87 55 90 0 32 61 92 72 97 13 82 69 68 49 47 81 57 40 57 91 53 77 2 21 50 25 44 48 32 18 95 82 73 27 83 72 56 20 41 95 72 23 47 69 70 98 21 26 10 20 86 64 75 41 33 23 53 47 11 73 90 50 11 26 38 50 96 35 88 83 80 8 44 47 49 47 56 9 35 68 52 58 73 50 7 13 95 0 0 15 52 48 44 11 15 52 66 35 46 66 73 8 78 31 51 64 64 13 84 0 24 81 39 65 85 57 16 95 19 51 43 80 9 78 17 61 98 6 49 66 56 37 94 1 35 61 31 38 5 91 63 76 79 20 38 52 80 18 51 7 81 27 44 28 52 31 3 90 48 41 91 79 3 4 17 52 51 61 48 29 67 60 86 50 10 2 69 97 4 18 18 11 27 36 22 27 89 63 76 83 41 94 60 56 6 88 34 54 86 74 43 74 12 62 94 35 13 42 73 82 35 96 37 48 24 27 24 7 45 71 25 85 86 24 50 92 47 94 39 31 91 88 39 40 34 37 91 78 61 91 7 26 98 7 21 8 17 17 73 26 95 72 18 89 21 76 95 32 87 37 43 90 56 96 75 20 33 61 4 27 83 27 72 2 91 17 1 25 67 38 46 49 6 22 81 33 51 51 72 63 82 73 63 10 58 38 46 75 72 86 13 16 64 14 50 53 53 92 19 89 60 17 72 38 94 51 1 10 78 21 46 6 91 17 65 72 75 1 3 26 92 61 4 69 61 5 94 40 41 46 25 38 16 99 6 75 49 0 8 36 5 92 18 32 6 93 96 30 
39 96 26 38 89 17 98 54 23 25 54 54 6 1 53 76 93 33 39 68 56 72 43 45 72 70 66 92 74 31 62 15 56 16 63 1 26 98 93 10 12 30 86 2 19 13 28 37 79 20 47 78 65 86 38 91 40 44 19 80 55 42 8 38 16 32 8 57 43 2 6 95 99 32 34 80 82 21 51 23 58 8 92 83 81 91 48 19 92 58 70 83 82 49 42 87 49 53 67 8 76 20 1 81 9 90 86 98 4 51 7 66 37 58 65 56 7 37 62 7 51 41 53 56 7 40 11 52 97 24 61 24 57 78 63 89 37 37 57 24 67 3 11 40 47 36 46 77 97 24 56 67 52 47 83 63 7 61 51 45 44 34 34 43 0 99 39 18 36 57 71 40 5 41 10 61 13 27 7 93 90 8 29 53 1 42 51 65 77 55 89 58 26 0 65 19 17 62 21 21 73 65 63 25 19 64 90 94 11 45 48 32 91 73 60 43 29 97 25 91 88 72 94 86 41 69 24 59 65 46 34 89 46 88 98 92 17 31 55 38 17 95 55 15 79 5 64 31 47 58 1 14 60 61 36 98 82 86 78 3 99 78 83 12 45 51 76 34 54 60 36 8 91 76 59 51 44 24 88 68 28 21 2 86 49 91 44 74 82 99 81 10 2 16 67 16 30 91 48 90 22 66 94 62 25 30 79 98 15 25 87 53 37 4 97 46 7 79 96 29 58 69 58 19 28 91 49 51 31 90 96 93 21 3 83 48 40 13 16 63 61 27 38 1 62 77 40 20 23 6 44 55 41 88 72 28 13 51 94 59 80 45 49 11 72 93 16 61 52 7 1 63 46 38 8 70 38 62 87 18 14 92 33 38 11 26 35 55 82 18 68 80 45 58 76 59 24 27 30 87 47 70 10 59 65 58 88 93 98 78 55 7 94 86 14 56 48 8 9 30 98 29 19 39 39 65 10 42 60 24 75 87 87 33 44 15 54 36 46 21 25 45 99 56 32 97 81 0 19 97 38 99 6 73 46 23 93 64 32 68 24 51 3 39 87 66 67 5 58 65 54 45 78 40 92 5 50 31 21 74 11 58 54 33 32 2 81 32 84 27 45 92 23 59 97 78 81 32 54 17 
43 78 74 44 9 29 29 28 99 46 15 84 16 66 2 41 68 31 8 63 35 44 30 67 99 73 5 41 81 22 64 50 89 92 19 36 66 68 12 52 91 24 85 50 96 10 51 42 3 34 33 88 94 81 70 84 26 90 54 80 99 0 1 24 93 6 37 67 95 13 48 59 85 47 39 70 56 88 53 61 22 1 10 49 42 18 23 58 15 89 2 4 37 73 75 47 90 8 58 66 73 58 39 51 56 74 22 33 29 16 64 98 93 5 23 95 76 60 66 65 59 64 21 42 38 86 84 7 60 53 59 17 39 46 97 93 77 81 60 90 61 0 97 30 69 22 57 64 87 28 21 88 26 37 24 30 57 92 11 47 83 6 27 46 96 94 24 17 69 2 52 84 81 40 10 51 29 28 29 75 38 13 79 9 40 64 94 57 98 13 1 17 21 63 78 61 96 8 42 76 5 84 90 12 40 62 77 79 10 91 87 40 20 59 49 54 94 15 95 24 86 55 27 32 8 34 60 46 99 68 46 62 54 4 4 2 97 56 42 45 27 35 86 29 16 99 9 83 46 57 35 0 69 46 31 25 51 77 1 93 79 20 26 77 21 57 40 87 76 76 63 33 79 70 23 92 29 47 44 8 33 71 48 46 7 85 35 20 98 30 3 57 80 60 53 2 20 69 70 66 78 34 70 45 9 71 25 69 90 34 63 80 21 60 57 69 11 74 97 83 74 6 26 54 58 48 36 7 84 60 79 89 13 1 95 77 64 47 68 28 53 94 88 21 46 28 82 92 81 37 24 86 85 51 69 86 86 31 85 13 53 96 61 24 21 93 18 75 57 90 0 87 89 76 79 73 85 12 83 52 29 31 3 46 2 82 35 9 5 74 11 4 18 63 5 40 89 0 37 92 95 80 22 92 1 25 66 25 25 64 61 85 36 81 84 74 89 4 60 66 8 67 77 90 88 85 35 0 81 71 88 41 95 56 31 53 31 98 94 28 27 68 22 84 12 69 65 26 63 0 36 63 66 29 55 75 78 85 46 98 72 8 74 95 2 93 71 91 44 53 91 87 64 64 16 79 94 59 23 0 77 1 24 68 92 42 49 11 74 83 71 26 31 95 85 78 46 49 81 56 
86 96 24 90 60 20 62 84 53 71 61 91 49 90 68 45 90 13 73 67 21 1 28 27 62 47 22 89 44 36 27 15 19 68 19 99 81 57 77 33 80 99 73 70 5 45 6 96 82 85 62 0 79 74 47 39 7 70 73 89 9 75 35 77 75 31 45 64 62 95 33 62 65 96 20 13 51 37 17 2 30 45 68 65 84 69 17 99 82 51 17 45 76 87 15 11 74 27 1 81 18 87 35 33 81 82 68 87 1 60 20 16 0 32 82 49 3 45 54 32 13 57 84 88 38 95 79 10 22 56 96 48 8 62 3 65 6 30 37 99 75 39 10 52 85 12 56 68 14 62 17 58 87 73 99 38 18 22 92 6 15 58 24 82 87 73 32 69 1 33 79 73 67 87 94 97 9 28 40 27 9 29 39 85 48 36 6 63 90 62 40 5 70 11 81 95 18 91 70 70 39 49 72 35 53 41 96 9 60 91 42 59 9 22 75 78 90 20 66 36 27 95 99 59 39 89 13 98 50 25 39 1 59 2 14 39 20 11 12 4 65 46 90 79 10 23 75 89 84 2 23 8 15 52 51 14 94 79 65 29 46 79 11 81 76 17 61 83 55 40 56 20 8 10 10 24 61 51 86 4 86 42 20 60 0 32 84 74 92 87 13 72 89 62 65 3 47 98 58 48 61 12 7 50 47 95 58 62 68 50 13 80 92 22 5 94 29 57 98 52 29 81 69 29 2 4 94 17 64 55 94 66 0 69 97 18 43 43 94 1 48 82 92 21 19 77 78 20 19 69 40 61 58 46 3 7 49 1 31 31 32 34 36 65 19 97 28 62 64 85 1 82 48 70 77 47 54 32 75 69 3 96 16 55 4 31 15 85 17 51 66 28 48 80 61 60 96 20 11 56 65 86 6 34 86 10 28 27 35 32 15 64 19 19 36 72 52 10 93 52 18 37 58 68 73 42 85 6 56 7 26 43 32 84 46 19 27 40 85 58 0 1 30 40 68 7 62 5 0 85 15 31 32 3 51 42 34 9 4 79 50 20 8 3 78 67 76 96 88 6 10 24 62 12 43 5 61 81 68 26 89 54 98 89 67 60 27 73 53 24 91 23 88 90 72 50 79 59 87 48 
41 36 89 38 0 73 5 57 5 27 22 57 60 62 39 44 60 53 75 14 84 32 84 42 59 88 84 39 93 58 16 79 89 98 18 90 48 79 61 60 32 82 60 74 71 46 45 19 20 71 95 81 25 81 45 93 79 24 7 5 51 89 58 27 30 54 54 21 25 16 97 51 8 14 1 71 97 88 40 34 65 46 63 89 34 81 46 61 30 13 70 91 52 2 47 49 23 70 30 11 93 55 10 30 14 38 18 87 24 74 38 67 56 63 49 86 47 24 11 85 69 70 32 62 42 57 38 96 19 22 67 78 97 59 14 52 17 94 29 91 54 34 23 15 69 1 51 70 78 97 36 48 64 26 55 71 23 33 32 26 9 46 80 41 93 68 79 52 3 14 30 3 75 74 5 45 67 9 34 36 60 54 46 45 49 9 49 90 56 13 18 55 79 28 79 17 26 75 37 65 3 21 19 10 13 67 43 34 0 26 68 80 34 59 60 88 73 83 97 5 46 21 98 23 19 3 7 54 57 6 17 5 14 24 19 51 7 69 6 38 78 74 6 18 36 20 19 24 62 0 7 75 45 98 71 67 96 5 26 40 17 95 37 69 98 70 70 71 14 95 74 5 63 5 38 58 95 84 18 66 89 27 57 4 6 4 36 35 76 68 26 25 11 15 69 78 80 47 38 85 54 0 91 43 46 24 71 32 58 30 94 7 84 87 23 45 67 29 92 90 15 83 17 72 79 18 40 21 87 9 96 78 56 40 73 43 33 51 26 56 68 61 86 58 62 50 25 68 87 90 40 86 70 51 37 17 27 83 53 40 85 93 1 78 70 63 42 74 88 13 57 91 12 28 81 97 53 99 46 45 53 9 97 66 91 78 23 10 1 59 19 14 78 0 58 74 2 85 99 86 18 70 26 51 19 76 45 94 12 83 42 31 44 11 86 91 25 72 45 49 1 5 25 68 22 67 20 76 82 91 2 4 78 13 44 64 99 2 84 42 38 63 29 57 71 72 54 38 73 70 31 26 75 10 4 60 67 25 93 8 99 18 12 1 81 76 54 18 21 13 82 8 41 85 10 39 30 27 58 96 80 7 38 68 43 94 57 59 22 30 12 19 89 98 14 26 40 35 94 12 
38 86 8 30 42 96 2 80 6 21 40 92 65 1 82 68 62 16 17 2 10 49 4 10 60 36 38 48 13 24 43 13 36 68 10 58 41 70 44 80 12 94 72 42 23 99 65 9 96 54 23 62 39 20 70 33 24 51 9 34 45 9 42 71 70 10 54 62 97 76 29 40 98 10 16 57 46 38 7 37 90 8 20 12 31 9 56 68 18 36 85 53 13 58 39 8 66 24 36 78 8 20 71 60 10 19 64 84 51 39 17 45 27 63 99 22 97 4 73 69 44 61 94 48 63 80 56 26 87 76 70 44 50 44 74 78 94 92 93 59 72 11 37 64 70 31 12 56 19 68 5 31 9 15 93 9 45 36 75 74 30 92 51 72 9 23 37 69 17 13 51 43 66 90 44 26 75 19 83 1 76 23 11 26 55 6 88 74 24 85 33 95 36 28 52 46 34 30 44 67 89 14 89 58 77 99 88 2 93 62 80 86 14 75 59 43 6 66 30 65 57 57 23 74 27 12 60 5 70 69 92 13 17 47 63 14 54 99 32 78 25 60 59 49 26 26 16 11 67 77 3 73 18 47 38 88 90 90 34 99 78 20 84 36 7 49 31 31 26 11 79 19 76 71 68 40 52 1 22 18 69 70 74 26 49 55 5 55 9 86 99 68 64 41 37 62 0 78 71 61 79 86 4 35 57 81 10 7 48 48 32 65 43 10 87 22 98 81 4 86 5 0 86 57 16 14 93 77 18 40 48 99 68 81 29 90 34 52 49 73 56 85 1 53 44 36 94 69 26 2 45 78 96 69 58 30 51 11 68 91 30 97 75 10 8 65 47 85 73 90 22 57 51 62 1 58 7 25 41 85 44 16 33 87 78 93 27 11 21 77 7 59 16 22 1 85 62 45 98 12 5 53 44 80 30 93 52 56 43 43 73 16 86 17 29 27 37 59 17 87 42 49 46 57 7 88 53 67 15 15 9 14 13 82 27 26 23 66 63 79 6 88 40 56 84 68 92 57 74 32 71 82 68 86 22 52 55 74 94 91 7 39 93 60 25 71 59 1 13 71 82 80 5 62 18 62 25 26 15 10 3 65 88 84 3 28 37 68 34 33 40 11 64 76 30 68 60 82 88 73 
61 37 32 7 82 62 64 70 15 45 95 5 63 16 27 77 80 12 49 1 64 24 85 44 10 27 5 15 10 55 18 97 62 12 89 41 0 66 45 1 55 25 37 92 17 82 30 73 18 5 65 4 95 36 36 27 15 74 88 47 44 95 10 13 78 73 89 93 2 73 23 73 81 74 59 47 73 73 86 17 94 13 30 88 65 29 85 27 32 83 91 20 32 77 97 16 14 58 38 69 0 82 44 93 48 56 34 15 34 58 48 74 65 21 50 27 35 87 10 88 44 87 89 20 66 36 3 3 98 32 88 44 54 26 61 1 81 72 17 13 45 75 72 83 78 24 17 8 19 75 16 71 70 74 34 68 56 79 99 49 41 77 40 19 43 8 48 66 33 98 94 28 30 81 48 33 39 71 16 32 61 88 28 70 26 17 9 42 85 14 37 59 64 49 23 85 48 36 10 30 13 23 7 15 82 88 80 67 33 93 75 98 22 16 51 64 30 53 1 31 3 98 70 92 74 10 29 68 80 98 85 83 29 2 82 8 5 44 94 35 74 78 38 64 91 25 97 23 16 10 75 86 43 37 32 16 10 0 55 29 76 71 73 72 43 98 28 14 3 94 85 81 12 16 42 73 89 3 21 69 85 6 71 4 31 35 28 96 24 28 8 55 74 63 38 2 43 38 75 56 90 82 0 54 44 21 20 72 78 44 73 46 18 17 96 40 19 39 42 66 49 87 31 96 28 86 23 69 18 62 6 59 81 78 12 95 77 89 95 75 12 38 30 4 60 8 84 43 78 27 21 53 4 88 27 15 28 72 92 21 64 34 14 88 4 65 47 66 14 3 71 48 94 22 13 94 46 36 48 34 50 22 74 53 3 70 36 31 28 85 68 38 49 47 13 86 78 89 5 56 68 52 22 35 12 96 51 55 3 77 27 15 71 33 95 0 46 34 40 19 67 49 14 58 12 14 86 13 96 69 11 25 85 28 2 1 95 10 13 70 53 63 1 76 47 86 55 25 92 95 65 94 11 68 39 72 6 67 96 63 56 30 16 44 50 13 1 61 72 52 81 4 2 15 42 33 44 14 26 89 78 71 10 14 99 98 40 73 17 22 38 57 77 0 27 33 14 12 63 56 
43 36 7 27 64 49 54 44 29 13 97 39 47 65 75 99 5 58 14 45 93 71 13 42 69 99 50 83 10 11 80 54 55 62 60 74 2 18 13 83 61 14 50 72 90 75 44 1 32 65 26 93 89 27 77 26 1 64 95 70 82 65 25 79 33 56 28 77 83 84 47 81 86 72 27 36 40 37 46 93 22 40 23 86 10 71 56 33 45 73 79 40 65 64 62 99 23 43 87 50 75 34 99 22 70 20 17 55 42 20 28 76 28 10 22 99 22 39 53 67 0 40 87 13 52 70 37 60 37 85 28 74 33 34 24 54 82 29 10 12 73 65 18 76 72 9 10 20 88 65 68 88 96 57 66 46 18 44 51 34 61 63 59 80 8 97 51 94 50 49 90 4 25 5 39 3 49 14 70 60 58 1 70 64 93 86 1 14 78 22 3 2 70 96 22 28 28 42 44 79 56 70 55 28 54 61 25 27 78 54 38 75 79 73 25 39 62 1 65 95 32 81 55 89 11 52 37 6 44 19 0 18 38 33 0 33 39 10 42 90 34 41 85 91 30 28 47 43 93 53 54 5 59 41 2 69 80 42 17 78 93 82 31 70 11 84 83 66 32 68 69 26 45 10 57 6 74 26 18 2 11 2 93 80 22 52 57 30 44 31 95 39 14 29 24 3 75 81 91 30 48 42 90 50 29 70 86 16 78 5 66 87 94 26 6 44 63 26 57 20 99 15 32 97 42 85 87 43 6 23 71 85 5 78 93 17 57 17 69 21 11 35 30 78 23 17 71 78 70 94 55 9 83 32 4 28 88 93 93 86 10 4 83 53 77 93 92 39 64 20 24 82 73 36 92 53 45 29 35 41 73 81 74 62 62 90 6 2 93 3 54 41 3 0 98 50 15 9 36 46 43 60 10 21 7 51 69 61 14 55 17 47 11 45 96 89 47 5 59 90 95 4 45 24 24 36 69 38 22 9 73 16 45 94 81 93 2 82 2 44 82 13 44 67 1 78 25 46 50 64 95 20 77 38 52 88 64 26 13 99 20 70 5 60 85 77 27 78 19 24 1 16 38 65 54 23 32 59 78 78 70 85 35 17 44 20 23 13 1 84 26 52 46 18 28 40 58 29 56 21 
13 28 89 2 13 22 47 17 66 20 13 68 95 37 15 71 61 74 56 9 95 38 56 92 32 93 19 46 35 24 18 72 19 19 33 80 96 78 35 47 38 93 47 81 48 26 8 8 69 47 36 7 9 30 36 48 28 72 37 58 17 2 52 65 91 53 97 21 26 65 68 10 30 1 79 30 39 27 3 54 90 98 58 17 83 76 6 66 63 5 74 20 52 83 25 88 89 92 41 39 59 82 38 97 93 55 45 13 32 0 52 95 59 26 47 94 20 36 53 36 97 30 54 1 55 23 66 18 44 56 91 83 96 78 80 27 9 47 90 78 56 33 6 33 76 74 9 61 76 15 80 33 73 45 95 21 56 88 90 4 11 47 43 13 55 68 46 55 0 78 22 96 4 58 43 36 26 48 89 93 61 10 99 26 84 60 53 78 7 70 56 78 99 58 0 95 19 88 79 30 29 55 43 90 82 41 83 44 81 96 94 66 41 31 13 24 9 11 67 28 1 71 80 84 42 35 40 98 84 45 37 60 4 24 65 12 91 55 99 90 22 11 20 39 4 24 54 56 30 26 40 32 74 72 66 65 36 90 80 87 94 8 56 80 41 40 18 87 53 94 16 55 2 54 34 52 51 39 41 75 12 23 84 21 78 51 85 12 76 51 46 6 89 70 99 30 86 33 16 40 34 3 91 39 85 10 56 78 8 28 62 5 69 83 66 47 70 20 48 17 35 48 81 67 57 39 31 56 30 8 63 67 69 88 26 34 99 93 41 5 17 91 76 0 37 42 98 67 10 33 46 61 49 99 51 19 26 40 96 9 48 59 62 92 20 60 53 96 56 70 69 0 55 32 96 91 10 81 12 82 41 20 81 62 90 23 0 52 82 12 23 93 40 2 80 57 64 83 18 41 14 27 96 1 20 6 60 95 82 76 43 15 62 93 3 92 82 31 75 6 82 26 91 90 41 91 66 3 65 39 80 88 64 41 23 37 71 46 34 46 16 93 67 2 82 98 86 95 39 26 42 83 8 0 29 18 88 4 53 11 92 29 45 76 0 50 94 52 82 34 97 60 17 1 27 0 29 37 42 19 57 79 75 64 48 89 21 85 43 2 11 68 37 62 19 84 78 68 41 64 
10 8 55 88 60 10 53 78 38 52 99 71 86 12 36 58 17 4 43 32 37 68 93 76 93 18 68 44 79 54 90 67 91 21 3 16 15 72 58 49 14 56 50 5 5 0 42 77 9 85 58 45 18 1 16 4 49 41 90 52 7 52 58 70 30 45 43 84 10 19 67 6 97 30 47 31 60 95 34 9 83 82 77 52 65 0 9 2 21 72 7 89 52 26 5 56 89 52 69 10 43 81 91 85 22 47 87 34 23 44 36 61 57 95 25 77 57 28 69 72 25 74 43 15 14 49 67 98 15 71 87 0 63 43 86 50 60 85 22 39 81 12 96 60 85 78 83 61 93 89 1 66 34 38 25 80 72 45 88 35 91 5 78 28 6 17 53 24 21 2 41 89 22 27 76 98 68 58 82 43 75 37 54 10 68 72 43 19 77 3 19 18 71 65 95 75 67 2 3 36 45 15 95 7 98 0 43 1 69 90 54 78 70 74 84 98 55 7 18 10 40 70 11 19 72 78 49 61 61 8 13 74 40 51 97 16 61 3 83 60 20 19 68 17 69 63 68 0 26 17 79 77 31 70 4 98 75 43 73 7 39 45 59 16 0 7 97 98 41 43 35 73 69 99 50 70 53 10 91 84 72 92 18 45 25 48 92 93 62 60 0 54 98 14 66 68 48 4 58 73 25 82 77 12 39 32 51 65 77 88 84 20 69 14 71 45 83 69 74 58 20 17 92 75 22 16 36 31 31 77 95 73 19 60 4 24 40 85 7 49 1 43 23 86 82 70 1 86 48 18 43 99 10 66 35 19 24 64 8 84 32 46 33 68 95 37 94 23 57 74 97 82 91 95 10 98 69 46 64 12 86 61 31 9 92 59 23 49 15 52 10 62 61 85 78 9 5 96 34 22 77 17 58 9 40 59 2 25 58 79 55 18 33 83 61 77 92 88 13 50 34 57 9 5 0 46 20 62 62 56 3 56 64 41 74 68 52 51 40 34 46 44 75 9 17 91 42 54 68 73 30 8 23 2 43 45 61 25 66 38 57 53 44 33 39 23 26 9 73 69 57 22 93 55 41 49 48 65 86 90 35 21 22 28 42 46 87 12 84 85 31 87 76 0 19 26 66 70 88 45 
37 81 38 3 3 60 93 41 74 98 88 9 51 57 62 4 15 46 38 55 86 64 68 86 36 71 68 6 31 50 29 21 27 87 31 89 6 12 8 9 26 78 37 4 32 71 86 48 57 82 92 8 55 43 85 54 95 44 81 50 91 62 99 72 47 94 77 93 26 14 96 87 26 15 74 38 88 30 64 31 42 66 86 95 2 97 98 80 41 5 2 34 12 79 98 96 88 93 38 47 65 35 97 89 54 49 2 69 87 18 10 48 86 57 82 5 70 80 17 76 52 86 84 65 55 59 39 32 84 89 66 82 27 55 72 31 49 64 1 81 35 53 43 64 7 88 22 67 30 89 97 53 98 96 18 62 28 29 53 36 71 95 0 40 37 9 71 39 16 18 47 55 39 46 17 28 20 26 42 4 45 17 84 78 18 37 9 34 74 70 49 50 16 6 27 33 26 40 37 89 12 9 24 66 97 90 89 48 86 17 72 36 95 50 0 8 52 13 51 49 88 70 70 1 32 12 1 15 65 47 68 4 91 53 8 31 44 83 60 60 79 43 14 95 15 13 47 0 17 87 95 24 45 25 98 33 4 25 52 88 19 66 85 14 49 65 16 1 14 90 63 78 95 62 75 15 14 42 93 33 89 36 66 83 31 15 80 48 99 11 2 58 22 52 80 2 72 98 38 84 68 75 37 41 12 48 93 85 57 14 34 26 85 11 77 79 26 53 8 90 57 43 53 36 95 97 68 6 97 53 86 69 89 84 8 82 79 72 41 10 49 10 47 5 95 61 82 95 38 28 8 92 89 25 94 94 22 32 71 1 21 87 67 23 73 71 43 5 32 14 3 50 45 12 34 77 80 90 12 75 95 69 25 24 58 98 65 87 84 94 5 87 14 49 16 76 57 60 46 6 98 95 37 16 38 76 9 54 74 40 13 50 40 86 11 60 84 45 42 29 7 84 61 67 75 10 88 90 75 49 72 71 43 49 59 19 50 95 20 93 35 82 5 64 85 24 93 81 47 52 92 54 24 11 87 92 67 34 91 8 86 94 49 27 6 83 9 66 65 94 6 73 39 28 80 24 6 62 24 76 11 80 51 66 92 52 16 99 64 71 29 41 97 91 39 26 93 50 82 18 
1 40 18 66 32 92 53 75 56 4 4 23 73 12 90 20 23 54 22 34 67 87 38 78 51 9 65 87 55 81 67 81 5 26 19 31 74 36 83 56 24 29 69 95 15 86 73 17 20 27 23 66 94 59 78 61 61 18 6 22 89 3 24 22 15 42 85 1 61 55 98 67 99 27 78 76 35 3 62 79 84 84 57 98 70 35 59 39 72 5 17 9 26 91 4 10 34 29 65 20 70 31 60 5 63 91 26 96 32 16 24 68 55 0 91 14 51 41 24 45 63 72 32 75 98 21 15 86 2 1 46 4 60 20 71 33 3 73 61 70 44 56 69 86 48 28 72 69 47 78 87 84 20 68 12 60 98 59 61 72 67 21 87 50 33 41 6 80 64 59 10 54 89 73 15 74 33 96 64 55 65 50 74 30 56 3 64 13 29 71 88 0 59 60 68 45 53 96 65 15 46 82 19 92 35 18 52 14 78 73 33 26 96 32 22 99 77 99 15 52 9 61 2 92 73 35 17 55 93 45 27 16 23 17 35 79 5 38 24 9 91 80 27 77 70 61 44 7 4 96 35 30 89 9 32 10 89 63 55 6 15 59 98 81 32 11 81 57 71 59 29 76 89 49 22 4 43 68 69 0 78 63 17 47 97 59 21 55 56 17 15 95 10 30 9 21 62 29 44 6 77 21 15 22 70 25 50 31 37 18 28 36 46 2 66 64 11 6 23 81 51 90 85 48 35 92 64 86 49 88 44 17 64 16 61 68 20 23 4 46 90 72 13 19 48 74 77 65 85 97 9 12 76 62 7 98 18 94 75 84 33 52 80 54 67 23 70 82 68 95 20 42 26 72 10 19 65 59 74 70 48 92 38 0 55 89 39 12 27 64 17 93 31 71 12 35 3 0 17 8 38 9 57 16 86 56 13 57 71 31 94 45 7 6 84 4 87 35 2 96 98 68 41 8 76 93 8 35 19 70 88 4 70 60 14 55 8 65 84 44 4 83 21 44 89 89 58 53 59 23 0 26 36 61 95 81 66 66 47 81 40 9 20 51 34 64 19 39 67 79 29 95 68 84 22 53 87 92 5 22 83 28 59 70 50 12 49 62 98 38 19 36 36 73 84 6 61 45 49 89 
58 30 60 40 34 88 95 55 83 71 13 0 41 82 27 32 2 17 42 99 53 62 68 76 58 20 80 16 45 18 98 22 2 78 90 8 91 94 23 44 65 17 34 51 55 17 42 48 69 41 95 20 96 94 44 18 10 97 81 97 83 84 96 11 97 44 35 2 81 19 99 96 56 26 52 10 41 28 32 89 14 53 63 39 35 58 69 66 90 3 88 67 63 64 41 32 58 85 62 66 86 55 48 69 43 20 81 14 87 86 72 3 65 11 15 4 40 46 2 26 30 33 76 34 19 7 94 40 67 11 75 0 95 34 54 87 97 95 52 8 53 37 91 8 22 4 10 5 55 79 2 44 19 65 42 93 72 88 55 67 13 3 61 73 94 93 7 4 42 60 31 80 12 97 40 12 26 45 32 11 70 49 30 81 90 22 77 5 35 38 64 61 83 93 81 35 81 56 41 55 16 68 85 35 11 57 73 21 50 73 4 63 23 57 79 67 13 43 67 14 84 82 40 20 38 37 24 92 99 67 55 7 56 21 94 9 4 2 98 97 11 23 0 62 32 7 97 58 90 19 93 57 90 3 21 5 23 42 14 8 70 60 13 51 61 26 52 66 12 51 18 23 36 61 7 49 81 67 0 75 96 71 21 89 29 36 8 76 28 85 69 53 25 75 59 36 53 13 33 0 12 94 38 76 19 66 61 25 23 62 12 53 70 40 13 72 64 81 19 59 88 21 30 61 88 40 36 6 50 26 53 7 86 48 77 96 39 17 9 52 50 10 65 26 38 54 20 79 17 19 2 2 94 78 48 34 68 70 91 71 53 25 98 35 40 47 29 71 95 27 81 96 85 86 73 54 23 26 5 77 57 21 8 10 26 35 49 48 49 38 55 32 25 79 37 42 44 97 54 35 35 25 76 51 3 16 98 58 35 22 75 6 24 46 2 40 57 21 58 94 25 70 35 22 49 70 48 46 83 72 88 43 52 54 53 36 98 22 43 85 24 82 68 82 85 43 28 27 87 92 3 51 5 55 77 65 83 59 6 47 77 80 85 63 0 91 39 73 77 72 18 90 31 34 21 89 73 22 1 63 48 95 31 74 41 60 20 70 97 52 50 16 24 0 62 92 50 14 26 87 
40 63 39 24 36 92 10 58 68 9 13 66 68 40 15 47 21 92 66 27 10 59 92 17 13 48 56 23 61 35 83 51 47 68 71 32 60 90 79 51 92 20 92 32 45 35 62 31 17 92 18 29 71 12 64 40 38 30 52 49 29 99 22 83 87 89 68 15 7 82 67 98 71 58 80 39 19 96 64 68 4 29 58 37 94 17 8 62 8 66 37 66 30 8 92 29 21 75 59 0 93 52 60 88 89 97 86 30 33 62 49 79 46 75 90 80 2 55 70 23 20 66 74 93 15 87 85 88 94 80 78 70 43 47 77 90 94 99 2 57 36 43 58 81 14 38 69 97 26 15 52 83 25 72 14 24 84 10 14 3 17 60 84 31 72 0 74 64 79 52 15 70 92 44 52 0 89 18 55 43 99 60 89 84 36 23 34 37 56 32 94 79 4 84 30 71 59 97 67 25 31 63 0 51 79 76 59 67 67 57 29 67 2 72 4 25 71 18 26 54 89 88 9 78 44 86 69 73 16 52 2 4 32 37 67 34 59 75 41 60 92 28 76 28 31 98 22 28 90 48 46 14 24 60 38 16 21 13 43 72 28 42 23 55 65 72 51 25 72 2 17 5 76 35 33 40 64 50 86 59 17 88 53 30 69 34 87 97 22 50 82 21 62 27 82 29 16 80 63 8 71 26 49 48 39 31 39 19 18 27 96 56 81 85 12 68 47 80 73 16 48 65 3 36 70 37 25 90 34 82 96 5 80 61 26 32 64 39 94 31 54 33 14 53 85 29 12 89 24 67 82 24 36 84 94 10 54 0 7 71 74 69 83 50 17 3 55 38 43 98 7 54 68 76 35 45 49 74 95 90 96 98 88 41 46 57 69 64 25 2 15 73 9 25 37 87 17 12 37 61 13 58 57 90 40 89 45 63 98 39 47 90 59 62 58 46 93 11 73 14 65 62 37 97 51 98 94 73 68 94 5 28 87 52 98 21 93 85 4 40 91 76 7 24 17 67 49 7 90 90 91 61 8 95 64 36 99 29 23 14 15 65 86 58 93 74 23 40 27 91 8 56 74 26 36 98 4 64 99 12 17 8 85 87 70 30 48 93 38 0 69 69 82 46 93 19 85 28 9 96 
73 33 21 84 65 38 32 61 93 88 94 8 2 86 15 38 85 58 24 67 89 33 76 23 34 96 11 10 42 42 29 43 67 27 29 48 20 77 67 36 83 41 36 89 94 55 35 45 32 87 39 6 66 65 51 15 89 26 57 79 8 37 84 17 14 58 88 53 7 59 10 27 18 63 24 17 23 21 9 8 78 1 21 87 64 59 76 35 56 85 96 38 20 69 13 47 86 63 46 36 30 83 3 71 46 39 85 55 60 85 6 14 41 56 51 90 49 63 31 9 74 44 59 39 82 68 26 65 66 97 58 77 6 12 43 38 94 40 46 52 81 22 99 99 79 76 66 86 90 72 30 22 78 78 51 21 36 23 20 68 62 7 98 24 93 51 45 68 65 31 36 20 61 72 18 43 75 69 44 2 21 99 18 21 99 96 78 35 9 25 14 54 67 12 60 21 20 84 26 26 52 89 9 12 17 21 35 87 69 17 39 81 79 6 14 76 6 3 68 56 32 69 62 81 26 6 18 54 77 71 55 94 68 62 5 14 97 94 39 16 32 44 91 4 4 49 42 35 41 60 44 55 35 20 71 4 98 81 19 31 99 48 37 72 74 83 14 78 17 73 4 89 81 82 86 1 85 37 64 33 67 27 36 65 92 55 74 92 81 31 39 34 34 85 13 65 30 67 84 48 87 37 79 45 20 39 78 7 58 96 43 12 2 46 95 40 17 6 29 46 72 17 81 8 78 2 40 46 86 36 72 38 10 79 68 15 37 64 39 70 75 78 90 38 48 62 59 58 1 2 66 41 79 9 55 32 4 64 0 11 27 76 86 64 47 28 0 34 54 12 40 74 5 28 62 28 76 32 44 63 88 97 33 0 85 26 84 46 67 55 42 13 92 74 28 65 5 22 88 4 54 0 61 66 86 96 76 12 47 99 90 6 98 65 75 60 74 55 22 81 6 14 96 80 53 27 5 65 45 84 0 36 22 43 42 44 26 1 41 78 12 2 78 15 64 13 72 39 21 91 15 47 53 30 47 62 6 15 85 88 92 64 6 20 37 34 45 8 77 30 11 65 46 81 72 37 79 18 58 71 65 9 5 3 40 1 58 5 1 4 53 53 70 20 58 0 23 89 86 3 
34 53 1 25 23 94 9 26 44 84 25 93 71 36 13 72 66 37 72 31 46 97 62 21 69 87 55 23 65 56 93 47 75 39 81 65 58 42 60 38 1 30 79 84 49 38 13 47 7 40 47 25 14 1 55 6 90 99 9 56 92 41 8 38 83 55 14 2 22 87 93 80 30 54 15 88 31 62 17 62 58 97 59 93 86 8 40 71 16 64 35 13 82 15 7 75 14 3 72 3 19 14 14 95 9 85 99 17 97 57 70 57 85 93 87 20 90 10 56 21 64 3 40 94 28 45 84 15 88 25 88 6 76 8 88 66 20 17 19 80 8 27 91 21 36 26 29 70 80 61 0 57 11 35 59 63 6 52 48 56 90 92 74 44 90 44 69 93 6 78 44 45 73 79 95 29 47 88 42 10 29 51 2 71 52 58 84 38 77 11 92 22 15 32 31 83 35 64 19 47 59 20 23 82 73 97 14 64 62 16 68 77 31 20 92 50 34 67 39 89 53 15 79 99 42 54 63 46 96 36 44 4 32 88 46 17 72 87 97 11 79 83 56 87 44 50 22 82 86 90 59 98 78 59 15 94 0 89 32 30 22 5 40 55 82 51 75 66 77 69 17 32 6 47 70 59 34 43 87 60 94 12 58 56 93 64 22 3 15 35 21 58 99 37 46 77 28 77 9 43 41 40 89 61 47 20 96 36 72 35 56 10 55 13 40 73 69 94 20 12 49 29 40 96 7 5 56 40 49 57 42 58 97 47 7 65 75 76 29 68 20 20 27 90 42 47 64 89 42 45 28 26 31 17 59 11 90 40 35 34 60 65 66 39 61 98 85 19 58 10 84 47 86 6 94 11 51 38 39 61 73 77 91 93 60 30 56 70 20 12 78 14 49 14 67 39 48 81 70 18 2 48 26 21 67 72 61 6 73 75 23 7 72 32 96 64 69 61 71 14 98 50 94 43 81 75 83 88 24 44 49 3 33 79 85 17 32 39 93 76 93 22 90 96 93 57 6 65 18 16 54 18 32 19 70 58 23 14 29 8 9 15 82 93 76 85 55 91 25 17 9 33 91 86 52 93 87 21 80 2 91 85 57 86 91 98 77 27 25 11 56 79 16 21 29 73 17 81 78 49 
14 26 39 13 0 7 45 38 12 84 76 98 81 35 46 75 34 29 95 22 91 84 35 49 33 95 77 78 87 86 73 27 10 74 25 9 9 57 42 50 99 37 4 46 13 29 54 16 55 30 78 18 14 41 48 11 58 26 49 29 50 18 66 18 8 71 39 96 30 38 23 60 82 17 3 60 23 1 79 67 44 55 96 31 96 40 18 39 5 7 17 51 57 38 29 14 29 34 44 50 40 81 71 47 53 55 42 49 4 4 72 20 2 58 91 33 49 5 90 84 40 15 6 2 57 38 8 99 76 78 93 87 93 99 31 2 39 79 70 1 96 27 6 62 43 29 82 31 6 92 82 83 14 83 31 12 99 61 60 49 8 66 97 34 86 45 71 12 12 90 37 5 61 81 96 0 80 81 29 39 71 43 78 27 4 84 24 68 22 96 72 89 42 51 21 3 87 55 72 68 72 29 72 43 38 3 32 81 84 26 94 70 27 38 41 73 75 75 87 18 67 63 29 75 66 67 48 23 49 14 0 21 81 54 94 75 20 20 45 67 39 32 69 26 96 59 70 59 50 52 77 94 81 16 41 22 61 14 92 4 70 69 42 44 46 39 14 45 98 61 19 67 74 99 35 98 82 8 98 14 99 0 22 23 21 80 40 3 72 53 17 98 17 70 46 72 31 88 34 29 80 91 61 82 97 50 92 52 73 77 95 12 30 6 56 97 85 59 66 10 40 94 95 49 8 43 48 32 72 39 22 79 87 70 46 88 74 17 93 87 79 13 81 14 60 81 20 81 0 62 17 33 42 60 92 99 20 64 18 31 6 33 30 13 22 30 65 27 43 6 25 62 0 55 0 97 13 79 61 15 24 35 82 34 27 32 2 35 48 58 50 28 23 11 47 34 11 1 61 32 98 99 81 7 27 0 51 55 29 21 32 37 50 11 45 43 93 38 50 70 94 12 40 38 51 64 10 32 45 92 10 53 53 32 85 61 74 1 12 80 58 94 97 88 88 27 99 64 27 81 48 10 35 47 41 28 24 5 93 35 77 98 88 32 83 77 93 41 50 13 17 45 15 61 22 1 44 44 61 98 21 28 86 87 31 86 0 26 77 18 50 69 42 97 0 7 26 81 45 68 
15 52 67 77 60 81 48 52 80 95 14 98 75 31 60 20 73 33 21 41 7 90 3 80 7 92 37 44 78 87 67 79 10 40 48 3 61 69 83 71 82 29 95 73 44 77 18 5 35 59 70 89 86 39 85 92 82 54 19 54 12 35 26 17 34 76 97 5 98 59 44 66 32 7 36 80 34 20 80 62 79 94 60 16 59 11 81 21 70 80 94 34 50 92 28 96 49 31 12 78 26 94 35 49 18 70 66 0 71 59 33 36 24 4 9 7 85 86 52 45 69 12 63 12 61 7 44 94 34 97 82 30 1 34 64 11 66 99 98 27 98 84 55 62 16 71 31 44 9 44 15 93 35 89 94 58 60 32 18 43 43 63 2 15 61 85 68 51 62 47 72 44 6 57 77 68 86 94 23 49 41 81 79 12 6 43 60 13 19 50 22 50 87 11 41 34 63 55 17 35 38 80 1 62 65 96 56 62 15 14 24 38 33 18 1 89 83 73 5 78 38 72 25 56 41 25 81 82 62 34 62 22 92 29 51 19 27 9 86 26 8 11 97 43 16 99 47 13 34 36 12 74 93 29 36 32 36 70 5 0 52 98 13 20 26 16 16 3 10 15 38 91 52 38 23 49 91 7 62 17 59 92 36 48 30 59 51 56 36 86 14 29 12 7 82 90 12 92 67 67 38 73 95 24 27 32 69 11 2 47 87 9 21 0 95 43 31 70 50 14 93 85 22 40 75 16 24 28 50 24 98 62 73 79 7 48 28 71 2 11 4 18 81 65 68 9 65 18 25 17 0 91 94 54 82 90 44 93 5 41 29 31 99 34 32 49 77 31 78 36 72 52 25 7 45 65 35 64 24 94 5 56 23 48 27 39 16 99 51 65 25 33 22 26 73 8 61 93 95 41 46 47 36 72 88 46 98 59 21 68 64 27 70 33 51 63 9 12 88 64 63 53 4 27 72 74 12 9 77 84 6 53 25 93 63 69 36 82 52 66 52 35 18 53 35 17 32 55 16 56 26 37 60 65 70 0 92 44 9 62 39 54 23 75 18 1 88 58 88 64 91 9 55 78 98 95 24 13 80 67 96 11 48 25 94 84 5 90 14 42 84 54 82 76 42 38 67 97 72 23 
4 82 0 16 86 23 67 67 36 13 59 26 40 40 4 76 81 63 18 11 8 57 13 41 47 8 8 16 20 11 7 11 50 70 81 32 20 65 13 63 21 73 53 38 77 60 99 15 45 23 76 83 87 38 13 63 72 21 98 23 62 49 78 95 17 33 97 8 13 27 97 93 50 88 50 25 7 76 46 60 63 48 48 31 68 7 7 15 39 21 56 66 85 59 54 40 79 22 26 12 43 61 71 47 64 40 46 5 47 84 2 85 85 71 32 61 45 96 96 69 38 92 66 62 83 27 15 80 92 64 94 28 5 95 26 5 46 17 86 19 2 3 75 25 7 79 3 76 71 16 53 3 1 56 55 75 3 33 43 32 53 76 56 23 24 4 37 91 98 88 31 10 31 56 18 48 56 35 33 93 91 83 82 9 34 17 31 89 91 33 96 71 94 72 57 41 55 90 77 43 88 60 61 79 73 83 68 36 21 47 70 93 90 15 92 20 19 88 51 77 66 99 4 69 54 95 77 13 21 15 71 77 32 60 89 13 19 27 1 37 16 35 73 78 83 66 75 20 80 77 74 15 82 25 88 52 76 48 4 24 88 98 36 49 72 79 53 31 32 5 60 68 39 86 9 38 13 54 9 44 33 65 39 59 2 10 4 95 75 52 68 32 63 25 73 93 87 2 77 55 69 33 3 71 6 31 24 46 4 74 95 14 78 63 49 47 85 84 40 87 86 16 61 76 92 37 25 12 81 79 57 29 36 14 35 36 74 74 6 47 61 29 92 30 96 28 64 96 71 25 4 61 82 9 69 90 25 56 42 12 83 51 97 10 29 73 30 92 70 41 6 22 88 86 94 18 68 92 79 28 76 50 82 12 70 48 82 6 6 24 37 14 63 55 47 31 17 98 45 62 7 56 60 5 1 17 9 27 73 33 61 79 87 57 47 45 50 47 26 13 66 7 88 20 5 44 83 83 37 21 49 91 0 6 26 84 98 22 83 3 44 39 61 17 64 86 98 32 61 45 10 40 55 73 1 34 62 19 48 93 27 90 36 89 52 78 77 74 95 36 51 31 40 12 47 70 3 49 31 3 29 87 72 9 85 37 6 38 90 54 88 18 5 73 57 78 63 23 53 92 
53 62 47 29 20 23 29 22 44 5 45 8 28 90 30 44 66 90 3 65 51 20 85 74 94 62 99 40 80 23 17 6 5 18 68 2 0 35 27 11 7 31 95 85 26 21 71 68 28 39 56 57 92 10 68 49 53 50 9 59 11 33 0 3 72 3 22 32 93 32 5 9 62 51 64 5 11 14 57 33 14 41 21 44 69 10 49 69 0 77 44 51 8 97 28 89 70 25 62 99 6 11 53 89 49 80 90 35 38 38 11 45 62 48 32 1 41 63 5 79 2 35 4 15 97 99 44 34 92 16 10 29 14 88 89 16 18 8 69 96 0 31 33 32 90 38 21 79 7 92 44 70 75 86 65 18 94 54 77 94 71 74 0 77 49 49 76 6 17 46 71 16 20 15 68 68 6 91 1 53 26 56 57 83 88 29 89 91 91 17 60 52 50 89 56 16 41 43 83 97 95 19 25 34 22 28 46 50 7 85 69 93 91 39 14 49 48 58 38 56 37 70 59 52 68 21 17 33 25 73 29 42 73 90 73 44 89 70 76 67 9 78 7 45 46 63 66 2 76 47 35 63 92 10 61 96 63 88 90 6 77 78 39 67 16 0 87 87 14 11 85 50 5 73 30 48 3 63 33 0 42 44 85 71 14 86 0 96 79 44 22 88 66 94 77 12 35 47 46 0 82 45 65 75 25 31 29 85 22 56 77 71 7 77 61 10 28 11 10 50 84 83 13 70 53 26 17 93 12 48 51 71 17 76 18 46 75 85 88 98 63 15 65 47 18 45 88 93 47 28 89 15 47 20 56 75 1 13 4 5 39 12 71 20 0 11 10 45 82 94 32 24 10 26 39 69 17 18 80 92 46 53 27 36 93 91 28 90 2 52 38 94 43 96 27 31 85 12 50 3 83 98 73 7 13 6 20 46 68 22 49 21 72 27 82 71 31 98 5 48 27 97 62 57 66 77 35 30 73 7 37 38 89 21 63 91 94 48 24 97 86 97 73 3 64 34 4 84 64 40 34 98 49 36 60 59 42 72 32 46 37 97 22 9 86 30 90 11 89 67 45 93 59 94 16 62 90 30 52 92 7 17 13 9 6 99 74 14 73 82 8 73 91 47 19 89 16 0 90 45 
57 22 71 75 42 31 91 45 18 17 72 26 97 53 30 62 27 23 32 16 70 37 36 49 31 27 26 11 4 60 26 91 28 97 24 43 79 67 25 9 46 24 68 97 10 38 79 6 56 86 36 18 15 68 62 75 1 72 20 57 76 67 97 57 5 35 48 6 5 34 29 6 7 45 28 1 70 48 97 73 55 94 30 98 66 10 92 42 6 46 95 89 40 66 33 61 69 72 22 94 40 76 0 96 41 55 53 29 34 92 72 9 69 70 70 52 45 53 58 6 22 69 37 62 42 98 47 72 85 47 68 93 90 89 35 99 93 80 20 2 72 57 19 60 70 40 93 17 32 46 4 96 26 21 95 18 99 49 66 53 47 51 59 18 0 88 10 64 18 27 81 23 21 50 21 98 57 76 37 28 37 79 95 64 5 15 67 55 43 13 71 54 50 80 69 10 8 99 12 97 2 91 0 27 19 15 60 43 39 44 32 46 24 27 8 21 29 73 13 95 4 81 19 57 90 83 5 20 78 7 26 32 72 83 65 4 80 17 97 93 15 52 86 54 22 62 1 59 59 92 68 69 81 48 6 28 58 51 75 48 26 89 15 59 51 4 44 50 41 27 84 65 8 28 64 82 95 64 22 29 86 76 42 3 96 78 25 60 8 24 4 37 93 38 10 57 18 75 57 78 60 1 69 87 89 71 91 42 36 36 81 50 73 29 12 88 75 24 80 76 29 68 27 56 63 95 85 25 28 96 57 85 53 4 63 34 84 58 70 22 83 34 45 11 96 47 89 97 27 89 49 2 33 84 3 55 69 70 28 79 87 78 58 19 69 39 14 84 88 81 82 0 71 91 41 20 74 10 76 87 32 31 88 3 9 86 55 73 65 6 25 52 3 75 78 91 24 63 8 57 20 40 20 12 73 88 31 62 56 3 3 9 57 6 15 18 50 84 61 56 29 0 82 27 49 65 42 52 94 89 44 72 50 41 73 31 33 82 70 16 77 95 76 7 9 12 90 36 92 38 19 34 76 59 92 99 81 60 79 81 91 0 98 42 88 47 58 91 11 2 61 51 36 51 68 80 10 20 25 97 67 72 3 37 75 43 24 15 72 35 29 85 63 9 80 3 68 81 37 0 
34 34 64 22 49 38 90 88 85 94 81 57 84 77 75 64 54 46 19 25 79 42 54 34 11 69 60 83 10 54 24 75 74 20 59 29 89 11 24 1 86 25 84 91 53 65 5 91 64 76 62 32 49 27 32 72 21 88 4 22 36 32 6 39 39 72 82 71 70 94 12 79 44 87 19 90 69 21 77 28 20 53 12 65 18 31 45 19 5 54 15 88 30 96 73 58 28 54 59 5 25 32 3 29 25 81 88 20 22 73 6 90 20 89 28 42 84 65 88 36 76 57 3 44 75 7 1 26 62 26 94 91 15 38 64 58 1 44 49 38 7 49 30 95 66 36 16 98 97 39 42 38 4 12 48 33 75 82 35 41 61 3 2 53 65 3 26 21 90 78 88 94 63 9 64 1 71 97 65 2 98 44 67 22 90 28 20 84 19 40 19 78 69 23 29 66 41 81 54 52 80 24 93 87 45 26 76 71 37 44 30 87 80 93 34 94 9 47 98 27 83 97 99 73 84 94 30 71 2 68 33 47 56 35 17 37 78 52 68 27 51 84 59 65 10 92 50 4 66 39 36 66 28 58 96 68 99 27 20 1 79 45 26 34 72 58 5 87 47 14 29 43 19 34 83 24 13 0 23 31 2 56 80 30 79 11 76 33 29 57 62 83 65 47 30 86 75 90 18 27 46 38 50 65 96 25 47 30 29 20 59 97 65 58 27 58 18 51 70 23 50 37 39 1 19 51 57 15 72 61 42 83 1 93 7 25 27 66 84 18 26 6 92 61 81 16 66 83 54 20 61 60 39 48 1 56 38 81 43 4 74 54 99 52 83 31 24 91 67 23 30 22 68 46 31 85 81 59 51 1 93 64 25 64 92 11 10 41 7 10 26 13 37 83 17 49 34 49 10 34 9 15 93 45 48 95 51 41 15 9 28 27 25 15 82 68 68 78 5 5 55 86 5 67 68 45 65 43 84 60 20 85 5 31 10 54 48 94 91 97 78 59 28 85 89 10 88 62 46 88 68 10 93 22 32 22 99 71 30 65 38 21 53 31 28 0 3 80 79 27 79 1 72 61 10 17 49 39 93 8 14 63 42 68 4 40 72 16 75 79 18 21 66 66 19 76 85 26 80 5 
53 15 82 52 14 87 99 24 5 37 1 18 67 77 93 67 86 72 63 7 31 78 2 62 92 20 32 73 97 70 21 49 64 54 39 34 73 4 62 25 60 18 83 87 56 63 97 37 21 93 36 29 8 79 93 35 72 84 72 78 74 8 41 61 11 6 76 9 82 39 23 60 63 19 10 70 39 87 20 18 80 25 64 1 30 30 12 3 71 97 50 51 89 95 49 75 44 61 95 25 99 96 0 32 62 32 9 4 20 35 71 40 83 51 22 55 59 31 48 58 3 7 48 30 25 82 57 27 68 82 59 71 2 52 29 84 8 66 10 32 63 69 14 58 49 37 58 10 93 36 38 23 44 11 23 41 35 88 13 89 58 42 83 45 34 55 70 58 93 39 14 85 89 68 0 46 49 2 61 46 39 94 23 72 5 1 38 4 21 67 8 72 8 46 63 13 6 61 5 24 44 45 32 55 46 32 70 10 63 58 64 21 73 27 12 45 54 55 39 39 47 0 88 51 12 75 93 6 19 48 68 37 14 88 1 62 4 27 45 16 36 42 34 24 14 42 2 27 14 4 56 88 11 16 50 19 86 39 63 17 12 93 69 36 75 43 66 71 96 1 44 86 44 77 73 89 61 89 38 27 51 74 48 80 79 36 89 28 85 83 7 8 7 10 92 91 87 8 36 63 15 60 99 67 36 53 17 31 51 25 90 78 98 82 9 40 63 55 84 4 6 40 28 32 5 74 60 37 8 52 21 77 51 46 38 18 29 97 11 95 73 47 94 85 77 92 42 99 50 12 12 10 65 5 85 91 91 18 7 90 15 52 13 53 30 23 18 83 88 18 2 60 89 74 91 19 37 79 15 66 67 34 55 7 97 2 29 70 92 9 3 12 94 16 74 41 38 78 60 15 97 69 3 40 23 36 99 45 41 45 83 28 0 73 29 96 39 78 20 14 5 82 11 41 57 57 5 71 61 94 77 13 53 96 22 34 98 15 54 95 14 99 42 57 36 7 11 41 10 80 75 31 70 92 90 25 82 9 2 49 21 14 77 79 91 54 40 82 21 78 71 7 59 95 56 76 84 48 72 55 83 57 64 27 91 35 5 56 94 76 43 49 90 57 42 94 24 1 75 3 
95 78 37 23 88 30 77 75 60 33 15 89 55 16 54 29 88 62 38 82 38 36 46 3 14 62 15 29 74 32 30 7 32 63 12 51 59 46 19 4 9 4 43 63 72 70 58 69 62 81 99 47 34 20 57 98 26 53 28 65 67 30 60 45 39 89 64 58 28 0 17 77 35 95 17 47 90 10 77 72 59 60 87 12 90 74 51 98 81 5 19 75 40 85 50 91 4 4 77 65 70 29 97 16 53 7 66 82 96 62 85 71 38 63 62 21 76 47 84 26 70 79 56 50 52 4 46 14 83 94 15 21 52 19 40 88 40 43 12 99 28 16 89 37 77 47 82 12 1 12 37 78 91 77 69 83 75 72 53 41 98 51 20 16 84 61 39 17 4 0 94 96 44 53 26 59 8 75 87 82 39 22 14 78 50 68 77 41 72 5 71 98 49 14 21 49 49 87 36 60 18 5 94 46 20 58 50 87 18 16 46 57 17 11 43 30 3 43 15 29 8 81 1 56 64 27 35 89 27 17 11 62 73 35 6 27 80 27 54 36 35 63 62 30 32 53 63 0 66 42 62 32 83 52 89 66 60 55 85 80 91 5 15 20 4 16 9 97 16 83 72 96 32 91 98 18 0 5 85 4 53 2 8 92 71 97 14 88 4 17 87 99 84 1 11 91 31 8 38 38 90 49 41 5 11 90 10 75 31 64 10 73 30 63 64 42 37 93 29 69 75 25 70 98 67 54 76 18 38 71 78 0 43 47 10 6 43 19 97 80 85 73 58 65 10 84 55 7 63 65 18 96 25 79 0 50 36 25 27 36 34 5 24 27 19 39 21 46 30 13 88 78 86 43 22 38 41 69 79 35 30 35 8 62 14 54 47 15 21 21 95 95 66 15 60 60 55 73 55 7 74 72 49 88 32 22 20 92 98 73 8 38 37 67 40 25 2 81 88 72 45 1 95 64 31 65 86 96 76 76 77 43 91 77 61 18 31 2 4 69 87 47 84 69 35 46 54 49 53 87 37 88 41 53 44 96 40 49 95 26 28 34 87 68 44 95 88 89 18 47 8 24 33 97 55 64 55 51 66 44 54 63 11 35 87 45 87 52 56 79 30 88 72 49 18 49 17 13 17 25 
69 11 77 7 46 49 43 80 4 41 32 91 59 94 44 10 81 13 74 99 94 10 27 21 77 7 78 56 63 20 56 40 70 74 84 40 27 15 71 51 37 75 39 69 67 36 39 71 95 81 71 43 59 5 44 96 76 88 71 26 17 26 1 47 29 52 29 30 36 57 99 58 27 27 51 22 63 43 23 1 27 83 51 20 17 23 71 42 78 61 8 55 86 6 13 57 89 0 33 47 77 65 70 43 40 60 63 32 29 12 0 43 30 71 6 89 75 69 40 62 54 58 89 12 48 16 52 48 84 79 22 12 25 39 4 64 57 8 55 44 79 25 55 8 82 72 29 22 20 9 23 98 29 74 46 93 0 90 89 65 51 33 88 90 72 67 74 99 92 75 13 96 11 70 61 16 56 58 60 82 83 54 78 27 69 77 4 93 4 63 65 94 93 70 51 29 87 96 65 75 31 25 37 71 47 53 23 35 71 59 74 65 55 85 58 47 74 4 27 61 60 96 21 77 98 86 48 48 63 0 68 93 90 97 60 21 97 4 10 15 13 17 87 20 80 4 56 96 1 59 88 79 79 4 34 88 57 39 19 66 29 75 55 73 17 48 25 34 15 95 4 66 61 40 63 83 81 76 87 42 89 82 35 16 73 33 91 57 88 76 25 73 61 19 69 98 21 93 55 7 95 71 66 99 89 50 3 74 84 54 98 24 83 15 94 64 76 84 18 99 29 58 81 50 62 33 77 98 2 85 90 7 46 99 70 14 9 36 13 64 20 99 91 78 31 82 37 70 55 15 40 54 44 81 31 59 71 19 11 77 96 5 44 20 9 92 65 3 35 98 79 83 21 9 50 77 38 91 90 29 3 92 70 21 0 86 57 48 30 62 71 72 42 63 28 68 20 26 33 10 99 72 3 76 23 35 70 75 68 65 59 80 87 77 8 20 0 79 2 28 61 96 74 0 69 12 10 60 5 51 70 94 89 92 15 81 88 38 50 25 16 79 33 79 18 71 55 79 67 66 37 19 71 15 81 21 85 10 28 48 97 64 92 37 29 54 9 34 90 26 39 35 74 47 84 62 70 78 83 97 52 26 66 46 61 65 83 45 29 25 73 33 47 62 89 49 30 83 93 86 
67 55 84 13 14 2 27 15 46 0 65 99 30 55 79 76 83 23 60 70 51 0 5 75 40 23 88 11 11 45 40 55 9 19 53 79 78 95 37 78 79 75 80 51 65 88 36 62 95 45 68 84 90 3 52 73 72 91 15 8 65 28 86 27 37 79 99 50 70 14 55 75 39 29 95 35 55 45 3 17 44 66 98 4 58 41 20 47 38 93 85 92 99 95 37 46 19 62 17 65 46 56 24 27 83 58 73 27 6 40 88 97 47 60 11 45 35 49 79 31 29 71 90 67 3 85 61 11 14 9 36 42 34 63 47 48 14 85 50 63 4 1 3 24 65 55 30 77 78 77 93 4 57 89 50 67 48 87 47 32 4 52 42 68 30 96 0 13 40 4 44 49 85 68 1 15 28 89 44 37 18 55 59 10 7 16 98 31 76 86 23 41 79 76 62 15 84 8 7 70 49 86 88 81 64 1 24 75 44 65 86 11 75 33 84 64 40 68 2 38 80 76 52 84 3 99 64 15 43 80 20 54 10 85 47 15 38 42 9 42 95 40 69 2 52 44 55 31 3 43 77 2 6 74 16 32 51 23 62 8 3 60 74 82 3 28 75 61 55 69 24 24 40 24 33 89 37 62 5 64 4 91 44 45 79 28 3 57 47 34 63 52 58 99 16 32 90 31 8 6 14 23 40 2 84 26 85 84 7 39 48 17 17 84 61 92 33 74 61 8 54 40 10 38 44 63 37 89 26 44 88 9 34 54 88 77 13 17 72 14 72 38 57 63 25 30 96 82 94 88 83 82 15 77 97 85 80 68 59 44 90 63 25 16 65 85 90 37 6 12 29 78 0 3 56 65 53 54 36 85 29 31 19 22 95 3 18 88 92 89 92 65 43 39 24 92 81 65 52 37 84 86 23 12 0 94 56 45 14 65 1 21 31 67 52 29 81 28 21 15 93 90 47 69 20 30 45 68 82 46 69 80 50 11 15 73 15 10 62 3 9 55 3 77 10 57 13 70 69 41 28 46 1 54 53 48 24 69 91 79 37 93 61 94 45 67 31 0 75 9 23 6 21 10 95 91 9 95 21 62 33 76 8 46 43 18 64 44 63 81 19 57 35 62 0 46 20 49 79 78 
82 30 73 55 47 79 33 38 33 98 49 70 10 78 78 68 71 47 25 3 16 26 95 79 99 62 21 0 72 52 67 27 91 78 89 39 17 71 16 8 50 44 39 95 45 36 9 41 69 13 45 83 49 11 66 69 59 34 69 10 80 8 52 40 18 38 49 62 85 40 94 19 59 72 77 22 62 32 91 26 73 21 28 56 50 7 6 57 33 66 82 71 98 45 9 88 95 25 63 82 55 83 66 98 92 45 18 6 8 23 93 12 78 75 22 84 11 82 86 20 51 61 91 97 4 46 51 74 36 35 61 11 38 99 29 73 91 0 90 52 42 79 43 97 60 90 88 71 30 68 3 5 17 2 37 19 78 52 91 87 59 52 83 6 13 81 21 49 63 96 72 40 75 42 34 7 20 59 45 80 55 58 87 62 80 2 33 84 86 74 72 44 54 45 51 96 60 32 79 39 34 70 10 6 37 94 35 88 7 67 32 90 19 13 41 30 41 10 68 79 97 72 33 26 77 87 23 98 50 74 44 50 88 44 49 11 10 66 60 91 61 3 9 61 86 30 81 3 26 38 66 61 0 58 99 39 52 58 0 36 37 62 20 19 15 9 25 78 69 74 70 22 78 19 50 41 26 39 1 36 67 74 85 76 10 95 29 94 18 81 31 63 11 69 55 81 44 8 23 57 22 15 3 75 10 41 90 42 37 43 33 71 35 36 76 76 40 85 96 6 93 29 60 1 84 54 10 36 72 78 66 59 48 45 48 83 59 35 72 95 0 72 63 83 44 56 8 91 96 18 7 65 42 96 71 27 43 47 49 35 7 77 75 67 40 44 36 62 59 20 19 49 90 21 40 25 88 91 39 62 49 28 26 14 12 63 22 9 81 14 70 10 33 91 21 31 73 63 47 5 38 35 77 60 8 1 31 55 79 59 48 3 0 68 36 82 38 3 35 53 68 12 15 23 62 42 38 93 43 3 8 26 7 86 40 76 77 70 94 9 26 10 79 44 83 9 27 51 5 71 67 16 81 13 93 7 8 56 97 87 2 78 15 63 23 58 38 17 27 8 72 49 0 53 35 0 72 3 81 84 5 86 33 77 95 55 23 64 0 52 30 90 4 22 18 1 67 6 68 67 
46 2 56 39 93 22 53 98 63 63 12 20 36 99 28 49 97 15 37 98 36 53 36 49 91 10 69 38 28 32 75 17 3 21 32 36 27 14 55 35 99 69 58 51 35 84 26 73 14 14 24 59 69 90 65 68 81 55 29 69 27 44 97 19 33 15 0 17 77 85 39 20 41 26 48 27 16 64 38 37 53 11 16 23 22 80 45 36 47 68 40 11 58 83 20 48 79 94 10 77 60 8 16 64 16 65 14 10 68 99 70 50 61 21 45 89 30 13 80 72 51 94 87 32 70 26 69 1 25 96 70 11 31 86 13 88 22 32 55 86 67 61 22 83 89 41 79 63 81 40 76 23 23 86 28 73 23 82 0 62 81 43 20 78 53 55 18 78 44 45 83 74 48 74 85 50 68 2 6 67 23 2 73 17 56 81 33 75 75 26 63 64 23 78 66 18 37 83 77 34 4 72 42 82 18 38 27 61 52 63 6 71 24 90 85 44 0 17 94 28 1 17 20 50 10 42 23 4 45 57 65 52 47 13 98 27 90 49 9 83 71 55 60 95 92 32 74 42 36 77 94 86 71 59 81 50 66 98 78 54 30 2 6 17 21 68 69 67 44 0 33 76 91 52 68 44 47 53 24 58 85 58 29 75 44 76 3 98 68 24 7 23 50 47 86 33 7 32 85 15 53 45 10 45 10 24 4 34 96 33 93 30 37 15 68 70 50 88 51 54 42 52 16 65 25 2 11 27 59 2 25 42 25 82 45 20 42 90 15 94 70 64 65 49 54 86 76 18 58 56 95 99 57 96 31 60 79 50 82 96 71 6 0 12 49 65 48 45 39 30 92 57 24 20 55 12 91 96 85 57 82 76 94 5 94 77 63 37 60 98 31 60 70 25 69 2 44 34 56 16 66 22 19 41 44 61 95 32 66 95 14 84 68 96 86 4 90 14 16 76 48 10 79 99 48 47 60 57 32 56 96 71 66 92 71 61 6 59 24 70 62 47 58 14 18 4 22 12 45 76 5 19 64 51 2 72 77 63 7 40 95 91 30 87 35 43 44 21 69 70 98 8 49 58 82 8 5 90 75 6 14 2 27 78 1 27 16 69 31 41 3 42 7 43 88 29 79 52 49 24 
35 44 63 31 75 78 30 58 94 25 32 59 86 66 41 58 27 52 29 78 89 0 92 86 54 25 50 37 13 96 9 40 9 80 86 40 53 61 22 92 18 96 80 25 54 93 11 96 49 91 59 86 87 92 44 52 26 51 69 14 7 90 74 62 39 57 5 40 55 66 85 60 22 14 6 82 93 77 92 1 32 79 93 87 39 11 24 23 55 20 8 72 49 9 97 49 50 4 34 23 4 67 66 51 58 89 84 36 39 25 32 89 4 51 5 65 22 69 51 24 71 69 2 20 22 53 68 53 28 81 13 22 86 50 49 75 32 11 50 92 35 5 52 82 89 28 79 11 63 24 40 13 15 45 62 60 39 28 56 62 18 20 68 53 37 76 78 33 28 76 25 90 86 92 24 32 73 53 87 39 59 71 23 4 7 24 91 38 15 71 55 44 66 29 27 16 84 95 33 27 49 65 20 72 10 15 30 50 85 59 93 91 36 56 3 91 83 84 52 95 60 43 69 24 3 37 38 87 70 48 45 78 75 89 65 51 20 67 59 51 59 20 71 19 5 19 22 65 31 60 2 77 30 58 74 81 54 65 6 2 95 91 96 89 62 75 61 36 85 24 96 10 98 14 4 19 90 6 20 10 51 11 14 49 63 57 42 87 72 84 19 53 87 90 69 78 81 18 65 22 38 90 21 18 75 65 1 82 20 47 81 78 86 85 2 70 42 24 60 63 57 12 95 28 47 70 95 47 51 46 55 32 23 94 25 48 83 16 83 39 34 24 95 22 21 57 84 16 21 29 20 71 46 7 15 80 45 40 79 47 29 46 77 68 94 7 71 33 96 23 76 33 79 78 21 84 84 13 81 37 97 65 94 50 5 65 53 94 63 83 78 59 99 8 8 13 87 24 96 12 98 22 10 58 76 12 26 54 52 80 45 34 65 16 49 6 48 48 61 30 78 51 16 86 78 95 27 14 62 84 31 69 25 20 9 48 31 60 2 39 82 24 67 55 57 8 64 66 85 26 90 3 76 19 22 83 87 30 76 98 82 75 81 32 58 75 27 50 51 17 10 88 32 38 21 18 29 26 29 13 8 42 96 57 97 14 4 35 61 41 10 41 32 33 23 18 92 51 44 36 
38 24 97 67 15 61 84 95 5 51 16 92 73 66 74 41 38 89 41 89 97 67 90 85 16 20 36 79 58 62 38 72 71 65 69 67 92 57 38 66 25 54 71 53 5 19 30 13 73 59 38 24 78 90 28 53 35 9 93 69 46 77 75 88 14 6 41 52 93 1 42 96 21 82 4 5 64 52 17 15 62 99 36 46 66 60 11 40 82 50 94 27 8 96 15 35 4 15 79 29 18 29 28 37 34 48 1 84 32 9 83 28 45 61 68 39 12 2 12 69 66 40 76 15 12 98 11 95 51 4 54 61 49 34 80 22 18 16 88 57 78 16 59 65 1 38 28 78 87 70 18 16 23 77 20 2 73 71 11 24 95 51 27 3 20 82 32 17 79 57 68 72 86 4 7 38 1 45 96 64 47 28 30 32 99 38 76 5 97 68 1 49 59 98 58 14 10 26 34 75 3 48 23 64 0 6 49 78 18 75 33 9 9 58 87 29 93 42 75 34 87 19 16 46 56 55 68 16 83 36 49 9 32 81 13 0 7 82 20 94 77 27 22 60 0 83 98 56 48 41 14 50 55 9 46 81 54 31 67 92 4 42 89 16 77 22 14 19 1 95 83 76 83 9 26 14 89 31 24 72 36 50 53 37 73 78 73 51 87 71 54 54 45 83 85 50 41 53 64 92 72 41 79 81 70 22 82 15 11 8 14 63 23 62 88 3 31 38 46 81 59 89 59 83 92 96 62 4 68 14 53 42 29 20 82 5 97 81 6 56 11 38 57 71 37 63 58 76 24 67 91 95 85 59 57 4 85 84 98 14 78 85 21 28 84 45 17 12 14 15 56 3 13 53 63 81 51 44 46 47 1 78 88 34 0 50 91 93 10 33 81 65 53 31 74 66 18 52 93 71 61 33 70 28 12 7 10 4 78 90 14 69 6 10 62 45 88 36 5 20 97 39 86 87 70 40 42 25 20 10 2 45 76 12 70 6 7 81 22 82 38 40 53 67 11 41 40 11 16 53 96 96 49 70 64 49 62 5 28 48 26 57 85 71 69 20 32 98 12 51 96 78 30 35 22 93 56 58 86 81 15 78 12 85 11 24 30 2 19 60 28 25 74 2 44 71 2 43 42 16 
59 43 47 45 3 55 81 48 46 13 3 74 43 80 22 89 20 16 22 83 9 94 58 35 40 77 17 17 9 54 99 40 19 98 71 8 40 67 9 26 37 81 36 79 44 75 30 4 15 81 60 40 2 67 19 9 82 32 52 41 57 45 27 17 53 33 11 63 85 65 30 24 3 73 26 2 98 67 45 18 11 24 47 48 13 76 15 88 83 25 85 74 56 81 26 0 12 34 88 33 93 15 68 84 22 99 55 71 97 39 82 78 78 48 62 11 92 73 8 75 10 29 13 36 32 67 55 68 83 73 81 6 60 71 33 37 34 58 34 63 13 12 3 21 36 56 22 82 84 17 12 43 21 85 35 78 68 79 25 0 11 12 90 50 56 78 35 16 75 77 49 32 85 38 81 23 38 48 93 73 7 15 36 46 58 52 26 69 20 88 46 14 37 50 99 48 75 44 77 85 23 25 14 81 18 18 48 33 53 43 83 75 55 46 72 57 6 50 13 30 95 53 33 79 31 60 95 21 87 93 45 22 67 26 97 62 70 65 83 29 80 29 36 18 3 21 85 94 13 46 54 25 2 39 73 64 72 96 21 93 33 48 99 29 3 74 43 39 50 95 22 9 57 90 91 82 38 15 5 23 81 94 4 95 71 60 93 31 67 17 75 44 39 25 66 22 86 10 16 92 75 8 31 98 79 85 21 39 22 10 83 58 47 89 10 6 51 31 50 76 85 61 15 47 20 38 17 8 79 63 9 0 32 83 99 33 62 5 29 75 3 16 13 57 51 16 20 14 3 66 7 97 95 91 94 65 94 0 65 37 47 95 62 38 71 87 58 10 92 5 10 69 3 84 34 80 77 72 12 98 88 26 31 67 31 18 36 98 50 13 80 68 95 95 50 26 9 4 98 11 93 94 91 76 15 77 52 11 51 94 57 66 74 11 62 3 32 30 89 89 37 79 94 77 39 26 5 75 60 96 19 15 10 27 2 4 63 85 14 24 99 88 68 10 70 83 29 79 87 33 36 23 10 42 2 60 7 31 66 82 88 39 80 72 26 89 9 70 78 51 61 8 63 38 75 86 17 37 71 28 94 58 3 14 42 3 22 86 66 19 9 90 58 24 98 20 15 96 37 23 
38 74 1 32 14 10 73 10 35 20 9 90 2 48 57 20 85 28 76 4 46 37 76 98 67 99 29 34 14 53 70 91 95 83 58 98 89 81 42 23 16 41 78 3 49 60 94 55 3 41 71 67 4 8 60 0 65 9 26 19 35 35 2 74 77 49 11 69 24 80 36 34 67 29 93 20 29 63 50 55 94 33 74 81 2 77 67 78 84 9 60 23 65 39 24 79 37 82 80 38 70 42 54 6 62 59 72 86 33 61 47 96 49 7 38 68 31 64 74 35 75 72 78 14 23 89 94 39 15 29 81 90 62 22 91 79 65 42 57 44 36 98 66 52 84 40 32 48 71 34 20 12 24 92 66 94 72 17 33 76 23 70 1 53 34 44 59 22 78 97 25 1 17 62 17 88 18 46 25 55 54 10 94 4 57 90 77 3 33 42 10 20 83 47 66 0 18 54 80 76 22 74 46 8 92 85 14 29 22 15 77 55 8 3 52 31 77 22 76 0 29 47 90 27 56 86 31 71 88 94 13 17 22 21 83 93 65 94 71 37 23 61 63 25 26 66 57 92 43 30 64 62 60 65 19 15 74 88 3 93 10 69 96 79 48 48 58 93 89 86 22 6 45 4 33 6 26 62 52 45 10 68 70 53 39 3 14 33 86 42 13 92 55 69 14 69 77 63 14 13 74 27 87 95 85 3 10 20 42 52 56 52 17 99 92 53 95 92 32 80 64 37 41 37 56 91 12 41 82 48 30 7 7 84 64 65 8 34 39 38 55 86 67 24 53 60 88 61 76 73 19 67 83 72 58 82 59 53 38 80 25 20 83 52 51 75 2 44 78 28 30 93 21 87 9 89 11 37 76 51 57 27 22 1 55 37 10 58 52 2 76 11 82 21 50 80 95 15 94 39 57 33 67 49 79 75 83 9 44 95 56 63 1 48 74 12 15 23 87 60 20 59 12 43 97 9 22 19 82 24 48 87 72 30 30 74 35 67 23 21 19 78 64 81 97 80 35 47 64 90 37 85 94 16 18 90 3 70 97 48 43 62 75 47 59 32 71 15 47 18 76 82 57 52 5 31 99 75 64 64 13 1 18 62 92 52 51 87 87 60 37 26 95 32 51 76 55 38 99 11 
14 55 52 76 16 58 75 84 16 8 50 7 38 34 56 85 49 95 32 60 72 44 41 89 68 46 6 94 93 2 29 94 95 9 4 39 89 6 13 82 68 87 68 54 50 15 68 30 38 27 85 22 18 70 1 51 95 16 99 15 31 71 88 67 4 43 44 28 22 73 99 85 19 34 49 3 76 91 91 19 13 43 68 87 96 88 91 31 85 76 71 65 86 78 45 86 77 53 68 51 81 79 74 19 44 57 37 94 21 60 46 4 91 9 40 26 31 57 34 91 50 15 60 33 32 51 3 98 27 90 36 56 3 80 80 91 18 45 98 62 36 45 46 9 64 53 94 43 6 89 4 26 22 90 28 21 34 92 60 75 45 6 97 3 95 6 20 70 63 74 82 97 28 35 11 84 70 56 41 40 12 24 2 62 96 9 2 60 7 58 76 91 51 20 80 86 45 5 72 16 55 60 30 43 98 26 46 12 2 5 88 67 17 72 67 67 68 41 30 11 48 45 28 94 16 98 96 94 82 62 12 81 23 69 81 19 24 26 64 76 49 1 25 16 75 18 72 35 39 51 14 32 53 60 89 47 98 14 7 27 35 73 1 86 21 98 19 21 55 66 44 63 55 6 53 97 8 5 20 34 2 88 96 6 40 58 79 92 21 6 51 77 90 92 31 52 68 67 87 88 64 61 76 43 6 88 2 35 26 39 37 72 49 60 46 82 61 52 56 23 87 71 79 33 37 62 63 74 6 90 42 29 38 25 46 7 84 58 47 99 73 59 83 47 5 89 53 32 21 67 46 76 21 89 56 58 20 87 16 67 38 13 36 82 89 11 81 29 31 35 9 62 70 19 80 64 95 93 97 64 85 20 38 20 26 49 53 34 67 71 4 45 72 54 25 24 74 11 17 50 34 96 88 40 39 81 17 77 0 61 7 33 86 16 30 33 86 51 75 56 18 75 47 34 23 0 52 48 74 18 12 1 40 47 60 87 40 1 84 84 21 71 93 42 36 43 24 20 28 44 84 54 95 28 28 30 75 93 90 45 63 47 42 72 20 20 81 14 18 78 56 80 69 18 88 36 72 68 6 26 41 60 53 28 81 65 58 78 94 94 73 2 97 18 43 96 33 7 13 55 
69 92 47 88 16 54 62 26 95 79 73 88 38 50 51 24 63 11 4 47 41 81 44 12 26 56 56 1 23 55 90 47 61 79 1 9 21 0 29 56 81 64 25 89 69 49 14 29 6 45 10 56 13 42 90 58 59 84 65 52 92 96 7 86 38 14 32 19 63 3 21 67 90 14 93 20 92 18 73 28 6 13 24 87 5 14 2 73 97 25 78 73 90 84 93 85 46 96 88 13 55 31 79 24 20 60 2 0 82 27 76 16 53 55 65 14 34 24 83 18 3 87 26 70 72 22 25 8 52 85 44 75 97 34 22 93 83 22 78 68 68 71 22 24 19 63 1 61 97 62 79 61 31 49 69 47 73 74 42 49 82 56 90 2 41 18 99 19 77 28 22 51 2 34 43 92 14 94 67 32 65 12 36 75 39 91 42 81 89 97 42 22 80 6 56 12 28 21 32 23 20 71 56 54 59 10 11 53 24 39 14 8 80 97 86 61 24 27 27 89 58 77 97 3 64 59 71 97 85 59 47 85 69 88 6 15 11 60 7 2 57 68 43 64 5 43 4 22 60 67 60 69 46 73 19 55 55 13 31 67 41 71 78 20 82 61 63 86 34 19 49 9 89 69 16 98 89 30 33 18 47 21 5 14 30 20 99 98 2 0 27 38 89 24 35 65 80 39 92 7 91 75 22 25 53 64 53 57 90 65 6 49 84 36 71 76 57 33 2 78 34 54 29 86 90 80 6 74 9 31 92 99 34 22 4 38 7 95 5 52 5 28 72 56 40 62 78 55 39 18 35 95 73 29 41 89 11 2 20 63 81 92 85 0 61 21 97 39 24 69 21 13 38 71 25 6 61 67 53 80 26 7 82 39 49 61 62 89 90 3 72 24 1 69 1 94 27 56 21 8 38 66 21 30 39 41 15 63 91 64 24 27 42 57 90 64 1 66 12 11 7 5 17 2 65 82 86 48 90 5 70 13 70 17 37 39 58 55 87 11 72 0 26 96 86 25 8 68 0 83 18 10 25 48 43 98 73 11 45 85 94 57 26 22 40 22 45 34 75 25 78 60 70 91 78 86 75 17 36 24 62 19 63 39 98 83 67 12 83 42 73 44 55 51 94 48 43 63 96 92 
81 33 88 52 94 98 88 63 92 22 14 85 37 1 52 65 5 29 97 1 86 72 64 73 77 37 47 87 25 58 75 32 79 81 86 37 83 80 28 49 83 89 58 92 43 71 62 63 63 21 33 35 65 55 14 60 40 62 13 69 35 81 10 48 40 60 64 99 54 36 98 80 85 50 71 88 24 84 40 38 54 68 85 79 93 77 47 89 38 89 18 80 61 58 91 43 36 87 62 2 83 87 18 0 58 77 57 20 43 85 84 29 71 61 88 84 69 59 86 14 0 30 87 45 33 60 93 38 67 16 60 74 73 0 61 54 68 56 72 3 94 87 14 85 47 41 86 39 36 7 40 57 26 24 33 45 3 0 65 91 52 17 92 20 45 36 38 10 91 67 37 49 72 26 70 94 74 66 30 29 64 15 15 87 1 91 52 0 9 7 57 45 91 48 91 1 44 45 21 73 66 80 75 23 98 1 92 86 83 53 66 81 93 26 41 22 45 14 32 1 17 91 26 7 21 4 36 38 7 24 66 47 86 83 98 93 3 76 90 80 90 36 4 91 53 32 79 18 45 34 94 10 40 48 57 88 61 29 58 90 16 30 30 12 48 12 46 51 47 1 8 74 0 40 67 35 31 99 61 97 86 9 47 68 98 47 63 15 1 42 63 88 49 8 33 64 27 86 31 86 33 72 65 47 18 60 30 74 78 80 31 46 14 41 73 10 31 5 74 30 14 96 15 45 65 97 32 3 78 37 41 67 5 9 73 22 7 49 86 80 18 78 13 6 14 8 91 47 38 24 48 60 87 57 24 14 44 11 72 19 10 80 22 59 38 80 75 64 86 93 18 65 79 76 85 95 24 68 38 56 24 93 1 55 10 88 69 71 34 83 74 80 14 91 42 22 9 32 32 46 44 51 27 1 50 3 52 73 27 41 68 85 34 59 85 74 40 15 91 21 55 48 86 36 7 16 81 36 88 33 54 58 60 66 67 30 37 34 4 52 93 38 31 45 89 17 29 45 31 95 90 24 37 45 75 3 82 33 70 84 93 77 42 12 43 62 90 9 98 1 22 15 67 55 54 54 23 12 62 58 91 65 87 22 26 50 53 78 14 96 86 85 59 97 64 35 90 7 58 39 
70 16 53 58 81 0 38 40 98 72 81 88 86 77 57 99 11 85 91 76 58 7 42 79 9 80 10 40 72 6 12 49 50 87 23 22 34 7 62 73 91 98 31 17 77 88 37 64 26 30 88 18 35 17 56 38 21 48 70 22 25 97 81 11 94 91 13 55 43 51 75 1 74 77 50 71 52 16 59 33 96 83 23 93 33 94 48 67 86 55 76 77 60 44 91 21 93 67 55 77 26 18 18 52 71 15 48 68 1 44 44 97 3 77 17 39 73 84 86 49 81 44 61 88 4 32 87 93 62 98 7 88 99 47 1 51 3 97 77 90 36 50 49 27 31 80 90 40 78 24 49 78 84 48 90 1 62 55 51 87 90 74 10 99 58 80 2 25 59 90 25 46 26 53 5 88 56 60 93 61 8 55 87 29 12 69 55 10 93 39 32 64 69 39 19 47 31 31 71 63 30 54 16 91 94 87 51 21 76 29 47 31 25 84 5 78 44 97 42 91 23 72 27 37 13 95 18 27 72 34 91 88 75 39 95 68 75 34 18 46 1 35 18 78 57 69 29 19 84 93 32 28 14 61 77 11 91 6 91 48 63 43 42 81 82 91 75 26 98 46 11 80 38 89 30 38 60 8 53 20 72 49 14 12 97 57 0 5 86 39 55 3 30 93 49 39 16 99 22 24 85 11 11 46 56 62 1 40 64 40 88 64 76 39 94 9 63 52 13 9 38 76 51 69 24 43 30 81 87 86 40 48 86 54 47 48 27 3 41 64 12 79 93 98 76 13 4 93 68 57 77 22 90 88 26 82 88 40 77 99 31 87 38 91 91 54 10 6 2 38 56 61 16 80 63 59 22 93 40 70 57 13 30 8 66 76 99 15 58 14 75 59 1 28 99 42 55 20 6 30 61 22 18 9 57 41 21 22 46 83 90 95 5 1 55 42 34 34 40 41 66 89 44 3 78 45 40 23 69 79 43 60 81 51 35 68 6 46 23 99 70 47 33 73 45 76 94 64 20 68 77 48 53 6 45 14 92 63 16 2 28 23 21 30 91 65 56 23 49 52 89 17 33 75 89 58 3 14 16 98 1 40 49 69 6 52 30 49 44 49 88 74 58 39 48 96 82 81 34 54 
88 61 89 9 90 53 86 33 42 30 1 48 77 71 23 53 94 4 18 45 82 54 4 17 86 82 57 49 12 45 23 34 39 27 68 78 87 50 82 29 47 64 77 30 93 59 44 19 16 76 19 46 98 20 53 11 69 69 67 8 21 32 74 44 58 83 98 53 9 66 37 3 21 66 52 65 38 60 67 40 62 75 15 66 58 15 98 40 76 59 51 35 11 24 67 76 93 76 94 74 74 9 36 69 97 90 58 35 67 69 2 53 79 54 31 77 78 7 65 55 3 75 81 96 95 71 33 39 20 90 35 81 28 84 83 45 87 90 33 64 38 65 73 14 52 95 10 14 80 10 94 24 52 67 95 45 48 37 12 71 75 86 34 24 16 21 4 95 0 98 96 42 8 53 61 26 47 31 20 58 97 8 85 35 2 0 58 9 88 88 83 87 53 46 16 40 79 79 32 76 6 60 71 7 77 43 18 40 49 3 13 43 30 45 22 71 94 31 79 61 39 37 54 43 16 16 61 55 99 24 99 16 76 63 10 13 34 28 23 24 44 83 5 92 97 46 77 42 5 30 38 0 69 50 71 31 24 71 87 76 59 60 78 81 11 72 35 44 30 9 41 26 72 79 31 56 15 2 5 42 79 72 74 80 49 56 63 84 84 51 95 91 66 96 42 92 78 32 11 53 99 8 99 83 80 11 42 50 0 96 68 70 75 82 87 36 39 65 43 93 53 81 97 49 44 15 82 84 79 63 88 92 48 69 94 2 98 70 73 50 62 8 36 42 18 40 11 91 12 3 92 40 46 95 56 45 50 95 39 17 40 90 99 55 31 56 50 10 0 95 44 34 91 13 51 69 36 32 69 3 57 47 62 73 9 10 17 6 64 66 49 16 86 11 94 95 33 54 21 45 38 83 67 24 56 67 41 65 30 98 41 85 44 77 78 17 38 76 48 8 46 74 95 7 22 1 99 1 83 60 68 11 94 94 51 11 63 72 74 4 84 17 80 87 53 46 87 13 50 9 7 57 45 91 52 43 50 51 4 74 15 32 15 26 43 52 97 92 46 95 27 79 77 57 92 99 76 29 21 90 44 20 22 95 40 82 56 30 35 62 63 83 43 51 15 29 49 39 2 1 
36 27 49 49 12 26 2 56 94 69 41 90 17 75 37 95 83 42 55 94 19 4 82 40 31 19 66 86 50 59 42 4 0 6 9 49 25 57 85 98 95 81 17 75 48 1 6 27 58 75 68 46 42 48 3 0 50 6 23 38 68 0 33 33 57 13 18 51 19 16 88 47 19 65 91 77 37 33 52 85 30 37 91 38 62 2 79 51 43 95 62 49 38 47 70 91 72 76 29 6 75 62 85 51 49 19 11 10 9 79 84 64 16 6 35 91 43 62 59 93 51 89 33 69 17 89 4 53 80 92 34 49 9 64 54 81 34 58 12 5 96 40 84 45 83 75 66 74 70 55 91 95 10 76 60 45 73 47 87 57 20 17 54 26 98 71 92 1 53 52 25 58 55 62 80 81 85 96 56 75 30 73 76 53 71 72 5 66 4 81 60 13 42 53 60 19 10 56 16 57 13 76 91 34 35 23 16 30 17 68 27 9 13 76 58 69 43 0 88 68 69 39 97 90 54 76 67 31 79 75 91 41 5 67 35 46 71 39 12 85 91 66 25 44 29 61 2 84 6 62 77 88 14 84 44 24 83 70 26 8 28 75 97 14 54 2 98 52 6 87 19 69 40 5 65 39 50 75 17 48 68 97 23 48 24 39 5 34 60 44 92 35 94 49 26 8 67 3 92 16 71 48 64 78 70 27 57 65 93 76 67 3 55 16 23 79 96 94 40 42 37 22 53 67 69 62 86 9 53 61 9 72 91 60 12 76 2 3 34 70 23 23 25 79 51 0 58 88 70 20 99 44 69 50 73 60 47 57 34 90 26 95 42 58 39 32 10 13 95 27 10 58 54 92 31 71 88 59 97 46 77 53 33 85 75 93 96 21 77 49 97 60 64 9 80 71 81 44 8 84 75 1 81 3 26 46 10 54 17 54 22 72 7 81 46 60 50 36 31 52 62 30 83 57 84 2 6 63 87 91 22 27 41 79 55 66 51 38 15 27 51 48 60 81 19 16 27 58 11 82 33 18 10 98 55 99 50 40 90 25 3 18 91 11 21 33 64 60 14 56 36 26 11 9 56 82 32 38 31 38 76 92 35 94 37 99 10 89 4 89 98 76 44 76 22 32 41 8 38 92 
87 21 83 70 74 49 48 15 87 5 43 26 4 3 43 50 41 49 34 81 29 27 68 98 13 72 9 38 87 11 85 2 38 68 62 5 96 38 88 18 72 34 67 59 45 71 82 63 63 64 57 48 81 32 44 71 12 88 82 39 30 23 20 50 84 66 47 26 32 80 20 73 20 55 9 37 18 57 38 8 7 17 5 86 93 79 82 81 72 93 31 77 92 86 72 17 7 86 73 13 10 97 67 41 35 87 62 35 33 42 8 73 11 57 75 22 80 23 93 40 66 73 68 7 23 33 76 44 79 94 93 24 57 57 38 86 35 34 58 98 73 95 66 52 95 79 37 60 73 96 12 58 86 87 25 62 52 8 74 52 0 58 5 10 39 59 49 15 91 35 27 82 54 75 79 1 69 65 12 33 18 86 87 36 66 43 93 99 8 20 20 78 51 75 36 24 56 66 60 94 70 41 98 90 38 83 85 85 84 89 31 9 93 6 56 82 76 50 66 91 91 87 68 80 83 27 44 23 35 91 40 10 96 76 82 7 82 86 63 4 32 64 25 26 45 64 38 21 32 15 65 74 67 77 52 6 96 5 93 37 46 25 48 19 76 76 27 22 92 25 10 6 77 40 80 67 53 12 64 45 89 99 14 84 27 57 61 83 49 46 40 41 71 64 33 33 46 8 76 14 35 80 92 89 33 30 52 39 79 12 32 65 34 0 74 53 18 1 79 1 81 84 61 40 97 10 80 25 38 18 7 61 30 87 46 96 29 89 40 3 95 83 47 54 81 93 10 93 27 30 13 94 67 45 75 19 94 15 85 22 40 65 66 59 26 2 17 3 52 34 14 29 28 1 38 64 70 80 21 98 14 25 98 86 79 73 93 50 89 71 83 15 85 5 42 54 20 96 6 25 20 18 33 95 27 96 92 92 5 16 96 99 89 2 79 52 33 68 71 41 84 42 11 59 46 63 23 80 67 78 93 26 75 75 26 45 3 91 94 99 73 7 99 95 0 61 38 70 96 5 31 78 17 17 69 60 35 60 16 1 67 87 87 15 82 73 8 32 29 55 32 7 16 7 53 50 44 64 76 96 50 65 98 86 48 41 43 53 18 18 78 71 8 5 45 10 1 77 56 2 
44 29 94 82 77 81 4 64 56 75 24 62 65 1 19 26 51 70 1 74 14 22 89 38 19 69 97 27 24 0 59 25 17 22 93 12 4 34 86 89 31 5 6 83 36 36 52 73 95 10 33 92 39 30 98 79 83 1 51 54 77 47 34 61 0 71 68 94 59 97 4 69 27 10 37 32 27 5 31 41 73 48 77 75 70 42 63 62 38 38 41 52 45 45 33 99 55 9 64 31 14 89 21 13 55 56 23 42 92 50 53 97 8 45 18 52 4 17 67 1 70 60 79 49 64 22 15 84 59 34 14 49 16 42 67 98 39 50 20 99 62 99 76 84 8 16 18 25 77 54 80 46 95 54 84 86 68 47 84 96 30 52 59 26 74 8 41 64 0 74 0 34 26 84 96 67 32 96 71 21 87 78 4 56 38 63 70 84 16 50 85 50 28 1 77 55 30 83 8 87 33 39 18 45 15 24 92 30 9 91 54 31 9 30 32 72 84 62 1 88 89 7 95 51 31 88 33 69 11 9 77 95 89 65 53 75 71 20 94 58 72 92 5 52 55 93 53 30 44 76 44 77 58 56 77 39 10 16 84 84 57 63 16 95 74 11 41 96 73 58 80 3 16 23 23 20 48 19 8 4 74 86 3 38 15 0 82 26 42 84 29 50 60 55 22 34 72 34 0 33 46 21 20 97 93 20 99 84 56 99 10 13 64 29 80 80 66 77 58 13 77 72 13 28 18 62 55 22 59 9 70 46 28 7 70 62 44 96 18 97 11 78 15 1 52 33 76 3 41 46 68 49 28 61 2 79 33 96 5 87 1 99 78 44 54 10 22 23 83 42 62 65 36 19 7 59 24 48 88 74 91 72 41 36 63 27 87 22 29 57 25 56 71 67 37 72 27 26 60 90 74 72 97 4 8 11 51 79 9 24 98 4 62 73 9 33 54 23 60 85 2 26 50 58 44 90 13 37 78 27 28 58 76 71 0 88 72 47 12 78 39 2 67 21 3 84 5 46 92 51 95 25 74 57 71 95 1 64 61 68 87 96 73 6 16 90 59 43 20 43 24 73 12 1 49 5 5 91 94 64 29 96 99 41 50 93 54 43 98 26 65 41 38 14 85 15 33 47 33 48 
68 29 81 73 11 13 74 97 53 74 72 24 84 33 29 21 27 6 41 60 43 46 2 52 34 36 56 17 35 1 37 10 70 53 76 40 52 15 86 39 10 89 11 66 47 81 61 17 25 46 38 66 60 77 80 98 64 24 39 50 86 79 99 55 40 31 75 63 74 61 8 84 75 83 78 37 84 40 0 51 19 83 51 70 90 34 30 75 59 88 71 47 2 22 99 68 49 22 48 95 98 2 85 99 96 38 84 20 25 49 37 57 38 42 20 53 69 76 90 45 10 44 70 49 32 11 35 78 50 94 46 32 42 18 44 63 3 94 1 63 38 27 91 5 45 44 98 55 84 52 73 74 0 19 73 61 58 62 81 50 77 98 41 93 47 65 56 13 73 17 22 42 6 66 97 82 46 53 8 71 84 90 12 67 83 65 3 92 43 10 77 65 5 41 96 7 89 98 93 87 43 21 73 98 87 30 25 52 70 84 50 16 76 89 13 81 10 21 12 3 6 4 44 26 80 26 73 88 87 16 56 99 37 0 54 68 92 62 28 38 41 23 50 85 99 65 57 60 31 31 75 43 56 90 18 98 42 33 92 96 92 16 26 54 30 98 58 94 80 69 12 39 6 45 37 56 84 41 72 6 86 79 90 37 20 77 81 26 73 30 49 40 67 8 3 11 21 40 22 93 3 21 11 21 50 75 37 94 89 30 87 32 48 19 3 28 55 1 93 92 9 89 92 25 50 51 8 54 56 76 77 93 75 92 35 90 56 62 96 22 70 91 13 84 62 15 40 2 4 74 96 77 25 1 0 58 28 78 6 52 14 75 74 50 81 3 72 16 26 69 1 38 56 75 96 2 73 13 29 54 21 54 35 55 42 99 83 60 78 86 65 46 79 98 57 79 73 24 57 41 31 61 72 31 20 87 51 67 58 66 7 78 37 98 97 64 6 62 55 39 99 9 52 33 92 50 80 93 18 68 45 66 83 74 73 6 2 51 47 94 44 82 23 48 76 17 11 38 74 70 65 9 59 68 32 79 31 6 69 70 0 73 21 96 79 58 71 48 36 75 42 84 18 7 43 82 80 11 97 85 97 42 67 97 34 44 68 19 55 69 94 38 12 94 67 31 84 42 52 55 
91 4 26 66 18 86 73 8 96 49 21 20 64 70 76 59 70 46 70 66 44 66 14 23 18 23 46 90 89 46 61 85 79 38 47 66 32 48 24 19 93 18 31 42 21 17 17 20 61 83 46 87 61 20 9 6 75 70 52 1 80 62 64 37 48 31 48 60 48 63 73 61 22 52 63 55 16 49 58 65 25 91 38 32 5 27 95 35 5 80 29 13 24 3 8 34 87 97 42 33 71 22 64 44 38 75 9 90 45 57 6 75 51 89 99 37 80 64 72 41 30 7 9 24 52 94 47 31 86 18 93 94 67 18 85 21 99 74 78 67 88 53 77 16 83 15 10 44 65 52 76 2 4 24 48 30 23 64 84 33 62 20 90 85 49 69 48 20 84 42 11 4 36 5 0 71 85 43 88 97 99 12 83 94 56 82 47 2 77 41 47 22 24 54 36 97 85 31 6 97 16 34 42 61 27 43 70 31 2 44 26 48 6 68 23 20 32 30 15 39 16 59 81 21 69 37 41 29 95 89 33 13 28 71 23 28 46 47 57 53 22 21 16 78 7 98 21 41 28 8 85 27 64 52 77 15 65 70 48 10 26 1 14 56 98 50 83 17 32 49 46 60 4 50 48 49 56 48 97 71 33 39 77 12 92 91 88 41 5 7 36 45 23 92 97 25 79 57 29 0 82 46 1 87 8 2 77 78 93 59 43 81 50 4 36 64 33 18 53 58 34 21 81 28 29 10 9 98 16 62 55 10 15 84 92 45 27 63 52 26 75 91 59 14 29 20 7 46 74 37 3 64 37 21 54 93 74 32 67 12 26 31 82 69 94 58 42 29 56 17 80 87 1 45 23 50 30 44 59 20 89 35 72 95 68 27 36 97 81 64 52 10 37 15 80 44 22 49 76 99 27 79 26 87 0 76 14 7 66 15 89 8 97 10 13 94 59 67 85 17 64 71 58 63 97 80 9 60 98 94 61 22 88 22 91 79 7 13 64 62 27 95 32 41 68 60 62 38 51 97 52 31 10 21 88 20 84 26 76 10 28 75 25 70 22 74 42 18 68 32 60 12 56 69 2 95 52 56 92 30 79 30 99 87 47 47 66 8 12 6 34 56 17 51 14 98 88 88 58 33 
85 85 88 39 17 64 7 56 5 23 6 53 11 4 34 57 63 98 40 68 57 76 81 70 4 60 30 76 75 45 76 61 94 49 65 91 98 1 83 5 71 26 72 14 95 46 64 9 32 6 64 56 7 82 73 85 30 43 92 99 67 51 98 56 6 59 33 6 9 31 35 77 9 74 5 14 71 30 82 31 40 70 70 77 20 20 92 58 83 31 27 1 72 33 41 63 74 82 63 93 9 50 76 40 98 90 98 82 61 35 98 44 41 63 7 71 10 46 62 96 23 58 48 69 87 55 42 72 38 2 38 46 98 90 87 4 19 56 98 25 30 1 90 20 22 12 50 78 86 15 70 93 54 79 92 26 78 61 23 11 27 90 91 74 21 19 60 29 64 52 84 15 93 93 74 27 98 87 81 76 37 81 19 55 97 13 12 72 96 30 0 72 34 72 47 77 93 90 9 76 43 58 91 43 38 99 26 41 0 92 30 67 80 68 96 44 61 19 66 83 1 90 22 50 10 51 79 19 30 51 40 79 47 50 63 55 39 94 66 66 87 10 94 88 90 73 91 90 63 16 28 6 21 82 59 89 0 7 49 7 28 69 18 35 70 62 68 35 1 23 74 77 23 22 81 26 77 27 76 21 19 13 91 78 88 41 25 92 90 64 18 67 63 41 69 71 68 93 11 86 47 18 36 98 96 89 53 57 79 26 55 53 56 60 65 86 11 53 68 2 83 52 80 86 62 39 50 8 11 29 55 2 15 33 67 23 7 60 67 47 86 1 39 90 87 4 68 19 94 97 46 56 58 51 10 13 98 4 97 86 40 95 70 12 0 34 44 76 61 68 81 16 92 54 8 67 12 77 86 84 57 22 69 43 84 93 8 81 80 3 61 37 69 63 15 29 37 59 38 88 94 67 55 28 99 88 61 17 9 11 89 32 31 80 54 95 77 51 26 77 26 91 30 73 65 33 64 52 74 99 24 74 60 13 76 53 86 24 24 49 11 31 70 90 73 15 66 65 38 49 95 12 28 46 14 79 75 77 23 96 81 27 74 86 23 18 19 73 2 72 9 4 21 46 64 62 13 96 51 23 6 45 65 19 34 1 5 78 35 88 75 70 38 42 7 77 98 59 0 18 
19 11 53 90 52 73 54 34 26 79 48 70 72 49 1 26 96 11 20 1 54 23 89 42 36 89 84 15 62 31 33 6 8 80 40 47 84 50 15 20 49 99 47 52 33 40 83 79 58 19 30 22 39 17 39 90 77 98 59 99 65 29 13 33 55 45 45 42 47 73 3 25 39 55 15 11 19 8 40 64 26 89 88 27 98 66 16 9 66 61 59 42 69 42 88 59 68 12 42 5 45 33 24 58 58 77 68 52 29 87 77 96 74 95 43 46 71 35 50 34 26 54 18 86 81 36 8 17 74 43 93 49 17 66 64 49 83 83 16 34 7 19 28 87 97 88 89 37 87 79 68 67 62 73 91 43 40 39 21 2 7 31 42 30 78 28 57 86 3 52 10 2 92 34 21 41 36 34 24 66 11 16 81 67 15 91 26 67 39 73 95 4 42 45 95 54 88 77 20 1 10 23 37 88 71 32 50 72 81 11 51 1 19 16 35 72 66 53 98 79 96 4 24 16 33 10 78 21 4 53 42 15 40 21 8 96 42 58 75 33 95 59 51 15 10 21 80 54 72 74 95 83 51 15 3 52 11 35 84 69 94 49 2 2 52 33 92 75 71 18 19 18 81 28 28 54 35 82 80 11 18 99 70 81 65 78 29 54 31 68 36 64 90 29 29 13 8 61 80 68 61 30 20 43 52 3 85 12 80 39 51 19 91 28 38 86 51 52 20 12 23 66 49 79 35 63 68 36 3 21 25 35 34 85 49 24 53 89 44 92 51 25 4 67 1 60 71 4 61 17 16 28 96 47 50 21 69 59 5 71 23 72 42 19 10 17 76 54 78 78 45 80 45 50 90 35 64 80 74 54 24 24 26 58 12 72 36 14 30 99 5 31 46 70 44 64 85 12 85 86 63 18 54 36 75 55 4 17 30 25 52 12 20 32 72 48 18 97 6 53 26 50 73 70 42 22 39 28 99 74 49 8 48 62 85 78 54 11 22 31 52 11 0 10 33 59 58 4 9 52 20 77 12 96 64 51 25 40 36 5 34 3 42 37 9 86 20 80 24 22 56 22 61 52 4 9 26 83 53 63 82 89 20 99 58 60 52 9 10 26 0 62 47 99 51 40 27 43 19 46 
2 67 51 25 42 65 37 56 29 81 72 94 2 51 72 51 94 97 33 64 71 42 66 38 49 47 75 67 59 33 74 51 96 90 13 89 19 66 88 73 98 93 77 11 57 58 67 83 20 34 68 48 59 81 32 29 73 50 7 6 9 38 4 49 53 65 3 29 40 3 28 77 52 37 12 89 30 7 0 8 20 38 16 92 21 10 78 22 95 80 46 40 6 43 16 3 56 58 4 16 71 29 63 56 9 75 7 15 4 2 94 61 51 22 43 12 61 95 26 32 20 72 59 79 99 73 80 51 86 55 88 1 70 33 46 46 57 66 82 28 92 95 95 67 86 91 31 98 55 12 59 83 56 2 54 61 33 83 38 53 49 83 52 5 55 29 69 57 3 74 77 47 96 69 24 45 25 27 68 10 97 63 81 86 84 13 9 20 49 71 75 27 9 83 40 42 17 8 24 10 52 0 39 50 47 1 13 75 79 93 30 80 65 76 43 74 41 6 21 41 99 55 76 94 27 54 96 36 45 73 84 21 16 55 23 16 69 17 95 34 1 81 79 43 0 94 75 85 66 13 21 70 29 44 83 17 33 74 48 72 98 39 20 3 18 39 84 14 51 14 58 38 60 74 37 16 69 49 98 27 66 98 96 57 59 22 91 90 62 14 21 25 52 72 97 56 61 59 27 6 50 11 65 35 44 20 29 28 52 90 48 62 10 92 56 79 76 96 27 95 19 21 27 1 93 88 54 44 14 20 52 23 48 88 29 31 24 20 80 83 34 54 26 44 93 15 22 48 85 57 42 86 89 56 78 83 3 71 50 54 34 43 17 46 59 24 69 28 1 34 52 14 31 59 40 34 34 22 49 44 8 35 33 68 95 25 46 50 48 24 88 18 48 57 37 76 40 28 75 70 43 10 99 36 15 98 46 3 69 3 79 74 52 59 81 64 26 46 98 31 37 41 32 66 53 9 35 57 85 14 6 17 14 91 84 80 10 85 25 22 78 57 52 88 64 68 3 20 54 69 12 51 55 28 84 4 69 9 2 56 24 97 13 22 90 74 76 62 11 27 2 92 25 7 36 89 40 91 85 26 16 97 83 12 5 37 81 63 59 6 50 76 25 52 29 26 80 90 18 39 
23 29 76 31 12 31 44 84 2 5 87 59 37 65 7 67 71 40 76 70 52 33 29 93 7 5 75 5 31 58 60 95 50 17 98 23 98 94 46 73 56 0 89 5 40 72 27 91 3 15 78 87 6 47 0 12 54 12 50 11 89 22 2 71 18 41 47 66 49 96 62 54 96 26 6 34 34 60 12 59 86 18 3 6 39 47 19 19 83 37 61 17 90 79 23 6 53 31 67 63 31 30 33 36 64 34 88 83 70 68 67 8 7 41 34 41 86 16 7 67 56 30 54 13 88 19 83 1 64 93 4 6 5 32 85 31 58 52 81 36 72 80 17 88 87 58 3 65 71 76 80 37 84 85 78 1 86 51 37 49 37 86 61 65 61 19 71 98 31 42 63 81 34 18 75 81 92 30 72 15 23 32 34 54 67 25 82 81 34 78 7 33 73 49 86 16 50 26 61 97 0 2 80 92 61 71 89 45 3 56 32 9 49 20 48 2 28 10 53 93 34 19 64 3 11 76 68 80 57 38 33 23 52 26 68 79 11 70 15 63 68 39 92 30 5 36 89 52 64 81 38 99 90 56 83 7 16 52 68 2 63 44 64 57 47 10 81 9 1 95 3 87 37 50 67 19 88 19 73 16 70 89 44 55 48 70 62 65 24 68 99 19 99 62 15 8 20 12 97 74 6 33 25 52 59 6 98 75 57 84 44 43 65 81 65 65 64 57 5 32 83 54 21 34 37 48 0 5 85 62 67 49 23 7 17 59 7 72 74 83 24 63 31 78 19 32 51 13 9 72 61 53 56 98 30 46 13 40 43 61 76 8 77 16 11 25 64 55 36 82 26 95 90 44 10 92 80 25 98 8 81 44 65 61 34 90 58 17 0 89 99 82 71 79 19 2 88 96 53 42 37 48 69 27 41 5 61 73 97 44 98 56 56 42 39 99 33 80 74 97 44 1 46 55 66 79 42 58 73 56 42 32 97 74 48 10 8 5 41 47 96 34 35 18 49 78 38 88 63 66 4 24 61 66 72 75 15 19 51 6 1 86 18 69 44 39 94 57 76 6 63 59 55 11 69 16 23 56 56 66 32 52 92 52 48 67 2 27 47 79 32 94 98 23 66 47 50 46 28 46 
58 7 98 43 46 12 99 87 13 1 83 28 84 22 67 35 49 88 4 10 11 78 78 11 42 74 55 84 57 13 46 69 13 12 84 97 84 23 96 94 95 19 56 53 24 40 10 63 86 77 35 92 48 31 56 64 17 21 73 58 32 68 39 20 2 21 71 38 12 74 53 86 93 59 59 36 73 67 69 39 65 57 52 55 3 0 45 77 63 95 8 26 96 21 67 11 92 73 95 79 8 0 55 45 7 89 30 11 29 15 9 43 55 28 99 17 84 41 14 88 70 94 5 97 79 91 96 72 18 13 12 92 82 21 23 59 48 99 31 64 97 7 29 73 75 40 43 70 39 72 17 31 41 69 39 51 69 11 53 43 16 35 73 51 58 73 59 90 97 72 80 6 53 57 50 40 75 59 7 36 89 76 68 87 11 55 0 87 72 92 97 30 24 38 0 4 20 2 90 10 68 63 65 43 8 47 97 68 37 21 32 30 76 2 46 23 88 70 76 79 33 50 90 63 33 19 38 49 40 86 99 55 79 58 33 14 14 5 92 63 14 31 41 64 60 1 50 39 92 4 55 49 16 40 62 77 42 49 7 12 28 64 69 82 76 22 26 20 15 25 65 95 46 28 98 62 53 87 43 78 95 8 43 30 73 30 4 38 48 40 83 21 52 34 66 97 67 44 93 78 98 99 45 10 60 3 36 65 95 41 93 89 11 21 32 68 24 85 63 43 17 14 41 21 13 86 69 11 31 25 57 25 82 59 15 2 93 81 31 2 44 34 5 95 5 78 87 42 46 26 64 90 73 77 32 33 13 40 28 20 14 61 55 22 7 62 99 54 10 43 61 49 94 98 82 29 12 99 89 85 22 99 97 72 29 91 90 66 81 69 84 31 4 99 40 92 39 32 14 41 5 70 58 93 57 67 81 8 95 65 71 20 62 14 87 62 12 67 84 58 64 9 16 28 36 45 42 85 59 5 15 17 11 56 50 81 36 7 0 3 20 76 60 60 54 95 4 46 96 44 72 83 16 41 0 11 88 16 6 15 2 37 56 74 9 73 3 95 29 33 65 98 61 93 2 43 56 14 53 17 6 29 54 77 13 24 32 35 51 51 40 91 57 70 49 14 69 19 43 27 
12 25 4 91 36 17 6 35 32 1 2 53 6 47 58 68 41 54 15 21 30 85 62 6 64 56 53 7 69 32 56 78 10 99 81 91 82 91 76 68 39 17 31 84 1 93 39 4 97 51 10 84 47 28 34 63 15 74 13 41 30 62 28 23 65 63 71 93 88 62 15 61 1 26 50 87 63 27 44 24 67 89 52 13 16 37 13 62 18 92 12 41 56 12 40 87 31 68 55 56 8 24 23 18 94 99 9 41 50 37 53 88 56 42 38 74 80 87 27 84 81 74 51 66 40 38 2 11 31 33 51 4 34 91 71 18 65 55 33 90 78 21 47 64 83 42 53 84 14 82 15 71 7 30 63 71 72 98 69 85 43 38 11 18 67 66 54 49 68 18 1 21 58 2 30 17 87 18 29 32 85 72 44 67 41 12 62 8 39 26 98 25 1 38 11 38 19 34 81 87 97 36 93 17 25 43 62 20 96 79 74 25 58 13 85 80 47 33 74 33 82 67 59 68 61 7 11 48 86 7 96 3 23 80 6 17 23 43 72 58 39 97 41 32 92 73 89 22 43 73 78 52 45 58 79 77 37 14 11 25 8 31 53 97 64 30 73 63 33 69 36 13 62 8 85 25 72 6 19 20 90 22 92 80 51 45 79 54 28 77 51 59 53 2 7 11 17 15 70 10 30 54 58 27 47 35 28 87 68 53 52 72 18 19 41 80 72 94 67 58 88 24 87 15 56 59 24 94 95 91 37 7 23 86 95 33 26 61 28 81 61 33 79 83 21 43 14 51 6 68 35 53 15 79 13 94 45 94 60 86 1 94 13 31 13 72 13 88 17 13 18 13 18 52 89 30 48 14 17 94 34 57 10 27 27 96 79 96 53 29 0 67 73 30 3 53 58 88 77 0 89 73 20 46 21 55 29 30 11 91 6 13 42 55 72 69 80 25 96 24 33 88 29 68 58 44 18 59 92 63 22 86 0 60 46 47 73 98 33 32 25 87 42 22 30 69 81 18 15 16 4 45 74 89 4 38 42 17 40 64 32 33 51 79 95 77 91 9 34 98 48 77 83 53 49 52 30 70 57 48 33 88 86 49 42 77 17 65 50 34 99 57 54 96 96 0 73 25 91 20 
86 43 45 66 30 56 15 57 31 46 20 10 32 30 70 4 89 76 95 92 16 37 35 21 71 40 41 64 36 57 36 71 25 10 84 64 74 49 65 75 60 56 86 89 65 11 14 37 97 77 49 74 34 24 3 20 85 54 79 3 96 79 73 16 4 56 98 89 26 59 38 14 9 48 56 24 51 80 78 88 6 10 11 89 93 42 20 44 88 64 78 4 77 95 11 17 89 70 92 62 34 67 99 82 32 11 66 84 72 50 88 36 77 89 93 85 0 74 93 69 28 18 82 21 19 99 50 70 73 81 93 19 14 49 60 60 37 56 83 66 16 34 96 19 95 60 17 89 0 92 81 21 73 70 10 12 3 76 13 87 71 99 75 36 31 17 77 10 30 81 36 84 45 26 28 0 73 16 98 55 14 78 22 0 2 55 62 11 69 91 25 48 34 75 94 10 19 65 79 3 58 6 28 61 33 62 39 40 48 19 29 2 30 18 17 30 30 45 94 78 87 52 70 93 44 72 63 89 18 49 13 57 99 45 64 29 59 85 98 21 20 16 41 27 82 29 49 11 72 37 70 76 48 41 58 32 84 5 30 80 20 64 35 18 65 84 99 27 88 43 35 90 65 79 87 57 78 24 49 61 85 25 50 11 46 36 75 64 2 46 62 19 96 44 1 91 59 49 59 70 48 45 37 11 31 54 5 85 62 0 24 56 12 85 27 9 92 32 20 64 0 42 29 5 49 0 37 81 76 36 80 78 54 0 37 69 48 95 55 52 2 65 10 37 22 78 6 70 89 2 59 50 46 19 10 54 27 88 53 98 16 99 94 0 4 23 56 86 88 37 97 37 76 26 40 68 17 48 47 7 7 72 86 48 67 82 7 32 83 93 70 26 76 54 62 65 97 32 96 18 50 7 41 19 56 4 63 17 29 46 49 64 35 83 37 25 27 41 22 80 47 20 39 55 64 7 91 81 60 76 89 52 6 71 43 54 78 70 34 69 33 22 83 1 68 70 91 12 40 35 10 20 10 94 6 97 45 56 3 5 31 73 45 66 98 25 25 0 19 70 25 37 62 75 6 70 86 86 8 46 60 30 21 80 50 61 80 84 45 11 99 8 93 75 12 32 63 90 60 13 
47 33 49 5 89 63 20 94 75 75 33 95 88 53 24 29 64 21 55 66 67 7 86 45 49 90 17 31 90 9 3 15 52 36 2 33 41 66 79 65 79 58 7 46 74 31 58 3 83 1 77 46 21 83 2 38 77 13 80 58 44 73 64 67 65 16 98 15 72 31 63 62 25 74 10 82 13 59 93 58 16 24 40 70 60 98 9 30 76 37 96 85 64 53 63 77 53 4 54 3 49 99 1 47 9 49 4 69 73 68 68 94 75 4 23 0 33 38 69 5 1 21 41 2 63 69 78 87 97 52 98 65 67 72 88 71 50 0 15 10 56 47 82 51 1 86 89 21 42 28 10 91 4 68 67 7 90 12 43 87 5 50 11 43 56 75 1 6 21 87 95 34 8 52 41 29 49 12 9 40 80 30 67 97 32 64 39 59 82 98 77 96 77 81 92 10 32 3 9 31 11 37 56 48 95 3 26 36 71 25 10 71 86 17 48 17 81 0 79 10 99 90 3 27 97 48 88 48 3 27 3 5 14 99 63 38 60 74 45 35 50 49 46 97 80 44 4 56 19 92 99 46 16 14 8 45 73 3 68 22 67 0 15 56 97 41 23 34 16 16 67 22 35 82 61 0 37 82 66 8 72 78 31 64 32 10 90 26 43 80 76 71 42 55 60 87 12 32 55 91 48 3 7 61 88 23 53 65 64 90 67 26 68 65 64 43 74 48 95 28 88 39 88 23 29 33 40 25 65 5 27 90 47 48 13 73 80 88 26 85 65 48 9 76 51 14 93 26 34 41 39 14 76 89 45 29 83 76 11 51 72 82 90 86 99 55 80 50 57 45 21 68 3 55 95 99 3 97 41 99 94 82 61 99 30 59 31 47 31 18 25 64 22 54 56 81 52 78 62 11 45 67 40 66 8 20 98 71 58 2 35 76 88 93 47 48 49 43 54 98 92 62 95 6 53 38 20 82 27 3 17 71 49 78 5 27 64 68 88 83 34 39 18 47 20 56 11 99 83 24 58 42 40 23 57 57 62 66 64 67 65 66 66 16 77 77 25 15 74 36 59 26 67 74 19 95 36 17 23 55 12 12 70 97 38 48 12 54 66 87 74 95 13 89 71 95 59 67 85 8 
55 42 54 75 1 21 15 52 91 96 30 62 45 53 64 66 95 83 42 72 29 87 41 64 19 99 12 70 3 6 45 19 43 13 29 99 30 84 3 84 31 19 93 78 90 71 37 10 8 42 84 14 67 90 39 37 28 2 58 59 74 20 76 16 70 68 37 12 57 17 99 48 16 71 24 25 3 89 0 67 10 85 42 79 67 60 8 42 77 40 90 53 0 77 36 37 60 46 76 15 65 82 66 78 63 42 42 79 65 22 8 28 40 10 16 17 50 8 65 33 71 50 72 70 78 72 58 51 79 40 67 57 93 35 9 94 49 43 1 82 7 14 97 9 95 53 53 60 47 10 53 9 83 98 64 26 66 29 2 62 71 97 37 68 22 29 50 52 66 97 51 63 91 0 78 85 67 41 60 27 8 47 76 2 66 84 89 23 52 92 33 82 6 54 5 77 8 9 77 78 45 5 93 99 0 33 52 94 74 91 80 97 87 88 21 3 71 83 28 2 68 49 64 19 52 84 59 59 10 29 45 11 94 76 8 51 46 76 35 52 97 23 58 97 34 10 78 77 80 79 17 65 95 15 78 77 89 46 73 19 46 13 38 96 53 96 20 55 31 43 89 91 31 36 58 23 80 29 21 2 62 76 70 38 36 78 13 54 64 79 41 66 7 45 0 71 23 3 28 99 46 88 95 93 98 52 15 69 99 6 14 57 28 65 58 84 34 59 11 41 28 17 3 1 32 66 84 49 78 37 35 97 59 31 27 87 59 13 32 88 78 96 11 71 55 25 87 54 25 65 40 71 10 11 98 25 9 22 80 82 39 90 65 3 89 80 43 81 43 90 98 33 49 78 4 84 69 20 3 86 51 55 94 64 65 31 70 88 84 56 86 96 7 20 27 25 89 13 5 33 83 1 96 14 35 63 48 66 0 91 57 33 80 67 71 36 44 51 66 76 99 28 43 5 99 8 88 64 1 92 54 68 2 57 50 99 39 7 88 27 48 69 44 1 13 47 93 25 45 58 87 4 10 7 30 17 21 0 31 93 42 56 35 65 86 22 4 2 24 66 85 42 87 65 74 55 58 74 52 19 73 85 59 71 97 57 70 45 28 97 2 43 85 59 31 3 53 25 47 46 
24 52 37 14 22 97 45 69 40 43 1 48 49 96 8 53 74 54 63 7 84 31 43 90 42 17 3 27 1 56 89 60 83 41 37 50 31 66 39 5 41 66 21 21 94 24 41 95 88 48 23 52 25 77 62 35 16 7 19 89 43 97 76 60 6 47 15 22 20 86 18 13 26 39 74 13 94 17 71 12 63 18 72 93 36 92 40 28 55 39 56 76 70 98 18 68 22 12 31 89 59 72 68 82 48 16 66 91 46 35 62 61 26 0 82 21 80 47 94 0 86 54 51 91 99 34 80 0 22 82 30 11 75 84 22 34 25 54 27 20 59 86 52 21 77 93 18 38 82 41 11 94 24 15 66 72 18 94 72 52 20 74 37 56 90 79 28 1 9 43 53 83 23 71 73 17 60 67 2 27 58 53 88 67 46 24 30 66 17 30 26 37 12 0 13 22 75 43 5 38 61 5 66 6 23 38 14 7 71 39 59 1 87 21 33 99 45 7 28 2 50 77 8 99 66 14 7 89 2 33 5 53 74 51 81 18 57 20 46 23 79 33 80 65 96 15 40 19 15 52 14 83 75 29 3 28 89 55 51 67 99 31 44 47 36 72 6 44 10 19 86 63 71 69 22 18 55 9 95 95 29 0 28 61 40 28 47 89 85 55 8 25 92 83 48 14 36 37 75 3 91 10 71 78 4 91 48 71 45 90 7 25 75 68 0 99 5 64 19 83 24 54 5 31 98 28 79 56 18 31 9 90 88 28 30 33 75 45 31 1 52 66 7 14 13 84 79 55 94 37 71 3 87 74 34 22 13 67 30 96 15 78 61 33 0 72 49 30 36 21 73 87 90 45 14 52 31 21 95 98 83 60 47 10 87 5 71 75 64 81 71 65 41 41 62 78 99 25 19 19 82 91 87 82 30 8 99 30 14 14 21 75 59 91 72 25 4 7 46 99 10 10 72 14 48 95 35 21 78 83 55 71 65 20 12 90 33 37 19 36 81 15 40 43 2 23 85 48 76 63 37 38 2 14 48 6 96 57 26 29 52 2 61 65 36 80 91 77 95 17 35 62 32 25 9 90 84 98 81 19 64 56 39 46 93 11 37 26 25 72 15 81 71 6 2 64 88 34 14 2 
94 13 39 11 14 13 70 46 26 87 7 82 35 22 20 1 67 50 32 55 13 8 64 73 83 39 50 20 23 3 89 70 63 50 48 74 39 79 75 83 61 35 69 67 39 83 10 81 17 35 95 5 1 99 79 76 17 79 79 96 16 49 90 83 59 32 87 9 54 32 93 88 68 29 65 12 92 90 97 51 10 96 15 62 17 59 45 84 52 47 21 19 87 89 6 21 16 87 57 27 76 28 25 52 24 66 98 94 37 43 44 86 63 50 87 88 96 34 69 0 53 3 73 9 98 67 75 38 78 8 8 51 77 80 91 11 93 76 54 80 55 63 12 35 72 41 49 74 34 32 24 17 1 3 73 79 86 10 79 77 5 62 86 36 12 4 69 89 4 57 93 43 97 66 23 86 26 45 49 74 73 75 50 95 49 61 96 61 89 52 96 31 66 11 95 40 81 7 79 5 39 26 87 41 94 64 48 50 63 48 20 42 40 21 10 38 61 35 29 40 84 14 89 19 77 35 2 83 78 30 22 7 96 97 28 3 46 17 68 88 5 77 27 23 13 65 34 86 58 62 21 82 87 42 31 43 35 50 88 77 66 91 74 37 3 33 16 40 54 68 61 46 87 73 24 59 4 42 26 31 52 34 43 61 82 24 50 46 92 83 58 15 55 53 76 37 94 64 36 40 17 45 87 31 28 82 39 17 75 0 72 91 55 35 81 91 49 63 73 29 97 0 95 19 53 96 6 53 45 28 91 23 95 64 64 34 23 86 27 61 62 55 4 4 18 36 41 32 54 77 98 49 89 29 4 32 33 88 61 90 49 41 77 13 89 11 45 5 10 89 8 86 12 25 90 17 12 84 16 4 53 1 87 57 9 3 71 52 8 21 30 6 34 22 50 47 99 30 30 22 11 11 65 34 85 44 20 52 12 40 55 44 26 89 31 13 34 87 0 85 5 36 48 89 21 32 45 4 42 76 49 76 91 32 96 5 84 52 15 38 97 49 43 72 32 68 68 42 8 50 73 29 83 45 22 17 84 61 91 60 21 54 57 11 35 78 59 12 96 54 3 76 47 46 50 69 10 43 38 49 28 22 46 22 57 36 35 21 10 90 85 31 70 52 11 16 18 39 14 62 
34 70 73 1 35 64 39 25 3 79 19 39 6 70 49 92 6 80 42 79 67 57 30 26 57 61 91 99 16 14 76 36 12 18 82 42 53 44 95 18 5 53 64 1 7 42 37 71 52 77 94 35 12 71 90 21 82 57 81 80 87 23 65 80 79 55 26 39 73 35 8 1 18 21 75 43 95 55 73 65 51 77 80 99 43 49 60 65 43 46 36 84 59 32 20 84 2 24 85 33 52 78 13 22 33 63 63 93 97 77 10 77 17 24 54 90 19 87 29 89 87 49 81 84 11 64 50 79 78 5 99 80 25 25 19 8 74 38 50 80 79 80 98 69 99 80 51 97 92 1 69 95 74 40 48 84 61 48 78 38 41 6 14 37 94 67 75 65 98 61 83 44 33 27 25 77 12 80 75 61 22 55 80 84 11 25 65 0 72 12 28 68 30 73 52 63 69 49 11 59 1 44 21 19 21 22 16 57 83 3 39 89 34 96 46 38 5 28 68 59 2 57 8 34 7 5 1 93 44 74 46 96 16 83 81 37 13 11 87 40 36 34 28 19 93 87 7 40 67 90 75 54 71 46 89 48 96 23 53 74 1 59 7 55 19 47 11 92 91 90 90 74 32 69 48 20 2 20 87 17 17 97 59 9 12 74 42 70 15 32 83 12 64 19 86 25 99 36 45 75 81 9 93 72 49 83 29 41 96 47 79 6 19 12 21 81 83 91 39 61 77 53 68 13 13 72 37 78 79 19 22 67 69 69 86 96 1 1 7 58 84 77 48 61 48 65 8 78 82 68 16 9 65 91 0 14 77 8 56 7 24 5 41 39 16 77 0 86 79 14 65 78 11 48 62 39 41 5 11 58 14 32 0 58 62 40 82 33 78 80 14 99 44 82 83 90 38 51 28 66 15 83 3 71 69 37 39 18 79 95 9 98 20 32 81 22 58 93 10 39 79 2 63 64 2 84 97 50 81 40 4 41 78 53 11 71 27 38 93 63 62 49 71 53 75 73 72 73 83 8 30 21 57 13 7 41 26 43 52 6 49 32 91 53 49 69 72 16 8 89 31 1 20 20 39 49 44 45 47 82 1 38 31 16 58 51 92 51 73 37 43 38 17 45 30 73 71 87 78 39 
52 58 85 57 2 20 24 23 41 36 26 9 75 58 48 21 49 15 94 34 32 15 87 8 56 92 1 5 15 60 93 51 92 84 92 52 17 34 8 30 13 51 3 71 14 90 71 7 16 19 99 32 88 11 7 22 95 8 42 72 97 37 93 79 26 77 38 95 92 20 72 90 90 51 76 82 70 68 45 96 57 71 41 92 82 76 44 74 33 29 25 4 62 26 36 2 67 60 85 47 33 85 35 5 0 30 89 60 29 96 87 31 8 67 4 57 69 21 64 14 0 2 66 69 69 16 96 98 48 41 85 51 42 94 73 1 2 6 97 30 42 72 33 79 91 62 8 70 0 38 7 72 82 11 71 11 56 65 17 86 37 15 91 63 44 61 85 57 24 83 45 23 96 61 23 48 81 31 49 19 28 16 98 95 88 91 95 83 50 18 63 72 79 12 82 69 42 65 39 71 31 92 20 34 16 10 81 59 82 52 89 63 23 77 20 8 24 12 88 66 74 3 42 16 65 41 82 29 53 33 76 54 50 59 38 29 18 15 34 85 88 26 65 71 46 90 24 3 12 7 66 6 47 1 88 33 73 75 97 55 33 27 1 73 79 31 95 85 15 94 26 93 98 85 90 21 25 7 35 94 36 59 88 82 98 17 23 29 11 82 28 43 39 22 75 7 99 8 98 1 71 79 38 79 70 74 69 31 49 5 3 72 99 19 6 23 99 0 96 72 83 88 42 90 90 90 4 45 13 46 39 47 32 89 93 38 86 66 62 54 1 14 18 35 35 94 40 34 41 50 99 44 26 16 32 6 25 4 88 74 78 20 46 70 87 92 13 27 97 17 1 40 90 29 69 22 39 18 85 81 50 44 2 11 85 42 37 36 60 21 9 90 77 71 71 86 59 93 41 37 52 99 47 18 4 78 9 23 25 38 35 84 33 69 35 26 31 11 58 66 61 9 15 83 23 37 94 50 53 89 80 45 96 84 61 76 34 11 75 72 65 76 13 10 38 95 32 81 69 72 58 95 97 75 77 82 68 15 37 3 64 86 65 49 35 27 48 85 95 78 74 87 47 81 49 31 88 60 82 91 11 50 69 61 74 43 57 17 4 89 32 72 7 32 25 95 58 0 60 90 
4 70 41 77 56 46 59 17 2 90 27 20 68 54 1 94 47 40 80 48 55 49 81 56 71 8 11 98 3 98 38 43 22 66 58 51 99 52 53 94 50 20 33 32 79 27 98 91 38 93 56 18 77 9 75 12 66 17 40 83 50 35 7 53 38 90 37 87 54 45 97 94 50 60 61 84 89 28 30 1 52 70 7 24 26 33 82 20 60 51 30 15 83 22 44 18 99 4 66 56 80 78 45 21 25 80 77 63 31 9 7 65 63 54 18 20 97 69 83 73 9 10 71 35 79 46 6 80 7 32 88 32 55 38 50 76 94 0 33 28 59 97 28 49 3 53 28 35 15 77 46 81 20 44 79 0 2 6 54 65 96 29 82 95 29 45 14 39 89 9 7 32 90 54 9 26 39 48 2 18 20 71 2 71 50 63 62 93 21 54 72 46 63 24 0 76 80 5 9 79 39 64 50 34 68 98 24 91 79 87 10 85 83 7 5 95 87 2 93 0 70 38 50 35 18 40 81 41 47 78 17 95 23 85 83 52 23 63 33 95 96 68 86 96 29 85 90 41 35 31 49 62 14 2 67 95 56 1 78 4 21 65 5 34 75 75 66 71 61 87 61 2 80 82 93 80 74 14 96 90 52 3 22 41 75 52 65 26 2 4 64 24 9 23 95 7 7 7 94 84 99 6 90 31 88 42 87 78 50 34 3 0 79 65 88 36 48 81 27 65 15 42 12 93 68 72 17 6 58 5 88 24 49 58 0 63 96 1 69 69 59 82 33 45 5 77 2 36 87 17 71 32 58 15 71 78 34 36 14 66 94 46 60 35 34 72 47 75 8 82 34 77 16 12 75 51 90 17 93 15 85 97 3 44 23 25 51 51 88 55 33 59 0 87 96 45 20 65 62 70 81 76 85 92 70 31 76 29 6 86 3 71 70 69 0 42 53 68 84 79 11 67 83 64 96 40 69 80 23 64 51 80 84 27 35 31 23 56 2 24 31 88 61 75 0 15 4 64 76 67 26 82 29 34 48 42 22 36 85 25 73 33 72 10 33 29 39 36 92 49 90 50 15 3 53 76 11 44 91 34 3 97 6 83 51 24 8 74 13 90 11 74 66 1 58 28 21 2 34 17 
82 31 31 26 96 86 97 1 93 55 96 0 69 87 90 27 4 34 49 17 4 31 5 62 52 22 85 86 28 14 9 18 4 71 15 51 99 41 93 87 38 96 98 76 37 84 63 44 0 94 72 27 19 88 59 88 83 68 4 73 42 6 32 63 37 40 36 67 27 53 20 57 71 98 31 62 83 77 21 40 39 65 32 51 74 35 9 59 60 17 27 1 92 69 69 61 23 90 39 60 8 40 93 88 80 5 29 30 73 75 27 77 21 53 80 6 17 8 93 0 39 67 12 3 68 3 19 27 91 54 72 72 95 82 59 56 46 42 42 92 89 73 90 60 14 74 51 93 45 66 83 5 46 28 93 2 67 57 15 45 54 9 42 59 90 57 0 94 15 0 56 58 80 6 47 48 9 45 90 69 74 42 79 28 15 78 94 5 63 89 23 58 61 31 78 38 85 9 31 41 28 10 82 94 34 31 87 96 84 49 41 25 25 38 22 41 46 40 42 40 46 6 52 4 50 11 40 56 58 52 49 32 93 88 35 76 89 6 32 62 25 27 43 58 55 33 25 86 8 84 10 84 2 78 78 63 96 32 21 58 90 31 24 51 33 90 69 53 99 33 86 13 50 50 50 59 4 78 57 18 48 48 65 30 7 6 60 60 9 55 4 0 10 64 87 60 35 13 68 50 99 42 15 16 3 0 27 68 81 70 40 11 82 47 59 52 20 5 92 19 2 19 63 97 2 93 60 39 72 77 75 60 90 47 33 0 90 58 80 61 95 7 39 91 10 69 26 81 14 62 47 58 92 57 47 96 91 8 33 25 59 86 87 86 46 60 21 83 67 90 26 56 49 73 68 18 27 42 2 3 87 14 66 27 79 14 19 79 84 6 12 66 6 10 57 6 0 16 42 59 96 4 60 98 75 49 90 34 20 48 86 49 72 59 46 82 76 22 85 1 73 96 71 11 63 74 98 20 17 94 73 0 44 58 96 35 20 94 25 0 97 57 0 7 56 98 45 48 96 1 50 87 79 47 7 98 15 67 70 88 75 11 24 98 21 62 51 0 38 89 36 54 53 70 23 31 75 15 48 42 4 56 14 59 56 22 59 99 79 56 42 66 10 61 54 22 3 67 11 64 
67 63 62 29 62 28 41 80 31 7 5 59 74 94 50 58 2 27 27 20 10 99 60 44 90 0 54 22 4 54 58 61 97 24 33 30 69 96 18 15 10 37 16 7 72 16 54 52 1 91 39 8 52 74 78 38 65 61 83 25 64 52 53 14 55 22 42 67 42 11 98 19 35 60 46 59 69 93 2 12 87 45 66 9 4 18 19 30 27 24 17 48 64 85 70 62 99 23 73 68 67 73 26 64 84 25 59 56 16 55 91 57 1 4 65 86 52 32 75 23 17 49 17 5 48 84 76 91 46 23 54 35 68 44 10 19 69 80 28 27 4 78 89 74 39 38 44 39 21 45 24 70 23 66 50 70 40 21 8 62 10 12 95 90 46 97 80 33 11 49 78 47 97 32 43 38 80 95 31 93 69 97 75 17 16 88 52 10 38 68 30 80 63 93 7 55 31 19 70 44 68 40 21 0 38 73 59 17 59 81 7 7 42 39 76 71 15 80 26 41 14 0 76 19 55 94 74 43 21 36 18 63 84 33 8 60 77 4 92 44 63 21 73 90 58 15 33 50 96 69 36 62 71 82 20 25 6 25 96 35 44 91 84 61 58 17 15 79 17 3 16 39 43 76 99 53 53 25 38 21 52 30 9 2 8 52 76 24 70 82 51 41 21 72 77 44 80 94 18 5 13 67 82 24 77 34 78 97 53 29 92 76 40 90 14 52 90 61 56 96 41 11 90 0 9 28 54 80 26 24 65 85 97 18 78 11 90 28 27 45 17 83 19 68 66 83 52 21 77 12 78 14 13 36 17 86 50 93 42 85 8 42 26 89 45 31 41 6 68 56 2 54 64 23 33 94 14 48 80 33 14 89 40 96 49 83 19 26 39 41 5 62 61 96 18 43 43 62 38 86 58 50 16 50 65 27 40 58 2 82 42 11 96 80 10 28 15 36 77 76 84 55 82 13 70 17 51 33 10 40 21 9 0 64 81 93 40 34 1 6 54 60 2 16 0 40 93 28 5 49 42 32 7 92 10 36 57 18 64 34 26 26 35 43 85 71 96 89 53 91 52 52 63 71 11 16 47 14 63 78 24 83 82 55 13 45 72 99 18 26 57 75 41 43 89 42 27 95 59 28 
83 55 70 4 2 84 91 94 3 46 22 15 70 10 94 6 62 2 60 52 23 21 41 54 49 82 88 90 61 39 95 31 82 8 70 83 8 85 2 78 33 70 89 38 45 60 45 34 44 20 89 18 49 39 89 66 64 92 1 22 6 13 9 64 86 71 78 6 83 18 88 9 63 79 86 36 5 32 36 42 48 51 99 81 60 9 46 82 22 56 8 55 87 38 24 5 5 12 34 99 47 41 9 80 18 23 55 18 79 94 88 12 2 67 62 5 12 4 45 48 99 16 79 67 19 33 95 39 68 84 94 12 29 50 90 44 55 83 73 41 89 85 1 84 67 47 45 66 14 11 60 94 41 49 26 31 18 23 43 26 84 67 74 96 96 58 18 70 8 79 9 41 37 64 45 77 4 35 92 60 20 29 99 41 9 44 32 69 47 89 74 59 94 32 38 34 99 17 66 79 31 85 44 61 1 73 24 36 34 24 39 20 25 70 65 71 82 90 31 38 2 96 14 59 9 49 64 49 72 41 70 20 54 4 64 54 84 16 82 56 49 0 20 11 5 58 3 73 69 61 11 97 61 99 60 31 59 17 1 0 19 86 20 61 47 39 22 24 29 67 71 49 17 84 89 46 15 70 41 91 55 0 85 90 34 36 16 26 61 86 85 48 16 42 7 68 36 95 27 46 92 71 6 16 23 30 39 9 51 21 26 35 17 58 9 91 38 84 12 22 34 43 77 84 36 29 86 2 89 70 39 49 53 60 29 17 99 76 0 12 90 18 31 1 41 26 16 0 41 72 11 73 62 39 2 25 95 6 94 0 32 97 95 19 6 95 31 70 41 10 18 98 50 84 60 50 43 55 94 38 19 97 49 68 3 98 97 2 49 59 97 70 12 26 80 64 17 46 82 13 91 28 58 34 20 87 73 71 22 78 44 42 78 25 84 12 27 35 56 3 98 5 3 48 33 40 84 47 57 84 84 85 53 48 78 94 87 14 3 8 7 50 40 9 18 4 64 55 29 74 77 77 17 65 6 20 49 79 82 58 60 92 29 77 46 73 82 99 88 46 21 15 78 55 39 83 58 46 80 22 49 83 96 52 96 96 5 96 44 35 46 96 78 23 44 20 80 66 81 71 
70 24 3 93 41 62 46 84 57 83 22 58 13 6 86 61 39 41 88 22 29 73 22 78 81 61 67 64 41 19 70 21 97 49 54 57 43 66 17 25 47 44 21 71 95 89 12 39 31 33 90 61 44 63 24 48 31 73 69 90 36 70 26 83 54 19 4 80 22 29 12 14 8 71 76 58 2 10 38 18 54 2 95 25 12 30 81 10 91 53 15 34 63 85 56 71 72 82 15 15 80 15 38 47 49 61 21 22 57 11 15 21 15 83 85 70 19 71 91 25 99 85 75 10 53 0 94 6 90 4 50 38 26 65 41 38 32 51 0 24 30 94 74 30 21 3 51 72 36 80 59 51 34 11 27 9 97 43 18 3 63 27 9 93 93 71 76 70 4 84 12 4 85 41 11 6 37 88 68 53 29 13 43 50 34 2 49 88 81 10 75 34 35 83 26 76 8 77 27 57 16 76 62 14 18 85 46 94 82 95 26 78 24 73 12 2 72 57 20 13 98 63 46 96 78 90 9 75 6 97 62 43 51 55 35 16 86 29 36 1 28 52 17 74 21 73 35 28 86 53 65 43 15 30 56 90 35 43 7 3 73 43 28 2 68 12 63 17 29 10 3 91 50 49 60 64 87 48 58 92 85 99 30 46 25 18 57 36 68 33 78 80 27 49 81 49 67 18 89 26 75 86 95 45 23 86 89 55 34 36 34 62 93 45 94 93 48 7 55 67 39 61 86 56 93 42 82 45 67 45 13 23 19 34 52 88 26 90 40 66 73 24 39 29 11 72 15 25 99 76 32 31 64 59 3 11 49 34 2 56 16 65 0 8 39 43 60 15 2 32 97 42 10 50 6 40 87 73 69 88 78 72 54 36 98 76 71 18 90 50 7 55 8 11 52 10 33 0 56 10 88 23 55 22 48 16 79 30 8 62 73 29 54 94 50 62 46 32 44 24 65 42 33 49 64 64 55 37 7 4 54 55 71 57 54 54 70 59 44 60 1 98 1 25 76 32 22 0 97 25 72 79 57 45 2 22 67 50 77 98 49 4 80 78 39 69 59 15 82 3 88 75 71 4 4 94 31 89 31 3 37 20 99 33 88 71 54 33 52 36 47 72 8 1 23 48 96 76 65 68 
59 28 96 58 59 13 56 59 94 43 8 69 52 27 75 72 74 20 88 69 83 16 23 60 25 98 88 88 43 26 7 46 81 45 69 80 44 77 95 35 48 13 15 39 32 33 14 2 27 83 52 20 2 9 71 95 68 68 77 44 23 45 56 20 82 81 58 91 57 38 63 90 77 83 7 73 56 0 60 27 0 33 45 58 17 45 31 77 8 90 13 69 16 23 40 85 77 81 71 58 87 21 3 41 13 93 83 29 83 81 97 78 42 28 87 14 86 86 35 24 75 59 29 53 5 10 87 48 73 21 83 3 82 53 46 30 2 30 26 0 97 49 79 43 35 88 58 12 64 16 3 35 13 54 92 80 29 94 6 37 7 34 75 26 28 32 20 21 42 93 58 1 49 51 20 94 57 9 44 54 65 7 92 44 3 97 78 53 51 6 98 10 29 66 85 14 34 17 46 85 24 64 80 82 8 53 97 12 99 30 72 13 2 7 78 13 54 37 78 19 93 98 69 74 2 96 3 80 25 24 14 60 77 82 94 35 76 95 6 15 7 82 43 28 32 0 41 61 79 0 81 60 11 64 78 60 16 63 44 27 55 20 38 77 83 67 65 74 30 40 97 36 77 93 76 45 30 71 22 11 51 93 70 94 77 83 35 9 76 41 0 83 79 23 90 78 34 93 57 76 69 1 78 19 24 99 66 60 62 33 31 56 94 66 48 29 0 13 26 16 45 87 92 81 29 20 34 88 98 51 85 85 48 22 2 53 88 86 80 49 26 71 75 81 66 88 49 88 82 33 70 77 84 52 26 87 53 73 57 95 77 39 21 29 76 73 90 22 63 66 43 77 53 84 69 95 2 84 75 35 93 17 92 77 82 42 18 44 26 39 1 87 14 89 55 50 64 3 34 64 36 73 30 93 97 87 95 66 96 12 68 84 87 47 12 82 39 34 73 11 97 95 48 67 19 38 68 51 39 71 60 81 6 22 91 15 48 58 26 41 37 2 73 19 42 89 95 63 11 84 76 22 41 0 34 87 40 66 4 75 35 91 70 28 44 76 13 81 61 74 10 25 31 50 31 79 33 23 82 25 25 92 86 30 57 60 75 36 27 61 22 24 90 50 98 32 75 30 79 87 
91 74 1 91 73 5 62 57 78 18 99 70 56 41 77 26 62 17 63 2 82 1 13 98 21 64 44 28 78 49 79 99 36 9 86 6 33 31 75 91 46 98 14 49 99 45 33 64 4 31 1 0 17 16 94 71 79 99 71 50 91 57 16 84 71 50 84 15 95 14 21 72 70 38 58 73 73 30 35 52 26 43 32 28 38 85 93 47 55 23 21 30 10 33 0 70 63 45 34 59 21 60 23 55 44 35 75 38 22 97 22 93 9 2 4 45 21 60 23 74 76 20 36 10 9 6 49 9 20 14 53 30 91 26 86 56 22 7 36 69 48 58 86 7 65 91 83 93 82 4 25 20 89 75 62 67 62 17 91 75 6 30 82 72 69 5 59 61 15 52 3 36 73 50 39 41 83 39 96 47 61 14 66 6 44 89 93 52 16 48 26 90 38 5 82 93 75 78 30 36 10 82 80 55 9 43 62 61 57 35 95 68 33 39 92 49 4 88 75 96 76 4 51 40 55 21 61 89 73 43 18 59 77 75 15 51 70 97 51 30 4 20 3 67 58 85 33 26 17 12 30 95 78 26 14 63 68 57 89 10 82 53 99 54 29 60 34 92 25 19 60 41 59 89 18 44 58 14 28 4 88 20 45 17 4 16 84 66 66 75 69 36 96 54 4 70 1 68 78 27 0 52 36 75 20 73 19 67 38 18 80 14 20 79 1 75 18 6 57 83 45 50 60 81 60 87 99 48 80 47 23 40 93 89 70 97 50 78 1 14 83 10 86 43 93 51 41 77 90 74 14 88 9 16 27 59 30 46 64 76 33 66 48 70 37 76 71 51 41 70 53 25 50 16 9 80 37 36 17 89 27 89 55 30 38 10 86 1 87 69 90 82 40 64 87 17 19 24 69 13 52 65 74 83 46 53 52 51 16 28 45 50 32 74 94 41 6 8 16 70 97 45 74 38 85 87 48 74 78 70 24 87 65 10 79 99 92 19 44 77 62 11 78 96 3 10 11 4 52 82 84 5 63 29 76 14 28 41 70 51 66 64 17 42 24 51 24 42 92 13 96 25 2 76 30 91 83 47 32 59 46 89 82 26 61 18 23 79 19 69 60 6 16 71 78 26 28 59 11 48 
69 45 37 11 13 35 62 89 59 93 85 65 30 7 35 9 16 82 6 59 40 4 65 84 48 65 67 73 6 77 93 78 11 45 50 92 30 8 97 8 38 2 59 65 58 8 96 4 97 98 61 82 86 97 41 42 18 86 71 6 90 20 58 36 51 29 54 33 51 4 41 57 95 64 52 11 96 66 14 97 49 77 84 16 23 65 45 7 28 21 39 27 65 30 91 91 17 57 1 25 60 65 57 87 33 82 38 67 84 9 2 48 88 72 50 72 50 29 32 91 85 59 34 91 69 7 94 55 59 4 7 75 85 72 18 23 14 76 7 25 0 23 23 52 38 46 55 97 82 44 43 90 46 98 25 10 53 17 72 7 21 98 49 73 93 53 14 95 24 50 39 68 21 20 80 4 55 67 52 78 19 48 95 41 69 3 81 68 9 64 84 59 16 84 3 29 80 86 17 34 47 50 44 99 46 99 93 62 12 14 8 61 76 64 14 83 70 83 95 51 72 3 54 51 41 82 56 32 68 1 41 93 71 84 49 1 10 38 32 34 59 20 89 61 38 18 86 34 53 26 25 15 18 30 10 92 56 78 60 28 87 73 90 26 66 45 29 50 50 7 33 38 13 81 0 37 43 35 69 46 82 54 84 70 61 85 42 0 92 32 98 87 78 3 90 7 76 71 73 72 36 87 99 90 20 47 95 79 51 41 48 36 22 37 50 94 62 4 9 73 45 43 54 85 41 55 51 89 8 2 5 41 61 30 64 31 47 27 62 0 29 37 9 44 89 86 99 67 78 85 2 63 61 21 94 44 92 82 61 54 12 41 42 6 2 23 53 33 54 48 60 42 22 20 84 77 24 2 63 88 96 90 20 48 87 87 39 0 49 60 81 39 51 82 72 23 13 35 93 72 17 67 84 83 56 49 64 1 30 12 33 74 19 15 60 74 15 30 64 63 68 36 69 32 67 82 59 69 84 43 6 49 60 98 12 38 71 85 14 71 57 16 78 49 51 92 74 80 51 11 9 71 99 88 4 83 85 51 6 70 3 10 31 32 54 50 66 3 92 27 79 99 53 43 66 26 63 91 5 11 99 20 84 61 94 32 23 70 33 21 17 51 57 72 89 90 50 51 86 34 
5 98 19 55 0 54 93 12 49 64 94 82 52 16 3 81 68 9 65 45 40 94 83 38 29 61 90 2 98 59 8 97 26 78 49 26 90 86 4 77 22 18 92 40 25 29 72 10 1 90 70 72 50 72 30 20 57 30 76 6 76 94 0 6 50 24 42 63 42 96 12 93 57 57 68 17 25 12 16 86 86 5 7 70 68 94 99 41 50 83 3 9 60 85 38 74 11 66 79 99 45 81 51 69 17 64 50 55 77 11 61 44 93 7 79 1 94 41 82 22 72 15 34 89 98 89 57 17 52 5 32 19 34 77 37 36 4 85 56 30 88 88 98 67 8 45 87 0 48 3 86 54 81 78 45 61 89 34 45 52 29 72 65 3 39 77 86 76 12 56 55 59 72 85 53 48 92 79 43 21 90 3 73 7 18 66 48 7 68 23 16 11 88 16 98 31 79 16 53 68 81 66 84 35 39 64 24 76 9 8 87 13 70 51 42 82 47 37 62 89 73 52 8 8 18 11 83 70 80 93 88 86 23 5 34 86 52 39 31 0 28 81 93 48 76 45 40 3 42 10 72 22 79 49 97 27 73 47 77 72 79 99 93 5 58 62 78 61 40 83 73 1 66 6 73 21 90 78 50 0 97 5 16 30 84 77 3 68 42 84 28 27 67 10 61 94 13 79 33 39 9 99 66 7 6 98 54 22 49 78 4 0 1 88 9 80 0 16 31 86 71 19 83 79 42 27 2 58 40 19 7 18 19 2 74 28 26 42 59 79 33 73 21 17 31 74 98 77 85 17 23 11 25 0 79 21 83 90 23 12 99 91 71 77 18 16 50 20 30 74 35 25 47 66 52 28 94 23 25 70 82 91 46 63 88 35 13 90 58 42 61 5 6 2 70 59 77 4 34 44 3 30 67 67 73 55 63 12 12 63 96 49 68 28 49 85 4 2 74 83 25 15 23 15 2 64 80 5 25 43 59 25 33 39 18 80 14 82 18 5 33 61 63 23 64 21 76 98 42 63 57 96 75 0 18 52 29 57 10 74 28 84 52 74 85 4 86 21 15 72 51 7 27 4 34 47 56 92 65 91 90 88 18 75 41 16 39 48 82 57 40 22 10 13 6 11 57 51 47 94 
52 93 5 34 35 7 58 82 1 69 43 90 36 11 58 27 57 25 11 67 81 90 6 32 29 88 58 93 80 95 0 16 87 18 31 21 31 15 49 87 44 94 72 55 0 25 71 42 95 78 7 60 91 16 19 44 7 77 68 86 69 21 17 86 36 25 22 88 18 23 46 88 36 23 23 14 77 5 33 9 11 59 59 60 57 42 83 7 19 25 10 86 86 23 28 5 81 13 23 24 37 72 95 68 71 71 91 61 65 71 10 30 84 49 77 18 97 14 63 86 79 34 77 86 8 66 33 99 62 28 59 63 23 71 94 56 47 1 56 29 16 87 23 39 47 32 83 72 41 84 38 78 67 68 16 11 74 99 55 49 27 26 25 41 96 79 25 26 78 73 87 74 40 71 6 74 69 91 61 71 4 12 74 19 74 37 12 43 70 16 17 55 90 64 35 50 6 98 24 10 42 75 96 94 56 41 94 17 86 19 15 73 83 10 83 0 28 76 21 47 29 83 91 12 60 94 57 89 54 63 92 44 60 83 61 37 98 14 44 75 17 87 56 38 89 26 99 35 48 58 36 30 67 9 35 59 92 62 47 97 40 76 40 76 51 10 8 61 41 23 1 62 97 19 22 21 75 53 79 76 33 26 13 97 53 10 36 13 9 47 72 0 58 58 68 23 70 4 59 45 42 46 22 65 82 87 0 0 86 66 88 9 18 23 93 56 27 79 13 0 34 59 93 47 60 34 79 82 64 1 3 16 56 27 28 81 58 69 8 42 19 30 80 47 7 6 45 42 61 92 50 61 56 70 92 23 55 17 41 63 10 30 97 23 1 86 31 14 7 98 76 19 14 8 14 17 20 19 47 63 46 44 59 28 69 15 3 15 67 32 11 12 1 20 56 2 25 42 80 61 82 67 7 76 22 93 16 89 45 43 14 17 44 1 19 57 43 54 22 31 76 28 56 16 20 70 34 49 42 18 17 62 90 3 92 93 70 31 27 57 49 37 69 53 93 9 24 81 97 52 18 75 70 69 46 98 62 80 92 58 46 17 48 63 28 56 57 78 79 89 64 8 73 98 75 89 53 75 93 96 82 5 67 63 76 90 43 87 66 13 60 43 24 91 22 96 8 9 60 37 
42 24 25 85 37 19 79 61 83 58 21 55 64 91 1 40 9 14 30 85 15 50 62 74 85 64 78 25 53 28 77 20 46 45 32 85 14 44 50 1 7 24 71 84 6 42 92 14 31 63 67 58 15 33 10 20 28 49 70 27 3 7 99 43 4 46 6 31 91 16 45 73 47 82 56 88 0 52 56 3 17 14 27 60 40 10 87 47 21 33 48 48 36 39 76 50 78 33 40 30 76 9 68 90 96 71 49 19 24 3 27 57 54 40 15 0 27 89 87 4 93 24 74 88 85 57 36 29 63 10 67 89 10 26 61 51 49 18 50 58 23 0 69 97 14 24 91 47 32 79 93 6 25 86 70 44 9 35 6 40 88 85 61 62 66 79 21 31 65 68 51 11 5 29 20 60 43 53 81 93 90 42 68 36 32 47 54 75 59 97 85 27 10 65 52 62 93 68 47 8 80 11 46 30 36 35 34 54 94 47 55 63 3 28 41 51 95 53 29 57 36 87 96 72 63 16 87 78 27 55 68 57 76 42 44 56 32 54 38 48 53 54 4 82 92 26 56 65 36 47 10 60 17 63 47 27 46 30 22 70 49 98 79 54 45 69 47 64 80 46 88 43 54 78 17 65 60 54 91 93 95 75 63 38 41 43 99 38 81 85 41 17 25 11 70 6 41 26 30 28 98 25 62 35 43 97 87 40 76 23 9 28 46 1 77 24 57 42 4 6 14 19 63 27 66 54 38 73 36 90 12 20 40 59 22 31 4 20 92 79 61 70 51 5 81 43 40 94 23 13 48 65 97 25 77 56 28 55 37 9 79 9 3 32 33 83 99 26 22 32 13 19 32 9 45 81 68 82 9 93 59 84 91 87 89 95 4 73 58 3 41 39 94 8 90 56 46 33 3 36 99 84 27 14 0 29 4 17 75 66 20 86 48 34 83 60 41 44 20 41 50 76 3 50 86 90 74 3 17 44 1 35 76 29 8 35 11 7 19 3 11 55 42 55 93 11 23 64 82 30 56 97 27 56 83 27 57 90 5 7 76 55 26 7 71 49 9 23 81 53 21 24 54 49 6 15 8 3 90 41 85 88 87 75 82 42 83 75 97 74 74 70 85 96 5 97 31 88 16 89 
44 80 28 28 96 15 34 83 0 26 83 26 48 82 5 0 49 48 64 42 90 39 80 87 39 84 1 68 87 63 19 16 22 64 48 0 53 33 4 56 78 9 63 25 39 60 73 72 23 45 98 52 99 7 52 40 32 91 25 1 95 34 94 73 39 50 11 61 11 70 10 21 6 22 82 67 2 78 15 23 31 53 55 54 24 31 29 97 88 99 49 89 30 37 97 25 13 5 94 19 34 24 30 7 38 52 5 2 0 96 37 93 33 58 54 73 66 42 36 79 89 27 68 14 72 34 64 4 50 61 54 37 31 7 33 3 98 47 71 50 39 7 10 28 39 85 5 46 69 67 69 53 91 51 4 84 41 92 88 25 72 54 8 60 40 14 16 47 2 83 19 29 70 5 16 31 88 54 65 54 29 5 74 79 38 81 63 81 9 30 29 41 0 22 3 59 12 39 24 63 68 53 29 31 97 93 55 7 7 46 61 93 49 40 21 85 33 63 10 74 62 98 40 5 10 69 89 26 97 8 57 42 40 40 63 5 38 17 45 37 71 2 31 88 83 81 2 54 66 74 41 70 43 82 16 24 5 21 34 45 41 49 45 16 27 19 54 59 11 37 77 64 0 46 13 10 2 66 24 86 52 90 99 55 22 45 50 94 77 82 1 81 42 14 16 36 52 74 45 25 45 61 70 56 11 79 71 42 70 52 59 4 20 50 45 56 13 17 67 39 8 68 4 32 6 33 27 26 78 48 3 84 28 99 56 21 71 55 82 41 62 66 46 94 2 36 99 76 94 22 10 19 99 73 42 58 57 74 99 29 15 39 99 62 69 62 17 23 1 69 40 25 43 40 15 55 11 4 63 12 19 82 26 21 88 92 54 87 26 20 55 92 32 7 33 94 85 49 51 95 11 93 52 28 55 18 64 67 13 13 77 51 43 17 72 57 33 9 82 10 62 61 21 71 54 78 9 92 99 76 66 43 17 19 90 19 57 36 42 94 1 81 42 84 53 10 12 25 88 29 48 3 47 73 29 21 1 13 81 46 53 3 19 93 26 52 65 61 92 96 83 63 4 23 62 56 65 5 4 41 83 7 13 47 33 88 96 8 49 64 16 68 45 80 49 17 67 27 52 28 
29 76 39 78 67 28 37 52 49 55 95 16 93 78 98 34 45 37 45 62 65 7 97 98 59 94 49 4 66 86 41 15 28 96 59 4 58 10 0 18 68 96 65 64 82 95 51 75 83 0 85 48 11 61 14 26 29 46 60 70 18 21 66 96 19 44 13 47 12 8 2 89 16 99 63 22 18 46 74 75 53 97 49 22 13 94 16 7 0 35 70 22 88 32 22 6 62 77 87 0 57 6 77 81 18 14 62 68 34 99 12 80 44 83 6 50 46 83 72 7 64 3 88 62 41 17 93 51 60 53 67 51 25 88 74 62 72 90 0 3 77 56 99 39 29 71 56 37 33 44 33 62 77 14 46 22 42 13 50 71 96 95 78 94 1 39 56 67 84 86 19 15 29 22 76 44 39 20 42 57 65 94 24 85 81 3 78 17 47 92 14 44 52 62 73 83 75 13 20 75 94 3 60 39 16 79 56 87 62 81 76 15 47 31 9 83 52 92 60 45 37 83 36 16 94 46 99 99 6 95 23 55 65 65 63 73 78 40 48 67 62 26 99 33 18 71 28 33 81 50 10 47 13 22 96 18 98 58 48 11 60 64 29 31 57 77 53 27 8 97 75 60 38 62 96 71 85 55 79 47 17 0 7 30 98 1 5 40 37 66 12 21 47 70 44 81 25 94 1 26 65 50 91 8 56 53 49 27 51 20 63 95 15 77 3 20 0 54 63 37 23 23 3 99 30 33 40 61 63 85 62 97 48 94 84 41 24 92 10 98 38 26 69 73 32 60 51 92 79 89 23 77 62 53 84 27 95 24 68 71 91 9 12 43 66 27 16 82 2 21 5 47 10 37 52 0 40 49 50 98 56 0 44 8 65 28 8 98 52 86 38 5 11 46 0 23 6 28 4 63 27 86 77 52 1 31 31 54 20 84 32 19 18 46 1 20 91 59 30 82 57 83 49 40 77 92 99 12 68 3 90 0 13 65 8 51 57 0 26 98 95 5 68 31 70 8 68 41 7 19 29 75 29 43 7 12 79 71 92 42 77 67 47 65 4 78 58 87 60 25 62 77 15 5 72 12 93 58 49 66 63 5 64 73 37 87 60 59 53 7 97 24 39 75 52 99 45 44 90 73 
86 32 37 98 34 31 43 98 11 18 66 97 45 30 89 83 97 42 98 11 51 72 6 69 46 58 54 25 48 21 40 48 74 19 72 92 13 32 71 31 61 67 90 11 8 64 64 12 26 64 10 62 93 40 27 87 57 8 53 88 7 9 3 40 82 34 94 74 21 46 91 81 29 89 41 50 39 54 82 99 31 71 14 30 33 34 79 17 63 43 73 38 35 39 83 11 79 16 51 59 3 17 48 20 10 41 96 73 36 2 96 4 58 57 77 16 30 45 58 77 24 40 99 21 37 19 25 71 46 7 65 80 60 29 87 79 35 90 27 8 99 59 61 94 60 90 36 65 3 75 40 92 49 25 18 39 46 58 10 87 34 14 89 81 80 99 28 8 20 89 16 39 98 0 83 59 19 72 27 8 41 22 9 50 38 81 24 6 35 80 74 2 11 43 48 22 98 12 99 26 96 43 8 79 40 61 46 35 92 59 91 45 1 74 45 98 65 49 42 93 4 32 72 3 97 34 43 7 72 56 11 16 32 86 44 6 28 17 65 0 72 18 9 69 69 72 87 11 69 48 80 96 16 62 61 75 58 11 77 65 27 66 47 56 92 60 44 84 56 17 7 74 50 79 51 88 84 6 26 5 51 48 83 10 46 5 26 99 80 95 25 27 13 83 95 65 11 15 8 55 54 23 26 80 60 9 5 31 45 57 57 53 76 90 66 95 22 8 23 25 92 51 25 88 65 80 55 22 98 83 57 29 55 51 22 89 32 73 57 20 34 24 74 37 28 92 47 47 72 60 59 23 64 78 68 38 70 7 74 39 88 54 30 80 6 95 75 36 95 54 72 76 96 99 3 70 92 24 5 83 61 28 45 87 13 71 30 39 4 87 91 57 26 99 86 24 2 20 85 0 22 39 79 82 5 60 19 22 53 97 46 61 44 85 54 58 92 22 23 69 63 33 71 2 6 23 27 3 74 30 98 25 1 95 23 64 45 15 11 84 68 43 3 87 2 44 67 99 12 77 7 92 19 34 74 23 77 93 45 22 39 21 32 78 58 46 3 43 18 4 91 38 41 77 38 3 11 64 18 64 36 93 69 70 65 28 96 33 67 2 52 51 10 60 79 23 87 59 22 16 
71 14 54 85 62 28 3 54 29 9 81 52 65 38 77 25 74 60 75 61 39 34 49 56 77 9 34 85 49 80 7 16 38 10 34 31 34 94 97 71 44 0 28 19 30 37 27 23 62 68 9 90 39 7 19 23 96 50 48 38 18 84 54 24 86 77 56 93 43 96 83 11 39 0 48 26 13 7 50 3 96 64 16 12 91 82 73 44 71 99 64 44 67 57 5 76 78 86 16 37 12 23 31 14 55 97 88 78 10 64 17 17 62 38 33 29 99 58 60 50 21 78 88 54 39 53 59 77 55 98 27 60 46 59 50 54 98 71 11 65 70 44 74 20 74 0 94 82 86 78 17 78 32 5 72 26 77 92 61 40 48 63 79 66 9 65 69 12 19 83 29 62 57 65 1 82 82 6 2 36 50 22 55 43 56 55 13 66 87 40 84 30 56 6 68 1 8 93 46 93 13 0 5 63 21 19 55 36 3 98 49 84 42 18 75 70 78 46 81 91 6 10 13 86 50 28 7 81 31 34 5 2 98 46 24 41 60 87 75 43 91 58 92 0 41 42 9 53 73 64 99 23 71 1 80 15 99 73 26 46 10 21 6 65 4 69 52 8 33 54 84 59 99 91 23 49 96 22 90 11 68 89 62 96 82 44 29 98 26 85 4 99 6 14 1 50 77 31 48 15 12 90 13 44 63 98 62 78 65 52 3 94 30 16 17 31 30 59 23 86 79 32 26 36 79 8 20 81 99 52 45 84 2 17 57 1 54 1 83 63 54 0 59 30 79 48 19 58 2 84 45 43 63 87 77 7 87 16 63 88 59 24 23 14 24 39 11 70 55 97 69 18 44 52 95 8 32 37 68 43 42 70 61 58 61 87 65 49 81 13 62 31 69 71 11 45 81 83 6 3 94 90 1 94 81 71 20 75 53 28 6 21 85 29 23 11 40 19 29 42 7 95 56 17 25 98 22 42 24 80 22 25 28 55 38 3 84 57 66 21 7 52 57 22 99 52 81 17 27 13 39 33 56 39 5 18 34 13 5 11 6 93 84 4 79 23 94 48 62 39 97 10 89 38 88 5 81 67 15 76 10 19 3 32 76 79 75 35 87 36 91 90 6 67 64 99 45 9 90 78 
83 34 55 80 49 48 88 58 3 11 28 8 28 68 56 50 70 18 99 71 5 36 77 11 71 45 15 27 96 4 69 74 1 41 29 58 41 1 95 91 77 12 6 26 1 38 7 37 11 87 86 13 26 85 67 88 60 58 51 92 1 15 98 49 47 54 27 82 65 48 19 14 23 64 37 42 20 7 99 29 30 15 26 22 73 13 58 27 48 38 31 90 76 25 26 25 86 86 66 68 78 17 51 8 29 38 53 32 64 29 48 17 75 33 29 45 72 79 94 18 95 85 70 4 79 83 51 73 70 1 49 92 88 15 93 17 81 95 14 29 71 41 38 67 52 76 57 57 73 13 43 98 12 63 69 50 98 64 72 15 90 64 65 99 78 88 0 43 6 36 51 41 49 19 31 36 60 60 83 9 48 24 5 57 30 35 65 54 7 46 82 65 32 49 6 82 42 36 21 44 77 55 46 43 77 3 81 75 46 35 17 63 87 97 67 35 52 75 67 64 50 48 40 52 18 10 9 24 23 14 84 77 75 97 30 52 3 96 0 25 28 45 70 74 63 64 45 12 69 22 78 33 27 83 26 4 60 47 95 76 61 68 53 99 68 46 20 32 74 14 7 19 80 13 6 64 12 92 58 29 50 35 61 0 40 35 12 39 71 0 95 12 5 48 53 92 71 45 73 18 10 75 18 23 57 80 62 36 46 51 42 11 81 82 84 78 21 99 20 18 3 42 11 11 94 69 88 60 4 45 86 18 92 27 16 63 92 27 80 91 37 15 48 70 47 26 34 3 85 60 21 88 74 34 40 32 42 18 73 86 49 64 0 61 78 73 29 20 33 73 16 81 63 81 85 66 48 27 62 71 40 51 50 63 59 66 9 11 73 69 59 0 6 17 33 3 98 14 14 30 15 73 55 89 13 4 22 3 83 13 89 46 34 1 36 66 36 41 0 16 21 2 66 36 65 94 18 97 36 14 29 0 29 26 45 10 64 33 27 98 28 87 22 62 17 54 88 98 97 22 77 43 53 13 15 12 72 42 43 86 4 92 37 13 55 49 7 91 87 66 58 36 55 95 20 67 75 92 15 88 24 98 34 72 38 69 68 86 8 18 27 9 71 34 48 22 57 25 53 52 
33 16 24 81 65 97 30 97 90 2 6 88 56 64 2 72 0 15 73 26 17 76 10 15 30 82 98 91 40 78 87 90 18 66 17 11 91 31 66 12 98 14 9 24 34 42 85 16 41 77 74 16 36 3 59 60 62 85 31 23 88 1 40 33 19 30 74 24 88 51 78 91 19 25 75 63 2 47 97 95 77 76 6 48 39 82 76 71 37 72 14 9 70 26 31 56 14 3 46 60 25 21 47 58 1 60 2 11 51 32 99 39 31 37 77 15 9 25 41 10 67 92 40 75 44 15 29 87 47 65 22 59 99 38 50 94 24 93 67 50 46 5 14 92 32 54 10 2 16 93 59 90 18 20 61 8 91 26 92 87 89 89 15 45 30 25 57 9 81 95 13 2 82 33 5 81 75 19 64 14 78 40 53 3 47 41 61 69 98 48 66 49 56 63 79 10 21 88 67 5 5 48 54 46 10 14 41 68 61 77 96 18 7 25 63 49 92 95 65 9 73 95 59 67 82 32 42 14 88 78 28 76 96 9 59 83 78 84 97 40 69 20 40 5 9 84 16 8 72 1 93 23 20 98 15 2 82 26 69 56 59 28 56 94 95 19 2 72 48 62 64 96 84 86 83 75 16 60 93 8 65 67 71 78 43 71 15 49 10 29 44 92 54 74 8 37 49 80 49 80 98 54 48 72 95 2 8 45 99 87 13 47 46 97 28 76 45 6 83 44 89 2 54 83 65 7 49 63 91 45 77 68 17 79 22 91 75 71 40 18 53 86 85 26 67 32 85 68 29 49 96 3 5 79 68 77 23 0 96 43 21 37 20 28 68 96 37 33 12 52 0 89 74 77 6 52 54 50 63 46 37 60 34 12 5 88 11 1 87 52 25 3 84 75 50 79 59 9 24 74 37 90 61 52 21 99 50 42 37 49 48 76 55 21 5 70 82 69 37 2 60 68 61 43 62 64 97 70 18 20 30 49 69 48 42 4 80 9 98 42 89 6 82 18 92 57 57 14 46 96 97 5 80 34 6 7 20 51 15 41 22 47 90 12 38 29 69 98 61 91 87 56 89 44 11 54 69 76 42 28 41 60 33 90 21 6 40 87 54 99 1 18 74 32 3 95 70 29 81 10 
98 68 87 82 44 99 58 83 88 48 14 65 57 17 4 58 60 10 38 65 38 0 5 81 97 64 52 14 91 62 16 12 6 88 93 89 92 52 18 9 84 68 49 29 82 59 4 66 71 67 4 34 49 28 49 15 47 40 3 53 87 55 48 1 7 70 56 46 54 65 42 43 8 55 38 59 99 83 17 70 66 78 14 72 11 16 10 7 17 65 34 10 53 45 85 7 77 91 40 6 5 77 98 89 39 39 30 66 90 53 18 79 90 57 29 73 60 47 65 72 54 40 79 50 60 71 51 25 3 38 93 23 85 40 56 75 19 81 48 22 14 20 57 2 83 83 40 59 88 43 89 3 88 34 45 94 40 14 32 87 8 41 82 39 79 84 50 91 9 83 10 36 97 23 83 9 37 35 88 91 78 14 27 94 15 47 34 1 4 8 52 62 39 40 62 98 94 42 86 52 31 11 20 40 31 21 29 8 86 24 4 2 56 94 86 63 21 94 79 89 8 96 67 32 82 64 55 82 45 51 32 38 24 40 17 17 20 99 35 83 16 61 19 32 64 82 3 76 69 95 24 87 8 83 12 34 67 65 35 47 59 63 75 21 47 67 94 27 26 40 73 29 60 6 16 44 13 43 63 79 93 58 2 61 29 14 66 34 26 76 84 69 21 81 28 73 7 69 15 18 66 15 92 9 53 46 88 77 65 54 48 83 33 39 56 9 67 47 38 63 38 88 88 81 48 66 72 21 58 81 44 64 60 27 78 28 22 74 25 24 21 91 36 93 83 62 29 99 36 56 96 80 62 19 17 90 23 80 78 44 77 99 79 49 58 98 42 60 59 64 44 74 16 24 79 85 56 81 63 36 34 89 66 77 85 7 66 3 6 14 75 74 55 62 16 92 94 18 54 97 65 58 55 93 44 34 39 89 47 59 8 76 94 31 34 87 9 23 86 87 81 7 30 58 27 49 68 7 9 96 98 19 56 52 10 29 3 58 95 98 8 39 29 62 9 77 1 63 81 2 34 70 31 31 71 47 81 94 65 68 67 65 94 81 37 97 77 1 88 45 74 34 23 24 78 2 45 61 3 25 84 21 29 97 52 76 20 43 84 65 6 19 72 34 24 71 17 86 16 43 
59 35 66 56 2 20 71 84 27 36 55 33 76 57 33 27 5 40 72 16 79 98 32 36 73 23 86 36 17 90 84 24 54 69 35 12 88 43 45 84 2 37 82 85 51 22 22 18 5 48 52 35 78 20 5 14 61 45 94 80 12 13 14 91 54 92 0 81 57 76 56 61 83 25 66 11 82 8 68 50 65 76 4 82 47 56 87 39 21 18 88 53 67 2 7 59 54 34 34 27 0 41 90 77 8 73 82 18 33 64 14 24 60 78 60 47 0 99 92 80 50 89 10 63 99 79 59 0 54 63 56 31 16 17 20 96 37 93 44 7 46 89 55 68 64 11 45 66 75 59 8 43 37 96 94 63 36 88 4 98 33 13 7 75 74 35 41 38 9 68 10 54 88 67 17 10 2 23 51 14 71 11 43 5 62 26 58 57 36 49 51 83 16 46 93 91 12 90 18 33 75 52 31 31 86 80 48 60 48 2 46 61 9 67 89 95 61 16 77 36 63 82 18 55 10 63 5 75 43 15 78 66 51 3 13 12 7 93 41 9 39 71 66 90 55 9 82 90 15 0 3 8 72 84 3 49 13 73 74 71 81 86 2 83 89 44 74 5 52 54 83 2 9 86 20 67 53 81 29 32 50 64 71 83 46 15 90 52 8 92 64 82 93 59 68 42 0 72 43 7 13 55 55 97 28 60 61 32 41 21 48 21 89 27 86 4 96 79 19 53 47 2 51 85 11 35 77 28 41 25 10 26 18 43 85 64 22 44 85 84 37 47 26 46 95 47 59 62 56 24 62 29 84 38 15 51 68 10 67 17 46 57 21 78 82 12 88 23 14 46 17 58 59 28 59 67 47 16 12 49 80 98 83 63 84 90 35 91 12 76 52 93 45 16 33 20 44 47 69 5 37 93 94 12 48 60 41 85 4 96 90 47 72 19 62 36 56 30 74 84 43 74 53 13 31 66 66 85 33 35 64 1 51 97 77 72 10 27 54 66 31 72 66 59 24 42 23 38 72 74 51 94 50 70 54 46 98 88 30 94 83 10 9 42 65 57 83 54 60 60 93 1 50 9 87 29 89 62 8 73 71 43 41 17 28 44 90 85 78 27 2 59 44 90 41 37 22 47 98 42 
80 47 7 98 33 46 13 69 65 14 99 21 49 6 84 15 74 62 86 52 96 50 39 75 71 28 46 42 25 57 78 66 55 49 81 5 48 28 2 95 73 77 17 51 48 51 15 44 75 30 97 79 86 90 52 71 82 50 80 54 49 58 86 43 21 45 11 60 27 31 74 73 51 99 8 49 20 0 3 43 95 80 24 78 50 97 7 15 76 10 95 11 59 8 24 34 98 30 15 53 34 82 15 1 15 38 87 6 90 1 24 85 44 83 68 71 16 35 9 79 9 62 85 56 8 98 54 90 60 13 62 53 95 36 28 47 16 98 65 53 56 96 0 4 23 86 79 44 60 78 54 90 41 47 10 1 47 37 14 18 7 54 53 22 47 91 22 7 2 66 80 60 81 93 87 79 65 34 3 50 66 75 12 75 63 51 45 92 31 95 13 90 43 92 93 44 95 55 89 90 59 34 48 29 41 42 21 63 98 77 82 95 18 40 54 35 0 16 24 2 98 17 65 93 7 48 54 14 6 66 50 9 38 93 11 46 21 55 95 33 13 60 9 24 41 54 61 89 56 26 34 65 21 12 15 20 94 69 4 39 84 86 7 92 78 51 42 56 30 6 62 21 63 46 96 11 22 2 17 69 23 61 89 77 86 19 10 19 0 86 46 73 42 14 7 40 88 49 26 39 21 42 88 66 89 82 39 22 52 7 62 37 17 15 81 0 65 37 36 3 41 32 80 92 15 9 2 11 67 17 28 39 72 87 47 10 47 54 40 68 89 5 49 50 34 17 62 83 55 9 50 70 84 71 44 30 60 49 32 49 88 11 59 28 95 68 20 29 34 11 68 93 15 49 21 78 21 44 7 79 52 77 7 7 80 61 40 1 41 82 64 86 75 74 1 1 45 10 93 42 99 1 22 75 26 49 80 52 93 15 22 58 82 49 73 78 29 63 63 81 2 28 24 62 61 37 41 82 47 47 92 72 80 70 45 33 43 48 97 9 70 96 77 25 9 3 0 50 71 92 58 33 18 50 51 23 23 17 5 73 97 45 84 24 57 79 25 28 36 29 45 56 80 99 48 71 78 16 14 73 28 76 92 90 5 50 65 43 14 87 94 13 94 91 31 74 9 49 74 40 
91 7 11 58 45 14 22 27 25 88 33 93 28 59 6 84 34 4 78 29 74 73 6 97 80 21 39 31 95 68 99 33 45 33 60 62 9 65 59 58 31 48 94 83 9 77 71 64 70 2 31 14 2 26 25 7 40 64 43 80 17 60 63 81 30 80 42 53 57 61 54 55 95 43 24 55 17 29 92 4 49 93 3 26 78 98 36 40 15 85 8 38 65 66 48 85 7 77 1 77 55 77 55 86 35 27 38 56 84 85 60 57 99 46 72 76 50 56 13 74 56 57 9 1 49 70 96 76 40 7 17 87 12 71 28 59 14 55 50 90 38 34 94 82 30 69 6 29 11 55 94 95 66 8 58 57 93 34 63 91 4 5 99 93 44 43 1 40 52 27 19 13 55 88 32 10 10 72 56 72 50 44 77 47 37 97 46 43 90 61 1 42 90 86 78 59 23 42 88 29 83 71 61 4 26 96 78 8 43 35 26 33 62 21 25 76 31 91 59 82 33 45 54 8 97 68 36 75 68 46 73 74 28 30 25 61 42 9 10 19 9 27 45 69 19 6 25 41 94 57 38 13 70 90 73 67 17 73 6 78 3 33 96 42 86 9 67 43 46 43 56 55 35 81 32 61 67 51 30 55 59 36 11 23 33 74 74 17 20 39 62 59 77 2 27 38 43 53 63 7 89 31 37 19 18 6 53 3 99 54 7 32 71 58 69 61 4 91 94 59 70 92 60 15 43 14 66 78 33 44 69 52 30 41 47 11 94 16 49 94 9 43 65 27 11 4 23 34 24 31 25 36 74 20 75 23 86 1 34 46 77 78 84 83 14 24 35 59 12 91 50 26 73 16 21 83 36 57 57 40 56 17 6 65 74 93 83 41 23 15 54 90 78 74 25 37 47 17 56 39 63 70 72 13 30 22 32 89 8 97 19 11 69 30 16 5 20 33 41 0 14 67 24 81 16 70 74 80 97 41 46 85 4 74 47 15 17 75 30 17 79 64 5 21 1 83 26 47 46 68 79 12 14 66 50 9 40 64 69 79 8 69 61 62 53 90 46 31 30 65 6 30 2 87 36 61 79 33 32 61 2 73 11 65 57 13 40 17 1 78 57 7 54 13 17 31 11 2 45 41 
78 72 69 94 56 78 27 34 27 93 9 60 55 86 38 0 59 53 92 61 51 34 81 81 21 10 90 15 48 62 90 89 11 67 2 43 42 30 18 11 28 52 29 12 0 99 55 96 70 49 95 76 87 68 15 48 87 49 50 29 17 50 78 81 9 79 99 19 49 75 72 45 32 39 65 97 16 1 43 8 18 9 34 46 40 0 13 82 13 10 63 83 78 66 87 19 0 99 31 30 75 8 57 33 73 19 60 20 90 93 22 4 53 40 26 22 91 70 33 8 13 21 71 1 39 90 52 60 99 5 94 86 69 7 0 5 51 36 11 2 4 99 86 33 43 88 7 35 61 94 29 22 87 12 73 6 93 0 9 82 75 59 10 89 2 97 32 72 25 51 38 17 45 70 10 40 49 70 98 71 68 60 64 73 0 83 79 6 14 85 80 83 99 93 77 12 62 75 22 29 66 66 27 34 9 75 31 22 76 47 98 60 42 30 57 15 24 61 85 60 90 66 26 5 10 52 52 71 87 13 0 52 55 68 26 32 12 45 37 78 67 96 66 8 37 12 93 31 13 45 19 2 98 33 9 64 16 70 44 69 34 12 19 99 20 70 64 76 49 68 78 66 8 83 50 89 39 87 22 61 47 61 66 27 66 53 89 82 15 36 60 37 6 97 84 64 58 0 55 0 56 72 1 14 45 9 4 28 0 50 18 37 83 72 16 1 19 44 41 61 84 62 70 28 31 95 5 71 83 12 29 6 86 79 45 80 30 67 44 76 29 64 61 99 87 73 38 86 51 89 73 90 48 68 33 8 4 70 19 65 84 40 53 8 90 8 67 93 22 72 5 17 89 39 46 89 73 97 26 40 69 90 97 61 21 85 13 12 0 43 47 86 17 72 22 80 5 63 4 3 61 37 0 92 85 46 71 54 76 23 63 50 20 72 77 19 9 40 60 4 46 62 58 11 76 43 98 70 61 23 41 82 42 94 54 25 98 74 18 94 69 18 35 49 70 97 5 92 97 40 16 99 80 56 59 87 89 17 78 61 73 91 66 26 69 95 57 25 41 19 83 80 64 54 47 56 9 94 57 31 82 60 26 43 90 13 66 27 31 76 90 46 68 68 60 32 47 6 16 47 
35 7 60 44 26 76 57 70 56 0 65 39 87 80 9 36 52 74 8 98 10 55 72 0 41 13 45 11 57 5 70 58 44 73 1 24 14 26 97 21 23 70 29 44 79 50 61 91 61 99 28 51 87 51 11 76 93 92 45 45 71 59 73 31 66 34 20 74 39 84 86 79 21 13 68 12 26 93 38 74 15 48 88 77 25 38 52 34 91 91 62 57 88 58 27 30 91 32 31 24 9 0 74 4 76 80 87 43 52 85 35 9 81 69 67 55 50 6 28 97 5 36 79 67 74 69 92 4 13 62 79 23 94 13 65 48 50 88 37 85 13 40 76 47 19 21 1 90 91 21 2 67 26 54 99 85 21 79 1 95 54 8 51 41 30 44 2 28 33 57 55 68 74 92 70 91 20 55 37 33 51 69 39 22 37 44 86 7 21 98 50 71 27 88 27 44 5 68 28 74 3 87 88 86 88 13 46 88 81 67 95 18 71 37 23 48 38 98 64 80 17 8 81 99 89 22 78 74 9 80 64 88 97 68 48 95 0 40 68 6 42 31 46 30 52 63 25 82 54 34 78 93 70 31 58 17 83 88 59 84 67 5 11 23 12 76 44 44 59 46 9 21 38 63 25 59 8 29 35 60 0 8 93 88 59 51 16 52 98 99 74 69 50 9 46 85 91 79 79 39 13 40 0 56 70 19 69 87 51 77 24 86 64 25 26 70 55 64 46 26 76 29 22 11 23 86 52 33 9 0 17 52 75 48 67 5 0 70 53 72 51 77 96 99 65 50 57 15 24 18 23 19 44 90 58 30 43 74 67 44 64 11 49 63 68 14 6 99 23 50 83 71 61 81 56 6 30 60 18 9 40 62 51 20 35 61 50 90 30 71 7 81 53 21 16 77 26 34 50 16 34 53 66 28 63 91 23 71 6 88 52 9 63 23 37 95 84 72 49 50 12 38 4 28 40 68 51 37 69 29 39 20 71 85 80 43 77 7 36 58 5 83 58 79 9 34 16 99 55 96 62 45 12 78 56 49 70 3 55 78 95 89 65 28 20 35 11 3 49 84 19 23 86 93 70 20 22 43 83 36 47 1 83 15 54 76 49 45 6 67 11 44 96 34 28 44 13 61 43 26 
78 11 85 1 70 63 82 55 74 23 77 0 78 73 61 19 54 5 71 93 21 68 35 8 9 4 39 83 30 61 63 26 45 19 28 23 89 1 83 34 1 65 42 16 46 9 50 4 35 84 24 68 19 7 99 38 6 43 12 86 96 14 19 56 3 40 61 37 18 50 57 26 4 14 38 15 26 46 20 86 62 11 48 26 58 82 18 28 42 74 41 9 40 18 23 68 21 16 4 45 64 21 77 64 40 61 62 55 97 22 44 89 6 93 15 34 84 87 23 59 62 55 16 86 63 29 28 83 30 27 35 31 84 13 26 39 75 33 51 15 97 97 55 41 88 49 82 53 54 56 1 96 50 31 46 33 73 12 53 88 80 55 95 42 58 62 36 42 83 38 23 42 34 89 7 75 2 22 69 19 91 4 62 89 98 98 43 73 22 94 85 55 71 27 75 89 43 6 75 22 98 58 92 98 70 46 92 33 95 34 50 28 43 33 31 82 17 94 41 81 87 68 26 91 98 48 50 37 46 92 11 56 50 82 88 90 70 46 80 13 45 26 51 53 88 12 69 98 13 14 61 91 53 5 45 48 30 82 26 6 87 61 14 9 5 63 53 0 63 80 44 3 67 13 91 33 90 89 58 23 12 59 55 36 0 20 71 47 52 3 74 93 29 6 37 77 89 16 82 4 70 38 54 55 36 11 52 33 34 42 28 30 38 22 50 11 40 5 41 11 81 78 84 36 86 97 14 18 82 43 34 85 61 16 90 22 78 75 95 23 36 87 97 0 65 92 78 59 8 17 83 36 24 45 94 76 84 21 90 51 19 90 83 9 84 85 47 97 53 75 59 51 95 96 3 25 28 20 46 2 64 40 95 54 14 44 5 42 27 3 40 13 98 85 70 43 23 42 99 27 19 88 30 82 35 61 40 66 70 32 61 41 42 5 25 54 69 51 80 77 2 77 37 41 7 20 38 86 71 48 12 14 25 91 9 91 59 33 31 90 13 22 15 58 74 28 59 62 75 61 49 58 20 20 9 99 90 42 32 99 70 12 99 55 8 91 15 0 1 11 59 16 24 2 96 24 89 85 26 71 26 31 27 95 51 90 83 48 57 59 4 43 27 48 83 47 21 97 68 19 
9 37 15 84 69 41 71 69 62 42 15 55 86 63 63 49 35 20 42 39 16 45 13 83 73 62 16 52 15 4 62 49 57 94 42 71 24 28 17 44 29 69 22 50 60 89 18 78 83 46 75 90 64 96 40 18 56 61 22 35 6 93 1 76 5 31 84 82 42 57 78 36 70 71 76 53 14 49 49 91 13 81 79 43 28 12 28 71 19 97 2 85 88 49 39 74 95 18 74 71 43 29 97 30 86 27 88 74 61 55 20 18 7 79 56 77 50 80 18 99 51 99 61 3 24 34 93 95 4 95 24 74 61 84 0 13 87 31 43 48 44 19 9 0 92 83 13 54 80 90 70 46 46 3 74 68 13 34 31 0 83 77 61 80 61 3 38 16 68 80 53 29 75 91 63 63 7 66 38 4 55 7 1 96 97 12 33 42 27 31 97 90 96 76 20 40 79 92 93 72 33 29 55 9 10 42 50 42 73 3 45 3 61 70 2 48 95 18 15 59 3 38 95 11 51 35 3 71 53 3 65 33 13 62 18 9 49 84 3 15 99 73 57 55 4 48 71 76 49 52 34 95 68 52 36 66 30 5 50 60 63 41 72 78 24 23 90 48 75 33 57 62 2 94 24 2 57 92 70 73 8 44 26 99 31 2 85 23 18 73 30 90 18 17 53 95 59 74 36 42 54 22 26 72 39 64 67 13 14 46 19 92 53 65 94 59 89 23 27 68 57 12 99 57 41 87 58 42 61 76 59 20 78 73 28 75 63 10 60 14 24 34 86 63 2 57 51 80 5 70 78 13 41 73 13 49 7 90 31 66 91 96 77 88 21 91 95 5 69 83 12 65 90 89 60 87 49 52 17 80 16 66 56 7 85 42 16 36 82 86 12 93 74 59 12 2 93 64 58 50 7 17 40 57 82 59 24 41 91 35 91 5 22 95 45 10 88 1 29 2 31 25 5 36 15 25 95 15 59 49 87 57 99 73 82 92 42 17 44 71 73 73 90 41 14 1 36 95 26 78 2 30 53 25 66 4 47 11 44 69 94 1 34 11 42 85 43 64 66 82 99 97 31 76 83 29 20 25 25 97 81 53 5 47 7 12 58 80 10 7 37 66 43 4 64 85 80 64 49 67 
11 16 46 41 58 93 38 29 2 67 59 58 16 55 70 51 2 11 18 70 14 14 46 15 44 54 19 81 29 68 46 89 33 76 54 84 25 5 53 6 56 38 86 83 83 26 6 35 22 14 9 50 94 90 66 47 94 89 50 60 72 57 47 35 9 72 57 64 89 74 82 73 9 23 68 67 13 7 16 30 92 5 83 67 53 74 52 56 28 67 28 52 68 40 57 0 53 42 47 49 72 40 14 4 44 37 58 89 16 53 78 56 63 60 98 17 0 92 2 5 46 8 19 16 46 69 73 8 90 84 83 97 58 33 85 41 6 23 30 3 26 55 32 30 55 11 4 43 65 55 16 95 86 74 70 61 94 16 53 40 0 56 78 60 50 65 65 73 28 32 97 14 90 32 71 79 98 81 46 81 79 39 18 85 26 55 94 14 20 70 91 5 46 90 5 61 75 18 20 72 94 79 25 12 30 82 95 9 57 99 43 79 53 66 5 31 23 43 76 47 12 89 63 24 41 8 57 47 41 10 34 4 5 47 83 23 68 49 79 7 81 6 75 28 54 80 10 86 9 61 13 7 30 69 93 51 12 84 98 2 67 25 95 63 99 80 74 44 18 21 41 78 22 34 63 48 12 2 12 90 90 19 98 40 90 51 52 79 87 90 67 8 83 0 28 20 40 78 77 47 58 53 7 87 70 6 2 93 0 16 47 52 6 10 36 58 23 8 72 36 27 71 33 28 71 81 60 72 78 10 70 36 6 93 84 26 48 89 51 74 29 57 30 72 26 23 73 79 52 11 83 55 67 18 58 12 85 23 47 68 38 55 68 88 92 21 40 97 96 69 93 10 31 70 3 70 87 43 95 65 57 34 79 40 89 79 86 85 84 68 51 31 85 29 30 43 67 71 36 86 30 87 62 84 93 55 21 50 31 61 17 15 44 7 2 82 37 67 81 40 80 40 13 40 98 25 23 69 55 92 67 2 51 90 17 43 75 98 47 23 8 6 94 67 63 90 39 73 61 45 14 81 83 4 49 70 84 91 41 45 38 7 54 66 35 39 36 42 26 86 93 62 34 71 71 3 87 73 5 7 43 28 10 27 59 47 72 4 98 79 90 75 55 54 56 10 56 66 80 79 
71 31 5 69 81 64 47 39 38 34 27 58 92 31 34 62 35 86 79 22 38 19 41 51 44 56 87 52 55 59 52 78 85 85 12 19 95 57 44 2 33 41 50 80 31 85 58 51 89 23 13 7 16 71 47 13 65 55 68 85 85 58 62 88 84 31 33 27 41 43 84 26 38 68 84 11 93 96 76 7 26 34 56 85 86 33 18 69 13 29 95 80 46 59 75 13 27 48 3 8 78 5 10 45 4 63 38 68 97 1 39 79 69 84 7 79 68 28 73 6 95 76 81 31 29 10 42 71 5 71 37 95 35 74 72 20 80 23 5 82 39 36 85 13 86 98 50 34 52 79 86 0 29 43 41 13 22 96 17 49 25 10 68 89 84 13 10 56 6 8 33 98 72 54 75 68 26 39 71 81 15 93 39 66 69 90 86 80 6 64 18 73 27 89 65 25 58 91 43 97 71 83 47 29 49 40 7 98 62 11 54 25 99 67 12 69 97 30 5 23 26 77 54 31 8 85 30 91 21 97 92 52 28 19 79 19 40 95 11 5 83 81 56 18 5 89 79 2 80 86 59 21 7 61 57 77 98 77 3 2 34 72 47 80 12 27 14 15 14 22 76 16 56 21 62 28 65 79 75 75 33 91 61 86 3 23 11 40 75 8 62 34 69 12 49 24 76 60 67 12 78 85 69 52 75 95 29 95 53 31 14 83 64 74 89 33 33 14 74 28 1 46 94 43 38 52 24 68 61 14 76 52 11 16 17 88 17 86 75 72 37 58 50 85 64 8 20 88 95 39 95 10 1 23 17 11 52 30 61 69 16 26 45 97 53 43 15 81 77 97 66 39 1 9 13 90 39 78 26 98 30 59 68 27 90 23 29 18 31 49 81 40 6 87 64 18 92 5 60 18 11 18 29 28 7 59 66 0 92 26 71 82 9 91 86 32 16 13 46 79 97 92 80 46 60 76 29 97 7 58 52 94 69 87 63 91 40 24 77 25 87 25 14 71 26 99 63 22 10 86 4 65 53 48 85 51 15 6 74 82 85 55 71 81 6 64 77 29 48 50 19 77 81 44 80 52 40 61 33 56 84 29 69 63 22 51 19 61 9 0 81 84 22 32 69 89 97 48 5 54 
74 65 11 7 22 30 57 84 5 13 54 30 31 12 73 69 45 70 23 13 22 74 26 85 46 35 56 71 12 79 29 14 7 90 37 78 87 75 61 94 75 38 21 6 72 70 62 39 47 0 33 22 56 96 61 61 35 50 81 41 52 57 48 58 6 43 68 12 82 68 62 89 86 72 11 42 61 2 82 84 4 48 4 3 18 40 94 62 84 84 92 81 17 73 55 95 65 28 47 9 8 40 42 10 81 92 32 87 4 31 30 38 33 91 29 79 79 88 94 28 69 4 34 14 33 66 66 97 61 40 55 82 28 95 8 86 39 57 45 1 62 80 20 58 50 11 9 94 83 48 65 85 86 82 23 44 20 13 75 17 12 95 54 54 88 11 3 62 93 33 27 3 32 2 13 21 71 55 59 84 98 60 46 73 36 26 60 89 60 7 14 16 36 19 0 62 85 39 62 32 94 46 10 7 41 59 30 20 61 26 47 2 2 53 23 69 38 60 52 52 79 8 48 37 10 51 18 54 7 5 35 34 87 82 51 75 76 58 5 0 60 90 51 0 42 36 3 33 44 59 43 75 81 68 88 39 72 97 98 57 37 86 10 72 64 70 73 92 25 31 4 54 43 41 91 45 62 44 99 49 13 84 42 0 1 39 36 60 41 96 71 87 11 34 83 4 41 50 28 90 55 67 1 8 22 11 1 19 31 47 11 15 97 89 21 79 44 6 46 47 1 70 93 87 78 30 26 36 15 79 64 46 91 58 85 34 80 81 23 11 32 11 54 82 45 34 86 9 1 41 58 2 25 80 85 31 30 34 99 3 54 21 13 21 7 16 32 19 51 19 42 36 73 93 4 92 69 32 31 99 22 7 11 41 93 27 70 97 3 90 15 85 6 89 71 52 93 26 70 44 15 50 54 77 43 90 19 26 22 1 31 76 90 56 98 24 80 17 61 88 96 33 74 25 17 55 17 18 6 20 13 36 82 74 39 39 14 11 26 39 75 74 22 1 89 75 5 5 1 86 7 87 84 51 44 10 0 53 58 49 73 17 52 13 6 22 11 47 14 72 2 14 98 67 7 1 53 80 74 13 25 66 65 87 69 14 20 69 81 71 34 95 96 24 63 32 87 59 22 74 
65 24 3 25 66 83 28 17 6 91 90 41 3 78 55 67 64 62 69 10 14 44 31 45 52 99 33 18 8 35 68 46 59 54 77 69 51 46 32 94 39 52 16 49 89 34 21 5 45 9 9 52 25 83 63 30 86 7 36 51 46 75 91 20 16 8 32 49 14 35 55 61 51 25 76 15 39 25 27 50 6 45 13 16 29 67 64 86 40 66 4 28 56 79 46 91 14 69 88 6 55 59 63 82 99 87 2 91 14 6 29 0 79 23 72 75 15 61 72 98 73 93 59 53 97 87 86 44 69 87 0 31 39 79 80 18 26 72 6 94 51 9 9 36 10 62 34 35 66 48 66 65 52 92 13 57 59 2 78 33 65 49 22 15 11 4 88 37 59 15 59 54 53 11 69 97 29 91 40 12 47 96 94 31 55 69 75 54 1 79 90 29 96 3 85 82 42 14 83 33 24 12 95 49 59 2 32 19 50 17 23 57 45 59 90 4 0 28 36 3 15 99 10 15 45 18 10 27 3 98 50 7 19 72 22 16 36 88 49 83 84 34 51 94 12 45 87 37 34 5 75 10 43 45 17 3 99 76 88 66 35 52 98 63 68 86 75 58 23 87 89 32 27 50 51 83 32 15 85 63 91 25 56 58 98 58 96 27 58 94 67 90 46 81 52 17 8 50 89 65 99 37 74 35 36 25 62 83 55 60 31 13 41 13 15 12 8 88 82 59 84 91 1 6 27 74 48 3 9 86 43 4 52 82 5 67 60 24 4 11 28 99 73 88 34 87 34 18 68 71 17 32 0 30 70 17 50 22 53 18 42 75 22 7 1 35 78 96 5 74 55 86 20 77 26 45 58 43 67 86 42 60 63 72 75 19 11 33 71 12 12 48 83 62 53 25 96 21 23 86 50 70 79 8 34 53 68 94 92 42 72 74 75 41 54 57 95 99 8 44 93 96 75 91 23 21 56 48 19 60 69 31 46 12 37 1 65 92 20 17 85 84 14 7 37 43 53 72 87 12 19 47 30 64 87 70 24 43 2 14 30 53 75 26 28 51 40 84 36 9 0 97 68 35 96 94 96 22 87 33 59 35 65 24 12 46 59 42 5 57 68 29 6 51 21 44 45 51 71 25 
58 55 92 64 79 69 3 20 15 73 71 78 23 31 21 98 50 6 34 94 24 9 71 61 55 70 49 25 40 76 16 24 93 29 44 40 40 50 53 18 27 49 7 23 87 80 9 77 32 39 67 49 80 51 59 37 54 9 31 26 81 57 4 67 68 21 3 91 23 14 60 97 51 66 30 83 95 34 70 94 95 61 42 26 73 54 95 16 86 44 75 46 22 82 79 69 54 67 12 25 16 91 0 93 66 68 6 84 70 84 70 23 85 14 44 98 34 8 77 49 56 83 38 67 66 93 38 27 78 20 25 74 94 46 19 21 6 98 80 61 89 6 8 37 46 48 39 36 81 11 94 1 97 73 94 19 74 81 14 87 45 16 72 27 39 42 89 5 16 86 48 93 94 34 48 10 2 94 45 51 86 49 87 29 66 77 94 10 53 48 17 27 33 1 75 37 41 54 54 16 11 69 40 63 13 67 18 79 57 43 46 31 95 84 75 74 19 51 34 76 62 54 90 31 17 10 78 57 52 18 83 27 75 14 45 73 65 35 17 68 10 24 58 86 65 66 89 78 16 25 52 20 60 17 90 90 59 8 30 24 43 49 73 27 75 1 67 70 49 76 64 50 31 22 21 40 76 43 47 15 11 74 15 86 70 10 82 35 46 17 17 96 31 24 2 79 31 70 31 91 50 21 8 97 63 81 43 63 82 39 6 20 15 64 91 26 17 31 60 56 81 0 47 72 82 99 42 64 7 57 0 25 22 2 86 40 30 55 19 39 65 46 44 51 68 75 50 95 42 35 32 84 24 80 48 21 44 2 33 46 34 13 47 76 93 66 62 8 44 59 37 3 96 3 7 24 47 14 18 73 88 89 4 61 49 53 17 0 12 90 36 76 94 26 95 97 40 40 10 93 39 45 73 3 97 20 16 83 41 47 98 34 35 69 37 94 62 82 8 12 46 68 76 21 15 31 82 88 26 8 54 26 3 19 79 68 45 27 26 2 42 78 52 66 20 49 17 17 40 31 31 38 29 36 94 10 36 50 93 8 89 26 74 92 18 93 90 27 60 44 49 82 90 46 87 9 46 67 9 31 55 99 35 34 29 71 35 46 78 23 7 46 58 2 0 50 71 28 96 30 
10 71 46 89 51 10 39 80 74 44 98 38 37 30 41 79 84 33 74 55 57 85 53 22 41 58 47 98 23 7 30 91 31 48 18 49 45 45 26 2 85 69 60 17 48 59 56 47 26 28 48 68 3 56 21 60 41 93 19 92 59 56 94 70 70 49 19 16 59 50 52 67 47 29 58 71 90 14 3 31 13 49 42 41 79 53 78 24 15 70 85 57 48 88 21 37 36 99 80 43 90 89 29 82 64 74 68 36 35 34 92 36 58 55 50 79 35 61 77 28 57 64 32 70 67 18 95 56 36 6 61 39 91 32 35 45 35 16 62 8 24 31 55 93 35 9 94 42 46 38 40 52 14 49 52 99 51 29 77 0 35 93 16 92 59 98 8 31 55 65 6 96 63 67 56 63 83 1 16 16 16 39 52 45 84 50 16 89 48 34 46 79 72 82 57 52 6 46 41 64 87 61 31 94 80 34 97 4 42 67 28 88 32 7 23 55 85 39 8 60 61 54 33 15 12 46 55 84 69 63 3 59 4 17 90 99 31 42 97 79 76 27 16 49 44 77 59 46 84 98 4 8 64 75 9 39 13 40 57 79 44 42 0 34 58 47 77 78 41 20 16 60 61 73 13 79 3 79 96 25 4 90 7 35 86 70 39 26 90 69 94 16 72 25 90 60 67 66 89 61 95 6 54 71 32 88 34 22 42 97 71 27 51 35 50 1 87 33 63 24 77 3 3 80 5 24 71 81 51 55 66 6 73 33 63 67 91 88 76 2 58 79 39 54 50 79 86 17 86 66 89 48 8 31 69 13 77 62 9 54 21 85 54 51 56 84 41 38 83 97 24 81 49 20 80 81 88 38 2 19 73 77 24 72 39 68 80 23 77 79 9 81 14 41 66 87 85 99 97 32 23 77 13 97 1 18 40 27 67 91 96 8 81 22 81 54 52 29 29 38 16 27 23 68 85 28 83 96 48 51 25 22 56 38 11 1 63 25 21 51 64 9 8 69 14 42 71 40 34 30 73 46 37 24 63 6 40 1 26 93 68 75 79 84 98 53 17 86 38 20 40 42 17 68 8 9 45 50 34 25 69 88 84 90 81 14 59 23 49 3 4 12 38 99 45 27 22 97 79 71 
6 87 92 65 66 49 53 18 97 9 55 69 87 49 7 67 55 38 12 82 59 94 97 5 87 56 11 51 58 63 57 54 35 76 95 79 21 89 64 44 61 46 64 18 84 91 39 79 55 68 20 12 52 55 22 25 48 63 30 27 44 11 57 3 63 75 90 56 15 56 92 11 29 5 46 51 75 9 11 28 99 57 95 41 20 79 70 55 90 99 90 4 27 56 82 72 1 71 40 47 72 95 78 57 94 77 46 66 72 52 12 71 90 14 32 66 93 44 7 59 85 41 10 55 32 51 18 95 42 55 72 23 29 82 50 89 24 72 30 65 0 77 87 64 33 25 16 71 0 41 24 16 98 66 34 35 25 10 32 52 2 74 61 6 46 57 25 61 55 29 69 78 59 11 66 93 81 92 51 51 60 79 61 97 46 69 7 6 81 42 72 87 19 10 58 89 82 60 70 83 67 90 67 56 86 97 91 70 86 64 41 71 73 59 87 98 34 64 96 2 55 17 88 62 62 25 63 34 14 59 46 59 46 73 7 49 44 40 47 75 67 0 27 74 70 79 60 42 65 71 79 72 9 13 71 56 98 93 55 57 5 23 20 17 95 1 34 40 24 29 47 93 68 69 53 15 92 10 51 2 15 12 37 62 0 87 77 35 45 80 70 24 2 35 96 17 36 4 5 50 28 9 20 15 81 43 24 53 37 17 27 19 71 8 81 92 26 11 86 60 81 84 6 76 61 18 19 58 9 29 72 28 47 49 61 90 61 4 83 77 7 86 61 36 1 67 46 39 14 32 23 46 20 48 41 31 12 73 27 5 83 94 28 66 37 95 59 66 23 5 3 27 44 82 26 83 88 74 70 11 19 74 43 59 33 11 20 15 90 64 36 50 50 0 97 83 47 51 96 11 37 6 15 14 25 38 27 14 8 83 20 9 72 2 60 37 20 86 2 41 93 4 82 85 90 24 18 67 39 92 30 12 31 64 97 46 70 58 12 85 80 38 37 87 16 17 11 3 28 92 90 30 16 68 87 12 99 0 50 50 93 23 82 5 57 22 71 51 22 10 43 41 92 22 51 91 6 17 25 33 54 86 15 26 82 17 42 54 26 56 75 63 14 54 36 4 39 46 88 78 
11 47 12 49 18 75 59 38 96 20 90 66 41 91 58 14 18 48 48 6 23 48 60 26 23 32 82 16 49 56 24 31 54 64 14 4 7 1 86 91 73 93 3 91 18 89 71 34 28 98 71 47 72 43 6 0 21 79 14 28 40 96 26 32 82 83 42 69 58 58 57 58 71 25 4 5 5 99 33 49 36 3 31 68 33 91 26 21 17 84 8 16 58 94 41 26 78 51 34 78 6 66 81 82 27 54 36 63 30 33 83 14 63 45 55 82 91 18 69 39 83 91 79 60 82 82 89 50 47 4 35 64 32 21 44 62 35 98 72 48 27 54 46 57 88 54 46 78 2 2 79 11 41 22 72 83 38 36 66 94 95 47 88 66 77 84 5 97 24 31 27 23 90 56 44 27 57 2 28 96 22 82 35 12 91 41 10 64 28 79 69 11 58 80 87 34 7 72 93 5 37 86 45 70 34 52 4 60 3 33 61 94 62 71 93 15 98 84 17 65 95 13 61 8 85 34 34 64 37 85 5 93 87 1 53 95 21 71 73 44 73 35 92 68 3 76 9 45 49 70 29 33 82 13 32 32 61 82 73 84 46 84 1 13 94 45 60 1 92 91 16 82 73 44 68 59 54 20 68 71 57 59 31 11 82 81 86 76 58 55 38 96 99 90 17 11 42 68 67 40 27 3 99 87 94 31 19 77 52 98 35 71 93 55 73 93 52 14 52 75 81 33 76 66 7 41 99 2 74 29 1 39 78 38 83 70 2 10 84 67 22 26 8 46 75 31 22 57 48 67 63 18 0 85 60 56 41 10 11 16 94 39 53 62 65 53 3 97 16 23 51 59 20 61 13 82 67 7 1 62 43 88 31 73 98 24 84 74 95 61 90 97 49 8 69 62 85 57 37 60 79 72 87 31 1 7 30 60 34 25 34 82 52 93 33 16 37 80 81 59 37 94 69 32 97 84 7 16 85 40 20 77 13 38 27 33 70 34 62 4 31 71 27 29 27 3 96 91 17 10 61 22 11 44 60 46 92 31 76 96 29 76 16 78 81 85 77 43 68 5 46 26 25 18 9 82 47 10 0 96 91 70 23 77 54 91 77 84 87 91 14 46 84 70 10 87 63 90 0 40 
58 45 66 45 3 50 72 38 46 8 99 48 40 13 41 22 97 70 17 58 67 45 70 79 25 55 56 51 92 67 49 51 81 61 34 71 18 45 24 70 16 17 22 13 40 57 92 25 90 97 9 51 72 25 44 31 13 74 18 93 84 13 68 38 71 17 38 32 3 86 82 23 96 14 93 93 91 36 78 52 11 7 37 18 40 9 6 42 29 69 25 93 68 40 40 34 92 52 69 16 34 96 28 22 18 31 42 51 30 39 68 78 82 54 4 86 30 17 14 63 41 29 80 54 38 14 46 33 39 60 73 26 77 44 81 29 30 2 82 31 62 74 91 82 55 70 20 42 23 73 37 25 35 12 80 32 61 68 98 87 96 95 31 91 71 10 66 82 44 13 43 55 14 60 91 81 86 27 59 62 39 35 91 96 20 47 63 90 45 61 72 77 70 18 65 39 93 84 25 90 6 16 16 24 71 79 88 72 68 38 93 93 95 62 69 81 36 98 26 45 96 3 25 58 19 12 93 53 24 47 28 51 7 74 38 1 49 16 63 84 73 58 31 22 27 66 88 3 46 11 90 51 19 5 11 43 79 78 1 89 15 65 55 85 42 45 44 10 42 20 94 28 20 31 47 25 7 44 49 86 37 36 39 67 22 67 10 82 53 96 92 17 84 89 22 71 52 29 67 70 42 82 68 1 84 79 58 21 77 30 7 51 48 48 32 9 58 1 65 63 75 45 10 22 52 64 35 57 79 21 3 73 83 84 40 54 36 98 7 76 65 63 2 99 31 29 11 80 29 16 23 98 15 42 62 62 47 37 5 15 18 32 40 8 86 30 2 63 73 51 79 97 79 2 25 52 72 19 25 76 91 63 27 97 72 78 39 26 90 38 34 17 10 80 15 61 69 41 58 6 36 97 22 21 49 83 51 90 3 95 57 88 98 95 53 59 35 30 45 71 30 67 63 81 97 8 11 24 81 99 56 76 42 89 54 83 20 0 72 82 55 56 80 39 55 52 32 75 7 39 81 11 8 73 4 82 99 10 98 97 80 59 32 28 91 39 95 46 16 24 61 8 32 25 28 16 51 7 7 24 58 36 25 94 39 16 60 74 59 83 60 81 20 84 47 22 30 31 9 39 
67 81 5 74 78 47 20 4 46 93 22 26 48 7 59 7 6 95 18 3 76 58 77 10 15 11 17 42 46 16 10 53 57 90 22 75 18 6 26 71 62 99 22 60 58 81 56 71 65 9 20 65 20 64 34 27 19 46 85 13 20 92 89 11 35 12 51 48 57 27 74 89 63 39 50 65 31 21 93 74 8 52 85 71 86 57 59 14 42 59 18 78 12 87 16 51 23 54 56 89 34 32 77 12 1 24 28 94 39 1 87 41 62 37 44 8 68 2 3 42 26 50 39 16 79 57 52 46 28 97 49 50 38 12 68 1 43 55 73 34 39 40 39 41 98 86 88 99 92 71 67 84 61 80 76 3 33 8 46 12 11 2 50 26 4 36 48 45 6 96 93 15 94 37 80 20 33 47 42 87 5 26 21 38 74 25 94 38 46 88 22 33 19 60 76 49 13 87 37 94 63 76 81 21 52 0 83 48 95 83 62 99 32 40 74 79 48 30 23 3 91 0 43 54 96 0 5 7 8 73 57 36 19 4 20 91 60 16 3 16 18 58 95 46 74 77 92 99 21 19 65 37 7 93 72 23 4 80 60 57 6 43 66 54 6 99 53 86 64 96 90 3 3 1 58 41 33 89 1 1 61 76 83 93 46 85 34 98 5 79 29 54 32 91 54 20 31 8 23 58 72 12 28 56 72 87 28 81 82 97 48 77 14 20 46 38 73 6 64 42 44 2 5 66 36 76 92 32 83 2 80 91 78 73 94 17 65 60 22 43 1 14 59 38 90 10 34 35 3 72 40 98 82 88 6 17 13 23 63 32 51 25 71 74 68 70 49 15 80 67 32 16 59 45 33 30 0 97 46 61 93 80 70 81 45 12 17 40 16 57 50 94 53 8 76 2 76 88 60 51 38 71 51 41 46 59 21 49 38 56 5 42 73 10 30 41 97 0 48 21 96 57 1 44 80 87 61 43 98 19 47 56 61 60 84 94 36 11 11 87 52 85 9 56 85 71 30 13 88 18 84 76 9 81 41 84 67 73 1 36 16 20 24 34 34 51 50 41 32 71 13 25 66 19 55 42 54 93 78 59 5 25 69 33 84 12 54 44 10 83 32 94 65 0 60 22 4 82 77 50 
8 92 80 67 70 28 13 11 40 41 30 28 91 13 39 8 20 4 32 16 33 19 80 5 70 37 29 0 63 75 75 66 19 98 67 96 53 87 34 76 92 19 15 83 65 4 29 57 88 41 85 38 84 75 14 23 93 78 31 51 11 19 14 50 87 50 6 36 50 11 94 12 13 66 8 53 53 71 74 57 90 38 89 22 48 50 23 45 85 89 90 27 50 47 44 67 80 59 45 44 0 23 77 80 10 47 56 25 52 88 2 36 68 75 91 88 3 3 76 78 8 16 86 97 78 63 49 78 46 73 68 43 95 48 59 2 79 36 3 44 57 55 42 9 41 20 14 76 81 7 70 58 5 78 13 72 84 67 73 85 93 35 72 10 21 12 49 22 6 92 4 1 63 15 87 66 82 43 27 5 65 82 22 25 29 86 48 97 29 21 25 7 92 10 19 51 70 43 85 98 77 73 41 25 11 52 21 33 0 6 42 85 53 58 43 11 6 37 62 50 87 64 47 59 46 57 36 37 85 53 7 36 26 65 50 67 54 56 73 77 22 95 41 94 6 40 90 37 57 75 54 6 1 32 85 74 51 2 15 33 77 20 73 32 49 7 23 45 79 90 39 12 25 2 28 82 40 12 49 44 15 18 2 67 95 38 34 7 17 39 94 5 41 44 91 62 0 61 71 69 20 29 38 19 61 9 98 51 84 69 1 21 18 68 16 60 48 79 0 68 80 55 92 73 69 84 40 59 39 24 57 23 14 59 24 72 14 39 75 32 85 1 57 22 73 19 79 68 12 43 98 37 13 51 75 22 3 90 42 16 98 73 40 43 42 12 47 1 89 15 83 33 68 65 33 0 66 27 95 88 9 46 77 21 29 28 95 77 74 92 94 39 1 46 56 57 57 20 98 45 13 83 15 90 67 2 86 20 4 87 58 67 56 70 59 97 2 87 64 84 15 77 27 26 50 50 6 12 15 58 33 80 64 81 55 15 75 92 10 28 35 72 72 65 78 19 19 2 86 73 4 54 90 85 20 3 55 52 16 69 73 35 6 93 56 81 29 30 65 26 61 45 86 61 35 18 36 18 27 50 53 42 26 92 85 89 81 36 17 32 77 44 27 17 45 99 70 12 55 36 
42 7 78 29 15 83 50 48 30 10 90 22 38 5 71 45 76 4 41 11 88 10 78 18 5 77 34 28 28 2 59 17 48 79 12 20 50 67 71 46 43 94 59 56 0 98 4 78 13 41 21 48 45 17 77 20 2 75 47 31 10 38 75 54 99 9 0 72 53 45 94 54 20 5 70 41 38 60 7 65 55 95 19 71 36 29 72 44 39 65 54 0 0 91 90 55 15 72 80 96 91 25 30 20 51 76 59 59 71 72 91 1 72 20 7 33 79 70 32 36 54 49 70 36 59 30 84 89 84 54 73 58 90 26 64 94 7 36 33 96 53 31 91 23 39 16 24 5 25 84 41 3 15 46 68 69 39 93 27 76 94 29 41 66 34 27 23 15 87 92 45 43 35 30 94 84 37 85 43 61 87 60 35 91 6 12 60 80 29 5 81 26 59 93 92 14 9 73 63 12 92 2 29 60 24 36 65 78 93 80 14 95 23 45 5 61 17 65 2 63 42 96 0 10 72 65 3 98 35 47 95 18 66 73 44 55 99 34 91 28 45 23 78 51 69 89 39 16 43 28 31 32 24 58 49 42 68 10 28 88 46 34 65 75 33 81 33 51 47 41 71 67 80 27 18 34 54 37 15 29 3 80 96 56 89 49 48 81 43 77 24 13 72 1 51 99 70 36 17 13 88 55 10 52 42 62 95 0 92 78 68 85 67 16 31 88 25 28 4 94 33 6 50 74 29 25 32 21 18 69 89 82 23 69 26 50 49 48 98 47 26 19 36 47 59 47 14 77 56 61 54 25 65 87 44 25 11 27 78 80 20 86 25 1 34 66 88 62 7 78 72 57 84 55 28 25 84 13 11 97 89 87 80 70 15 45 7 67 71 88 89 54 24 89 68 3 78 6 57 47 15 37 99 74 60 41 28 85 90 87 42 29 60 26 19 64 19 82 25 31 4 97 10 87 27 27 51 21 59 79 68 85 23 91 35 93 60 39 44 70 97 7 87 79 59 35 16 8 40 65 2 82 94 61 46 37 75 11 86 4 92 55 87 29 71 26 48 9 34 72 47 96 93 80 61 26 98 85 95 11 28 0 6 68 16 45 82 47 45 2 37 27 59 57 33 90 98 25 49 48 
92 48 11 5 11 79 7 10 99 46 5 62 9 94 85 8 93 25 36 98 97 28 78 87 72 10 81 64 3 58 73 96 3 0 67 98 78 82 30 20 68 76 86 76 75 96 31 1 77 37 8 59 94 86 41 78 87 61 4 12 69 69 40 42 93 69 0 36 10 71 77 70 58 29 66 1 57 14 4 97 66 77 46 31 94 15 38 39 79 56 50 43 33 69 73 82 88 5 56 2 98 53 67 48 43 99 83 57 56 85 99 59 49 46 37 11 84 26 48 38 6 27 8 45 77 10 5 3 71 34 68 59 19 65 94 9 64 56 69 95 17 86 95 31 75 70 89 13 75 36 32 59 81 94 51 61 27 14 97 94 15 31 90 25 30 96 38 90 4 23 75 24 38 56 48 95 85 70 7 99 32 60 78 93 3 17 12 35 9 24 42 93 70 65 97 57 42 91 39 45 28 4 92 66 55 50 48 77 27 25 94 86 90 99 38 33 62 1 18 11 93 77 3 52 35 25 17 6 91 24 16 54 1 55 5 58 89 64 65 80 8 78 27 95 47 60 79 71 65 91 57 19 66 78 89 90 6 26 55 4 61 32 17 52 19 53 85 51 85 24 31 82 35 18 43 14 88 44 60 11 95 6 42 11 73 6 86 20 38 32 49 62 48 47 96 94 51 61 22 67 4 21 10 62 30 59 99 72 19 49 43 53 43 53 92 93 75 9 8 0 8 22 97 78 11 26 82 30 8 92 89 21 99 7 81 75 26 85 97 34 3 93 32 62 66 99 9 19 87 40 72 94 25 58 4 8 37 0 75 21 91 97 11 32 89 45 81 55 81 58 55 13 75 25 54 68 33 80 46 55 30 25 50 85 3 65 63 90 37 80 21 81 11 38 18 57 30 13 93 69 66 34 46 23 51 7 8 8 18 1 57 73 67 27 95 50 72 1 13 78 50 46 43 33 28 1 31 81 2 30 14 76 29 17 63 11 85 32 79 79 39 53 7 2 69 6 16 95 85 81 92 56 6 94 52 86 26 92 11 57 21 12 69 27 53 31 66 6 29 63 64 15 4 84 19 3 23 4 34 93 89 44 40 0 63 6 73 75 36 94 81 12 51 46 34 9 4 48 49 11 
91 20 23 50 49 30 92 11 10 8 55 32 7 61 24 74 73 74 31 24 8 13 3 17 50 94 69 69 18 63 69 21 67 0 63 50 1 2 98 51 18 39 10 11 17 80 60 2 64 85 68 38 67 27 35 69 17 30 81 2 20 59 35 55 38 67 18 68 93 70 49 5 95 94 99 22 45 82 82 74 65 44 73 67 52 13 74 38 48 37 54 78 25 16 16 86 79 60 94 66 31 1 64 15 84 26 93 48 37 52 77 16 12 40 32 85 83 78 54 54 1 44 9 19 15 76 53 47 40 50 46 57 89 7 19 93 96 40 57 88 35 41 59 33 60 65 62 85 65 61 26 9 74 63 47 46 69 38 57 67 76 27 85 6 65 44 88 58 40 13 21 15 46 79 91 15 40 58 20 11 75 33 92 87 72 86 93 80 88 10 21 40 94 84 16 96 91 61 50 80 80 16 84 32 0 84 43 83 21 73 94 27 80 10 88 75 50 46 43 81 44 84 31 18 19 6 87 76 14 48 20 3 96 88 9 99 93 60 22 90 36 67 57 72 68 16 23 32 2 4 85 32 33 73 23 42 36 45 96 23 13 56 23 47 37 99 78 84 69 57 6 99 91 14 91 68 64 20 78 99 89 10 0 92 5 94 81 27 86 18 9 73 13 50 17 42 37 33 87 75 38 52 39 42 1 21 63 54 64 8 36 93 32 97 58 33 92 78 46 42 99 28 38 10 29 32 75 6 21 18 69 57 5 74 46 18 9 21 65 34 15 59 47 90 48 31 16 75 84 13 11 5 12 64 98 54 55 98 85 72 85 57 33 40 81 12 73 49 16 70 46 96 78 83 5 48 69 93 76 30 12 91 33 99 21 96 24 9 25 87 31 16 83 62 12 26 94 93 84 48 90 78 90 18 22 60 68 21 27 38 21 38 36 1 32 36 31 37 11 97 8 8 83 48 55 99 51 57 77 76 75 46 44 38 78 83 61 84 84 46 73 76 36 70 22 2 71 95 78 35 16 84 43 80 74 2 88 83 85 96 53 0 64 86 14 38 47 28 71 97 50 7 71 83 51 31 63 40 20 18 48 62 92 18 15 62 9 59 47 53 75 65 73 88 28 99 88 55 23 99 
23 3 82 36 48 72 60 52 18 69 3 32 40 91 85 63 31 65 76 64 66 23 0 33 15 92 41 75 6 10 41 71 92 51 82 71 69 80 8 40 70 5 70 90 18 9 39 93 0 42 47 84 6 11 0 18 91 85 41 25 95 93 24 70 4 79 96 36 74 17 35 40 53 39 7 1 18 66 66 36 53 56 86 44 95 25 27 30 34 93 17 63 66 45 2 82 3 72 60 57 35 60 7 83 73 11 43 21 0 62 98 48 74 48 32 59 18 55 75 86 84 91 91 32 31 85 45 76 73 37 29 40 59 17 81 2 35 0 99 10 44 51 13 88 15 77 94 39 40 79 61 12 8 94 24 74 37 46 16 57 81 77 81 3 69 78 82 88 91 33 14 79 10 4 31 26 17 29 95 41 17 12 21 43 24 86 76 2 47 78 86 76 91 83 19 22 85 96 23 29 29 45 60 52 92 87 9 2 79 85 16 35 35 25 36 43 89 93 80 85 16 56 3 88 65 42 61 59 89 56 92 49 20 78 29 28 39 50 37 42 55 75 22 46 64 82 75 19 47 23 24 35 53 78 93 70 60 64 7 61 1 8 43 57 64 92 7 2 12 90 91 15 16 24 80 61 69 97 60 69 5 63 97 5 48 40 70 32 67 37 87 41 17 33 57 78 97 70 88 62 0 53 92 69 61 71 14 57 23 98 88 73 95 51 16 69 79 96 64 55 37 97 20 89 56 81 56 95 62 8 11 12 90 72 28 99 15 52 0 77 15 1 48 80 76 99 15 35 2 52 27 83 91 24 34 22 42 80 30 62 7 37 75 62 78 70 30 80 86 12 47 19 64 16 23 14 58 66 75 15 28 31 43 97 92 80 51 50 96 92 56 3 18 7 85 90 21 19 83 30 63 41 29 63 3 12 44 9 32 18 51 69 26 98 44 18 75 68 34 53 86 36 48 71 66 10 53 59 92 77 22 3 11 10 77 49 31 69 21 71 69 75 34 37 56 35 26 24 98 12 4 94 23 31 0 99 15 31 10 42 71 86 45 7 22 30 65 27 79 89 28 14 93 73 89 1 64 9 69 99 88 26 82 22 12 7 72 83 33 85 87 9 87 89 72 69 72 71 36 53 
47 91 81 3 30 92 86 33 42 62 22 0 8 44 96 11 39 34 67 38 44 84 28 67 38 56 35 1 7 13 9 67 61 15 77 21 74 39 94 41 21 49 95 39 64 82 30 4 71 34 56 2 90 39 39 58 31 73 9 42 10 59 73 1 24 46 39 3 66 33 20 18 77 91 59 16 96 47 42 39 84 79 70 0 66 46 72 7 0 55 28 70 56 80 41 42 49 78 68 12 32 81 91 57 57 49 99 39 0 4 12 24 37 17 80 52 4 80 38 24 90 77 71 19 65 41 25 82 83 22 36 65 41 88 22 95 77 56 98 86 26 79 83 4 69 27 35 12 97 57 38 47 53 6 20 59 8 94 0 3 88 28 67 98 89 58 80 17 28 45 61 32 32 55 91 91 93 92 81 71 7 73 89 31 49 57 7 78 95 68 30 13 44 95 50 46 24 30 58 27 42 23 47 49 83 84 53 16 27 60 10 5 84 98 10 77 62 56 81 45 14 65 2 11 63 23 18 78 29 46 81 81 15 38 0 21 28 35 25 68 28 93 45 81 69 75 13 42 12 86 90 76 65 10 39 17 74 88 0 70 79 49 69 44 4 22 76 30 53 12 85 36 64 3 63 94 78 91 3 55 2 16 16 74 23 61 8 71 8 5 2 73 56 61 14 36 52 55 14 87 11 31 0 57 75 18 93 19 1 26 58 49 81 60 4 31 29 39 75 77 24 56 8 22 37 47 96 98 2 1 54 60 31 52 66 48 41 4 61 32 42 33 54 37 50 42 78 97 47 88 51 75 62 8 92 23 16 96 68 71 33 53 83 30 51 2 35 55 91 3 6 54 67 87 98 0 5 29 47 25 98 59 35 56 35 70 62 90 52 24 79 26 44 2 41 25 87 37 57 65 76 6 29 70 32 62 48 70 95 6 16 76 98 96 81 38 33 78 61 11 17 16 7 47 66 15 62 35 35 4 60 8 42 91 24 32 56 74 61 76 25 16 36 79 69 54 62 10 13 61 79 12 17 94 70 20 53 76 0 35 47 9 29 66 87 81 78 94 17 29 24 91 20 73 64 57 51 84 97 29 91 44 37 31 10 36 44 28 41 70 10 10 1 74 25 5 31 96 31 34 
61 13 68 31 39 49 78 62 51 26 94 18 84 8 96 47 35 55 97 46 2 83 73 85 34 73 88 90 10 17 64 88 90 57 35 81 69 48 53 88 0 12 75 36 54 23 64 66 71 67 57 63 54 70 86 40 37 93 40 62 6 94 71 91 51 69 70 4 1 45 33 44 20 38 63 50 70 99 52 94 42 87 78 58 94 66 68 62 55 30 61 36 72 58 48 98 39 70 52 21 8 96 96 95 5 92 38 61 48 54 16 64 51 30 13 39 69 22 56 4 85 42 41 76 86 82 81 36 60 32 33 83 44 96 74 84 33 66 56 65 22 63 52 73 16 33 96 67 92 26 14 52 77 20 62 68 39 11 23 51 21 14 66 40 98 64 35 2 4 79 28 36 91 4 69 9 10 89 45 23 79 7 56 49 77 14 36 98 1 95 92 16 60 78 83 5 34 91 91 33 50 93 19 22 76 60 32 49 90 59 57 9 41 40 66 63 92 51 28 56 15 59 26 41 17 94 59 32 6 18 38 53 14 96 83 14 3 51 96 17 86 23 87 36 62 44 0 37 14 93 60 51 71 12 20 64 13 57 20 50 95 17 59 23 55 59 60 60 45 28 59 58 71 49 59 17 65 72 21 8 14 75 16 76 96 56 71 83 4 38 43 35 48 7 78 2 8 20 55 41 52 80 76 28 79 49 93 45 77 50 37 76 7 27 60 9 47 55 82 53 37 39 40 56 93 56 49 6 61 58 4 25 38 69 37 46 83 47 23 90 92 99 94 9 19 36 88 48 32 55 84 41 33 59 84 72 96 42 32 30 2 66 92 28 27 86 14 73 66 56 46 76 12 5 37 89 19 39 59 6 43 93 24 62 26 86 65 59 10 44 11 22 78 63 8 24 69 25 48 23 73 83 18 31 46 42 43 95 91 59 19 46 7 15 70 4 55 68 54 67 75 87 77 60 82 14 37 26 63 54 45 89 91 28 52 45 46 1 76 15 96 51 77 92 56 13 88 24 20 5 21 11 73 30 81 73 64 63 53 46 81 45 22 81 82 20 76 60 39 44 8 99 45 93 56 78 99 7 55 70 85 11 76 54 26 92 33 33 85 96 43 68 2 0 31 30 26 71 65 1 
23 92 81 70 48 39 93 20 14 11 55 40 51 32 41 98 3 77 9 11 25 20 24 87 75 48 34 48 75 88 36 98 62 26 63 40 67 55 46 94 88 40 32 57 93 45 72 53 38 7 75 81 79 60 74 7 52 18 24 28 55 2 57 65 13 93 36 28 96 6 62 88 22 4 33 67 55 16 28 57 0 37 93 91 50 77 71 17 83 44 82 83 30 80 71 59 97 42 75 24 98 45 63 34 64 13 22 73 29 99 24 50 17 36 80 27 79 63 28 67 50 68 42 33 63 32 82 96 90 38 8 9 12 78 40 46 85 58 56 94 39 82 53 83 53 22 10 70 41 71 8 22 41 55 35 46 35 53 91 66 96 70 60 85 47 58 24 86 41 9 40 72 89 54 41 26 82 38 61 56 46 8 91 87 0 95 21 1 9 49 82 33 4 97 92 63 39 37 7 49 71 37 62 34 33 3 7 8 50 37 63 78 93 92 92 85 81 17 71 92 63 91 83 64 50 38 20 66 84 70 53 32 16 21 27 75 20 60 79 75 20 63 88 80 0 54 1 72 17 26 4 63 97 46 95 8 73 96 18 98 15 31 20 72 81 24 98 97 10 98 19 56 97 57 64 51 86 90 21 77 21 36 52 49 58 84 89 16 61 71 31 46 42 4 46 50 67 8 14 20 78 88 2 40 19 81 26 95 32 55 11 27 39 10 51 63 20 66 22 62 71 88 4 26 11 8 60 16 55 28 44 25 42 42 53 39 11 97 74 44 24 68 82 73 85 82 47 6 59 47 3 20 0 98 85 79 47 39 13 8 0 25 58 97 74 46 18 31 71 71 46 79 72 86 4 47 68 60 87 6 77 74 69 12 82 36 93 14 31 23 93 70 47 70 59 31 60 35 14 56 6 88 71 97 73 94 52 94 86 17 67 87 80 23 52 87 9 98 39 20 8 61 11 86 85 35 32 53 34 5 90 23 55 43 84 33 46 4 93 67 92 63 26 60 71 65 40 14 33 12 71 43 30 43 16 44 66 83 4 97 67 30 99 39 32 47 36 75 14 99 83 64 93 50 6 46 64 11 78 40 70 21 78 59 32 22 87 85 87 5 94 20 86 49 86 17 6 90 99 77 
76 87 14 38 48 41 47 45 89 35 50 23 14 71 41 2 24 83 45 34 97 89 42 14 84 98 67 24 59 33 98 23 69 36 16 50 66 27 36 29 65 73 87 27 52 43 67 97 88 53 35 71 92 14 9 84 54 54 91 1 74 90 63 70 40 4 5 4 46 69 47 7 93 66 66 98 73 90 19 99 5 13 48 38 41 20 86 80 68 91 46 76 33 86 47 99 97 10 48 38 67 1 45 49 82 77 98 94 99 89 42 76 89 58 82 32 56 33 98 10 70 93 23 26 82 47 6 49 94 2 90 86 26 61 51 19 82 42 85 46 42 19 14 48 33 62 56 75 96 29 74 88 10 70 33 22 86 94 19 24 73 40 87 64 90 86 62 76 0 49 13 32 87 76 92 42 54 31 5 17 66 36 86 19 99 42 67 61 42 86 24 52 76 71 20 22 2 3 67 60 94 28 0 29 86 86 70 86 34 78 13 69 82 72 97 72 19 4 12 72 20 98 13 80 28 14 47 43 40 99 78 27 84 13 82 53 73 64 43 86 34 4 98 41 59 29 10 69 47 71 94 73 49 33 83 64 92 96 19 18 1 64 76 74 16 91 20 62 40 45 15 36 95 96 88 66 20 3 3 39 26 11 93 65 32 59 69 38 15 34 71 80 26 11 15 77 10 37 10 2 55 62 42 62 62 45 1 42 51 18 72 75 89 40 48 86 20 70 64 76 24 56 38 75 93 31 76 29 63 57 85 8 39 55 40 52 77 89 40 27 85 15 8 77 84 58 18 86 50 87 12 79 20 22 22 79 74 82 88 69 42 63 88 54 70 30 5 66 45 48 43 90 43 21 42 89 92 95 94 93 48 34 75 32 25 28 50 24 64 57 48 33 17 84 56 49 22 21 35 92 57 39 57 47 60 38 31 69 77 88 38 7 65 42 55 39 48 40 77 44 77 46 17 16 34 49 77 74 16 65 39 50 23 15 96 23 94 15 75 52 18 95 72 81 81 57 55 77 97 39 92 83 60 80 47 94 88 45 36 59 90 2 71 80 84 25 70 21 22 54 86 81 8 12 73 11 3 34 99 12 86 81 73 34 11 17 40 22 65 89 19 48 54 62 6 26 20 66 18 5 
56 4 46 1 36 51 92 3 22 16 74 24 40 71 30 55 14 45 37 34 78 42 87 3 58 16 36 94 76 93 36 52 97 19 70 67 20 82 98 17 47 53 58 14 62 95 35 40 32 29 2 89 85 49 68 73 69 56 38 40 54 53 66 8 83 88 21 82 30 2 68 49 57 90 44 45 93 69 68 44 15 7 18 15 97 69 98 56 22 44 32 96 88 44 37 19 82 67 62 52 91 26 82 4 3 45 45 18 96 78 27 1 82 19 95 23 79 40 53 31 83 22 62 67 5 74 20 76 82 14 2 54 71 61 52 96 32 70 51 34 85 60 8 80 10 90 29 63 93 28 59 58 99 44 86 26 16 67 13 18 53 61 48 36 13 50 92 38 4 86 47 92 31 95 46 92 6 92 98 31 72 83 28 29 78 86 1 77 68 93 14 90 38 1 20 30 62 32 2 30 33 82 59 73 59 27 40 13 66 23 11 93 18 60 31 98 77 95 80 67 70 32 72 0 44 34 67 65 16 96 64 47 38 16 40 1 97 51 5 48 2 93 12 21 88 5 35 42 46 28 11 8 18 62 25 67 8 39 40 32 50 82 12 66 13 56 23 13 7 92 47 55 13 64 42 41 0 56 80 96 87 12 83 69 12 58 39 51 52 48 47 82 41 5 5 65 60 55 93 85 1 28 89 7 92 66 60 95 84 53 48 25 9 12 32 41 48 1 52 68 72 51 24 18 43 89 14 24 23 23 68 62 17 32 1 52 40 14 37 3 99 24 13 79 2 75 15 5 15 50 29 48 40 9 95 54 15 49 97 16 47 24 26 21 51 72 23 90 60 53 55 36 6 61 83 0 7 69 83 32 98 59 41 67 80 7 34 96 72 61 40 97 93 51 76 92 98 31 76 75 73 25 43 6 68 39 72 6 43 44 62 84 36 62 35 90 93 24 58 7 68 70 77 1 31 58 68 95 72 13 77 65 83 67 76 1 87 29 2 43 2 27 94 85 75 60 59 12 17 6 61 66 2 25 30 65 86 94 77 27 67 82 63 56 30 39 56 46 35 7 6 64 35 78 45 76 90 79 30 58 65 1 55 63 63 0 62 23 91 51 65 31 58 19 53 84 36 64 19 90 
82 76 64 72 93 81 8 57 56 70 93 35 90 18 98 92 51 7 91 75 48 40 16 0 59 28 25 61 8 5 24 35 10 42 59 65 54 51 27 77 4 3 67 89 55 57 54 68 13 5 46 85 72 8 72 23 94 98 92 74 12 66 62 21 16 48 2 43 28 13 81 10 1 42 96 98 87 9 61 63 8 83 81 96 75 18 78 34 0 83 73 63 91 79 83 91 29 30 22 2 33 7 30 94 18 14 35 32 10 71 64 1 13 60 91 24 1 87 39 3 32 76 18 30 49 82 63 33 23 75 90 29 47 41 27 37 96 98 7 22 58 94 62 67 19 35 63 25 5 10 32 71 49 15 84 61 25 89 75 31 68 53 24 81 13 54 49 30 73 99 80 21 15 82 93 51 46 45 97 5 41 86 54 67 83 58 90 67 98 62 44 61 93 99 49 80 17 52 4 16 19 57 71 77 7 84 92 11 5 26 66 56 93 41 12 51 42 45 77 59 50 78 53 65 75 4 7 79 89 87 81 43 96 27 20 59 74 15 54 0 26 46 23 77 58 31 57 77 23 17 81 45 19 49 37 46 29 28 97 65 7 25 57 64 73 56 7 44 45 8 2 98 63 45 79 96 68 84 81 82 11 15 56 8 11 86 73 19 58 72 24 25 54 96 48 88 28 13 47 96 63 21 45 87 99 97 17 78 34 34 18 29 46 54 10 37 81 85 48 7 27 61 82 55 89 46 55 56 68 87 35 76 11 57 70 35 1 82 91 84 2 24 9 50 93 32 37 9 71 5 91 38 54 32 8 22 88 37 15 46 98 37 59 50 54 37 80 47 71 88 9 21 7 20 69 37 17 29 82 54 9 61 78 95 58 59 26 75 59 49 32 47 58 98 55 57 9 17 28 72 93 38 63 24 40 32 62 76 31 97 6 31 9 24 97 57 69 5 3 48 39 0 24 90 62 19 26 4 59 20 90 6 29 68 29 57 23 11 58 76 80 71 12 19 14 77 7 34 19 37 5 76 57 76 73 9 93 19 41 85 67 47 32 32 51 57 43 2 45 74 66 29 0 32 55 41 62 43 27 68 45 80 12 94 90 27 48 77 22 74 66 65 56 83 34 45 92 1 75 71 
1 61 0 83 92 61 35 75 88 97 98 47 75 57 51 55 95 87 18 15 15 7 8 86 21 22 95 32 30 60 99 15 84 55 49 34 16 72 67 6 39 60 84 19 6 64 97 43 20 99 10 12 44 18 30 97 70 49 92 45 4 3 23 51 52 5 62 99 49 21 97 43 92 17 79 63 74 25 80 19 37 10 91 64 54 32 61 13 66 0 23 80 53 38 56 20 70 54 75 56 81 79 87 60 4 6 75 44 19 48 41 32 20 3 75 75 76 33 39 75 36 49 55 66 32 84 16 83 10 95 78 19 88 62 62 55 80 29 93 30 1 77 71 37 10 73 49 76 75 77 58 84 35 76 55 48 52 75 85 87 64 76 32 15 65 20 91 92 53 37 46 94 43 63 16 21 60 82 43 60 8 48 57 98 68 58 68 37 55 41 73 45 29 34 9 4 10 42 25 16 28 18 12 38 4 89 17 68 33 98 40 30 75 28 78 14 25 51 65 20 86 88 74 58 42 63 76 56 50 87 37 95 23 9 77 2 52 47 89 29 72 30 97 54 17 6 98 79 82 31 63 17 19 18 75 16 93 5 70 59 28 37 50 48 54 68 21 39 87 67 93 96 10 97 75 57 57 25 60 36 34 3 51 94 16 79 36 68 78 93 53 66 99 2 46 18 71 93 18 53 81 0 97 26 77 36 48 13 23 95 86 83 96 56 85 41 35 78 11 2 41 88 60 3 10 82 97 54 22 9 47 46 44 5 1 82 17 82 61 39 79 94 80 70 48 37 98 75 19 49 31 74 56 20 27 2 98 49 83 28 38 87 28 97 37 4 40 47 14 50 46 67 41 15 57 38 12 31 62 65 52 86 97 16 54 21 22 87 37 86 23 50 31 86 11 96 17 30 8 85 54 55 33 39 55 89 67 34 80 6 6 84 47 36 66 99 83 42 52 28 29 80 72 54 38 98 56 13 28 82 78 22 39 21 41 74 38 61 50 48 94 3 35 37 5 35 93 20 33 89 79 30 9 17 16 30 28 74 48 44 74 72 38 39 8 49 76 17 69 58 97 82 63 26 5 48 77 39 40 6 94 3 76 23 26 76 95 66 88 60 85 47 21 13 34 22 65 24 18 11 
31 60 35 84 85 40 20 8 27 49 97 61 1 21 41 40 97 92 14 40 61 91 63 16 21 65 22 49 89 41 41 43 76 20 80 91 55 52 20 5 77 75 35 77 51 85 2 52 9 27 17 61 55 19 59 21 96 60 80 6 13 95 54 49 42 63 86 45 89 72 18 39 37 28 21 57 96 13 63 6 37 41 95 96 58 85 27 10 79 39 51 8 74 38 45 79 18 33 66 39 55 52 88 59 74 51 64 23 46 92 2 22 19 99 54 8 16 25 76 23 86 14 71 13 36 98 64 12 1 85 57 29 84 77 96 1 14 50 94 44 56 64 10 66 12 48 5 88 84 41 28 33 92 89 87 2 19 46 66 76 77 93 2 23 31 38 71 42 12 61 9 44 30 7 32 87 84 76 82 7 67 13 63 46 6 69 26 43 68 49 75 13 76 7 67 6 55 66 63 85 68 90 40 70 27 8 12 65 32 52 19 77 80 57 17 86 79 39 81 70 53 78 61 37 29 65 61 58 32 81 61 33 9 65 23 10 93 81 52 49 30 3 92 69 80 75 23 32 88 52 35 11 58 20 13 52 66 17 7 41 21 42 42 9 87 77 62 2 21 53 66 59 9 67 45 44 16 79 76 76 82 49 83 13 32 11 69 48 80 84 24 69 61 65 53 57 59 58 6 7 84 36 67 4 59 61 90 93 36 6 2 21 93 45 31 86 81 43 47 83 20 45 66 88 3 89 96 42 7 15 17 96 21 57 36 82 60 62 30 67 45 90 23 96 25 87 80 3 73 31 17 82 47 62 23 13 82 37 8 59 71 9 96 29 48 9 38 88 8 1 70 93 24 1 6 13 35 47 34 77 63 90 3 54 15 98 7 22 3 16 10 15 61 48 10 19 89 2 8 75 75 26 90 80 97 92 0 5 19 68 72 31 25 27 10 49 16 65 98 91 67 53 76 55 14 68 53 46 49 11 95 25 78 45 85 37 90 13 37 71 9 59 99 41 4 27 29 24 6 95 33 21 80 60 15 91 4 79 94 30 1 24 91 76 30 40 75 3 59 3 5 50 67 98 47 98 15 91 87 36 36 15 68 19 3 71 84 19 58 52 23 35 26 13 29 78 57 39 33 95 
99 84 78 31 11 13 57 48 56 16 54 48 69 5 77 90 3 30 37 0 2 40 7 57 24 35 43 19 11 22 26 80 89 59 33 3 17 15 25 95 47 97 78 85 78 61 4 3 92 17 23 84 78 94 99 60 32 96 91 5 33 45 98 97 32 12 13 42 48 3 2 97 27 56 4 17 21 65 40 76 89 78 1 74 47 50 18 47 31 67 38 71 54 88 65 10 61 22 2 13 80 96 7 2 23 87 2 73 55 50 95 12 33 94 32 63 18 73 98 13 91 55 1 37 24 16 25 61 28 72 82 96 28 66 51 98 59 73 62 49 89 47 10 91 27 10 80 79 16 65 99 70 3 63 19 38 81 32 74 97 40 21 59 84 75 45 60 87 55 36 31 29 11 37 1 87 33 41 97 55 85 91 39 53 80 1 60 18 0 26 55 72 36 61 9 36 48 51 43 62 96 63 86 66 40 86 67 22 47 36 72 3 7 68 29 91 70 91 87 18 32 57 50 91 57 33 22 0 18 99 35 51 12 22 16 3 68 92 5 97 22 7 39 81 31 98 9 66 48 94 82 21 34 46 71 11 14 40 79 45 24 51 38 87 61 84 52 63 51 40 78 73 54 64 54 61 0 63 81 37 92 21 72 9 73 65 75 16 46 65 93 49 10 47 10 22 35 36 80 15 26 13 23 2 44 5 58 60 4 4 62 31 71 16 41 55 93 75 51 36 76 47 52 30 81 49 99 26 37 37 65 51 62 77 32 64 42 14 17 71 54 44 54 33 43 77 24 26 74 81 90 30 56 34 48 62 29 18 29 28 19 51 23 78 73 10 28 35 97 10 37 70 55 43 70 52 84 42 38 88 76 57 83 56 2 21 10 9 39 79 16 81 27 11 81 43 77 33 27 64 18 53 5 54 80 40 74 57 56 3 93 47 78 24 70 65 95 16 34 12 28 52 35 35 38 86 50 49 10 94 43 42 94 46 56 89 17 70 6 80 41 65 80 86 98 30 91 18 69 99 45 73 71 89 6 42 27 75 60 44 42 35 29 18 2 48 45 50 26 95 23 42 87 80 84 1 15 8 86 52 26 18 0 28 98 48 22 60 70 60 94 87 77 91 83 72 49 80 72 41 
48 72 95 21 11 33 60 92 85 80 32 60 89 76 54 5 90 72 85 77 21 61 95 63 72 68 29 8 25 29 49 33 40 89 81 29 21 5 21 46 5 25 87 11 18 29 47 67 11 58 44 92 41 60 43 22 56 85 19 31 51 40 40 82 88 13 53 45 82 26 7 30 54 92 55 25 75 37 97 73 75 33 23 46 11 0 17 64 24 98 4 91 47 4 35 3 61 93 38 28 56 0 94 30 90 34 29 37 33 11 1 21 66 40 43 9 1 45 2 80 48 59 79 27 4 68 83 31 32 92 97 3 88 66 47 79 47 53 75 19 68 99 20 61 93 3 3 46 42 72 26 41 70 24 25 56 25 34 28 57 47 33 89 47 10 90 70 38 99 65 89 8 69 93 84 83 99 42 68 11 45 83 68 94 6 44 32 45 1 64 46 8 3 33 7 26 38 60 80 41 26 23 77 75 11 65 1 31 46 75 77 93 68 38 17 21 46 28 54 9 20 88 61 47 38 85 95 3 1 29 33 27 79 1 36 75 29 94 26 19 45 27 40 7 47 35 38 74 12 49 72 79 40 52 22 24 56 67 37 98 59 77 84 68 89 76 58 71 17 52 11 9 18 42 63 74 26 4 20 62 49 30 78 47 26 52 41 78 89 42 11 51 28 69 81 93 27 98 85 84 77 99 65 19 89 67 22 53 38 15 23 84 86 1 87 81 48 77 23 34 98 85 11 93 22 87 14 84 20 96 46 89 39 56 8 40 30 50 52 68 56 61 40 3 25 63 52 99 3 96 55 82 8 87 42 77 27 94 40 17 78 13 89 84 56 10 11 58 73 70 95 80 39 14 50 95 2 30 32 61 25 93 70 21 87 89 54 26 62 77 26 70 36 35 36 39 6 72 77 67 19 79 11 62 23 6 66 46 2 96 49 24 35 52 81 99 40 83 93 44 84 10 60 98 69 36 39 11 51 27 50 45 29 52 46 91 22 15 94 8 44 83 65 96 70 67 92 48 33 62 54 9 8 86 83 41 76 74 85 61 63 1 11 79 34 1 58 45 57 93 35 10 84 72 6 7 41 78 86 9 78 70 51 64 56 86 89 98 89 65 69 10 42 91 92 42 26 29 9 13 
58 74 89 4 53 60 81 15 46 4 84 26 41 79 48 22 31 3 55 40 30 99 27 34 26 95 73 53 39 72 54 62 45 38 96 8 50 19 38 9 32 17 95 33 32 26 24 64 38 42 66 2 65 53 19 76 4 40 4 11 26 28 59 18 4 96 56 58 11 60 11 65 16 82 25 74 59 16 28 90 66 3 75 11 82 30 10 52 78 54 59 30 12 0 42 7 23 50 47 73 50 86 67 55 35 76 9 79 75 96 59 45 98 22 73 99 98 86 94 9 42 74 61 68 18 3 92 70 33 97 48 77 6 75 47 79 36 34 30 84 32 45 77 13 64 15 0 68 85 75 3 37 16 24 76 40 19 55 56 2 64 62 43 46 89 59 90 41 74 83 68 89 79 81 15 26 61 12 0 51 4 76 38 29 31 27 8 95 96 35 31 56 61 99 70 86 12 30 2 85 45 13 88 25 75 3 10 52 88 90 7 27 36 55 56 71 23 36 99 64 91 76 26 60 10 29 71 96 9 67 63 97 82 93 46 64 5 65 24 96 77 84 92 74 62 69 65 99 19 63 42 27 35 96 31 49 14 34 72 79 95 2 19 18 48 33 97 81 8 43 21 73 45 89 35 62 62 94 82 67 57 99 47 27 77 87 4 47 3 14 96 41 75 77 53 62 61 92 92 61 91 87 27 2 92 58 53 36 88 36 68 18 79 42 11 24 97 40 50 47 83 22 26 56 55 77 88 57 70 83 54 17 11 38 33 66 88 54 98 82 5 84 9 19 74 87 1 50 6 52 21 62 67 20 17 36 58 29 15 10 18 88 68 5 66 40 66 78 30 18 67 68 42 44 9 12 6 59 26 2 95 14 56 73 77 90 50 48 89 65 80 40 14 63 59 25 25 34 32 68 72 59 67 36 88 41 78 8 80 32 82 45 64 14 80 29 4 6 69 50 23 74 62 15 84 18 7 63 17 55 7 47 52 51 67 93 89 39 41 87 59 93 57 80 9 95 76 31 2 72 74 85 72 36 64 15 67 0 39 91 90 30 36 71 79 45 20 71 30 68 66 54 99 96 53 88 95 95 1 99 43 53 69 82 58 61 74 48 50 3 31 41 80 97 42 6 37 68 79 60 
58 31 42 57 4 40 84 14 0 87 4 89 1 0 16 30 87 44 78 74 9 14 67 98 70 95 5 81 31 19 24 82 2 62 84 77 84 61 84 85 54 12 39 38 49 4 98 89 47 97 72 19 25 42 77 81 27 28 17 22 7 92 71 61 80 2 79 38 42 11 32 52 83 10 71 75 97 87 84 13 99 41 98 98 34 41 66 95 99 55 95 5 40 27 8 99 34 2 12 44 42 45 72 39 79 40 35 6 12 68 10 43 19 81 1 47 77 74 77 94 49 55 45 33 43 50 69 61 67 19 71 4 40 5 60 79 75 97 23 36 1 66 47 54 21 44 93 32 70 76 70 37 53 55 87 30 71 26 8 4 6 83 41 0 98 75 21 49 1 92 95 89 55 53 95 35 62 95 12 0 84 46 18 64 26 18 67 34 39 53 45 64 19 8 30 93 79 15 54 40 21 73 4 63 5 74 40 74 72 77 22 39 87 94 96 39 68 90 70 9 46 91 91 39 42 80 21 73 76 68 99 48 65 91 73 99 27 99 28 81 63 18 64 12 1 43 18 47 61 4 37 17 29 73 68 81 37 12 77 9 51 68 6 14 39 54 26 59 3 50 20 99 78 7 21 38 38 67 83 74 67 36 77 86 48 44 59 74 21 19 89 14 76 22 85 94 78 25 4 98 35 61 23 8 5 88 77 47 12 56 94 1 7 45 81 46 91 63 41 18 54 58 24 88 61 63 60 15 45 48 56 79 43 6 4 18 94 47 82 30 5 62 10 81 10 85 93 92 75 46 27 89 88 6 48 29 40 87 12 91 59 21 21 37 70 25 84 36 79 47 91 29 77 96 37 68 53 49 86 53 9 19 77 87 76 76 8 88 58 24 5 55 95 46 57 38 2 21 49 60 86 51 90 28 16 71 87 9 23 40 97 44 72 84 21 58 67 61 74 0 56 36 13 21 93 62 54 36 57 38 58 57 95 16 59 0 32 39 14 55 14 39 86 8 9 45 82 41 95 95 59 0 16 34 66 95 5 50 85 12 10 98 66 28 97 69 17 50 50 95 56 6 61 89 49 12 72 7 50 17 69 59 55 84 9 54 91 66 46 1 91 99 0 82 88 83 62 53 92 6 
93 14 73 24 53 96 48 51 37 3 83 89 74 27 82 57 20 60 84 58 56 37 7 42 51 96 11 12 19 18 79 44 40 16 56 43 51 84 2 1 47 4 71 96 20 23 16 85 84 45 63 59 69 12 83 15 10 30 55 77 85 27 50 34 63 78 97 10 35 76 92 62 7 20 7 35 79 55 51 61 18 43 64 75 94 52 34 15 11 36 26 99 71 1 32 6 46 40 83 44 36 59 52 32 11 81 28 74 68 4 60 3 37 92 48 46 88 93 1 73 30 8 84 76 43 31 46 29 83 58 50 81 3 64 37 82 85 92 59 66 21 41 74 55 33 94 83 17 68 83 23 33 20 19 34 58 74 74 33 48 58 16 42 38 35 13 88 21 40 42 25 31 40 67 37 13 37 94 78 88 9 72 2 83 7 36 88 21 35 48 97 38 7 62 96 86 97 69 21 50 70 78 5 18 15 50 90 59 86 6 35 40 3 38 81 32 7 97 32 23 70 97 70 85 83 19 12 22 78 73 66 0 26 46 40 9 24 22 33 76 63 87 0 63 91 7 60 13 86 20 89 49 96 52 92 93 13 23 49 45 37 49 20 31 97 23 77 75 0 31 58 66 61 0 71 79 68 71 35 33 25 66 50 42 50 50 92 46 89 1 77 99 0 75 10 45 70 81 62 28 69 15 61 46 90 83 41 53 68 2 91 67 40 83 53 76 54 64 16 18 97 85 46 64 96 53 9 72 39 62 53 38 56 1 62 70 95 95 12 73 13 24 19 75 81 4 12 45 45 41 36 47 43 81 7 71 49 95 93 78 60 42 99 39 18 62 22 60 41 61 52 0 71 72 64 84 31 54 66 17 76 45 86 71 67 96 82 41 46 83 76 75 59 45 0 93 85 71 39 59 88 95 85 52 55 88 3 68 80 38 27 37 31 10 77 33 37 55 19 42 76 37 34 40 36 18 63 93 0 26 32 24 91 80 45 44 18 97 46 95 33 82 15 83 7 19 66 42 43 43 3 24 20 58 22 85 36 37 91 52 72 9 44 54 51 96 53 17 79 67 37 17 99 89 8 52 85 32 99 29 12 53 66 77 67 42 71 15 57 4 65 48 69 13 77 33 1 87 33 91 
10 96 35 37 15 54 65 86 21 7 15 25 97 30 72 23 70 57 1 15 83 47 35 2 33 74 82 38 10 28 58 33 96 3 26 0 17 44 0 32 78 37 69 79 42 30 43 68 46 52 33 23 59 0 69 20 49 75 67 50 0 68 9 34 43 66 97 27 55 33 98 78 72 31 10 8 72 87 29 91 37 48 62 23 41 71 3 84 85 95 31 33 1 10 2 81 72 56 26 14 45 47 28 85 81 8 7 73 4 22 55 75 73 64 99 5 31 59 31 37 96 72 18 62 37 83 86 66 0 62 99 64 12 1 27 95 53 14 11 18 95 61 68 54 20 8 22 15 74 38 94 75 26 65 27 50 48 43 36 36 17 79 84 69 72 99 3 41 99 69 93 12 1 80 47 33 71 31 40 94 43 57 82 67 78 45 32 2 13 72 59 64 81 55 52 46 0 74 43 1 17 95 24 58 68 39 12 82 21 89 75 52 6 31 58 28 98 25 35 4 91 81 35 42 11 37 89 55 76 31 41 19 38 56 63 8 32 85 99 1 13 79 5 55 68 87 92 72 12 5 74 54 50 43 25 39 54 69 83 41 22 82 31 42 26 54 13 56 18 72 48 82 23 43 53 39 1 8 83 9 98 75 99 78 86 78 14 40 32 61 38 59 76 98 84 68 78 50 26 53 44 60 36 89 49 91 22 99 84 17 93 94 12 20 46 86 77 83 68 73 93 72 68 61 28 19 13 14 39 42 50 93 4 83 38 68 92 22 84 33 67 37 18 96 71 37 61 63 26 67 53 84 38 63 42 21 61 52 81 45 91 25 15 94 29 34 1 28 92 77 38 20 59 55 87 8 66 93 33 73 66 9 3 51 40 70 20 81 31 2 36 59 3 10 82 5 34 29 58 30 66 67 30 1 77 14 32 44 64 37 97 92 65 61 50 96 50 66 22 1 45 56 12 1 39 16 18 82 10 85 66 15 59 1 20 3 94 43 80 31 51 47 40 63 21 4 84 60 84 24 95 54 72 73 56 14 90 63 89 13 65 78 41 59 26 74 16 62 62 91 64 98 68 19 0 73 53 28 1 32 68 11 49 95 71 60 18 63 13 24 62 7 27 23 38 37 16 50 15 1 
18 63 75 32 70 83 70 62 65 76 15 65 85 25 77 62 20 81 40 50 61 50 39 0 72 89 36 81 12 11 21 54 44 84 25 57 64 42 69 68 91 30 61 14 26 94 46 78 64 49 22 50 9 12 76 5 73 23 58 87 71 80 36 30 59 4 83 72 50 10 29 17 60 29 11 81 2 50 71 22 7 31 98 36 76 34 29 83 29 35 9 84 72 3 1 15 82 17 68 10 94 27 97 62 7 40 53 80 72 78 95 45 95 28 27 6 82 20 15 1 49 64 65 52 44 38 99 64 39 37 44 56 36 51 83 85 61 2 98 27 59 97 48 78 61 9 99 92 41 69 39 45 67 43 74 41 25 40 24 35 41 66 93 94 40 24 44 49 61 92 21 56 14 82 78 82 50 58 93 39 32 88 36 33 89 54 60 77 54 75 96 68 89 84 96 97 80 91 44 86 3 66 84 32 77 85 7 33 94 36 2 93 88 1 20 84 30 77 91 43 95 37 36 22 84 7 10 88 41 95 34 67 22 73 44 9 0 42 86 93 51 38 91 95 12 79 49 63 73 18 70 52 33 79 46 36 5 65 62 40 72 99 59 60 41 41 28 17 92 94 75 2 79 16 50 45 99 15 48 55 75 27 82 40 38 63 95 19 43 37 75 61 5 34 22 98 73 7 58 15 75 91 67 95 65 45 71 92 21 27 27 1 82 83 27 95 90 75 13 98 44 82 40 46 54 52 14 39 96 2 77 17 41 82 98 28 41 79 20 34 41 40 48 77 45 91 72 48 80 13 64 96 85 38 15 3 85 28 83 30 95 60 28 48 86 26 14 76 6 17 98 84 71 73 45 67 84 78 24 37 45 2 47 19 11 46 43 66 78 46 41 83 52 53 94 62 56 89 37 55 95 98 44 28 94 15 85 12 84 45 50 32 73 2 73 79 72 71 39 22 85 77 42 45 20 64 94 30 89 56 89 92 7 52 11 14 42 80 15 86 33 95 97 66 4 20 99 57 57 4 52 88 77 19 70 60 62 94 33 43 0 31 68 61 71 20 61 75 33 29 43 32 7 67 27 55 67 16 9 13 76 41 46 55 94 55 5 26 44 24 48 39 35 71 8 51 84 44 73 6 
92 98 67 82 40 41 17 27 36 15 51 23 77 47 63 46 8 95 36 62 38 15 51 22 28 39 3 90 94 23 74 2 89 96 95 77 3 20 21 52 95 58 4 24 33 28 87 24 45 97 31 35 6 4 76 93 72 77 24 99 32 36 52 77 17 67 65 12 1 28 60 74 97 3 53 99 93 71 92 93 16 55 67 30 13 26 2 66 73 62 99 41 49 27 98 22 18 53 98 57 52 25 38 18 12 94 23 85 62 40 36 65 97 44 83 95 17 44 32 98 7 47 97 22 91 39 54 20 51 41 15 76 72 48 46 25 83 6 38 29 60 59 84 42 21 93 35 7 48 83 1 28 42 20 71 86 7 19 80 76 94 65 52 23 94 95 52 86 45 7 82 6 47 49 81 84 1 20 22 66 41 18 29 10 15 22 54 29 95 91 48 73 6 62 76 66 26 8 25 69 62 65 75 86 56 67 3 0 53 39 1 24 26 37 67 46 97 76 89 1 67 70 79 90 80 8 75 2 26 2 9 66 67 41 65 1 50 71 22 93 94 70 42 30 29 26 6 35 16 60 92 37 17 83 21 30 9 8 74 7 92 75 28 38 62 32 20 92 45 46 30 60 52 9 35 83 96 58 62 88 16 5 94 33 1 47 9 82 33 60 7 38 87 96 16 65 56 94 48 27 86 10 17 74 6 23 45 48 56 44 5 35 70 92 80 22 55 35 46 42 22 35 69 86 83 13 24 74 29 8 76 47 64 5 4 26 57 43 69 18 49 39 74 83 21 19 68 95 41 5 39 99 54 98 93 57 99 85 12 88 16 25 77 65 94 66 32 37 42 73 93 0 28 79 19 86 16 75 50 37 42 12 26 34 6 66 98 75 15 94 33 87 36 15 6 68 84 85 75 71 20 90 34 96 97 16 17 40 42 2 17 85 39 34 62 28 47 99 58 77 78 46 54 0 82 37 47 16 60 10 30 38 94 87 44 22 45 14 19 29 43 48 24 78 51 71 45 91 91 22 74 35 58 54 14 97 43 78 5 74 26 36 2 6 65 69 17 36 39 60 93 2 70 2 3 32 39 8 92 85 1 23 90 99 26 77 58 88 84 65 70 87 50 7 71 53 73 29 50 19 
76 39 45 35 39 96 39 51 15 18 85 12 81 13 91 16 86 93 8 51 20 31 63 81 51 77 35 74 98 69 62 24 90 17 14 94 84 61 68 5 20 0 91 48 13 17 95 4 83 9 70 32 73 64 27 76 93 5 31 62 98 56 73 52 95 59 82 76 79 53 20 81 70 10 72 35 58 27 96 75 12 7 36 35 38 90 22 3 2 84 85 65 26 67 25 68 85 23 89 16 96 24 18 48 77 29 63 96 40 55 3 59 12 6 70 26 72 22 60 79 49 80 96 59 75 96 53 10 92 57 98 78 24 92 84 78 41 85 10 48 94 45 95 61 25 59 42 92 46 24 2 61 81 10 38 59 1 56 66 29 93 33 97 82 82 40 85 68 11 28 52 87 82 47 15 17 60 97 27 40 31 89 72 6 32 18 93 85 55 92 95 85 15 95 64 97 58 81 2 90 27 62 50 92 39 29 72 96 23 5 67 94 40 43 14 83 87 91 73 19 17 38 28 62 60 89 56 27 27 6 41 19 9 29 4 99 15 28 51 80 92 87 98 74 79 14 21 39 25 15 90 34 74 86 52 9 39 7 66 22 13 28 68 64 56 5 82 66 28 22 78 6 38 63 99 1 8 20 4 77 48 12 48 12 74 36 6 13 47 49 58 69 10 69 13 68 61 55 52 90 79 43 88 61 57 51 16 92 6 3 18 86 46 81 6 1 6 77 78 12 10 31 94 26 46 37 78 52 85 96 82 68 15 73 46 76 62 22 15 68 0 17 65 38 77 87 89 9 64 6 92 88 35 70 67 92 52 26 21 51 7 77 51 2 26 72 75 8 79 9 79 94 76 10 89 52 59 51 94 93 61 51 27 65 94 58 32 17 1 10 76 67 41 92 45 14 35 69 17 87 0 8 53 24 50 97 44 66 79 75 59 92 9 47 45 27 63 13 12 34 0 39 74 45 59 21 44 98 76 5 66 7 22 76 81 23 98 41 80 81 93 90 71 93 64 99 42 22 39 61 15 36 35 82 73 32 40 49 73 16 75 10 78 69 66 61 77 38 57 14 93 60 86 47 2 91 31 90 83 81 75 22 38 61 13 48 61 24 47 28 94 42 42 22 74 12 49 3 52 46 
1 15 78 20 84 97 57 52 97 14 16 45 16 44 83 50 68 47 91 51 39 9 43 20 40 34 25 51 26 57 94 22 37 92 38 36 44 15 53 88 39 93 0 75 52 69 18 23 6 56 52 88 53 11 21 32 10 13 9 80 14 75 42 28 66 6 71 26 49 52 22 16 74 93 43 5 10 26 33 69 82 27 61 96 13 37 35 93 14 86 88 85 39 57 99 72 37 58 78 82 90 94 44 79 33 62 15 61 76 92 21 57 10 71 83 73 46 6 18 80 1 3 34 27 95 98 71 51 72 75 1 39 83 76 45 94 30 76 85 54 14 2 88 55 93 64 84 40 18 28 82 19 1 94 67 25 62 78 64 63 70 35 9 84 27 36 86 22 41 38 89 1 12 36 27 56 40 32 53 68 88 45 15 28 77 60 45 92 82 31 0 70 79 68 54 36 29 32 22 51 75 45 40 94 86 74 93 44 58 72 66 54 43 38 4 47 94 94 77 34 99 11 59 11 20 89 55 97 50 1 1 53 68 64 58 74 57 15 35 70 68 73 53 19 22 54 66 63 98 95 44 28 77 2 48 95 61 57 85 92 8 74 93 48 12 29 91 1 35 32 32 77 78 58 97 77 84 79 70 45 62 72 51 12 57 57 63 55 17 17 12 1 17 45 98 73 25 49 68 2 1 3 30 83 49 49 87 0 34 93 62 37 77 42 25 98 37 42 64 46 39 91 25 52 5 12 24 58 32 54 36 11 35 69 92 97 7 92 2 94 26 24 30 28 99 27 90 97 0 58 24 28 43 50 18 54 32 41 31 89 72 32 30 70 8 49 53 89 64 59 33 43 72 18 82 41 65 19 24 14 95 46 17 91 14 89 88 31 58 83 51 99 89 35 19 42 8 83 79 1 76 53 68 33 70 2 34 83 53 2 47 7 40 20 72 24 82 49 51 56 23 52 33 93 79 5 81 77 12 86 83 98 27 46 32 15 89 41 54 44 45 84 80 74 6 40 78 50 27 85 26 71 86 0 63 19 20 59 42 15 58 93 78 18 50 22 89 48 98 88 36 20 37 84 2 8 31 10 10 23 35 84 27 43 81 50 1 34 31 41 86 60 38 82 33 29 19 77 28 92 
35 97 19 28 10 40 31 32 96 7 59 11 98 6 20 97 77 4 22 4 48 71 43 16 99 47 4 81 68 2 71 0 28 95 3 41 49 32 57 42 96 66 13 42 13 72 14 47 81 38 25 87 88 48 69 41 22 12 34 26 54 11 85 9 78 10 4 38 65 87 85 21 55 38 83 80 16 21 56 18 97 84 5 33 37 25 48 66 35 56 14 4 11 74 66 47 32 71 52 96 33 7 78 42 34 43 21 17 13 90 69 40 10 46 39 36 96 37 35 8 41 4 48 96 15 30 98 4 22 54 85 3 7 54 97 64 15 72 31 14 76 34 91 84 13 4 68 46 34 9 91 17 11 96 82 69 12 14 56 30 58 1 88 94 81 81 54 65 62 49 53 56 9 38 33 10 44 36 42 69 53 60 37 51 53 95 14 77 73 52 24 21 10 32 5 97 41 23 51 35 79 11 95 88 35 10 90 82 76 81 91 63 60 61 20 47 75 21 44 42 0 6 19 11 81 54 33 19 81 96 23 95 22 81 30 2 50 59 20 45 0 80 8 13 40 79 10 98 95 7 64 47 55 44 96 37 22 77 19 39 81 56 72 71 99 14 36 87 4 67 11 12 0 50 47 36 20 13 5 61 91 91 2 51 10 43 30 92 87 85 30 75 86 29 58 71 85 93 61 37 18 61 81 36 59 96 52 37 28 2 28 68 83 96 54 61 35 0 85 52 25 64 41 9 5 90 7 30 25 95 19 77 58 58 89 4 92 19 19 5 73 91 0 89 98 47 3 28 39 61 3 33 91 70 67 30 30 85 57 69 43 73 54 23 4 79 42 1 84 91 29 52 52 94 67 15 8 41 87 39 64 46 5 74 7 11 0 44 67 4 38 77 13 31 29 10 78 52 26 2 52 4 57 48 35 8 15 45 9 98 47 39 43 92 56 54 24 67 48 47 46 16 6 61 83 4 65 32 73 92 95 48 59 11 12 90 33 21 12 97 84 62 49 30 75 48 74 83 52 97 34 62 20 55 98 95 11 22 15 10 53 82 84 30 9 96 47 21 26 70 47 26 28 67 1 76 46 65 6 15 19 17 56 35 30 42 76 46 6 49 36 37 52 0 74 9 65 87 14 6 
75 16 83 68 66 98 9 59 20 69 55 75 59 31 30 4 6 82 28 95 91 50 75 46 9 4 97 81 16 4 85 85 87 55 10 69 72 99 28 55 39 57 25 84 16 41 5 27 28 41 41 43 28 62 82 58 5 82 71 37 16 57 13 33 38 86 61 74 62 89 56 29 12 56 16 34 17 76 79 97 91 7 70 11 52 93 3 40 67 66 91 23 93 95 35 6 48 25 18 72 64 30 80 51 97 19 61 32 1 64 55 51 66 73 37 56 55 25 67 99 56 61 30 65 94 9 92 70 71 80 64 99 51 67 63 23 69 2 99 72 29 99 2 38 74 42 5 98 90 55 14 72 78 5 21 21 29 41 27 48 41 28 74 49 40 55 11 68 29 89 47 69 23 27 24 36 50 10 77 67 58 82 7 61 14 60 86 65 75 77 38 72 91 27 66 60 47 3 55 12 6 94 18 73 28 32 76 4 33 35 81 59 34 26 20 8 55 22 9 43 38 39 22 59 54 47 77 9 87 20 32 84 77 2 27 72 99 90 31 5 73 78 27 19 53 62 35 35 18 41 95 0 83 59 23 97 80 37 7 86 30 12 96 52 9 34 40 60 32 63 39 33 63 97 31 85 77 79 46 98 87 85 69 44 42 46 20 0 39 8 13 19 93 86 93 34 87 85 30 45 7 87 25 64 89 9 6 47 86 25 80 33 81 12 18 43 60 67 39 30 28 60 58 76 55 57 95 32 89 53 58 49 28 53 50 14 0 11 49 56 70 38 22 53 4 96 54 50 32 88 70 51 12 5 80 74 53 15 86 33 79 33 62 72 14 30 81 29 10 51 51 76 13 52 7 8 34 2 18 87 29 32 66 57 91 8 48 6 69 36 8 12 90 81 39 31 91 40 62 39 14 58 22 97 67 74 89 3 68 51 28 97 70 34 20 77 87 80 0 23 17 15 95 36 45 93 67 61 48 42 75 40 80 69 18 59 57 17 26 87 93 50 45 48 95 67 30 18 65 24 57 68 77 94 44 77 51 49 63 39 9 8 13 89 16 7 7 60 94 71 62 98 93 40 2 8 62 37 34 21 10 35 55 18 55 14 85 12 67 14 61 49 97 20 62 61 36 48 57 77 
11 77 42 42 23 44 47 73 32 88 53 75 37 98 26 92 98 54 48 44 94 85 5 72 78 26 23 64 78 10 70 7 37 30 46 57 89 77 26 17 71 59 59 83 59 9 13 16 15 40 6 12 10 76 97 20 33 53 78 26 40 31 95 6 98 36 82 72 67 21 40 70 8 92 75 3 20 70 73 49 47 39 14 2 94 4 5 74 44 15 50 27 73 88 75 40 88 94 27 71 98 49 22 73 98 47 30 63 72 94 12 22 2 51 25 49 39 32 40 90 86 27 84 75 66 13 24 64 95 74 6 20 88 70 35 45 44 42 54 77 88 19 39 22 38 84 50 63 36 96 25 25 27 77 93 81 32 1 50 83 81 84 78 30 99 65 50 12 32 95 53 61 36 51 55 75 75 28 11 44 71 45 80 68 20 88 87 17 36 36 12 66 97 64 52 75 49 60 68 77 39 20 72 98 65 49 71 39 71 65 42 63 11 3 94 73 35 4 20 95 98 13 22 90 32 15 51 99 1 39 81 66 5 39 92 84 97 67 35 90 13 0 11 14 10 50 55 98 93 55 78 30 51 77 93 78 86 75 47 51 61 39 95 40 81 3 9 90 41 27 28 99 67 56 5 69 87 37 90 94 16 90 72 38 27 34 57 68 40 76 72 74 66 63 85 43 68 91 83 12 33 39 95 52 92 24 38 34 51 41 94 84 65 99 64 0 3 24 1 77 49 40 14 21 14 41 86 16 71 27 42 51 7 16 24 26 9 44 23 44 22 21 82 68 35 87 34 50 6 83 17 9 4 68 44 70 77 90 98 98 72 54 53 66 93 34 68 64 48 9 7 56 52 99 88 28 22 72 3 27 33 88 80 43 57 25 95 38 61 82 2 60 64 40 42 82 44 38 40 88 97 58 94 74 1 29 44 44 1 68 72 11 5 97 71 38 99 48 43 51 83 10 95 11 59 27 95 6 80 34 77 53 38 36 20 33 67 48 17 6 98 95 96 78 83 47 41 71 81 10 71 63 16 31 41 14 71 49 98 66 1 0 22 52 56 68 94 15 48 24 79 64 83 37 57 61 57 83 69 6 62 69 11 45 81 34 63 4 98 55 61 76 55 35 56 53 68 30 60 72 
92 39 67 47 38 80 54 90 41 64 89 92 7 45 95 57 79 29 6 99 29 49 55 11 23 86 59 21 30 53 45 87 46 3 10 58 95 51 91 60 82 80 27 74 30 86 87 44 4 88 71 53 15 28 33 6 72 42 35 92 2 27 17 53 60 41 17 99 18 1 89 70 77 55 66 16 80 11 98 67 14 13 85 76 36 20 21 84 36 77 50 34 87 85 46 5 20 1 58 22 45 12 60 19 51 49 28 54 77 72 38 39 19 31 75 82 95 33 81 52 34 88 6 20 92 91 39 92 25 60 66 60 13 39 68 95 30 52 89 43 56 88 63 92 13 28 39 44 41 57 17 52 40 74 43 81 31 74 21 94 5 74 3 93 93 98 36 49 77 21 68 93 67 52 54 28 87 99 60 74 54 98 70 99 66 74 5 7 56 44 50 74 10 38 12 68 1 65 69 77 91 45 35 59 71 50 18 8 40 25 40 22 3 10 60 65 46 35 91 64 80 1 25 53 89 28 45 9 87 74 26 74 58 70 35 12 92 66 13 27 72 42 41 85 25 90 30 35 66 35 79 85 20 95 93 51 6 28 46 25 14 3 36 44 81 12 39 52 17 4 32 45 36 22 89 76 71 3 51 57 96 52 56 73 42 42 12 13 54 23 83 48 96 11 45 10 85 18 11 76 92 4 17 55 68 74 17 66 32 61 92 47 29 75 53 48 87 31 54 29 44 23 66 60 66 55 9 23 6 55 15 59 28 55 22 82 91 4 31 25 54 32 14 45 11 56 32 39 66 63 70 4 78 97 1 16 58 81 85 93 13 9 64 46 9 54 32 90 68 57 30 53 15 30 69 49 43 48 26 55 89 72 23 77 52 78 71 16 37 39 64 60 74 53 14 19 51 67 27 59 36 52 41 58 98 45 82 55 47 39 48 78 26 56 47 56 93 11 63 5 60 70 87 87 44 54 79 73 59 18 62 11 1 45 0 69 99 99 55 65 24 41 7 46 47 79 19 79 94 41 30 56 79 74 40 62 44 18 20 51 33 31 13 57 44 48 84 32 48 91 4 34 65 56 69 24 31 31 68 91 18 98 58 69 66 91 83 10 24 91 9 78 27 44 34 10 11 50 80 28 
91 70 97 20 9 85 5 41 17 84 67 72 31 53 65 93 99 69 2 99 89 55 81 54 40 65 51 89 35 38 58 18 53 51 65 62 67 88 32 59 8 33 71 69 87 61 72 16 29 29 41 2 56 17 82 38 39 1 41 79 1 98 78 36 40 39 39 61 67 34 74 79 86 91 66 75 51 79 55 39 11 0 67 44 31 28 27 99 23 38 87 84 87 2 30 23 97 17 1 45 81 58 0 65 41 57 30 79 78 87 41 35 40 53 8 34 96 18 34 30 54 91 33 5 88 23 50 94 40 49 93 59 58 32 79 92 71 50 3 70 33 64 57 38 94 33 12 72 31 7 99 60 87 37 98 36 63 95 25 94 52 7 2 96 8 22 87 89 34 29 67 74 92 56 41 62 83 5 36 21 61 14 67 84 91 55 10 18 77 24 46 64 88 43 84 67 29 73 71 54 94 1 28 56 96 84 33 36 54 69 48 13 52 49 12 87 39 13 11 17 14 14 69 91 7 76 15 95 14 67 54 2 43 33 47 98 33 55 69 80 81 66 65 92 59 76 81 74 43 85 21 40 74 34 16 11 84 68 20 21 71 73 41 17 4 28 78 21 44 25 82 76 98 11 23 26 70 37 57 51 10 80 92 40 54 15 67 35 4 59 99 88 20 15 29 74 95 60 98 25 84 9 20 38 26 12 18 9 78 52 63 97 97 45 53 77 47 17 52 38 87 80 48 85 25 83 5 98 90 67 17 31 61 31 89 88 61 13 78 90 82 43 24 22 7 60 14 78 61 34 5 85 23 69 22 94 53 74 50 47 3 11 21 97 23 57 52 39 15 91 17 13 53 9 73 94 90 38 2 81 25 45 2 40 78 49 15 75 82 62 83 29 20 48 67 92 89 40 86 26 64 55 67 0 77 89 35 15 50 57 95 0 83 48 6 50 92 58 72 43 37 64 3 34 21 67 41 96 91 99 1 7 83 7 55 96 40 63 89 2 25 41 22 86 76 68 28 2 97 67 78 80 10 53 92 14 88 11 27 23 93 95 36 22 59 99 84 88 13 36 69 17 3 82 82 75 58 95 41 21 69 11 84 86 79 10 68 68 77 96 79 41 17 98 95 37 43 0 20 21 
85 51 61 16 4 10 85 17 75 92 14 81 37 66 24 25 14 68 81 35 35 20 33 76 13 40 54 91 5 11 27 18 37 20 10 77 32 20 58 90 58 1 57 89 38 57 52 30 25 20 33 15 78 82 35 2 2 39 99 85 95 20 86 10 58 93 78 4 83 17 79 60 83 7 55 11 97 66 1 36 58 15 33 35 10 56 41 82 84 2 12 61 41 46 98 30 80 10 83 4 36 52 33 41 69 51 21 5 8 57 81 15 89 68 78 34 75 43 50 56 38 38 30 5 63 91 50 96 24 4 25 79 86 90 37 20 6 49 22 33 29 11 45 12 97 28 98 31 10 42 67 10 84 26 85 37 8 11 62 3 91 34 63 88 42 48 5 17 65 70 19 16 81 89 41 40 74 91 85 17 71 51 61 26 79 31 24 20 11 16 3 68 87 46 39 15 66 28 69 38 23 55 34 44 23 34 23 51 9 55 13 15 62 72 88 28 3 72 81 50 6 10 4 79 80 93 83 77 27 63 50 61 69 82 83 48 6 78 16 96 61 9 71 4 67 28 18 4 76 1 62 73 40 91 46 40 48 26 55 34 67 55 41 88 94 74 90 53 86 77 82 38 52 63 21 49 23 71 87 74 58 26 60 94 42 48 35 1 40 21 2 87 29 35 67 65 2 54 52 5 58 62 43 84 44 57 93 90 49 59 84 77 10 29 40 55 79 45 29 28 31 36 58 15 93 35 98 48 74 73 68 4 13 76 56 74 86 4 14 65 96 55 62 95 78 37 19 28 4 68 69 12 35 60 60 21 2 62 3 0 18 37 90 14 30 37 90 5 86 10 27 74 0 5 47 4 61 11 69 28 75 95 11 85 23 66 86 74 38 67 12 83 30 70 42 74 12 73 96 2 86 39 75 35 10 34 72 40 75 84 29 2 48 74 40 73 76 59 65 30 97 44 32 15 20 7 98 88 59 21 6 94 99 39 47 52 80 21 25 30 42 84 49 83 34 50 33 3 63 96 64 19 80 42 6 31 95 40 43 2 93 41 37 74 88 50 64 23 49 89 35 5 44 94 84 81 94 83 86 23 9 35 54 14 5 66 50 53 93 37 94 33 76 27 33 21 34 7 16 74 
12 25 15 85 20 13 93 40 84 54 72 59 7 56 81 17 92 59 47 68 37 97 10 68 40 67 55 68 89 6 32 83 14 4 26 98 42 51 48 56 21 32 56 79 35 95 68 38 70 9 25 11 9 18 70 37 50 40 91 38 15 58 19 31 40 79 96 62 79 43 67 36 43 94 41 92 51 66 49 23 77 83 3 78 4 26 65 16 8 48 76 33 78 13 76 35 92 15 28 76 44 0 36 1 22 25 1 39 75 86 23 63 43 37 78 52 21 40 53 43 69 89 41 77 97 25 7 59 62 57 59 22 74 57 45 0 29 4 46 30 35 19 97 76 61 53 43 64 53 73 49 88 75 34 53 13 25 46 40 52 34 27 72 21 50 4 13 43 97 82 34 98 95 29 74 23 25 78 52 97 30 82 79 65 1 81 5 72 58 98 79 9 16 39 47 61 84 58 90 82 9 94 12 40 24 13 68 82 16 39 43 92 75 89 50 15 60 26 66 72 15 68 22 24 81 59 8 15 45 52 98 5 67 69 4 76 97 88 95 17 1 42 0 82 54 50 37 95 51 20 76 88 72 54 55 31 39 67 76 18 37 37 88 21 97 25 65 76 37 14 46 60 17 28 59 70 22 92 32 60 77 95 20 73 12 50 33 65 73 19 28 20 40 92 3 42 70 62 56 84 54 48 93 30 3 15 45 24 78 39 85 17 91 33 28 93 95 33 2 94 53 67 88 82 96 79 58 55 26 27 66 92 84 33 46 97 93 32 33 87 71 73 4 39 9 50 11 86 70 41 42 78 38 96 95 19 11 96 35 11 22 91 13 85 91 1 18 87 16 12 80 37 72 72 78 90 88 92 95 86 44 33 9 50 9 64 74 19 8 80 87 52 67 12 17 9 60 74 49 44 90 13 56 76 65 21 2 6 56 36 14 54 28 47 50 89 90 66 11 86 85 34 25 88 48 12 25 18 75 68 93 60 46 17 39 3 17 10 92 66 92 89 50 68 37 65 49 60 82 99 95 41 28 18 13 6 29 61 44 7 51 16 87 12 78 84 68 74 50 77 35 11 20 17 92 69 37 8 6 32 60 77 87 20 85 56 59 69 21 62 68 0 86 99 69 58 47 5 66 28 
76 76 61 88 1 12 13 18 69 74 9 0 71 97 66 9 72 64 15 93 78 50 67 87 72 51 68 12 74 13 4 59 55 95 47 58 14 5 53 89 41 2 89 79 66 65 91 57 6 25 58 91 44 37 11 66 65 63 37 76 18 25 4 37 42 15 72 51 46 58 18 70 0 42 59 53 13 37 89 26 33 0 93 86 29 29 0 85 2 72 72 90 10 14 8 23 44 75 46 68 27 39 30 61 5 67 3 42 71 42 87 56 41 34 46 86 34 79 34 25 46 38 4 88 93 4 55 98 34 34 65 45 42 90 28 23 11 96 88 80 31 88 55 65 80 96 2 80 73 77 19 46 68 7 55 20 95 71 98 66 50 42 45 21 49 76 90 3 91 53 1 51 34 29 82 90 4 79 86 27 10 94 46 43 34 50 90 11 16 65 35 8 19 45 1 73 44 1 64 69 89 1 74 55 87 12 20 36 62 74 66 65 27 1 68 56 93 15 14 75 53 76 29 78 44 48 37 66 21 34 56 43 68 52 69 48 58 31 3 53 97 87 86 94 20 61 80 78 98 40 64 50 88 38 90 86 74 79 86 2 67 38 59 10 44 10 18 69 68 86 5 97 55 19 35 86 50 74 2 70 9 37 59 58 22 8 24 95 80 68 22 45 14 48 82 96 64 23 70 1 24 66 78 47 9 64 31 14 57 79 38 8 36 99 88 38 40 67 50 46 85 49 59 19 27 40 9 12 50 74 50 92 65 19 81 58 24 52 88 67 48 50 74 7 45 68 28 58 9 17 75 84 71 43 97 15 90 38 59 91 6 96 54 50 30 88 55 2 98 69 13 47 37 99 86 30 45 78 49 21 99 7 80 41 49 98 61 37 85 52 99 31 66 99 92 59 0 89 25 72 35 1 27 4 98 48 53 27 12 46 98 34 71 42 29 28 63 26 29 79 82 2 10 15 13 74 18 17 39 25 74 0 21 45 62 29 76 68 87 40 4 72 44 21 9 39 44 52 73 82 78 94 65 45 98 84 46 20 43 35 64 21 36 81 40 98 77 12 53 47 3 34 60 38 52 40 89 63 65 41 76 8 64 56 19 29 85 87 78 67 63 95 37 34 79 93 38 71 94 51 
73 89 5 29 64 49 80 8 16 4 27 23 54 22 88 27 11 61 24 20 49 98 56 3 14 79 5 21 12 83 71 95 66 71 23 81 92 17 31 29 24 87 0 88 74 68 33 62 54 64 98 27 66 8 5 77 49 43 79 67 65 52 92 22 6 47 50 4 68 22 6 23 12 80 53 65 49 0 6 28 89 87 96 77 29 91 79 43 81 72 87 78 65 2 31 18 6 38 78 21 71 14 69 38 47 90 99 43 42 90 41 47 99 68 87 5 31 7 35 20 70 49 35 32 20 12 2 74 12 0 38 53 62 38 65 86 93 90 56 69 51 80 51 54 79 67 52 37 70 40 80 62 79 73 65 57 8 72 75 23 75 55 56 65 22 17 4 37 83 42 8 85 37 9 90 49 59 49 14 7 31 32 95 29 26 71 21 13 97 93 76 42 74 38 50 16 53 46 6 66 98 38 24 16 84 46 25 6 22 72 2 56 16 51 8 67 62 8 25 29 94 6 89 13 73 43 96 41 28 40 68 47 63 11 78 36 82 44 55 76 2 99 81 95 18 46 83 24 59 74 0 73 94 16 84 2 93 60 0 51 14 72 55 42 54 23 66 81 98 17 67 64 61 33 78 98 40 68 14 83 15 98 6 11 44 43 60 61 41 57 26 81 57 95 91 25 72 33 84 63 2 35 82 31 4 2 16 51 66 5 10 33 43 57 79 47 8 52 15 0 11 28 7 79 1 23 61 96 36 20 58 34 20 85 57 27 82 61 94 73 60 20 76 0 16 15 45 81 13 73 93 14 63 33 7 0 6 45 99 90 52 60 51 73 6 18 12 42 45 90 0 75 88 29 3 16 71 71 73 33 60 75 1 26 95 9 69 84 68 61 35 67 43 88 57 24 6 25 66 18 47 23 1 18 5 68 62 28 81 34 37 89 45 93 42 85 85 47 46 83 58 74 52 43 31 45 53 48 13 10 8 2 83 27 47 99 5 78 52 78 23 46 5 6 13 33 43 28 52 36 42 45 33 64 46 37 24 61 19 73 30 13 65 82 73 47 57 11 84 94 34 80 57 53 35 57 88 85 42 49 92 25 64 20 39 33 70 17 7 49 25 98 24 87 86 30 72 62 25 99 
11 45 38 96 84 24 21 17 60 14 82 4 0 70 22 38 74 36 51 4 9 58 0 54 88 5 56 5 89 60 98 93 7 55 12 5 70 64 75 55 50 81 73 53 72 36 90 66 99 78 23 36 73 62 92 94 65 33 97 35 29 77 83 33 1 58 46 90 97 32 96 19 91 2 36 87 40 35 14 57 64 10 66 73 5 59 63 69 94 30 89 28 23 81 76 42 33 0 33 6 18 81 19 3 5 65 64 29 46 35 76 90 84 22 76 77 69 17 27 32 79 80 8 34 40 14 24 64 94 7 87 11 29 0 38 52 25 66 49 11 64 71 54 51 74 36 37 66 67 76 84 43 28 44 68 93 86 68 48 35 10 39 21 62 28 29 30 86 11 89 3 23 23 13 14 97 4 4 64 52 59 0 9 34 91 61 71 92 1 70 99 87 53 14 30 50 98 96 48 28 2 72 63 65 70 67 33 67 22 55 47 41 16 65 52 52 87 0 73 37 94 46 56 58 91 62 79 33 76 97 18 19 57 29 88 58 77 20 42 81 43 50 89 26 8 67 67 35 19 58 41 0 11 41 15 76 77 47 23 45 69 83 28 53 28 50 51 90 81 70 91 68 36 20 36 74 19 41 58 35 2 42 33 78 97 69 6 38 57 18 22 46 16 39 65 48 36 55 18 21 14 50 6 91 78 9 13 55 44 23 61 83 69 61 54 47 47 4 65 28 41 17 36 90 19 31 69 48 77 0 75 27 70 53 74 73 81 43 72 11 62 4 10 29 1 42 9 56 59 10 10 92 4 60 3 25 66 94 35 21 77 58 86 77 54 89 60 6 6 32 37 80 14 22 50 28 50 99 25 76 9 1 20 9 83 11 95 16 64 69 80 26 73 19 63 45 53 51 29 65 79 81 80 72 49 70 1 47 19 92 0 56 44 10 93 13 17 99 2 46 75 73 43 54 74 5 57 99 23 32 95 40 63 9 15 79 14 23 28 64 43 70 91 43 13 17 11 45 60 49 73 32 72 81 8 72 72 51 42 52 60 57 73 21 82 19 25 72 89 79 25 76 0 73 34 53 88 80 51 31 23 66 75 6 89 87 61 37 51 33 28 5 30 27 76 27 92 92 43 41 
24 97 78 76 42 81 54 49 69 90 54 66 83 97 52 54 7 17 21 87 6 5 15 62 56 97 59 57 3 4 57 92 66 27 96 0 78 66 14 87 74 37 75 71 82 85 52 36 69 7 5 68 47 95 33 55 50 57 34 35 85 24 55 68 15 77 43 89 96 47 88 15 6 84 84 55 62 63 55 59 63 89 84 83 63 61 36 62 12 50 99 42 44 12 37 35 15 33 30 25 41 85 33 30 38 73 29 70 64 97 78 51 68 42 26 41 6 50 98 10 80 37 20 32 43 83 55 69 89 98 19 13 36 28 15 59 52 5 92 53 48 23 57 93 80 70 97 5 30 60 89 97 34 7 24 79 8 22 35 21 25 45 6 59 58 67 22 54 26 27 76 66 79 8 86 72 54 22 63 35 65 63 22 76 2 75 46 34 12 12 91 54 42 89 54 28 1 78 83 27 72 93 31 84 13 87 61 60 22 53 12 37 23 34 98 59 29 39 44 75 24 79 72 69 95 87 92 1 40 31 54 19 22 89 56 75 57 79 4 33 28 67 98 82 38 9 53 38 95 14 40 55 3 87 63 17 6 22 41 26 11 46 45 24 95 11 62 73 99 60 13 73 31 23 31 50 83 55 66 36 50 73 3 35 98 39 39 2 55 91 8 15 78 29 5 43 66 42 33 47 85 65 85 28 53 10 69 59 11 51 31 23 62 68 74 89 37 49 24 61 69 38 26 58 6 45 79 13 12 46 47 34 28 39 20 97 98 72 46 21 58 71 69 82 29 62 64 80 60 16 7 5 25 45 78 79 13 20 88 16 14 82 67 59 35 90 85 48 50 33 32 73 85 91 52 26 21 61 93 22 20 40 53 66 72 40 48 66 73 35 39 26 37 7 80 11 6 32 22 26 74 20 41 94 52 16 12 0 57 1 16 62 74 72 55 79 72 49 45 91 13 51 9 95 18 74 54 25 3 55 99 88 4 99 77 94 15 96 68 99 39 98 44 20 59 56 19 7 57 58 22 79 19 83 62 40 60 15 53 34 80 48 80 30 99 52 73 39 27 82 18 14 32 45 51 37 26 72 30 0 52 2 83 28 76 6 1 10 63 78 21 85 84 86 96 25 67 1 32 81 
82 95 0 4 58 23 79 24 25 23 34 12 46 1 53 3 15 95 61 13 38 24 8 59 66 42 12 97 28 17 46 92 32 26 26 16 79 76 87 46 56 62 96 79 33 95 88 23 15 13 3 51 75 53 23 57 21 73 47 6 17 28 33 73 34 50 16 73 87 63 34 8 33 9 10 63 26 20 18 55 9 46 26 65 29 31 40 68 38 42 16 6 64 82 67 92 94 48 12 91 23 92 94 15 55 18 56 63 89 90 9 71 32 54 31 36 16 85 97 46 7 17 7 36 48 73 9 33 42 24 36 12 19 20 86 94 19 72 97 59 42 76 14 5 40 85 1 24 6 85 72 92 23 60 79 65 1 95 15 58 9 29 44 40 10 92 83 52 22 64 26 56 97 49 55 77 95 94 9 71 41 65 44 74 61 80 78 32 67 43 70 49 59 16 77 86 28 59 22 43 88 90 92 68 73 39 10 33 61 52 93 46 86 44 9 34 81 0 96 85 42 97 78 21 39 46 67 47 9 43 54 27 63 64 8 82 43 29 67 68 62 61 5 34 93 34 8 61 22 55 47 24 46 66 81 65 70 70 78 33 61 41 63 88 26 88 79 78 42 62 45 99 54 95 73 52 76 70 58 23 38 62 96 90 84 65 10 81 97 64 69 75 28 55 56 38 37 79 22 11 56 34 69 72 19 29 77 48 76 65 26 98 42 20 61 90 77 1 54 21 41 13 13 87 90 24 59 96 73 56 45 53 29 34 4 0 99 6 84 62 52 56 47 35 54 57 65 32 69 15 44 56 84 8 57 89 29 96 13 63 67 87 2 9 12 72 16 42 12 36 40 37 37 91 51 64 24 61 96 25 69 58 64 23 86 22 50 82 6 92 21 86 13 38 96 24 71 2 73 14 93 61 39 94 27 54 34 60 11 57 87 14 36 60 68 21 48 67 21 50 80 50 6 87 79 38 76 84 25 79 81 49 66 10 5 86 72 25 40 7 56 30 71 41 16 36 64 60 11 3 33 22 42 21 93 82 11 93 63 36 55 70 71 98 31 30 40 53 20 85 17 46 86 40 51 43 23 40 29 14 90 67 39 7 45 18 9 14 81 22 48 56 45 50 35 79 39 18 82 19 
51 76 9 79 5 23 0 11 35 64 67 46 43 73 32 29 48 48 9 33 14 66 42 12 58 59 88 94 64 45 91 8 48 13 8 34 20 33 17 20 51 51 7 78 3 45 71 37 45 21 98 10 81 37 14 69 19 36 36 78 22 76 55 4 70 68 9 78 75 75 23 75 84 27 4 2 92 30 49 98 87 63 3 4 64 91 65 29 84 1 8 76 58 82 54 83 24 26 32 24 59 43 96 37 80 42 35 94 11 1 99 83 85 97 71 80 7 65 82 80 83 55 21 80 44 89 96 67 89 10 11 9 82 40 76 87 24 26 31 88 77 71 14 21 17 46 20 0 97 48 60 25 29 34 55 33 73 89 16 9 82 28 20 52 45 98 22 9 93 40 82 33 13 27 4 14 28 85 85 72 70 59 46 53 54 96 93 93 51 70 70 51 61 68 21 80 55 15 25 83 9 44 84 97 6 52 81 87 18 22 19 17 3 81 75 47 80 46 45 20 20 49 91 86 91 10 41 63 21 79 82 50 23 11 57 65 41 35 60 72 76 5 72 79 87 27 87 75 22 54 77 75 95 22 0 95 68 97 48 70 61 12 82 89 25 23 50 0 42 48 37 94 80 45 49 11 38 64 51 92 9 80 48 70 34 89 83 68 61 29 33 30 31 17 73 97 91 84 37 21 11 7 79 73 83 67 13 42 65 7 47 75 58 55 36 62 91 24 80 86 46 57 77 14 40 39 36 34 15 63 20 70 64 48 58 69 46 86 7 22 60 51 21 40 4 64 45 90 99 63 92 73 62 7 28 29 42 43 15 3 87 17 47 55 58 1 37 42 71 8 61 91 16 0 78 70 34 1 24 71 21 81 76 59 47 74 79 45 45 76 5 99 94 17 33 83 92 59 0 50 32 41 71 55 70 35 79 69 93 53 62 33 67 44 93 77 58 55 99 76 75 34 20 74 34 12 31 14 55 6 58 69 1 94 18 47 26 98 19 9 86 1 55 54 41 29 23 72 78 57 99 20 56 37 27 0 39 55 57 86 14 48 40 65 92 26 42 1 71 53 87 33 70 0 28 72 47 42 3 35 70 93 80 75 66 36 60 27 39 83 98 27 17 28 82 43 13 40 24 71 
71 92 28 23 57 98 15 94 26 88 45 76 32 76 41 2 41 29 9 31 80 87 80 45 86 94 41 50 71 74 59 83 66 88 32 61 2 6 47 78 57 96 63 48 80 62 16 50 26 20 72 72 55 21 3 36 28 9 60 70 16 96 40 0 86 89 17 75 14 54 94 71 39 43 47 61 88 93 87 66 34 99 63 51 44 97 36 97 37 90 72 91 78 33 54 78 21 58 2 74 76 62 79 71 97 99 23 72 87 80 63 18 65 49 98 96 62 77 77 90 15 84 54 34 37 14 5 80 58 13 38 61 50 35 40 63 23 71 44 36 51 10 7 39 0 67 36 42 2 18 28 38 51 92 46 6 99 29 84 6 65 2 44 19 70 43 73 74 21 43 63 75 57 96 63 67 98 10 9 30 5 95 97 70 53 30 82 80 24 92 56 49 55 8 22 22 25 1 31 88 80 33 48 30 0 67 77 5 18 90 99 32 27 67 52 55 12 46 28 13 92 65 35 76 4 55 65 64 79 74 70 39 42 74 55 83 22 53 20 1 10 7 58 76 7 48 15 88 13 72 12 74 2 28 13 56 50 69 65 93 91 18 49 81 33 55 79 37 34 62 63 90 78 78 29 84 12 43 2 65 19 95 18 21 39 51 69 70 4 40 23 50 18 6 81 31 79 70 82 29 87 23 5 78 70 96 88 35 86 77 55 67 54 87 11 4 69 96 90 1 60 50 72 38 2 66 22 53 33 11 49 65 2 36 43 89 50 42 1 67 13 37 85 18 91 20 90 88 24 68 80 62 90 91 3 58 85 3 17 79 74 26 30 7 44 85 21 53 41 24 6 77 4 0 32 45 92 58 79 76 27 88 92 39 83 54 95 10 81 82 2 30 12 72 3 71 23 87 39 70 76 10 5 54 40 84 25 89 26 64 36 74 97 47 4 95 49 30 75 78 89 59 91 29 35 75 2 76 59 35 97 43 4 61 49 33 5 10 55 7 7 87 15 13 96 60 85 48 87 51 58 12 24 57 32 50 23 82 24 22 52 70 24 30 78 85 34 0 32 28 10 98 11 57 68 90 23 25 91 1 94 48 51 34 46 17 34 66 73 14 73 25 29 99 81 58 43 5 59 35 
28 90 96 53 51 81 97 73 67 19 11 33 80 14 50 77 24 78 25 74 14 26 82 63 70 61 47 21 35 93 22 95 4 53 55 26 13 22 71 96 49 66 62 97 2 6 33 73 21 33 83 43 78 3 56 46 14 55 91 65 83 11 41 81 82 0 81 72 60 78 21 74 51 76 51 38 69 42 53 83 54 67 49 39 71 73 42 25 35 28 16 94 11 0 30 66 13 19 52 11 26 1 50 60 11 25 3 68 54 37 66 31 41 77 75 61 6 22 0 57 95 5 45 41 76 47 30 81 39 91 71 23 65 3 68 89 21 18 31 17 17 13 20 38 18 55 22 24 67 90 92 37 91 37 29 47 17 44 17 53 87 34 73 31 44 99 50 23 10 7 19 23 97 94 97 37 45 52 85 93 65 19 76 93 1 41 31 7 79 61 96 32 7 54 76 64 18 85 48 18 24 50 12 13 17 14 59 50 32 74 65 33 29 59 41 43 43 75 13 97 41 56 99 76 45 45 67 67 83 43 84 54 87 62 64 55 80 9 29 22 61 56 55 45 54 91 48 28 22 97 47 61 57 24 38 73 86 52 39 29 92 8 49 68 29 25 23 48 77 82 95 9 48 19 98 41 59 82 54 12 65 74 21 40 84 6 83 29 17 77 49 25 54 84 85 87 64 3 19 26 25 36 96 34 35 37 41 30 53 95 52 19 45 49 31 66 97 91 63 75 52 80 5 40 82 73 48 97 76 26 68 64 7 33 51 89 41 22 13 99 78 80 85 53 86 70 99 15 99 20 66 80 6 9 7 84 5 15 73 75 6 21 80 62 63 82 70 43 70 56 5 1 14 93 98 25 8 96 77 56 64 5 5 63 71 3 30 0 72 48 35 75 21 86 77 46 99 80 60 36 12 15 83 83 9 51 3 76 81 51 77 71 25 8 39 15 75 99 48 45 69 94 77 39 47 89 27 9 50 31 36 29 64 40 59 43 32 36 94 88 53 17 39 4 18 17 87 41 26 75 94 44 61 65 44 97 34 35 8 57 84 55 46 41 41 15 27 69 81 80 32 9 9 90 42 35 25 34 63 54 81 63 51 48 72 70 4 50 2 49 26 39 46 20 11 49 67 21 87 32 
74 9 5 15 59 53 63 52 51 31 40 80 89 69 88 21 90 91 1 28 41 27 23 98 57 30 88 51 13 4 25 58 38 20 87 36 35 84 48 21 91 17 51 21 1 80 57 9 18 63 85 68 0 96 73 74 53 38 37 28 5 71 41 29 36 47 53 92 77 98 37 22 43 90 13 95 62 4 80 64 77 97 53 2 98 57 23 24 79 6 78 75 33 69 52 0 39 54 52 60 1 96 55 2 41 39 62 84 28 77 46 68 15 34 44 68 56 76 48 87 59 9 96 1 31 8 5 53 9 64 70 22 62 39 43 14 52 29 81 97 20 62 61 66 8 11 9 72 78 51 67 77 58 70 71 22 36 23 94 18 37 10 79 98 97 35 31 76 90 68 86 59 62 7 77 17 69 63 40 69 62 92 11 73 40 37 60 20 60 99 23 69 45 36 58 93 20 75 69 72 60 96 22 26 63 96 99 45 92 9 6 68 94 38 21 78 21 82 59 74 6 97 83 32 24 29 8 99 87 22 86 42 88 30 30 1 57 77 37 23 16 69 99 94 55 28 76 2 1 81 63 19 83 13 86 80 55 53 36 94 49 22 13 97 42 97 1 31 45 42 58 17 2 84 38 28 37 8 71 47 7 44 61 9 7 36 1 92 32 35 37 25 48 5 3 33 58 29 82 69 11 69 92 97 66 39 1 74 19 1 41 93 25 9 90 15 2 49 0 57 25 37 39 75 80 82 76 96 27 93 88 19 77 75 24 56 60 3 6 8 1 12 81 67 80 74 48 52 41 8 65 9 75 57 46 85 18 32 82 12 85 97 10 8 68 14 73 21 47 18 60 0 14 11 96 19 99 54 8 2 64 88 65 52 70 88 23 84 5 3 78 11 88 8 83 40 79 3 3 51 76 83 74 86 47 70 9 23 95 81 41 58 13 22 75 39 77 21 81 24 86 31 79 16 91 11 62 27 9 31 62 14 71 46 15 83 60 46 94 44 11 3 32 85 58 41 44 49 72 52 43 59 45 45 89 19 1 63 18 68 82 80 22 79 59 38 88 82 64 99 96 95 75 41 53 69 90 33 96 22 91 98 32 50 63 92 2 84 12 30 87 51 72 19 87 71 2 13 39 80 
85 41 80 0 81 18 4 76 14 25 98 69 83 93 91 52 78 34 82 87 7 37 31 38 4 5 97 18 77 97 58 79 60 27 47 55 90 80 85 99 22 72 85 59 95 19 2 38 92 27 74 60 13 19 38 23 49 84 5 90 69 38 19 7 56 5 85 67 52 53 28 80 84 37 98 13 92 37 38 72 30 42 30 57 33 76 99 58 8 15 86 38 2 55 36 95 60 87 22 2 53 19 10 79 38 40 12 65 5 3 97 92 36 5 61 37 33 93 13 28 90 54 75 41 14 81 80 92 31 59 63 79 43 2 40 81 93 80 69 36 87 77 57 67 81 74 37 74 36 15 80 5 63 62 85 1 33 5 30 70 18 65 40 80 73 17 39 83 63 51 97 80 68 55 32 46 23 9 85 7 28 57 71 56 98 17 88 21 62 83 66 97 18 71 22 57 53 75 39 19 50 36 69 90 12 91 26 32 5 74 60 37 27 87 89 9 62 84 34 68 52 75 16 3 76 21 75 77 57 34 98 1 86 25 22 21 65 21 20 95 41 48 15 78 40 92 4 1 70 85 15 83 26 34 93 44 19 45 86 97 40 15 89 96 75 69 81 24 0 5 1 25 21 12 55 28 62 77 66 18 70 22 49 13 59 48 81 74 71 70 90 92 25 15 42 62 36 78 75 63 28 4 97 35 45 55 80 54 90 0 35 64 42 57 91 87 44 86 3 85 13 71 1 46 23 3 74 48 46 76 95 93 30 15 26 88 57 6 44 46 83 17 19 24 63 40 6 98 21 47 85 18 89 24 40 58 21 57 23 18 5 15 56 54 59 19 34 92 80 55 38 99 47 57 59 48 87 61 91 24 63 59 66 43 30 6 58 28 65 34 91 1 35 32 69 97 83 23 37 40 27 31 89 29 51 8 13 60 28 51 28 66 91 66 82 44 14 31 63 30 54 33 88 71 55 8 89 77 66 73 73 74 99 60 19 13 25 55 87 70 81 66 71 97 2 93 42 78 23 86 87 90 37 5 45 33 42 63 62 7 92 20 8 36 2 5 43 71 9 25 54 45 70 22 33 94 28 40 61 98 80 13 81 73 89 43 6 61 35 85 57 83 9 48 77 98 25 71 24 67 
41 77 20 70 69 94 7 1 32 43 50 29 55 31 86 74 23 54 49 69 89 56 47 21 14 61 99 93 57 91 22 55 16 91 91 16 60 43 32 9 98 47 5 47 26 55 62 57 14 69 70 25 36 10 7 15 62 75 93 55 8 53 39 30 17 41 55 99 85 33 76 30 9 70 44 82 22 11 74 7 55 52 13 46 88 25 99 50 54 62 35 36 68 94 15 45 88 78 33 31 44 22 60 75 30 36 48 43 46 26 76 4 46 33 58 80 2 73 54 90 8 27 60 35 56 43 23 83 71 34 46 84 25 68 29 81 64 14 11 72 88 12 20 95 23 63 65 21 61 74 53 67 93 29 40 88 34 49 92 46 86 74 68 95 33 36 76 77 49 26 15 11 89 75 61 12 46 30 91 22 37 8 37 23 34 29 82 58 66 72 73 80 57 52 92 23 72 34 54 5 57 17 31 51 55 14 7 51 56 57 97 0 11 70 74 86 84 68 31 52 44 60 78 29 57 90 90 27 27 68 2 82 6 25 52 59 9 42 6 19 60 11 0 44 0 54 46 45 98 28 79 10 91 93 18 30 6 91 61 59 76 65 0 32 37 17 7 52 37 5 17 96 46 77 94 86 18 1 26 55 52 90 9 11 84 35 97 18 26 84 35 4 89 46 71 33 91 68 64 53 26 43 84 68 35 31 35 94 69 45 50 98 75 94 84 34 23 69 24 2 19 61 99 78 68 47 44 74 4 20 53 23 98 71 11 51 11 32 28 56 39 31 95 40 62 19 28 53 69 73 37 8 43 30 24 94 49 98 72 11 32 71 46 4 84 74 98 37 6 92 5 55 44 74 94 12 36 48 87 89 84 62 6 57 87 92 98 55 86 98 32 86 42 88 69 59 14 47 17 16 73 8 66 88 96 90 36 38 65 58 47 17 26 71 53 72 49 60 32 13 66 61 61 35 86 29 71 76 70 63 55 93 96 12 37 69 74 32 25 76 66 20 29 18 61 71 35 94 0 14 6 65 95 54 91 66 24 7 63 78 93 46 35 46 97 98 42 72 13 49 84 91 39 15 32 93 54 74 62 49 77 59 4 67 92 28 59 45 77 56 25 55 67 45 54 46 92 58 91 7 
61 84 92 78 46 71 0 23 35 53 41 40 42 94 36 54 61 85 55 14 71 0 39 19 42 59 41 7 44 30 68 65 23 25 20 72 12 85 21 3 28 55 53 73 65 1 49 8 41 61 63 10 15 0 29 84 42 5 74 2 0 81 61 41 37 74 69 12 59 3 37 98 75 22 59 73 50 52 45 91 82 32 74 24 61 21 26 21 25 12 18 76 38 29 84 95 32 78 18 6 31 41 89 76 37 8 29 35 48 73 93 31 91 16 42 45 88 95 90 43 66 31 33 9 55 13 61 38 45 3 74 82 75 15 50 91 59 99 40 46 68 32 14 75 86 25 99 63 74 76 1 20 81 27 12 25 96 36 6 40 87 17 59 25 14 96 90 50 59 20 52 55 9 9 25 25 88 44 19 50 1 57 18 45 50 7 13 99 19 20 36 18 71 88 97 22 15 58 8 40 20 99 44 82 60 41 23 38 58 92 28 61 59 74 73 30 87 43 77 26 21 3 67 30 70 52 69 99 4 96 55 69 90 14 81 91 62 78 23 73 22 59 40 10 59 47 46 62 50 65 38 93 87 36 86 36 89 60 93 13 8 80 40 89 71 87 76 14 76 25 69 91 59 36 39 37 67 86 29 94 60 40 78 67 32 97 10 31 79 37 56 87 31 39 27 38 0 32 56 89 98 76 30 46 51 33 88 89 71 95 74 26 24 13 23 34 55 57 79 92 6 0 19 11 17 80 64 56 98 96 87 98 0 13 84 2 75 23 15 4 39 0 4 21 78 20 76 32 70 67 88 74 38 44 99 39 25 48 45 66 8 35 73 56 43 23 91 98 3 38 12 54 39 32 44 8 56 69 94 2 49 85 54 28 93 16 29 82 1 30 65 7 29 14 42 72 27 55 55 11 54 98 13 45 43 3 81 65 9 73 75 30 3 84 75 77 84 46 7 26 11 7 32 18 26 68 66 90 20 51 38 0 50 76 3 75 92 44 74 60 95 51 34 79 96 77 14 96 75 84 81 47 61 93 85 18 2 0 36 28 61 70 72 91 45 53 67 70 53 20 91 83 39 40 85 34 0 79 63 12 1 40 91 55 89 89 35 64 61 14 24 38 91 64 11 21 89 57 45 93 
28 55 13 87 91 62 61 44 57 9 16 76 21 10 3 27 75 4 29 89 37 96 2 76 7 69 48 30 43 84 28 44 50 15 16 14 10 4 54 97 30 61 83 0 44 89 74 51 71 11 88 42 1 35 35 86 18 40 97 25 70 33 30 29 55 95 51 70 21 83 31 6 93 12 50 75 89 23 89 45 64 13 38 54 98 12 40 59 64 58 3 41 78 74 74 57 62 35 64 22 99 48 72 61 62 73 46 44 12 11 82 13 24 3 45 89 64 82 11 35 94 68 92 77 32 6 77 13 49 39 85 59 59 43 38 71 72 26 52 90 49 11 61 64 86 81 4 0 70 40 59 57 75 79 55 31 23 47 4 68 24 58 63 10 72 90 64 75 43 55 21 45 99 93 17 98 90 95 12 87 49 28 61 14 30 16 8 23 71 69 77 8 85 72 51 30 30 55 10 85 25 63 59 66 57 44 51 64 41 44 41 62 4 26 88 22 45 73 95 87 90 11 69 45 25 84 41 32 81 10 65 79 83 86 90 76 75 52 77 69 99 74 64 58 23 95 82 62 76 27 9 22 60 5 33 6 56 63 85 1 70 68 55 60 14 37 27 91 50 47 39 10 8 40 97 1 77 68 98 44 29 19 11 88 40 26 17 49 12 52 98 87 93 67 25 2 25 64 65 99 53 52 35 20 3 64 79 2 94 7 45 51 41 51 38 88 47 36 74 48 79 69 12 84 65 4 90 72 97 56 74 15 36 25 20 35 88 1 42 0 3 90 16 12 4 86 86 53 76 32 42 91 82 61 69 18 46 58 3 52 51 3 64 92 78 92 0 19 98 15 78 14 49 49 82 93 17 72 47 40 67 76 89 56 60 65 46 91 17 74 31 19 58 38 44 96 90 81 77 98 44 28 85 3 76 49 62 13 73 26 80 13 46 54 81 63 15 10 87 78 46 20 86 10 46 8 6 30 69 24 49 66 30 44 58 62 76 97 54 27 79 11 4 79 86 40 58 1 55 68 91 85 42 82 40 78 87 92 58 9 38 1 69 88 55 43 29 79 13 8 35 90 20 55 61 10 39 72 83 55 13 70 80 43 6 6 41 23 80 87 14 61 92 31 94 25 38 23 32 19 
49 89 61 10 91 89 22 39 21 61 28 82 92 74 34 39 59 38 32 41 54 27 30 0 79 91 48 1 7 89 69 99 24 84 57 96 43 29 74 38 72 27 45 63 69 12 4 97 96 79 25 69 75 54 83 90 87 77 43 56 3 72 60 7 50 60 59 67 54 46 90 23 82 33 49 87 38 57 24 35 99 1 89 75 53 90 10 14 45 73 98 79 14 40 95 97 42 17 73 82 51 24 53 52 43 79 4 46 26 40 38 1 14 20 50 88 98 85 26 75 15 85 33 51 72 89 40 87 55 56 4 17 73 76 46 18 5 16 21 38 70 89 78 62 15 27 92 12 3 98 66 99 11 85 21 85 67 25 72 17 77 0 46 18 39 43 58 48 95 87 48 7 97 18 51 27 58 30 7 89 2 52 55 7 97 98 9 82 28 89 92 91 29 86 58 82 50 46 90 8 14 58 56 10 73 15 8 66 27 54 44 22 70 73 90 89 95 86 55 2 35 70 87 92 94 89 75 64 16 67 7 52 42 0 5 1 37 96 86 65 87 13 21 46 47 35 18 12 19 52 58 82 4 59 4 70 4 28 36 48 60 14 3 72 76 79 90 84 74 3 96 24 19 77 95 43 2 58 21 47 58 7 18 68 58 27 30 96 35 89 81 81 42 36 12 83 32 90 21 0 56 34 12 68 77 84 58 90 99 5 25 87 39 64 27 75 25 29 39 80 52 2 52 68 59 46 88 31 45 54 54 98 2 62 41 4 58 54 66 83 56 15 61 6 44 7 55 63 82 47 51 87 40 85 91 72 99 58 74 17 29 56 67 62 69 83 11 7 24 58 27 78 50 1 45 58 54 43 42 76 61 77 70 80 84 82 54 15 77 7 3 61 86 58 50 31 55 43 56 56 45 59 3 67 9 75 65 55 7 52 52 53 39 34 99 57 8 61 17 22 28 41 6 53 70 55 10 62 35 68 97 85 90 99 36 61 54 58 33 50 39 45 38 68 93 23 78 83 13 16 3 29 70 2 6 36 10 86 31 16 67 81 99 1 49 47 17 19 92 59 10 16 47 35 74 66 10 32 33 80 73 99 87 75 55 60 76 8 36 54 12 19 8 48 69 72 73 95 29 75 
45 46 59 88 15 35 96 43 87 70 30 87 94 0 53 15 70 38 57 71 93 27 41 40 60 49 62 20 47 77 6 62 53 52 30 94 51 12 25 31 6 44 81 92 8 60 34 84 51 10 26 55 82 74 74 22 48 52 36 35 9 41 98 43 42 80 52 79 55 21 85 98 3 81 42 27 24 76 4 49 10 81 41 62 89 15 84 50 18 60 96 20 62 90 42 54 59 71 45 43 55 96 20 85 94 70 86 97 36 24 61 22 40 63 75 95 11 12 49 56 0 89 28 18 39 21 47 85 12 63 51 7 1 96 89 64 44 32 39 78 49 3 53 30 59 22 11 32 1 25 30 66 79 26 14 45 90 8 50 17 5 8 34 96 26 7 63 26 10 56 34 43 29 93 70 75 22 11 65 90 89 61 19 54 14 83 73 8 59 13 0 20 89 2 97 93 24 85 3 2 83 15 91 39 60 63 31 47 59 34 8 16 14 7 96 98 12 1 58 92 76 67 9 80 44 89 8 50 5 93 68 60 56 95 40 46 46 19 95 38 63 95 91 76 60 30 50 50 34 66 2 52 26 52 51 70 91 84 51 99 48 26 77 56 36 27 8 77 75 75 39 47 59 31 9 38 28 53 57 63 37 65 60 22 78 18 79 23 0 16 48 5 4 70 39 41 63 12 87 62 3 32 14 9 63 78 99 73 61 94 35 78 71 16 39 10 18 64 30 6 51 46 62 41 78 54 57 60 28 42 10 2 43 34 85 91 28 55 69 94 29 68 51 89 8 39 77 58 9 50 95 66 61 29 21 14 65 17 75 4 73 19 84 94 63 68 28 5 47 75 2 80 91 20 68 97 22 39 34 76 55 60 50 53 51 61 13 51 70 55 50 60 75 40 54 82 1 55 9 66 98 40 21 24 34 91 69 98 95 93 50 32 58 60 0 69 73 97 47 90 51 43 38 47 32 16 32 83 69 73 66 77 88 6 86 45 98 11 47 8 55 41 63 31 89 51 47 88 40 79 54 59 12 80 89 4 63 32 18 27 81 57 4 14 85 72 36 51 43 50 25 52 94 6 51 70 68 11 83 99 27 91 19 55 80 42 66 42 75 96 76 10 93 93 2 17 42 87 99 14 
45 27 67 1 80 24 47 48 66 79 78 28 18 5 8 69 47 63 5 20 92 81 93 44 22 40 77 65 99 86 54 25 86 9 33 68 65 14 92 5 95 90 18 16 33 58 86 41 72 81 48 12 66 69 62 48 96 44 91 4 98 55 45 30 97 84 94 9 59 32 68 17 92 21 92 20 72 0 60 40 87 20 65 68 67 56 96 19 38 85 60 60 0 26 3 65 24 55 56 67 62 65 39 77 77 12 64 4 38 57 73 3 49 93 50 6 16 52 42 76 18 62 56 35 42 13 4 8 78 64 14 64 70 42 66 94 92 94 87 51 31 49 36 92 96 7 91 84 67 74 9 59 12 90 36 29 15 80 58 48 61 12 34 69 2 32 14 30 80 73 96 89 81 2 63 57 97 91 71 87 12 18 1 71 22 66 70 47 80 70 65 30 56 82 11 0 87 56 64 84 22 38 79 46 18 0 20 96 27 45 56 5 55 75 65 53 59 69 14 27 60 49 60 79 84 76 15 67 67 42 7 21 39 13 74 17 4 36 66 87 21 64 82 9 74 39 59 64 62 35 82 10 72 47 77 40 17 84 35 54 13 5 82 10 43 3 28 60 74 90 23 34 67 80 96 78 73 23 39 4 2 58 99 19 88 15 12 19 21 83 10 84 57 55 14 13 32 18 8 31 12 32 52 32 26 89 51 77 87 33 35 26 29 14 66 9 90 23 91 78 60 94 51 68 79 46 24 30 90 79 43 0 56 93 6 64 74 83 75 44 16 89 72 35 71 25 86 94 0 44 47 43 23 79 56 46 52 81 55 18 20 94 44 21 74 92 57 74 57 84 27 39 40 40 61 25 21 74 59 85 72 2 49 41 53 44 51 87 59 84 28 72 16 98 47 76 16 15 41 61 30 50 14 24 49 15 75 55 11 95 82 14 69 64 78 6 83 13 73 70 35 82 16 45 61 25 29 15 44 11 12 10 45 37 26 48 40 87 24 61 97 0 79 39 62 27 31 42 14 23 28 68 99 67 45 13 88 81 80 24 69 60 95 76 65 25 74 75 37 61 51 13 43 74 59 40 79 56 9 68 31 60 97 26 2 61 80 22 44 11 13 93 4 89 27 91 52 17 0 85 
84 22 17 88 23 70 65 93 30 59 38 39 88 36 14 89 43 30 64 46 30 18 56 5 87 67 63 97 46 94 2 97 89 34 29 6 50 39 10 53 41 72 72 8 59 27 70 55 38 75 90 60 31 63 66 89 94 45 0 18 74 17 62 94 84 26 7 56 94 72 15 43 86 17 2 60 5 92 67 27 93 61 23 51 29 43 66 50 86 43 71 58 89 68 17 3 20 67 78 68 80 64 66 79 24 0 40 34 60 80 95 20 15 70 79 85 36 31 9 78 12 37 63 12 68 40 94 60 76 36 52 96 86 71 76 32 79 43 39 42 72 86 56 81 52 21 53 26 98 39 75 65 30 26 22 95 24 50 16 37 32 16 77 84 84 80 70 38 2 69 41 72 33 60 29 72 68 51 44 90 34 53 37 56 20 13 85 85 14 38 64 14 48 78 48 64 74 40 46 94 41 46 89 27 96 22 55 70 15 51 52 47 9 59 49 64 61 1 66 48 81 36 15 76 91 89 39 78 85 90 25 19 11 29 67 74 50 12 96 22 33 16 49 34 71 58 28 83 69 53 12 35 22 51 58 9 91 82 68 67 41 95 19 57 94 66 63 62 30 28 24 25 60 2 60 44 45 67 48 31 86 40 47 21 5 67 91 23 0 4 53 59 96 50 34 92 40 35 10 47 82 17 75 49 36 25 85 16 23 73 38 25 73 59 50 2 71 60 0 49 19 43 75 93 8 96 85 69 62 6 2 28 49 28 63 32 88 68 25 73 11 19 50 83 94 39 39 99 0 79 12 10 84 41 21 12 18 64 6 31 0 64 22 69 6 92 84 47 34 45 75 31 38 76 40 72 4 51 16 99 55 40 74 11 57 44 44 77 97 40 80 81 59 38 5 15 9 75 11 47 49 99 98 45 46 31 28 79 86 62 71 22 91 40 97 85 88 16 0 61 12 37 89 20 52 5 86 89 4 22 75 41 94 6 94 99 53 87 55 5 87 70 1 7 55 4 20 62 62 75 91 91 83 35 91 38 76 58 14 74 78 51 45 51 51 5 32 82 40 6 37 98 53 98 16 27 4 73 29 36 50 38 95 1 44 43 68 50 36 56 8 16 82 5 13 75 69 32 95 20 
7 36 48 3 74 65 91 62 11 5 69 94 25 26 14 30 43 84 8 6 91 54 35 18 41 54 80 22 93 1 10 38 3 73 40 19 81 99 60 1 98 59 26 87 49 18 91 12 35 98 3 43 92 48 2 46 18 23 38 80 42 16 3 76 67 26 15 79 65 71 75 89 39 30 95 92 82 98 58 39 40 72 47 63 1 38 88 13 7 31 48 36 62 61 59 57 49 26 48 48 33 83 93 97 90 81 19 26 35 56 63 76 76 58 1 87 53 77 65 35 87 41 69 30 8 29 80 96 47 35 1 54 85 30 67 62 22 72 35 27 63 50 33 47 78 55 68 34 98 50 12 27 27 41 50 68 26 8 43 11 31 41 46 94 27 64 63 67 44 56 16 32 48 73 30 77 55 17 72 40 39 70 24 85 83 64 52 9 59 82 80 22 24 10 48 19 76 96 41 72 7 0 18 22 51 16 27 13 78 72 80 5 34 40 42 42 18 2 50 50 66 84 20 97 7 62 82 38 97 3 27 26 26 40 79 10 62 33 21 76 97 12 33 37 31 97 95 5 85 3 23 11 86 60 18 81 26 68 55 35 43 96 69 39 13 47 30 66 25 13 48 6 70 87 60 54 8 50 79 41 37 55 86 58 41 3 48 40 8 53 75 18 10 77 83 34 81 57 12 9 98 63 8 0 27 2 4 35 21 33 4 52 22 12 67 33 23 15 85 10 1 58 98 29 16 38 14 8 18 9 34 51 35 17 50 22 88 95 46 34 72 28 74 11 31 61 92 12 83 82 1 48 58 73 26 95 32 80 61 31 50 88 59 72 0 37 91 28 17 80 26 75 93 58 82 85 43 95 26 57 88 74 66 6 51 88 68 36 93 47 15 77 17 38 42 22 65 58 88 69 85 37 53 2 20 34 7 50 71 75 65 98 52 42 8 71 8 50 27 16 55 71 0 37 10 58 25 89 84 67 84 2 29 22 67 97 84 12 52 36 79 91 56 4 56 63 69 26 62 17 14 96 62 1 31 50 18 49 95 62 81 69 19 99 45 62 6 56 24 14 61 15 23 87 85 12 90 79 63 91 61 93 62 68 50 20 88 62 84 74 28 30 58 48 85 19 64 52 57 44 
35 95 37 6 76 43 10 50 69 19 14 94 37 58 43 59 96 81 6 71 46 25 70 89 92 91 66 37 3 16 25 33 58 87 62 86 81 46 99 51 63 89 32 8 79 29 42 13 14 16 3 12 33 1 0 54 7 76 98 79 69 47 3 22 14 39 24 50 69 57 58 51 47 73 16 28 38 34 43 18 15 68 89 1 58 8 52 93 43 97 73 7 5 80 60 98 0 52 89 96 18 70 94 82 80 62 72 15 71 57 92 52 24 96 7 70 9 72 32 51 26 71 84 19 62 83 15 31 48 13 32 23 14 28 36 50 93 53 79 27 46 94 86 72 30 0 99 94 27 12 15 6 38 29 34 92 30 27 38 48 72 33 71 53 59 55 13 37 46 9 81 22 56 39 81 71 57 8 86 47 7 76 41 62 18 83 16 16 44 94 11 50 10 31 46 99 22 37 76 77 44 63 27 44 41 83 27 49 12 95 78 5 5 28 30 78 28 77 6 99 57 45 1 26 29 12 20 53 54 0 94 40 18 30 52 86 44 20 63 49 80 19 55 36 56 41 2 48 13 54 27 33 8 0 78 86 40 20 98 33 87 96 62 60 31 80 48 48 60 22 41 8 33 57 59 40 38 23 29 83 10 23 66 41 29 61 92 74 43 30 10 78 98 19 29 6 95 47 6 52 81 70 93 65 57 22 60 99 54 62 46 13 30 46 94 8 99 25 82 52 55 17 66 33 0 32 85 86 78 65 48 34 33 34 34 46 59 41 10 47 93 95 96 83 58 53 26 89 31 44 44 63 85 95 19 10 15 99 28 58 67 65 56 78 53 0 95 69 44 28 98 1 40 20 56 74 58 30 64 26 85 96 3 96 98 50 50 6 31 24 65 64 80 33 36 36 57 88 66 97 28 39 34 80 54 66 29 24 87 67 51 5 0 10 6 8 54 76 62 97 53 86 48 40 41 16 26 80 96 66 9 0 7 36 14 41 10 46 79 38 73 28 59 52 7 96 50 38 8 21 27 96 20 48 98 29 36 67 62 15 50 95 14 95 74 14 46 3 24 47 34 7 28 56 49 11 50 69 11 4 26 75 74 14 98 42 8 76 35 34 25 76 21 93 63 78 30 84 24 68 
29 48 18 86 29 57 88 83 62 15 71 61 45 14 34 63 33 25 22 4 62 96 4 40 88 33 16 91 2 69 86 56 78 83 7 45 98 72 89 68 14 60 19 33 26 41 34 0 70 97 50 96 54 87 26 13 0 30 19 58 1 67 23 23 6 5 21 9 85 14 35 44 21 73 18 71 42 51 40 92 73 68 17 24 93 75 45 82 83 11 1 29 50 59 63 80 84 5 5 14 48 17 62 67 26 6 19 78 18 14 81 94 82 15 0 47 97 74 42 34 88 33 41 25 76 98 80 37 51 15 21 76 3 10 33 39 39 28 10 94 46 22 71 30 76 85 5 47 78 0 20 47 79 39 71 82 74 91 81 41 36 29 97 40 5 32 30 11 64 79 68 59 63 29 74 2 40 24 6 24 7 73 15 52 43 69 56 13 56 61 26 90 85 25 28 0 10 47 11 63 7 11 88 5 44 76 51 88 55 73 80 50 21 41 24 52 23 78 87 98 50 77 96 99 26 82 26 46 47 68 49 45 15 27 55 57 9 12 58 36 24 82 8 97 79 24 55 21 56 84 89 81 30 75 94 23 11 62 17 93 78 84 52 51 67 24 9 92 10 33 89 35 4 7 54 43 85 82 41 8 31 61 52 5 36 54 17 56 96 68 57 92 66 62 87 18 36 94 44 66 99 61 51 1 42 4 11 63 71 8 89 68 17 17 41 31 14 69 66 78 88 44 23 12 47 51 78 57 71 44 54 77 13 79 77 12 1 80 25 48 26 58 90 56 85 58 48 5 94 14 53 71 16 76 48 96 91 58 17 50 97 29 75 71 54 86 35 69 94 95 62 92 23 38 84 50 44 15 90 97 0 17 37 1 71 29 30 78 63 16 14 46 74 76 32 6 78 2 65 51 43 49 57 65 30 78 39 50 50 10 40 68 39 9 52 38 97 53 34 76 20 60 16 60 2 71 92 8 91 80 94 92 22 73 76 9 65 82 33 27 79 44 26 10 90 19 42 0 54 84 52 74 74 96 26 14 33 32 55 73 56 7 48 15 25 2 92 73 33 88 17 68 97 43 85 61 11 73 68 79 77 66 79 67 24 9 32 68 16 11 50 24 37 17 34 35 64 0 58 70 
74 6 71 70 9 34 13 90 3 70 91 24 19 46 1 85 3 26 25 60 34 41 9 0 9 83 54 69 30 77 13 75 64 11 44 26 96 55 41 41 0 53 33 7 72 46 24 37 19 92 16 1 92 37 20 74 49 94 21 77 23 14 30 13 36 16 97 9 94 67 24 9 1 79 6 41 23 33 2 65 43 76 94 59 27 23 14 55 25 9 83 42 58 46 73 28 92 38 63 67 92 97 12 69 20 44 0 4 87 91 13 22 22 20 84 80 32 17 15 72 86 36 82 34 51 53 24 62 69 36 25 12 90 33 15 85 19 69 30 96 22 18 8 52 97 46 36 18 96 56 24 67 61 6 53 63 63 34 44 34 20 13 41 6 28 15 4 65 61 72 26 1 91 26 92 93 44 93 26 29 83 93 22 36 95 30 69 99 18 4 0 94 75 8 18 13 77 75 67 81 60 95 47 13 59 98 55 31 32 97 63 45 31 95 15 99 29 34 41 73 10 28 63 85 4 37 45 80 76 52 92 38 43 31 57 86 97 22 38 89 70 85 88 42 90 60 20 69 74 9 55 80 68 92 45 49 85 81 59 47 14 90 96 3 53 49 23 52 73 40 58 3 46 82 47 21 89 81 87 85 5 10 41 22 24 43 97 74 32 24 38 95 61 80 98 94 90 83 64 66 6 83 33 96 92 81 47 27 93 91 25 97 6 46 21 57 79 39 95 85 40 37 21 63 80 58 90 37 14 30 35 35 23 77 80 68 29 13 65 57 1 19 22 17 12 92 43 94 37 3 54 0 94 80 53 88 74 81 74 47 71 75 17 40 77 61 98 80 68 65 27 76 93 71 24 24 23 81 14 37 57 10 66 31 22 92 99 83 70 61 87 46 61 81 51 84 81 57 17 13 11 13 32 76 86 45 19 49 30 10 63 89 63 17 39 6 55 96 53 0 43 37 63 82 3 74 96 93 72 55 37 16 89 25 13 20 25 78 1 13 25 27 41 10 85 15 28 97 43 80 93 76 25 28 69 89 83 48 49 92 56 14 98 34 55 64 84 60 1 24 86 47 80 51 33 69 54 94 44 47 4 23 57 59 16 76 2 87 3 42 94 78 31 38 89 34 73 91 52 44 
90 46 40 22 83 85 36 59 83 31 27 47 65 34 9 60 45 18 15 44 84 36 40 96 60 36 69 28 76 74 62 12 22 40 10 41 60 76 29 32 73 25 15 93 19 22 52 44 53 13 37 88 42 69 1 92 35 26 86 34 30 42 60 67 88 71 56 30 18 67 6 21 40 17 79 6 66 63 27 34 71 86 46 63 96 51 36 73 83 65 86 92 31 91 92 74 90 23 5 14 73 35 40 46 56 7 3 50 98 16 99 6 26 52 56 54 85 32 24 98 9 78 23 56 14 83 39 76 3 10 64 65 17 35 4 44 32 68 29 92 50 9 4 34 28 45 59 61 38 6 26 39 55 24 41 20 39 92 14 83 59 47 82 65 17 81 33 33 20 37 88 73 4 54 61 6 46 89 23 86 2 99 51 72 65 2 64 73 79 70 38 91 43 56 16 8 16 94 83 39 61 80 34 17 20 88 30 56 94 71 85 86 54 28 91 23 2 63 12 87 92 33 26 7 75 93 78 19 45 7 19 44 38 14 15 71 18 26 14 25 4 27 25 97 30 3 62 85 70 44 63 9 89 41 93 64 51 9 2 70 14 30 64 86 71 24 81 43 46 74 71 38 31 51 77 98 42 61 83 1 26 42 52 25 25 29 43 96 58 40 5 66 47 21 45 41 15 4 16 68 1 40 80 56 1 48 4 23 61 92 62 39 53 92 49 21 88 30 60 26 64 53 79 4 47 29 33 12 7 5 45 57 30 57 53 85 0 16 92 48 97 33 54 41 87 49 56 32 10 42 36 88 64 72 48 24 45 53 98 50 74 47 99 49 65 69 55 58 26 71 94 53 69 54 23 10 87 87 7 41 47 25 70 48 11 13 41 29 37 2 8 87 14 72 82 18 14 11 12 38 60 59 36 29 53 99 66 34 57 70 98 10 10 75 30 39 30 31 60 58 26 74 24 78 12 71 24 98 48 0 39 66 38 75 66 2 56 90 16 67 86 50 8 88 11 11 95 21 65 31 99 1 17 5 47 59 49 37 0 20 86 50 10 60 6 70 51 94 64 15 94 51 52 97 29 23 19 2 54 31 30 97 53 80 60 30 28 7 81 25 49 59 47 7 2 39 35 97 87 3 
48 89 52 22 39 67 40 7 23 60 19 67 8 64 14 26 86 10 96 74 50 97 8 19 81 45 0 18 69 69 89 68 63 12 21 19 20 36 9 95 16 61 85 67 92 38 44 33 42 97 42 10 15 35 26 15 78 39 33 38 29 91 83 89 57 90 25 58 74 51 34 97 82 93 68 91 91 58 89 47 40 72 70 51 1 30 38 34 60 94 29 75 4 14 74 50 38 83 87 26 25 10 66 99 65 84 23 59 12 51 80 28 21 48 24 9 24 90 29 62 82 21 78 65 58 63 43 82 12 96 97 90 70 17 72 42 10 99 24 31 5 41 26 12 40 95 29 54 44 83 49 69 47 47 72 51 35 60 98 30 73 87 24 89 44 67 67 8 76 16 13 83 55 72 53 30 30 73 99 2 61 83 22 98 42 46 9 42 37 14 15 81 84 67 89 43 73 37 51 74 99 62 1 77 58 33 30 21 65 3 25 37 86 7 4 69 91 19 40 20 43 39 16 10 59 16 45 4 58 48 19 29 19 66 43 99 12 44 48 85 34 29 38 43 57 77 19 91 93 93 40 10 73 99 26 69 18 56 95 14 75 7 70 55 85 1 56 81 27 36 82 13 11 72 56 18 34 49 95 25 28 45 56 11 39 80 49 15 83 98 85 51 33 72 76 11 91 81 45 6 46 48 66 45 70 35 56 42 92 49 11 40 78 59 65 99 75 73 86 91 58 32 48 53 85 48 44 24 37 13 79 42 93 26 54 98 97 62 72 82 1 53 5 40 54 28 17 16 54 41 19 82 96 56 94 54 87 40 44 46 96 98 95 85 99 42 72 59 27 2 65 3 76 52 60 59 84 3 38 17 83 25 63 30 5 98 87 44 55 9 22 63 36 52 52 32 11 94 30 93 1 82 47 9 9 77 64 91 27 55 4 13 95 14 65 36 37 44 45 12 93 45 22 96 78 47 46 68 95 28 26 30 15 55 39 93 51 77 54 69 33 41 97 63 96 23 70 31 57 25 44 32 0 3 13 55 43 4 24 30 66 38 70 11 5 13 34 45 52 21 90 11 4 92 80 10 30 49 2 37 20 30 83 5 24 91 51 48 53 97 85 2 24 16 52 68 19 19 60 19 
72 60 69 73 43 31 93 55 34 27 86 47 23 41 46 30 74 88 79 62 11 59 11 98 66 45 92 56 14 92 33 78 14 39 40 52 66 37 6 60 0 21 87 25 87 66 88 41 44 37 79 57 38 10 19 43 86 36 84 94 12 98 54 96 29 6 40 14 43 9 8 4 62 95 94 76 48 1 17 26 48 39 54 47 86 13 19 87 23 63 80 10 92 87 76 9 8 34 99 80 12 4 51 99 46 43 97 50 81 71 69 20 86 80 12 4 74 18 60 50 26 88 42 84 52 10 4 82 91 41 58 69 61 62 21 35 51 40 2 36 21 47 87 24 64 10 17 6 40 61 34 10 24 84 45 44 91 16 99 34 96 58 85 55 20 55 1 59 27 96 93 49 13 84 14 8 70 6 50 50 79 12 57 30 79 2 22 81 76 76 93 15 15 28 95 75 19 40 30 61 40 64 79 14 76 79 24 16 36 74 82 16 2 73 55 9 44 50 16 62 66 7 2 21 30 40 7 6 30 67 8 75 13 59 32 68 50 41 86 74 44 43 91 69 88 0 17 23 15 43 40 54 60 1 61 9 28 69 78 42 46 75 36 20 29 98 76 52 74 55 77 41 83 44 53 2 8 49 50 21 26 7 83 16 90 67 16 87 22 50 79 30 42 29 68 39 55 4 0 43 90 97 42 93 73 80 11 36 0 10 81 18 2 1 76 61 43 95 53 16 24 80 51 22 63 90 23 9 34 59 25 22 84 75 38 86 32 71 77 22 9 80 14 45 34 90 52 7 51 8 83 51 87 92 84 40 63 51 73 70 36 30 88 81 88 36 82 44 95 40 58 73 40 91 1 11 97 98 4 59 99 68 51 34 19 52 5 41 5 40 28 14 51 51 19 58 19 75 75 34 39 31 8 23 36 7 92 61 12 19 11 12 57 5 99 6 11 31 61 5 30 44 5 20 21 9 51 34 79 49 65 91 48 97 14 76 2 92 69 43 64 5 67 75 65 70 98 2 28 85 68 97 74 13 26 67 76 97 93 45 34 6 89 2 81 73 49 18 93 37 84 47 4 46 30 95 52 15 57 37 43 42 45 76 39 52 48 80 42 38 52 34 53 40 30 46 5 63 79 99 
24 32 98 79 67 80 35 13 49 43 53 43 57 79 81 32 69 87 28 45 88 51 46 92 2 45 85 18 80 70 89 80 43 3 95 94 14 60 20 25 35 50 30 61 32 89 48 90 4 69 73 29 20 47 4 3 35 14 99 28 99 1 77 14 23 34 46 96 72 45 11 86 70 75 54 31 38 15 54 86 63 14 86 52 29 67 80 9 22 65 0 25 96 98 38 21 67 20 96 12 97 89 7 69 44 92 85 20 32 7 94 38 16 31 91 96 54 58 26 15 33 78 31 8 98 47 79 46 45 86 91 75 7 27 8 63 31 72 94 25 92 61 96 79 5 84 91 90 82 59 36 76 81 80 70 90 40 63 58 4 47 86 67 85 89 76 4 62 61 65 60 92 14 66 57 68 27 38 94 60 35 65 11 68 29 46 12 72 44 43 77 79 56 96 29 14 83 68 14 6 20 75 9 92 30 83 12 71 43 73 29 48 82 25 89 32 71 82 60 60 86 59 40 12 99 45 65 90 20 22 57 84 57 58 40 51 81 61 13 73 48 45 6 5 24 61 24 51 68 38 82 38 41 96 96 41 1 86 68 37 64 6 71 25 88 28 13 21 83 39 14 25 30 69 27 97 51 36 30 37 15 51 58 13 48 58 23 4 90 9 94 86 1 63 75 34 31 10 85 54 52 40 10 42 92 67 14 2 17 89 26 83 72 36 29 16 55 48 31 94 73 81 85 52 67 80 33 9 29 68 0 93 30 78 2 41 94 75 24 48 54 75 50 42 88 67 5 4 90 0 4 79 36 9 52 7 51 60 49 34 1 18 93 40 83 39 33 8 66 88 83 56 95 15 3 60 44 24 8 81 94 25 3 94 86 42 45 90 83 9 40 98 0 94 24 17 12 72 94 52 17 69 15 64 77 39 28 78 38 85 77 69 85 15 70 26 60 44 27 74 60 98 97 31 66 36 95 90 26 64 73 19 80 2 82 49 18 47 48 22 94 62 85 3 77 52 22 40 52 98 66 17 4 13 95 55 99 14 93 22 20 84 74 0 59 0 11 91 24 81 38 17 31 13 33 25 19 67 76 63 15 21 83 28 30 51 25 43 23 4 47 36 12 26 32 4 51 34 81 12 
91 70 26 59 99 64 30 60 21 56 5 7 16 98 38 2 84 84 17 69 48 8 74 29 56 27 37 32 98 54 80 37 72 48 2 40 84 99 44 39 80 89 9 54 4 47 79 93 92 18 26 97 60 82 26 90 33 47 93 42 47 59 76 20 94 42 53 0 22 37 57 42 69 43 71 60 42 88 94 72 76 79 73 19 63 58 37 90 4 1 4 78 21 40 14 23 25 23 89 95 9 26 52 30 2 95 62 49 95 84 89 5 4 72 83 1 95 95 67 5 79 68 83 49 91 43 26 53 86 10 33 19 47 29 34 89 12 36 75 79 6 79 10 31 73 15 99 84 57 87 10 22 56 92 52 10 82 16 80 90 39 56 41 64 33 92 90 37 2 48 65 80 3 39 49 58 4 16 57 84 16 6 66 86 12 89 4 78 33 64 26 96 83 2 64 3 36 42 15 35 96 31 72 70 74 32 40 52 48 18 20 49 12 1 99 84 6 26 76 96 46 81 75 86 91 18 97 21 73 7 80 97 9 80 5 35 26 91 42 81 77 31 14 15 39 55 95 49 7 3 51 91 15 67 89 32 55 56 73 46 44 12 75 61 11 81 59 63 84 37 31 75 56 49 77 54 39 76 59 36 82 34 89 61 46 20 55 8 95 85 0 86 35 18 34 88 36 39 4 14 82 95 77 50 31 89 2 44 37 12 53 3 75 82 95 67 28 21 35 64 95 45 39 71 13 79 41 80 74 14 7 25 43 44 65 46 6 56 36 9 42 80 70 24 77 21 53 30 31 83 88 32 64 66 76 27 0 70 75 43 61 0 12 99 64 97 33 98 67 13 53 72 99 4 62 45 78 53 60 14 44 32 6 70 21 6 78 21 32 49 95 84 86 77 27 61 82 76 42 92 77 3 26 88 49 48 1 17 31 35 12 44 72 53 81 12 45 2 76 50 56 88 95 90 46 66 14 28 56 23 99 11 12 26 84 58 41 58 41 87 45 63 43 81 45 21 45 33 43 56 62 68 48 58 59 24 90 29 73 64 19 86 62 53 64 85 84 60 12 22 30 44 36 74 95 47 27 87 5 45 61 29 16 39 8 97 48 55 89 64 90 70 26 0 56 59 44 26 47 15 
70 34 27 27 3 28 61 12 9 21 51 76 41 19 14 14 70 41 29 59 70 49 10 74 23 5 36 74 97 67 4 19 13 14 38 72 85 32 97 75 55 30 45 51 69 40 47 8 45 94 77 0 53 54 12 75 23 79 31 76 69 81 10 18 8 48 2 97 59 63 70 83 94 97 93 67 57 32 35 4 7 0 60 61 77 22 61 26 15 24 93 37 77 19 45 96 88 38 32 75 29 57 30 90 56 54 29 43 29 91 20 95 68 90 22 22 26 17 89 29 44 40 32 31 58 54 30 28 92 52 2 34 51 59 73 98 81 64 88 62 88 57 23 45 96 51 98 92 13 69 76 57 22 86 71 14 32 76 69 21 99 44 7 77 6 32 66 93 82 51 72 53 47 45 8 29 90 59 30 10 4 95 16 13 7 21 73 10 68 66 31 25 28 91 82 23 55 49 47 6 58 74 86 51 50 62 40 83 23 24 29 33 12 47 94 37 92 62 27 26 71 30 71 52 56 7 49 20 63 89 80 61 45 95 79 17 64 15 78 55 72 66 90 2 95 75 45 48 47 1 90 57 43 67 43 4 27 21 30 30 31 14 61 23 3 63 77 45 78 44 90 50 1 88 29 88 70 9 42 60 58 37 19 70 95 39 54 91 32 83 39 28 7 72 54 25 35 84 13 72 11 88 84 96 13 10 33 13 41 27 72 20 76 86 63 83 6 50 43 79 96 62 84 0 4 26 66 46 60 94 57 12 60 54 62 21 50 53 25 44 26 87 36 63 32 87 88 3 44 24 36 26 67 69 10 1 50 6 97 67 88 97 56 10 27 36 63 47 81 61 86 96 45 86 26 34 64 85 66 26 74 68 92 43 63 29 41 26 20 69 73 15 47 89 37 81 47 14 57 77 53 7 53 32 90 47 23 57 13 37 90 52 20 97 29 96 3 29 28 27 93 43 31 70 44 54 15 76 31 37 97 11 21 26 69 42 25 91 84 73 99 76 75 14 96 87 60 22 16 26 99 78 99 40 88 90 87 47 22 72 17 70 94 93 71 17 74 12 85 13 55 22 67 67 37 89 92 43 99 44 95 95 58 81 24 89 52 60 37 82 18 14 96 13 59 99 17 58 68 94 
30 55 66 61 30 78 69 46 15 27 3 30 47 7 28 68 12 52 76 64 49 95 45 55 19 65 52 53 85 8 7 16 33 45 5 79 5 86 1 39 30 77 61 31 56 90 15 5 59 86 67 1 60 52 52 9 97 21 62 63 64 81 54 94 55 10 27 90 63 23 2 86 95 87 34 54 88 16 66 72 98 56 16 40 63 9 5 33 72 64 6 33 58 17 23 28 7 27 91 83 90 88 11 67 25 24 60 65 55 46 72 73 18 26 89 24 11 63 30 55 47 38 25 25 5 77 1 95 90 18 67 62 8 72 91 49 5 32 74 14 41 56 62 85 77 52 5 61 82 57 73 87 90 10 67 75 64 7 24 51 16 75 56 63 84 74 57 0 3 14 6 15 17 5 12 81 71 95 37 90 53 6 1 49 73 19 66 76 30 94 1 34 17 3 78 22 71 21 51 83 22 49 7 84 18 12 5 77 97 20 43 87 13 4 43 94 54 10 89 87 23 22 12 75 92 68 63 4 91 13 44 37 50 80 51 42 22 91 50 77 48 30 45 37 91 7 8 8 70 83 19 60 38 78 81 54 98 40 21 34 35 77 75 35 78 63 82 85 2 10 39 49 24 57 23 31 82 99 54 27 39 67 19 46 72 25 89 43 28 75 88 79 21 22 81 7 10 31 25 29 96 75 62 81 0 42 74 59 32 47 13 97 52 10 82 54 94 80 2 96 75 14 50 18 85 26 89 46 7 32 7 79 64 11 7 29 36 81 89 55 44 95 60 16 31 9 57 5 78 95 56 6 69 55 23 16 13 3 38 95 54 39 66 88 62 67 63 27 68 93 48 30 22 99 83 88 22 71 55 37 97 19 32 17 4 83 42 93 25 56 57 4 51 41 66 57 82 73 17 79 71 64 68 96 11 96 34 9 49 10 80 25 92 50 28 14 4 41 84 60 38 70 20 46 70 49 31 72 93 19 46 75 5 87 11 44 1 26 77 9 67 72 90 99 24 35 5 8 32 35 78 20 42 8 7 44 24 22 49 75 28 99 13 3 32 17 9 52 16 15 66 58 26 69 18 73 78 23 4 71 4 7 9 17 50 4 18 59 32 68 20 22 16 63 11 43 36 80 28 85 
59 53 90 60 99 79 44 41 93 77 34 40 95 52 92 46 25 20 44 39 37 72 71 90 40 70 2 84 80 15 15 18 77 41 39 34 68 32 24 10 48 77 71 50 58 59 94 51 53 53 96 85 6 4 37 14 57 35 50 9 71 81 34 8 37 50 64 0 73 7 71 18 34 63 20 32 27 52 49 24 63 8 51 16 43 42 71 89 48 42 50 64 9 91 76 45 41 17 6 0 63 59 30 95 73 67 49 20 79 77 68 83 97 47 46 74 57 30 72 95 82 53 25 97 52 62 83 10 35 29 14 25 72 55 57 60 73 46 32 75 66 7 52 26 61 79 31 99 51 16 46 9 87 13 78 46 27 10 33 78 55 27 28 50 39 79 81 56 98 98 12 27 74 97 78 77 47 91 93 4 50 45 18 77 62 80 0 53 56 65 99 72 81 23 19 25 20 64 7 35 95 52 47 13 27 58 36 72 3 45 2 82 43 35 76 55 63 85 68 93 10 79 22 92 85 5 57 91 51 0 52 5 75 10 66 51 99 58 57 85 2 76 98 17 87 57 8 49 36 54 46 44 93 95 51 1 26 8 16 70 88 12 13 40 66 66 87 63 33 21 56 28 73 93 98 23 52 20 26 51 12 65 38 16 31 24 15 76 92 28 8 5 3 40 41 45 82 97 73 54 83 99 36 66 37 6 60 2 63 84 59 1 92 77 39 88 90 57 20 92 8 49 56 95 15 69 76 74 3 77 32 3 58 58 88 4 66 61 87 85 21 61 15 24 36 28 47 18 91 71 45 49 53 30 68 78 87 3 69 29 44 2 10 91 8 90 26 7 53 72 97 84 71 12 59 13 73 26 30 72 33 92 31 69 95 78 88 43 81 32 38 63 6 49 68 38 20 91 71 56 61 71 6 1 30 0 13 9 26 46 21 79 2 68 66 76 33 25 0 74 7 81 60 39 72 56 80 55 32 18 89 66 45 61 27 84 57 41 55 99 26 85 65 68 36 34 18 27 95 29 23 87 98 96 69 98 27 22 63 54 89 77 54 60 85 43 40 47 45 24 24 84 66 55 70 42 81 62 86 55 87 36 2 86 21 70 75 82 5 7 26 70 93 87 98 4 18 2 76 66 
68 55 99 93 28 30 38 6 20 72 60 87 87 2 14 10 32 20 53 22 39 82 53 16 80 69 0 90 86 78 33 10 8 39 54 91 79 84 88 81 51 52 31 9 41 13 19 76 59 58 48 30 81 0 94 73 80 12 78 63 30 48 26 74 66 14 57 73 49 56 63 7 4 23 29 55 7 38 65 14 43 42 0 61 97 40 83 33 95 12 94 12 17 18 80 82 72 8 10 80 36 29 75 98 46 18 61 34 61 74 43 68 89 2 73 51 1 92 83 35 3 17 40 53 76 34 73 37 55 20 68 24 15 81 80 56 51 83 16 94 84 7 42 20 19 13 62 23 95 21 31 67 82 51 26 86 87 95 90 12 96 59 96 31 62 50 39 67 96 76 82 17 60 3 45 1 20 23 59 73 99 64 61 38 20 89 83 89 53 47 20 30 56 2 39 2 57 42 89 18 65 38 80 26 9 44 42 30 64 44 91 39 14 36 78 83 28 63 72 45 93 38 88 63 95 32 85 87 79 13 40 60 38 0 65 74 80 91 68 52 43 62 15 76 82 54 45 67 54 92 89 1 45 61 46 67 56 90 93 53 85 2 10 45 38 66 40 67 89 27 6 76 62 49 88 76 90 25 18 89 31 56 45 99 42 33 73 73 2 9 10 72 68 38 80 6 85 57 36 86 29 5 12 20 58 46 53 74 47 37 22 47 4 95 13 77 97 51 51 95 20 61 4 88 68 94 8 35 94 72 54 90 19 67 58 88 6 74 11 30 4 75 47 61 59 53 64 12 72 45 6 96 3 39 17 51 82 41 89 83 74 1 16 8 73 48 28 62 82 21 63 6 16 91 67 35 80 29 16 55 69 69 27 28 30 68 90 1 90 55 78 26 75 25 7 98 65 48 0 5 88 25 55 80 46 92 69 22 61 42 59 56 40 98 54 79 30 54 97 32 46 0 16 2 30 52 90 66 70 68 60 36 96 51 45 49 37 32 78 42 25 48 5 73 53 14 64 94 37 48 86 1 41 11 98 71 20 84 32 34 48 14 4 30 67 94 2 12 12 81 14 82 95 19 90 9 65 7 11 81 14 97 60 39 67 91 88 74 68 31 16 78 23 28 15 87 99 36 4 20 
23 65 97 67 8 60 62 47 97 26 34 61 17 77 67 57 5 99 57 21 94 15 23 80 94 20 87 86 54 99 4 2 23 37 52 69 54 61 99 36 98 19 11 21 88 28 52 55 31 4 86 96 67 91 17 23 58 57 19 82 21 25 33 90 79 39 89 44 26 36 99 70 25 15 9 30 30 0 44 58 29 34 80 22 89 81 68 74 92 17 70 90 66 48 75 77 56 86 52 91 37 46 16 76 2 0 26 60 52 15 35 71 22 78 67 37 65 89 5 29 59 28 46 75 82 92 57 50 45 77 65 37 84 41 4 78 17 20 85 28 80 74 83 4 77 55 61 33 85 91 69 45 16 30 81 52 65 81 4 86 28 39 21 33 59 50 98 40 30 23 86 39 17 66 78 62 32 36 74 92 54 87 86 12 27 54 84 70 52 96 27 15 65 82 75 25 12 84 8 60 4 26 78 52 20 4 15 49 77 51 93 99 41 99 98 91 89 85 66 35 3 59 35 23 30 63 85 68 75 72 33 87 25 22 20 78 99 27 90 1 12 85 92 53 4 21 57 34 80 50 32 63 91 45 15 32 2 13 48 56 76 65 0 52 71 92 13 17 99 48 50 74 92 51 41 56 1 52 91 32 4 14 15 32 54 75 12 13 58 64 23 50 89 65 0 23 80 41 99 92 89 72 83 43 65 65 31 57 21 88 72 4 12 77 77 27 18 35 47 71 81 4 33 25 12 25 47 92 13 96 20 74 49 74 18 45 9 76 0 76 99 79 51 38 39 30 81 77 88 90 99 26 98 86 38 67 50 26 50 56 13 79 17 93 55 95 50 28 46 22 89 70 43 45 47 5 19 73 9 85 4 65 70 89 59 25 45 0 6 42 84 53 89 96 72 64 72 4 97 67 31 92 18 26 95 43 6 54 16 72 96 12 62 76 13 3 73 55 42 67 73 46 9 41 15 22 31 56 63 67 18 42 2 62 77 18 51 32 14 52 96 34 62 12 24 45 96 19 33 36 81 13 46 64 86 69 62 80 87 45 51 91 78 8 42 11 83 93 25 62 4 18 93 43 86 81 58 58 79 74 7 91 39 23 86 36 2 36 56 45 77 91 20 20 52 93 31 97 87 41 
92 72 21 10 5 20 31 4 32 51 37 79 24 93 70 94 56 39 28 5 45 81 83 23 20 49 34 62 91 11 69 34 27 7 95 89 23 35 71 33 56 47 42 49 87 35 7 84 57 94 39 7 52 22 30 41 66 10 73 96 61 17 94 51 27 5 18 14 44 61 95 18 97 63 18 3 98 86 99 84 31 93 91 53 0 72 52 24 17 36 31 99 65 41 45 0 59 4 28 29 86 9 74 95 40 89 71 12 87 33 47 22 22 77 52 5 43 57 28 13 31 27 33 31 93 21 35 96 34 95 22 64 15 22 65 96 62 79 61 84 23 57 15 65 86 75 36 99 78 42 18 59 17 13 0 39 25 80 9 77 68 2 28 90 58 73 61 75 69 59 65 76 86 53 88 48 71 70 25 39 33 53 78 9 12 66 39 69 9 77 37 14 54 75 63 34 92 34 5 82 87 6 31 12 92 7 72 37 73 35 80 27 8 14 31 61 97 51 97 74 73 59 87 70 5 68 47 68 61 76 56 45 71 97 92 29 63 32 19 33 95 87 15 0 87 47 5 64 93 52 60 55 74 52 35 39 39 35 69 5 21 93 95 76 89 16 88 98 81 11 55 66 74 99 61 86 97 25 10 66 82 34 72 13 53 14 47 61 93 8 82 37 49 24 28 10 45 58 8 59 17 58 27 68 96 15 9 29 99 12 55 41 42 8 30 47 79 3 36 40 4 87 87 50 17 23 55 56 82 81 77 33 51 92 78 64 67 80 22 22 62 14 70 60 6 8 10 68 92 79 64 6 31 35 90 98 18 25 47 60 65 4 97 55 11 67 43 99 95 23 25 94 78 69 13 60 14 44 14 57 47 58 29 46 88 17 60 86 24 83 78 46 8 79 16 15 38 30 40 3 34 4 27 99 92 10 9 68 77 66 27 72 12 4 63 25 76 67 23 96 88 87 75 62 11 80 61 92 63 5 8 29 51 89 82 83 65 52 7 2 85 83 17 63 39 32 20 18 99 72 89 24 6 52 46 41 49 48 12 70 8 77 22 74 7 58 86 56 39 41 98 7 90 37 68 9 39 87 29 12 62 61 42 91 33 17 67 36 28 33 23 75 8 80 54 73 69 86 48 65 
50 60 60 71 31 2 12 31 82 65 46 91 6 31 12 47 31 80 58 80 62 20 42 64 7 7 49 15 90 65 22 55 96 99 63 95 76 52 42 20 26 78 57 93 7 40 40 32 85 28 52 80 68 60 30 31 94 98 62 30 38 33 98 73 23 98 67 62 21 90 43 53 87 55 38 68 65 52 12 9 88 2 56 17 83 77 99 59 16 29 27 46 70 15 62 7 35 57 28 81 18 16 41 74 61 78 72 87 76 98 35 56 92 95 50 56 60 23 89 27 4 91 48 39 4 77 93 4 71 4 58 71 99 79 66 80 4 51 15 67 25 49 68 59 86 73 36 49 18 50 41 53 51 93 31 67 88 20 34 63 30 57 44 61 65 58 95 28 49 2 61 33 3 68 29 26 30 64 47 52 56 53 38 69 67 8 0 20 79 70 20 51 23 95 52 39 87 76 47 82 7 73 73 66 46 38 38 44 29 92 63 22 53 44 74 48 55 83 38 92 39 26 28 14 22 57 81 94 61 82 95 24 29 42 54 42 40 9 75 68 43 33 4 4 31 53 95 31 52 20 58 93 59 98 81 10 61 99 29 12 94 5 70 67 21 67 92 54 80 65 3 60 23 73 20 70 45 71 39 12 52 18 81 61 39 13 33 4 24 24 20 92 61 49 47 34 83 4 33 20 70 5 67 94 17 65 71 67 52 61 19 35 3 94 5 85 66 14 8 1 16 40 89 23 54 85 92 4 52 27 37 20 28 57 31 40 10 47 6 15 6 64 15 34 4 62 68 49 35 29 35 18 14 97 48 94 86 6 15 75 27 70 98 88 93 91 59 85 40 45 26 0 90 52 93 39 67 94 72 63 69 2 86 13 34 95 49 75 4 9 59 56 48 0 41 26 12 40 53 2 33 7 57 60 83 86 24 1 75 23 51 16 43 50 46 8 27 43 79 41 29 56 67 15 99 19 60 31 18 74 6 64 36 60 98 6 2 0 11 34 63 3 27 48 55 83 62 56 44 81 40 62 88 69 27 55 42 26 13 73 82 94 10 87 23 63 70 77 46 63 13 99 89 17 4 77 78 97 71 84 46 24 37 55 3 25 40 58 98 84 92 22 38 66 10 76 34 81 34 45 
82 6 76 92 11 55 54 81 58 48 42 46 91 8 87 5 44 74 52 96 18 36 43 23 43 21 64 12 43 25 43 40 22 2 61 42 58 28 93 95 28 37 67 61 29 72 71 93 37 15 60 97 5 52 6 57 75 8 21 45 82 38 72 39 43 11 94 67 87 92 16 14 13 7 41 18 30 70 70 78 46 7 44 48 6 49 61 12 64 49 79 37 13 3 41 93 69 11 35 31 51 8 57 45 23 97 34 57 26 48 7 0 53 84 85 45 84 40 83 18 1 13 70 6 88 10 63 46 69 36 74 6 58 46 84 24 84 80 7 72 36 88 1 42 37 76 43 61 31 19 92 14 37 34 29 24 47 13 6 59 60 21 0 27 46 6 45 41 66 16 16 16 56 7 87 99 97 29 54 3 77 68 87 23 42 76 37 94 5 8 11 76 0 46 50 26 63 26 58 48 97 87 7 34 3 70 99 8 57 86 70 4 74 43 4 46 95 54 92 57 37 77 15 67 68 44 25 83 60 76 29 71 56 82 17 52 85 31 76 9 76 63 5 3 62 66 26 62 47 58 11 63 96 94 95 53 92 27 76 10 89 8 74 16 40 28 82 96 47 81 61 96 67 68 69 85 5 76 90 52 41 37 37 15 93 55 82 47 19 30 82 47 82 63 62 85 32 78 25 20 3 43 24 9 0 98 83 47 90 51 26 96 42 18 16 24 23 55 37 53 13 88 41 17 91 58 15 35 9 91 61 15 55 34 0 16 30 30 50 51 25 39 52 23 6 64 49 11 85 28 55 71 60 36 23 5 51 20 13 59 86 87 8 21 60 7 66 77 34 25 43 92 75 30 24 13 41 61 87 57 45 64 90 14 51 40 43 9 36 51 61 25 25 66 84 23 64 38 5 75 19 37 84 11 9 14 25 89 97 52 53 35 84 18 4 62 55 23 51 86 31 50 6 79 37 35 99 51 65 65 46 67 6 85 61 94 95 78 20 42 54 86 83 54 37 82 47 88 10 17 68 62 11 17 10 23 91 49 54 22 89 73 93 26 57 88 68 5 36 40 45 86 33 33 78 80 27 75 5 51 84 88 54 13 17 6 49 88 0 65 97 61 73 45 92 55 31 37 37 16 
66 37 41 73 12 25 66 40 94 2 29 61 23 74 20 37 32 89 54 77 76 29 82 52 93 65 31 84 0 47 7 50 45 92 96 38 24 25 53 92 92 27 58 1 51 53 75 72 28 99 12 15 97 29 7 46 77 91 75 2 73 49 8 22 85 26 79 25 55 73 42 2 31 34 48 10 83 55 33 95 60 65 26 15 35 12 90 30 91 29 18 99 90 20 5 43 71 21 31 74 78 6 64 70 64 6 38 34 55 86 18 49 8 10 92 25 84 50 10 98 5 1 27 44 87 40 41 75 98 57 62 45 83 84 81 80 76 17 50 81 39 35 6 59 2 37 54 73 83 29 2 93 91 53 2 4 92 86 51 86 59 73 34 11 17 25 7 26 71 60 25 79 62 77 67 32 27 52 82 27 79 57 93 71 10 25 99 34 68 24 18 43 76 64 31 79 84 20 75 10 27 81 76 13 6 38 37 36 95 0 30 95 19 70 89 48 36 35 16 9 17 38 7 62 47 31 38 52 2 3 15 51 69 86 86 56 39 52 13 75 26 17 37 54 24 54 2 17 79 96 77 30 46 34 42 59 22 19 87 97 51 88 51 88 30 95 74 73 67 55 49 94 25 78 92 0 8 66 89 68 56 25 54 45 27 7 65 55 10 67 28 79 93 41 68 17 2 29 60 4 27 20 35 91 20 94 87 16 55 40 11 88 19 61 71 55 56 5 85 30 63 93 43 74 79 24 44 93 71 1 69 52 24 59 46 39 62 44 32 10 34 1 30 1 92 50 76 14 8 40 89 4 60 45 6 77 13 71 91 36 75 60 24 18 48 89 75 31 55 96 57 31 47 89 67 15 3 15 9 48 89 42 86 32 82 8 20 0 21 85 6 57 90 43 92 9 93 64 72 80 91 10 6 45 73 71 56 31 37 4 18 58 39 92 35 35 33 69 32 12 48 40 89 91 71 7 56 25 2 54 9 3 99 40 78 85 20 13 24 28 64 92 60 23 71 19 59 78 89 34 63 15 34 56 97 5 49 17 34 30 40 87 1 7 79 52 96 68 76 31 25 85 90 16 46 8 21 12 45 41 82 33 20 3 52 38 28 53 92 20 31 27 27 94 18 84 3 73 0 13 
48 70 88 12 64 72 58 87 12 51 49 42 13 31 57 0 80 27 49 7 7 82 24 65 10 28 65 3 42 75 37 66 98 50 97 46 47 83 69 46 32 70 82 48 54 47 2 24 24 0 78 6 50 16 52 60 57 70 38 2 92 80 74 64 94 62 73 49 53 45 93 63 14 90 65 99 57 67 44 31 72 39 16 17 72 34 97 22 53 81 38 67 53 83 12 64 96 89 83 13 61 43 4 40 46 93 4 50 48 72 78 77 30 15 64 70 22 99 16 41 16 40 49 66 58 79 0 45 45 61 15 56 20 90 85 41 29 57 26 76 69 31 31 79 33 45 92 65 57 70 36 48 53 38 19 36 18 5 9 11 31 81 96 94 8 19 50 5 50 6 12 82 35 6 15 65 3 6 88 35 45 26 36 25 60 8 79 48 18 26 41 24 85 2 95 23 97 52 72 74 78 63 55 69 54 76 0 97 83 12 29 73 67 3 7 33 22 54 32 16 97 76 33 89 6 95 56 29 22 16 53 77 41 92 23 65 70 17 28 50 78 81 88 84 34 75 98 99 69 9 57 55 67 1 6 91 8 38 20 51 46 54 28 99 9 95 73 57 56 22 49 68 6 44 54 67 14 7 48 35 44 99 10 48 41 71 25 62 12 29 69 1 83 36 70 28 91 86 22 23 64 50 7 23 75 29 82 49 67 81 32 83 91 36 84 68 62 21 3 53 82 43 44 1 55 3 90 78 65 71 6 50 89 18 94 15 26 80 79 4 95 66 57 36 85 37 19 14 54 55 60 31 5 8 3 31 86 77 81 23 23 90 20 37 16 13 86 54 94 99 30 41 39 17 73 74 1 42 38 82 90 42 16 98 1 5 24 17 28 54 88 1 47 70 23 1 46 38 83 59 23 9 82 33 28 52 88 68 19 33 48 91 59 62 29 38 29 42 28 55 6 73 85 1 73 3 98 11 79 46 69 2 56 5 88 79 91 90 26 80 22 26 73 32 22 39 45 41 80 38 70 94 6 24 73 90 84 65 88 60 87 76 13 89 81 95 63 4 36 1 48 16 89 65 54 66 22 84 67 4 8 14 85 86 1 91 27 26 47 55 71 85 43 95 25 53 90 0 62 17 
80 23 42 12 80 71 4 69 28 21 94 36 22 92 98 29 35 66 78 65 5 71 75 38 13 52 75 88 11 80 2 49 33 68 48 0 78 37 21 99 62 40 31 20 41 38 80 68 62 36 37 0 30 69 88 12 57 9 6 37 68 49 34 74 3 71 29 66 62 84 24 90 12 12 23 70 99 46 84 64 11 53 31 14 21 42 91 63 15 13 43 80 12 84 72 47 63 42 75 93 69 82 8 64 10 58 32 25 27 89 91 18 42 74 2 52 71 12 60 18 72 98 72 0 59 37 76 44 90 63 4 41 33 25 88 11 95 93 42 92 81 97 2 44 87 30 9 47 34 77 1 99 60 94 44 19 76 31 78 50 6 90 54 22 59 38 81 21 59 44 68 33 65 94 79 38 94 34 55 90 44 86 57 67 77 55 25 2 84 90 33 89 64 57 26 64 80 68 53 80 65 0 16 86 32 79 62 49 60 28 76 90 78 58 39 10 1 50 96 17 17 36 50 23 65 77 75 10 26 51 23 81 70 47 31 15 87 84 23 42 8 22 94 31 91 15 67 75 10 19 85 17 56 18 2 36 64 32 48 79 90 87 25 14 64 73 45 33 64 6 43 66 17 14 15 89 71 54 2 76 75 63 46 56 19 13 51 65 13 59 43 69 96 15 37 20 17 37 90 92 55 66 25 91 58 92 53 22 26 89 9 44 0 60 62 74 37 69 85 30 98 51 10 80 39 71 0 41 65 9 81 33 39 57 33 94 45 74 54 34 96 19 49 68 41 95 33 25 90 48 8 46 6 3 10 99 12 76 77 52 81 33 18 71 19 48 99 24 49 71 27 72 17 80 94 82 10 94 90 29 36 72 35 55 25 26 56 81 30 99 6 98 19 38 43 97 48 78 19 17 74 60 84 26 2 93 14 48 28 59 7 88 20 80 24 65 79 99 90 38 42 44 63 73 80 85 96 71 28 0 0 93 55 2 62 77 51 21 32 22 50 76 27 78 9 85 44 81 67 21 66 76 70 18 49 49 24 67 91 40 28 47 67 22 50 45 80 96 48 76 60 78 95 61 80 82 22 70 49 61 52 55 94 51 6 0 31 35 59 78 27 5 51 68 66 87 78 40 11 90 
20 2 10 64 29 1 39 31 83 90 85 26 15 85 68 60 13 8 28 33 34 48 12 37 43 68 21 84 61 8 46 40 47 55 13 88 90 70 76 64 18 2 98 76 76 85 88 63 37 89 25 45 60 62 23 56 49 94 30 13 79 20 6 68 55 74 11 65 58 44 38 72 1 44 59 95 37 18 60 30 30 21 17 23 26 66 94 84 23 65 64 83 50 43 79 63 78 86 64 85 59 22 49 4 60 87 34 31 6 98 68 67 0 60 60 26 30 24 88 69 98 3 73 73 71 76 97 92 92 1 24 23 16 67 10 89 75 72 72 16 32 32 39 14 25 60 46 48 84 19 4 89 61 90 65 64 14 42 15 75 62 15 15 36 78 5 39 23 20 16 15 99 10 42 90 47 20 58 71 29 94 0 11 69 74 15 93 88 23 72 51 96 15 91 53 12 27 34 1 1 2 46 7 28 14 95 36 81 67 47 78 1 73 44 58 58 46 66 68 68 33 66 27 99 22 32 11 12 54 96 43 34 52 9 30 48 1 9 12 56 24 38 83 97 95 9 51 17 41 83 86 73 26 68 25 15 95 17 52 87 62 57 23 78 27 68 84 77 79 78 25 45 10 29 26 31 69 11 12 87 50 2 72 87 79 83 70 18 80 65 28 22 14 14 68 38 8 29 9 57 55 68 50 50 94 56 32 40 90 35 57 10 97 19 22 16 45 91 37 17 69 36 73 16 91 2 19 95 48 9 85 66 10 87 81 51 50 72 27 74 61 60 86 31 59 76 70 93 22 20 1 68 19 49 72 63 45 11 19 26 5 44 57 81 96 8 89 58 86 37 63 63 45 59 22 70 21 14 56 72 30 17 72 52 49 49 96 46 35 20 1 47 76 5 8 40 74 88 18 6 73 89 90 15 77 4 6 32 91 83 32 71 75 65 93 76 27 54 83 85 13 8 17 14 59 66 86 90 94 86 50 63 97 96 91 27 39 28 9 95 9 93 90 12 79 52 2 66 77 38 14 99 74 33 98 42 92 19 10 39 31 47 49 98 51 44 70 62 57 58 8 56 34 58 64 89 60 76 32 83 12 31 95 32 57 12 16 58 91 88 55 51 60 86 19 24 17 44 80 43 
66 19 83 38 98 66 43 47 48 43 1 66 25 3 75 88 36 31 98 54 21 16 50 56 80 64 51 20 73 81 6 29 19 30 85 77 48 24 66 85 40 51 65 23 57 97 89 47 25 36 71 16 29 96 89 27 27 3 16 76 86 49 64 34 54 50 21 32 24 1 48 65 19 34 62 22 29 82 53 60 99 24 4 61 5 27 9 66 73 87 10 29 18 79 43 93 0 15 43 48 7 42 69 81 3 57 44 20 65 56 16 69 80 45 46 57 53 71 29 28 33 99 49 0 65 22 29 25 27 8 13 64 33 94 96 60 40 45 36 32 66 75 61 43 40 24 41 96 45 92 11 75 12 71 96 32 84 45 21 76 17 59 83 45 43 66 92 89 19 88 87 86 29 63 43 90 54 99 72 58 51 18 48 97 37 57 10 38 1 25 38 62 50 63 27 37 81 37 18 66 47 8 72 79 38 48 12 46 37 70 4 45 26 14 78 21 57 89 78 24 16 42 91 11 11 78 99 47 66 47 85 94 43 61 31 4 90 48 59 31 7 10 56 50 14 62 20 8 62 48 25 16 32 11 77 85 47 50 62 27 51 19 34 10 1 49 96 39 28 3 55 66 1 38 97 61 36 6 32 62 76 12 70 71 73 97 59 4 69 55 46 26 40 20 23 80 26 36 97 8 75 43 86 93 86 61 56 12 17 70 58 46 93 40 35 9 63 26 68 44 33 79 66 16 51 57 18 61 4 99 88 60 99 91 54 11 86 38 93 0 71 82 81 94 7 82 60 96 48 49 93 70 95 31 59 89 55 64 61 93 49 7 34 67 59 28 4 24 58 62 48 36 71 76 29 28 95 80 61 86 6 15 84 86 69 23 27 6 20 56 6 12 11 85 11 82 67 82 10 9 98 89 44 60 52 29 40 15 24 6 13 8 77 19 58 89 26 54 36 57 42 70 27 66 86 58 6 33 27 45 43 6 36 26 85 40 74 80 19 71 40 68 61 94 93 90 11 53 79 1 92 1 38 63 19 3 89 57 50 7 52 76 50 39 12 77 76 27 69 94 71 23 0 95 36 79 87 86 11 27 54 66 98 87 6 39 72 13 44 13 47 54 74 24 88 42 12 39 48 34 
49 82 40 35 60 7 79 25 89 58 37 72 32 49 10 71 48 64 30 65 97 21 66 83 89 49 86 31 10 24 19 27 92 93 93 9 43 27 90 14 50 25 33 17 44 71 95 69 81 83 21 95 3 12 45 91 28 35 49 52 68 10 81 82 54 89 67 47 85 96 82 77 62 89 44 68 26 33 4 53 92 69 14 91 50 15 73 75 49 96 79 2 78 31 26 13 47 92 15 23 4 86 92 45 64 15 51 77 22 19 50 52 31 63 59 11 94 29 42 2 53 22 13 38 44 61 63 40 28 45 38 79 45 77 2 59 95 2 26 11 69 82 75 8 15 69 48 49 92 93 73 20 84 36 21 54 62 39 61 94 95 4 37 11 17 78 4 48 32 72 65 27 14 44 40 66 91 90 71 76 25 62 9 33 98 38 31 38 95 80 32 31 53 31 91 52 85 39 4 21 61 13 43 40 85 86 15 14 74 28 53 5 12 83 42 43 83 98 72 9 38 98 85 5 26 35 3 14 3 33 76 59 6 35 37 88 46 22 27 10 15 82 23 84 42 17 94 4 86 30 21 44 12 14 21 73 7 50 16 46 7 1 94 37 89 23 58 46 37 59 37 81 73 49 62 40 2 79 92 38 30 91 69 23 95 96 85 93 50 9 56 95 20 62 0 88 85 56 19 28 66 0 34 37 88 11 16 22 37 96 98 60 58 1 61 6 63 91 8 40 86 70 65 54 23 85 57 35 48 14 53 15 88 64 75 46 80 68 99 24 12 79 66 17 56 6 40 51 7 84 4 24 45 58 26 68 6 21 94 58 47 96 2 72 48 49 53 85 29 74 84 77 37 19 8 10 95 47 18 1 17 25 72 36 62 30 43 12 59 97 86 33 87 20 11 41 1 19 7 39 86 20 14 72 69 53 95 92 46 62 56 29 58 71 22 76 28 10 98 12 42 80 65 75 31 41 73 11 35 8 59 78 40 1 86 0 60 12 20 75 55 10 87 76 4 7 67 56 70 62 72 68 75 88 67 17 2 4 25 93 49 53 44 89 3 22 87 75 70 68 11 94 67 69 30 96 55 39 82 3 96 26 72 61 67 58 85 24 45 41 62 41 22 73 90 56 51 15 53 43 
53 90 37 96 17 57 67 11 14 89 27 27 58 89 30 29 46 87 35 65 51 34 79 54 64 78 4 71 58 66 73 50 57 66 13 41 18 21 35 57 43 43 5 64 47 14 48 36 3 37 65 90 9 43 78 86 37 2 28 70 81 82 84 84 49 60 31 35 84 48 29 16 69 91 3 74 78 26 9 52 80 35 83 64 26 5 49 15 24 6 62 9 13 65 14 48 22 2 85 62 41 81 30 27 46 89 71 82 60 9 85 81 66 8 84 12 20 29 37 1 94 20 39 64 65 54 48 71 28 94 22 71 23 45 24 60 40 12 82 85 91 92 52 47 39 29 47 15 62 52 24 85 37 18 31 17 57 84 18 9 12 43 93 96 28 27 52 40 26 68 44 17 7 54 93 87 83 64 77 99 65 95 11 49 67 55 86 8 2 86 34 85 32 55 32 74 74 78 0 79 7 16 29 47 35 30 54 91 81 25 11 64 5 65 72 95 27 13 47 57 27 93 73 93 66 95 42 31 51 81 21 4 52 61 71 47 43 57 91 23 15 84 5 22 45 64 5 95 33 78 20 10 76 81 71 8 3 63 83 19 49 82 47 5 48 55 56 22 44 63 35 57 39 2 52 20 75 90 14 29 70 72 30 53 15 3 19 20 30 0 31 42 28 17 37 24 69 95 27 9 91 16 29 28 35 96 0 81 30 93 19 56 23 92 85 57 38 84 0 22 11 69 99 91 30 90 49 94 60 81 48 36 21 78 92 51 54 33 44 28 52 87 77 93 65 19 12 85 39 85 68 83 74 67 11 98 69 4 91 96 47 23 62 99 86 54 2 92 9 41 63 13 83 38 50 0 92 43 77 30 36 61 80 85 86 20 4 19 55 30 72 3 42 84 69 85 73 79 5 15 45 9 19 56 70 55 80 81 52 97 89 38 9 24 73 3 32 30 75 87 6 46 75 78 52 24 44 8 39 68 61 9 39 24 26 27 97 37 74 13 95 6 62 19 71 79 44 45 19 68 74 51 7 34 14 20 88 37 51 58 99 3 87 1 99 90 34 34 14 90 25 76 43 21 13 12 62 75 98 11 88 93 5 46 36 51 46 18 11 26 60 11 2 33 8 54 74 41 71 78 
80 47 51 36 86 99 4 53 26 76 40 63 89 2 46 78 35 58 46 46 25 72 74 57 49 90 44 62 5 65 35 44 62 36 51 53 17 31 43 24 56 27 68 50 41 72 85 57 99 65 57 16 27 23 15 32 14 38 18 93 48 20 54 4 56 47 62 20 48 61 81 21 63 26 46 60 32 0 52 76 85 17 80 30 92 42 59 16 39 28 66 86 17 47 53 76 47 51 18 17 44 16 75 28 51 72 20 69 25 39 7 64 91 94 35 30 35 90 54 69 66 22 10 70 31 35 24 83 28 54 98 21 5 95 99 55 70 81 33 86 38 8 20 16 71 54 24 4 53 89 61 32 37 19 63 55 81 89 29 2 87 25 14 89 73 88 96 76 28 49 24 82 98 57 90 97 91 81 35 51 34 45 4 46 50 44 75 25 93 53 48 71 56 80 49 97 36 31 73 35 84 8 71 56 9 11 17 84 82 29 43 90 18 64 80 32 19 38 71 28 58 13 46 49 25 4 92 74 10 48 32 8 94 53 54 76 34 59 91 3 51 57 52 41 4 48 67 57 20 61 56 30 15 79 2 92 29 21 90 74 36 67 7 36 50 66 9 40 72 77 75 5 41 82 77 75 82 16 62 41 25 43 59 34 11 10 52 28 43 14 87 78 81 75 31 84 97 35 4 80 74 16 98 16 98 33 1 35 56 73 85 49 82 57 84 85 5 52 45 62 53 83 15 97 24 64 42 61 80 83 2 36 3 61 32 66 8 9 0 57 43 12 21 42 4 56 49 49 6 57 40 95 53 87 55 6 81 5 65 65 72 9 49 67 3 96 91 3 32 19 2 23 73 34 5 5 46 18 54 94 73 2 48 98 10 66 94 82 10 2 72 71 77 94 43 27 14 77 68 17 73 51 11 64 60 99 20 99 38 61 34 55 3 81 33 94 43 77 96 41 18 43 87 89 42 95 89 13 68 23 95 16 96 19 85 20 97 43 10 20 20 36 98 19 82 92 87 21 81 81 33 52 73 8 28 63 74 59 84 51 92 69 52 45 5 70 91 63 30 70 90 58 44 31 71 18 55 96 82 34 28 29 76 11 82 0 61 26 48 98 78 66 57 10 30 17 34 99 31 36 
47 23 47 15 56 61 90 44 13 83 27 56 12 9 77 60 8 34 13 40 56 36 16 1 38 83 29 33 24 97 18 36 46 81 61 44 61 29 25 56 5 86 61 44 32 27 57 62 83 68 85 85 33 89 68 25 56 40 13 23 82 27 22 74 66 15 39 43 75 80 54 97 95 36 94 64 12 44 79 45 27 11 72 60 40 68 64 26 49 79 75 60 94 87 7 25 83 23 26 57 1 49 40 39 74 36 79 7 54 86 3 66 78 13 19 57 28 2 52 94 65 79 45 1 88 75 37 6 12 97 44 97 98 43 15 83 67 60 16 76 34 66 49 72 61 23 71 7 89 12 35 16 89 66 65 91 23 71 13 92 96 37 30 26 8 12 8 42 10 23 20 58 32 58 5 53 98 76 4 44 53 14 99 64 38 16 90 50 0 78 54 15 91 38 13 0 66 14 55 87 69 7 34 38 90 12 84 19 20 87 81 44 55 52 89 41 30 92 89 83 66 96 94 23 76 46 56 92 80 44 15 78 58 49 25 40 56 6 70 16 82 26 29 14 57 11 12 18 17 66 18 72 39 86 99 51 41 20 59 76 6 23 68 41 69 50 33 41 74 95 15 38 36 16 37 94 47 45 63 75 34 34 69 83 29 1 67 71 8 35 74 41 14 64 57 1 96 46 60 21 23 51 46 40 94 6 25 78 16 43 70 96 74 46 33 35 78 57 33 53 86 25 88 81 75 51 98 85 76 26 39 49 19 24 98 50 49 1 25 70 22 37 21 4 34 90 97 56 72 99 69 95 82 42 34 55 3 74 85 65 96 99 43 91 30 87 65 78 49 39 21 65 40 87 48 42 78 26 85 65 47 35 50 95 38 24 69 7 93 61 9 73 77 74 54 35 75 20 0 92 13 39 91 72 7 73 99 76 80 58 72 60 84 85 21 78 20 33 48 10 18 12 71 17 37 59 81 13 12 37 51 58 10 15 22 55 34 6 93 69 77 20 24 82 43 70 68 92 33 83 63 11 99 84 40 37 83 66 54 59 93 44 39 43 70 88 5 88 40 12 49 62 51 40 18 9 53 65 87 1 76 93 51 21 39 3 60 75 73 99 68 87 84 13 27 52 78 29 97 68 
18 12 66 55 53 16 71 34 66 17 65 81 92 81 39 99 12 70 14 91 71 38 47 37 26 3 44 61 38 76 57 44 69 51 74 51 30 90 19 49 71 15 82 41 61 95 70 52 45 0 62 65 30 17 62 20 94 54 77 80 24 12 34 20 68 34 59 51 21 49 50 5 88 52 46 68 44 55 96 91 68 11 48 68 28 53 86 71 79 20 79 1 59 69 32 67 62 25 66 46 22 35 72 52 46 48 73 33 11 42 8 32 27 44 35 54 44 18 68 63 70 24 12 98 90 94 53 5 30 25 65 27 36 34 22 81 35 68 85 83 88 85 15 96 44 4 10 18 93 32 45 63 94 94 55 55 69 95 68 58 75 61 21 59 23 85 29 58 6 79 92 55 15 84 29 26 58 45 61 14 3 97 24 92 14 65 18 60 71 17 13 40 80 35 68 12 8 97 62 67 23 18 19 93 76 22 25 6 77 10 46 23 30 46 95 64 93 73 95 81 48 73 36 75 70 12 70 51 51 47 9 83 71 68 19 33 90 16 5 90 62 24 75 75 56 81 54 60 40 84 86 47 53 66 66 60 27 46 7 1 69 41 59 87 64 22 28 68 79 69 2 52 7 45 79 2 4 60 30 29 76 40 59 84 65 2 69 69 78 33 84 34 97 21 20 64 52 98 41 1 66 34 42 56 7 86 27 13 43 64 57 69 63 7 97 40 56 5 9 7 84 38 88 56 63 89 22 42 0 36 86 21 30 66 14 51 17 98 34 24 31 2 42 73 31 87 98 2 9 17 84 69 55 26 48 69 11 62 75 6 66 76 67 75 1 1 90 9 51 93 9 58 66 83 30 48 40 6 28 29 47 43 41 89 25 57 11 22 37 36 17 20 42 25 77 15 62 62 3 37 56 53 98 76 93 29 70 35 89 22 5 67 92 80 14 94 22 39 23 24 72 59 74 1 98 16 63 28 38 66 93 44 63 5 35 88 99 90 68 26 16 0 57 97 46 73 38 95 62 15 16 15 67 79 56 17 73 82 62 49 41 89 93 14 5 32 46 73 70 52 42 62 22 52 14 83 33 50 39 39 74 57 26 93 73 27 30 72 69 91 85 60 70 92 81 12 36 75 86 44 
98 96 14 87 85 67 75 28 61 0 16 65 35 0 56 82 63 13 99 52 94 66 90 22 73 97 81 74 9 76 76 28 40 99 51 73 22 93 93 71 88 72 54 53 34 2 72 13 8 26 9 14 87 74 37 18 60 85 74 38 38 2 39 55 56 67 52 10 57 25 23 4 47 72 74 90 26 61 37 52 66 7 46 96 2 75 28 3 79 55 76 27 93 6 47 5 67 11 32 32 2 59 14 1 29 95 9 55 17 80 9 97 53 89 50 54 39 10 91 0 47 72 66 44 48 15 3 85 73 25 86 27 9 58 48 28 22 67 81 63 83 90 89 14 9 61 21 86 93 75 64 43 37 11 20 55 4 65 17 46 82 66 4 23 46 88 38 69 24 14 99 72 58 64 70 71 28 49 0 1 69 20 43 69 14 1 21 17 13 53 30 10 2 89 98 66 76 95 15 90 90 19 79 1 94 22 9 37 32 70 38 63 49 28 80 61 91 57 67 3 94 59 70 31 21 10 97 86 44 27 17 35 58 62 76 7 83 49 40 12 25 80 32 67 38 91 5 79 1 90 85 79 20 32 56 76 44 9 30 67 83 37 68 69 79 90 13 98 99 91 1 7 56 6 67 31 38 18 20 80 51 75 77 45 87 50 85 14 10 17 82 92 63 31 23 83 27 55 43 24 34 40 2 4 74 15 48 45 68 92 61 47 7 99 41 60 16 60 19 41 44 83 83 15 16 18 23 33 33 69 35 48 34 72 97 43 66 31 43 57 57 74 2 4 2 65 69 28 41 77 60 64 86 70 17 49 12 10 20 55 69 56 36 21 78 89 5 73 6 58 87 46 68 19 18 3 19 10 12 8 97 95 8 31 67 72 42 47 15 95 90 46 2 20 95 98 16 96 60 99 75 50 3 54 57 77 37 70 37 74 17 78 22 11 7 56 8 60 10 16 3 77 22 76 63 3 16 8 36 38 98 15 21 52 8 84 68 44 99 54 47 5 3 68 24 67 77 3 98 18 25 7 32 63 31 23 82 69 39 29 39 79 46 45 81 17 39 51 27 63 49 79 18 66 10 72 19 42 98 44 3 79 31 25 86 50 6 6 90 77 56 84 17 96 2 28 74 66 92 36 
23 75 53 94 69 38 19 62 67 48 85 80 31 37 69 66 76 66 72 49 1 48 14 62 78 46 1 74 53 64 12 53 91 42 35 1 31 34 44 60 51 20 82 84 35 14 5 44 49 20 2 43 5 72 80 96 95 19 30 29 39 87 64 75 55 45 76 44 51 93 92 24 19 41 9 49 39 94 62 55 46 99 81 19 57 55 50 55 55 95 46 89 22 92 49 47 45 67 29 91 83 98 26 75 25 85 26 85 11 25 16 95 21 98 86 2 15 18 98 82 40 92 68 63 77 85 39 66 80 54 84 58 96 87 80 16 70 91 27 63 31 98 30 55 37 34 31 23 8 8 54 88 23 51 21 72 22 43 35 58 57 66 20 90 86 8 95 88 25 97 75 63 72 13 16 93 39 39 20 31 99 88 33 75 53 4 13 69 50 85 78 63 59 14 63 14 75 21 97 99 95 91 71 66 11 31 79 69 56 73 44 22 69 80 44 49 19 62 60 11 46 66 63 55 20 3 70 50 22 5 1 49 16 36 6 5 78 44 72 14 3 58 41 52 89 73 62 33 63 5 93 22 23 52 64 51 21 23 2 12 18 6 84 39 18 45 59 21 62 13 85 6 20 93 63 9 73 51 20 73 40 87 16 85 17 23 16 78 93 99 65 5 89 43 93 27 14 59 12 92 7 77 12 1 6 73 93 3 87 6 38 95 65 58 80 17 4 55 87 35 37 95 10 20 15 57 80 91 69 19 0 3 67 27 24 25 2 32 11 79 66 2 44 16 21 62 55 81 61 88 87 64 45 24 17 22 31 2 25 38 61 76 24 84 55 87 36 33 11 33 36 96 96 57 80 61 6 89 29 66 56 42 86 96 36 3 68 96 30 92 78 78 5 3 97 23 22 26 93 82 77 35 85 73 4 35 58 84 56 50 61 59 59 1 26 62 97 41 48 77 51 90 75 44 26 91 50 26 71 37 81 95 70 18 55 52 35 85 63 40 42 88 42 4 17 18 59 33 14 1 76 69 85 28 57 38 72 54 22 4 83 99 65 0 28 29 75 56 99 26 48 10 92 47 23 64 40 68 10 97 40 20 21 86 92 57 17 43 87 30 6 84 16 20 92 80 14 37 94 80 
34 96 14 72 82 64 65 68 69 28 27 68 82 51 44 10 64 75 87 28 52 19 74 49 71 11 46 88 58 44 80 73 74 3 52 72 58 60 49 50 53 69 32 55 69 67 44 96 10 32 84 16 42 94 97 49 35 36 5 30 36 92 26 2 7 42 43 66 92 22 37 56 72 3 77 6 24 52 19 57 25 63 32 58 81 55 26 72 76 63 3 49 8 65 58 45 63 11 24 28 86 52 69 74 39 35 22 50 32 11 49 61 76 81 19 65 43 70 70 11 54 53 50 22 47 26 10 75 54 35 70 65 63 30 35 99 94 64 98 89 99 10 66 32 10 99 11 62 49 36 84 48 54 60 46 79 35 45 86 21 67 10 75 63 5 2 4 15 57 16 62 21 44 80 83 76 13 86 69 58 91 13 88 72 20 69 29 38 82 66 33 25 52 9 11 79 59 17 17 8 79 53 57 14 83 52 70 22 9 64 47 11 67 35 90 99 75 95 13 19 49 31 7 93 95 86 77 73 71 41 18 85 1 63 75 87 28 32 82 80 44 80 19 86 77 37 50 26 69 94 73 11 73 13 7 49 10 17 40 83 15 41 57 75 79 53 15 25 14 7 4 0 55 78 80 31 83 65 97 87 79 0 16 74 0 94 16 83 99 64 83 17 57 96 17 56 13 63 96 25 68 2 5 46 80 61 10 50 5 65 37 20 41 51 91 77 5 52 66 85 55 14 73 52 28 20 91 71 13 34 54 76 64 44 29 85 64 84 90 83 41 17 89 27 7 70 14 99 7 10 5 17 86 27 95 31 64 59 26 89 66 36 72 2 53 35 15 14 78 23 32 24 15 76 67 5 21 99 61 48 48 82 4 89 72 13 94 63 9 75 16 98 34 17 24 37 81 65 72 17 60 76 11 80 57 18 41 15 53 61 32 67 94 99 97 7 3 81 77 72 39 49 3 41 0 96 45 66 78 19 5 80 98 12 43 28 39 20 40 15 33 1 26 11 83 26 39 60 6 11 45 7 14 20 23 74 11 24 74 78 31 2 9 74 14 47 69 19 24 79 18 52 50 10 37 8 59 96 84 99 22 91 76 93 76 83 11 86 65 92 76 12 92 18 79 56 26 36 90 92 
46 88 43 94 78 34 44 64 73 8 57 19 29 5 83 66 20 42 50 88 17 17 17 59 57 5 21 21 20 43 65 29 95 66 12 5 62 88 17 86 46 0 93 78 60 21 17 84 44 11 63 91 1 33 56 20 89 81 94 62 53 41 94 97 20 80 10 63 38 46 16 43 69 41 20 61 50 24 45 12 17 77 4 51 60 60 57 37 25 93 63 40 34 25 25 41 81 60 58 79 88 83 95 20 41 43 4 28 36 71 55 78 79 28 30 67 97 27 12 50 87 66 37 45 15 40 24 52 46 63 85 23 47 49 98 28 66 30 52 56 71 23 42 19 47 86 67 99 58 77 35 43 43 16 14 82 26 95 10 57 99 9 26 0 99 26 36 47 54 72 20 11 43 27 66 73 36 5 65 81 81 98 39 73 61 13 49 45 23 14 90 35 47 17 14 69 55 22 63 12 11 68 24 20 72 82 93 99 59 72 97 86 76 57 79 16 69 59 27 90 96 16 32 86 33 37 69 26 19 66 87 2 94 45 50 39 53 10 4 28 32 51 37 48 54 81 66 63 6 34 4 64 3 30 70 19 45 33 2 89 99 18 35 5 35 51 91 66 1 97 26 74 12 56 78 67 67 57 11 67 45 0 66 53 26 2 76 44 12 5 7 78 22 26 84 73 99 35 44 61 26 50 8 22 81 20 94 31 92 33 12 81 4 30 11 34 59 99 47 6 89 33 21 17 86 57 62 16 77 24 28 46 61 47 50 71 34 32 90 54 14 37 11 85 65 93 31 67 90 60 9 53 91 19 2 84 19 79 36 77 15 94 13 18 96 69 37 10 60 32 67 39 94 72 36 24 38 85 4 88 10 29 46 31 31 27 80 69 80 66 80 18 82 56 45 22 44 8 82 14 64 64 90 16 12 16 3 2 95 85 35 20 82 66 6 71 77 37 42 20 20 65 15 90 39 72 78 58 0 49 2 22 85 6 14 23 1 45 74 76 54 87 92 5 32 68 85 3 80 21 64 15 29 93 46 8 32 19 96 75 47 24 81 90 58 30 69 58 44 44 40 10 59 48 10 84 80 46 82 84 95 39 72 69 92 22 58 87 44 49 73 47 53 34 51 62 12 14 47 72 
98 40 42 45 38 7 71 77 99 15 23 95 41 85 83 8 99 77 34 84 27 46 31 58 39 35 96 33 35 25 87 41 12 28 68 17 27 64 72 91 32 67 49 38 36 82 93 70 28 71 85 65 10 55 61 49 32 93 8 87 81 50 44 12 44 57 10 82 14 87 66 37 41 91 5 3 22 98 30 65 23 35 6 87 53 14 72 53 2 5 69 73 52 48 46 48 90 78 9 35 70 31 3 81 46 29 97 8 52 34 10 53 51 31 51 78 10 51 53 76 93 75 43 24 38 91 32 78 11 24 37 71 26 69 12 20 37 89 49 70 0 43 96 53 89 29 75 77 94 30 77 23 68 34 90 28 80 41 82 12 48 59 78 84 70 4 3 51 82 27 46 41 5 74 19 27 63 37 16 72 60 46 15 75 3 68 21 49 6 39 68 65 37 92 91 71 67 59 22 38 3 0 32 87 69 58 39 37 12 56 44 54 26 76 63 91 13 55 17 93 54 15 28 38 31 66 50 84 26 76 17 4 95 98 30 27 20 62 35 38 6 8 5 49 69 89 72 68 38 2 85 43 55 51 86 70 46 83 29 46 14 44 84 64 21 51 11 87 48 66 42 57 13 54 68 84 49 85 44 80 89 97 61 56 59 64 19 65 29 49 9 62 8 43 22 0 51 45 23 18 72 58 0 74 40 65 74 50 0 19 64 98 87 44 64 3 26 27 40 92 56 8 96 80 88 48 41 11 73 19 78 44 71 68 17 84 64 44 50 54 20 60 47 71 37 13 84 79 35 76 30 82 73 69 45 67 77 43 88 6 26 81 39 65 7 11 99 11 52 0 19 46 99 26 2 57 29 87 23 89 57 71 74 73 86 18 36 9 96 26 15 28 17 47 17 29 71 55 67 36 87 27 93 35 15 60 83 14 61 84 77 99 60 7 28 46 92 74 25 33 37 84 85 96 99 30 89 89 86 84 74 26 78 50 87 42 78 6 32 97 2 35 6 38 99 85 93 92 47 1 20 75 25 81 68 73 1 53 53 0 60 35 98 33 35 10 83 91 80 14 28 63 87 57 75 88 91 5 49 36 8 66 67 76 69 24 8 50 29 48 31 28 86 21 75 75 14 96 95 46 
4 93 40 42 60 53 52 14 37 43 20 49 32 29 52 56 71 28 60 53 44 82 28 69 47 42 73 45 95 34 57 33 97 98 45 70 44 35 68 85 79 71 45 56 90 84 6 10 0 53 26 76 73 48 96 11 76 84 56 67 17 13 91 49 74 35 98 62 0 86 63 34 31 62 73 71 73 81 23 51 24 99 85 94 96 70 88 46 25 4 87 65 57 47 55 72 62 79 55 2 93 36 56 54 85 25 59 54 33 14 90 99 89 85 64 77 40 7 59 70 98 11 26 74 99 77 66 96 75 76 70 10 89 1 56 90 94 69 19 22 6 26 3 71 74 54 86 80 8 38 90 9 70 83 22 70 38 50 29 85 87 19 22 15 78 36 27 0 33 28 67 49 29 57 15 35 17 35 43 48 17 91 94 66 34 92 85 66 67 81 8 83 83 65 16 99 39 96 27 48 92 23 66 90 82 38 80 41 47 76 75 37 75 9 8 96 2 25 4 53 71 88 51 5 45 20 61 6 61 9 83 7 66 55 19 28 37 44 30 26 65 14 96 93 76 26 71 78 81 76 26 94 93 12 40 45 25 36 49 91 0 2 91 6 98 28 13 87 66 38 98 92 15 85 5 52 10 84 3 60 29 85 66 88 51 41 15 62 26 69 56 29 60 93 79 48 55 71 26 75 79 24 88 32 57 58 61 99 87 5 44 4 81 31 99 16 37 34 38 80 52 84 16 11 55 38 58 46 38 27 63 96 28 76 14 41 28 88 68 39 15 90 55 1 82 4 13 89 94 75 68 62 81 60 13 7 94 79 47 26 41 63 95 92 64 71 45 30 84 38 22 59 33 83 45 60 49 89 66 67 31 42 83 37 59 40 95 99 71 88 19 46 91 83 59 44 80 94 52 74 49 93 95 43 6 19 30 17 76 11 38 7 61 76 81 7 7 91 7 92 67 45 73 21 2 35 85 99 7 72 67 25 83 34 28 13 44 82 9 16 44 29 57 83 74 75 70 47 34 61 0 28 39 61 24 67 68 23 78 37 79 78 24 24 18 6 38 16 25 6 99 3 48 21 46 81 50 11 59 3 93 89 64 38 44 62 25 57 69 13 48 2 69 46 59 66 26 67 98 10 
31 92 69 86 97 83 56 29 21 7 33 75 49 5 23 20 40 22 13 80 76 46 22 76 14 17 78 90 2 65 57 95 69 66 33 19 39 65 18 78 90 46 78 2 13 25 79 48 39 70 6 44 82 62 64 81 74 74 92 82 73 42 22 55 66 49 13 99 18 64 51 86 35 35 38 48 33 55 38 14 30 8 17 52 32 76 3 48 69 67 71 42 7 65 84 67 92 43 48 72 69 70 15 20 52 31 50 34 80 41 44 2 27 20 87 31 55 36 72 66 89 44 72 1 89 97 36 36 16 68 58 32 6 53 16 82 15 31 84 52 57 99 81 26 70 75 5 32 17 33 4 28 39 39 82 40 33 75 83 30 97 80 44 36 48 27 78 69 43 66 50 33 19 30 93 29 93 25 55 93 51 47 73 45 51 4 66 89 8 19 60 23 92 61 22 45 7 17 65 41 14 6 74 27 17 51 57 44 20 44 55 83 64 37 57 56 22 94 4 44 97 68 0 35 44 23 38 87 62 26 7 51 44 53 25 2 61 48 20 57 48 93 37 84 63 78 54 61 40 7 79 81 17 76 62 20 29 11 94 15 30 60 42 72 30 74 98 87 44 79 74 26 55 77 14 89 99 31 53 38 86 15 94 80 90 82 72 14 45 57 25 26 3 73 71 78 51 70 28 87 50 84 61 9 46 7 32 65 82 5 22 22 36 64 83 82 70 25 37 83 26 74 39 61 87 38 78 49 55 98 91 64 76 71 51 28 13 5 87 79 86 91 30 0 75 95 72 31 62 50 70 97 53 43 52 64 59 82 22 98 27 39 17 33 28 29 80 2 2 38 82 74 46 77 24 17 39 68 0 4 24 15 19 76 40 29 0 56 11 55 1 49 24 91 87 41 8 18 20 95 25 39 65 95 59 11 26 53 85 99 36 61 30 13 52 35 54 48 5 80 85 30 19 87 66 79 43 27 16 99 22 30 88 29 57 26 49 89 89 23 94 34 95 21 33 50 74 10 43 7 71 34 80 24 33 98 61 19 27 81 10 74 11 7 68 66 81 82 27 61 18 35 67 26 65 74 93 18 72 14 45 6 32 86 98 16 75 74 14 32 42 55 90 62 1 66 1 10 50 38 
30 95 13 66 1 69 57 97 84 42 30 78 89 48 10 76 27 45 63 70 18 42 8 26 14 30 73 43 96 99 0 12 64 97 86 76 74 24 55 16 11 9 63 57 46 28 22 32 96 49 38 35 14 47 76 44 92 81 46 90 31 88 86 35 39 51 23 67 88 34 43 2 18 9 42 16 6 50 58 71 21 31 63 28 99 98 9 48 14 31 14 52 89 87 74 0 60 34 8 40 76 0 95 75 29 22 5 65 31 49 79 40 54 53 69 81 84 10 31 13 35 26 98 12 85 96 4 7 26 43 51 87 56 87 49 41 78 52 76 69 96 67 0 4 15 33 56 70 72 71 10 46 70 96 20 67 10 88 25 75 27 9 63 81 87 26 26 39 26 29 54 78 43 80 96 2 5 67 46 44 31 27 92 27 29 97 51 71 73 32 38 67 53 6 90 16 23 42 14 18 0 17 22 97 3 40 67 6 30 75 69 49 83 4 65 24 15 25 41 46 55 99 27 38 4 48 47 22 33 84 90 30 46 5 77 59 47 93 42 17 22 0 50 13 37 71 6 23 32 73 69 26 69 16 66 90 75 62 66 58 78 2 39 63 78 17 42 31 96 89 38 1 90 50 18 17 77 49 36 1 64 80 17 63 5 67 35 42 35 17 94 41 80 63 22 20 72 83 65 81 42 39 54 0 99 96 14 83 33 20 97 91 74 63 99 90 46 3 58 88 85 21 70 5 33 72 17 25 42 19 19 74 12 49 84 54 94 24 97 46 19 45 41 28 87 82 75 63 20 54 30 77 23 64 10 98 26 23 94 92 10 56 84 23 87 3 95 29 83 20 64 98 53 2 71 28 52 95 3 68 9 28 6 2 81 23 28 56 21 94 79 56 4 81 5 88 7 5 29 8 69 88 57 7 74 15 90 29 30 72 58 82 60 33 60 68 14 23 88 26 62 39 19 53 31 48 16 4 48 10 37 1 88 53 24 68 84 77 67 64 50 97 37 45 80 68 45 36 70 82 24 74 7 55 38 67 42 60 63 78 40 14 25 99 51 36 18 69 48 58 54 88 17 39 65 12 30 35 26 76 44 65 69 77 53 24 79 82 43 74 96 99 85 34 73 57 51 30 15 85 
18 22 66 51 8 2 31 16 53 46 41 12 11 27 22 65 11 52 51 83 61 78 73 89 0 51 50 7 36 41 12 16 57 57 20 57 45 9 3 2 50 85 83 57 24 44 10 63 45 90 6 11 96 64 75 57 86 29 81 68 77 66 65 3 50 32 8 67 12 53 92 53 80 27 6 92 61 69 80 62 34 1 31 45 27 52 67 24 23 61 36 69 83 29 85 41 94 5 99 87 42 97 86 45 9 56 85 16 89 9 69 35 19 18 97 30 48 84 31 90 6 61 82 15 77 59 77 26 37 72 68 58 17 93 6 70 18 49 46 13 4 82 68 44 24 54 36 98 20 59 0 92 32 14 89 57 51 55 4 3 5 17 14 69 26 94 97 30 1 9 20 70 43 90 57 22 80 71 17 80 54 9 23 70 77 28 14 45 36 92 23 95 56 38 64 7 33 32 86 68 61 9 13 56 26 77 55 64 94 27 21 62 45 39 93 17 28 54 96 96 77 51 36 1 28 41 15 24 77 19 41 94 74 27 46 59 43 13 86 35 36 84 49 83 35 87 80 28 73 66 37 71 24 77 76 69 64 66 74 9 66 25 83 21 69 56 41 89 7 60 44 10 67 69 73 88 52 49 95 8 86 94 34 93 47 49 53 51 95 72 12 79 91 35 1 76 88 55 71 37 92 67 58 41 1 28 25 67 25 62 63 67 40 27 20 91 76 77 21 57 82 5 0 7 42 21 26 40 33 51 20 37 13 70 68 91 10 12 71 60 17 26 23 53 13 10 94 80 16 82 41 90 16 42 69 86 67 15 25 81 4 87 23 79 85 17 78 65 37 17 76 42 12 9 35 62 66 60 19 41 81 58 93 63 6 49 62 98 31 93 41 13 98 51 53 31 84 80 27 98 42 85 44 76 23 4 54 74 25 26 57 24 82 66 75 14 52 57 70 45 10 14 1 66 43 85 47 52 62 18 94 5 13 62 88 98 81 81 43 13 26 14 43 95 89 4 85 54 71 66 6 10 17 97 71 22 72 68 31 0 77 0 10 62 92 89 50 40 58 60 98 42 16 73 21 46 79 80 39 59 54 63 77 54 77 2 17 3 76 37 15 80 56 75 3 42 69 32 14 73 
64 94 73 50 23 67 4 59 74 49 65 48 45 86 85 97 87 94 68 58 54 38 74 7 35 52 99 70 10 49 29 83 50 89 36 85 88 23 64 28 64 50 56 89 98 73 94 95 30 42 48 53 14 49 19 41 40 66 68 62 59 79 16 21 13 74 43 90 47 94 88 28 69 34 90 83 25 41 13 13 4 96 7 10 96 45 26 16 82 61 58 36 20 96 32 42 37 75 26 38 30 71 15 35 63 45 5 87 29 70 32 63 48 1 41 20 54 44 13 34 86 80 27 50 4 80 34 81 49 19 75 6 77 95 44 70 2 6 2 17 98 39 18 64 51 87 21 94 56 69 61 24 92 54 26 90 74 36 77 0 69 55 37 55 59 31 47 24 90 60 98 62 15 84 33 21 42 26 71 51 3 93 52 60 76 9 13 15 9 18 15 69 23 41 18 67 49 71 68 51 22 90 16 16 49 38 6 99 7 20 94 9 5 35 1 73 23 99 33 27 34 89 21 35 23 32 27 56 36 55 81 85 16 88 22 18 72 80 69 53 20 49 55 92 57 38 34 49 39 16 78 14 76 38 1 94 59 79 31 21 46 2 79 9 84 74 36 97 54 13 82 47 31 15 91 97 7 65 5 41 78 88 87 54 98 83 20 74 67 90 92 44 87 61 55 65 59 3 86 75 7 89 92 78 29 29 17 76 91 67 14 96 86 79 36 44 18 62 48 10 17 77 17 16 60 17 21 37 15 98 7 40 33 23 10 59 7 82 27 74 86 14 1 11 91 23 7 8 61 44 20 97 30 92 87 97 81 71 29 20 7 69 73 55 82 87 57 37 41 35 73 47 80 92 50 95 22 72 77 91 71 46 95 63 53 84 44 10 56 97 8 22 59 18 41 82 81 56 39 28 30 63 87 16 92 15 64 15 91 4 58 59 2 59 70 43 53 79 41 14 85 91 28 72 67 49 28 47 31 1 5 45 16 69 43 86 97 57 3 1 97 1 24 82 37 82 59 47 52 76 16 82 89 78 39 65 36 85 2 63 93 63 84 81 64 78 56 94 1 35 66 75 73 70 62 42 64 70 44 66 1 77 93 24 8 33 5 22 53 5 62 64 12 77 68 6 10 32 57 3 
4 38 63 4 99 57 27 85 72 41 1 70 90 29 62 8 75 47 61 15 49 73 77 26 67 49 74 15 43 11 14 71 13 61 80 5 52 20 90 70 48 11 39 4 42 88 86 93 94 40 41 28 31 62 31 87 54 2 67 26 87 56 20 98 90 82 39 13 57 52 11 2 5 5 99 36 25 76 11 28 39 93 39 82 78 37 19 4 95 13 72 30 52 5 15 87 31 74 66 1 40 47 41 28 29 53 61 98 69 50 2 60 88 41 63 73 25 47 50 39 14 69 20 40 80 13 32 93 32 53 95 36 47 9 41 37 32 40 30 64 76 16 92 1 43 68 64 26 43 48 98 33 31 5 74 48 61 56 6 88 32 12 94 56 80 66 44 57 1 59 67 21 69 0 60 18 75 23 96 22 94 44 94 34 3 59 11 77 31 52 75 38 72 13 19 21 91 5 23 62 59 1 73 26 1 70 4 74 6 68 58 98 2 15 14 46 7 45 17 38 6 22 77 50 18 39 29 97 98 74 39 47 26 98 66 12 61 67 97 44 81 34 29 28 79 15 7 11 64 33 94 95 36 96 51 3 48 13 16 44 38 46 54 9 71 72 25 61 41 94 38 29 71 60 78 94 33 40 57 33 98 68 60 11 88 36 99 10 24 53 38 91 73 44 37 64 44 51 13 38 75 47 80 21 92 61 61 91 22 59 69 78 0 71 5 64 72 43 72 51 10 60 1 65 92 9 62 60 65 45 53 37 69 6 33 1 61 55 70 6 16 80 84 92 60 51 66 71 16 48 86 87 20 75 81 7 56 68 23 57 89 16 6 80 16 0 69 50 29 35 67 73 27 15 45 4 42 21 97 26 67 94 60 11 55 28 43 16 77 23 41 40 9 56 84 64 96 33 18 33 72 20 71 28 47 77 67 96 10 55 33 0 7 51 12 91 43 29 52 58 27 97 65 81 24 65 33 93 34 46 23 22 81 27 25 75 4 69 28 59 2 90 60 7 16 17 48 81 2 19 27 22 39 1 0 63 3 61 28 27 39 65 63 91 49 98 78 73 28 6 46 6 68 87 91 8 27 69 28 71 25 47 97 5 48 27 58 31 93 10 22 99 42 10 12 63 11 75 81 37 
2 1 88 43 68 52 62 62 57 55 33 94 13 83 62 99 67 37 94 7 22 97 96 47 6 40 34 47 54 19 58 47 9 46 84 65 92 54 99 19 55 77 94 39 70 79 60 57 11 17 25 40 26 81 60 92 52 20 72 95 73 92 91 66 96 60 1 98 80 63 82 22 6 35 41 49 47 38 18 96 67 64 21 50 27 69 74 68 99 21 85 89 10 76 18 81 69 24 93 70 76 5 12 52 25 61 69 56 37 79 72 46 56 59 57 52 96 21 14 56 1 20 31 45 66 80 16 45 65 29 92 36 6 20 55 56 54 78 12 0 43 38 32 75 3 66 66 71 32 71 29 63 19 83 66 19 40 26 45 69 8 96 81 69 83 89 86 25 71 5 97 82 18 41 92 29 47 29 67 16 0 73 67 7 57 14 63 80 54 33 42 69 96 84 59 73 42 93 85 64 76 83 95 27 67 15 42 83 2 85 46 67 14 85 98 75 97 59 71 85 31 61 11 91 4 67 29 10 20 50 59 70 30 79 94 79 29 1 32 11 97 45 6 90 70 74 12 83 65 70 43 97 92 73 11 86 57 9 11 19 83 47 81 82 81 31 18 2 96 8 40 12 14 39 9 44 38 68 86 10 48 27 72 12 67 13 35 69 9 66 34 56 9 78 51 97 35 84 61 87 57 21 86 13 56 55 79 33 93 86 6 52 26 46 80 0 16 12 33 41 74 91 15 39 85 28 87 79 75 49 91 31 68 80 6 49 75 48 94 26 53 38 56 51 78 30 92 59 25 15 52 53 74 24 59 95 61 22 39 10 27 36 7 78 51 84 74 73 46 77 73 16 32 4 72 53 20 92 81 57 64 11 96 95 81 37 85 30 25 74 97 31 9 31 67 26 91 10 52 5 71 32 87 29 25 21 63 17 74 52 39 55 93 37 83 28 31 54 54 62 48 13 62 51 61 90 16 43 39 91 54 38 2 24 31 68 69 25 70 26 22 44 77 67 19 68 19 67 39 16 44 55 97 96 72 33 66 37 99 49 84 30 26 73 67 78 93 6 6 84 57 71 51 22 59 16 49 70 81 71 69 75 52 41 4 29 81 49 45 87 56 87 32 69 46 26 86 91 18 96 
54 69 44 11 69 83 79 52 49 78 4 80 32 10 6 71 71 27 80 31 14 46 31 51 55 10 19 61 57 8 43 40 17 75 9 45 98 81 37 42 68 21 87 16 28 47 74 0 34 4 12 96 16 45 29 87 57 70 69 90 34 37 27 42 99 55 81 59 94 77 55 29 93 80 24 72 6 54 49 66 71 18 72 85 74 33 14 65 33 49 20 97 1 88 44 55 59 60 20 66 20 85 74 96 87 5 21 37 37 62 21 60 53 75 3 82 30 63 20 36 9 45 82 74 94 5 99 59 94 48 47 3 92 3 27 85 13 20 2 73 22 15 70 78 70 50 34 94 75 78 43 17 12 18 0 51 80 55 52 37 87 40 76 22 7 73 41 30 58 10 4 90 62 62 86 95 86 57 93 10 27 14 34 95 44 97 71 52 80 59 56 46 11 13 47 33 39 93 54 73 77 86 10 98 42 24 53 93 44 52 39 45 25 87 35 75 54 62 67 70 6 24 39 14 67 61 30 88 8 85 65 98 8 62 9 59 95 34 43 83 65 4 86 12 1 63 41 72 42 68 39 83 55 22 33 66 67 68 41 3 52 86 92 54 89 58 6 72 28 23 13 4 64 86 86 89 30 0 47 96 7 79 83 37 23 30 87 38 52 23 0 42 53 48 58 57 55 1 25 5 51 93 56 86 74 74 39 41 48 26 86 92 52 84 1 23 44 37 8 82 10 49 12 7 11 33 97 16 25 12 46 68 84 19 34 47 33 54 72 89 60 13 33 81 99 25 64 95 50 20 90 64 48 44 67 1 17 27 62 91 25 16 5 59 35 57 95 3 26 48 17 38 42 84 14 22 51 94 71 81 17 50 65 95 92 4 86 24 82 19 59 64 28 18 95 36 52 53 2 22 50 49 71 80 29 62 42 52 81 47 9 40 75 63 0 73 34 3 57 53 88 66 53 73 7 26 17 56 70 8 43 96 82 86 51 18 2 90 28 98 30 72 76 72 90 68 17 51 4 19 75 44 96 34 58 5 76 59 67 70 94 55 74 75 73 14 98 50 33 77 11 29 22 86 44 81 68 11 93 0 37 50 75 2 7 36 48 8 32 66 13 71 92 88 17 60 70 26 16 70 
24 99 70 99 74 95 89 69 23 11 80 16 50 16 46 12 44 79 43 75 50 92 5 81 12 65 77 92 54 68 61 66 34 91 23 32 28 24 16 23 84 20 12 53 13 87 94 27 30 81 26 90 64 29 33 94 97 62 86 35 96 76 27 69 32 64 46 33 18 11 81 68 15 24 39 79 87 46 62 40 67 50 51 5 83 17 94 49 76 21 38 29 92 54 57 34 12 3 77 18 26 98 54 79 87 83 20 33 0 35 24 35 11 24 25 47 88 73 28 71 99 30 71 8 46 76 73 92 49 64 99 55 39 25 63 85 22 61 83 47 40 31 90 90 91 94 37 39 55 82 28 35 27 42 82 49 99 29 99 34 70 13 93 81 38 66 78 21 48 78 80 74 87 98 54 89 93 15 25 85 88 45 63 45 28 25 37 76 17 0 53 50 58 2 26 72 6 89 0 22 24 57 31 43 29 16 2 81 46 3 55 67 74 81 53 43 77 52 71 38 10 37 71 81 23 69 67 36 3 50 20 42 57 23 68 15 84 56 87 48 26 76 21 85 96 83 92 84 26 85 56 86 32 56 88 14 29 81 23 8 39 71 94 86 31 10 80 30 0 51 47 12 18 20 60 29 96 4 47 76 81 82 45 46 61 67 89 94 95 89 5 59 5 75 17 54 80 34 91 21 45 67 37 52 45 59 10 73 82 97 10 46 66 43 76 91 41 20 66 22 44 14 76 8 46 36 25 67 78 63 9 60 21 88 36 49 35 27 18 73 15 63 66 20 25 88 33 1 85 29 69 91 99 51 20 79 15 88 30 38 72 82 43 61 23 62 98 54 25 94 99 91 35 4 19 2 47 46 50 10 23 97 52 71 32 47 2 22 43 66 54 60 74 79 48 21 97 64 21 18 82 61 81 61 22 39 60 35 14 94 22 37 53 1 99 23 10 93 75 23 69 85 26 13 68 1 3 45 0 72 86 51 92 0 5 38 90 13 14 26 64 99 82 31 36 32 4 9 45 89 67 39 13 28 85 5 29 36 28 51 91 76 78 61 94 94 77 77 0 76 88 28 94 87 80 88 12 90 81 85 49 24 43 63 87 96 24 7 60 10 35 96 39 87 26 92 60 47 99 28 
81 70 75 89 84 26 86 0 32 50 10 19 50 72 36 85 98 2 52 69 37 48 87 61 17 99 76 83 77 4 30 62 42 66 99 92 37 83 28 54 78 16 37 3 9 3 46 95 44 65 31 90 43 99 47 77 71 54 63 41 71 47 55 48 43 20 6 24 71 62 63 20 38 59 13 61 27 65 5 20 43 79 3 18 59 28 98 52 63 99 10 79 54 93 11 34 7 55 71 88 68 46 62 27 91 55 27 33 13 1 24 90 71 30 56 88 25 21 18 35 3 57 83 78 89 52 87 27 47 56 78 18 35 87 34 94 64 38 58 7 37 67 72 38 20 92 1 99 78 46 27 5 52 84 13 62 11 39 20 58 4 27 81 48 67 16 70 92 91 11 70 39 23 79 49 33 79 57 15 31 36 74 47 49 84 19 16 80 3 98 48 72 91 10 54 68 21 41 96 44 28 38 5 27 78 84 33 5 41 54 88 43 65 7 35 59 65 79 32 39 12 30 7 50 81 60 79 93 42 28 93 86 61 90 42 82 75 74 22 75 69 47 78 49 82 46 40 46 93 28 12 81 63 55 99 36 47 46 37 48 88 61 83 13 69 78 8 71 63 84 51 31 13 46 44 74 65 76 93 84 23 40 70 69 14 75 22 63 37 21 26 95 99 25 69 67 86 35 64 48 4 78 14 77 13 63 77 2 49 24 22 55 67 81 54 26 13 60 17 58 87 1 49 18 44 71 35 61 1 43 86 16 33 50 48 31 87 35 7 43 29 90 49 0 67 64 42 96 67 85 99 79 64 47 83 9 56 45 22 40 97 26 65 12 50 73 12 75 33 59 78 22 1 98 99 55 35 42 19 97 62 47 20 56 78 93 33 57 17 85 76 21 54 8 46 58 99 32 17 73 93 21 61 27 32 75 85 35 50 19 64 42 85 0 94 50 15 84 13 58 17 99 31 66 29 37 48 70 93 51 56 40 20 35 89 35 53 33 2 65 98 83 24 93 80 64 92 7 92 95 80 60 5 23 3 31 42 83 98 10 51 83 26 68 29 94 96 99 22 51 75 83 77 28 75 60 47 73 13 49 84 98 98 85 13 5 89 89 32 32 51 28 97 62 18 69 16 6 38 4 
97 67 88 99 51 60 80 26 46 14 97 17 16 10 90 49 15 21 36 46 66 91 14 55 3 35 56 94 90 31 31 77 64 14 27 3 32 24 48 12 56 11 76 8 43 60 71 31 72 29 84 66 86 90 15 36 56 96 83 45 64 90 37 51 17 52 1 90 48 91 96 35 1 47 77 34 34 54 44 50 75 37 30 39 65 79 38 98 20 36 77 17 69 96 32 70 33 83 22 45 90 18 19 21 35 24 13 88 88 35 44 55 51 68 21 66 6 65 19 41 13 39 50 42 76 61 80 42 84 51 94 47 59 79 53 43 63 29 29 39 78 63 42 34 95 41 3 95 33 59 86 58 80 5 77 62 5 98 52 28 77 45 1 43 59 37 56 34 34 12 10 58 46 55 4 61 25 25 22 86 38 3 79 91 60 59 83 18 70 39 24 20 93 21 61 93 12 51 76 76 40 33 95 58 32 5 57 86 66 88 60 61 48 72 87 44 73 20 97 14 39 53 61 35 52 9 23 71 12 20 68 59 22 61 18 29 47 52 66 61 40 17 56 19 16 33 98 94 77 76 48 25 44 38 34 50 53 7 69 73 70 11 69 11 52 5 20 79 34 84 69 82 73 69 77 5 68 20 31 29 89 79 8 17 66 88 30 2 56 90 18 23 92 17 67 28 46 67 51 89 58 70 38 61 48 10 40 90 42 73 39 65 24 48 80 76 69 81 10 55 79 72 80 10 68 64 1 28 50 20 33 51 48 6 62 64 18 11 86 59 98 58 5 69 86 27 14 30 42 84 32 19 41 99 76 6 82 81 45 97 99 19 79 10 28 83 67 9 10 13 14 4 2 65 72 1 10 91 39 56 87 93 67 60 23 79 12 42 57 19 15 41 42 56 88 47 59 74 89 52 32 43 84 3 57 47 28 14 32 73 62 69 14 75 15 39 57 87 63 30 44 79 25 6 89 98 5 49 77 56 75 31 97 1 41 51 71 44 96 41 79 72 59 17 85 27 96 51 13 36 92 34 42 61 64 71 67 20 88 86 46 79 21 50 79 20 2 4 56 90 2 82 76 88 48 83 37 77 64 79 78 36 39 13 31 18 48 65 41 35 20 0 51 36 77 7 12 13 88 44 
87 51 0 0 7 47 74 7 88 5 0 97 92 21 84 51 11 5 60 3 32 34 51 8 44 39 81 73 15 2 30 7 50 11 86 52 41 36 73 49 38 46 45 3 63 4 90 1 25 66 0 47 76 29 31 20 1 43 14 16 65 82 7 62 67 89 44 11 5 64 4 58 22 52 98 95 41 60 70 96 48 71 61 55 88 23 65 98 51 88 10 54 62 60 3 20 85 51 31 29 56 8 9 15 2 12 82 2 53 36 28 15 22 2 97 57 49 61 82 88 34 55 64 94 10 62 53 59 10 68 72 90 94 93 58 8 9 22 0 42 88 83 2 70 34 25 96 77 7 20 35 99 29 74 24 61 34 4 5 80 50 9 85 60 8 65 93 91 33 74 5 39 21 36 20 49 23 27 44 35 12 62 27 43 9 42 49 4 79 52 66 62 3 14 40 36 15 27 62 88 31 87 4 61 79 78 90 82 45 45 53 16 25 12 21 17 95 89 44 48 76 17 92 10 31 7 16 24 89 30 59 22 80 11 88 80 97 3 81 35 16 33 49 72 21 93 23 41 53 86 78 82 36 69 53 12 50 2 72 63 84 75 29 30 40 48 38 94 21 34 69 4 33 92 80 47 88 23 38 87 58 66 23 88 88 14 5 5 30 22 28 63 96 25 79 3 37 61 80 64 69 76 85 26 13 80 96 5 45 75 78 84 84 79 3 69 33 90 99 45 22 79 55 53 22 94 50 16 49 4 76 84 57 87 85 20 27 60 20 2 82 99 40 7 23 90 50 45 0 12 22 43 85 95 91 27 21 47 23 50 79 36 59 16 92 55 72 29 69 49 57 60 45 72 57 88 68 34 79 3 13 6 51 46 94 44 85 97 29 60 41 16 67 34 83 13 89 28 38 89 20 49 34 43 71 57 53 69 72 81 79 24 21 78 53 26 2 47 11 74 20 13 20 49 18 65 37 32 99 21 13 59 11 14 64 52 41 46 53 28 95 92 41 23 76 97 71 39 72 59 98 92 5 88 84 29 12 39 57 48 97 34 61 27 6 51 26 49 13 75 47 75 36 6 72 56 21 30 61 66 40 46 88 9 79 20 62 99 80 14 50 34 77 96 8 95 57 36 33 68 
31 78 67 51 71 75 96 76 62 19 46 27 42 70 79 81 72 56 14 46 88 34 59 94 68 62 9 45 56 47 81 35 2 36 27 78 29 40 43 71 23 61 84 93 43 93 49 56 19 55 55 68 1 55 46 81 2 57 72 60 20 30 41 86 10 59 42 60 29 24 7 85 31 55 93 82 96 23 33 96 78 78 64 55 89 84 41 89 45 24 33 94 58 2 45 32 63 69 84 86 82 26 51 18 94 13 34 22 99 23 99 30 19 62 42 64 0 87 64 9 99 50 67 87 29 28 67 82 98 35 98 1 47 46 11 35 5 42 93 51 23 40 32 44 88 81 73 47 43 53 62 13 37 55 86 35 30 33 61 46 41 44 96 73 53 66 46 26 70 73 67 53 35 13 22 68 2 92 8 34 62 0 97 96 85 18 16 64 13 7 87 40 99 71 82 32 92 48 57 7 32 35 28 53 87 34 78 62 96 95 77 90 83 32 28 45 85 32 52 13 76 75 3 13 10 30 43 70 49 0 70 89 80 68 23 4 20 75 55 70 94 72 19 30 58 86 98 99 46 93 69 15 16 51 71 42 69 85 8 46 4 4 7 81 64 82 23 76 70 74 40 58 12 39 19 81 45 55 22 70 9 72 99 6 44 25 6 81 38 89 62 1 37 81 79 61 22 14 24 67 18 67 89 59 64 45 44 78 63 68 90 37 83 4 78 62 50 82 6 51 92 20 64 58 68 66 84 37 44 85 96 42 22 21 60 52 56 47 22 56 86 92 64 47 83 99 19 13 99 17 77 53 70 61 32 96 12 38 26 55 1 9 72 22 84 45 56 81 24 58 7 16 6 91 10 69 29 60 47 55 17 55 64 54 73 29 91 93 12 36 99 4 98 95 12 57 24 42 96 91 9 70 44 58 29 64 1 86 23 0 33 1 24 26 72 77 76 31 53 39 10 64 28 53 8 7 79 76 49 85 78 53 90 62 29 90 27 6 60 14 48 1 56 0 68 89 31 9 37 80 58 88 36 12 37 76 15 47 72 28 24 5 97 92 57 86 71 9 30 9 82 91 11 81 13 74 33 89 98 82 25 25 38 62 7 42 75 90 3 3 2 61 90 57 43 4 88 76 52 24 
22 15 30 93 80 67 32 95 64 52 62 72 41 79 21 92 6 82 60 45 4 36 17 55 87 61 93 92 38 67 36 10 99 45 58 82 42 66 88 32 48 38 92 17 5 50 9 71 4 40 20 77 83 44 50 11 14 20 87 45 61 62 48 84 14 74 57 90 95 92 21 92 92 19 20 11 54 74 22 86 50 33 76 83 55 2 5 80 15 59 18 75 20 20 68 6 81 74 61 86 92 79 3 80 81 23 84 39 92 29 95 65 2 26 50 73 79 43 72 40 26 58 94 33 45 95 86 43 42 4 29 32 2 46 4 54 61 63 36 24 23 81 75 35 41 43 20 93 91 88 52 71 89 23 49 36 59 0 90 94 45 27 58 84 99 93 89 92 53 55 27 98 16 8 12 42 93 23 39 3 54 18 73 57 80 86 88 30 89 87 7 87 45 32 63 22 43 64 84 30 15 16 97 30 32 70 73 40 22 84 10 68 46 88 12 58 17 42 91 3 96 42 40 84 58 78 7 9 26 43 91 69 13 64 41 72 37 48 46 57 37 21 4 33 24 99 41 35 31 66 14 76 61 67 99 12 20 39 53 65 84 56 96 51 76 91 20 76 10 14 6 19 31 85 8 98 53 51 48 29 29 75 27 6 45 83 19 39 86 43 69 48 62 36 67 26 73 28 32 34 37 44 38 30 87 56 89 10 78 27 32 32 93 80 54 75 89 71 84 38 33 2 0 14 70 91 91 52 45 65 72 70 53 73 98 51 27 52 72 20 10 92 43 28 10 90 83 93 72 90 93 12 78 20 7 86 16 68 50 33 42 1 50 2 75 64 85 33 93 74 26 49 96 98 75 19 29 51 45 5 55 71 42 25 21 28 32 97 41 82 4 44 68 18 12 11 73 91 34 62 94 91 42 7 86 65 55 40 73 59 30 1 69 5 32 29 79 14 44 76 96 56 43 85 32 71 73 12 94 90 14 0 86 39 48 35 35 74 90 43 96 68 65 19 37 46 34 83 52 35 14 24 29 75 31 58 88 22 51 37 88 39 32 3 88 94 52 30 73 9 27 67 76 8 1 34 15 5 76 75 96 58 30 42 67 16 93 90 61 2 78 74 66 74 23 10 11 20 73 28 
17 85 48 14 7 75 37 97 45 63 63 54 35 84 35 40 59 65 73 43 16 86 70 29 85 97 42 85 51 11 65 0 7 60 26 41 14 98 71 22 8 15 31 71 95 66 5 68 92 16 18 26 95 82 11 96 11 30 24 48 40 81 95 80 13 34 57 47 61 4 19 95 56 5 56 49 20 87 18 90 97 55 73 47 91 85 58 29 90 56 81 76 85 82 67 94 88 8 17 15 0 75 50 39 25 27 26 26 76 22 78 21 71 69 79 2 39 89 50 93 69 71 5 13 25 52 2 0 63 11 58 45 22 99 8 60 92 19 68 17 92 55 17 63 78 10 84 79 29 95 44 64 42 68 43 80 86 40 14 59 52 57 3 92 63 53 26 90 38 47 68 36 32 38 31 2 60 73 4 49 56 31 2 50 50 73 66 87 92 78 18 4 3 23 33 75 5 0 73 30 71 69 16 64 78 1 28 53 46 65 36 81 46 6 20 79 48 91 1 27 70 3 8 92 98 2 13 94 39 66 97 69 86 87 40 63 7 18 3 86 58 66 53 9 40 52 91 8 32 80 54 21 89 16 56 62 41 98 9 69 60 94 94 63 41 26 0 45 41 5 15 61 92 21 11 26 23 71 96 11 33 33 19 46 81 17 28 81 85 19 32 57 11 1 85 81 67 81 22 69 57 75 49 91 55 78 43 44 80 19 66 5 50 26 71 42 14 92 25 94 88 33 17 52 91 42 79 38 21 87 32 73 3 52 50 10 8 95 83 48 51 24 61 61 66 57 68 78 60 24 13 28 36 86 29 71 90 22 33 73 55 16 41 10 93 57 11 49 68 38 39 69 6 10 23 97 11 99 57 7 65 58 7 35 1 41 32 93 34 87 16 93 30 29 32 18 94 5 75 75 65 27 9 82 51 99 95 85 62 89 43 49 69 90 79 49 78 9 78 41 98 4 92 98 85 73 98 27 74 0 0 34 22 74 53 22 96 31 92 17 28 55 29 8 17 23 52 36 48 24 9 85 6 53 20 24 50 98 65 57 86 23 78 70 28 73 19 74 38 88 7 60 28 34 65 6 22 66 71 17 32 21 6 48 26 68 70 97 26 6 10 65 80 93 70 6 9 43 76 14 
75 38 41 59 15 4 80 63 64 81 30 56 35 59 1 27 78 14 6 54 24 35 57 40 81 62 16 49 81 39 47 76 96 34 6 88 32 17 67 14 70 95 54 69 29 42 65 26 95 43 16 75 82 57 70 69 94 19 90 88 5 20 96 48 61 74 86 16 6 9 19 1 40 69 16 30 58 76 11 81 75 84 91 7 83 39 57 12 63 68 2 58 12 52 87 26 47 61 36 59 70 3 90 75 72 35 58 97 10 46 29 54 39 39 1 17 20 44 73 54 89 49 18 72 77 37 31 15 93 82 44 32 10 16 54 77 52 86 89 84 70 18 53 60 52 60 78 31 85 11 84 43 6 89 55 35 49 47 36 98 10 2 60 90 25 25 42 57 23 11 55 15 47 57 99 80 82 25 8 87 3 96 34 51 35 78 47 56 50 89 3 73 48 11 42 86 28 0 70 69 93 11 25 15 44 70 16 78 54 85 74 38 94 37 68 12 93 99 16 13 28 85 7 35 11 92 75 21 86 19 60 14 77 28 19 82 5 94 46 91 41 77 0 23 8 87 48 65 96 1 65 96 14 66 32 98 69 95 68 51 81 20 90 80 40 3 9 79 52 81 74 49 87 17 54 89 59 74 93 15 60 84 86 70 75 33 96 60 77 30 84 74 3 33 84 53 63 38 91 32 28 18 1 75 61 5 95 99 54 38 24 64 9 22 64 32 28 50 95 32 58 31 75 54 83 53 78 0 37 42 39 75 46 89 15 87 53 65 13 36 63 99 24 87 37 84 80 20 79 17 39 42 1 82 32 61 98 16 98 45 28 13 88 50 91 79 0 53 99 9 83 99 46 59 15 81 99 24 83 77 83 52 58 4 30 29 50 84 48 6 71 99 39 13 99 4 37 74 55 98 18 21 90 7 37 27 93 23 93 80 57 98 63 77 21 10 60 23 98 97 96 15 73 35 68 32 42 98 27 79 74 60 14 17 6 96 22 98 58 18 73 11 89 65 51 78 56 76 37 55 39 52 35 30 31 72 2 56 19 29 50 46 44 47 58 70 37 72 19 68 89 33 50 73 85 64 50 91 1 35 99 33 63 35 94 77 0 2 31 74 97 38 93 10 3 89 17 61 10 63 
10 11 39 54 14 53 32 91 40 68 93 93 69 45 75 77 48 6 95 34 84 54 76 94 14 95 93 28 89 76 60 84 45 3 2 98 0 53 15 56 6 85 90 91 81 34 66 11 76 32 51 13 45 30 16 30 97 70 61 22 22 40 28 53 5 70 71 75 49 8 64 22 70 92 98 92 7 67 87 10 62 15 17 47 22 70 43 25 27 18 96 39 92 30 92 54 67 49 20 23 43 70 78 50 35 16 51 11 48 43 37 1 56 46 38 68 9 61 72 21 57 68 32 78 67 60 75 23 34 51 43 23 79 67 53 48 77 73 23 61 87 93 12 30 75 49 58 59 30 44 0 58 41 45 54 76 52 60 23 4 93 63 96 44 40 4 30 79 51 15 79 24 9 56 87 95 40 29 41 91 22 71 40 7 90 45 27 22 42 79 88 4 93 23 3 44 18 97 51 96 16 85 45 23 14 0 75 48 77 72 70 95 57 62 40 62 25 56 44 82 80 39 64 23 39 0 64 39 6 45 33 8 84 53 23 74 9 96 20 42 81 23 85 64 27 66 62 42 75 66 55 58 28 57 76 39 68 80 63 54 76 89 67 19 41 73 78 4 85 55 72 19 84 12 4 21 48 29 46 0 40 60 4 34 35 71 0 42 74 77 24 84 14 1 17 2 40 60 20 42 68 15 85 53 98 52 83 90 73 41 10 19 55 48 15 77 95 44 50 59 24 64 75 40 29 11 24 69 37 85 6 29 11 68 38 81 12 87 84 32 88 99 40 21 96 0 0 70 60 85 46 21 41 79 53 85 14 32 93 51 78 35 8 70 98 92 33 11 91 7 36 42 37 1 13 92 46 12 39 49 48 78 31 6 23 62 6 65 98 57 75 73 85 27 75 73 73 73 1 47 5 0 30 56 70 96 20 74 1 48 37 70 92 2 96 14 23 20 5 52 73 45 14 78 9 77 39 90 22 66 3 95 88 10 34 86 77 52 4 95 56 12 78 31 64 29 81 34 62 50 99 97 38 83 77 3 23 56 95 79 38 10 66 83 59 98 96 30 7 50 91 51 57 80 61 25 70 45 75 60 82 60 61 57 70 67 8 74 12 70 9 29 22 44 98 10 50 44 17 11 
43 69 49 51 64 97 82 39 76 91 45 94 8 68 1 56 0 93 12 40 25 86 94 5 41 68 8 96 44 65 48 50 47 6 30 12 6 91 80 41 62 13 17 26 96 39 83 91 82 58 16 3 35 43 15 64 32 94 93 41 43 18 9 7 42 43 16 89 18 82 72 3 58 83 56 71 62 87 39 1 31 66 17 44 62 32 4 6 57 50 74 91 17 70 5 58 55 45 88 17 28 41 20 24 17 59 11 63 97 40 35 75 40 68 50 83 10 92 27 92 93 28 12 83 96 15 69 34 63 35 5 10 90 6 31 19 92 29 13 97 46 88 81 90 28 48 97 92 80 27 50 26 22 93 74 75 40 14 4 81 13 7 55 76 11 62 87 30 87 64 93 15 10 31 79 85 81 94 24 18 45 61 86 51 77 44 35 11 87 37 30 10 93 2 32 1 73 9 23 93 90 25 45 40 21 58 46 62 43 61 61 79 45 32 44 83 12 4 20 99 27 14 9 75 14 38 50 40 58 74 93 37 67 67 76 41 74 48 90 60 32 45 67 73 55 11 10 55 91 79 49 13 28 61 69 26 82 12 86 31 95 18 71 11 12 29 89 68 15 9 85 18 4 66 4 66 78 40 46 80 15 96 93 2 3 57 73 95 87 38 45 45 55 91 2 32 49 30 79 94 9 64 1 21 78 38 3 6 60 86 41 55 71 58 18 58 91 60 66 92 7 98 4 9 77 63 99 56 92 65 71 64 76 48 82 86 83 83 54 21 57 67 72 30 38 3 61 59 88 82 23 58 51 9 79 16 69 50 47 25 90 28 60 74 14 41 77 23 74 23 21 25 92 38 16 12 65 94 65 97 96 23 35 68 66 50 38 46 18 1 1 20 61 44 17 74 79 59 74 45 29 80 53 40 45 60 75 58 7 22 91 36 16 35 47 62 67 74 68 67 54 66 61 93 78 11 30 67 3 64 38 46 5 82 91 85 0 74 41 0 50 49 79 83 88 22 31 61 79 94 65 83 83 55 21 34 66 28 32 81 53 12 89 11 56 55 5 69 27 36 43 54 1 6 40 20 66 9 88 43 68 65 85 99 49 28 75 12 84 90 60 84 46 40 63 20 87 86 22 60 
10 46 54 12 22 55 32 90 60 63 19 57 39 91 85 84 83 34 57 82 89 40 9 21 91 12 57 96 93 1 79 36 49 25 21 7 79 15 82 85 10 37 83 9 77 41 57 44 7 33 38 34 32 78 58 62 67 6 7 0 76 64 41 45 82 21 78 89 40 20 0 7 14 27 0 17 45 58 99 98 68 95 38 59 20 38 28 89 64 95 22 62 43 72 30 25 23 74 20 74 7 48 17 89 22 69 4 90 23 98 87 67 97 48 86 24 78 93 48 84 42 19 99 79 82 85 8 1 63 75 58 44 16 51 57 47 42 93 3 18 56 92 65 66 21 33 35 66 7 12 69 52 32 44 66 44 50 83 92 40 37 54 40 10 98 47 26 25 21 96 71 33 72 87 61 83 20 10 68 7 84 23 13 18 62 32 94 77 32 97 31 17 8 65 13 8 27 34 32 72 27 25 48 21 11 21 92 26 79 22 47 46 4 51 96 17 12 18 8 81 19 40 30 84 54 2 50 8 67 44 55 42 32 39 12 76 62 83 52 47 6 28 14 8 90 52 55 31 49 56 14 20 74 42 20 29 19 40 3 64 12 1 68 68 67 24 40 13 30 4 24 34 38 93 82 70 64 66 45 59 60 68 27 9 34 71 38 89 81 27 66 26 33 2 23 88 99 11 78 17 19 35 39 83 29 93 26 42 60 7 82 67 24 87 11 48 83 94 78 48 71 23 45 7 14 79 48 58 31 42 26 4 90 86 24 2 28 76 36 12 89 67 2 53 37 48 73 30 46 47 64 69 28 35 32 3 72 19 84 76 23 34 3 40 49 62 25 39 73 28 7 32 98 83 55 80 69 69 89 14 7 13 54 61 3 15 54 79 2 13 29 96 14 18 78 17 60 1 36 33 42 23 91 96 48 38 87 68 0 0 29 60 87 58 4 48 1 60 77 39 35 24 77 82 12 16 45 50 64 68 70 46 61 76 20 67 16 71 81 0 29 75 79 7 57 84 87 15 65 39 50 69 52 61 93 97 22 3 89 45 32 53 64 63 33 65 17 95 43 30 70 83 5 68 66 7 73 41 76 7 75 0 96 53 46 38 0 3 95 10 73 48 89 73 57 26 9 42 65 50 
63 19 41 69 58 26 36 91 50 0 84 11 81 30 23 46 86 65 65 77 9 76 32 43 78 11 37 28 88 84 78 16 0 12 43 86 23 43 67 41 48 88 81 92 47 78 72 98 40 77 46 1 82 74 49 48 67 21 71 35 95 81 70 19 81 7 93 12 31 34 96 5 41 82 94 67 74 27 4 31 81 94 92 68 54 90 0 48 43 27 17 75 49 29 45 68 51 14 49 19 76 51 74 67 97 16 78 42 82 61 70 67 46 15 77 64 34 59 43 28 6 66 63 83 34 37 37 29 8 47 77 59 44 68 4 45 37 47 55 71 30 5 94 72 14 42 98 63 6 30 39 51 5 26 87 1 37 51 11 53 97 58 43 11 76 10 41 71 11 57 18 99 65 7 3 72 68 99 31 43 74 89 24 43 59 15 46 48 31 59 21 79 28 80 83 31 82 47 37 1 83 74 11 35 33 65 18 48 8 39 75 27 70 63 60 18 3 33 95 98 48 74 49 92 38 99 12 16 67 42 42 60 3 87 32 56 33 85 29 22 56 86 22 71 85 32 56 11 98 48 71 71 41 71 60 34 10 88 64 41 51 13 9 30 87 86 54 24 44 33 24 92 21 24 68 60 97 71 61 93 64 8 18 74 23 43 0 93 58 53 85 30 29 64 55 22 11 9 14 97 90 35 28 24 20 63 10 11 72 26 41 79 5 32 28 36 24 82 72 83 56 31 3 47 57 14 37 21 5 36 60 58 10 24 11 7 54 53 92 15 72 19 37 1 62 57 6 74 62 75 80 0 57 57 51 60 68 0 8 17 53 99 0 75 85 31 96 42 11 79 41 40 82 36 35 24 58 60 23 56 27 67 76 86 8 18 30 22 8 97 87 14 72 33 6 73 43 64 57 66 31 52 81 53 92 26 10 5 82 16 17 42 34 15 74 16 44 47 29 86 60 23 77 95 4 10 22 82 28 57 6 50 42 72 34 99 19 10 44 83 37 33 7 49 68 41 50 55 28 67 58 80 38 2 83 20 22 73 56 39 55 1 67 52 29 25 74 71 9 45 44 4 92 95 82 91 26 60 38 54 56 37 4 28 67 26 37 53 97 2 31 95 3 59 30 53 61 80 36 43 
32 50 66 50 9 22 66 28 42 78 63 25 65 44 13 98 93 21 50 2 68 30 3 11 86 49 82 18 11 79 83 46 76 21 45 3 0 78 88 17 93 89 29 77 13 35 16 61 84 25 46 20 11 32 86 41 43 97 28 39 93 25 2 86 74 14 65 59 97 43 98 82 41 33 41 57 68 61 54 22 40 29 33 9 75 58 69 77 34 21 95 16 87 53 52 97 74 70 59 29 81 60 53 88 79 32 6 94 75 71 22 3 98 99 82 57 80 71 94 21 79 74 4 20 67 80 57 65 48 91 36 5 93 66 44 59 23 74 52 37 2 82 36 35 20 44 93 70 71 42 83 27 40 60 79 66 52 61 0 53 89 56 37 77 48 3 31 33 65 39 3 10 32 63 12 19 51 83 42 15 71 62 27 88 15 84 57 19 26 34 60 47 35 45 30 57 5 25 5 30 95 77 46 67 17 45 73 77 50 75 28 21 74 7 36 8 90 56 44 61 83 62 44 49 50 42 6 83 40 77 72 15 76 37 57 45 14 49 41 17 44 16 16 40 40 15 41 92 60 49 23 80 89 48 62 91 82 10 94 44 2 81 97 97 83 86 5 40 80 64 11 3 92 61 78 31 13 76 31 13 90 12 28 51 58 80 98 0 68 1 1 57 78 13 75 4 31 43 59 80 11 37 94 49 72 65 2 28 93 26 66 31 7 18 60 95 71 99 68 41 45 23 28 72 67 58 50 28 12 85 13 25 92 17 81 66 43 32 81 56 3 30 62 59 46 83 40 63 11 25 14 5 5 63 5 18 35 64 12 11 65 16 74 49 36 90 6 94 91 12 30 49 93 45 69 61 79 47 32 30 30 18 95 41 45 85 78 23 10 38 51 40 31 36 14 66 0 47 20 84 27 87 84 81 62 25 43 76 40 18 51 7 1 65 73 81 5 20 20 17 78 36 55 65 76 34 54 89 20 43 66 13 95 88 73 18 75 54 64 49 74 86 49 98 80 43 7 53 84 54 37 88 23 71 60 37 36 7 61 90 96 54 19 65 43 93 12 80 29 81 88 31 37 37 44 2 89 72 46 87 45 7 87 53 17 71 87 50 56 15 26 41 7 60 82 50 4 87 17 76 
19 82 10 14 89 14 53 20 22 21 70 0 61 1 5 54 47 72 4 23 39 94 44 46 56 91 32 20 19 95 86 10 3 42 1 39 87 86 20 85 90 2 51 81 3 49 67 59 15 56 29 4 50 71 59 57 86 70 72 59 22 74 12 72 83 83 61 92 52 97 36 72 76 12 26 12 2 15 75 72 88 16 10 99 49 82 5 51 5 13 44 89 24 79 63 48 5 83 19 35 59 65 60 84 61 83 85 14 65 63 36 86 81 4 77 38 89 27 44 39 34 51 69 4 46 27 25 11 74 43 84 63 28 43 30 21 48 18 54 9 93 7 36 36 37 35 36 16 20 53 5 49 74 30 28 72 57 28 44 35 25 33 14 50 1 54 70 47 67 7 7 56 8 95 99 31 86 79 74 69 43 44 62 25 94 25 36 40 55 29 22 79 79 59 75 19 61 52 59 69 38 70 43 9 92 42 98 90 90 85 39 15 3 62 69 98 98 96 29 75 83 52 59 43 32 68 28 58 49 96 61 31 0 39 59 52 95 38 12 40 78 13 45 4 56 63 5 8 74 64 15 88 49 48 3 88 17 57 75 4 70 55 14 52 40 34 43 24 68 78 38 64 39 85 50 27 48 69 9 5 4 80 33 5 59 68 63 89 0 1 72 20 92 69 79 88 3 58 9 43 37 51 69 5 57 27 44 99 86 97 58 83 68 81 81 67 19 25 98 33 4 13 18 97 22 40 49 29 70 64 60 40 72 71 64 69 69 70 39 5 77 63 53 81 0 51 18 99 2 29 51 68 84 83 24 50 40 69 75 91 23 44 83 70 19 3 21 48 45 16 6 82 17 86 59 39 25 29 41 12 4 47 44 29 89 99 40 44 49 17 0 85 4 64 74 98 14 57 72 84 33 31 63 1 26 54 24 71 21 94 85 5 49 52 85 46 22 74 13 49 57 29 54 41 64 86 99 62 87 90 78 74 69 83 48 35 88 92 86 88 26 73 29 61 71 78 37 24 87 90 28 96 47 83 19 39 78 23 71 18 93 6 57 80 70 4 43 69 4 71 33 9 48 15 35 72 81 63 70 78 63 63 56 3 29 71 62 23 98 68 71 58 34 85 55 92 45 94 95 41 
81 87 25 98 66 89 90 9 48 55 92 86 89 37 86 24 89 7 73 90 24 91 91 8 71 0 36 0 58 63 11 20 74 58 72 12 7 86 25 99 14 22 60 73 53 79 59 53 37 24 67 8 89 52 85 1 43 93 20 48 79 56 2 33 13 46 54 66 33 5 94 35 12 71 41 15 39 92 46 33 96 6 41 64 1 95 45 40 2 84 42 67 3 91 48 27 8 24 0 80 97 80 14 83 63 31 8 67 74 83 26 47 77 99 46 38 27 41 61 37 61 5 79 85 0 29 13 27 83 72 3 47 88 16 9 22 46 2 39 25 75 31 59 2 53 21 88 32 60 17 78 41 76 40 22 75 53 11 44 65 97 41 20 99 86 90 97 39 82 86 73 39 0 87 66 32 41 58 57 97 66 63 16 19 92 97 50 97 81 0 26 28 11 59 25 80 21 81 2 20 25 33 6 34 80 18 80 18 85 82 95 26 57 38 63 88 27 7 2 31 34 9 99 47 57 31 32 97 76 55 13 37 12 7 19 29 66 2 67 97 50 73 21 61 7 45 18 62 67 38 33 24 47 5 34 91 92 3 16 79 26 45 45 71 21 16 92 12 70 64 8 16 22 72 47 19 7 84 44 57 40 23 42 9 89 66 22 85 69 62 9 41 15 39 7 77 4 58 76 3 17 76 47 68 66 15 83 32 45 87 8 44 66 6 71 89 50 12 28 21 50 50 1 35 75 77 98 29 2 42 67 36 15 59 50 31 99 17 46 65 44 20 96 10 53 97 25 2 48 15 10 22 20 25 51 57 15 24 3 80 97 42 16 79 55 81 2 26 13 69 15 12 38 1 96 34 81 91 86 54 18 34 46 66 38 79 57 57 72 97 61 39 21 72 78 89 70 72 70 94 48 22 18 91 64 96 74 44 55 43 10 73 31 49 32 52 62 81 85 82 95 10 94 89 46 92 56 84 77 71 91 12 82 45 64 81 29 15 25 80 15 22 20 24 43 45 96 64 54 25 95 40 37 78 8 18 90 18 39 76 93 83 0 30 75 52 79 30 51 28 83 40 95 8 7 4 1 0 61 37 20 81 75 32 27 88 13 54 52 74 63 84 2 52 28 65 54 39 93 29 
87 89 87 50 76 11 73 11 81 45 28 68 99 42 69 6 64 94 53 61 4 44 55 99 79 89 34 49 82 81 64 66 2 70 47 20 7 34 52 7 59 54 45 35 36 55 27 74 10 89 33 5 48 30 95 84 21 51 75 75 51 33 37 7 95 51 69 78 19 50 47 48 96 29 45 61 91 58 54 31 53 56 34 27 59 75 28 15 49 52 35 19 16 81 72 4 41 15 79 48 71 32 21 3 64 51 77 61 36 38 16 19 76 96 95 54 92 78 36 76 94 10 24 60 65 36 51 94 72 21 22 34 43 80 23 39 83 93 63 72 63 49 98 80 98 56 24 58 36 30 88 61 26 25 0 93 48 4 10 8 59 46 1 17 45 60 17 23 33 25 52 47 4 77 41 7 38 6 86 90 41 31 55 3 74 5 34 94 38 97 24 81 83 62 77 99 13 7 83 32 93 28 75 30 25 26 0 52 39 79 35 21 61 55 2 93 7 17 7 80 50 41 68 59 3 73 43 54 69 21 24 52 71 83 62 29 61 61 58 98 59 28 68 13 16 19 93 16 53 26 49 53 15 24 95 20 79 63 42 46 97 41 53 44 67 89 51 0 42 31 3 60 41 13 9 49 19 75 34 48 12 24 25 73 32 32 98 40 4 90 36 9 19 53 89 97 84 36 50 5 91 16 15 1 12 57 93 30 54 34 69 19 69 1 47 13 32 53 60 68 86 34 36 68 98 63 34 64 47 6 23 93 53 20 50 93 3 35 11 44 16 89 3 13 95 72 98 71 70 51 61 80 2 2 62 71 77 9 17 41 39 9 0 34 94 86 64 26 58 92 88 19 33 9 42 30 41 62 7 41 17 51 44 27 61 36 35 74 93 44 42 63 85 4 25 64 50 65 57 54 6 65 65 6 11 14 26 88 38 51 20 17 29 36 33 45 74 62 0 89 31 2 44 1 73 70 78 38 33 64 19 70 22 53 7 99 3 68 52 41 21 36 94 9 6 11 62 9 23 9 68 72 97 92 12 25 34 16 12 27 81 76 38 46 95 26 93 38 36 46 81 73 17 69 55 99 93 12 99 34 63 16 56 86 31 41 53 68 23 9 53 12 53 92 70 91 81 73 6 17 
38 48 34 40 10 46 85 3 91 37 35 80 82 40 1 77 56 87 42 25 96 9 15 7 82 11 53 75 84 45 95 3 26 13 10 59 36 2 6 42 95 26 58 5 44 85 86 30 8 73 83 51 47 11 76 47 41 82 92 75 42 75 35 69 11 27 27 3 11 60 75 92 35 93 91 64 12 98 97 0 31 89 1 70 50 16 55 16 55 42 48 59 72 89 14 4 45 48 25 88 24 52 16 90 1 56 72 40 45 1 57 43 61 25 12 79 99 95 12 93 50 22 38 6 95 5 80 22 0 28 71 45 96 77 59 0 87 51 44 20 38 18 34 34 97 76 20 61 32 38 17 14 13 76 42 2 38 29 76 69 42 31 76 86 99 0 79 70 16 48 24 35 98 65 57 87 20 40 84 29 87 15 48 53 45 93 3 65 99 73 52 23 8 1 80 22 72 20 98 17 74 39 47 5 75 38 97 21 42 17 38 34 47 24 56 41 67 54 41 25 83 28 85 75 19 89 84 57 97 29 14 10 10 47 79 98 59 92 81 41 86 31 85 74 20 12 8 38 96 77 29 58 35 16 83 16 70 0 77 57 30 82 87 95 31 94 85 51 73 52 37 51 66 97 14 15 62 99 36 55 56 47 26 5 63 79 79 75 72 35 22 71 46 12 54 98 86 69 11 87 62 68 29 26 7 18 56 67 1 47 77 36 65 62 11 53 2 77 68 72 90 97 84 7 40 91 29 95 13 56 88 68 70 18 77 41 72 19 40 5 45 22 81 40 78 75 23 21 55 86 70 0 67 26 5 78 25 78 60 36 87 32 73 84 75 68 41 10 1 85 38 73 57 60 17 96 67 88 36 48 99 62 37 95 19 66 18 15 15 29 94 56 31 15 55 99 67 97 71 25 14 74 47 85 0 72 5 87 62 75 7 46 89 3 34 71 19 76 47 62 62 28 41 98 56 4 34 83 85 19 74 62 0 65 84 55 2 7 42 19 83 42 2 73 36 28 5 31 91 86 93 9 36 36 76 95 71 47 52 73 28 3 41 85 31 39 25 96 32 33 82 3 2 37 33 14 45 47 33 94 86 34 54 28 34 0 74 6 33 62 55 0 69 29 48 31 11 9 46 24 
78 45 57 61 64 80 87 56 73 88 76 72 90 85 40 19 0 90 45 72 26 7 8 57 35 84 45 64 12 59 12 12 97 35 61 24 30 53 4 35 23 10 12 8 70 27 65 46 64 29 22 49 56 65 56 21 20 1 10 15 53 63 78 76 8 36 69 12 20 16 78 61 55 61 12 40 48 10 33 48 81 71 83 81 80 48 52 99 97 28 81 8 33 31 99 6 88 54 43 32 65 69 22 94 19 57 33 76 3 33 83 71 18 36 53 82 16 84 5 93 64 48 70 18 79 11 39 73 34 52 23 79 0 66 60 93 25 71 53 28 89 30 94 30 0 87 63 88 31 2 85 29 51 89 41 22 87 82 66 63 30 84 48 27 23 89 77 42 99 66 73 82 31 90 83 58 38 8 34 57 2 40 81 59 17 74 6 87 30 6 58 58 75 32 23 44 57 58 88 62 76 50 4 86 88 32 64 13 84 64 68 39 34 8 47 68 9 75 2 91 27 35 66 43 0 42 68 32 41 62 76 74 19 22 96 20 74 92 82 30 93 5 80 3 75 20 29 17 66 75 74 31 14 92 29 95 57 98 29 45 99 14 35 92 60 48 25 98 34 6 16 48 8 28 4 30 30 56 62 0 93 55 82 19 44 51 5 52 14 7 84 36 33 4 80 8 81 23 42 8 52 65 16 4 18 30 86 75 40 49 82 7 63 59 23 20 23 74 23 50 33 72 96 29 25 54 26 31 22 83 59 6 60 33 51 28 0 39 78 88 18 79 77 82 28 57 66 24 14 64 52 99 4 60 96 69 17 30 87 5 55 18 52 52 17 41 66 14 55 1 26 49 33 52 68 81 29 95 26 24 17 12 5 89 22 55 37 61 85 62 44 16 35 14 40 68 44 47 85 9 49 55 78 96 2 6 36 38 6 5 1 93 50 11 33 4 78 24 93 18 89 79 77 82 7 36 70 86 32 57 34 48 55 74 6 42 7 59 54 14 8 14 77 71 1 49 92 33 71 3 92 41 98 76 33 20 86 52 36 40 86 35 27 55 86 53 45 59 52 82 85 88 83 79 89 98 97 19 51 8 46 45 19 95 81 14 17 86 2 17 48 67 76 39 88 5 50 98 21 49 
10 3 95 90 81 40 60 15 14 67 66 37 89 5 61 81 34 15 75 13 49 92 22 89 98 32 32 28 25 91 53 72 0 53 2 81 99 80 42 73 64 24 36 11 52 50 79 45 64 93 40 68 40 5 38 84 43 95 96 7 48 87 54 87 75 1 52 63 15 2 50 0 2 88 33 52 87 61 27 96 19 74 78 36 8 29 75 52 75 42 71 4 51 5 14 87 13 57 27 7 20 66 7 29 7 41 68 32 40 17 55 69 59 71 94 16 26 45 89 37 27 68 90 68 1 54 4 43 57 44 94 62 15 93 76 24 81 10 57 41 91 23 60 46 39 18 78 37 12 41 30 31 49 66 59 7 80 93 93 85 10 87 11 56 28 1 57 12 91 76 48 51 99 90 38 98 95 94 2 32 8 91 73 64 33 64 56 1 8 18 60 30 60 81 35 96 24 86 20 23 59 50 4 85 2 63 9 39 51 56 81 65 55 0 42 23 45 0 42 15 65 63 43 4 92 7 53 17 58 41 63 34 26 67 84 16 26 21 49 19 21 57 19 50 72 38 55 91 69 97 28 10 21 70 41 90 96 37 68 12 55 16 28 2 54 93 8 99 80 78 3 27 56 96 68 88 35 55 14 14 48 37 22 75 56 51 34 92 64 31 88 2 71 18 93 21 85 16 92 60 77 29 76 65 28 19 80 61 37 6 11 30 53 30 70 98 26 23 21 15 79 60 54 81 33 5 26 48 88 75 19 21 36 23 0 81 53 38 41 32 42 58 2 31 96 9 73 23 20 82 38 49 69 27 61 90 52 20 30 35 58 61 49 87 47 36 56 7 99 77 85 99 14 13 50 91 70 59 22 4 88 56 71 30 23 72 66 77 67 43 23 33 95 33 20 8 47 65 94 67 92 80 19 85 45 49 48 28 34 85 6 54 50 42 21 27 75 4 16 81 21 7 71 33 49 9 48 33 84 28 63 69 23 65 5 7 69 92 29 20 39 89 77 5 91 81 7 48 21 72 23 6 12 16 25 58 66 48 51 6 67 74 13 60 98 68 38 54 39 4 28 48 46 98 97 38 18 46 38 1 89 75 65 17 0 59 2 89 36 19 28 70 15 18 80 48 61 12 9 54 
36 3 39 99 13 88 92 49 96 65 38 4 85 4 20 20 44 62 77 29 29 44 27 34 78 8 46 28 45 24 24 64 48 44 40 79 10 25 16 40 86 16 21 5 89 60 44 62 6 36 60 51 12 57 95 91 33 74 81 48 30 60 98 6 48 76 79 49 93 78 7 74 29 15 35 9 74 44 43 49 78 99 65 47 18 80 90 68 43 28 51 61 8 68 90 38 54 77 58 97 24 64 10 52 92 79 6 56 9 64 90 69 16 81 12 45 31 31 89 49 18 78 97 65 39 29 6 5 36 20 86 50 43 86 76 66 52 25 79 33 88 71 29 49 65 2 23 84 53 44 16 40 73 52 56 13 28 51 77 5 60 79 96 56 6 68 59 7 91 57 27 32 74 66 40 85 59 68 70 85 1 76 72 92 9 54 95 2 36 18 76 42 59 5 83 43 36 51 67 29 33 59 79 87 72 32 14 59 75 20 6 27 12 61 68 72 14 96 90 23 67 94 60 53 75 19 69 51 56 10 65 14 42 29 15 88 98 25 86 90 49 6 49 11 50 76 20 74 37 37 83 2 75 57 18 2 71 37 52 59 32 98 45 52 73 84 98 90 84 17 78 39 83 9 42 39 60 6 22 19 81 21 17 95 60 73 55 98 97 22 92 77 31 66 14 91 12 80 41 73 7 77 70 45 45 87 29 16 19 9 78 9 8 82 12 22 94 78 4 72 95 17 30 47 56 64 13 19 51 23 67 61 31 90 14 4 54 49 58 71 61 40 16 15 42 54 81 41 49 39 38 85 43 66 56 12 43 49 15 28 60 98 1 67 25 45 70 81 38 85 85 74 84 28 72 3 81 29 1 89 33 61 11 4 63 18 24 62 46 16 33 70 29 55 39 36 2 19 11 89 68 67 94 40 51 88 57 45 65 36 64 77 54 61 33 3 88 59 32 64 77 36 25 37 10 67 37 21 0 46 31 34 31 12 71 10 72 9 82 56 42 82 51 37 61 45 20 48 12 34 89 52 46 89 69 27 85 94 42 27 11 70 99 27 43 70 93 40 89 92 72 22 75 21 42 82 61 93 95 56 63 34 26 48 14 89 50 26 58 65 18 87 56 77 38 71 22 33 7 18 
64 11 42 35 47 88 61 72 35 68 77 87 83 36 71 11 68 46 74 3 57 75 80 43 12 51 41 41 63 28 64 46 77 84 50 21 90 9 41 24 95 62 63 90 21 98 14 56 86 84 60 91 79 87 50 14 23 17 59 13 56 63 97 43 66 75 60 75 70 20 23 66 95 64 70 74 94 96 39 6 9 25 79 23 43 50 52 71 20 26 69 65 83 6 14 67 14 59 18 58 45 65 72 81 53 78 19 54 35 66 99 91 78 56 10 70 89 8 31 93 34 31 8 90 79 61 99 44 24 29 88 99 5 93 87 16 74 49 87 17 67 29 72 26 1 67 31 46 24 27 60 10 83 15 99 8 45 91 75 59 81 78 82 71 67 38 74 44 29 47 4 81 42 48 63 57 40 38 67 19 90 91 43 31 57 27 77 93 87 6 89 69 24 53 26 84 1 81 35 96 54 5 55 29 65 62 3 51 96 13 35 22 91 34 7 63 31 87 37 75 46 86 67 18 27 47 72 23 61 58 49 36 17 49 20 29 1 81 96 64 27 26 59 30 83 72 95 56 96 21 20 85 96 62 83 15 34 95 9 14 70 70 9 9 43 54 92 6 91 61 15 38 55 82 31 85 4 74 78 78 46 82 23 84 24 70 23 67 32 9 34 86 31 66 3 80 33 35 95 12 28 80 83 94 1 20 46 65 51 99 39 46 69 20 31 15 40 82 74 42 19 61 65 77 8 30 15 34 93 37 75 84 28 25 21 88 20 75 85 80 80 14 60 95 26 81 92 79 41 54 32 90 93 51 80 79 84 50 96 81 22 55 60 75 89 11 79 97 3 15 20 29 72 47 69 24 42 85 11 30 10 48 84 96 8 45 85 7 3 80 91 17 64 25 59 36 35 86 25 71 15 80 5 7 65 35 90 39 56 90 50 83 53 12 94 91 56 10 8 88 2 61 62 60 49 78 55 31 24 34 10 53 26 57 8 85 44 88 84 78 73 22 19 67 21 42 35 13 55 65 86 32 3 26 12 18 15 73 93 45 8 63 30 10 31 89 86 93 16 12 8 58 69 59 17 1 64 68 89 45 53 0 84 68 11 3 97 23 37 60 70 48 25 46 94 69 98 20 10 5 
82 87 60 34 7 80 1 62 26 47 56 97 17 78 94 35 65 28 16 32 63 74 79 35 71 28 20 9 58 83 67 36 40 41 84 31 22 67 73 21 93 12 17 35 99 37 82 12 48 71 34 81 32 68 25 93 14 88 37 82 33 55 17 47 12 51 63 43 25 3 56 68 51 71 85 92 5 42 64 93 78 15 79 75 96 45 73 83 49 90 33 93 57 93 49 13 4 68 81 43 61 88 84 32 8 41 46 94 50 69 89 37 35 14 53 40 43 0 85 65 49 19 70 41 2 68 0 80 39 83 93 50 4 78 81 99 98 63 50 36 29 71 18 84 73 53 81 56 70 52 57 72 69 78 6 98 0 43 66 9 98 72 75 23 40 6 96 50 8 31 60 1 63 0 36 81 37 57 95 60 0 52 40 91 12 62 0 5 97 23 11 63 62 69 10 79 11 53 5 95 77 26 84 15 57 83 83 39 48 53 35 28 45 30 79 41 77 33 41 30 16 17 90 39 55 67 76 57 75 21 91 22 43 29 21 29 54 40 32 56 7 42 36 46 60 85 47 22 4 41 49 90 33 67 78 18 77 84 0 52 24 1 92 23 18 14 3 77 75 46 96 12 8 10 1 95 33 55 13 95 38 92 57 49 71 69 93 4 67 41 7 63 26 47 44 39 23 58 30 83 7 40 98 88 2 91 40 54 34 84 39 12 38 41 20 11 51 81 59 72 71 64 6 98 19 36 44 11 31 83 37 47 66 98 12 28 11 89 65 5 59 63 8 24 30 93 34 30 4 59 74 67 91 53 17 97 83 22 77 37 48 2 40 11 33 41 10 96 48 76 5 91 47 37 47 75 77 4 20 43 19 86 43 53 84 24 76 46 38 76 94 73 26 45 25 22 31 47 43 85 98 91 88 19 64 49 13 20 70 66 95 44 1 12 81 8 65 81 35 41 64 90 53 43 72 10 78 75 50 81 35 23 56 21 37 56 73 93 82 50 30 19 46 19 32 56 85 29 40 95 86 23 33 48 76 58 9 9 41 21 71 86 23 63 52 35 17 8 50 17 94 21 53 63 78 44 17 38 34 79 30 40 73 89 32 70 83 92 26 83 60 61 3 16 41 26 59 44 67 69 
0 41 60 20 41 97 76 80 96 75 73 47 50 70 48 22 40 13 77 78 84 30 34 11 3 40 47 73 49 1 53 88 56 36 34 19 63 74 80 50 46 78 87 61 49 44 58 38 86 42 48 27 69 3 52 31 22 63 17 95 30 27 73 14 64 26 65 28 99 21 45 12 38 22 78 32 72 99 31 32 94 63 55 8 51 61 12 66 82 6 73 26 42 53 70 50 20 63 81 23 90 24 12 79 85 99 80 64 62 40 13 12 94 12 19 43 14 36 87 37 98 79 82 28 87 28 38 79 2 86 20 24 72 30 51 84 91 14 90 52 46 80 57 31 25 96 30 66 54 6 19 22 13 42 85 59 65 22 82 77 24 42 66 45 78 66 81 17 12 17 77 50 71 52 66 48 48 85 29 2 21 3 3 23 49 5 39 81 99 84 62 96 8 79 31 47 68 23 68 60 77 79 73 52 24 49 11 54 11 39 19 47 52 7 89 14 70 38 64 42 72 77 94 78 39 59 5 74 76 98 86 65 2 36 20 69 86 47 37 19 23 93 32 22 42 16 3 7 97 55 57 62 31 58 48 31 82 4 17 88 63 86 98 47 23 42 96 33 37 77 99 93 43 95 96 57 20 94 73 1 22 84 80 22 72 58 25 71 46 29 97 97 98 22 42 76 58 68 72 1 79 70 54 1 30 72 47 74 27 19 76 76 57 30 34 76 37 91 34 92 85 92 34 94 6 70 19 37 87 21 53 33 9 99 26 87 36 46 21 77 40 94 73 26 79 37 83 77 14 9 25 94 15 44 18 61 37 57 86 37 5 16 98 30 28 89 97 28 67 87 99 94 11 47 49 90 18 92 12 35 2 97 56 69 69 4 37 85 68 63 4 32 10 98 46 90 95 58 71 36 10 50 61 80 6 48 13 46 82 50 77 86 80 88 61 85 24 66 76 90 48 73 23 41 59 15 52 57 38 53 92 64 66 84 83 68 33 26 49 30 59 53 55 26 27 70 77 85 70 63 10 5 14 13 72 53 6 91 67 58 46 19 37 39 29 64 31 12 29 36 8 44 29 52 7 94 98 55 70 51 70 65 41 93 37 49 78 61 15 82 20 0 84 45 29 34 13 78 76 0 
45 71 49 72 41 4 9 5 17 74 97 63 17 53 69 74 69 14 56 1 79 68 3 51 58 16 46 42 70 12 59 98 77 12 47 90 55 76 30 83 65 28 41 38 89 3 79 54 33 48 31 15 27 82 26 72 4 46 19 70 34 39 97 93 11 34 61 51 54 20 92 38 15 77 28 56 89 97 23 65 12 22 68 26 88 12 39 4 45 95 58 47 44 44 22 30 43 49 39 47 59 34 38 52 79 20 24 37 64 55 69 74 52 52 69 82 38 70 3 94 46 25 84 98 30 92 14 32 89 88 39 31 83 59 1 75 52 14 83 11 40 80 82 77 11 1 75 46 77 31 46 52 45 46 67 9 21 30 89 38 3 15 14 59 55 61 43 48 16 7 73 3 64 0 1 7 5 42 67 69 0 99 62 66 66 47 80 7 0 76 21 46 73 53 92 57 13 70 73 23 70 98 89 68 49 93 8 78 40 85 81 68 53 46 2 70 93 2 64 0 59 21 2 24 74 63 89 16 58 74 47 22 54 4 5 95 95 23 66 75 19 29 6 42 56 23 63 38 31 64 71 24 62 96 75 67 92 45 11 29 97 14 85 22 71 43 36 27 87 52 18 46 51 57 82 74 42 41 91 15 9 96 42 77 66 36 99 62 71 42 14 80 55 54 56 29 52 36 33 25 22 83 82 49 5 84 67 73 7 27 23 44 36 18 70 22 74 57 89 52 9 11 23 66 79 85 89 45 71 47 60 57 89 49 94 12 90 27 58 96 84 11 37 71 16 48 76 33 48 49 33 50 45 8 60 85 48 91 85 42 79 88 9 41 9 14 92 99 57 83 73 63 19 36 20 3 48 58 36 13 20 80 20 71 65 5 92 8 67 71 31 83 34 92 2 15 68 19 49 56 3 5 38 50 44 36 96 46 0 91 52 38 34 3 51 32 62 14 54 57 29 57 66 51 97 29 43 29 81 90 96 88 40 96 54 12 9 77 38 24 82 12 86 59 9 18 28 94 6 67 92 89 0 69 27 57 4 23 19 14 99 72 59 91 20 72 14 4 82 4 25 1 15 17 57 3 65 53 23 30 51 22 13 83 39 26 47 72 25 50 15 90 33 91 28 1 81 14 61 3 
0 19 39 9 93 21 66 95 19 49 47 28 93 76 87 28 78 23 59 49 48 34 88 15 32 95 41 17 24 32 64 9 30 61 27 34 2 63 90 58 41 81 37 31 0 37 50 36 49 4 49 48 69 75 20 85 67 49 41 77 9 10 12 31 70 39 76 8 64 56 19 32 43 23 18 13 17 43 3 29 74 40 28 82 10 5 18 34 11 41 54 8 63 27 92 17 50 98 89 98 59 55 88 25 99 14 0 59 86 20 54 54 86 87 6 40 66 91 42 73 57 93 30 66 38 6 86 26 93 62 84 82 39 95 34 61 96 7 0 9 52 83 96 99 11 72 99 41 80 54 70 0 25 90 53 17 69 44 54 97 55 41 63 46 78 72 19 74 85 68 84 32 4 72 15 0 39 19 98 44 53 70 31 41 98 84 18 46 6 85 61 88 86 15 79 66 39 62 21 5 33 89 47 97 68 56 64 53 80 5 1 87 5 48 96 4 12 75 7 55 97 9 65 70 74 84 95 36 97 14 67 42 77 43 81 58 65 57 93 78 46 88 66 78 32 96 92 47 97 31 34 41 20 5 99 76 84 36 67 57 92 87 17 52 16 40 96 32 54 41 61 96 5 46 35 74 39 10 23 60 99 29 59 80 25 87 52 83 76 20 1 23 29 96 64 90 66 28 94 34 0 3 4 67 90 18 84 95 64 82 7 30 43 59 4 93 87 23 88 14 69 45 73 42 58 39 51 36 76 25 14 73 29 48 33 35 83 7 92 28 66 71 53 55 67 3 93 99 31 37 34 74 29 17 29 21 74 11 59 40 93 71 5 89 26 43 38 3 11 98 85 41 82 59 14 17 93 69 60 0 69 99 48 30 60 16 54 4 22 15 73 21 89 59 85 2 39 97 78 23 63 63 85 81 89 55 41 83 2 19 18 30 30 28 33 95 98 51 84 23 23 52 64 92 7 67 73 53 80 74 44 36 6 86 9 1 85 45 18 88 22 49 5 24 81 84 59 13 18 72 63 23 24 97 44 35 28 59 13 14 86 78 44 48 12 94 86 33 67 99 5 60 36 44 72 52 97 57 3 7 33 54 16 42 71 94 1 26 3 41 63 77 4 37 82 49 10 79 56 82 
