492694 464447 507806 478980 476281 476120 457540 491555 475613 523736 522668 510443 490251 506057 482879 529360 508060 449280 510730 501463 514522 518794 478778 507783 523991 534679 467139 529347 469549 499280 492921 514296 491465 543781 520384 460412 481139 480619 442817 483281 529673 523862 483284 489664 525549 504424 509554 455015 511228 483481 476000 491680 504877 510485 476405 505927 450539 525184 476320 505044 527804 512712 510168 512849 503554 529032 529415 484551 534825 529565 499700 526417 470764 525141 497291 490542 510182 506685 506801 473781 534506 517449 503607 510443 514608 473805 549445 468541 493555 499548 471293 492342 493505 440233 576605 500484 490411 476889 515693 509731 503696 496587 466642 440434 514323 482335 510227 482428 490720 510800 489218 491829 524208 521181 484520 471129 476789 501009 532760 481906 533042 503113 514700 447303 500702 473710 488538 495481 480468 508541 489654 487087 463257 467938 471305 458197 487989 491692 462778 461250 492827 564497 494672 495863 490571 473164 501980 505066 501226 478985 486551 475981 485461 499846 529669 548293 484875 521224 489541 509960 499690 525085 507014 533909 500074 452784 487231 513102 503622 489972 467687 524433 487879 442646 519362 506668 499360 514772 529310 492430 523014 483789 538700 525903 490129 547191 495830 473801 503631 472458 481880 506381 542800 522249 489819 518783 493642 518034 543661 502182 
526720 480328 525857 503291 504041 477447 467876 507984 491822 545693 523331 506568 504857 522990 501233 514245 505502 474745 533530 526591 550391 515104 476857 511261 513993 516107 489303 561460 478812 503568 477827 515547 494158 527256 517866 464428 482959 527187 469536 481431 552587 487365 522428 506782 530800 500561 515130 494118 484329 495770 494243 532381 497162 497203 472064 521192 457591 500907 472242 512967 541962 529729 522686 528471 506332 524951 516208 507189 514405 538471 523114 534290 477090 512693 502986 507333 542883 494367 510958 485057 560508 528246 516458 505387 506421 496276 550037 487217 495873 493508 458340 529781 510370 456647 562682 522100 472017 481718 541382 523379 482865 502305 493084 473498 524386 493161 513392 493367 499041 499505 513235 489627 523589 507742 482915 486175 503408 512605 553911 487082 539543 529361 534579 465529 524254 483856 501587 517633 509044 488195 508610 512424 464059 494621 486548 463687 487590 501552 472514 471430 514119 559901 496455 513584 488359 474070 515515 508661 497917 494533 487998 470922 499158 488938 527316 562866 476303 545747 529710 492740 520343 535847 500056 538774 505579 457396 486884 499755 532953 505142 483101 532407 485918 443304 529407 508051 500348 510546 536452 533783 510220 489614 533891 543324 513029 538123 487427 500959 513709 484588 464637 541075 526665 516633 537758 482379 518864 508717 542147 503332 
446461 441343 441758 428439 441584 431295 417347 414579 422669 452848 455646 450748 457625 459009 452162 459088 451413 426995 466095 438094 459374 463236 427035 464069 479236 461431 413127 467237 425143 447362 429715 453167 456680 499240 465066 406624 422815 460870 423903 420313 475817 455445 466069 441839 482075 454561 460828 431609 435450 443140 443546 461978 437547 447467 409022 483196 420475 470822 443849 463919 463171 453330 460825 446806 453884 462263 453344 450709 458001 465488 454466 483290 431473 454853 428429 438132 485336 435974 454628 432606 462837 478368 447290 462137 466052 431968 485693 424937 422309 463241 423282 447700 449463 383886 498952 471131 448746 445575 453445 495509 450405 451872 452799 417498 452043 436966 455819 449204 438930 458492 441733 443960 478683 460986 463055 400777 435553 458271 504505 415264 445211 487442 478671 445151 481470 436559 448146 454094 450022 452295 457364 446265 427826 425650 422965 422292 439874 447338 435219 430040 429802 480466 443769 450711 440620 421582 467936 451742 458626 476939 438962 444549 463801 463604 484299 479133 434240 482993 453765 454458 443794 460612 446619 511782 458075 411776 441250 450256 441686 432153 427336 478318 448880 409647 479688 467951 452797 474865 475668 475809 422881 430010 473546 498115 452035 493993 460838 445471 446718 419654 451603 465453 481039 448171 500589 434245 443850 471543 480304 438037 
467307 432020 464679 433803 462259 440826 428059 464590 454785 508432 472243 462551 463012 458441 440102 479809 439113 431628 472673 456118 495067 482905 434896 482144 463436 475808 420425 472149 419926 439214 439528 464735 464881 491545 463411 416735 454761 477992 407310 452373 477391 456239 462346 443576 460577 440772 462092 421939 450756 443691 417090 475427 463347 465824 421850 487426 415419 479476 428971 473392 473741 486371 470864 457551 441436 477036 475946 457947 464117 443153 457273 445221 430626 463254 460612 456927 475569 465988 451754 405103 497257 496797 462646 483005 461491 428282 498011 451288 461283 444836 410644 477310 456726 403973 498923 458399 450574 440695 491623 487378 449063 483089 455311 421917 452890 458045 442122 452694 450951 478490 483724 437135 476843 463158 453845 406842 456767 445133 489434 425757 511060 486585 469122 435063 487464 449364 434196 459041 453427 443624 460150 448950 432726 405356 434777 439497 459008 435833 430898 432388 456844 490114 458202 477999 460617 438876 460184 451125 425399 452013 461029 465837 450037 465305 499294 514836 453946 487183 467804 466059 449452 474836 476728 487626 453960 406126 456505 463692 470752 453382 426770 473790 465921 405312 479438 467839 439108 475445 487822 479560 454879 459631 468945 482618 469948 477846 448925 444229 474083 447617 442081 452537 492147 465312 475191 457216 465185 484183 483150 461898 
507496 451455 510660 490196 499555 474856 434333 478703 483917 515063 502912 488160 500674 509227 497201 525316 503108 455946 506067 482697 518765 496060 469801 522054 493604 505097 457204 512838 463200 496197 484879 510284 469807 535772 509665 453984 466730 508173 459049 474565 525863 495834 486559 489508 504733 493145 490244 464734 496307 479875 480338 489217 497260 511346 479186 515903 462040 506118 484376 467150 489963 517992 517410 511351 450664 526843 487275 504290 508185 490824 502510 532804 487955 493407 501095 488689 513708 493481 472813 467449 531940 515397 492023 516603 488515 505484 536157 451652 507687 483311 481527 515126 470734 441891 531784 516599 513762 494697 523284 499225 493666 485233 473425 463898 489363 473851 468671 489039 474883 491938 481173 503073 512354 481010 478319 459834 469139 489878 532338 497543 497228 517395 503548 476440 507282 494398 489190 500001 489454 490754 512895 507133 450956 462567 469156 467056 487494 468724 473414 476473 482398 556578 490832 487030 476657 467935 512906 504184 471897 482292 467215 478697 483786 503972 520602 555770 505068 517706 512815 496111 473017 507507 489157 538885 491192 448849 477671 530971 508698 476142 475030 523248 458974 433871 518823 511600 482633 496541 522332 520180 487099 492323 523952 514927 527967 510731 485632 479494 491825 477869 472314 507800 539672 494806 526645 485411 488061 508128 538003 479946 
429951 404922 439610 443410 444652 429763 421537 420877 414563 469780 462358 457754 460551 457134 424513 477946 450109 434902 467509 441112 466310 466936 422674 453188 462938 468306 437951 488157 409349 447887 441613 459471 466035 464407 459620 400556 404878 443421 391155 431943 483535 437565 445375 438822 466023 430651 458827 421076 426513 422803 430902 448654 427533 460760 411694 463384 419240 459444 423890 471871 472452 467020 466795 455777 434868 459013 457774 427985 480377 470264 444779 492092 439256 470740 464133 422932 479266 454270 434543 422677 489223 462150 465669 431793 461496 425247 494863 420025 438369 430975 429238 436665 438304 412945 492660 460331 442123 456661 443948 458100 453404 448388 439757 419441 450530 444411 439359 474198 432799 438360 451019 438824 471225 439419 459662 402092 426962 426019 475426 427118 467118 460279 462681 426182 451393 433703 456935 424054 463094 417729 432290 454464 410640 428298 428280 417198 460726 445285 425197 423080 432902 478556 443090 455412 416211 416341 431871 459628 455226 418888 427286 443632 441740 448068 509823 493203 454719 455785 458255 433315 418312 494464 442278 497758 444559 391942 417902 466940 429392 433253 413187 449433 428115 382410 467848 467191 463481 468907 476885 476885 415735 422145 474827 469009 453685 479560 450938 440652 458596 434195 413912 460486 465956 458154 484969 437569 455753 455468 479566 427182 
507199 489760 477405 470143 486634 457420 441537 470917 479405 511229 512370 497038 510166 482496 461252 521830 481293 464247 489388 496250 503636 502302 460197 516628 505816 517719 471250 511644 444467 476243 496517 510821 473658 518783 504031 439850 453286 498086 455848 466517 513212 489057 496099 471843 514026 472074 491281 464839 478304 484561 489912 501479 495424 496166 444563 517517 456559 501159 467356 499627 495528 497098 505470 491995 477367 516888 500325 492545 525798 506258 490698 518284 487156 502832 475456 468800 513701 497691 490644 463232 519505 501843 488592 481756 506199 461880 542922 453439 487955 490055 470523 497435 473323 425302 526678 473728 491729 482471 521791 506664 488532 490002 493269 479887 488531 455483 490561 475774 463227 509625 480014 461090 490043 502076 493583 445006 484770 502588 530026 457463 499030 507804 506188 464042 500466 478954 496194 479138 483398 472676 481964 512402 443588 449223 468754 460197 458472 480006 459545 452996 479755 498804 507886 501984 488355 471018 499662 496375 496906 514799 443120 480686 494884 478480 533111 551347 491117 487443 486656 483974 469815 507623 476915 531267 476213 442415 473188 494334 490005 483436 479544 497906 463934 427728 510700 498484 471810 502934 533534 496845 501205 481441 503516 514625 491432 542419 504899 457114 511027 458709 479705 494649 502995 500953 495785 492614 491456 536966 519377 487167 
471231 448023 445486 436992 434154 411365 414419 448530 440022 485620 469290 473207 453897 450536 442105 477626 432634 412629 458020 427724 471324 454894 442328 480251 469466 471806 436904 453302 427506 459781 440529 421882 444363 504870 467465 408615 446980 463421 414362 434398 480344 457644 436953 449065 452082 469646 471789 420889 453959 422571 422023 467130 482105 438494 439858 487081 428011 466853 429268 458319 449095 471810 449795 418443 446979 464349 454023 421712 460510 460756 455605 475291 415655 450412 454805 445470 456326 457873 444975 434806 489922 476749 443548 451655 444350 446204 466763 433942 432898 451804 431709 446672 446151 404059 471360 460044 455245 443537 454308 467355 453181 481925 443214 438370 447967 426960 467859 431922 442173 448646 444653 432232 460911 463338 461464 428427 434375 435975 504263 431935 463565 458506 471991 421087 465687 397130 440664 452104 447861 448741 441332 445845 420285 421856 442961 435087 469158 441646 408064 419200 426333 490626 445635 455616 432090 408796 474057 449739 466855 439171 431243 439850 461648 472924 486786 500785 429860 469517 466075 454461 465677 466130 446381 483857 457606 417566 440493 434139 446641 433523 417036 464412 426970 384984 485132 441657 466848 469146 473904 472095 455138 438655 468820 488155 454024 479069 454623 417457 455492 456084 424190 447329 494895 449966 448491 431750 443533 462062 473177 461937 
527084 509325 517989 502199 491308 495133 468472 508731 509680 581695 539801 513021 525128 509750 487189 528048 501042 499312 530742 517100 529234 531708 505670 551041 551251 546373 496346 533246 470424 525876 516788 542743 524679 582465 530641 472049 482077 531054 463250 502911 543560 502902 518234 517556 524235 514357 526359 464106 516033 517453 510693 508802 537450 527187 495019 540513 458878 529479 497106 533367 526929 513994 526975 515082 518304 554752 531302 530676 542720 525146 521561 531086 502253 548771 515687 513161 522591 520927 505040 492456 546766 540496 525461 530770 533306 516750 543747 492180 525388 489706 476211 515482 531788 455559 577017 540049 519886 491913 556593 544037 494306 523434 503290 501679 530965 514058 515380 526002 488356 524720 524953 491065 542937 522820 538290 472330 516677 502522 555719 460790 531300 544387 538288 505022 538289 506775 521545 511675 515734 523722 510671 513444 484992 491144 498794 470750 516543 500780 482133 492301 520893 560950 521125 523200 507911 500473 526015 520269 542900 518766 480311 510833 497684 509471 547758 576642 496103 536837 531856 516016 505053 529147 514487 553281 520670 460058 482477 515869 517617 499500 478746 545621 521043 447425 535212 514483 518276 529414 558214 544791 506951 503930 546269 543479 511018 565290 503189 518213 524696 511597 473609 527096 536779 515525 547892 512030 518513 555238 558900 530814 
554810 514627 501874 519238 528193 503022 482468 516655 493098 562219 544149 524834 508459 527533 495258 528985 499907 489595 529404 512616 548593 551868 480259 501385 540074 532887 492271 566917 477584 511491 511512 544323 520664 557562 522874 476894 496724 526446 471362 500068 571470 513363 525463 489084 542077 496264 527818 485604 517371 523613 511407 531313 522170 521843 490263 539014 471416 530479 489222 525410 517780 543213 525910 535108 508074 522635 525154 521288 549278 540385 529501 530833 493792 524833 519636 507598 564080 511808 510905 489714 559229 558168 521280 496876 525142 494508 534892 507364 505259 496356 497934 543996 511117 457410 566435 497933 528719 510721 558071 538556 531101 506021 509776 498038 517580 514296 519848 511906 505718 528450 538611 488245 541295 520164 508071 473052 511162 525224 559452 463693 550786 514135 559509 500945 526783 519478 512096 521718 509473 511846 525361 511399 483339 494070 494950 479887 512613 527108 487449 486715 505108 547593 533153 526114 506445 488797 535749 516653 509544 527652 488112 514037 515392 505684 534378 570047 499231 544450 523158 529041 500695 531804 538580 575224 524341 456362 501043 537434 517802 530689 501185 532423 521756 454638 540506 538672 520693 517114 550436 531976 514747 495575 561829 566935 508046 572704 501907 486451 536540 496775 487848 514718 549337 519932 526645 484758 519439 544947 545781 521559 
510706 501005 530498 521802 525000 488587 495820 491049 487952 557229 528716 522124 538568 522579 515765 537851 514693 507169 528500 515171 551586 550706 495892 539422 526864 543751 504869 552889 491292 503097 520928 549981 508325 564929 519793 457844 485851 526573 470648 510770 535788 499292 507375 502820 538507 513908 524257 498135 502821 521349 495350 521883 512587 538446 480575 529612 514871 512602 472525 527394 521882 529735 542550 520140 509586 540175 526716 513227 536279 533106 516958 559324 514140 525546 522518 492991 554489 512232 508646 515460 563933 530176 525444 538490 514805 510943 564366 498416 514188 496635 492537 510839 500182 447511 582756 521296 515991 516752 503882 545859 505145 508901 522977 475410 509291 469592 518701 506104 499577 513178 513998 525823 527085 523327 504851 483565 500135 512077 550298 475904 536759 529211 532784 484471 530285 521967 525244 494768 523510 511415 525218 515623 465262 497338 486835 462616 509604 512481 484293 481267 503300 557626 498332 521118 503898 488897 548233 527810 510584 500178 483522 478872 513552 522075 557936 567877 508481 535342 525883 507592 512045 518475 522716 570384 490965 460302 484157 537214 515924 516149 493224 550113 491435 455714 533899 535032 516941 507142 551743 548949 507717 503684 549258 551223 521011 556325 517324 494850 511631 491060 474817 535762 543827 521915 547310 510226 519140 545837 549194 491673 
493468 453332 477040 479004 493557 456530 435665 470238 477959 513905 484936 482862 503612 495144 481396 502848 473986 454524 497428 483328 499523 484128 460613 502135 497965 533263 468532 519459 458299 474947 489419 492255 478842 534098 484094 446355 449527 492561 445292 464604 526387 481247 476397 465887 506677 502398 493531 459173 476430 458631 477669 496893 480266 489574 457001 481081 452238 485841 483746 506701 510924 509339 510401 467929 485550 510581 499878 477909 512754 509646 486501 491331 446815 499454 522677 457761 509368 485640 487318 477781 513663 484356 501735 507405 502441 480580 533809 452919 492894 481767 463938 500570 473789 432473 531006 492073 482944 466570 512497 523245 455685 482050 458969 445114 491241 443871 499026 482539 453465 480429 502326 480667 499078 495105 489232 439383 469925 465242 530970 443274 496810 521810 515109 442318 492106 476515 487076 469765 462952 488339 499174 482951 453605 469087 464381 459646 488197 469867 453579 458531 479226 523417 481756 476301 482025 462847 501304 488359 482799 491942 460219 467477 481941 470553 518869 540709 482541 527496 506700 485202 471167 525247 462811 519105 494859 452362 475146 484589 483039 468041 460884 510829 471092 420935 540485 497558 486639 489098 511007 488860 472332 455248 518183 512090 492210 540738 472915 461533 499552 468416 491293 478783 499865 508298 491971 474100 477773 508024 532027 480659 
478046 436854 478912 466275 458798 440002 443249 440127 422731 480954 479427 465320 472295 478528 445144 487388 446401 434939 456761 485672 473708 478611 422484 473745 481432 475906 439051 510973 431963 465526 475409 488728 469376 505035 454176 431721 468295 485767 425809 460971 501700 466485 455835 456200 506122 459121 465687 436865 480144 432344 434698 484075 473984 462562 453334 489406 420186 487337 416245 480428 489597 480669 478817 442212 449499 485014 489529 468943 478428 488300 467256 494050 450690 481016 438773 442763 486493 461613 459212 441642 508391 476018 477626 472109 468974 441034 512481 451256 462795 450461 428520 461054 471998 401280 517243 484347 485374 470954 505410 475023 473913 459845 458590 456310 470741 452902 446279 438881 442768 486907 466230 446702 495474 457259 456467 413647 456071 465411 490791 453522 493016 476178 493683 451851 464646 474010 480308 465763 471668 459467 478983 479688 425229 427108 452775 444397 483749 453269 415514 440232 446880 502703 450229 487172 491122 434896 476702 469654 453190 455829 473674 460229 457173 469389 486585 503595 475172 470806 479377 465658 456580 485062 467111 504217 479402 418090 446712 443680 450102 468760 420332 488600 471812 406023 464246 480181 468182 460567 485873 493821 470793 448354 478831 491942 462271 480895 455030 443365 474257 450389 450355 475359 497144 463907 505535 471567 470889 491689 487770 465679 
482510 446613 437115 438389 459283 447071 405734 434929 450456 496587 474728 439417 473211 451648 450923 472520 446938 422764 476942 481234 481832 460134 419899 467934 475627 474143 430072 451916 426994 437837 448061 466553 441772 485727 474901 415419 430991 445783 420131 442809 459996 411225 483406 442518 490137 442822 463947 428701 468289 462699 433360 474665 476151 490983 432513 471231 434531 469162 433844 450045 446171 475682 465372 466407 457978 479227 463162 435857 474851 464843 475143 481995 426487 459395 468698 461239 475065 456305 443109 444915 481883 467856 465955 469873 470706 439736 479180 432005 436196 449440 432992 454052 448090 390664 472678 460301 453983 432176 481043 481226 455943 465833 451837 457420 463960 448976 469080 450129 436939 455253 446555 448845 451440 478080 471472 411870 435293 438716 494041 428866 472640 484696 458510 457994 473370 465357 446633 474526 454166 463777 453305 452547 420551 419944 445250 423240 450907 453381 424468 435438 441773 481535 465545 471103 462593 447677 471535 474291 465007 459768 414932 439627 452145 466189 486157 508738 442237 472626 468780 446602 465780 475332 440038 505692 453535 439131 447718 472569 471793 449885 437999 489846 430504 419791 469935 444555 485960 468604 488576 467828 471131 450682 480305 488179 433905 477674 452569 468263 467551 440113 440275 483159 458656 450138 454441 463014 438419 477737 463302 456329 
498196 453402 505083 486762 492149 476230 430212 487738 478038 550460 481642 476275 486907 489378 488740 509371 470627 450569 495863 488920 532183 499391 453807 506673 506640 497421 452092 508873 468756 483169 495628 463199 480007 549641 493759 445629 486201 465536 445471 484570 511236 459306 493955 491071 510889 503213 494928 477559 499119 483948 463558 498418 478726 507567 483415 503627 462346 487408 455890 495775 483397 512664 504545 499769 474666 510490 486443 471315 503579 505341 496866 516031 461156 528001 505043 484172 510105 491587 484178 447346 545748 503757 493477 503761 496480 503014 518915 451281 494739 471645 458378 488947 478173 432620 533348 493619 466716 473675 523870 514947 479854 507704 488331 474270 481388 471923 497619 490950 466386 510828 500443 497642 503904 492019 464009 427128 472910 466186 520670 479205 505732 511940 502970 452467 478479 485072 502016 508936 490267 459527 511639 497345 445607 466930 466848 472968 489962 488965 467668 465967 489735 527271 470621 494265 478047 465294 502110 494792 477224 476986 457080 486223 501590 504469 506888 533795 503698 519906 499246 465337 485827 515875 495013 542753 475124 458959 498051 505359 486406 469125 460618 537750 466565 432420 533974 489939 496605 477108 516819 519244 486572 493398 504746 507165 504997 537078 480211 475655 499540 455959 464518 505607 521876 491412 503585 492775 475924 501420 525416 475142 
481956 462033 469148 455800 468824 451219 433343 462711 448252 513753 491149 467639 459656 480216 470604 494410 457990 441415 478048 460017 495330 491289 438713 490502 480948 484048 451898 513298 458455 472201 477969 454208 456446 504647 460524 424155 444343 481668 426862 430421 470304 448728 483792 485334 507525 459172 491699 443898 475196 448699 457226 481941 470999 472573 458960 482161 422131 484705 457174 481198 479064 483849 481480 502899 461491 477555 482797 471803 492791 476662 482694 509115 449359 479366 463776 480001 504586 466440 460399 447978 514641 464285 494341 460473 479077 469895 499247 442617 474466 445249 420888 482786 463317 415810 500886 480449 474033 453440 491305 471891 464402 492269 477451 455323 460208 441328 482330 483967 447525 460535 474957 459289 479384 480396 477738 433721 471504 482186 515989 455727 472871 490141 492172 443268 475425 475360 487817 492666 498509 481517 494187 478195 429167 438747 456591 451229 455526 471767 420352 437317 465350 519512 489403 473048 458260 442353 489114 462252 450567 487565 454495 465759 490330 463710 506402 532936 469657 501448 480327 456326 484560 496830 465393 530115 462296 431621 450996 490724 473400 467948 459704 503139 461153 423576 505876 489116 475950 492703 495493 516252 480179 468748 483627 494551 470991 532125 467615 451217 469266 458139 446838 475589 494891 472124 478152 448870 462419 494365 499529 475096 
497871 474024 496872 495624 498286 470958 455544 474520 445715 517990 509858 486086 499190 512405 449606 514499 476726 455943 492609 479849 498669 475164 464519 511613 492175 521853 470448 511444 466203 482581 482421 490000 472783 534155 507302 423400 439428 503060 435399 476349 522972 490001 500163 481215 512280 505897 479331 470152 486071 475360 466910 499023 468004 493516 446213 506710 453520 487467 452019 508435 487377 505299 499177 484035 478274 491659 466922 485888 534909 492911 510899 536449 442011 488418 490415 468328 493945 471033 491289 479967 529684 511818 494743 486414 503511 473446 530393 466799 493089 507402 447742 494079 473948 428881 527149 492085 497062 454193 514246 498977 511156 482254 473985 475988 468782 457063 480781 485810 462029 506116 490734 459779 495474 476825 496893 455427 464896 491772 517575 460192 510627 517975 486515 447103 487070 474041 482324 454820 482912 491289 494260 497890 447559 453969 462036 467957 483904 477339 446780 452956 469575 506825 496974 496491 476186 456004 516811 500486 495966 483285 476374 478699 492964 479277 522332 544964 482048 502286 513375 478237 456423 507342 481929 549098 480942 452922 462885 493390 478190 487870 466336 472286 485413 434932 530393 499358 485848 471623 506942 514330 480268 491960 516043 504900 482653 545131 487756 451859 482101 468135 473127 496504 525356 493527 512861 484670 500666 490963 529431 466117 
495097 448031 486600 465525 464798 463870 455553 444550 467162 511272 491543 501674 469848 495557 465582 504641 476715 457540 495327 475602 509921 489948 434680 505923 476610 506144 446381 511969 459950 458760 466731 492634 459090 527861 498412 452155 456900 474266 434334 465785 516023 466218 474064 460972 514302 500411 474345 419799 480732 477226 459392 489331 475514 487597 450208 522195 435217 499015 451643 457638 498804 502180 486759 484156 448791 507383 492765 480926 508938 492429 495922 497181 465619 485867 490024 440379 497094 479207 469037 461961 510647 492978 497290 495605 500071 445251 529390 463594 477176 468277 451371 466197 484469 428025 522287 487645 477413 465682 500637 499758 459209 473531 467380 433958 486801 478393 474430 461048 483970 482046 494320 462820 488937 475300 482442 444038 461380 471129 535556 475295 510382 484891 497463 451395 505099 479261 493911 503149 475507 484399 497877 463831 456399 446367 480032 431142 487706 478693 459602 429125 471025 538799 472508 464579 474678 455758 527078 488182 453809 479578 489624 470177 457890 486173 507202 523243 461122 496223 469733 497276 482508 502377 480671 509392 475122 431813 457798 478526 467482 495373 453725 506306 465441 439393 502070 476615 495975 465612 527229 495018 506913 471348 506683 499122 509821 518825 500358 460754 473718 451088 463057 484827 535632 468040 499974 484285 475874 502038 504457 485111 
493048 483243 496130 480477 491124 484035 446661 472461 464239 527846 514996 520943 519069 523136 458223 534998 489852 462284 510968 480722 499972 508944 463895 511557 513168 511564 474304 530921 466999 494606 475733 513142 473407 547350 504528 417969 462090 504224 476182 468780 508783 475573 510526 479009 510344 503405 481680 456874 474566 471198 444915 513800 467601 501188 445618 499139 459634 503364 464482 501421 517584 502987 505032 510316 461424 503732 513446 472460 506224 503717 495744 539313 473382 505765 501440 487758 483991 503088 489278 481885 549700 502468 506115 493667 502306 495214 536961 470930 474428 474613 458339 508711 481542 437066 535010 498736 498211 498928 519513 523485 486184 523890 485181 474324 498760 491232 502764 515569 466822 499927 501430 471729 515869 483243 512947 460590 473042 494849 538067 462588 516972 486307 497668 496218 507807 489884 497576 492793 502059 473049 500077 502479 437392 467815 475685 475643 477211 491134 450011 455192 478354 560942 511799 487294 466105 451893 507350 515628 496142 475756 451935 468223 506837 481690 540553 561738 476637 533662 502195 497709 496030 501285 476303 532008 481204 434650 461438 490209 490496 494698 472636 527733 491598 448701 535521 515104 489623 505481 520731 515087 497172 467471 517536 534499 502099 551693 496229 467453 489364 481231 475247 510740 507793 491413 518833 492511 503985 498916 513133 458393 
476211 448374 467050 437108 455596 457540 447577 453831 461383 508787 481067 485118 487401 459312 458651 507251 471995 443502 490017 462548 486024 469635 470563 500999 492358 492560 451391 496854 443267 474772 468757 474677 469523 493470 481628 419167 453925 469912 440280 452355 475659 476112 472264 473045 497389 457451 496122 433486 469066 477875 455659 474360 475361 472992 459294 507430 430037 475052 430010 457407 485399 458660 451857 460942 453439 493365 483848 451496 489758 483695 483759 498439 441570 476541 462525 464361 489168 488327 469017 460036 496488 492669 471473 481758 500674 444232 512070 451198 446010 465026 443280 480915 457194 411409 513179 480853 457516 457575 467490 475308 456643 464852 457911 437373 441434 449657 481283 471545 462165 471555 477438 451107 478470 473410 483216 430211 448271 466984 507361 450801 476413 470032 484529 444835 488983 467370 473316 464042 463705 471745 476143 474196 435890 425979 446808 443012 464524 465951 436203 450475 453732 514103 460839 476426 454909 445159 470922 469710 476960 456355 451379 460731 474949 461492 501838 519404 451720 482351 468075 483449 459357 501673 473073 509031 466891 422662 471040 497992 452061 445336 457594 503674 470697 414842 504099 462605 489054 485823 478125 462325 486515 467745 505863 526305 471212 513156 474617 470430 456747 430289 460002 457118 507724 455485 489111 467203 463147 485404 522111 466109 
497107 450138 464423 473500 471227 464056 437816 487435 464511 534146 511433 489388 497938 485738 469975 494432 494225 457066 492096 480852 498637 504105 464059 506505 509378 487156 463829 525304 449501 463746 496998 494070 479217 517034 489091 444880 476032 496436 448641 468518 525313 454812 498463 465437 518900 471086 502218 456358 492483 462882 450704 507843 475667 507414 450610 496663 449206 495479 451495 475160 489449 509513 495525 499908 470457 498878 516033 462690 490104 479224 490419 511129 444359 502814 488962 460297 511241 473099 446180 463345 512959 489054 496814 492104 509957 477149 521024 465907 470585 467108 458296 509368 451945 428390 516934 494215 483205 478582 515559 488978 477447 457993 471868 462042 491112 492387 474830 475639 493657 486907 485422 486332 488607 471045 486106 426925 484049 489257 529210 444375 507332 485689 507783 469728 476859 488795 496715 517183 479277 485234 489411 496928 441964 467225 462340 449166 490944 473714 448691 466723 469884 523421 495332 490607 494268 452527 495425 470998 483900 495556 492210 480176 477613 453023 525226 523270 481285 510235 514814 489702 473336 506075 482281 519913 494386 427372 485793 520730 496931 471211 483832 498550 470669 417979 506630 498717 486125 501177 504411 507068 480051 459850 501690 519200 499223 537550 445931 467008 466499 440883 463030 473037 508087 500957 500556 476768 488135 504742 515035 479373 
518878 475197 493447 485817 473869 450450 434723 474204 462794 501590 512430 489835 490758 491578 473367 532200 476779 451765 512783 488353 495994 510023 467000 482779 492727 487367 459729 496047 459355 480589 444800 498933 481054 524484 493432 434119 463687 489196 444690 481390 538596 468281 489040 474132 496570 489574 496868 456445 484893 468860 472658 477551 484973 533322 433290 498512 459869 501047 456919 473548 498615 505265 497508 505100 458236 506234 493802 450030 492172 485863 488706 515257 446897 495165 486046 472909 489596 509932 496832 473777 518964 477038 511728 490302 496442 472125 519915 459987 466312 483334 456194 513532 482058 446769 521611 487542 500924 465817 509741 509636 482780 506107 474475 480291 487896 449005 519609 460413 465546 499373 474575 452119 489247 514656 485242 441081 474772 494680 536777 436330 501556 498140 505238 473843 484130 474766 486778 459709 481080 486123 489067 496858 445731 459568 490134 463386 508965 490280 439425 444956 470215 531281 481579 488099 475314 465750 506671 472640 487983 457957 451650 478609 500444 487609 514254 508793 453954 515886 503947 476306 465476 512333 500684 523823 491855 422295 448061 481841 497012 476858 441501 512771 464717 437632 523748 481498 480592 488219 520828 511178 484365 451876 492790 518373 484550 504333 465307 463425 487472 466057 446855 496409 502929 481194 511697 494252 483527 492703 499513 484008 
523426 472870 516712 480145 501975 486366 481209 481437 505116 526914 518073 521070 509495 524682 492166 523785 497721 469879 510703 510600 535769 512463 457663 516855 505487 517491 467668 534409 502961 490359 492365 504914 506965 555079 506299 451719 497893 501481 462357 492059 528085 487392 512286 488340 519591 515050 511086 480703 500007 485096 466529 526266 491994 499130 489852 518600 466055 503456 475262 516202 527456 511387 518081 524741 474853 508624 506660 499196 514152 522105 507011 521697 478483 505694 513977 466693 548805 503865 486364 490351 560964 508016 513273 498123 493199 515265 535308 456657 515078 495273 474639 508071 527427 448255 516242 512807 497025 504168 527163 513876 493343 508131 497659 473349 503342 479492 506056 516620 487104 496256 496839 489390 520617 515219 500588 450589 480804 501974 555902 462881 512926 497415 529446 491975 511254 492421 511038 515320 488936 493824 503419 481014 459868 485426 491391 483725 501256 499245 471928 471928 484894 545600 490633 517611 506290 485381 514519 497475 513598 511637 467339 491429 507721 527033 536149 560888 486978 543324 528505 498054 490171 531429 504039 537893 508795 456500 467786 503425 510557 497566 459201 533961 507267 450268 524821 517820 510946 526971 532754 535783 495692 491108 509163 538837 516269 548178 495916 479407 494508 503529 486675 510839 538548 509614 537444 506916 494433 518093 526522 517826 
499743 461433 494910 487885 489837 469789 453432 466755 471391 539229 485673 488727 499901 494055 487488 497681 463352 462954 498275 485983 520727 497702 460714 512298 515164 523261 478255 517504 454437 474974 490692 488369 497813 549567 483538 421637 431862 501730 426096 482807 511623 475067 500723 478392 499946 498425 506186 461708 468168 487444 467012 485675 489480 507590 468579 520903 473666 486606 460173 498770 508158 509863 497163 488799 479556 519558 485210 480423 501572 499811 502220 489634 468238 509179 497299 497766 521379 478354 481206 484889 543620 518810 482919 505555 481423 489565 522201 453001 488877 474603 450622 504804 491712 432211 535622 511980 501365 478082 514716 524734 493389 493142 481112 466311 479583 471529 469605 476632 462150 500324 495923 495035 500722 485014 486972 441032 482416 488225 520335 464298 498370 496409 512338 467823 488624 483572 498128 489868 505966 485183 497006 483576 446358 471100 463815 459305 497409 490737 444052 460579 483374 508842 502863 513036 478069 483901 506761 502777 502899 496070 469892 470213 487617 490707 531702 542679 491497 513847 488647 492181 464083 509901 473860 524084 502683 462464 470937 484436 484246 490260 440518 527744 470972 413877 534574 477758 471768 498511 535505 521247 460226 482985 515372 520533 505131 538724 473376 464906 475350 498940 449148 504934 523986 506112 538380 479131 474279 505160 543543 478426 
504672 471978 493612 502327 486780 493969 463929 471362 495449 504993 499729 503340 523147 493660 488897 511364 471975 458627 503626 478383 510573 493879 473763 511632 531232 512456 455798 538678 465673 515732 484820 526818 501416 515318 510400 424178 491154 508300 467421 476691 510492 489024 499330 489456 544819 488979 485960 464113 509388 485821 484374 526059 483615 494997 503509 502063 449481 488759 463981 526004 504114 496283 518484 506423 467133 513663 525547 496392 504679 510640 487775 500851 497064 516561 493354 486633 533675 484278 479488 490561 537126 509598 493374 508691 513897 491645 563205 475302 496546 473226 461412 517899 497777 440836 518388 508235 490178 496178 528107 512854 492303 515224 489175 486444 528534 484347 495541 480599 477875 512729 515271 479367 504289 491781 496400 460459 483805 520018 525304 461352 506389 512521 524693 466138 504553 498730 495736 497056 490809 500352 510941 496842 465438 465150 465114 472321 512407 482434 478148 468719 482061 547822 495912 507239 506851 463056 517098 503772 505783 505018 486201 494542 503960 497404 541188 563186 521212 508957 507182 496911 482949 529124 500611 541360 495750 454968 483497 507782 517570 499778 467166 521668 503754 399606 531172 522602 516558 492343 530140 479017 529776 487215 517890 548050 513352 539375 500916 465955 492744 493777 473925 511071 538080 499459 524760 478487 510939 522838 541904 513559 
502436 438043 434492 466549 458001 449520 410723 480063 447221 477924 479817 478043 480983 482090 443836 498528 460191 446992 472781 461476 494824 467186 419788 480649 489116 464710 454575 505019 447746 472207 461353 478107 441972 516559 483021 437539 445264 472951 418284 443734 487072 442858 492571 430407 503481 474884 460835 443114 450025 451617 430460 495008 473123 455812 439669 480499 428646 472804 433915 471166 473031 468039 479578 465457 464555 481477 488277 456101 494196 476851 487043 491157 438603 485530 458690 482198 486334 452672 460460 468405 501656 498633 470968 457946 479489 454206 485999 447741 459977 457380 448282 474839 454311 419677 515564 479605 456208 449699 496366 484685 455436 480700 447880 447358 449637 458209 471817 459190 471342 462844 454353 460945 493001 473881 477732 445059 440673 477892 530874 438464 483553 477996 486472 438630 470433 479590 448266 471141 468290 456903 475268 473965 420306 440415 458140 454313 468069 473895 428751 439488 455437 478796 454752 473932 429970 446762 491434 478759 467228 473801 460774 438454 474385 464612 495181 518512 468584 464967 494345 464329 464793 480787 435667 492007 471806 417212 468163 468309 469200 465902 464755 490858 465163 407256 483398 471890 477013 483038 493338 479198 472749 454290 499105 494170 464008 497716 445206 459178 484468 456052 439115 453457 479315 469374 470130 443921 468945 475590 489482 475065 
487800 454934 470688 455821 457114 458364 452078 447867 455081 511742 494818 494445 477895 483286 473752 501157 470592 444086 471627 486668 513178 478044 446559 498804 509747 492037 453777 510981 463051 456400 463583 474423 487800 504966 469890 399295 444610 471186 447603 459981 518299 484078 494005 463719 491935 485991 456126 450864 492554 451977 457156 497134 467448 488499 440335 491522 447978 477541 461319 501424 508052 472998 481596 474970 477661 500537 477961 454243 502082 501742 487054 495428 437692 494514 467098 454421 505471 468468 489007 480522 528160 481450 498411 487748 486231 454980 511275 447571 485902 468496 434967 476990 446031 415705 516940 476952 452360 469227 487644 510516 474974 479319 456405 432789 470952 458786 479298 463636 486510 480931 487794 457611 503960 489576 468135 423884 455589 453999 518928 433353 481205 485428 482509 436377 469218 471183 483871 493983 447469 466453 498307 472935 440167 468109 467074 438126 463475 474332 452372 441567 489885 517409 488410 478067 478677 451733 485306 480583 476769 483877 450498 427111 501298 475916 494830 516414 468249 508224 481680 482910 447285 513011 497497 528506 449758 429116 444844 459009 476621 449263 443276 511316 465201 455109 535591 469980 470595 485514 497114 482044 476842 437703 505315 500335 484710 529822 480849 465281 448222 432565 467220 465154 493164 466656 484839 463566 449125 489421 506000 470176 
469737 474656 466326 473993 457607 441269 431093 455168 468978 504724 482546 501684 484227 476030 469727 515287 461511 440842 474076 482425 493717 465801 453076 499243 489998 486422 452620 506116 451207 437179 442584 486226 474858 507796 489660 412283 446150 460537 428244 459448 517431 475324 480362 455534 503205 487602 497775 432893 478304 448615 452888 485685 460330 467115 440995 479752 446573 478247 467230 486152 503030 454827 480647 466378 463324 495546 501191 458690 507155 488920 490943 513145 448784 469906 509519 443497 494420 479256 462392 465331 499517 472815 473680 476688 495097 464767 508466 428708 449662 471146 452356 475698 486669 417338 502161 480604 480419 452414 487655 472388 454208 460331 450363 451861 464500 465797 471824 474903 480529 476919 476701 441678 495047 474265 503757 437620 461459 443516 520550 435196 482675 475554 485251 468000 463103 447650 496406 491505 475762 479793 465800 481463 421219 444645 456929 435972 483026 474508 442761 442432 466515 518387 488362 476167 466220 475933 493671 480285 480720 480548 457696 467433 494899 489262 502150 511291 465127 489858 485161 463924 441474 498965 470829 503624 476921 427487 443459 484430 450584 467178 449268 487673 454562 433129 524885 467089 480864 493024 510745 495872 476284 454736 503512 503577 497966 518389 460401 450449 480608 466807 455613 476192 502526 493396 494478 481312 438855 488401 514976 474199 
530920 493687 514641 512211 519234 489023 478329 485079 497246 563957 542055 526811 520159 502194 505366 547875 496298 486641 528959 518277 528682 527615 479133 521632 538294 555224 502628 534221 486497 529522 498772 515312 532568 561207 508783 484557 514707 526127 462303 523396 549179 515948 514571 507285 537705 510061 541133 475555 505918 497187 511669 547633 493928 532449 496807 547165 476995 536579 463013 523945 520005 529846 526932 521169 516862 539505 531358 505300 541062 540726 531452 543570 482534 541701 491128 523358 546233 527481 524731 511596 562831 542161 526160 533553 509732 507309 548677 497190 517455 525680 502565 513375 491033 454114 568169 537643 519201 505443 539760 545414 511428 530149 489931 488906 530376 491866 523418 482853 521885 505315 523894 495014 528292 531316 518709 479713 525628 517411 560836 479506 543678 516070 544005 497480 516128 509324 516219 512504 532876 515985 510098 533122 470323 485279 494521 487898 530678 528164 466502 490590 517542 562338 502628 521374 494787 523399 504928 521521 506745 506593 482537 496794 509864 519584 547370 554493 488388 549339 528584 518227 515764 560516 519969 574074 524699 479516 514936 518402 518443 494629 465762 530186 501674 445196 537016 512276 520461 516893 537944 530211 525272 488301 544596 547012 515910 541280 510331 498621 510285 486498 495303 521598 579525 519046 542784 502667 508925 528740 555779 494804 
513005 465346 504051 506847 510761 487258 467676 502944 496393 543534 516077 506479 526637 538555 499447 535351 500691 473404 539825 507712 527382 516444 485422 506347 530564 545985 499621 522569 479930 490707 510135 509141 489993 550449 510896 458472 487289 522690 469703 499747 552408 489730 514776 503889 550057 511353 512532 483911 489401 508286 493941 508352 514656 513666 492204 519351 493042 517846 508020 512502 546859 518653 532484 521863 494999 530140 502954 514516 506337 539598 542560 536979 497631 523281 500075 492174 548229 515831 502512 498126 565828 524932 535408 498284 529476 504345 564397 481039 507278 483159 472305 524836 521584 430643 544426 531134 509327 512479 538258 535375 527955 514792 518062 478584 524342 485276 523903 504217 476986 522503 510805 512908 507896 515399 503354 458844 515070 498692 545804 482784 510017 542140 528415 462744 513076 501009 508141 526228 512230 518511 527527 483615 474602 469018 480040 458990 505752 504764 492446 477185 499664 547443 497593 510758 535827 497329 536040 523113 512649 535802 488771 483857 527415 496116 536365 555343 508874 544412 519902 491094 494504 531544 495882 561291 491189 462119 507603 511209 535132 497686 472465 577535 509623 464426 569717 515128 502966 516434 552296 527638 499380 502476 512495 522944 518338 545939 516918 482220 522323 493498 491900 515803 550216 522522 527616 520056 496550 509980 547254 501450 
544758 500634 557701 549278 538132 535847 493922 531964 517365 584797 540970 552102 539001 555735 545084 578591 548026 502041 563364 518799 565921 552349 493667 563172 542582 568146 515566 572840 540363 531822 539997 555222 529319 599871 547198 476276 502517 534305 485067 514099 573869 521962 547006 515794 558027 541997 563854 508436 542381 518516 520442 546176 552480 558042 496042 561604 514573 542729 516114 525808 556099 552078 556810 563222 519137 552388 536881 531305 560608 560527 563745 552295 529557 559183 547468 514292 566667 530624 508434 544125 594181 552648 541813 549151 548185 536919 582225 510653 535339 524541 514120 546166 523324 481524 562242 548102 562423 535034 552811 562277 540202 551210 511571 517972 530762 517582 540604 528978 522212 562119 545362 531681 552777 537877 555054 481962 519705 538204 576527 507906 547429 565937 558095 484864 540610 533364 553176 561401 555894 542307 558744 538646 492021 506894 521348 502288 536097 515997 505891 499695 532753 575442 552978 545006 529481 512347 557563 550601 560301 547207 514323 532115 553952 527161 565652 572377 546123 554259 542630 518359 539088 553417 539125 573116 527635 476828 508056 551271 530634 533015 519613 574336 549140 472784 588856 559645 536344 528038 577585 564442 530740 537489 590844 556686 535668 592406 527949 521240 546207 533250 487597 553204 581811 544349 573870 542382 514823 561788 589536 534807 
502090 462085 491912 486993 489803 465295 456943 480807 467565 529462 508847 497864 514726 514045 467773 515613 510772 463128 518304 498684 533965 490629 449061 521405 487937 480606 475106 536872 482320 478429 502153 497651 482418 549747 505962 453506 443809 497031 463399 467157 492805 483168 508801 483219 506746 483211 491658 458662 484135 495571 473461 501836 493235 498463 461172 512613 479599 492735 466247 468163 512276 504456 498593 513391 474320 508228 527622 479280 519623 507758 488542 537517 467078 519878 499545 486774 522137 501292 485381 463320 541456 515103 502352 514718 490411 485429 545983 478047 493178 473968 449572 498727 485303 436379 538440 527595 489323 462150 524249 522525 490703 500581 480303 472196 488096 489417 497252 487531 489304 493729 490618 483462 535113 506867 492554 451801 487420 508313 542285 459001 499552 504612 513960 450222 505499 469680 477674 499293 481633 496837 500538 473461 440982 464763 478697 474109 492735 478649 457549 467586 469713 520353 477142 501052 467857 464121 521766 498131 492118 513671 464744 468369 493739 491562 509278 563337 471585 514165 513454 478798 497453 524686 470703 542497 500812 454135 469392 524638 510241 479322 472271 500741 476462 451585 519658 487778 501848 508179 508396 510160 497475 495905 501258 510947 479034 538367 479204 485617 493861 463605 459375 509505 516316 482572 501550 492780 498779 502793 531200 496634 
453418 428359 461045 475566 462792 450912 418911 449465 440099 516564 464217 480237 480924 454031 464961 501857 459476 439356 446324 467129 457994 469113 444599 477567 473273 503863 444545 478254 451432 450713 460122 481134 464245 489985 458078 393450 444312 469304 438989 439581 485665 466568 454999 453115 479937 457799 467092 445074 467304 467477 439657 474813 458345 470551 437807 452574 435775 468363 443293 483238 480560 486317 499280 449530 445740 487593 472737 446511 468054 479636 472225 471770 450322 471778 468395 455560 491607 468447 430123 483229 492974 471155 466272 472442 467379 474216 504973 426082 448857 463048 441095 471427 449602 408883 489083 458365 469841 478123 470566 477570 449378 490891 459511 418839 463534 452585 465240 464936 440760 452733 450321 443622 473862 478411 468354 420548 446936 447408 493126 449537 473544 479303 478039 430484 458904 454411 466032 460222 476648 476479 461251 478742 402290 445073 417935 418326 466227 433493 432506 434922 453977 501076 469677 484604 458383 448186 457332 488073 465419 462521 453319 447690 470397 452786 496342 505347 459696 485266 476083 455091 469668 485258 460412 505855 461841 411747 442518 473390 456384 439098 450626 491057 465309 422134 523381 459998 466881 454506 474486 478082 459433 446145 478825 484642 482909 498049 453108 423676 483234 464619 452416 487950 492668 477286 492737 470279 459781 467386 479061 439172 
511094 479090 492177 480995 485329 472183 448694 479077 480625 529085 523879 482095 516625 501658 492030 508914 479202 430198 482304 499194 533363 488361 455964 524463 500224 518405 473884 521727 487535 490191 485994 513959 485433 525507 505215 465930 485321 504571 460763 455370 509104 459689 501993 497438 522067 493484 510294 454730 486648 483413 478298 510649 487915 487614 449745 510729 453335 486686 471156 512605 492840 520142 517314 497822 475805 526591 508830 487793 514982 502200 495490 530751 466105 507857 504652 483770 519825 495659 492587 485372 515624 520477 505003 511042 522538 495309 530711 461394 486567 494476 452597 506188 492722 426981 558339 509418 475444 480172 499664 498921 480634 480228 484406 487024 500415 483918 491272 476365 482579 501480 500596 486040 501695 504847 475664 464456 487166 472095 558889 459336 533701 517878 525645 469116 507828 484999 499133 507595 480962 483527 517945 471356 461433 454174 466820 472800 494888 490172 465300 470898 492505 510956 478614 496376 500502 475083 518777 495491 495560 476661 483201 495897 483911 495629 527543 547402 475158 514290 498913 491925 497759 526318 494072 542679 512451 448685 472929 505029 482132 501448 494549 499617 481099 443080 519913 501387 506457 483021 511925 512999 496959 475193 512695 518568 488296 533550 479618 476271 485327 488780 490220 490580 494223 489013 512986 491774 487840 546562 524511 502247 
485732 465984 481896 503455 487787 456592 451809 468943 475970 503769 476970 472462 492825 502727 464542 478952 479464 465171 486999 484644 510516 484846 469656 504577 491988 496813 453006 532017 461492 469068 464551 498665 506218 506890 478132 419988 437784 485616 445873 475562 506153 473278 482777 467486 523798 486892 474754 451006 493976 469516 471893 498206 481158 459867 457484 498985 454377 473995 452351 476907 498909 505946 503478 498110 462944 494750 491030 475248 481288 492258 477419 501831 482576 507870 515821 457952 528384 479799 459577 448831 521181 486761 478426 489392 476469 473459 518015 444671 471329 483024 445516 494799 462120 418734 538814 490715 499656 463715 492739 496704 477026 472612 468487 431502 482392 470738 466106 479108 488872 468561 478465 481405 488857 479458 493291 428517 479059 482044 514789 459375 496453 483102 499118 418713 502445 461300 501793 479333 477675 479367 476780 481717 432035 479636 460291 415976 486872 475359 456024 448804 478644 545240 487933 512133 452181 477562 482622 481005 470713 488769 466452 472442 483045 486828 514115 531785 443767 516911 502475 473627 480491 517199 479939 524064 508017 433652 456049 510497 502677 460259 467777 487166 469450 411628 516362 470053 483003 494618 499219 500087 471300 485678 526910 526880 479207 531710 444561 453639 480117 446599 447175 497884 529147 511389 493520 474318 478640 489282 520290 473018 
540018 486923 520287 521411 498735 481260 465839 516191 502272 546854 527338 505680 522069 524845 480461 537933 496526 483775 516454 511296 527412 529644 495095 543867 529953 510466 509875 535882 467294 510552 495523 521757 498539 558257 528659 458447 495624 512044 466785 507746 545417 501015 527131 507001 531475 505359 507916 477511 511482 508833 493102 507595 512408 501580 492556 531739 458575 518541 465962 495659 508156 518321 528893 512278 478227 534933 536094 513070 540338 527695 528485 535936 499871 533424 495411 517669 539374 501640 505097 492029 543312 540361 533661 532880 527677 499639 530699 480924 517717 490279 483153 517201 512618 460421 557760 513855 518957 504890 531958 550544 507445 521125 497082 476652 504758 506413 517084 519366 500120 516192 532618 485941 534196 512947 506744 473374 505203 515649 563041 475793 537826 520938 525120 490012 501071 489409 484646 519189 520115 529056 496302 520312 472863 489801 486432 498086 500359 496954 479111 497815 497865 524616 504103 510259 498224 471380 529475 513699 509525 493986 497402 502927 500613 508546 550029 560021 502290 520842 525758 523658 505196 526724 498523 555643 522250 472611 484441 537724 505045 504683 480721 530963 510278 434416 533404 535683 515741 523019 547293 540077 497443 504141 529316 536267 525347 554215 498767 489519 536903 523239 486707 527234 535531 519552 544929 510114 483529 543024 527687 512800 
524103 442395 488865 488854 502983 481651 463094 471289 467104 528787 497090 490597 487655 523313 469211 515802 475824 470772 506716 463317 535976 530520 484249 525692 500915 513476 470115 523106 446091 474258 470376 514760 488809 539815 522901 441755 431651 511758 451022 499552 532675 479055 513746 481284 514148 507555 471763 469138 493046 507472 487016 506060 493146 483943 475708 492246 459703 494530 444874 485725 517055 503581 505246 495403 475972 498175 495064 489229 495547 513797 494726 522103 472633 514999 489261 484470 517231 475637 473458 465513 535108 514405 493983 489430 506040 491568 519011 471121 502100 473329 457805 495884 502252 452932 523343 519633 492541 503864 522219 500424 491351 490146 491346 474478 496682 481933 477421 494696 496310 495516 514610 481857 497066 491013 515870 447952 477269 482313 562290 474662 502063 511895 500282 464231 499190 483233 476935 496863 508721 491448 499826 504163 469932 455762 478940 454113 469417 484432 460389 479477 463307 532039 482981 480497 490597 454547 518032 483367 490929 495469 458471 457424 478304 491845 526068 546182 481001 497304 513674 464665 490044 523991 490008 535797 494734 447911 465978 488600 492434 487393 467104 497931 478318 421847 519985 506341 492117 510703 531096 524977 460763 480688 501799 523000 526335 546197 482805 493423 497661 476997 459607 514660 504501 500311 526132 492047 513976 495033 520814 489795 
476995 461106 487109 452618 455774 450409 430691 440920 456712 493059 476430 470452 476351 466210 464543 488101 458604 437191 462660 488344 473671 468675 436636 490020 503337 468777 434451 508359 449325 462246 446526 494363 445035 506231 461970 397529 442133 471008 422518 441567 487240 448406 476522 473585 481949 463443 468735 412139 494790 464972 444838 451196 469426 486590 419445 486701 426766 454671 439801 463370 438256 469133 488709 480603 443390 496491 492739 471126 468520 492080 450787 499228 446071 484998 467041 453610 488045 447412 449556 451685 510058 470398 469121 481584 487821 473826 522604 431411 478833 437267 430866 466562 475156 426456 510882 476473 473648 458463 476055 509885 449142 482218 463195 474090 480918 459345 434868 451957 461667 503949 458611 465180 493582 450636 475058 446801 458266 461486 517923 423809 493625 489495 480134 452366 451476 457950 484437 476187 460261 451896 479167 478060 442427 438607 444635 428940 461635 466044 441332 445593 448753 511631 487077 466911 467541 437029 491023 475438 460570 431605 466836 459933 462631 464737 501751 508417 480677 487305 449333 489325 448145 488438 467493 509985 462492 425287 460807 475110 483481 466939 451544 496100 469919 402845 483027 488538 467118 462445 508126 465434 476100 458023 486147 492751 449032 513676 459267 462104 459757 485890 430106 473709 487277 468663 501155 458628 442532 489866 480348 475900 
523084 503956 528147 496894 502017 489557 459328 500895 485204 532125 540824 518159 520232 518568 509115 528854 501812 477927 534977 509326 528867 533901 500584 541211 539371 541414 469835 529749 489168 483202 508171 553787 496367 559552 525116 446570 493124 513251 464080 520548 529666 505916 511972 496966 542125 508511 530099 448497 526167 523923 488789 512694 506761 541279 471051 522787 491499 522276 478469 501359 524246 497930 521544 526240 492568 538661 513150 521715 524272 490381 523710 554586 486369 532483 529001 492516 526631 529117 504955 499144 543121 516783 527226 527571 560110 506640 545443 481106 479715 492810 478584 514689 528900 454881 548867 510004 535454 491708 502341 533970 511608 518347 488376 477008 502557 496299 513549 497401 505343 506279 539891 498796 523144 524810 537130 473278 486660 498041 554753 462945 545139 542299 552752 494962 521317 519742 508354 538617 507191 507891 532639 506373 460301 473179 488970 464609 525646 496628 499426 488131 507393 551505 508044 512658 491683 505495 535303 514674 527005 495942 478782 512027 525478 511948 563585 563416 501133 536225 503686 503543 506980 545929 524777 545449 529995 446913 476741 523366 493041 508389 485942 533829 505572 463412 550979 518942 526347 515458 546231 532752 522913 496602 540635 565330 523982 558421 520993 488121 523758 494759 485993 522986 546329 525223 532585 520640 511847 517834 529720 526709 
566730 510321 554308 523306 560140 526222 502920 502691 505904 549184 531653 531484 556330 550989 512358 549775 522937 501708 548588 519669 564696 532715 488279 565274 538274 536904 495792 551751 512339 537397 526159 551358 540340 560898 534617 480699 514475 545398 485068 536405 569158 526873 527568 520785 576982 537550 558561 491786 539263 530709 503205 530262 520168 554881 483794 548289 521039 531851 485975 551294 541826 547416 557233 559272 505498 557027 539061 525446 553423 504666 536326 554913 505734 531133 533007 523015 560305 521423 521025 527461 582964 539735 538402 542387 531788 503570 579398 518529 518926 521992 482767 555085 531929 457142 569524 557673 541706 513026 556420 531365 524019 535222 532875 506230 541167 508135 542851 513490 499521 531694 530888 536345 552260 519679 534149 494022 516029 552518 590187 513807 530338 549725 550996 515137 541898 521706 525337 533015 540010 536976 548415 548011 482090 481671 518544 499080 541484 520508 497669 493009 524940 589534 534133 526339 527805 505886 540688 541379 503473 515267 507268 512285 515459 529265 570988 599708 530640 570247 539332 514775 529134 558892 535743 554102 520956 459511 511154 537206 542037 520788 513195 542720 532463 481727 582485 557626 553162 519796 555369 575122 541192 517906 570872 566358 529996 566186 534771 508149 551342 520059 516267 563535 554324 548742 583062 507376 522747 539473 566038 559465 
474277 440568 464240 459692 478051 425445 425167 448821 424062 499994 486621 483778 460309 464641 430867 484770 457221 451864 478127 452743 480506 463887 456725 480016 484561 491522 444665 491978 431970 430775 468253 465274 435729 505534 464818 410410 445661 481752 419374 445544 488493 457240 464443 481952 482393 480438 477924 439350 457538 459576 437850 461566 460438 454051 430272 495460 433793 493529 426933 466901 453531 455619 474162 463333 453275 486988 490360 457496 493963 479075 480088 482669 429788 480571 474698 440649 480963 458786 448101 452936 518374 479610 481584 473270 490200 469328 492855 430914 486555 466366 447104 479161 464802 408961 505870 476133 458937 451631 465609 475264 467251 473191 459776 433671 453692 431220 462554 445673 468663 465994 469334 461333 471218 469958 459295 408753 453051 461961 499366 436383 493309 469819 469178 438875 472203 479757 460312 458533 454413 464297 468422 470255 409885 444887 442811 427909 444893 445633 420461 437609 464805 496965 465380 467109 451329 433114 483507 456702 461239 445238 455828 422483 467485 451708 501683 515578 457266 469908 466310 464881 454064 500182 461258 492173 444936 411127 457215 468107 460278 455376 426034 474701 436119 408875 491972 466203 449320 471201 482117 477900 454955 441491 490199 494869 459184 509178 458302 445646 474757 440605 457171 476006 504718 484566 463655 454007 475354 468394 493808 453325 
559569 495292 505340 514131 520920 479745 478797 504449 495882 532538 537130 534004 545622 503019 506853 552613 509543 490363 524905 513184 532916 558665 487530 531866 540791 542311 491316 547556 481820 523629 502489 541497 525365 559057 521411 474856 471708 534178 471097 497515 527804 484811 535532 499018 556817 514952 534130 499545 522586 516009 514176 533198 524602 542896 472736 533940 500849 541684 483060 538645 526621 537918 516439 522139 486813 545320 552463 505427 544086 530088 509263 544336 509938 539076 508233 516703 550176 510496 507234 506484 573044 521369 548871 529174 510397 504849 563065 487583 530722 503442 472902 523204 505831 443158 549311 531112 506300 515199 520332 541187 528326 536995 535781 495163 515318 491280 528213 521719 515516 521402 547875 509589 545384 538504 512127 457872 506862 501753 582848 485622 548525 519431 533461 493991 526378 518809 529818 526038 530327 511646 521808 526483 471273 477392 493942 468911 528721 530371 486494 486725 506045 523596 515281 534204 513413 488456 537507 530390 507686 506607 499741 504675 513034 509430 551584 579481 539868 526241 516148 525155 511171 551991 528616 560120 521843 469682 498150 503134 512416 508491 498956 553625 505415 479967 533550 529215 520671 526684 563240 519606 510310 499953 514922 527487 510690 568454 532926 509153 546471 496994 517491 539679 545365 518402 553254 502158 492131 561326 537544 506585 
496805 449755 492382 485116 493744 480201 457723 460235 439100 511771 487744 484084 488026 485670 460201 489077 471049 443401 488043 464146 513695 489134 453022 499300 485706 519480 441378 519529 472532 440992 460515 509814 463325 536134 488552 431914 443044 484700 438166 476641 502231 469666 507150 458809 490529 481524 462012 447625 478816 470997 442121 478302 456861 490112 457304 498386 438923 482640 460336 479547 494993 480064 473302 482044 473511 496780 485495 478041 492287 478564 497619 519589 466966 479125 483244 466583 498000 470073 466257 470376 538392 504257 477046 476649 491718 467416 497436 447511 470566 490475 443982 477732 482591 432639 521107 473556 492717 466595 503373 493585 489842 456819 462410 460655 482884 465494 461140 455249 482366 487450 483041 469390 477241 481272 489078 436177 466908 490841 524403 455293 517827 496534 491727 450063 473474 478763 469787 466858 494636 471122 492769 480137 430420 456879 455414 450413 458014 458667 454008 450539 455366 517132 474378 505749 457982 449515 507424 498505 471937 485812 453950 470197 475879 483790 511475 506546 497989 468476 490786 474384 472655 498928 463024 533822 480886 452212 469424 465434 478744 476527 448910 510416 450293 402759 507792 485822 474392 483387 509316 517035 460608 473367 494417 522339 484356 514587 479035 453853 490765 467694 447018 492581 499816 505043 508725 476915 467920 490979 517058 493079 
509365 479984 508369 502252 501754 496012 478554 492796 489934 546387 528360 525588 507519 503988 516589 527570 503228 494530 519378 501995 525197 516685 472107 516229 522225 508912 479575 542295 498558 504285 490689 519915 513883 530002 497689 438447 490013 492428 466038 491186 534377 499803 516152 497550 530407 497168 518703 490192 490971 501164 502460 508185 517119 515431 493568 517609 458124 517601 456715 525427 519291 507136 517922 516783 485811 541858 485173 502931 530498 513930 526265 544600 493274 525537 487696 493617 559631 498730 482320 503244 542616 525457 519952 524541 523963 496556 555147 471955 475190 511264 493137 508681 483628 461577 516278 497238 496708 513313 531330 525734 498620 494103 479027 492864 508071 486200 529160 520409 502679 499865 507918 501809 533397 516260 492336 460897 500103 512760 553351 488010 522412 522891 505934 466140 501257 510504 520387 511209 513102 509033 511394 502332 455567 469666 471167 472275 495511 513087 495784 477466 495183 535530 510991 509333 499051 499578 525423 502059 513551 513936 498672 474214 519659 524257 538384 566790 512053 537111 507120 508101 500893 528839 503444 557140 535383 456045 459940 503428 510428 494487 498768 526388 485271 455136 530978 502626 527663 501281 544813 518003 502615 510185 542653 518708 501381 552862 500149 483961 530207 459722 472229 511998 551019 488546 556125 497777 497961 532414 533889 500978 
494582 484138 492682 454873 472066 463082 446596 445952 470674 520161 496785 486377 507413 471120 474755 484200 489572 443115 462364 480483 493507 473622 431234 479430 496557 484114 456144 511618 434777 465272 466441 497432 465125 502291 458888 424402 450047 481870 437899 461185 495422 476265 482066 462422 480183 464880 493250 434104 474421 486452 439294 491654 466713 489481 454303 477278 451679 480749 447842 477447 503057 473817 490097 467709 450453 505439 479421 483707 501555 479090 466446 507677 444437 489243 459477 464345 502888 464337 454664 457434 513229 507266 469823 472487 487708 475540 520067 452512 459605 473250 454079 476944 479758 413741 505324 491661 486312 459348 509528 478268 459203 480259 459909 439477 468149 462633 457090 471643 447514 497987 472079 461374 481807 477119 491612 437115 463671 479515 499135 441719 489219 448142 481167 451632 482991 452256 481998 466985 472967 475390 474812 478391 438429 440800 464768 433227 466270 451573 455633 452224 456317 530518 489575 482857 474324 462277 476468 485684 481388 481282 428901 445015 459015 478869 504023 540326 469053 479962 494399 458996 479855 494471 457993 515348 484914 424597 469010 477591 477750 453638 446654 516765 463424 411489 485019 494170 467552 492642 510307 484333 480513 470643 491661 527412 481841 516750 473546 443744 496561 462102 465524 497975 483785 467255 484540 460524 480128 495632 503851 479573 
483716 460264 465000 486874 467408 454149 423325 455532 460341 502406 486805 464583 478776 479047 471707 525579 464118 447154 469287 483386 483522 490644 466461 484607 506898 489408 460309 495529 458212 488102 462721 492822 476323 526245 506550 445059 448066 470816 437239 451962 509983 457713 481410 454925 500147 479937 482869 440642 473159 455592 454515 507188 472339 500624 450256 483203 415505 485153 443728 476867 472767 487573 470581 481623 480121 485908 482707 476536 489205 507462 494931 496329 454913 500468 471457 468931 504118 467000 473344 448723 506391 501846 473214 487324 467707 453289 524405 433520 476256 485270 446746 470299 448478 416188 522799 449207 471779 454478 492118 501753 467167 489927 463008 457523 469161 440738 481712 456420 463901 489854 471757 476487 488742 476797 446473 416045 458487 464447 516696 444366 481916 499295 494752 462235 491349 487972 476229 476215 482579 471128 471184 471266 440280 465651 456045 454939 472605 473685 430586 442233 455775 496418 457594 481616 461667 435801 487751 472404 489479 467512 462944 473234 473109 466872 514417 532020 460393 500792 484831 463399 464943 499323 483608 527657 468275 430602 459589 500084 471482 445359 460306 493106 443453 405488 493800 495437 503329 486126 529272 488251 472578 453821 520185 512788 471457 511446 471631 469420 468022 433558 459639 497005 497336 469299 499516 470726 479266 496685 511727 465088 
481936 429851 481648 460575 458509 465570 439385 443248 444500 495458 494992 482959 487258 483112 436850 490046 456414 435789 490973 450753 489946 474757 434390 478371 474938 455967 454096 473424 463614 456376 472171 474828 472906 507549 492629 417261 454973 468156 455165 462090 477590 439769 481833 478832 487567 448830 435869 440977 477543 463266 443820 482478 432060 480568 425464 499073 427695 465865 444156 467477 487269 477447 491621 480426 462829 485425 473545 445825 500359 480077 482310 480305 444385 478329 477554 475463 477519 471834 462522 457107 496318 486839 488522 477220 473527 464369 499076 453595 478900 463559 441841 468489 450810 415622 508390 477445 451802 466779 480909 478504 443936 470553 468376 443266 472297 473029 470817 451603 447294 444625 484032 449541 467307 465960 457819 439976 473913 473550 513192 453161 490659 463618 478844 449683 475760 461621 472962 466970 452977 458349 477144 463619 421995 438384 462916 419710 438163 464673 438879 429663 452033 519777 444465 458987 471191 423358 466764 485677 456910 472073 441010 438001 455568 461937 502970 506145 438589 487160 485050 467616 476639 480249 460908 494758 463267 413103 428894 479509 478785 454683 433847 478612 459052 401513 496523 467971 479478 469493 477582 511505 484173 460095 491680 501572 464927 509794 470460 448644 457279 448391 440847 485836 483824 448808 476677 471342 488472 490894 516491 476703 
540875 525022 527423 510055 516792 494834 491755 522961 504530 548677 559450 557032 520901 545676 504231 541970 518973 497124 520746 516013 532171 534076 521354 548902 546173 553004 506442 560815 477464 502272 503378 535139 518805 552940 522353 446229 482817 554537 477466 522731 549190 510067 526146 509502 523662 488116 535638 490778 521118 501051 499245 547296 518782 517822 459344 551781 492236 524084 507581 525455 556130 553952 528461 536678 518582 557679 524066 532846 540954 543010 521325 555154 499873 531162 553338 521697 560578 523212 496562 508150 576790 522290 535209 546435 527297 508236 538635 491654 515649 509092 488692 553638 537730 458813 579462 528866 535133 526404 541856 543838 508600 536106 497430 478604 516645 528250 508433 526895 518308 523867 521075 507891 544674 538244 543570 494980 510333 514504 567092 477687 554159 543444 541571 502704 533893 515292 535337 529487 520982 531032 524030 529942 476664 499878 471887 472223 523675 520933 497001 495278 498469 552727 538857 542329 515165 507516 516804 529854 520442 504762 502831 505894 511577 547471 568922 569246 513921 545394 549026 550419 528818 526091 520994 573287 530707 475486 485053 555346 537625 532469 515712 539174 513540 451824 547288 537234 508042 541591 554480 539443 503268 530183 534760 559056 529608 560784 517807 519767 539203 512813 507612 525006 548941 526517 565258 536790 518620 566000 543902 520548 
521126 496807 523568 542078 514719 486471 477099 505984 499682 581501 550234 520789 526369 521878 521271 565137 540192 488975 538346 526464 522774 515353 496639 542372 527306 552239 505965 531727 490214 501785 522836 517376 519209 566288 519438 459412 507888 540559 479931 499416 563018 523602 499296 498289 553303 526699 524417 485982 525561 514626 512843 535580 517620 538894 515215 538404 478273 535716 488175 531099 518986 539883 551117 515819 506626 554071 538383 507645 558056 536845 539821 539640 490266 533542 535315 521388 539897 536127 519305 514082 550301 551468 554610 549175 527394 543476 548002 504325 540996 503956 496389 534223 506660 455118 570482 529990 523817 529862 542398 522169 524493 528684 509326 479105 517181 507326 540505 510789 493711 523518 523239 514483 546496 534113 515450 442317 497965 510942 565345 488655 533412 534897 557749 487594 544428 507091 518297 525564 504756 540197 557960 517905 482644 507088 498543 486231 532558 495452 501081 485464 518015 575919 502895 517483 505124 511287 544871 524893 507876 501787 495305 510432 520769 524385 562077 580016 512203 571842 524956 534810 516791 547076 527963 571249 526643 467269 492312 539252 532428 507489 482130 535950 495171 466501 575730 525228 519203 526931 574328 553099 508554 499679 550724 546454 534135 573681 523589 496767 509730 505213 506673 529527 573737 517935 547387 510349 500543 551031 559890 517151 
525345 491137 523353 510508 496631 500734 466262 498017 489416 548598 527214 511946 536657 520147 494166 531684 503987 480306 520222 481352 511581 533107 484634 541992 526871 536994 479343 531718 497871 492770 488173 515935 514351 555378 510904 452548 471737 525447 469238 509229 538629 519315 528979 500630 536470 511555 510964 459813 508933 507537 501626 516688 517124 544009 475349 534633 488347 512080 493962 512682 515550 534189 545162 520177 495552 540084 499509 516590 531550 502884 528886 541267 486178 497493 522581 507106 555728 515280 505668 507419 521506 552706 523487 524113 524783 505209 534098 482289 514880 511084 485341 534509 512457 443840 540661 512693 513662 478317 556908 527760 512532 492993 482152 491999 501634 487284 500076 497134 498999 501915 519464 485276 524935 517431 507556 468066 505702 529920 559432 500287 518022 525741 499568 478937 540558 500731 509418 508287 513292 523821 493692 503857 485584 468782 491515 467676 509580 507238 467033 480973 520498 553051 513992 513528 519553 508971 522844 505151 494752 519046 492705 503283 507274 513646 531783 546062 514792 550597 523029 513975 500769 529251 506778 561281 504112 462450 499663 535664 504691 496125 494852 510209 501499 452490 569561 523895 505229 490992 532936 538895 487120 508261 540461 550704 513217 531653 494390 490412 517472 508533 498095 526994 544852 518246 556846 516401 502365 546761 553168 518452 
552594 494691 526981 526679 514138 524503 487536 501565 497900 554097 539802 528907 547880 516756 508683 532098 490477 484142 523715 499434 562005 549403 487165 540771 552318 559740 516725 559263 512266 519527 511008 523193 532816 551925 527562 481030 507996 554177 488313 512270 550471 501699 505275 494593 532352 529396 541447 478907 528363 516118 510798 531979 545699 545136 507445 532355 505782 514860 501163 532493 528943 537389 535147 527810 511691 526197 536484 502502 528975 547910 512636 552338 495892 541096 494368 519977 548075 500784 530630 513409 565304 549276 524384 515544 522358 502852 570173 507459 506167 515864 494536 547650 493210 446127 552701 533095 504914 504300 561802 518285 513072 490065 514328 501914 532153 496954 530132 489446 530662 526474 548816 529224 534675 522321 525902 465539 512812 489553 567546 511431 528237 539277 543042 492850 533021 500827 537249 528071 528142 520626 519855 540542 485403 479372 494609 488491 527520 529973 482079 478458 515122 563925 525506 534300 514685 500410 532866 534885 528864 525878 507358 509202 509253 514669 538718 584656 522959 543388 519654 502763 498979 554855 510831 557880 532106 475383 496813 530579 512612 508630 504939 509097 507835 459156 540662 530640 534447 528055 546248 545023 503462 524248 541315 555295 524430 572538 505914 496915 522811 484714 486380 530080 547941 504242 542835 482359 516466 535632 559880 538454 
529321 489694 520000 496080 497294 487590 459274 502232 496695 551041 514238 536659 535898 502177 526833 534637 503733 478076 504845 543773 533488 519878 480838 539929 530790 535702 498304 522097 491646 509824 507118 521860 506162 544548 532042 465702 493844 536311 489138 476455 538645 501321 510761 520736 524036 524228 519404 477306 504403 509224 494667 540922 524357 521413 497750 528908 477794 513430 515600 544935 525311 524917 533298 519519 491327 550755 501857 518794 539991 555985 513180 549779 488950 549496 498934 520539 547772 496794 500293 511496 558280 533601 519226 536749 515438 528329 567259 483552 492188 519303 465523 540644 503106 431409 588684 536567 508269 489410 533126 548600 508399 503964 507902 486663 502088 496934 499946 494460 493406 535952 524268 504838 548380 528157 492149 486967 534227 497710 554338 494252 536180 559465 533001 493583 513818 502343 511422 514421 504208 532676 534848 503010 473098 505479 505886 466389 515278 498480 495880 511475 523699 531409 512576 508561 507357 496474 546928 536319 536507 551973 514034 505406 536556 513977 527263 582827 502063 527667 540113 499808 501008 541745 510725 569762 536408 463734 502912 527808 486326 519378 513798 553041 510015 460624 548719 519928 517379 511216 576862 514997 521387 498814 517853 551021 517422 558272 500077 510395 519374 489101 498358 511815 550370 513972 555455 508706 514868 556733 562777 520014 
499351 463716 491358 501937 479016 500015 460994 481059 489462 510749 498206 511710 490573 510982 493019 521837 512420 452898 509281 485104 530427 504790 460756 513644 503340 520511 478518 527073 483424 486642 497672 498081 502312 538239 510724 450118 457610 505207 474148 477628 545925 493416 504582 471475 509780 465022 497680 463298 481852 472547 482732 510998 512504 497727 466727 486403 451901 514805 493003 501221 532366 512351 513508 524778 488950 518818 510500 477654 516128 520345 507386 501234 487391 516648 509527 500558 519753 483479 481088 468556 548075 513751 479891 513170 484062 469935 529724 464639 503745 499763 464104 481812 486412 422556 526632 491004 514121 495684 517694 485425 484381 503034 467088 475179 486963 491333 506440 473318 497508 493585 518332 499450 513720 514043 477218 434485 500174 511997 533168 469861 504764 495247 520908 456675 502916 489664 502102 524797 502553 501767 497910 490902 438887 458969 474934 464632 487271 492012 467938 455602 488242 543541 497419 515467 473766 488303 506968 476811 473610 511930 484308 470586 471629 504716 509170 555556 499967 512760 501379 475480 497178 522314 489488 508657 499967 439559 474019 515107 510384 488025 477318 512742 472519 422260 531036 496839 503183 508689 509594 518255 479577 486407 525560 503305 505223 538113 467701 470169 495013 461215 469986 521243 535959 515247 515297 483015 484130 502356 545837 479255 
519752 480187 486729 503625 496153 488116 469414 487856 479181 543064 520712 506645 491656 506065 489735 522156 482592 456027 511400 474693 537641 505595 454412 528315 517993 496713 491465 536566 485658 479727 501350 525984 481469 539140 518456 449369 451889 497382 436963 483639 526148 466482 499571 475602 510667 488735 506741 445504 492740 485816 488342 491284 494732 493895 471275 510006 467052 532390 491289 489832 493446 521219 543008 494727 463771 545276 492712 478439 530323 523630 495699 534708 488261 516908 498207 502849 506381 499631 458866 482802 538853 532899 492671 501129 498974 485708 524653 481942 489660 486915 482700 498448 489509 445569 548717 502184 515851 504323 512915 499298 494817 478641 476151 477073 497460 504183 493282 494721 467655 478794 504821 493528 510428 495156 510233 461911 486189 487328 532517 458647 498459 508740 510130 473604 500425 501866 517525 501304 476558 491219 499576 503838 454495 459619 458127 464148 471138 496809 489137 456649 489569 553918 525801 488204 454509 474505 487962 518419 500527 470589 480722 482652 503729 499779 519786 571848 503228 497750 508549 480402 513685 528974 486753 534862 494601 450651 453105 505941 507980 498119 471458 500784 490040 418679 498921 512463 491760 504479 514221 532700 494317 501166 540528 514838 509737 569026 485049 489043 514633 496824 474512 501792 526943 483908 529299 468290 488413 526515 525750 492778 
516468 460898 502685 488033 477080 494857 468290 474753 483365 508005 540524 520159 499908 510630 472873 540023 489756 474849 499091 487664 540354 521945 463281 508457 508412 517802 472572 523504 460078 485798 485821 530091 502502 536679 517318 421650 477577 486692 450353 482281 539851 502581 508525 480862 532394 500130 488073 456429 506454 477009 489591 508782 503952 492249 462092 520047 460764 523272 484459 517159 538079 516535 511209 513780 486582 536874 493312 490008 519237 530617 505501 537970 482362 516355 533354 490422 534746 498816 474709 474076 551689 510177 492517 489837 507768 493700 511115 482393 505316 515907 450334 498679 499938 450326 547237 493657 504722 486693 519150 505034 481423 486578 478410 481484 506295 499041 488100 490483 503280 490707 512552 498509 497971 496469 473000 454106 485700 468155 537718 473965 535450 515809 535510 471410 504493 498750 511330 506687 492477 496421 507019 484204 471571 453554 455381 440417 471544 489220 495126 491721 492177 523440 496886 516031 502222 489322 503166 514958 499323 504567 483276 487552 503203 498105 530835 534679 498241 517554 501270 501634 485049 545994 498425 534925 507971 445161 462742 495848 507761 501348 466057 515389 493200 453854 513972 498938 497620 512844 541054 519590 503650 491059 526277 544650 503375 544049 480496 478521 480540 489948 467827 502298 530160 499442 513819 515520 499274 527118 555296 499710 
485876 469253 481382 491357 465848 441227 450696 467444 465511 522850 481368 495993 470266 446307 477425 498353 490133 470418 513743 477561 497962 497150 461084 487891 483700 491421 443454 499897 437080 482535 469422 468948 455933 531390 492974 437484 465114 469243 429821 452846 519125 462167 481113 468548 500709 457934 526082 464938 472258 469418 451263 483561 469188 511239 466452 502530 435993 497826 437508 487885 479776 478526 474964 476434 450761 492560 479646 464288 504802 490170 499974 490944 456208 502983 492660 479964 507092 465652 457020 470907 531483 523374 496257 499483 476558 475825 516871 448891 465057 458570 451371 487495 476846 428696 531233 489931 482977 478245 479678 495680 485087 488975 497135 459270 456024 464713 478503 479341 475634 490457 511879 477180 495276 485695 457994 427146 474459 473344 537731 464562 503443 472842 513154 453118 503372 450397 467959 490509 485093 476545 490148 480358 427642 459260 472897 419518 484286 472758 458329 439071 481478 504431 479495 494809 458689 455474 500988 477753 468566 468896 457083 442127 481954 491263 532894 540370 472451 477033 464257 467841 473023 487547 486536 521764 478404 419240 447603 478753 470063 464674 445771 522522 442953 424602 499260 491416 474076 487339 514806 496086 486307 480336 503594 502233 487055 509477 477073 459199 497229 462644 445340 510737 515332 478844 500156 460539 489138 501744 521226 462601 
503477 458385 469642 480416 478993 465530 471826 459002 463086 522979 496352 488419 477737 502928 483210 498441 493065 444025 499849 495785 496379 498371 455265 496602 493268 478157 486722 511529 443397 468259 461683 511328 478404 512802 502075 421595 480241 505368 449206 474817 510219 469016 508272 453436 510473 471232 472705 440617 497583 480303 466605 497043 473092 475919 459719 501044 442548 509956 466451 480399 511673 505094 510576 484979 479019 503726 493663 479404 507252 510012 494340 517791 459675 486359 469427 463270 515851 492261 470354 482832 517208 510834 492401 483981 493843 480253 525113 469005 473646 474706 468025 497072 490670 411825 517262 487166 493294 487694 514883 488873 465796 481028 481218 463044 480518 466877 480000 459511 467975 489689 480465 472266 490893 477000 501847 444678 473953 497346 504509 454664 498319 501555 501788 478397 466974 478791 475411 502177 471430 494010 484939 484286 447913 467867 461683 448421 467113 485772 459786 449701 449613 515919 507513 484082 478372 475187 510039 484894 486731 508301 470894 459010 473969 486645 502629 541862 460216 525816 485691 512326 475276 504777 469974 524810 479344 446121 464718 497045 502545 494689 450891 500306 490373 428207 497132 496581 479780 512904 510741 502758 481380 481596 502300 523843 501131 525386 473381 465113 488753 484130 471693 495919 524902 466985 505765 492259 483216 490853 520330 495110 
487280 468996 474028 478610 484908 485940 461469 459210 467357 533235 517794 493111 521654 503625 489785 544422 487037 466281 483559 480914 499112 502142 445235 514556 491885 517902 458862 527159 479850 487236 492028 515786 488811 542631 479462 417116 449126 515774 458169 458654 526145 477300 491979 469146 505876 493471 496125 458508 492204 464324 471796 526204 480583 491618 481188 495062 451146 512874 447305 495514 513769 497932 521557 508531 477807 501137 486520 504882 499566 514133 493660 540301 474932 491803 475733 467783 504579 480007 467691 460337 531724 497433 499729 500795 506729 489015 534322 465623 469795 484473 479182 498845 486155 424677 507921 497528 484019 474779 507338 500169 466805 490914 475123 461895 493960 453661 492453 484727 471882 495136 465471 485696 516045 490390 504823 455755 484698 483036 527519 451379 500178 505506 520119 458568 499561 478984 476830 496899 490767 492535 505334 484590 444160 448431 466617 443977 463540 475655 459282 476885 481456 511741 498007 475459 487314 474033 499689 483956 493603 498964 460641 486138 490270 477186 511089 524064 477901 531708 515322 483136 482997 498824 492210 555100 478862 414941 477310 497884 487613 464929 481327 512487 482745 422806 512570 503381 473538 490406 499784 493870 485628 478330 524507 524077 494129 541300 505764 467070 486260 472216 469374 507625 531685 492557 530736 484014 489726 518915 525409 497076 
516609 478974 502015 507791 498687 487042 447898 495282 497294 516412 520064 509916 503250 509967 491820 542597 501791 468781 503495 495336 506055 515166 467557 534794 514196 501022 463502 519501 465678 496980 498903 515165 490060 550587 515815 446955 473769 504068 479017 477627 509201 508188 491342 499723 535320 493262 503097 482208 504559 505616 474067 502210 482465 515542 464599 535050 488465 517107 471593 508379 508537 492224 522152 523317 492212 523264 541493 503970 506465 525982 517439 520976 503968 503207 499625 483131 542137 481520 479530 466901 522842 510255 495639 508904 508006 507424 543240 458848 503392 461655 490902 514841 516597 458445 557422 523484 521131 495649 534474 527427 508444 518694 496585 482443 493097 491325 497138 482992 498804 500644 482761 488158 544128 513062 509626 467319 488105 514347 550300 474419 498659 521823 525697 500040 512088 498756 504987 512155 505498 495636 507921 506472 457660 461906 488523 460038 506646 492078 468071 481301 493633 547896 499397 504801 496544 470062 522092 484503 517239 484438 478433 499046 502956 508292 539851 547219 508069 478020 500847 495671 494990 507253 508520 548649 504625 447642 492376 524081 503199 503295 487681 539407 490370 426420 527792 534053 504805 516236 552561 503892 496640 501583 524958 552525 536252 523450 484533 493488 509936 506420 471873 513051 529661 501744 532919 490669 504790 525946 527851 509724 
466063 459061 500394 477569 459715 479295 435469 465999 443380 500042 491714 481883 511066 466928 452146 497336 481603 440263 491940 485408 499377 487064 464297 486945 485553 500751 478709 493270 438847 480290 460724 506077 495398 499200 487797 421186 467653 472545 451851 467277 492191 466541 471806 469945 495031 473368 490811 441013 487374 471850 457484 478934 483022 487768 445509 498230 443704 490690 440834 476141 463955 488202 486545 468045 466944 524935 496317 457944 469830 507582 489652 515892 451471 504235 485009 466944 501066 473998 451476 494474 507961 481182 469153 491113 507803 461702 517687 456070 467934 495022 458501 496210 481341 433069 516682 468096 482933 476869 484351 509072 482062 478356 458476 467070 463907 444810 485970 464832 467207 487614 495619 473993 506644 476277 479299 429183 448927 469954 517105 454080 505764 517833 488795 456820 481382 455102 469474 470092 456547 481760 488159 482109 406911 450131 459762 433857 492059 487090 451715 449481 462335 498957 491988 486731 469730 442499 481249 485662 497612 469937 456597 457634 460963 478279 513144 518285 454756 488188 478502 476545 475316 517767 465844 529279 498153 433009 443547 492168 463094 449119 466144 505201 477371 421774 515666 474498 478383 478526 488510 476319 463355 486969 488392 534746 474418 524778 462623 477380 487056 465592 453470 483684 499333 474458 505798 465633 463342 491733 497113 470738 
478907 438737 453388 448620 454050 432213 444545 459578 430916 472822 479902 468900 455653 467674 422197 468860 449755 424157 434932 440597 465976 457946 432266 474416 488373 462352 439518 490470 425025 449181 470230 462312 475688 477161 467805 406065 425660 454950 423740 434902 483682 415988 456390 428229 449447 426815 456063 418398 444825 433142 414234 476057 435598 438879 425593 477412 438698 477517 428709 458545 465265 451532 466501 456807 436205 483005 473355 444346 469648 452411 450940 481922 440408 455682 448352 453646 486466 459248 428861 439979 478927 458151 450003 438904 472699 441017 497580 432799 445674 446671 417362 450070 438914 414585 493056 459970 442492 460949 446778 450426 445380 434223 452741 438669 468873 450622 450621 444167 434447 448843 450493 446866 471376 439841 468500 429288 466778 449925 485241 420776 450975 449637 449294 422758 453485 456928 473627 472525 466273 456487 444817 461464 410422 408023 425790 432250 461794 447276 422734 417869 435534 499250 448298 465109 450853 423926 447068 462769 446565 447011 446933 440319 438013 434729 499359 494339 433613 437078 489241 451266 461303 472763 441662 483514 432591 408483 416423 448151 453755 446511 434070 451430 447891 388123 482262 457951 443500 453003 438396 480705 452205 441226 470516 468098 457052 485842 448467 436689 469192 450509 415619 477456 460101 474494 493351 445747 448828 490738 480813 447042 
487277 451244 467493 455596 478204 443295 421150 438972 442592 480350 456405 454088 473239 488318 446511 470290 475139 427952 467192 459334 483640 468282 436544 467060 474037 497869 440141 505918 443543 452049 460669 467785 462791 471789 462849 402417 444194 476228 419928 444362 502194 449000 474518 447756 477210 457225 470351 449680 460063 468442 446364 466706 471519 469843 427472 479060 417838 466652 430220 464990 479299 455739 478118 476864 433434 489759 480398 451877 471067 471263 469304 490562 446482 469873 457388 464914 494722 472060 465030 457877 497102 471888 478807 451338 472204 470785 495026 416320 469464 451082 431401 487761 477378 412541 485917 483807 455438 456883 470465 503630 451731 460494 459579 451698 476356 445489 461146 473281 440056 461408 445731 458705 482934 465120 472152 421706 446285 470643 510069 436182 467781 473613 488436 453295 468351 456025 471680 454625 442039 440510 467011 474030 408653 455148 453591 439875 460470 447697 442238 424883 441708 517959 462680 480826 461005 425445 465008 462394 457483 444246 434747 426617 449691 471267 512903 519677 445407 482587 479739 448548 459333 478198 455681 490384 475398 409714 433105 473814 483135 457360 434977 470752 432887 399604 482591 485410 483536 460386 490747 479916 456192 449085 478454 491213 474547 500896 443205 445764 474381 452982 434535 483020 477117 459067 496551 448797 487421 479770 487487 460423 
483919 457966 481224 468653 475693 467651 426007 452683 469684 516980 482452 480732 501563 507283 480879 492281 480914 426748 487366 484524 513383 478423 453828 499827 496087 501806 461009 509696 453890 469033 476400 488516 478505 484194 506568 423949 469798 488539 456956 460585 496485 459758 484939 479995 491948 491772 488655 437660 466961 465526 452910 499746 464336 473024 443773 503279 446025 463594 465154 457711 504379 489128 492552 500293 467220 501134 480669 460500 499823 488627 485741 517603 436562 499181 476486 472511 529930 476405 487506 461447 506758 502461 499044 500883 504763 481013 534859 446858 461385 499124 452046 495106 464602 428641 518348 489268 477665 459151 492196 502267 480447 468750 458137 455194 491405 463377 498555 478500 463942 474864 485152 461522 475477 494150 477845 447419 481032 450395 522716 446004 515043 497086 480346 464267 504813 470215 477673 478645 471009 470305 477433 480604 425273 479977 474969 467463 473341 459700 473800 440200 475041 534063 459630 474848 472103 455911 498557 493934 483324 487027 464831 443308 468987 485305 528052 535351 462013 493529 479639 472116 483928 510093 478293 523172 495880 449000 461065 491276 489766 460524 462887 512432 457035 439475 497878 489050 473814 488458 528453 504009 479655 480572 513394 506866 496358 538585 490644 450460 462549 435878 464930 486866 508736 481227 500583 457304 463302 496275 492927 487515 
532770 478383 494297 494671 504215 509113 457375 481343 479210 518256 509319 502456 528435 496294 467369 522142 497280 451290 505068 495036 507071 514930 476875 525556 503731 509688 490038 511774 456191 507401 486350 511493 484695 533352 516265 447770 477886 501332 461835 489554 546977 497705 498481 505392 524327 464169 507947 461692 490513 482122 457535 510961 481893 519219 448842 515159 492328 510069 455153 504141 506656 501148 509321 515667 487144 528088 487954 502935 520137 505612 506976 550058 482849 526539 491403 484669 521858 515793 512327 486235 529649 525038 511766 488626 521156 486118 545272 493447 503200 484764 468735 515190 491642 449154 555203 509770 518350 491377 511734 516284 505094 490260 494691 456996 502910 477547 505876 467573 488626 511294 506353 506464 511830 483915 497322 464092 471257 477668 537077 472029 512381 498568 512958 473781 493093 504386 492989 512324 500985 473762 500836 493678 460986 457894 476620 463899 484175 514552 468680 477686 485794 521472 490123 502969 493554 472336 505109 502429 496803 482088 458698 483837 484648 490762 549669 511358 503331 519296 492422 523369 469001 527575 491134 531563 489306 434893 506612 525355 498826 488070 498517 521227 489487 426866 526156 517129 481063 508133 508033 517177 515686 471046 534558 528868 516067 533796 491908 454441 496721 487170 466454 507931 530950 509711 534101 481163 486917 517974 551841 499966 
459109 435097 454104 471164 455339 448590 411445 416322 431518 476356 457493 458031 473709 467314 437183 493667 464110 438955 453338 457466 473177 446251 406357 476363 464468 458765 424449 490522 396406 469702 419591 449946 443978 479238 470122 380092 448944 455322 407836 428258 492861 435213 445995 431042 454794 440794 456656 417989 462131 433556 430262 454424 448609 467043 435932 471691 439483 434134 430686 446592 452157 450097 482859 466178 441823 452636 455386 448924 479653 456003 458384 463475 437814 475721 452898 431036 461623 467019 433131 431956 489479 481910 441811 452517 456533 446251 489580 431056 444388 473149 423923 461352 446415 402962 497595 458525 458978 429737 477544 460576 443784 460645 432418 434273 441713 439372 465958 440480 442713 463434 471921 431387 451419 439166 449219 417283 443613 451324 493434 425210 483707 469184 456482 416332 471138 447788 431963 447483 450542 451067 450042 469356 425146 423171 451231 425898 444654 423853 434597 416647 441700 486433 449586 469575 434963 441021 462266 467172 441577 467948 415170 437146 442854 448086 486114 485668 424444 477638 450871 453076 440286 481647 461396 495882 441244 385539 424788 463615 460242 429439 435155 449368 455409 413641 490893 469332 441695 465530 473474 489482 435224 471314 497709 482026 458945 474263 467627 416559 461642 443670 420958 473372 495696 453594 479231 460393 440636 473508 487332 451226 
471499 423801 474475 437465 450634 450674 442938 438819 441402 486002 485864 476773 474339 477985 470016 476926 494996 437896 479143 438421 510316 459684 419873 483081 477996 476399 433515 505626 455543 430213 457367 492390 486658 479857 473946 402523 425423 454076 425100 432747 474915 457517 467589 445123 494490 470080 469177 416714 458415 482590 444774 481145 449606 448156 438327 475944 421313 449286 425224 433717 468351 461766 465989 464012 441561 483693 462797 437234 470824 491324 457342 482674 415388 486033 454867 461068 481481 462357 448223 455500 495016 479162 457170 488278 484314 457966 518858 441724 439448 452179 418135 474315 461995 431330 488847 481435 461596 445165 479654 467368 426687 454411 416401 438615 465175 435877 449854 448742 462842 481079 465579 433328 476997 489952 463709 419678 447521 450627 524069 452593 463265 454719 475867 436861 473927 471688 454920 465180 455866 443656 472455 447790 443208 423895 443211 435604 446580 453371 408392 436513 443557 509157 479345 467806 469559 443976 467218 487883 475606 450831 450563 435235 455687 467613 470715 521515 460520 486552 463726 463105 452964 507322 464233 499605 458791 433084 444192 460934 470467 442603 440675 485823 456372 418087 465603 464514 473176 455746 490881 457878 482183 449878 496567 496382 451343 496028 472071 435115 446556 436775 446893 456071 503696 443978 484229 461640 444372 476606 477828 482227 
461925 440495 453130 477642 473687 458101 434659 448261 449448 508969 474097 492146 468044 479938 464365 493658 453513 447551 472882 490535 500040 486574 442562 500222 494192 500246 466222 504363 450399 475214 467651 477141 465054 515799 482292 413366 438514 492375 422765 474633 498071 454640 491321 453760 499662 476793 483694 442071 466404 459877 445285 502582 477212 476847 449520 463861 435816 496532 451266 471991 496264 485804 486724 476465 473573 503931 480581 454218 488690 499387 470667 474699 449024 493751 476752 484547 506607 467160 452994 477349 519243 479030 489434 474521 466692 470159 503882 449785 457324 477491 434455 479500 464192 427749 515152 468745 470568 465711 487564 502405 458484 466230 456232 453218 470371 446324 479901 467440 451941 483679 461787 441591 499172 488942 491280 432627 455252 479127 524520 447409 482659 499156 482489 442274 461925 445161 476065 458311 491782 471687 459529 474961 426580 461588 452733 453335 468551 446708 457059 447634 450393 491035 488389 472733 463849 450259 474452 472762 482349 487955 471426 455022 490799 476368 510415 528725 478205 476092 502585 430611 491771 503157 467034 524887 478956 439007 451210 471150 469078 464571 450391 493314 471459 417673 513310 480629 483850 500187 502896 509578 453175 482183 483380 490638 457737 521318 478252 463938 498499 453231 463322 486582 467809 478870 506484 473486 466760 479170 488040 476678 
484590 470183 485644 441788 457594 448868 440577 458042 456012 509645 467112 455843 479130 488054 456043 482550 446172 434364 473164 468193 494400 468225 442702 471779 472371 482463 431687 478274 437000 452643 454391 485661 462462 502095 492138 415052 468105 456472 436481 453172 473988 464606 442665 470194 503754 449797 480595 429819 468058 455603 457521 467241 464371 474387 431322 474613 443181 469300 443681 459626 479082 490179 484661 486983 440346 498387 485214 458072 488365 494798 463200 513247 445448 482423 475497 456045 487306 467528 438880 434549 488392 481128 483371 476383 474840 471848 494108 442083 452167 461192 436506 455385 469505 408241 518148 475233 485239 466203 490237 492281 462003 481059 455167 442611 467962 459088 459006 460043 439166 467353 481559 456899 484578 463078 468297 422028 461326 437767 506689 431509 503581 483089 468322 431868 473550 483715 475420 474220 467512 457408 485973 476149 438225 430710 454843 431032 462870 479235 453308 435412 469606 489734 459217 475431 467149 439447 485439 495290 452971 467984 450133 472168 468930 464963 495590 492003 430429 480483 486550 469551 481039 486426 475611 510238 462698 438897 445644 484770 466851 472162 460537 507938 460786 422727 466966 459334 476830 460549 494189 478001 496975 472912 491659 472183 469548 504476 468295 458815 477109 442221 448564 471426 502660 478427 488769 465914 445657 500781 490135 443318 
525843 493281 496965 489933 482901 482527 475093 500004 481784 545101 511498 526395 514567 517938 494471 519470 507478 480214 500591 472423 502026 503880 478615 521238 511749 518903 472201 525795 463364 499236 485093 503586 507680 539433 524087 427894 469378 491925 465807 491142 526062 489783 524696 498716 534236 492282 491978 490759 485886 498072 481993 521378 488756 486046 467186 517732 455392 510626 505160 518058 507854 540488 497550 514390 488453 516098 497683 496998 526106 506553 521777 517268 489438 510904 507856 487850 550212 495264 472210 490403 530298 514808 483944 523639 503074 489174 551695 464968 502698 489768 473754 514897 473996 465763 544388 494349 518722 505035 518680 516439 504266 495243 483614 498435 495349 503343 500576 497934 494392 504563 514733 496889 513099 500154 492501 458144 498386 507714 541034 463506 511505 512513 510198 465180 498108 496591 502874 509201 477716 514121 490823 495986 463290 483239 474805 465124 489916 501373 472411 476318 493758 540979 506906 513498 509499 470333 526628 494994 520219 536652 472633 496433 498120 497601 523924 547390 491166 528133 521266 520301 495880 526256 487280 549675 515470 463716 480313 510598 512485 492351 478659 513826 482947 469125 522729 502872 518147 538841 523250 521136 485134 506272 526990 526169 496159 555425 496715 491137 507508 482282 495657 501631 536702 499960 528879 488193 491627 519358 534440 480780 
485280 490288 487683 473555 455813 458112 434869 465495 466913 504079 500062 492949 497140 501848 464898 491628 479650 453381 491025 471756 511431 485284 447077 504983 497600 518974 469354 514714 433510 478079 480054 506091 468006 517132 492395 422418 459948 498479 427286 461994 500218 490053 480813 461832 531496 477946 504444 446215 477412 451030 460701 503487 492112 481129 460939 508524 456178 468056 457637 487701 501260 491529 504317 491986 459776 513362 484393 458927 526611 503656 480962 524563 466226 488487 477415 465585 507872 494288 482127 458350 510802 492111 477677 491744 488321 478083 515308 440581 455673 477457 455766 490141 487473 422576 551074 490678 491046 464977 491419 489945 476772 471520 454456 453909 470653 454730 468477 469167 458468 483614 456215 467800 494440 464821 471507 437911 451549 480296 513619 468108 496755 504985 505718 468374 502493 476862 491246 488137 471261 469442 498372 471572 454314 459358 448660 449131 472171 445413 458637 455606 468175 513449 459973 487829 484830 462145 498113 483510 486786 473207 446520 468257 494500 485540 511216 536057 474119 506399 492588 481001 475269 495077 474865 541413 485819 439357 458429 497076 469461 474570 483020 504026 457980 432496 500257 492949 478220 492369 519167 499339 479516 467393 527070 529863 471432 505498 464451 458288 464449 467512 476926 490501 507134 470749 522480 471457 491057 515603 526066 483803 
488544 453811 489413 479729 484103 466825 445731 460598 461486 532637 480569 473077 505631 482730 474988 492725 486982 464446 471442 491180 498942 478471 423457 498973 504656 494556 459672 519992 474779 466898 480328 486260 485681 519463 491486 431816 465633 489916 432998 454918 511477 462732 504159 469131 485752 478787 479566 463173 485241 470986 460517 493223 488815 511108 442100 517783 453938 485124 438637 482553 495364 502178 500063 470660 467566 502751 495220 472488 486052 491614 486519 498398 454200 472821 472680 475556 508804 464652 473739 456117 521595 494518 497238 491384 494938 454130 526832 447380 476657 472176 453920 496215 462374 431677 516129 508544 462364 474507 515111 501495 475016 454666 474275 456847 457906 456083 468700 478763 466809 492170 469285 471527 496095 475600 483231 424049 463324 466872 527862 454794 483875 517268 493097 426193 501710 479250 479303 490027 474068 477811 486154 491514 434421 451389 457985 462853 491396 472960 437524 450998 463601 512457 475468 492659 479228 446750 476761 491596 476258 488186 488746 480187 477195 475537 492180 526225 474619 490733 504672 473243 473442 507005 493235 505563 474362 429671 462295 492881 479270 442772 462327 511431 467258 419991 488356 492862 459043 483251 497901 509571 477871 489587 483540 491339 476144 523967 469964 459355 507816 459496 473783 491705 522015 487478 523639 471513 470982 475150 503469 463875 
502310 466401 482385 465564 474133 464829 429853 470057 444214 510046 486945 506619 508460 471801 473865 516499 476351 461054 494472 470152 505264 501466 474971 484438 506673 507178 476293 515135 448778 487588 463612 504929 472248 514416 493106 422212 469320 462463 429509 482073 501015 477767 481389 472033 500946 471370 499773 444714 469277 453181 453001 480003 490892 505816 459116 501430 457766 503296 439324 482392 509482 493979 489075 486469 467415 512815 495822 471667 495134 499942 511604 521327 466300 491284 487444 456925 486334 492786 492553 472692 520774 483829 505667 478824 499664 472730 499416 445408 475865 485027 450561 483417 471001 425717 542431 501556 499527 468029 513480 489286 482114 490008 475950 452473 464735 474303 494649 475325 465169 484098 497818 470779 467865 482275 504535 449777 469630 482637 506527 421952 490936 495811 529325 446210 486254 482105 475465 488134 470734 485218 486417 484387 422251 458164 486641 454555 483424 487347 450303 460774 465024 520267 487751 485966 458381 471324 508894 495165 499495 484835 450838 466494 488890 455906 522535 534464 461897 488726 497281 478230 485881 519451 469396 520839 503989 452638 462522 461204 475952 466914 449891 519892 483513 431126 495336 493853 494542 513868 513821 512646 484684 453159 525129 538050 484896 541695 469753 460444 492589 472263 455516 494694 518407 479133 492736 472361 482085 511453 518238 480342 
497063 431236 472252 443923 468243 451295 421370 415860 445726 470884 484130 475283 479565 488910 453241 465375 448375 422216 462776 453245 499883 474456 427006 479145 492568 476686 443077 496866 437328 444317 455478 479015 460971 496133 459486 424194 446978 455115 411098 459721 483000 446755 463519 446213 483434 462462 462226 419878 465761 455668 433978 482708 441620 464333 445785 472543 421742 462115 430099 449575 485969 467964 479332 480951 465206 480049 458146 438550 482320 483790 459889 473696 438872 481424 466114 459740 489987 471950 443847 456473 502975 493113 466598 474777 480659 480378 488900 443650 469952 459792 439647 462490 455364 426779 498659 459359 460322 433330 486771 464488 446082 452252 449516 411588 465551 443609 456244 445416 442110 473409 469291 464053 479730 463487 460935 427053 453436 468942 518618 435870 493061 466050 494292 450187 483216 474388 457481 457378 458867 468152 478892 461922 449166 421047 447505 422219 449026 455799 420221 447283 439256 540197 447576 484613 451007 427700 466747 478612 465572 480362 434890 450354 456029 477498 484870 504514 464614 473492 491305 447567 451901 502217 457180 504597 487632 419542 431062 483083 472586 462766 435974 471372 432871 398854 482984 477786 451506 501603 500148 500102 447201 467539 478938 509074 473196 504058 436813 446574 456211 440245 425253 461641 479051 461650 478991 458729 446933 486692 507019 472898 
467562 430228 469707 437485 461648 447108 444467 446654 429125 505588 483233 472959 462534 481861 442969 482414 463800 422673 458674 454182 485895 464967 438817 451331 470248 489559 438838 488885 441432 437637 442262 474849 461187 493191 471104 416543 435506 455074 402455 426756 499269 444655 450400 452460 467759 459295 476482 420713 433166 475592 427408 451387 452395 457868 420017 477275 442905 477049 452621 468733 477503 471107 470044 472020 429999 484449 463312 429121 468001 460029 453603 494157 420773 469647 444343 428678 475993 443424 445082 448148 496854 475932 456966 461305 485768 453857 507173 419972 434979 459179 409602 477502 466971 408773 498213 476270 454886 458140 475212 470207 463679 462881 442273 409999 457206 440707 452835 439275 437956 457034 435586 452799 462688 475889 459882 416478 458553 445095 478883 430868 487331 461181 464717 438401 453327 471799 467165 457986 462594 444319 457175 468616 425209 436324 402418 435267 457205 437967 427296 402690 454288 485108 476689 468281 435262 451900 459633 478117 445518 456911 432829 451441 464424 450419 518123 488300 439874 483823 462277 457589 456190 487380 444788 511979 454866 430046 433050 484067 454037 461628 437157 467428 453238 423980 479038 441641 451975 462634 475082 478279 475052 439617 498312 492130 472939 490380 448847 433007 449013 455633 417696 481340 483150 468662 473441 454747 459048 459390 505965 434045 
473846 458902 482818 472589 465032 470193 426430 460409 465590 515841 496400 478701 473119 473409 468836 477561 487062 440678 498590 493176 497544 489555 442111 495626 493295 484756 468138 514014 441459 466146 483190 475055 468548 486663 488146 418145 462544 486856 428955 461208 510690 476479 484333 449306 478995 460003 478049 437928 457606 438534 458120 491840 484988 466887 456825 490981 435890 490336 459985 482626 503125 493548 475376 480581 471050 497386 458539 463772 513050 498389 489782 495838 446382 483019 469714 467084 497044 477934 473187 451994 511105 503012 500078 485193 471564 474610 511736 446317 455778 481857 434407 492776 462485 413873 534975 486217 472503 464138 502804 491474 483988 461362 463810 460855 479954 455618 475453 472144 469145 467464 487730 442333 489205 484334 466864 434801 460251 461941 497419 438931 500468 493813 494444 450939 474901 464714 486976 497403 483012 477929 484340 476645 413048 478910 442656 435673 476709 459442 447637 439365 487918 528470 474584 472104 452946 455373 461699 484668 459114 495802 457948 458463 472363 469593 512670 530753 459552 494535 474445 476153 473061 493017 467514 519577 467420 420097 448759 501633 480297 463618 450568 492581 473220 418713 485545 479370 454725 484168 510457 511532 487539 471369 518751 496541 484135 512590 457816 476837 469107 448552 454537 489544 514821 474010 504250 469570 472665 478293 500623 461088 
498768 441733 476936 445442 466489 457217 445485 460290 425261 502931 487562 478997 467079 466156 439144 489539 470052 404051 479198 456346 462995 464764 432726 492470 462716 496080 431813 502395 422973 445828 456143 473495 445070 504987 474730 408745 430019 460596 430166 457293 494850 470087 478697 464965 487151 453604 473794 418703 465022 445468 436991 474551 458459 465635 460434 485576 429201 480927 439200 461816 465633 461023 455868 456652 443169 480049 475826 461173 461867 452273 479724 485842 439980 471071 473086 459545 472556 468993 438250 449308 500021 459531 460733 474761 484045 466951 491928 454775 454899 460258 429077 486324 482111 402321 497931 488449 451044 455234 470068 459923 444023 468026 455700 442032 452217 475189 444500 439986 461505 480354 466920 446986 481117 468717 470342 434746 458592 473014 481269 428744 497900 454212 473262 428165 454760 454892 446987 475822 473397 483262 464322 442648 448879 397633 452726 419617 452821 448956 444585 439671 436608 476503 465677 457201 462808 430991 490320 451177 471317 447470 424732 435020 457541 465384 492827 485062 465643 488104 484417 473489 456754 479171 439680 509997 458255 416660 458972 462759 474289 458098 415395 474386 458835 432567 507698 463538 467600 474191 469071 454973 449410 461660 486037 487246 467191 494282 463951 420543 461292 456770 442803 451919 480882 448323 483272 490957 441364 493206 509818 483264 
504286 470504 494897 497580 485929 465714 435002 478494 459192 516380 482235 476822 501766 486551 478644 517579 486774 439896 491732 485274 486327 487263 447876 491525 494009 515399 451856 515131 458114 496921 463296 506062 463107 510209 518427 433542 479275 477841 440668 473700 511549 464699 481449 484567 490363 466501 486390 461605 493845 485379 458452 501863 472400 506815 457358 485974 446309 489754 446115 478440 504830 501857 498119 491916 449804 490043 518632 475679 498141 492595 484009 498149 455575 520670 494989 462799 499316 476036 476447 467565 519070 484814 479871 505005 502733 487837 535065 445248 504251 475693 440667 480879 465973 429130 508491 492159 485288 472219 477536 498132 484295 479022 464833 463207 491930 450526 498431 479092 457436 508211 508977 469829 470444 489936 478903 450522 494574 486855 517803 434482 497143 489509 520548 441090 471264 496450 473794 495973 482894 486310 485530 504625 442534 428421 456527 437165 473193 466296 462762 453579 463765 529268 452507 503470 467201 465598 490100 469414 473370 480673 458223 455989 489645 485873 525434 515124 477128 493593 507376 477838 490472 515384 507509 512096 483925 429675 450788 495698 495302 471546 476076 508139 443786 413878 518358 486662 488869 498120 517622 509221 496560 471490 517073 501307 478387 527266 460399 456319 476156 457392 450413 508961 504190 493616 487851 510440 477978 505822 533623 480991 
454414 419728 446655 458106 455561 433444 392296 446893 430933 478355 468569 463045 443144 455662 457932 442719 461041 414492 469540 442639 460374 459125 406401 464317 482304 460311 442339 478490 422938 438395 455619 458601 424376 470441 469447 397917 428051 450243 413473 442485 476878 430774 466122 431738 461838 428005 477830 418908 417059 426207 412098 464519 435974 460938 420146 449414 418104 447624 444702 437549 463946 469498 462750 444783 434075 478708 470913 428683 472223 458867 484437 470949 411896 442102 455392 460739 478715 435883 426607 444684 484357 457772 456205 475250 467273 443954 483584 399350 462401 456876 442257 459141 445679 398062 481807 450749 445357 437614 459080 461758 448471 443009 414694 441911 445083 435081 440068 438010 453860 449970 455295 440115 447933 459912 444841 402255 441261 441860 509339 419896 474982 444266 452258 439128 438934 439434 445072 435974 461095 445898 460112 445589 397232 429312 427745 422116 442886 428316 432986 433518 447765 469853 438808 461182 441834 435122 472857 472186 456989 436640 434782 419609 432828 446508 468270 489338 451847 448632 465982 425957 446171 457322 449844 484127 451691 393625 425488 479000 444654 436957 423036 453192 430987 367649 462171 471800 445120 473944 488962 480921 421054 434065 470429 456774 464067 476654 440942 449049 463630 421568 435904 462553 461170 458162 480205 457830 441649 468358 482279 444159 
462556 427399 456676 434848 459735 448087 421148 448984 442420 488038 459147 445705 442441 462366 442082 472147 452735 434899 478453 444527 476628 464561 447969 497612 452864 478632 436082 471235 415325 455526 456285 456781 468550 491750 460221 392452 424985 484339 420379 451077 478267 468781 456583 452887 466274 428731 453572 420442 437652 434462 434813 452207 445163 466437 415114 474759 437602 450872 419173 469491 484513 471501 482317 473203 441738 477944 471260 451829 455626 490781 451348 482257 445338 482008 460805 453344 466463 460249 454341 444822 454672 471611 465445 470866 451466 459550 487915 439179 444541 436271 411063 459703 437778 415993 491402 470172 471734 448744 451894 493964 434834 460012 420870 434401 461152 426197 447081 443301 432266 441342 452881 439762 469753 450903 457284 431366 467589 447486 477294 440220 477164 481385 484694 409671 486337 449898 448992 455230 462985 454053 461090 450265 415252 444370 442519 413172 467126 430553 434395 434085 436085 506537 438988 448731 436340 422895 480877 467497 444271 447578 433259 446674 444024 465406 496009 498455 436512 503284 459150 470804 455471 483533 454674 491879 461948 400275 425691 443046 464380 449426 439531 462608 435285 389093 501031 465008 458052 454355 502140 488908 438343 415686 479524 482275 448943 492571 450267 428063 460072 440341 433475 477944 480766 477804 481273 451158 480207 473660 479281 442043 
507458 471171 500376 514520 494247 468516 466862 466827 479731 536330 548154 496535 528019 509485 476609 519893 482323 449517 493940 473721 519452 502684 461772 487850 514990 538045 499051 518959 485999 483949 465053 516550 500480 533997 509821 445108 459608 498604 429703 469172 502721 465950 510899 471269 508349 515416 487007 455179 501059 491909 479830 485160 496684 494466 458596 510023 467245 480346 480439 479071 488433 523357 516351 496458 472885 503056 500465 483545 505036 516054 491444 522585 484765 509277 508160 497554 517698 487574 469642 484044 533223 506949 497244 497204 505252 497388 544664 458163 510896 513179 460794 517062 484905 430826 534929 497535 486799 470034 496446 519138 487987 500983 464737 457221 509517 478011 494128 468812 508793 502993 503809 487430 483743 481671 491342 449524 489499 479391 531880 476632 537377 515995 501529 464139 506452 493726 501974 488063 485109 499676 489345 491170 486973 441354 472135 453854 496838 492643 468445 456035 463652 531705 474653 500953 475430 473869 498258 502242 507060 494010 477381 481807 502300 490244 524123 549532 479687 530242 499166 497449 495720 531093 489006 541739 508943 442496 456081 500291 492337 502263 471093 485339 499937 443197 544444 508974 515417 496468 521705 520224 466356 487194 506590 540829 497334 533515 480674 485307 501978 488796 468537 519955 514073 489838 506495 503990 489371 511547 533563 491214 
458293 433007 450331 467678 456755 435397 397697 438474 419842 467957 455650 480213 453134 455945 429522 477318 449157 425486 449796 450108 465235 436231 435757 471883 463858 460570 433695 483380 433615 419085 432328 462677 444894 475969 467055 399439 409697 446797 430297 424282 469075 431258 469913 406704 441965 450343 435922 430284 452056 437443 432815 463966 440129 457096 419490 469620 424570 455538 444685 458788 458780 460918 455038 451312 426485 462888 456253 430119 482067 452670 478730 484075 427014 436921 464255 422207 461663 436507 447928 444954 476110 451310 465003 439611 473302 452134 465630 435563 449434 441258 417929 443564 438258 402878 480060 456699 449872 441193 448932 455579 447412 424890 428406 418200 445329 444677 448536 433526 438171 451820 439387 450268 469933 445854 461762 418768 435302 425807 487002 410407 464955 460241 466968 439309 443108 440360 456305 449218 449193 448540 443742 456843 415729 432916 430160 415862 433142 438575 411476 415693 439159 480318 457846 456677 440784 416560 470791 444664 453419 425687 428267 436543 446808 436158 476790 486046 432022 455385 448093 452825 432286 468605 444272 484747 448552 417090 425248 453241 437331 452002 422672 461321 456398 413403 465881 469649 455231 436386 488352 467402 454471 412573 489181 476669 465440 490301 441675 424069 448992 440242 416264 456423 473752 451770 466411 451263 410187 473216 473413 447640 
510825 455957 475688 475823 477837 478452 462325 459356 465046 525595 489911 488425 483928 498662 467627 503903 486939 442241 491396 504271 489149 494113 444819 483524 489340 487209 447281 511831 444222 457233 476193 484202 482286 517294 475060 425467 451815 476576 446944 461155 486257 463132 493566 457216 519455 464893 497642 446748 481246 473522 479892 468174 464255 492293 440412 497162 467132 499228 446323 484726 501419 494082 478846 472632 451049 505578 494290 459030 489982 483930 487846 526241 460760 471984 495093 476952 517545 494702 447076 457394 484657 499015 491700 493909 490435 501433 511625 438608 461525 448246 450976 483884 480299 403863 489414 472691 482663 461372 511087 501849 468673 481273 458660 458923 471494 465159 475737 481882 455502 479601 474543 464464 500283 495810 471376 423501 469623 463517 518278 451617 484746 491362 497020 451013 465739 465134 518007 459652 474814 470465 484298 474533 435756 451524 461003 453740 476303 469315 470224 452116 476891 506449 476495 478327 488748 479877 509405 481933 485253 458870 450595 473461 470286 474550 510332 516201 462639 522644 482327 469289 485164 503489 465166 519359 487722 448538 449317 516212 476306 458045 472538 504862 469467 435605 491299 486276 496159 495625 524295 468084 472951 458883 491866 508548 463880 523563 474263 448987 479679 465945 453203 465383 491502 468584 493017 458106 456526 496059 523093 451970 
477684 484549 491349 499225 486728 488610 442475 484528 479585 555632 510571 497534 503729 497352 478622 506779 487791 458503 495114 484202 516829 492307 460335 511316 514934 525529 485512 518371 450880 476098 489573 497852 493511 527316 509285 424573 463906 488020 452308 464224 522399 495174 507811 481118 527709 464332 498481 469907 482593 499764 479381 495519 500381 519559 474614 505859 461366 484955 477807 481251 516694 527209 513331 516159 489051 502005 484104 490300 511152 519035 507045 518915 483754 523768 490737 478314 538197 477317 468208 491626 535761 508303 494240 499031 507202 483107 516552 467298 481738 492975 453203 503319 503501 439544 543322 496716 515646 499741 493948 518677 515008 487382 471336 460046 488677 463444 505540 473768 481456 501965 513730 472516 510511 501364 487746 427017 484462 487370 547656 485693 525915 507394 507297 437109 520231 472921 484851 503186 486660 504407 493476 484437 456423 481639 462620 430251 501813 490969 473607 464247 476183 537149 482951 498213 485040 461103 498401 504194 495048 526339 487757 479602 484178 524920 516909 540088 490504 516417 501178 501993 481320 521118 479877 541015 514388 432901 479490 521730 493317 494760 459230 529768 481580 437131 525473 495794 492639 512926 542496 531287 477340 501811 515388 517755 495839 541096 483794 478408 510180 476833 472243 526727 543188 509690 510091 478182 483650 533067 530983 482962 
519175 482795 506561 494462 502860 488745 476597 498129 507684 515561 494860 508597 498018 509618 468091 512879 499207 480462 509043 495600 536827 494332 480890 531255 522448 524125 469043 541831 479813 498684 500474 516849 511976 534368 523904 451038 473678 515685 484163 485302 526506 502553 523586 481911 544493 475441 518280 471891 484724 499572 471336 517538 499718 494560 441291 558793 482558 512468 490765 492161 515684 518757 515328 539080 486604 532256 525270 505745 523350 515980 488977 522498 501006 510085 524862 486749 545498 494927 506158 482220 523434 488855 510214 519962 515886 486617 551364 482513 496729 490720 473981 499868 493283 462293 545372 506832 495019 515771 521451 513358 484704 498597 500481 480293 499780 508281 516415 495136 484157 509397 501301 502959 520397 501718 493331 457043 496805 506491 528147 459394 511932 521602 541058 472557 531893 493207 540541 505730 511194 497650 506040 501910 456165 480642 488005 487890 510250 508836 478945 455860 491510 551826 510850 515630 482276 476697 512890 487781 500596 496245 491244 500238 490924 505575 545678 538417 487339 512290 507094 498186 478634 518778 481917 535313 498887 453931 491521 511712 505709 492343 486329 512575 488787 456138 524834 506304 510304 515300 528546 524169 517879 508240 541743 530425 507599 558540 502610 472117 487321 493584 481907 517900 524303 534482 531777 482621 489295 543819 557365 510089 
442980 428799 428764 456570 431252 418740 417997 444518 441741 486302 454827 457433 480074 442168 436257 473862 434752 429472 467588 451721 462844 458683 437996 469962 470724 453342 451815 470960 424650 422645 467266 437073 448611 487750 456280 397305 433799 471313 413974 423433 479544 467014 433587 441305 453838 441344 460883 446744 430301 443185 426943 456642 455014 461382 419780 454621 424906 445722 404821 459308 467055 449288 447216 454465 412453 462488 455794 431697 471664 455451 449871 464615 410839 468664 430012 456464 486376 451230 448324 444640 498242 467126 453815 460804 441348 433085 480061 424518 424888 433789 427365 461050 448068 370750 490756 469832 423931 444605 471246 481863 446429 450275 458119 421819 435684 429861 451082 429373 438089 450601 460386 448611 484016 453404 434124 398053 450629 446336 489425 436775 470587 456980 479725 412534 450506 438295 451831 445673 445267 441964 464490 461144 406152 436588 427604 412204 447924 438738 406948 425640 454803 488308 457921 469390 447181 429719 452728 461358 444931 480659 449171 421702 446470 458780 493110 491693 447842 461666 469447 451816 427507 473564 455536 473396 448568 397816 436632 484529 448097 434781 420795 477588 432272 394774 487312 452090 446862 457886 482715 475513 456780 440780 451655 486503 461479 493766 440787 425070 455423 425638 436690 458221 483121 471255 467143 435291 456729 461804 497883 425151 
504852 462936 471366 462493 481546 467550 449771 473120 458296 522529 512165 487937 503526 519561 458295 504044 464119 447355 483737 467802 501897 487972 450709 484345 512745 494177 455964 511275 460175 482639 464751 501293 480047 529409 473405 449425 468955 510098 442738 478818 520526 458693 493890 474547 504276 485416 499499 450910 475104 450367 455174 493957 485322 494032 453311 494203 452601 517582 458140 494356 504270 503610 489312 492336 481132 491650 500438 460447 494097 481946 479600 521339 453318 493499 469582 464504 505044 492094 458482 471910 520760 500857 498519 489066 490822 492786 510998 457547 490380 475633 457806 495945 477506 436627 503549 480944 486382 468938 517509 476707 485019 494207 472715 480221 493294 463133 483846 488476 464534 486661 479892 488327 486266 496275 485089 429126 471738 479723 528087 435251 504698 498095 506839 454111 483066 492266 487134 495365 494239 448830 489170 493656 430096 458808 467563 464824 494274 488898 431581 454946 446640 527412 474075 497992 472877 459979 499085 484203 476289 459176 471692 465365 487344 478658 492637 535359 486964 524636 508403 492654 480768 511060 482740 521636 478645 430760 464162 482385 489825 471651 465999 513143 475579 421866 507624 487552 509211 491637 499357 516900 484912 454998 513088 505994 452955 512502 485040 476289 498622 483711 465773 505970 494067 479887 492691 468326 470174 489334 537050 463857 
489684 414405 477553 475343 467239 457443 441571 457736 450883 498680 460603 468318 468776 480213 466220 471642 486596 451793 496946 462260 504013 475462 453228 479326 494484 486052 459452 513162 439121 455184 459549 484566 457638 506800 463730 422292 432248 476898 431275 466521 481935 448129 472939 439168 492048 457506 463314 439665 469598 455921 460493 471225 465165 466906 465522 476375 432879 463056 432169 471308 479711 484256 487333 469256 464093 495239 452417 463001 478494 477897 460422 488007 451499 481396 454881 465682 493096 464612 445756 467423 530761 475779 473792 483996 476562 456060 528010 434007 457870 458547 449417 469185 486916 411198 512778 478131 477405 482547 499948 482861 437791 462459 462528 431839 471013 429870 459883 441688 436012 485999 473037 461370 509469 477488 460954 415998 448836 460091 516099 454384 477456 499033 491120 431029 480574 479804 453098 485925 473381 471266 493543 480848 438404 422464 449367 449545 455919 447222 455239 449732 443119 499730 479717 484699 466405 431160 471820 498770 478308 474510 434598 450111 449444 469410 504365 515944 491330 488533 485652 475294 475617 503823 455027 514625 468380 442846 474545 490792 463439 452179 444029 488621 453022 386381 486366 480784 465648 475405 477977 469352 459002 469626 498305 508188 486699 497395 463872 458297 492159 454781 446963 465759 508069 461768 497498 447412 464448 477817 504638 467346 
473365 439997 464698 463363 459604 460266 430582 449890 451362 503321 466597 495132 488087 475992 466895 491252 454209 448101 485227 450801 488477 485054 453718 472491 492684 482946 433831 494689 461946 467165 474799 467464 463517 516188 476524 419634 428474 452217 445196 451315 508936 451972 482905 457964 491641 479293 477301 450277 475838 457641 477140 480172 470071 491213 469077 484434 435076 475986 465953 496658 491724 509965 475473 480323 481330 470836 465978 443352 484268 488925 482911 516654 452042 458144 477948 440536 486798 473180 436606 470040 504876 485740 489833 463455 472298 473822 500438 440051 463239 450877 434787 481761 472186 409528 519290 480927 482105 480355 486728 475490 476610 472395 461133 445932 473445 454907 467187 476820 457824 466832 469528 467368 474763 455237 471212 433444 432950 463717 527266 451881 463604 476003 493504 434649 495258 458895 483280 481302 469711 458059 494514 464991 435016 443605 474515 432158 460857 481507 441274 445660 434950 495505 479819 463042 461141 447371 490640 479013 479277 486717 458411 459358 471996 480762 476700 526514 455302 495630 481974 452024 441416 498536 464872 504361 485446 433344 479120 477375 460722 441936 450468 517978 450012 437001 499636 489623 480675 486342 493027 492666 469485 494264 482814 505824 485942 517982 452063 453979 473817 464096 438560 464591 513155 483750 458121 479318 466823 484847 526595 453634 
496071 486093 515879 506832 502656 486610 483718 490318 456654 564049 511241 503840 498623 516435 484031 535654 521130 478848 522962 518881 533456 521499 482556 514911 532339 527511 485112 540860 495915 479294 498619 512100 498723 554790 519843 437368 482630 514091 460076 490459 535580 486464 520296 481300 537146 493059 522122 459986 514994 513478 487398 504772 511374 540889 473822 515418 474481 508263 456503 525892 530488 538492 531907 544008 499560 524446 524174 498115 518820 526481 516665 530550 481743 524006 532612 490114 531082 497582 512679 488806 561210 524372 518847 510914 512927 505538 540214 467306 497924 503778 476350 514925 506101 419385 543647 501823 514132 509001 526422 505053 497273 512117 479657 486830 489370 470179 508947 497534 494299 507659 499948 524126 510408 511657 500648 469677 495751 514792 524344 468760 550197 518436 532859 469307 492876 509846 502702 515760 510468 504236 494334 507897 447267 497846 471388 459736 500706 500937 470586 463330 480456 538318 489418 522029 497507 497997 522633 518086 501770 484817 477194 475056 509349 508812 534635 557755 496307 525335 501318 490756 485467 513595 498264 527942 498445 450671 464824 531711 511171 500474 492799 540949 478353 465539 542820 512696 504421 506901 560608 555273 498335 506619 540602 550066 488259 547757 498791 493744 496030 490538 477743 540123 524805 529217 537629 530446 493917 503722 545383 491185 
513690 476581 495229 473607 500385 484536 442111 488030 491459 526556 523943 500406 495191 506368 519589 499718 506022 459403 523035 493527 510454 529578 468711 491694 527991 511447 475057 531168 477464 492661 514634 503756 492746 548836 499692 457203 477662 488424 451971 480858 540699 490769 518079 490834 537461 490759 507103 465587 514857 498099 475704 504924 502020 513607 487370 507647 444989 517770 473260 499137 508470 503792 516044 515041 498549 523595 494633 501718 530936 510324 498259 516750 478129 514521 485052 503714 520642 510176 489122 489527 555705 519565 524745 496166 498311 489454 528113 459410 500412 495704 477674 507392 496802 445398 543849 482991 489942 484259 522782 521749 512398 497482 469161 488977 516596 483238 505957 492940 484657 504811 498648 496504 503216 500411 488720 434250 495516 504279 571157 469699 513343 507419 514324 475347 503036 517158 506067 534571 505512 493927 519703 499117 459663 466155 460492 449107 478098 475275 481414 462340 487809 536933 508121 507331 481229 475161 512495 495426 471657 522048 478485 502180 507790 511601 532923 547488 499239 541614 496427 494651 487800 526575 520678 540489 492047 455072 477520 497413 509407 489881 489633 523426 489249 438552 542475 519983 512736 501649 519979 536600 484178 476420 528399 521292 475296 545750 494346 484563 527880 482192 471515 502965 519106 498051 531429 500199 487368 527884 531323 515364 
473718 441681 441844 446449 441237 437253 428235 440530 427565 476042 471796 465854 456963 465763 431686 489571 443275 442432 460683 455694 468113 449962 433594 468068 479186 484914 425751 492628 424180 443172 456890 465638 459176 478831 455926 403328 440187 453691 412008 437714 480347 449228 464569 433350 457429 438590 459356 432403 446747 441141 433412 461943 463008 447592 408806 469898 429322 458626 430069 475724 463673 471998 478754 450900 435367 483459 462021 450077 485497 476679 465537 495915 450529 466131 444089 451218 490191 472690 430550 440734 476042 486474 425000 446476 478648 417925 509138 414507 459886 455508 436919 456876 437411 390065 498239 460978 449885 435766 468583 461988 439981 437855 440173 432700 451581 428094 464585 450204 427863 453170 435980 441273 463617 456970 460069 426136 456047 458084 490705 429406 439988 488465 443686 419075 467599 455322 476010 446504 428951 439592 451178 487320 418846 425478 421448 440256 449306 458042 411774 418394 444128 504952 458194 453523 444724 447150 444713 472832 454639 453435 437583 440868 464608 439133 477786 511803 438455 479990 459780 459623 457120 463967 445827 500727 457100 411168 431913 454084 445789 436773 440624 469697 463986 410730 487831 458773 453836 463502 455927 467608 451212 440749 487242 498605 436363 491353 449441 452914 473548 450517 431546 472241 480469 454089 490525 429245 456182 464125 488585 433557 
495075 480883 506452 503275 499820 474990 466703 481702 461503 546697 532678 511149 508254 495715 509009 510549 511796 461411 529616 487568 512132 510230 473054 524667 510264 536615 475978 509320 477899 480389 488165 506696 505414 531714 522394 435642 475174 502562 442014 466156 531976 477760 499336 487988 511880 488930 520633 451513 472953 480385 478102 482397 505814 501004 494752 527604 485993 498448 475201 501637 489541 512847 520966 489210 476832 518964 520109 486216 497794 494553 497341 537844 483350 501595 486502 480826 513482 485660 470896 490671 538920 505379 503780 509628 506081 496545 544835 467215 477746 504568 480316 503117 502760 435990 523935 514071 535190 492397 511227 491573 481211 503558 492705 488565 483900 473735 482425 477068 480509 500003 519546 484940 499404 498659 502671 440795 490754 477475 530667 464986 515329 513372 505285 468250 522090 504358 493267 508112 507897 492435 501480 526204 447516 436970 474420 474167 499514 477815 469720 477505 473815 529766 518316 498648 477803 482505 523632 506556 504022 521328 489010 480917 503462 494672 524093 537544 500876 505139 506493 494450 512148 531102 489125 535557 479042 451760 471563 524752 490008 489530 492464 512293 485649 441660 539105 499988 492309 510827 492154 524888 485552 487122 517275 537297 507123 527607 476707 479507 509674 489029 463888 518810 532392 503849 515710 485847 476970 518651 521294 476591 
512718 486272 510022 470685 488257 479681 466825 485310 479069 547317 527026 509370 519467 509721 488448 525941 480611 485545 513080 484886 528001 516905 465512 504516 510469 519480 479156 514691 472872 506613 449503 512528 490836 547965 508687 437570 484099 492213 452514 486069 520748 476171 504135 480732 521340 513603 520037 465335 511663 502414 486139 508009 498178 521446 480263 525175 477840 498207 471259 513333 493411 520513 507732 506757 496901 497162 494427 496399 513332 517620 497712 540625 479337 489018 487718 505806 503628 495662 470504 485966 541084 513700 491301 500059 494196 473812 519268 485889 479955 496826 483060 509580 500211 430510 556827 516185 508605 475934 512153 534192 491806 505305 470307 477534 500537 485440 507786 489701 503332 507823 485084 484474 509014 496922 512907 469372 465289 486916 551206 459329 502667 524232 501159 487031 492071 474156 499805 494843 502403 483021 524949 511192 446237 469252 479997 454763 507055 509724 476892 459629 492595 534265 491781 505854 488872 489052 511548 497538 505970 478536 483362 481692 487018 519725 498772 555774 447413 536600 477495 502913 481462 511914 504581 549677 500910 458945 461905 506857 495638 489506 467026 521023 518698 424359 509693 504738 515128 488422 508041 513495 507792 489523 507561 562239 501819 522251 504035 505495 506044 484560 465865 503588 532759 492201 529051 495696 486028 498397 513752 491866 
472472 452666 476681 445094 457129 450561 439056 451152 430461 495050 457293 465968 470785 479601 441405 491770 447338 426663 461927 481646 491833 456002 448685 482039 462757 481296 424915 514615 444557 479428 436794 451388 454178 493018 467617 434716 446368 470685 435133 459412 487284 438252 460508 466158 461102 461686 457041 422122 475806 442752 450367 469911 448551 458967 448535 475036 428599 467985 424087 481929 477531 489910 458687 470888 436975 471641 473315 462007 458763 473268 461125 481350 426346 489417 441111 437390 501305 439108 469702 427531 508865 467172 464512 469702 469435 445749 478106 436921 456175 449874 420571 465939 457692 388072 476089 458130 455233 461037 473099 458708 467019 450749 428622 441187 456906 420038 463388 459184 456824 480029 491602 466199 474255 464435 438280 433647 459254 460005 506020 422073 489292 469134 483034 438746 459461 422013 450321 470179 471425 442337 452500 462820 401813 429976 414359 431637 472332 460744 424351 424006 458172 473770 450785 481844 466446 432486 491689 450391 425275 456291 433836 444773 455372 443187 496311 506127 457626 485313 461293 447699 460413 487346 444333 495404 470954 421261 444520 455110 453992 443154 443747 484315 451413 413540 492362 460786 464640 453293 486505 489532 453348 441923 483728 489603 464293 501926 446361 419778 450357 438060 428858 456987 494381 460162 486988 443962 434435 466494 512232 463329 
475645 431174 462548 448192 449152 446610 429366 446650 453411 497983 467070 474216 471918 462466 452312 491455 452425 436631 456052 475020 465595 468531 423606 498472 490140 458657 438012 475725 437456 450737 437092 478739 458501 522150 479206 419799 440802 466759 428382 439304 479328 435032 469485 443327 488934 444913 456280 425458 474318 434442 427658 475021 461354 470094 427423 507849 424192 467394 423765 463760 478583 476978 451875 455487 469985 478842 472620 471404 486910 474224 471449 477693 447070 469443 441681 457914 475689 449964 448710 442834 494645 495008 476242 474352 479190 430182 489017 439044 452170 458914 426389 471645 454125 407783 516401 469853 462575 447945 487971 471770 436988 459210 445783 405271 446283 453923 458416 439132 456593 464924 455065 444071 474692 480432 459867 420342 430877 463691 522984 428959 477943 474216 457919 447039 481301 481341 445621 468446 480429 449108 455192 460499 421376 440372 442304 436309 446231 448809 439647 417162 455244 470326 446380 467127 446642 433454 477877 476081 461973 457946 450360 454434 442022 462889 484313 489377 450293 480905 461450 476053 460214 474228 459194 500878 457774 406934 462502 460307 442296 450298 441926 499985 453367 396498 468638 456894 449421 474909 477176 477731 475820 444031 501192 492252 465463 489040 454845 437127 480197 443845 428664 464447 490172 465815 493878 434546 429138 469219 488098 472572 
531687 491836 492687 496331 513401 473237 469026 493034 490039 536114 533868 498806 510975 524316 481337 517735 474208 488984 494734 485667 534194 508685 470102 534445 518067 515294 483125 541409 451418 503136 488978 505150 482387 534601 509160 448252 486334 503086 443386 491707 511482 462606 522590 465964 522242 507915 499521 470711 503945 490235 483442 525159 512823 513463 482534 513166 485906 502855 477271 499187 521053 514515 507514 506935 489689 505557 486594 461377 513008 510383 500818 506935 476394 493189 484066 494237 527206 491846 479045 479987 559347 512933 510981 493673 504459 512036 519219 472566 490912 488338 462785 512324 471953 445009 538108 522587 498369 490135 516736 510608 518867 510276 495898 477396 481113 489334 484880 501293 505070 490051 504348 505227 505262 492439 503996 444573 486068 468031 541440 469147 529488 507153 507561 499312 520361 489234 507187 508892 505890 504304 509769 513549 463271 470215 466480 440360 525338 496567 456970 474587 497856 509360 500553 514464 486149 467861 526504 514036 502953 499038 465900 469542 510635 493583 509958 552615 496223 521358 514934 494982 496507 519143 484439 562215 492099 460315 459396 509512 505673 489792 484850 517309 503428 439761 514964 501539 498897 509267 527427 514358 482270 512145 537239 536199 500967 533006 487005 489810 493676 485286 460849 514889 526630 482442 542192 480361 489273 506385 528489 481964 
527825 469015 526831 492412 498051 473894 438633 489096 492729 530302 505346 487963 499064 510239 487751 521534 479017 466126 507552 490269 519063 520018 461178 537804 527159 503025 485433 530435 471454 497076 500912 492879 484690 533033 478829 448521 473457 498608 453002 471485 504630 494856 502017 496489 520042 488686 491104 460879 498278 501808 487775 509744 519521 514383 470252 496374 460921 478563 473609 502487 520293 516807 531357 497637 493072 519631 488120 483809 517541 543862 503393 499369 479520 506210 478516 504781 512692 493368 490962 487740 535565 534317 488878 493744 518028 489925 534416 492461 495028 494660 467615 508324 488603 437684 550217 485569 493911 469373 520581 526920 478284 499701 486691 491327 500562 472236 506338 478224 483441 502303 521145 473063 519613 490392 475161 445275 500366 485352 544610 483553 518439 519818 512234 473815 516794 463538 499322 460954 496101 504955 512066 493377 477867 464924 479794 446443 500447 475473 464783 484821 521351 528345 490550 517450 469599 434487 523688 531157 505759 507549 467403 493931 504940 486290 517803 543855 502814 516400 517845 460554 491468 538780 489776 533097 514782 435301 483239 498681 489852 464751 470964 523675 475075 431072 536381 524687 480780 514826 521204 526899 485102 504335 517253 537620 491812 536589 473913 471374 511911 486703 472976 482409 513176 490714 525282 460879 504506 519081 540933 505716 
526738 470316 495977 493247 509211 463222 465682 478944 476801 533711 512341 491720 495164 525453 484178 524772 486131 461423 520770 501177 519829 488858 454281 509411 494551 502806 486231 519465 475262 489344 480503 485231 490743 546421 494406 463007 446716 513880 456301 479080 516092 477280 483615 495525 488963 484233 497902 472664 490087 476193 488300 511894 492796 498759 473776 512869 466224 510336 464885 484481 523557 504042 524826 505652 488998 498937 496167 494167 491377 523173 507600 533013 479260 494648 475487 490313 532826 515424 480038 482491 539636 506154 489626 504176 477890 492879 536520 476585 465797 493919 472606 513120 496554 435965 532203 505854 503391 481984 517536 524483 488498 513403 471111 469778 490673 462867 497430 472344 478799 489419 479427 491193 506492 486995 491686 488741 510354 500379 517419 470829 512828 499666 512521 471518 483587 483100 483505 495591 510088 489394 490440 500826 446923 453281 474396 461112 500799 498689 453618 459504 477478 527557 484353 526907 469603 475257 507608 500888 498917 500356 455236 473620 511674 491400 530735 533813 486737 526873 501084 478868 506178 518288 479896 560669 505805 443263 486733 521220 493439 481490 474790 510652 495281 421422 515332 480974 481755 491606 526080 526777 512558 494622 516201 525549 511322 504864 485004 478378 501024 468411 456618 492650 540024 478323 534165 498803 482256 483534 527579 502297 
538239 492163 531775 502392 542106 488318 472108 490201 468651 554100 534109 511643 527645 532131 515699 543951 507877 459390 510735 550484 537789 539455 452777 538021 533163 523096 490546 551750 480932 488494 506738 526375 525478 540352 533948 472863 501436 532869 469534 513733 558507 496943 523780 513645 543724 527198 500928 478479 507408 502773 490085 549029 508703 538579 497138 535791 503571 528664 489952 541464 532003 528756 534842 510038 507790 536495 556716 498520 530327 527802 511481 525507 488682 525314 511355 521221 564183 499232 508256 498520 567221 539570 528911 534276 525468 521565 568575 479867 514216 529260 459261 524482 533970 425907 547982 531441 500372 512263 561463 556526 520835 530767 536421 498572 524173 492567 509093 481778 493442 529834 528487 500539 544788 544629 493007 467550 515079 516842 561921 484572 540454 534016 528932 517276 533650 504765 505249 523124 538899 532553 508797 547307 487855 462115 518975 486325 520445 511098 497499 487088 501327 537383 515160 522929 521090 489929 541462 509997 504588 527956 490871 494008 528708 525761 550636 583520 527829 539199 548604 488765 508997 552228 527015 547093 513728 452765 494959 509905 508905 524690 472853 536946 496092 481418 583898 533619 518778 514389 579352 548488 495055 506462 518226 549444 532871 543847 523264 502150 534562 512189 502562 525868 521488 531031 547405 513798 489046 546700 549839 513629 
542484 501407 546103 530107 539389 484237 486059 502557 514761 557179 560829 538283 529970 538797 525318 549790 523411 491858 540111 527690 568153 531037 511462 552538 550332 557687 513719 545792 488149 516875 499310 538374 531509 575037 541853 470898 497199 531376 469912 524705 569253 515662 532618 509175 549197 531147 510658 496173 530746 514342 498967 541074 536917 543096 490521 565336 491010 541429 505960 523076 539955 541801 531462 537280 506237 559413 530055 522378 558802 538740 549918 549346 492020 554401 534890 503519 533465 534185 522343 525820 574594 558150 543864 536330 540121 525789 537160 494979 530737 539186 480963 535336 523120 469950 579253 538967 532323 515814 567182 543807 510811 526483 528129 496354 535414 525598 512130 511185 521345 532930 545232 524513 537695 533971 515459 483829 497586 510072 575124 506643 535764 540872 540043 510072 524032 528584 523712 552768 515424 521139 526162 547222 512537 486671 506858 496118 518417 507604 502152 487577 503888 566002 546174 542251 518368 517650 523159 548971 518806 520968 499054 500370 514985 527872 577379 583372 521766 572169 546276 533329 509904 560073 535844 549303 524215 473744 517153 530720 544352 552781 503752 550177 516534 467064 577230 539605 525390 529556 566591 564547 518246 508219 564421 546167 561172 558098 510322 503657 556838 512253 502209 541750 551311 533441 543200 550934 526828 574018 573462 534838 
498328 479823 499492 500087 493030 456946 454862 471759 460249 514372 501505 500579 482637 510569 486516 508638 480102 470745 505245 500757 512732 488455 446999 487908 522842 495630 463847 519153 461799 488465 477985 506207 479949 514483 492168 440228 463521 500905 459440 475991 523414 469065 493519 467052 510782 501228 529407 468838 489000 471563 477430 510156 510960 502304 473845 496687 461447 484423 483640 482442 497292 514404 522757 507104 469998 507266 475010 481819 518023 521343 506566 501092 483254 476356 464070 510168 532607 502254 466164 503183 540736 504283 504912 501376 489464 514373 539735 464944 482879 500552 480334 488080 503078 424908 544224 510382 524181 481556 494561 508214 493037 521459 495892 490596 487220 453891 484266 460475 470766 504599 460253 477094 493939 497317 482593 463399 471452 474912 524663 466000 501942 500910 505086 477965 483821 499317 503076 496708 514305 500545 512412 503189 445124 474923 501170 446835 505743 478571 472773 458283 482629 521537 483926 517901 490094 476285 514428 510720 509188 504428 470590 447868 510790 490282 523217 541901 489997 505941 503660 472326 485650 506500 485571 551484 488083 437762 471302 529111 493211 506264 477913 521316 479241 433794 487601 502465 491809 504876 530543 508577 504950 475375 537001 537676 503395 507931 480254 477001 495360 482082 458552 499932 516654 479037 534634 483326 488383 505875 539959 473117 
532209 495869 496936 501491 486897 472512 467768 469924 481492 538459 528716 487482 486808 510472 472277 512333 474429 451750 512733 500342 516437 520221 485451 525022 518041 517448 491320 519741 442565 492102 489929 513744 496402 530863 497577 457946 460601 513525 440784 486275 523598 481820 495427 478789 519623 494641 500848 473653 487296 469919 461957 495536 507584 503819 448570 520021 458358 522932 475333 488487 492060 487944 527913 489896 486300 504935 495037 506293 505634 507113 482786 524190 472369 506247 502465 505089 507842 514006 472399 487758 526021 506918 494817 496477 497265 476931 535001 473686 479169 489448 454055 539147 478563 428245 559600 506957 505509 504568 511707 510122 476265 483841 495440 474174 489385 488667 475739 474871 468863 491959 484233 498830 505374 487290 504177 458639 478061 492275 521838 473807 512253 513842 504132 494982 519545 501599 509587 494861 500927 502754 487977 498866 458205 460222 492526 455275 500183 485390 484427 450532 475647 522083 512554 516881 458546 482541 511568 514103 497958 482797 460331 478559 498852 527424 548314 548095 487130 525271 514753 495593 499969 512718 482332 559794 492443 423919 477728 505296 501286 491573 464537 514661 499960 426209 521565 517566 493088 509329 521264 529479 487767 476108 538475 540275 490547 535732 502978 485873 505842 484087 473839 497486 509588 487911 524553 494016 503376 512682 541774 506250 
451318 460682 467602 448948 464123 443915 429452 443482 451349 482663 467668 478120 486061 463731 468995 489544 467996 439518 464446 472828 472800 453322 446627 479234 485600 490026 448665 509492 452377 461598 451721 465465 451516 505382 476853 401132 422559 480931 437887 438765 515495 454860 478775 464580 472288 453025 490237 450258 456540 444890 451024 485846 477783 458378 454513 486463 434174 474162 464673 474541 481326 467229 507332 456110 455576 482570 478994 468357 475758 465035 477291 480873 452291 476147 455817 469453 481495 452913 445463 444201 514378 476125 450941 481377 461606 443101 507678 443485 460907 478355 454292 466034 481144 405202 507075 471068 470693 470124 458521 471312 446682 448954 448346 447590 484441 437109 453920 459824 460694 481414 458262 460930 494935 449934 470697 436404 463693 469186 517528 428201 484369 493428 482370 435825 466260 449327 457074 470100 460227 472336 452251 478637 429500 436741 447435 418962 453150 454559 435064 430841 457866 492330 460330 479648 473498 443019 472936 473078 488519 468416 455029 432066 430834 467808 489852 518185 471321 477432 492915 473601 439959 481744 444233 487671 454390 420143 457765 476666 482856 435221 436233 465961 452808 415379 473590 481618 470525 481747 472022 463205 471322 443393 504667 497685 465492 500184 471745 455259 468942 450175 446032 487006 503466 481195 512117 454952 447198 504686 501940 448787 
549001 504462 533339 514555 533013 521812 485722 502673 507503 550491 548924 522706 537137 524848 505127 539525 505581 469369 529805 528860 564631 548699 493746 548595 514662 555267 513428 573909 520090 521496 511780 533097 528654 548214 538145 493772 490157 527147 490716 517014 553269 493737 547405 507881 537604 530289 503245 490860 542080 504763 509476 543940 515519 520843 491932 560918 482660 531713 503626 528176 533915 526862 537304 547211 509759 541104 540641 517018 552775 542975 516693 558068 498668 541003 521882 525475 546320 509882 533956 496650 569134 521056 549318 523499 538775 516287 564529 499547 530945 509117 487274 522599 524508 453279 552094 528940 511470 506964 567750 554425 520889 520193 509785 513006 529993 505254 529071 524896 511866 517724 544953 511326 533993 529136 523943 472548 527256 497069 567602 484172 540106 530212 538732 511271 520794 497597 522301 553482 509136 514470 511092 557206 476283 493773 502338 487542 514522 518774 486389 486598 524635 551726 532494 526973 503046 499939 529110 522262 518053 530439 481038 502366 527513 527950 546227 567109 509327 543957 538775 522127 520713 553031 498874 567750 512368 473579 502797 530665 510541 510858 506434 572321 530525 465191 559822 523523 522532 516855 543332 526209 529146 501562 547360 539300 538493 582336 510677 522623 522652 511733 491181 527394 550263 523992 553506 512460 497509 545688 540141 525671 
501322 482403 515478 496443 494510 500517 471393 480436 487962 534716 511120 506487 515961 501359 495497 526809 512184 489098 519816 497974 533738 508274 493883 521659 529814 537149 478812 533397 457237 504514 492010 511057 494016 545942 513580 435805 478692 492859 473002 491140 522792 489015 509300 477075 531391 506839 514036 483425 509203 514562 480742 527608 498761 508631 467480 516601 469366 504258 477463 508022 523173 516029 513650 536363 487765 535439 497086 497141 520669 501007 508808 542512 484642 501977 534823 485706 549408 489840 492433 489802 539893 493346 505001 520255 506194 494156 532994 471716 469401 493075 473667 510514 503359 442527 535357 509789 506350 510626 523268 520349 484546 499717 484579 488174 499504 472085 512017 517135 487050 495227 507478 493320 507531 511801 499225 452084 487117 488101 550520 468919 509501 523487 505907 491213 523553 490754 511698 529015 495647 506652 512717 498552 469862 470928 475465 445077 495094 504871 481342 473956 490259 539713 510199 506841 513739 478862 527635 506203 506330 508138 457123 474494 506685 483235 562198 552314 488024 539466 507048 512644 502639 509168 493939 537248 495551 449201 469233 525148 502180 499611 468847 536873 489824 463216 539071 511355 500075 506021 542632 518507 494988 507370 541736 553527 516385 557188 506793 487454 488160 457981 487158 529632 534228 506140 521661 484512 488336 515827 536581 505483 
502129 455096 460124 480420 458818 475971 430528 472422 442696 509742 509386 493097 490140 484173 467447 490038 486112 449841 491658 478243 492232 509536 425851 496037 487662 513836 460977 515494 447103 477686 458877 478045 465982 510005 493425 416627 470587 473587 428498 445308 503803 457494 478415 469874 511213 474801 494646 443714 457346 467823 460130 492863 482412 488520 469473 462255 449244 477118 455781 477690 489080 496373 497647 487229 460150 516009 487874 463346 494257 485542 506095 517691 463462 480001 497104 470039 508654 474757 478950 466738 528811 502310 490302 474064 494742 505148 506385 454165 486996 466732 433805 493408 476616 426056 510755 500214 489459 458815 512240 473061 486812 478826 477570 468456 465065 463228 477463 466554 484426 499731 498909 475327 475878 500585 473450 440099 478236 467013 518855 440092 512707 463175 510928 461928 467017 479538 471017 475988 480260 500212 491819 453098 429929 441503 478546 440444 485566 474914 438531 466691 471120 505372 484281 471638 474371 461143 506845 485562 480464 506884 446397 462044 471309 473450 505474 502112 456012 486562 492668 468371 470339 516517 495593 521324 475377 434306 451074 496670 485160 475921 469312 501501 466319 425494 499125 497495 484482 494283 496964 498941 493357 475223 496536 513455 482912 531902 459514 440383 477677 483166 449931 482080 490696 483807 489031 465884 468921 497816 507308 482340 
529256 478861 493405 500540 487932 492344 453729 505291 483443 519108 527995 497972 516985 498910 474142 524101 484532 452940 490093 487768 518417 509192 469618 512253 503206 518336 466089 491270 476019 492974 501167 519797 497993 535138 484911 445391 467783 493636 452715 487159 516929 481974 489308 479628 487746 487931 530282 462664 479525 491549 479786 492025 486043 493726 447840 503696 471922 507109 472970 505968 501387 518009 503979 504642 481427 529216 513682 492304 522193 503987 505747 538345 466143 513250 509031 499306 506606 511199 467191 492292 528138 511585 498683 499788 503852 488931 521470 470083 481580 465335 466604 503162 503825 444675 534901 488696 517539 477305 505467 495161 501033 519893 471278 476064 505768 485009 504204 497101 469601 493115 502170 473086 517516 513893 492260 448614 493463 480159 523718 463468 502787 502498 510249 448282 492960 478719 486783 508494 517107 486576 505556 505374 441361 451400 465659 469766 499467 499552 458248 460270 490694 519499 504275 499980 479160 477175 480332 512441 496868 473031 466559 489685 475191 488138 533781 552733 493746 506728 497202 509709 495042 526137 494521 529523 490305 445949 477210 515184 488809 490288 472880 524643 486927 444344 518567 504005 504773 490898 501027 497999 485839 494945 520436 512818 496662 526466 462877 463357 514814 503896 464851 507869 520930 507877 493971 490859 497563 530082 529522 487349 
524295 458308 493124 480058 484420 463707 430193 466458 472156 509935 476008 471646 489015 495008 482244 495645 464440 440378 488869 493287 510186 491755 452714 497509 511362 486241 483589 507099 477343 461555 496460 480746 483792 521144 488051 461143 473515 498488 409527 465967 515582 476886 465995 459659 489945 473755 504145 453562 466015 453633 471574 500205 507523 468702 465872 473141 465805 495475 450638 465107 496944 506982 519984 472342 460232 513367 487191 469579 505930 506081 476694 480351 455768 476213 471903 481436 486065 499973 449199 470892 525744 513259 482514 500252 471072 457676 520784 448519 472335 482950 461950 480968 455517 405819 551941 503615 484921 474021 507386 506741 470278 487906 469755 453335 504962 467275 482759 449123 454141 475345 475545 484507 513611 477106 475406 442746 468992 477207 520383 444706 490568 497206 490080 451996 479720 486550 491013 500207 473042 463634 499291 482793 457913 451153 470021 437816 483360 476613 462181 447344 472620 561406 452016 502425 482270 443499 479396 501526 465309 479164 477271 440335 468497 489728 498071 526656 488863 484027 500060 482496 498393 493594 484101 515880 474682 441614 478074 493375 489214 466553 448823 503433 472218 396876 481420 485202 479029 486699 487408 504633 502459 462066 502236 510447 495372 503456 464997 491607 499874 466044 459096 494470 510080 482837 513876 473800 470763 491276 518866 456959 
460169 419062 458388 439733 431469 427091 423578 458294 419108 494632 439344 444490 444553 463322 436933 440064 441456 417472 437008 437989 477893 449897 412400 448567 446699 430476 395621 470809 418376 408938 407936 449190 438140 468529 430693 385906 394435 449219 396968 424035 478556 437117 454273 425139 437558 448026 449792 399990 438873 436478 412553 430279 450018 424877 419054 452629 433969 423685 426236 444061 447788 453349 455850 436754 403556 469234 444391 445427 467958 435065 428977 473170 414026 428655 451680 428034 451406 459345 415871 427963 490462 443012 418409 419078 446363 419471 479767 417206 418672 439848 407147 435605 463049 375173 462193 452352 426794 439234 471930 461461 439440 467500 439113 421447 411298 425540 421402 436386 437419 439276 426416 440070 478547 452066 458847 412356 409588 410639 494341 408603 453610 460901 440754 405029 450961 437398 444598 456893 452170 435795 450008 449018 395292 405112 420424 425992 445578 432184 426622 402700 402992 474462 457603 448543 426473 412990 458026 452294 435159 433382 421254 418134 445897 451887 460722 498995 452801 444100 461430 446761 432500 457457 439563 476457 437444 402907 423811 443600 437658 439732 421285 463484 443478 400176 473705 452563 435579 426091 459857 462833 421415 446617 472406 478643 448854 454654 436616 436675 449255 451903 412539 431931 443119 421581 453061 427373 442634 434681 476520 437940 
511209 470936 464118 480950 488413 455115 445473 445586 454307 516704 494706 479008 501069 482172 458248 496712 481313 466089 506711 497304 490430 472123 463599 494818 503260 500876 447754 486717 438412 466421 467041 488333 481482 499776 486651 440129 472358 499847 439135 469728 523076 464283 468056 451461 481140 466599 494883 446498 479552 443969 480758 492301 493511 505263 443919 512612 469941 497155 448144 483624 487167 521078 494983 488347 466314 482435 498436 481499 504077 514106 477794 507375 458525 499157 467649 459083 497601 468774 468312 457485 513760 506424 495857 478072 483989 468778 517923 451793 477605 466806 461058 480307 478967 416881 512880 505449 488975 472596 508196 518525 471018 477737 476809 458395 484409 464721 485791 477708 450823 485581 470649 460385 501066 477012 497692 434607 453489 455077 508436 442840 474137 502568 522262 457765 496068 464079 483039 480751 468648 478010 472581 496812 436911 451943 474136 446604 488006 468923 454548 462150 449680 494806 491618 480771 479258 464420 491936 482635 494680 475416 451725 439035 456914 486129 494581 537342 466834 499848 488208 490898 468929 504538 480121 522838 471169 431790 471781 468357 501324 486369 449919 502601 452980 424852 486827 499958 481683 476635 512087 494114 482132 461217 498278 528502 478202 504927 482096 478524 514017 456794 472093 522770 502303 485235 514117 479867 475051 505276 489327 474226 
477233 465096 469173 464990 463544 439514 425007 448110 467442 495907 491268 479423 482854 475149 470797 473980 462227 446898 487627 446940 485319 497264 461665 455903 513205 496899 469834 484601 429044 448419 473239 485406 474052 520884 467639 421098 455328 499326 433435 447388 486410 444005 479233 448101 513468 461455 489404 460888 450663 478430 457149 489771 454160 461231 429845 486795 433246 471462 441968 480981 486956 487918 493209 489830 475489 499930 477723 467991 483438 482687 469565 518798 454325 469814 482743 455625 501042 467094 466511 485165 501932 500504 494797 483685 480670 479962 506007 447105 444758 446929 437482 490755 481606 426855 506993 483132 459373 481627 473058 517462 459715 485028 474641 451933 478768 456559 466591 477770 453418 488862 491633 455648 488028 497234 488665 447901 452240 462332 527366 439976 478477 491423 483434 470083 497435 460856 487598 475095 491993 466822 484607 477169 433624 456342 454473 426892 450259 478616 449696 452910 471874 510234 467663 479621 467362 449416 487174 481880 466463 479102 463655 467764 475314 483521 526045 529376 471657 498674 489155 472890 474989 495579 483429 508685 478524 434487 465664 482072 470688 467407 450604 508513 452699 412692 502846 474556 462017 504182 510586 506353 454008 452515 476406 495352 483065 513917 467906 467259 474955 457622 461507 496808 484513 493165 495864 449377 457763 514131 486072 450815 
517024 451204 527406 478302 489336 463067 451833 469640 481684 517574 501818 480803 488082 499136 478787 490680 489569 444849 510462 509677 525414 478764 472044 516033 507098 523722 454613 500914 460746 497843 484276 496807 502595 535634 472934 456824 487257 488442 434696 495186 524104 493043 471313 504570 503440 511717 484412 469029 502975 474493 469251 490331 490023 487914 472442 515508 448186 492876 474317 480844 500794 496849 486329 489796 479156 510174 485824 490632 491978 503398 522583 502424 450355 507346 504055 467085 519857 482121 478745 482343 536162 507874 488026 508155 492139 469879 531945 449390 491514 491649 449709 498786 504051 429173 543111 509822 473665 484556 509515 524034 489633 489929 479357 444488 496244 473390 485594 489570 468401 479131 492719 488462 521702 501210 477651 459556 471510 478441 538284 476208 488889 519832 517784 484526 498339 478657 481711 511143 476573 511171 499012 480912 455186 452020 466442 469514 512049 460901 460914 475960 471213 550970 471874 489838 488028 465284 503770 508607 506688 470533 448486 471247 482576 506456 516978 533248 493663 506683 494942 473482 475757 508980 495478 526388 513975 442677 471245 485796 503947 473560 456016 521654 478733 435363 524952 493157 485958 499517 526008 515057 490236 482904 504435 509170 495754 522717 494706 494637 500671 483985 476655 485360 516790 482888 532430 488885 482103 493818 513232 515105 
520430 458124 484860 468254 480388 475682 462510 454957 462741 492611 503763 486837 490808 466110 464871 502174 461079 440314 495697 470598 503371 504988 463590 500368 483531 503214 457075 499207 456509 462131 440574 497760 479726 519035 494645 418797 456737 476003 445573 488824 499780 479616 486445 458702 488473 455647 482187 439820 503390 474712 460595 492785 472843 480479 444129 505982 446569 481514 422246 474585 509397 489780 472385 489411 475292 490492 480568 472128 485933 507304 478056 504830 474783 494705 473406 469544 516214 480064 474808 470192 524459 494305 476903 495427 469000 476810 511278 451334 475123 450702 458714 482327 461591 400122 493986 475504 480096 458973 506961 487178 475937 475915 476499 445547 472498 472995 476096 470217 475581 478150 498198 465674 483887 469017 501823 443171 458258 486463 524830 448525 483953 481425 479920 441149 493322 457423 472550 496668 461888 481931 475377 485872 431395 441508 457522 433582 462421 472931 456540 435177 456938 515387 475471 476336 472081 461813 500155 488342 474604 475748 454601 462493 476305 499755 497502 535518 467835 494231 496920 477034 466987 479504 466561 510259 492579 450012 430406 473786 489959 477373 450020 502802 458542 412013 505953 473387 480026 483683 509323 501041 475844 478922 491432 494661 485634 507733 466756 464728 478605 467867 445071 504671 527178 496683 514557 482278 466902 492880 508887 470087 
511272 472101 499327 499626 488903 486172 478640 481835 482636 520703 503049 499463 509682 510870 487666 502770 486025 481836 521454 508573 533921 506908 479241 517524 509078 494301 480839 516269 477613 463970 491005 510740 486617 511940 487039 445990 499612 507849 451118 495177 535878 490270 505646 480068 511644 491606 492897 473656 500324 479370 487801 490579 488894 486978 473271 509725 455913 520953 464254 496624 499151 509574 521918 517800 459274 512308 489239 487212 514888 504953 494970 518613 477694 490468 482251 497945 516688 507385 495993 492401 542286 504261 506372 513574 504471 513761 541182 473935 474063 497758 475246 511200 484705 440940 553354 492590 512653 497262 501651 508164 495002 505562 494648 459105 490200 491289 492319 475151 487605 508082 487069 490294 524222 518985 490644 429118 469706 498496 526169 464938 525964 500286 518278 468879 489194 488748 513002 512191 489190 487508 514893 494501 457706 470280 469010 461132 489114 468025 486175 460953 475486 529060 495178 503327 480899 492918 500884 494488 478234 485085 476671 478439 501243 511793 507890 552587 490767 523286 494112 504163 482797 518880 498236 566828 498090 449840 488965 515576 496615 489363 465194 532567 503311 432918 529326 504423 477377 488210 494436 521729 477674 481349 530450 517919 504184 537734 494383 476802 495994 468049 477606 507499 551812 506435 523240 486845 462049 511385 520785 502478 
502904 449863 459751 460341 463880 438686 440240 440881 456116 490156 499677 470093 469637 485717 455465 491784 461604 437616 460190 463901 478311 476466 450505 484974 483147 487435 458655 497376 432900 450991 449553 489453 471175 485678 488998 418337 437332 456177 427222 461636 499607 466249 495981 471670 488520 468751 457246 442104 466419 472331 457376 476524 439737 477502 441692 488788 422567 467450 460922 463351 500781 482208 476917 480966 448460 463900 476265 474869 501365 489844 505383 524813 436788 461740 455789 439183 495364 458628 456092 471182 499771 485303 483153 450073 481759 466574 506679 435844 463769 473929 417439 476395 472006 419393 521048 489094 479509 457727 481790 478995 479852 448061 465615 449855 483920 450351 471486 443904 451078 468939 459314 431660 476002 459573 471902 431015 461853 480622 522482 432266 474813 473395 476410 446618 467377 453156 504528 485805 460993 468039 466382 473989 438718 446114 435122 446793 452830 478977 446249 442210 446982 495312 473981 458543 448979 441322 500001 464924 481774 464996 445282 451544 479539 479419 490210 509833 460774 488999 471438 469602 463268 493422 470243 523157 480124 420857 455034 485340 461716 479147 432069 496922 466288 415063 480151 492871 488831 460828 519010 475289 472189 464384 477876 509518 486479 509662 466937 444158 452918 451621 453749 478143 507811 456450 487473 474150 453895 487028 497172 478684 
467422 447168 461880 460897 440958 451353 434926 460245 466248 490191 483345 491356 472786 465502 456337 501089 440646 428249 471123 454917 493739 484136 425308 502957 509636 491804 450279 489713 451943 480368 455020 469206 451861 523230 477900 420327 462880 481301 440449 463173 502114 466314 497234 463357 479934 485452 484797 451487 477424 458985 444887 488214 461175 497391 452035 490805 454603 459722 448979 468214 465340 482630 485696 469805 443766 487427 485228 458314 491944 483348 481180 502888 455827 475016 475470 467601 499686 464956 467839 481373 518659 469085 480035 498843 455174 452789 502394 445256 482605 453669 464935 468271 463310 382992 482902 478259 455376 474090 496829 483767 467623 483068 478981 480183 465917 447489 491204 457225 460952 469372 480546 453971 491518 491483 480390 422130 469494 478527 520455 441269 484636 483451 475826 456779 460881 456402 479216 476685 460351 475083 480140 448758 442543 441826 459265 448245 471109 488667 457706 433419 471082 507975 492124 465654 470480 465844 507007 469740 492066 472530 453625 446581 478341 482190 501878 512827 468050 508479 487227 477023 465491 497594 478616 525923 460296 438456 447514 488037 466651 442444 447898 509041 457780 440550 514801 481303 489926 471236 491813 487879 478541 478739 478918 507207 478503 515046 489165 467311 451987 460211 450126 466794 500733 468149 500558 461617 460830 509352 526098 465423 
490294 444031 514927 466603 465746 464519 456769 466728 464183 498069 508295 508409 483119 508095 488279 501475 481159 438474 514354 470767 506233 484427 462596 488891 499535 496218 471880 492099 463587 472739 459906 503457 464141 516090 478018 421641 467553 485588 444396 483688 519482 482900 495921 452801 496455 498224 471212 448872 491410 480838 461290 510668 477109 485149 463508 509908 431379 488856 454259 464518 495977 481102 480644 492149 479777 486940 465933 489790 500109 495060 506676 509776 451826 478833 466353 474446 511278 485708 486556 496552 527583 505391 495761 482464 493199 496238 511110 452175 467232 463704 449963 498934 483409 433316 524198 486935 485318 473808 494763 499865 466232 487006 474998 445876 481639 476317 469298 462933 482433 475564 495013 454475 497499 489166 494353 454558 444168 486723 530774 451384 507715 485953 504701 459738 469722 475693 465675 510863 476267 491879 504726 468051 437232 445680 460310 448668 473398 465171 458095 456646 473200 499591 478630 488474 465695 470157 505088 502718 511888 482936 462279 465602 498687 470379 501490 519971 486432 511254 494849 481112 460197 512495 472525 526861 497994 442094 467758 502382 490087 499884 453316 506404 477063 419485 511374 496660 481844 476556 511808 500439 501896 472144 509042 513534 509816 524773 483363 450773 494020 457625 472680 482434 539663 482437 523473 490399 463445 506876 514589 497887 
466291 432244 434881 449059 434544 433929 411527 435597 413306 476993 449845 431172 449422 450663 415893 464268 456665 412395 450048 454045 462986 438039 409686 451185 493255 448944 425222 469798 409355 430401 426313 471603 428224 471039 453259 385780 418187 439771 392217 444465 469613 432334 455933 438189 462596 426137 448400 407804 445727 437504 426456 463669 428008 453184 398436 458045 416152 448123 400828 448746 458599 435222 443418 451325 455237 473631 453658 451403 487162 448651 442579 454658 436430 444260 424105 438445 474166 425407 435045 430997 480917 461760 444912 436269 449316 429345 486777 409630 456324 431111 429350 438939 440379 396659 480340 422429 435606 429518 453994 473313 438288 438594 441707 435086 442121 418774 469280 448416 439001 460580 450639 430527 449968 457997 456332 406067 433150 437587 489570 402002 444446 450930 463444 400582 442221 443842 445560 441899 440863 435027 440564 451955 396666 424503 409120 406069 426252 435003 429458 410381 429838 468869 450183 458725 407654 427950 459540 437120 449443 441690 413245 427314 454997 431180 472956 484862 436075 461438 443515 445461 438769 468501 442494 472184 444507 398917 413377 448862 435751 437329 426227 460864 426224 382917 463243 436447 449731 479145 455001 458427 427747 437151 469709 469982 450245 502009 447673 420456 450322 432290 430948 472324 461311 452698 466605 428188 460257 472180 485270 431341 
533706 483954 487593 496585 489144 475531 460965 481448 450635 516612 522835 503962 485001 508670 468057 524863 488004 441422 490946 489234 499965 533587 474235 500240 509849 541599 488394 513740 476639 475909 469278 529366 481772 531915 494993 447787 451779 490101 447586 468581 515719 490937 489528 482927 503582 492847 489531 469428 488944 467920 465663 499710 457308 495818 457681 506367 448213 506488 465272 499323 515197 505620 526068 489389 494177 510085 492840 500057 520978 500038 489142 531517 466290 481471 502749 467681 510772 501151 492746 473515 541413 494689 499582 496790 484001 478683 541321 471339 481692 496062 461512 502083 479297 436388 534675 478081 497553 482150 525617 517446 479060 503955 481550 466403 491363 471524 506615 488691 472779 506891 483260 460996 484062 489163 498692 465300 474555 474297 528848 452891 531600 506991 522879 483887 506455 491730 487076 474072 478925 478900 472637 500993 451520 463471 450066 454327 464748 483080 449998 469811 487765 520838 506237 514286 469658 467327 496123 512828 490445 477249 466191 482260 515904 501986 526900 536514 493829 511390 494144 492306 489274 498200 509166 555419 508403 448994 469944 489458 495248 473728 459209 520116 498776 443232 509741 508200 485669 501483 517465 513004 493253 499848 529059 522248 485364 528536 497715 463847 478321 482130 498534 492259 515835 489389 499825 511455 490842 506846 500339 489177 
476396 436200 470108 475137 451058 468604 456714 427697 445392 494627 486993 455610 475854 459339 435054 492495 463387 470222 500958 455221 481873 473581 439535 490648 481556 488739 422464 486836 442134 456091 465278 482983 470640 502302 471817 420576 429524 457007 425311 458767 442085 464890 464932 447304 485776 447832 481448 425722 485992 429991 471556 476603 460599 492220 464675 483251 428675 464703 434787 459103 468323 473291 476308 466656 441630 478621 470328 472324 473286 477777 474021 478840 448562 455142 471045 463169 490750 469368 447632 445055 488024 485068 474879 485984 468347 467783 507824 432017 456705 460656 433237 467649 469737 414968 505146 493922 468155 455705 494907 485671 454201 472895 449258 453664 457000 435406 462749 465757 448545 457494 478786 452895 463180 465214 487365 412387 425054 480593 500103 442991 483100 496288 480489 431853 497680 456562 474361 465101 466082 477196 451966 456014 413832 427974 435074 426862 464564 470015 428193 441796 453683 491727 455763 472095 464150 458638 483147 476065 457725 453199 451450 455904 488993 484723 498810 511818 453567 500629 444696 476766 457479 477585 450102 510913 465967 425622 447337 484526 468051 472609 454136 494047 458899 406100 469965 473375 467409 471506 489783 482034 472471 486766 497004 507576 464623 495344 463015 435231 477601 448418 454356 460681 512854 464488 511918 469439 461251 455501 486881 447609 
510794 463169 518082 481337 490451 473187 445861 478591 497628 516183 476411 522666 493277 520360 498745 512395 479020 459702 494572 494543 502789 499296 465712 520227 524803 506769 485701 534938 491684 496100 504955 508104 474456 532338 499447 448510 467097 503462 457687 460619 523880 489787 497188 484619 535452 496348 501507 453840 482082 492033 470518 510569 508074 488178 464261 507798 466677 513390 487818 500757 512749 503631 510773 502399 472523 507351 496336 457056 511373 510594 491241 506826 479797 503716 498515 478362 495831 513534 492475 507231 546113 511701 496575 490785 506739 487064 532431 453411 478553 480398 466355 496950 483206 440100 540567 511782 502789 498222 496578 486977 472402 515782 498206 465358 498822 495534 484568 480051 475706 486826 494946 506513 501295 494380 498275 459462 483203 476195 531944 463616 488373 497278 510885 475946 482138 470522 509207 501539 530207 509132 521298 487242 460311 483840 477746 474777 504140 465720 469104 480629 483812 536818 492841 498103 485281 468818 516637 534222 512915 490968 462712 478637 487838 483931 521561 542990 481721 525070 536779 458768 485923 522303 480670 535298 485209 448125 494331 514678 493431 470850 473861 508583 509650 434936 538295 518918 497127 502790 525434 511100 504188 455976 529462 522000 501645 534942 476602 471650 499752 485074 469470 488033 514056 503332 521430 479056 486345 514350 538283 493180 
472026 437399 448541 495567 462346 472418 440972 450910 480309 503950 496663 469773 501427 464820 460011 488661 450501 434163 485933 487951 524385 495636 435407 492937 478726 515786 467314 483186 457229 480369 465126 477104 470112 502511 487916 426509 454940 490716 455661 450173 488930 477786 485244 442880 527057 457967 479624 455828 474271 453749 460333 473310 483868 489345 450230 507648 454986 480228 432089 490908 489064 486038 491108 493623 451542 508410 473861 473292 505421 491507 485531 507468 470803 497850 485433 490478 495855 501087 485838 461097 510806 489071 477824 478332 499788 457336 513451 462144 478687 463519 458282 501226 464151 418486 517615 470023 477095 463575 513028 486818 486355 481743 458734 449890 468791 457822 483692 462972 454287 486557 475032 464949 469216 471796 477886 424445 457709 489395 522256 465719 486322 520307 468472 432145 483575 468689 477205 485830 475018 468765 488093 461837 441373 482728 446242 461077 466437 468348 451459 441237 460394 500936 480154 482454 476148 479854 488522 477764 482510 492087 471825 473203 467738 477721 516064 519496 442434 496583 499678 475202 482250 488781 457778 521746 469617 447165 465523 499090 485888 471961 446378 527081 480882 392759 515297 494109 456787 473202 505671 500802 475778 458193 487322 518635 477764 498093 449711 456814 477422 479439 461682 496189 518797 508127 494454 467611 478171 478953 495885 471387 
520247 486710 503529 491699 494702 491483 457320 507011 477764 519713 519804 504690 514667 508955 498101 536195 495567 478861 499999 494603 519217 540146 476456 519692 528852 542438 499733 546483 467606 517336 508950 537811 489839 537159 512629 432348 492316 510856 480499 498209 531734 509238 515871 480842 531764 497829 531257 472092 503585 489077 470422 507340 526948 521442 470186 514969 498772 499465 481475 502743 533890 528024 536608 517643 482282 522149 536080 504229 516175 522319 519589 541272 499280 496095 500522 518159 547717 512174 504724 485972 538353 517881 522431 502931 528900 493520 541756 487188 478478 499765 489749 495671 485202 447099 559896 515147 521260 486442 514374 530716 499443 498933 491779 499419 504841 497714 507383 497399 475396 503923 480183 464870 514364 499252 519669 467831 478241 511416 553475 483325 510802 532319 519837 464099 503006 511921 519111 502742 520149 520818 511130 512345 444640 470137 487730 495660 505988 497516 488744 479383 519968 531077 505482 510530 493310 479290 527639 507695 523919 487610 493730 496437 489684 501705 527484 563361 486637 524935 507113 487620 502671 522481 503662 548635 512285 457062 479193 518526 493751 501600 494769 531217 502689 435161 529821 531778 522904 501620 536676 518838 505894 495532 537077 544725 507008 541564 500905 483952 519768 494990 470140 538068 528118 517044 545411 518742 506619 520082 510923 505299 
494432 459216 483304 487813 488472 462360 464281 465787 473669 519947 498629 491596 508355 498171 466095 506459 509410 460762 504060 495173 521679 497361 452168 494086 498006 499524 449653 537208 446466 471591 486763 511117 488473 521023 495265 439709 476871 503288 428054 465046 531059 476508 494089 476337 511376 476745 479296 443043 493815 477508 477333 485209 488942 479371 483214 510095 451887 509200 440811 478992 508659 474671 482234 505275 465305 534455 497663 482886 495901 508295 491997 503239 468094 504034 489075 476198 498172 480891 497551 481117 541328 506191 498875 494165 488572 462407 520547 453306 475567 502516 451564 490866 492638 418724 522064 499462 474883 506733 512341 487691 494073 476447 472881 464273 499661 461811 478846 488105 494179 501358 481317 482694 505608 498050 500711 432282 472065 497156 531125 456505 498090 489291 505749 465801 499166 486315 480756 482932 473441 505105 517600 482283 431159 468410 457052 475698 476134 467355 449685 462487 470811 540787 480785 504417 474989 471817 531629 508910 468464 496633 453481 466955 485605 492232 514446 540194 468245 483508 492753 490743 492391 507064 475011 528642 460195 444642 467994 492227 515178 462629 467969 504150 479578 420657 498422 491856 478232 495447 509323 508672 493740 458064 488150 507933 491954 518172 482508 481695 490748 475042 474990 530000 531736 504115 508586 463859 486711 507919 500460 474055 
484363 456968 476405 458158 483346 458068 451793 458238 456903 510119 494621 491431 475644 496162 476961 487572 468830 435770 480715 470555 483539 482375 456443 495097 482351 508872 448247 495644 474088 509153 475172 462520 477664 505748 489173 422922 472427 505861 445725 461873 513663 461631 482703 496517 509127 485259 495029 453089 477335 466666 440868 485727 479283 467434 431616 493052 434087 498960 457445 488844 505959 493835 493394 497698 458658 508215 487149 473917 507713 506927 474306 495447 461193 509422 490496 472053 516676 474250 456515 478807 534180 509790 496680 491837 505084 475206 535390 462647 489863 488798 456606 497713 466036 422720 514468 483949 475653 480020 493957 504777 465429 484645 473538 434752 475944 465506 485505 478924 452126 477280 496894 510617 501248 460007 475233 461517 478464 472488 529638 462222 493210 488144 490926 449258 502216 470684 465703 499083 492742 477844 506657 483725 425166 465440 458014 474803 496352 458367 454845 445445 468028 499339 489619 487343 442388 463740 501143 476747 471187 486551 478720 478858 478783 453457 537628 540236 452716 493708 492251 486200 492141 511411 483917 527146 479115 436145 474418 469194 467829 483218 488710 496848 478853 427337 526730 478851 495142 471770 485095 516001 483069 462618 499380 490779 469522 542654 489017 488684 466904 464880 472004 495250 497878 476648 515686 479452 501462 487662 520688 494538 
538471 490963 498947 485490 491204 482457 469978 464306 478851 508496 519556 518041 511623 517948 474070 500513 476351 444848 496976 488052 530072 519162 451379 498211 504479 505702 494195 542504 471440 487401 478017 503115 496368 511416 504099 441713 488145 512633 460932 494325 533707 486412 494646 463873 515022 472031 498463 448427 494779 463366 470742 515134 485227 503402 460800 517954 442935 480222 458083 504006 524320 494998 498154 516726 471120 503628 506244 486210 529887 524466 484276 531680 483257 505781 477012 483997 537341 517647 515815 485751 535602 505033 510340 495935 508181 478662 530887 472490 485947 486404 451400 537256 499365 429628 542011 513040 493176 490898 518594 531685 485951 503230 488989 473381 476548 486172 477733 478713 491781 521862 491110 493091 498411 500031 497541 475453 468051 501178 542884 457589 520749 491152 483517 474725 515829 483090 509931 497911 508911 483267 511019 502792 454451 480893 458110 465976 492035 509776 468908 439547 477568 536867 493763 514567 496891 475597 505493 503980 473298 500453 484589 481088 483147 489376 523138 535658 482072 527236 490829 508566 482476 497960 486568 540057 511174 433230 493343 525277 496393 497276 478166 538173 504179 426533 531999 505543 472636 487002 531032 518685 481763 474264 521302 532106 524793 519377 479299 472766 477496 478101 469833 505880 536815 493366 530022 483945 487684 495647 511254 516484 
525001 493487 522168 516211 523393 500649 480368 501100 486656 549440 519546 522746 520820 526678 512136 550117 502446 475184 512875 531867 531767 540878 485615 534237 548375 557594 483005 546624 511336 504241 513009 525116 513630 562051 519608 470975 496857 522083 485242 510660 535214 506473 527768 527238 554885 520344 517559 483561 518502 514743 495898 535268 525305 522982 495141 533014 494235 540471 487629 533065 545083 532088 529346 524679 496917 544331 530944 499931 536158 521163 518541 541202 501324 520091 521762 502429 542270 536693 502305 509838 547284 526903 525196 528794 534413 486140 554613 493485 508574 515581 486190 496029 501948 445497 551139 506337 523731 516942 548006 531245 531779 512791 519246 499948 519238 494612 533694 525138 507991 525343 510003 493105 541337 533275 520813 445181 496376 515261 563257 493415 536639 533525 535393 517170 517389 535154 532716 519766 519007 509780 531958 512106 462874 494179 501353 480144 535925 503245 487199 483699 496841 566097 507323 556569 500058 486639 546317 511839 511630 517571 499634 512884 516583 529721 547042 575047 504296 523528 529767 519676 524322 537736 531965 563680 514075 475429 493520 543553 533339 495698 494975 535182 487496 451302 555222 528816 533127 524506 536115 547703 504608 522332 537648 546659 520514 551145 514358 499808 519619 507266 487287 522715 537157 523686 549480 523606 523243 502920 549384 499497 
491660 448615 477850 457135 470983 458257 440320 452051 474249 522444 501968 493625 489095 479846 457848 493678 480948 452543 479965 463075 493530 469074 453684 472916 494344 492218 447645 497691 441629 464344 473558 489172 472766 504569 471156 421511 432323 485315 432042 444699 498148 451474 492096 464855 492036 457153 480799 459895 488140 437560 455655 500383 486440 480684 452860 504549 453586 499776 447270 483131 487748 488504 497004 474334 485994 508475 477024 443483 476249 480777 482057 495927 455900 492291 452724 465607 476519 476444 426751 453042 519669 507408 479507 474480 471275 445416 506598 455888 462866 478456 443798 497020 463558 435928 502116 472758 474503 471141 494733 472111 472379 466058 473037 427652 497304 438314 473852 471848 474564 480513 482309 475713 483183 467476 472502 419360 462708 475119 528693 437802 486872 481952 490727 445160 482249 485833 479634 494352 466901 463460 500956 476978 433167 429704 446729 444309 444707 465019 433004 439609 442750 497957 488738 500287 462110 450236 464308 480349 458053 475561 460118 473686 462574 458205 509228 528001 457454 507256 498030 495174 487471 500237 474181 513739 472579 428027 459565 481098 491101 449286 457357 496139 463838 422572 484443 478424 463591 491050 487286 478503 479365 449221 493286 515737 465185 507743 449023 453188 486992 448325 454632 479906 501300 470941 493828 481213 467481 508759 508336 456473 
525322 487410 504518 500697 498874 478356 479587 489260 506637 548273 530138 522572 510720 540773 482093 523965 494724 481790 519583 488973 543941 509711 482633 522232 537170 515404 488335 551373 465011 488920 505862 517254 494620 540321 504008 448045 481542 508174 472469 484403 523782 497426 519100 484625 531499 515265 500638 485453 494076 510479 504311 531367 507159 501316 463194 523652 460238 504169 508199 503537 515515 518752 528625 523866 518154 518592 502407 507866 540649 519768 502184 518237 485753 500164 498634 485392 539638 500160 499130 489288 538484 534082 513887 523784 507547 493796 538999 472340 497897 497157 458600 514976 507332 453061 554393 538105 487651 518258 536853 541826 485224 511587 490077 493919 542957 479507 496092 495065 487985 517120 501966 475801 512952 504331 515637 463248 500225 500903 561019 468543 517786 531557 503251 485139 537381 497621 520188 521551 498263 502729 531039 518142 468973 480187 496930 484955 495550 512386 461747 465634 505175 567427 513053 516071 519725 480165 527341 515463 490096 512625 490299 483922 505998 478119 555247 575480 499952 540832 499883 519183 488492 528011 511956 534137 503998 457182 499662 532361 520744 510461 490057 513817 493358 455618 522816 525349 522598 498797 551354 521532 508965 509663 526892 537424 520993 555098 494681 493956 519378 479012 484555 509597 528386 506172 519118 492127 517543 557683 536215 498584 
483661 416536 442064 457050 455777 440188 430836 438568 429641 491577 479127 460075 470904 452651 434519 484231 450128 426756 466841 459875 480748 470410 435303 491038 483019 472524 438467 483347 453831 438616 470706 462481 449897 480859 459840 406598 433279 472296 431234 453269 479741 442849 463339 427835 467098 442773 465004 407520 460254 451957 450231 459865 480587 469521 422561 458070 434471 473506 433465 463295 478577 481225 465793 452938 427324 491916 491757 443900 498096 459836 466445 477060 431269 457318 470152 463948 484361 471079 478877 431089 519864 457082 469619 465344 488749 450420 504563 427559 468146 469522 429944 450654 439511 402310 491685 474532 427430 452515 472298 469920 440427 485166 450578 434138 440783 439035 474665 441595 448353 446713 457890 467238 474636 454188 466836 414769 454091 432396 501995 438589 483979 481002 459326 419872 463079 435384 468021 442942 473620 467490 465206 451869 422506 427919 437153 433101 472233 446921 432169 426983 442676 489287 474794 456893 466329 438808 461110 476115 465084 450948 453834 428236 455200 435997 490931 496709 456851 477181 473341 463727 445623 479234 454612 499151 471069 421890 439430 454308 439574 457007 409003 468477 453208 403159 488712 451498 472098 458381 480565 478713 437146 437371 489365 475151 465901 500525 462273 427719 467825 451953 458283 465572 463956 476829 484063 457798 433999 444613 482882 475543 
550644 485883 495367 477543 493396 480905 469881 482769 471196 550339 485561 519241 513774 495988 503050 519303 518202 461644 505025 505141 519367 498804 469005 516600 512397 530213 474292 528525 460021 478672 502913 499615 490735 543886 502181 459091 469464 505285 467106 484216 558689 494488 494392 480426 525126 487709 511365 472923 498549 478805 477028 520488 483714 535901 459517 498432 486382 505493 473204 509635 516337 511612 523386 492023 491273 532103 522193 472718 536525 499189 510377 532351 467665 512526 499774 484826 522700 497143 490105 498481 554381 502431 503629 533639 516911 488280 559787 468647 494407 475667 468994 505739 479010 456773 520803 510081 491882 482251 521653 529649 491540 519286 486363 481520 491211 478347 500513 478800 485714 523356 495855 494706 528188 524896 490408 460235 479466 487915 571576 469078 512798 523397 514655 473675 483325 501733 511107 499325 495254 476784 517734 503279 471697 489564 481455 459485 506242 490808 467525 459186 493296 540138 516661 519432 502836 476074 525904 513782 476780 503352 474650 468351 498020 491481 533456 551230 510944 531304 504131 492983 482208 515495 501614 539085 510210 453843 481209 489876 503756 468147 461495 524351 462919 458130 544410 488200 497593 486393 538708 482643 525866 488982 517863 524969 505373 555192 504656 494303 505354 474164 483881 521927 529004 506405 508522 495017 488894 507814 538590 490588 
517529 477965 507798 486185 502052 469613 473539 489266 478350 519644 520258 508339 506359 515327 504006 523815 501799 475200 521610 512319 537962 504449 459921 529934 523456 527369 497792 553938 485084 481562 483692 494924 506686 543652 521206 468399 461641 509539 449799 484625 537546 477579 513198 482703 520664 523071 530460 482259 507738 476079 469136 526303 495250 519869 499954 532276 471787 507334 504638 503127 524362 507046 504618 504395 486967 514644 507513 478469 522208 510499 526793 516787 450679 504791 500459 520691 529408 513523 501563 505512 556148 516701 516242 501429 510514 469140 532395 487034 497322 497045 458301 526111 490331 451758 568533 533270 516013 482141 521563 485931 499141 477336 491061 467391 506570 489281 514068 489122 502583 526564 501266 487487 511382 486141 512244 445180 481192 501139 568711 494699 512125 522168 523438 477639 515578 478327 496443 521735 520847 524651 514365 519016 457602 472432 488837 482105 509135 497756 464699 475353 510973 542414 491731 531390 507672 465340 529730 527982 506030 491895 490173 485158 503398 505861 514616 545572 512499 504502 528509 482231 501583 512888 498863 549744 479183 467136 488743 517610 509660 496242 469751 542573 507285 431582 533940 527957 492629 507959 510528 533946 512806 477007 522191 516839 521115 533803 499168 483154 501207 473783 470143 508565 549757 511313 546497 488941 480785 517512 545653 509437 
500741 456762 465564 491150 505555 494395 445846 459345 454142 509752 490352 487518 513553 487571 447733 492373 470772 442978 501278 464430 511138 497103 454503 491619 505695 498707 481974 530401 458337 452958 477424 495463 467356 510157 503212 428656 457774 495540 441159 497301 510494 474334 513875 485512 503013 463470 481324 463205 473632 470371 453921 514303 488878 496888 453617 499591 451891 503917 448726 486536 488150 475687 514272 481946 488039 484879 500956 469485 510413 490193 464956 537008 470839 492022 467778 476292 512668 484588 467679 450904 536732 491416 494138 501522 507421 480641 521322 455870 487266 471393 466699 496844 490542 429181 508985 489181 470217 477811 512905 515806 489170 472671 478062 459603 475269 465239 476130 496931 461391 491917 470749 463273 507885 488427 508337 438864 468787 483406 535151 433796 507242 506802 470665 444158 498585 477361 475479 486342 480176 468757 475752 486212 449716 463706 466859 456056 455857 477052 462168 450348 464631 547809 490737 482798 475187 473265 500174 486549 471044 484404 470358 447765 494254 496817 526404 532926 478116 509977 512149 478783 482871 507192 481569 535892 495336 440767 480550 506355 462646 463015 465776 524602 473216 418185 503357 484547 497986 508837 512072 517486 478674 459637 501037 495286 474386 559029 473193 479173 467715 462500 451027 488402 522294 491615 490429 485481 489255 492964 514255 468077 
514919 498225 520410 502837 487919 486577 475111 478554 503616 533148 509874 516688 516442 526525 493077 522914 494190 464714 503588 506742 532647 506463 481524 512446 506427 526809 472945 518603 484290 501856 480914 508346 483112 535009 490419 422896 475053 519542 458038 480184 531168 507587 511813 496402 535471 481200 524313 473078 511854 490577 476349 497615 477819 509538 455808 521225 474662 510339 470404 505120 512234 506847 524715 502789 481750 538863 502332 508567 514025 506190 500806 526299 474461 500756 509053 504594 522742 498239 480638 493040 552450 504808 497240 523405 505860 485296 553450 481454 492207 482541 498640 533138 506081 448769 535819 483133 506117 502644 496727 501839 490155 513446 490182 474266 499715 470550 504594 476552 487835 518400 496731 495201 528031 519125 489366 469008 489147 509932 541475 480536 522230 542381 518789 479527 504138 499776 479634 515858 512230 503038 510289 503278 464250 458780 470304 456445 490684 489388 477961 468050 489965 535648 497682 523414 513304 487276 510241 508657 503376 508387 475955 480628 485723 501363 547612 534193 496809 508764 505186 502285 504883 528643 511356 556155 492915 450929 490880 514159 519190 489031 474304 522317 477320 437944 540870 505399 485784 501965 516914 509762 506956 478587 514132 521341 528453 534964 496867 464221 513473 490412 492727 518049 533183 522019 533031 503973 500617 515259 540067 490812 
509353 474869 485060 518486 495712 470061 460560 482066 474935 552981 515150 488079 515384 515265 495502 536483 508951 485341 498934 505323 529903 504768 470729 528589 513005 545002 480011 529554 493399 494648 498865 518906 491548 545237 502893 458410 472861 512076 466786 478214 527416 481670 517424 497408 545597 503880 517001 470491 500765 506317 502750 496092 499711 525764 471994 501756 489872 505001 483317 515591 520734 504298 541075 524748 484487 547278 533159 500683 531319 491862 523521 538784 494679 517434 499611 481722 539453 496536 492203 487992 556442 518593 527772 490577 533038 507844 544445 460088 532089 483512 478937 500457 514583 476048 573041 521565 508869 494583 513828 508284 498367 509770 495187 460678 516209 498414 503629 473318 493459 508379 505674 503765 531686 520376 496383 453995 498467 509881 564725 469872 534924 539068 541254 456601 494778 510626 506134 514235 513391 505920 523187 517685 480607 479240 481793 464166 485245 488500 462966 478552 508048 548695 500055 495511 488894 502886 503732 491957 500954 509987 486765 508366 498245 491596 529633 542957 480923 521829 504083 498075 493946 525630 513070 544045 499042 463084 491235 528510 516515 503469 484399 522210 496350 450576 542057 517313 503035 524013 533157 514631 507891 484504 522089 532071 509830 547734 502022 496309 513904 496289 485644 538382 522891 520982 523675 500613 498570 521859 533868 520298 
493358 468710 512644 494219 464279 469228 438340 466609 479346 525089 514638 500102 498755 504965 475598 524800 495446 471660 511492 502884 528613 496385 467168 498959 528025 502747 463103 520950 465426 499740 481479 503269 484141 538117 482960 428375 481992 497146 459117 464195 507550 490774 511346 493668 518642 499075 504051 475719 503317 466676 448524 499902 490831 525236 458719 519336 451124 493805 475901 503401 503853 505358 517731 497109 473839 542446 514748 498255 505244 480230 502137 500743 474092 513490 512591 488437 519076 486035 481598 491073 542667 493247 505259 523067 501382 478304 541019 466447 491860 482838 456622 500699 496684 441700 541174 504397 486332 502366 521727 530571 480456 527200 498132 477593 507365 483963 494904 474679 489753 500545 492041 454735 514135 511104 480004 439852 476288 477109 537579 481442 517805 505665 529619 480892 483817 484089 502283 479211 483110 479439 515759 495530 430687 457170 503035 464522 491695 474502 454607 484266 500159 534931 506408 510959 497093 476531 500349 513716 496760 501819 472300 465630 505167 505103 549374 528080 494929 516751 499292 486928 471839 528783 509326 535639 486270 451407 473448 497153 513117 471342 456779 531826 455759 451406 524858 499985 489971 508901 533683 514307 506706 477948 499947 547727 494223 522062 486237 474585 497679 492700 460061 502383 509175 500701 514798 498173 515269 531188 509566 476907 
523177 447362 478794 467751 498150 462977 467219 466016 474187 504689 493967 492239 482346 496790 472152 504537 480055 453288 495185 487514 511862 492685 461413 499071 521412 482858 448224 516906 479743 475685 472266 494506 474435 514440 495039 435734 456260 494934 449748 480078 518166 463896 495599 467569 527509 490437 488384 441997 484622 479778 477206 505279 476046 473638 473388 489347 453297 508688 479492 486697 485966 497302 507187 516800 472155 508350 490989 476207 508073 526706 493584 506722 459297 500736 484608 483259 498248 484220 472245 462197 514653 487297 494427 500136 495363 484652 530135 464083 493488 494624 464849 479626 465443 420419 528374 495802 484941 473540 527356 478200 475492 488506 462286 465924 500245 465691 489310 466266 473133 491725 493276 497767 487865 479338 483490 437179 499283 491877 508173 458198 492157 507352 523983 472524 484795 511246 497129 504878 468252 491781 509262 495394 456482 453357 462417 462507 488524 486598 449479 461672 455376 538785 488818 495761 479324 468724 521860 473813 474069 492166 467161 468062 495347 473378 507202 530416 480878 506712 500910 495059 481590 519432 470953 537126 462326 458873 468005 497675 482660 487727 468301 484977 462484 434599 516334 497591 501745 480163 494216 502640 487764 484738 506629 536113 483780 524690 488486 474540 500280 471718 462831 490589 514221 488788 511005 497388 465128 505973 529816 485006 
504441 439561 488660 475437 479877 475844 441363 476815 477179 512058 469551 475049 485119 509282 463713 500370 474205 446686 469234 478321 505929 470810 426604 505505 489078 506724 449951 504064 470920 468153 476941 490961 457616 537816 469060 425254 462395 488678 432640 455531 498294 470640 485521 459068 480839 499276 487555 447498 464367 476577 462473 486371 463695 485846 451647 492378 452276 458516 444457 471189 489014 494130 502042 489416 471733 510681 478858 466070 485493 506862 471052 487163 457954 498122 460616 480024 507689 484465 466174 468595 541904 496397 477608 490773 476535 488868 520370 442777 474646 451749 468345 493753 455702 432948 512456 483785 460684 465097 517395 515829 486010 488789 452665 442202 467937 445498 477994 458673 460422 488681 476387 482365 510539 493475 466729 450814 498044 474079 501197 455702 536045 481671 507784 420278 490594 473837 452404 455361 485544 485692 497450 472815 431328 456426 470966 435323 482237 473100 426539 459594 476802 515577 483046 497909 476478 459214 499996 513449 469334 506631 449142 461576 469088 473003 496025 505796 486563 494615 502241 473496 472689 524776 457657 531832 480655 436740 463407 481214 477740 456106 461055 513376 462357 417082 507813 466337 472367 471957 505343 474191 480016 475617 504913 503385 465557 514173 448851 454905 483408 455175 446843 484420 510207 500114 521877 476814 479553 492724 523967 457248 
480439 433154 475077 458469 462505 439006 440299 449543 452252 485013 464556 489512 491559 478480 453200 492895 477008 442761 478079 468178 507584 481287 446264 470067 482203 490416 464697 508031 462035 463197 460200 487946 469092 492450 474674 417267 459378 481591 436678 463395 495030 436696 476197 449806 479913 455167 482726 443680 477710 447038 452658 482712 482285 485148 428700 493647 453836 492012 477137 468184 499077 496406 483698 489382 468383 507641 469151 464048 492139 496800 483864 489182 442833 482306 490078 466071 499854 452825 448714 456108 515169 510159 484478 458563 472257 463670 517439 448516 465038 480722 434735 467430 472710 419920 520139 476964 462120 463339 487069 482652 454769 449790 448617 438106 479644 457131 482466 472514 449894 475582 462000 466626 486918 473563 462743 445962 473904 492161 511088 438257 485668 485706 489759 444732 485621 439207 469562 470050 450495 476104 475054 476846 413707 438229 469591 452506 474045 479246 434938 454306 486055 523814 474580 481460 451750 457726 481857 469103 480936 458958 437233 442946 461258 466617 507665 512722 442327 477329 471962 465372 476691 478887 453598 498023 474222 428602 450750 469594 480181 456091 452046 501112 452575 410024 489380 473391 472278 487981 495971 487991 471091 469729 460322 500985 485753 503703 464884 466410 476922 468305 440292 502677 500040 505331 512756 441775 471515 499860 474906 472578 
513684 478563 496549 498501 516153 477932 446889 481696 491924 532388 532101 498427 527407 507055 486779 519677 502341 456350 517121 495803 513007 503201 441329 500708 528411 511115 480029 516279 465896 524831 518704 517270 512534 522740 497275 454368 471978 492690 450434 481691 535557 487516 513043 474566 536727 507510 500121 465047 496138 477694 476279 525271 489600 508524 472529 525513 472821 526613 466836 506755 509325 505127 521522 518647 499932 515592 490935 484632 509452 508544 497369 524332 482972 524160 487078 500053 513138 506207 486512 506646 540449 542158 528870 511907 494471 498917 539735 488752 488301 503984 482698 519087 507707 452056 545855 526614 497110 491473 531546 530710 508370 526293 492464 496798 516596 501879 493946 501239 488123 492519 496243 511703 511670 511877 495883 470506 504541 497054 537000 468693 520798 512446 505780 474433 513279 477575 492058 503506 510192 504255 517628 520021 454489 461704 490430 455883 510442 504567 485841 474254 484973 542840 501421 523212 478322 483684 497078 529853 494460 500606 467562 474815 499238 501238 544654 550022 486614 517258 529128 510754 498796 532794 508894 530889 518003 440253 499700 505478 534518 482721 474302 515950 483631 441957 535679 514063 493433 505087 536416 533809 511058 489405 521289 539918 506426 533290 498218 484645 508876 500701 469795 499256 532907 493813 524461 491006 507396 530922 539391 504422 
479047 475562 465655 482786 461029 461816 450301 442455 446575 489137 475988 478548 498668 484287 451033 483740 458911 438758 463711 459225 480869 466379 440944 484201 483090 486175 445475 515049 435543 464515 453295 475833 472795 505072 470580 406809 458252 469952 436442 441474 484317 448559 467107 441793 485468 456185 471224 445588 466032 448984 454179 481352 469885 438702 432921 464558 426081 453408 449686 485742 493071 496314 481856 461420 461930 461492 466463 459590 491154 480411 486717 493403 463002 464261 473052 443404 507945 456793 456464 468559 501927 482414 469448 469428 474297 460939 508994 445127 447097 477833 440755 476005 458881 413356 513184 486500 470754 453381 478881 488277 455137 485889 448752 446651 458666 443793 479992 448233 459483 468254 475058 446560 473285 475642 475677 425290 446476 476940 519333 438160 481695 492957 475909 429713 472275 463835 479140 500662 462470 474655 471217 441855 439970 450101 423804 439985 465889 472852 449291 441777 455424 496302 457612 491147 450656 450121 476157 473681 473535 491666 443671 449600 465105 478294 522270 502384 446835 496216 475034 497887 475628 473029 451252 522632 465804 419716 455365 493608 467906 480487 449416 483140 472383 394509 498203 468575 476508 469609 474721 472750 459526 475314 499869 502677 473794 494160 466412 450073 467289 453940 438017 483325 510430 470933 487348 466499 446183 477885 494785 470613 
494676 475497 505668 495188 481484 476858 462647 477834 468388 537344 530016 501752 509678 489600 491274 505083 490569 459936 516663 501223 535388 504113 467742 516133 511475 517454 463862 526597 468479 489896 485187 521917 492889 519436 507616 440202 469832 511955 453016 476435 526904 496966 491367 487585 525993 484433 505347 455717 489856 489280 485062 483807 504907 509396 487803 517911 453750 500565 456315 520647 502275 502955 494427 495114 479406 542203 512524 470615 496129 515716 496652 535186 477198 504128 474736 489328 524859 497071 496089 481299 542053 515132 503272 527916 495837 481777 539214 462930 490057 482468 441085 514991 491407 445603 526975 505170 497525 485970 518267 497739 472764 498779 477314 494407 503314 467990 473810 474161 487050 508139 482832 482179 500159 495232 482836 452852 474945 501034 538427 474117 521894 512291 517586 475497 503071 489937 495018 494789 491732 482213 502664 487778 451745 440584 450809 470175 489148 477869 439598 469182 473185 534448 483743 524431 482852 477012 505489 502999 474281 476696 481963 480530 494318 484778 536067 544681 489243 512450 472720 499655 495704 521651 492175 533096 498326 447587 467691 514841 499285 491930 480690 501810 464787 429494 517966 485614 492045 489118 543714 526818 502431 498664 520643 536646 477707 512649 482247 478177 491333 489732 454651 527988 541291 507166 528643 499154 492957 519954 532075 495060 
481486 453055 470064 491154 485958 472819 449640 465385 466346 522898 480865 492055 483196 494418 479295 514601 438677 440733 504453 483254 511288 504469 462812 504953 500261 509294 471675 507520 462367 480816 480492 480037 474819 526355 483483 448068 471397 487091 440797 478894 524043 452512 489615 445509 493824 500768 503101 452761 491315 459069 466830 493539 480381 508648 460274 493098 454422 486076 464363 500081 490069 521636 494708 494608 473508 506246 484930 459129 502629 509038 486048 497463 457876 482737 511406 476708 493204 475108 449548 476124 533935 502338 516632 487174 472867 474657 531650 457380 478920 500677 463437 493004 460734 427365 524502 481018 484397 505562 509992 513479 461447 501555 484184 475696 482996 483520 491842 469673 486100 462940 483391 504019 498303 489022 490100 454752 476751 474859 530470 437271 500636 523708 495484 479413 467540 481493 499843 486821 496771 473419 497186 495959 434141 474870 461451 450656 495514 487556 472144 444432 464813 497337 492810 494273 457176 461462 479829 501297 477757 485366 484810 467053 481944 490755 526051 514554 472787 506075 502799 468621 491883 503860 481518 549463 480454 451569 463654 505840 480332 459653 478693 497407 497086 422039 524363 491344 513315 482180 504732 496347 485204 477578 519917 521870 507911 524249 485865 468942 482777 484876 448501 488227 506990 492914 512070 491674 477884 490083 527831 465248 
487814 459746 476095 469351 482746 430901 450841 459299 481855 519798 494672 502711 508013 504864 474637 499672 460968 455201 504706 458606 488526 485698 455104 502985 503432 510704 460403 523744 438177 465479 469045 478471 461357 548711 486594 442685 470603 485317 433947 472211 519868 480305 490336 476875 510160 507688 493784 443410 501902 483690 487468 492863 481865 498666 463574 499970 439926 481110 472342 481768 510846 503958 489147 490455 465208 497094 485464 473167 525659 497932 491761 505876 475945 484428 490943 468627 479205 484731 486881 485892 526382 496023 503397 496758 502893 476731 508706 469960 480612 478506 472434 482811 478860 441011 524054 514901 472170 471320 526244 527341 474105 484995 455957 455294 499753 480205 495313 487593 483038 491155 487548 466157 493666 485221 502914 450352 481151 476270 528547 453174 515523 467855 516211 466040 479664 459153 495040 484262 462507 490127 492166 478003 454993 459577 455768 447062 475947 470575 446332 485314 463296 546603 484780 494129 486245 478189 534430 486894 474769 486223 460930 456725 486793 466799 496819 511284 464864 518416 488227 481617 460897 483458 463231 522087 471833 445575 463074 485898 499692 488588 457164 504814 472898 409226 525198 482361 488206 485865 499936 499011 485121 444568 500678 506774 481689 525548 473453 476081 466314 455604 462718 503209 506188 484822 498800 472848 486220 498955 511218 486667 
494572 482256 478532 490646 472455 465540 442239 474975 493894 537561 483248 483700 503759 489842 458190 480351 470893 460978 503005 479801 518463 481198 466516 483927 511906 504951 458880 518179 458542 476794 479451 495874 470050 502023 494071 436941 450917 476958 442488 469421 508423 465676 509483 457045 507026 473889 478269 465300 474038 477231 482347 482438 484400 501473 452917 526737 457486 483848 472191 478607 504589 494872 508741 490716 479620 506796 464696 476443 516607 486106 477754 508615 472448 498053 487202 487007 508829 506917 486334 498499 497707 509365 500380 486017 486264 474439 517731 472045 465020 476956 454841 512798 486051 437569 540216 487898 470956 484366 515803 523993 488179 497394 458497 448723 484601 479810 497961 482735 466932 478671 493996 480313 504686 486750 483603 428996 474545 472473 504677 470006 493159 521418 482567 462525 510381 474725 518352 483052 459215 491795 512639 494424 438970 454848 458482 439015 501343 506578 458320 440501 483482 547194 504104 503188 463832 475698 475304 496802 486397 492512 460254 445762 517135 501047 527837 531521 469672 537952 496838 504825 499452 507722 461415 528135 485149 429325 455568 505280 481698 461697 454904 526514 477499 453505 530830 474521 476303 480257 515870 488377 496663 476081 533349 541418 490586 522123 471085 477014 464893 472432 464478 487667 534479 490330 503634 452819 461349 511279 525840 475537 
521795 486785 486337 492375 468444 476917 447787 504364 475227 513203 485846 501475 504558 500520 476147 505466 488092 480787 493969 486370 510529 508292 465361 509708 517674 518267 465670 512890 461368 488659 481381 498167 492162 549886 483970 433979 455980 505497 453895 470236 499650 473758 481896 481073 522805 483549 497625 473541 482409 474695 454656 502612 499013 494468 450850 494500 469612 486582 472863 494366 514345 533778 533307 504559 480081 511335 498476 478259 518999 507410 504621 512210 470454 502991 502461 480240 523111 493033 499499 467756 531249 507393 486249 493955 480159 487008 519634 458781 472732 477537 446309 477105 472567 434899 551465 506712 502495 483579 496276 533437 504071 512130 477686 464670 485070 470674 463406 489486 466434 503520 484018 481291 507267 489242 503362 459258 485277 470782 526061 463853 516388 508420 518636 452721 493611 483094 501207 483446 490110 475013 499008 487190 456185 470012 481568 441058 492419 491506 438833 455919 498122 538737 464453 511762 492250 464839 505222 504503 496421 481197 454160 475104 492112 496529 519915 529974 475769 488832 521115 488535 497562 507535 484224 544044 509822 454446 482743 476595 489968 465340 457411 541794 486745 412308 519452 486227 496235 497952 519424 511375 500218 481264 523327 520733 482341 524492 481781 479647 508974 480866 456199 536554 520931 506692 521844 474940 492860 492350 499930 470384 
532206 483433 522186 501859 518710 475824 485309 507314 478555 541312 545119 526331 511413 502148 515170 545418 480420 463928 487901 486273 532937 526199 474730 517922 523172 523643 482766 575796 498972 509682 486301 511835 510141 552998 517025 467429 478190 490249 475598 503396 549343 493569 511086 489386 503783 504164 521085 458910 512006 489410 477380 535304 494810 538421 495638 531045 468718 512163 487325 506014 517654 506284 512834 509588 487116 516319 554518 500111 512604 526629 515537 547370 476644 513025 501969 499120 540070 500159 481701 476415 552395 524992 519381 518024 507829 484667 543674 497916 505543 496747 461074 517982 508648 446748 532100 510901 516857 499334 536713 536760 510601 512530 491702 496910 503572 478975 495879 495089 510386 503053 518979 501293 536597 511454 508376 485879 507016 479726 561728 463432 537763 510436 502218 491815 522425 510409 501860 507402 532546 494538 489954 526989 464364 459881 491187 472921 521332 518698 479787 430260 495649 541134 511991 512510 492829 468689 524411 511291 490261 485328 510020 496247 491687 508052 536041 561072 505853 513945 519372 491833 494807 527822 508452 550195 512927 454154 491865 512593 496589 491245 484461 535545 497424 456174 525652 523684 516578 503624 523933 525252 511255 508406 532042 534560 519605 539475 498005 474905 511955 508338 435051 496071 521777 501008 512490 494111 503262 523011 531294 507198 
516853 457952 479688 503324 511467 486260 446860 472556 471187 533653 515799 480481 492222 502703 478786 499176 481144 454944 516720 502155 512331 503449 464816 513043 491110 512878 459234 518741 474690 476450 475218 492881 482886 518062 492625 437770 457013 519847 446799 488433 508038 491700 484036 512771 543095 480228 511223 460124 495447 505074 483975 486697 486653 510939 472948 471543 469638 523534 461086 477328 493586 484573 499685 507086 469869 519607 492142 484088 491834 493998 516098 506552 466124 527637 491533 517305 520655 492441 478828 481862 528635 511748 498223 502513 515651 490043 536282 466946 491241 488008 471588 519468 496899 433468 532939 507223 523273 465626 500587 501121 488429 501017 477775 454757 493955 462815 506381 485901 501571 498389 507124 496675 495520 500122 510486 458792 508536 500360 529443 472572 510734 503892 531723 475423 481386 493055 495051 494268 528873 496884 517511 498243 432699 472768 459236 464475 515308 485958 457626 480814 488104 543723 488193 489711 460930 486731 504601 488639 483688 473678 470093 467395 497317 479659 536633 533924 478753 483002 485978 477966 486434 521956 492761 537735 494072 450626 463661 527544 509758 491992 470138 514303 486818 437014 545756 503880 511616 495709 505402 539420 492492 472415 510084 520863 521041 528730 482643 482783 502737 460614 471740 515248 519979 502739 511340 478671 512678 484146 522766 478993 
561383 486879 507429 499830 520449 479902 479739 485164 508178 548388 534011 519796 515501 533336 496727 545165 515871 478479 537547 522463 537217 517207 495528 542429 519080 544816 500369 548062 496067 511157 501496 501778 495417 566165 518248 478488 490653 532609 470965 493437 567871 505106 536536 526792 527230 521268 537273 483069 511701 518617 508463 520849 518721 531336 491241 517746 497190 526912 507317 524109 534527 505151 535117 519869 503970 532644 520649 508501 540634 536922 539619 535193 493528 529443 508823 508167 544117 540295 489971 499784 568295 537602 506697 502649 505289 499051 541550 496378 515217 513149 497513 512860 516564 451053 561072 525768 513237 500007 516424 535090 504336 519420 498914 504353 503875 516605 522700 511178 513160 498589 522112 511175 536147 493965 525276 487262 513297 523170 560316 477830 538565 531369 512669 482257 524575 513311 519044 535988 501343 528340 503644 489135 485122 493141 502798 473576 498827 509171 482271 473967 509319 559303 516519 535072 513916 494168 559179 524235 525296 511331 487970 490605 505211 484570 540666 553857 499917 526879 528224 505845 518485 539276 498812 553007 505608 472616 490335 523585 529436 507475 473709 533528 520132 471278 549169 531777 527022 527365 525671 552296 505075 502819 547772 532102 515399 544663 512378 505041 519678 500864 493681 532964 543127 501676 545424 503874 510052 512749 551628 517050 
528873 460945 476673 509534 495830 489524 472061 469669 475728 534927 524775 495821 502992 514124 468216 502616 487201 472749 495311 502276 524528 509300 454221 510234 510617 519607 469673 542455 461860 482505 484622 515442 489914 499492 502975 435298 471309 488077 420336 495584 526154 465565 530428 467572 490700 489638 509759 457755 490087 490305 479038 515707 489636 488911 496992 511738 459885 495841 458471 504230 511883 485344 501567 486048 487094 518629 512900 504131 523059 521553 516253 525113 460736 495774 502836 471203 516518 483289 471011 493610 530964 516611 490616 478473 507101 482458 537507 474204 493000 473209 475366 532344 479287 446831 511810 496521 481320 483452 513927 501316 493106 480864 467566 464384 503342 478782 509747 501485 476909 513205 493266 452474 513332 493231 506034 441094 477756 492975 524211 453172 539659 500744 516908 466831 487518 484973 486348 489702 475578 489967 501139 484292 449718 467182 468013 459025 482931 477140 449938 465537 467316 540428 511883 502161 489930 458390 510022 521912 497930 503728 465054 475246 490941 512274 525700 517033 476388 488472 495201 505800 482503 509050 482882 537680 489497 452941 433811 508733 502647 501055 457363 509305 481686 424632 519566 494781 496783 494055 509897 508540 493845 472055 527368 522341 487685 534977 477199 450970 489340 484867 445013 498327 509216 505666 515702 493501 490174 503413 532761 487256 
492200 446285 474924 479054 480063 455700 426589 459147 447235 493390 486383 468751 495676 464412 475371 502586 467424 437723 484253 490192 525645 480499 422853 485485 488841 497333 463258 518628 451087 447409 482922 491910 489106 513311 485490 424482 453830 487936 445778 455384 491907 465652 476543 454274 519557 467114 480535 454850 482118 472096 450647 494961 457927 501258 439668 501096 454984 490208 438377 473207 488373 503137 486583 481671 467513 507407 484533 476636 473060 494013 505818 498122 451865 493879 474024 477103 489478 468216 492385 458788 519343 506766 488824 482023 493979 475724 511215 444420 475090 467883 440288 480511 458094 434432 525813 495219 499218 461791 495527 490378 484303 471983 462503 457210 474355 467838 479458 465107 444369 510596 489117 472060 486760 473831 483079 430696 454074 491467 502602 447916 475670 508408 504650 449556 499506 490615 485520 492202 490782 463270 499580 500587 436663 463180 451194 455113 459213 466928 433873 460242 466002 520363 476128 488964 463499 459366 482634 470078 476616 486366 479497 481252 465489 479553 513944 534225 473574 488821 492874 465353 480107 501948 462459 509647 484647 440991 473775 495801 477328 477398 464351 522266 484672 412672 512761 479798 475497 494634 502994 513253 460633 464217 499380 504356 501949 513797 462335 455841 481489 468159 458315 482048 512792 504549 504349 477165 461593 503619 488282 469683 
501885 455848 480119 477899 474939 464088 436882 436756 476212 515930 512228 495328 482573 468973 465223 486583 468643 447603 500611 480533 502327 479907 442051 492038 497971 500163 450565 502969 458932 489712 477514 485977 478077 520966 485702 434449 451605 455852 424982 476481 502566 471080 492994 478394 500001 472064 484754 445437 486654 464234 474716 482461 469378 478594 457517 470282 430828 470941 437895 493405 504195 482095 493101 469385 502670 480917 483735 474179 520753 520504 495405 499269 468627 507767 480333 472929 501262 472272 456938 450693 523106 494044 477394 499074 489715 471888 523319 453550 488583 476564 460733 467802 483045 423098 543813 481113 476886 443487 487755 507802 458428 489648 444799 439675 480431 475691 465904 467936 488505 471012 501252 458867 507517 483405 479640 445588 465847 467191 533408 461476 490753 499521 483153 450016 485263 464636 472906 507883 473523 492865 486634 492912 464004 421762 459708 430976 476401 470211 463117 459632 474516 528765 464521 481699 462484 475177 476100 488379 473226 482057 461393 477389 477834 467485 496836 521716 472674 507300 492485 482694 475658 497693 482459 510235 513973 426471 454157 494030 460435 470733 454597 489995 476393 406377 519802 486096 483384 490268 507722 496856 452610 457929 519442 513531 469407 522901 455528 477582 495071 461131 460368 464931 539696 493092 489327 480909 467048 493668 527557 488580 
540536 480509 498278 530334 501273 494183 469619 495679 513668 561862 538212 531777 522277 544648 530386 532857 509687 485813 527485 518404 536703 523104 460997 549670 529068 555161 500487 563619 513941 524238 522410 513367 504052 561483 536330 450382 490006 524826 462338 486360 557544 506203 554102 486266 551725 526821 529817 494591 499082 504945 505385 534008 537642 537399 489262 543676 496767 520451 488671 511797 536258 502593 528945 522383 498339 542061 502151 520471 562435 540407 529806 550141 517592 507900 531405 518408 539844 527547 500125 521840 576649 537218 537413 530290 520862 509455 551122 500695 510949 503797 497511 533086 514706 475828 555006 541473 507315 512421 541404 530513 509399 509977 492615 497463 514337 497122 527638 507794 504323 514177 509371 495593 552581 518400 506409 454932 490277 503099 558235 503041 527939 529419 505401 481854 521796 526669 536611 538202 525853 520617 533006 502762 482675 490345 507705 484441 537550 503031 480049 464254 505828 563226 526184 529649 484517 500918 541163 514405 534571 519713 488577 497633 531620 515685 532695 552555 503386 535439 528299 513022 515820 538926 520634 554229 486265 467095 474393 520867 520835 500610 488672 556718 511539 476611 543874 532986 512014 514622 552892 535621 523583 511595 539941 535545 505764 556054 524059 508377 529861 520268 487480 545104 558683 500283 562885 506044 513008 540107 550987 513797 
489364 460380 486268 508384 472011 472895 441183 470906 473806 505322 518359 502325 501699 506410 472005 513462 483532 469274 515356 477930 511531 488667 467816 509734 501122 517398 455994 521890 473901 489930 466258 492550 472283 534354 470101 429822 466864 481726 450370 454096 514770 464763 508949 469857 505182 498279 481469 459402 490838 481108 474857 490106 486874 485875 468082 488389 438248 493925 451198 507024 500643 500783 512194 507558 479859 512665 489963 484086 532110 514377 518946 528014 474771 492243 528732 461963 525534 490787 487257 485974 529458 504899 494571 478372 506596 469461 507274 463456 499781 484399 457484 488046 491783 413676 522574 510188 472677 477357 519083 505345 484550 497652 470277 457693 499819 471276 499799 485784 488326 481872 495301 486510 479510 503143 488679 452565 490029 487614 541963 467403 509176 485010 520507 459642 499847 487138 488738 507097 472578 498731 493451 474472 450875 434190 457545 435429 493167 499667 455857 457862 464576 533484 477907 489719 500720 478575 501910 501058 482683 494537 462555 477101 483730 485453 506093 511033 468320 523267 498108 502947 478744 503216 487392 527408 487777 458893 457157 494643 513632 499107 463042 511506 468521 415988 530924 509085 493019 467404 504132 514969 493913 474120 508761 522584 476332 527004 498321 467975 499054 473937 453120 502239 524483 486643 509055 467285 476638 501801 537394 490186 
485868 459838 488590 473487 484402 469297 421322 445847 449892 524736 463734 481316 492767 479692 472845 478344 466360 451782 490810 488149 492355 486857 453047 496375 484074 494526 455091 497372 432660 491647 463526 491946 479341 501781 492132 420987 455365 500092 455922 458961 485840 448584 465379 465962 505559 483055 481037 418777 484683 456260 441082 493989 477907 467177 473874 485108 447179 463538 450386 490507 484934 484125 508728 486525 462462 506175 492737 466642 501818 487944 468223 513979 453302 478464 476905 463279 494703 470105 436898 455757 504842 490454 485963 507875 484253 480867 524222 463868 475196 460473 434267 483556 490248 402640 523589 492060 461585 457479 485216 502894 447342 491961 462014 451870 473361 453022 473719 473820 456912 482770 466094 456664 483670 475662 475187 443779 463507 459249 518256 448667 479545 512246 487408 472713 491603 480073 486556 488116 466254 490151 472100 471424 452898 439420 453106 431408 481781 458527 452773 468205 458513 516662 455753 468948 479321 435566 492196 474691 461407 464995 466246 463367 468284 479006 507279 526489 457408 514771 481711 482482 495848 498517 471031 511163 472410 435201 460017 500310 472287 460615 452922 485657 479859 416504 493775 486612 475388 483041 505402 493766 488916 480968 513112 503840 480154 508912 460837 464806 477809 460743 462811 482743 522875 466026 507212 474940 448424 501140 521522 466410 
507764 463524 478626 487708 473240 479699 455843 477942 471982 517247 493519 467797 495535 503748 472172 518977 463993 448956 493091 473438 504650 504284 458656 502186 513687 516352 442772 525482 461590 503649 479507 502117 483208 550998 484648 425772 460172 471340 466864 482198 520984 496068 506951 464420 496815 498325 502834 481949 514840 458956 458113 507985 493642 511796 465114 515488 441672 492932 468228 498776 496027 500500 505455 505599 464802 500578 494826 490256 520392 482570 500999 511201 469742 499662 494266 489135 522648 486759 469470 482366 528740 525586 461929 519103 480364 459469 534024 439558 500136 472507 476229 482635 467845 448414 500527 479518 469676 482924 528449 521316 474238 522557 450949 464312 495815 484243 496214 478648 465592 485491 484312 472180 512952 498534 474128 469109 488151 484903 536085 462570 512958 503675 515826 449043 488059 490102 493788 474203 488194 484836 497416 505350 441814 466717 471141 469210 478853 464392 454967 466389 469971 528191 482901 493220 488974 477337 468716 502135 479325 496754 455825 469630 468638 505441 542901 528298 475130 508766 515024 484622 477469 509590 505190 550373 502005 464070 468132 501103 492758 466051 450914 506449 477869 431467 518023 501694 498128 493163 485070 486733 507570 486648 537870 504021 479512 543293 492615 475913 486912 484365 453193 499864 526078 476644 502404 463282 480365 525904 526843 472287 
465261 465254 453668 460509 447593 445448 433953 435420 425450 485787 491508 474804 471812 470833 453385 472969 461292 439556 471563 466889 488822 473232 430980 474531 511374 481472 445320 499550 425739 456551 468601 473757 492266 489149 467602 407829 431306 474959 428540 459047 493395 458243 463502 422320 504920 463401 482531 445828 456431 437702 430142 475449 466333 475276 456461 489043 440155 463779 423625 489823 466888 495333 478206 460653 444575 466300 482080 436810 489126 476214 463655 494385 443222 471141 466899 440030 476614 462662 480068 463011 500062 461859 474004 480132 468751 448996 503036 441963 456559 450874 432206 461170 454831 413526 485032 492405 471244 467792 493983 467270 453177 494510 455131 471487 468012 459169 461529 460493 454381 460123 466722 458846 484189 473267 479048 408308 442378 452276 516319 441183 477617 470883 497759 445007 478461 461466 465612 471060 449766 452981 461950 487456 433503 437509 427473 433410 458830 458613 404491 430605 443094 514960 495235 493301 452117 448139 473989 478494 451771 459134 448992 438954 468195 465955 499017 519550 469008 494294 471001 484191 431852 495998 450512 509028 475899 411464 443377 464032 469071 456687 428711 477207 451037 421760 500222 457862 474354 481454 478944 496722 453494 443282 515015 509735 468977 509890 464175 443426 471501 454393 448817 480983 494736 471494 478700 471151 452144 499868 490205 471268 
455083 413014 442441 446908 433560 432352 422352 458165 419820 488727 452662 446939 436631 444363 429658 473592 448124 424553 440759 445271 472745 455915 426062 471784 478535 469128 410741 469897 410174 457491 439812 471054 443175 466033 436363 395357 423489 443498 429616 430344 474963 449773 436334 427768 482094 452136 451868 389378 446980 434425 437123 448112 461143 451894 424036 456885 422780 459772 401093 461771 454070 441328 458547 473110 425491 486062 466722 439237 462212 455654 448940 460192 429165 445241 439157 454401 470686 458472 456656 440801 479345 460189 441468 453158 462389 430892 491857 400781 446050 441575 433213 442884 454065 416692 490298 421822 432320 438119 453592 472002 440879 459543 433900 437855 458710 417360 449508 440764 439623 466047 434618 436468 462383 454652 436941 432374 431175 426288 503854 414527 470600 461280 464680 395714 447893 454530 455914 454947 449894 454579 459236 451726 407410 420651 433251 414581 453748 438676 414922 422305 418847 491992 438227 459466 452093 418603 467234 438576 437594 406958 431211 443745 443838 424240 463526 488698 441705 448215 443582 452615 452792 446343 453433 470618 434015 394243 412628 450848 449382 439577 430401 460001 441003 390168 473618 450003 441412 434985 472767 438373 451444 434373 483741 476667 426871 481657 450675 426440 434198 450552 429241 451832 466189 453711 449850 436843 438458 463219 476140 436229 
469801 428976 452797 462467 443950 439118 413066 443569 446766 474739 470038 477134 462971 444229 444636 463983 445150 424436 452873 443628 496676 468013 419076 479939 474411 482405 442707 482803 433340 453039 453706 461303 465207 494115 470767 423443 436107 461527 422102 448611 472300 457067 461110 433828 482962 441083 454931 428771 445554 429358 430781 477665 462432 474530 436012 476818 436477 461691 456169 488588 470724 469073 488406 466911 440405 498337 465397 452939 496090 471547 456936 486473 462939 476738 459078 463597 477471 475692 466566 433383 491707 502225 472057 463154 465914 442896 482577 421948 486114 457714 426301 442231 445985 394118 513001 476982 472930 455682 483267 459435 465153 457900 447808 429736 466292 440990 449745 445251 431581 466287 462805 459382 463886 464315 462046 419857 443642 429103 499622 417107 463100 481392 476019 424933 496473 460833 462901 469864 461497 461838 465381 471153 419055 443630 445963 425312 438026 456648 437956 437857 450588 502602 452342 466610 430250 433785 461994 462599 456074 446426 447072 459534 448798 448835 472506 511918 459702 468340 467144 470189 436181 488075 449986 476980 474635 415910 454516 490003 458735 443306 455660 479155 452565 387199 471819 492712 431875 484282 480996 477806 442908 448108 486288 496732 459194 502984 449541 436346 475131 469024 441955 462586 482995 467344 477416 425774 450690 500804 497439 438164 
499306 429851 448312 470231 485882 428206 434031 468319 458342 473504 479519 485286 477653 496409 484091 518137 450508 451900 480531 456062 510667 467384 458325 501249 503182 482393 443312 497890 456066 448777 472705 479280 454406 533658 478816 437223 446707 490288 453072 443928 502206 472652 495429 466808 512466 479308 475248 447442 480513 467663 472238 494623 474642 494030 439729 493048 455108 476697 468255 461203 494509 482929 503951 491465 438640 498773 486393 464228 490423 512275 486523 480291 453186 477048 469457 474251 508600 474492 474379 458263 519255 510051 493399 481639 462740 483341 489245 441509 473630 458609 444597 470716 455616 426385 510031 489352 461486 459998 506268 507783 475388 489518 478138 441058 449965 461140 468003 458258 449484 463652 479206 459380 497243 479925 477577 439499 471872 486072 524399 438194 483978 493935 517415 449274 492153 477794 483235 458121 475140 459207 485716 472979 452015 461049 471571 452608 469618 456982 431751 454004 455684 496406 468613 486598 466214 446469 511592 477884 469349 491244 466554 460594 500068 483373 488235 526407 462311 500432 504616 441174 459291 512398 489171 532585 461164 440085 451513 470722 496177 485131 454147 486461 457235 421724 520295 476029 485954 483413 526277 507275 459899 451273 497868 511517 484670 521102 464095 454042 477058 449415 453018 497572 494662 470329 497362 453810 482739 501435 498479 472724 
515470 474442 492126 494259 518763 484390 455867 503284 485350 555826 509648 523687 524119 514654 501436 534051 480943 468599 502865 510267 531842 513945 460023 518772 497055 511257 470230 541056 487601 506919 508627 504968 502305 538902 522146 451372 495420 516252 482901 477468 527375 495266 497766 513209 517369 514298 497611 455463 505130 474757 471697 526667 519180 497190 474502 514666 451658 521393 461765 513919 517191 521278 493376 502655 475743 524112 533649 481113 516237 536597 503753 510709 454557 543406 506880 483382 529179 520546 492441 489063 559649 522918 514728 509960 498736 500398 536325 489017 509013 495120 476319 536303 498474 424464 533891 520189 476256 497721 539357 525572 491317 523180 496292 488193 506948 488345 515200 497622 490259 492991 536897 515563 523496 516048 498880 443615 528158 498819 550256 482053 539013 520621 508346 470452 500694 495873 492704 510837 511704 497832 511072 501248 455510 504763 477569 486525 507581 501610 464008 469021 489428 530454 506605 515551 495364 468614 511440 507284 492331 519131 499584 490122 489340 511132 555523 576972 471115 534566 524207 525827 515983 543777 496862 538840 503661 457020 483934 512031 513400 494143 472226 523479 502220 454108 555390 495854 513229 506961 546110 544743 494261 479502 516274 517344 496238 546084 491146 492934 510279 482206 474970 508071 531127 485781 532841 504468 512504 526077 537216 513457 
514269 479251 537005 517218 521015 489754 466642 502908 483729 549369 533552 516714 534094 517291 523173 530207 509149 474322 520957 533308 543488 537438 479957 513595 542695 543137 482981 541501 499498 510152 523422 537020 518799 563249 534255 444677 510746 531619 476053 513113 550028 507574 513416 519855 541225 514877 538997 475416 515454 529074 477317 528214 494173 538368 487536 563991 497201 531948 469485 518426 543194 522183 526252 523206 506333 556334 525121 516941 521612 536835 516135 546592 494790 557344 494772 518920 530111 505505 508605 517114 573532 553583 543076 533606 520030 519984 576430 483750 493436 511164 475182 533886 519227 457619 587479 552395 525518 520709 529025 529944 521177 542148 513852 470947 513789 509915 516492 485951 506731 541206 504663 519409 551172 551859 510521 478283 505177 532063 572287 511137 531622 530387 545595 463226 538796 516755 533503 546401 546600 503804 539407 518951 463798 496877 499087 487334 523840 515218 482758 480121 502021 562441 519989 529924 492440 513117 533074 531666 520767 518335 505062 510857 515852 528981 559512 573115 500768 547230 521236 518343 519873 550957 526561 567369 507976 460996 494251 536190 528940 505953 498956 541302 499168 462245 547387 518468 514585 514290 568284 548382 521920 521224 549497 560551 511248 552202 510885 497766 515024 500427 491959 554585 567720 528717 538047 522531 530307 548609 553661 539520 
488468 438627 456356 476551 453476 452262 433488 436201 438107 472584 485174 470680 483669 467405 448988 487356 466617 428105 501291 464482 500808 474945 444509 480809 482978 512384 448168 492298 429185 444904 463087 472112 456836 503108 484068 429291 453756 464096 422347 447817 479514 449672 468833 444479 484113 450939 475067 442466 454552 462077 449169 468786 473730 475165 438931 480890 450339 481211 422209 462691 469883 460744 475413 478606 469488 468872 469504 457534 472338 478201 457832 502947 457752 480581 473956 453056 485172 454725 462314 455102 516280 473724 467922 445499 462316 463790 498161 437332 452999 484144 435799 453137 462863 406423 505666 464695 470424 470732 471660 472650 463338 453213 469842 451167 458441 449139 454845 446529 451596 476622 478224 471605 475103 484364 449908 405380 448860 471611 510182 431194 474971 477896 481396 438508 467408 436720 473879 470746 468346 459900 469820 473171 421208 430090 446128 415714 461564 452503 446482 406720 425741 484723 461206 471671 450179 441637 475270 454272 461643 467594 440698 433406 450362 486233 486374 497839 450254 475515 466038 447135 457165 471898 444843 505859 466646 415065 444901 480009 476174 471438 445236 477865 468135 404684 497337 474837 469124 467878 480661 483725 452041 450928 485631 504409 462243 490388 471633 434150 475177 453700 445740 493714 483164 477979 473642 470687 450223 483941 492470 462229 
526057 463891 529626 517180 528934 506084 488034 507842 488697 527701 528707 545971 535271 527183 494921 565506 509743 489101 532116 513851 547172 542340 483432 522353 537133 516584 503677 554399 496812 509988 496771 550011 508118 575152 521650 472290 498287 511961 476162 497574 553690 515736 528348 497361 550704 510027 515157 480396 517685 520198 497198 520723 499550 554874 492849 516349 485177 518863 490060 541537 531130 522682 539248 534989 497699 554524 527207 489478 552024 534316 534047 541007 486776 525283 516373 500547 549185 517634 505852 519271 569038 534382 518628 522412 530560 497077 561524 483960 540866 512229 473863 515835 508712 471408 572809 527483 505446 521527 535836 564493 514717 535762 493093 474535 530872 489505 544415 511606 501518 520502 520970 493433 527818 534697 515762 488191 515784 543541 585852 496129 532934 536269 559185 507219 535615 521263 499750 506286 500081 533672 511034 521717 494676 481446 489272 473465 490715 520746 475586 497370 500149 559611 520931 525942 526989 477207 528350 516306 504382 513120 501658 495740 511610 508364 554723 552883 510276 549092 541074 504734 498147 558658 522861 565767 504902 479543 493429 521331 522378 506420 488117 541912 513776 450908 570476 540389 525653 521793 539729 555729 506674 490620 538957 546118 529875 557618 508613 495107 535054 505103 483365 528547 546879 527147 552406 513629 510570 551342 556726 515863 
505786 435317 464401 461936 462666 463201 451787 447357 443530 518776 490406 455229 470337 489357 453983 463448 444783 437702 470726 466128 488452 495053 455171 475951 486421 461933 453996 492184 443966 441249 450772 468478 461669 496208 443966 431988 444307 490830 412430 465419 501675 458260 462372 430286 489592 466836 469145 426746 446790 459223 456309 467999 466373 471359 440901 468648 429422 478095 435283 471638 458005 466352 475550 458589 449647 474636 453271 470884 481469 472126 460888 488913 429536 463899 446916 470401 484727 450175 433406 443679 493893 516482 464831 476517 465178 455837 508103 437750 455972 441111 415694 471582 476879 400049 508419 484256 447698 463817 517489 484232 444125 465978 451026 448454 453037 447914 453556 435439 442004 445076 457340 464119 489944 469744 472984 433802 453258 465083 511001 433146 458643 503118 485613 442751 471403 482610 485875 463896 451944 455033 489039 468976 431578 440882 435728 435485 468239 463083 432784 435097 453522 510018 454231 475281 457874 463576 476507 473046 448631 448352 457102 429795 460878 461050 479789 517569 461475 478638 469415 465942 472726 495582 450276 513436 462933 431952 433274 472048 459186 437585 425754 463555 471766 395531 463431 466086 457363 459465 490270 495819 469100 481875 474261 524641 458692 489964 468966 476169 479614 469917 430866 472549 486696 443017 486702 453899 441667 476050 490005 451845 
475438 434560 466374 451871 471445 442838 430979 456047 460152 515852 490865 466612 493431 458999 449587 480900 465787 431927 479121 475321 491745 476737 440888 488944 492007 493536 439788 488916 424142 458698 462237 476125 470728 512808 471043 404867 445418 486610 435826 463558 486625 449986 459291 469698 501788 464231 472663 442972 486534 457305 473645 458025 456955 472372 456439 471645 450573 486593 448783 479525 459020 493243 484460 467988 455749 497998 484636 449748 492704 487201 478581 502164 437831 458576 455471 479512 493889 465327 439094 446288 494891 487064 499782 461170 468517 472451 508408 459503 473858 469707 440623 464345 476403 405311 514992 490305 473150 458538 490996 487413 454247 480417 467528 457779 462016 452065 468236 481343 445101 476649 467534 446173 483420 475877 468855 446284 441383 463119 505229 457536 462269 490365 492372 477548 468467 457512 465292 468875 475010 457469 483531 490966 444316 425238 444545 433525 467913 457933 460930 448696 466307 508613 473451 474153 457085 434993 490760 460515 463654 467335 457765 438903 465759 465185 510542 506264 474201 498667 471173 483864 478417 496199 465126 509232 469924 431631 458228 478148 475681 476060 438668 498839 472631 405504 488130 473970 458519 501187 481866 497832 447916 472919 478354 524762 493514 507360 469428 427160 479737 485996 455603 466439 497131 478528 471706 448534 463334 470165 498155 458306 
498757 466156 492379 495486 484593 477829 436616 491331 485959 518964 484051 503502 498492 497218 484631 521675 474068 445973 484603 488803 522972 506847 446763 499409 516490 497078 475780 493823 472477 470517 498130 503644 483820 534132 488641 441137 472408 498486 449967 461411 527208 483182 472065 473227 501806 508037 495979 456408 476811 492650 472310 482366 473218 501620 471925 496155 476331 486409 488486 490462 498852 507880 519686 515313 459552 533430 480929 478669 501076 505319 492967 496109 473568 500334 485050 489496 516806 493655 467376 482238 539469 509154 495262 487915 488969 486618 536066 448483 479975 496137 442779 499732 475885 443415 558309 503195 513492 490984 509244 520524 495202 507751 490298 456308 486736 466838 497915 480902 468147 493613 484385 465086 508584 515972 471314 447680 519616 486639 527361 459240 505754 491161 533138 472483 488615 483727 476730 487865 495714 490101 499703 485027 469280 449912 478006 459308 493887 478559 462809 481241 485807 536523 482687 498226 471474 472004 487363 501190 477180 515272 459781 493213 506848 505973 524387 534758 495478 510872 488905 481242 474579 522945 505204 548736 492292 420724 472497 505539 487401 482452 468250 514576 482867 440928 545161 507714 483047 499028 536796 529147 470688 490020 513328 535058 516168 526262 469069 475731 504436 479392 457150 484865 521889 503826 533741 473883 490537 517985 532726 477337 
526172 484508 482731 512806 496253 485868 466834 482093 474520 538242 514817 509677 521260 494931 470124 519719 493659 487661 506251 479260 525416 506243 474962 527158 499644 512385 475191 542693 477490 482713 501461 512983 486097 525877 515765 440440 461815 501285 462061 487675 511877 500989 499126 467331 516418 504544 516788 445862 513542 485762 477339 506191 501470 529825 487637 502745 477005 509464 445507 483446 480381 499727 507380 505213 475291 519143 517557 496648 533171 514573 494247 527864 473960 527790 507301 491709 529983 520672 484083 477789 531992 513629 510535 505276 498571 507532 536968 459755 507446 487630 490347 506475 483705 449339 542417 494217 505145 479395 503128 528577 494317 506829 483220 490483 474796 478026 491935 491224 489997 492405 501192 502057 502297 481192 516892 449604 468448 478942 531474 468644 524262 518692 519524 462467 515375 497441 492359 509869 503560 497336 486735 505778 431356 479046 486767 473419 511937 497775 470760 472725 466883 527661 484824 502220 497160 476348 521491 508714 495149 495426 474324 460449 508323 498939 538597 556080 496605 505686 497865 508232 504199 521855 471338 551773 505428 446326 481479 516095 500000 494072 472401 510220 482013 441248 521480 495356 512221 500761 531374 538520 492749 486590 544908 527517 513251 545133 491066 469079 508513 487369 474940 504706 550570 495815 519159 504237 482768 512404 520836 483125 
511625 498850 511616 498278 497180 491682 462889 493665 494146 554280 516041 511871 522248 525464 491604 533203 522146 484479 515795 506993 539336 513413 483018 536812 515495 517571 492799 527603 487189 499793 484680 531717 505256 539815 519406 464934 478558 518847 474662 485745 532659 504433 521377 492973 531260 490457 517049 461259 521012 523732 487938 517717 511320 515070 460701 531028 467831 506584 494530 499272 511951 526698 513307 501417 484331 556550 533260 496392 549787 506314 522027 544785 473390 513068 516716 501824 539751 513742 484157 485598 525996 512240 510113 510867 530431 489219 533422 494661 492468 495939 479530 526629 487477 455395 536604 512941 530431 500085 529377 520586 496264 504140 471275 481238 484012 467492 533472 478796 493306 494599 491480 504183 522627 537851 514972 446010 495414 508749 564616 469370 490867 533968 519096 489603 507356 492478 507638 504142 520366 509431 515222 507295 467906 467033 473228 490305 511308 483791 474207 463313 481997 539617 512019 526702 495968 493928 504171 509047 499782 519607 480529 505686 517692 503731 546954 554417 490307 539986 516599 508867 495108 546122 495189 561116 505755 461437 498188 549285 491906 492755 507400 538638 506050 461705 554148 512109 504507 517412 534378 540685 510086 495071 536650 547356 510524 527534 494563 491576 520140 464512 487608 506764 518274 498113 531555 492973 479659 530262 541764 515812 
507179 468887 482610 489307 487754 474784 439566 472428 479203 533313 490667 479656 484470 493793 477450 500954 484768 445158 486222 487827 499150 514855 459196 498248 489931 509238 468520 509106 469138 492240 478026 486800 507695 531117 513625 429320 472583 507120 437980 475609 518823 468728 510216 472524 502957 486199 479447 454149 477350 489039 457415 496778 474717 496565 454070 489005 459597 490638 453572 500311 517892 502265 478999 494966 486691 494584 489933 492968 505758 504005 492502 524442 471758 526354 508235 481846 519295 495644 481197 481661 524702 517326 507346 490470 501066 486008 511620 456872 475130 460564 449084 503388 496427 432383 518158 488703 505344 480655 519650 503841 495320 503187 482821 469227 491262 463077 478128 481145 474319 507864 498780 472050 496875 504620 502567 450861 487866 468077 525779 453670 494529 496403 491018 481824 475449 495636 484763 515577 506500 496551 502046 473679 428703 480807 471020 445188 512794 501051 459010 454412 461579 535390 509996 497802 477769 472489 490663 508569 492657 488942 449278 482916 488141 481307 526174 528785 479136 503029 497875 515380 474628 507296 492861 511880 476570 442400 460992 523142 477252 465567 466901 536706 459416 408401 509101 499043 496473 500422 540686 534206 520141 475013 493678 516793 493971 537143 474817 469571 480248 501802 451340 490241 512574 500757 532931 476679 481912 493099 554339 466729 
503908 467039 485287 495131 498070 462017 433088 478703 475389 501296 492083 473536 498493 502012 506627 520798 474668 435202 509909 495573 501981 479060 465342 526058 526174 502844 467890 505255 469506 481659 481894 500813 473501 522119 506211 457818 468065 482250 457537 459271 512990 464563 487723 461105 509186 488761 507293 435218 478882 471817 473223 493002 478149 505020 471951 506184 455641 498510 457695 490722 500819 506629 505824 500659 472585 513452 472674 474192 500228 498247 485220 499249 467861 484560 481100 505293 500608 478840 475229 496893 537002 502894 494184 487654 499140 488081 535156 454001 491890 490056 467385 495391 484179 436789 539643 482157 498252 457876 502569 501817 479351 490071 467422 481942 478432 447644 515825 473505 448830 507440 492613 475396 490104 484624 464526 451267 488243 507660 523789 487758 496254 508094 513905 463630 512290 469804 476506 491644 485969 487845 480708 498845 441217 450061 457995 449286 489852 482687 472753 474799 490352 524127 480738 494535 460706 445684 508283 478694 491563 473089 474947 453069 480456 494522 520702 560982 490900 517494 487352 477431 503591 510855 496379 526100 464612 439995 470658 501418 484380 483020 471585 513855 476357 407764 524130 509913 486746 486915 515505 490926 479922 484371 519506 536689 496697 511096 487966 469212 485637 460274 469893 504413 516153 504770 506952 494993 470398 526913 542113 488477 
524277 483056 535164 522670 497701 505342 494207 514457 504062 559365 533933 535053 531891 521650 518699 544389 528413 502661 553836 507003 532284 526195 513495 553765 536432 556557 483910 580744 465379 540164 494245 520157 515907 555357 511804 446769 509223 527462 484250 516545 544492 509696 540450 496590 540618 501867 548840 496497 524668 491408 518179 533185 508169 523764 514167 543304 460205 535568 486856 536563 531100 563599 531487 520672 518433 538965 530314 521907 550305 531932 545563 556689 529799 524164 512096 514619 545458 527581 516564 509518 561376 520363 510776 547459 529396 518079 586106 482860 527541 514662 492207 530686 505664 467622 564124 549796 528962 522775 524989 540128 507876 545716 510707 496648 508462 509411 507476 518893 508481 533181 532033 501792 543191 526385 536530 481528 505551 516615 562512 503638 545560 543358 553847 485837 515286 519316 517449 538771 523722 518515 530313 535964 467918 492269 488309 494127 532442 513394 482786 494556 498572 569838 514427 516046 516966 495813 531320 526681 512232 521260 498473 511813 506474 513049 563870 573156 539256 549397 526676 543058 512741 545237 512016 584517 518297 476134 491929 522499 521916 507483 481446 555837 501889 446586 532992 539624 533537 524487 524354 519052 534603 513690 566344 551358 526634 561429 522082 487486 515003 508807 491232 528183 569407 507695 557002 511127 507938 535016 579831 490986 
488535 463169 484459 468774 476793 463410 451673 488686 472309 508240 505539 494060 486693 481169 453618 512266 481540 450024 509023 469337 531636 478962 455466 494776 489469 497910 456545 508199 463269 478809 466137 487777 469726 510199 485149 423324 463961 501626 436162 443833 512061 489330 508106 469753 525549 484024 506634 456088 462030 479641 441020 471834 489641 465836 422512 511562 453212 496156 470722 495759 496269 480874 492624 485604 471268 494721 503045 470154 487729 502482 486711 507856 459386 500439 473057 463306 507540 475205 462659 497161 509678 493157 466655 487405 490850 474706 535934 453194 468805 478451 440177 510801 481481 452292 526558 488808 492188 462086 489418 521433 464132 503806 468387 462211 460542 457891 489012 489034 476691 488396 490050 462550 497469 496767 483643 433212 470503 470551 538502 473319 497315 492950 509417 446817 497565 449117 490422 488784 477071 474740 499924 462981 438897 459554 466960 462836 500215 465813 440400 454442 470800 502479 489662 493084 466831 478122 484469 490898 491308 500485 458972 476621 499899 490863 530227 519139 461031 502157 494402 474334 476805 511025 471201 530872 483239 427612 463729 479036 472257 472338 473059 502199 479482 441957 515869 484105 487404 503055 511909 515007 476073 490826 496693 515239 486600 533501 473307 473806 477087 483124 454590 471681 500185 495983 501936 490013 500363 509383 518226 477177 
510976 466045 502713 467636 488427 451798 452742 467795 471856 527608 508116 488084 497862 507137 490678 496753 478411 465536 478444 496144 507005 494516 456362 510565 516011 504756 461320 530146 465252 476292 474195 495121 502478 526888 486193 425145 467805 492634 427191 493565 519045 470517 496084 493169 488792 470036 489263 457936 474407 471687 474060 503411 489247 501893 470344 515617 455909 491041 463921 483791 496666 489274 483734 481744 462418 512062 499355 491511 501523 509972 487092 510524 468553 500447 471863 477943 511307 484171 453564 450999 554268 512494 493321 488386 480105 473275 512030 439134 469972 494621 433230 489999 490893 412745 532017 503925 477126 484057 509166 506893 484806 491439 490926 461877 490217 493173 465019 469643 471507 482427 465398 490612 513324 484836 496986 466483 487391 498342 535963 432712 510691 489996 479454 449360 488659 481386 491139 494860 498950 485003 467312 494285 447345 458848 454774 448876 472318 471132 467076 448160 477275 521778 498129 493513 466836 464134 501425 507385 494729 482762 467653 469780 484621 470511 501113 523585 473488 511229 492290 469717 481890 508758 485759 548262 483708 449855 480447 479185 491520 473504 467939 516216 475073 430995 496917 482653 485610 480660 507990 507172 471552 484856 508992 516669 471045 532227 476587 471199 501652 477721 458160 514693 512168 487290 522744 475472 487914 511915 491879 498096 
482941 433012 463898 462182 437463 434699 424114 432319 446622 475418 453244 461615 434844 449780 446078 476097 438061 429811 450993 440333 469243 452831 416518 466055 481278 468615 429197 470708 431152 441822 452985 478873 448807 500888 457141 424875 460852 445304 405915 426170 473440 456813 453945 437920 468599 436077 445345 410108 447503 435922 413816 454247 463220 470313 431486 461987 420324 459534 419061 464960 474567 475453 476829 448634 433386 470041 465453 445791 467448 462254 451036 452336 427494 450616 457375 456330 479106 458093 435818 425140 488108 486429 436941 452379 456232 438782 510619 415965 463641 456961 440120 445673 426659 405830 508172 445099 453504 446069 471330 456409 450188 453555 430426 414526 454754 443401 439974 423473 437603 455218 462773 434890 472954 449523 442020 417410 454585 454735 492684 424971 485224 446700 484852 418201 463609 451157 477375 459150 456872 452925 459358 454600 427289 411535 425211 408684 443373 440941 424130 424651 433862 487244 444748 474220 437532 427496 464136 445583 446152 444215 450589 468187 433571 475393 468851 475562 443078 464392 453527 448318 465974 484237 469200 481967 467476 421943 428322 444264 436526 442162 416388 463184 437932 373901 477148 437740 446647 455874 470374 480172 454860 433582 478153 472538 444019 464347 463769 420185 473158 471843 404214 470658 493480 472622 502124 446728 425624 464770 489784 460703 
461398 443724 472648 473475 464801 446664 432785 458021 474202 522376 479224 471304 473719 484877 464974 469572 424024 420532 486324 444980 505278 489545 443294 467237 472032 485188 445652 491170 459514 461137 457489 478236 471713 494662 475405 417586 456970 492609 420830 478651 494071 427118 492485 432219 478117 474562 476059 428547 473967 450544 454854 473790 472956 466708 443856 480795 429568 486930 425766 472138 502160 509525 454697 481390 452231 481619 453250 446298 483293 487315 474580 482846 453055 475461 489580 460901 460741 485256 432843 455956 514206 484351 498591 465330 466397 442728 486375 440603 456405 480767 439352 462290 466992 396443 511755 470406 460030 461784 488375 478478 458324 480995 450163 452817 478692 446274 483883 460434 449025 451622 456073 463588 466837 483418 482348 416684 459612 454648 501311 438382 476284 485096 483814 430918 485419 462567 479415 486839 472391 463152 481703 459652 409281 449278 452631 431552 472239 468358 447499 438740 454495 515450 457217 481066 443289 445753 458016 470845 473897 442645 467141 455157 479388 467297 488002 496408 426888 511729 476292 468417 489465 480081 465144 505068 449798 430872 441434 479755 476195 438778 450880 493506 453662 385896 474999 457301 478487 472279 506709 507941 454662 449895 481460 488125 456996 490454 474294 462393 468645 467496 440387 472394 506294 484890 494748 471473 461523 473660 490743 450548 
475453 443160 475514 478022 476203 456334 447058 438799 448260 500636 474058 471031 486526 486453 470768 472178 485466 445690 484395 468980 503652 484363 454380 470652 470655 500657 467556 498845 464515 472786 468792 491766 483838 503946 503738 413366 448982 468178 454196 458928 525350 472984 481720 465836 482119 476184 474496 413661 475262 478042 462462 473114 471638 487239 470530 504514 440739 442200 460446 476922 497753 462449 490038 474438 436854 517963 497751 447151 514047 483632 488707 505044 463795 482221 506158 433662 523539 462744 448544 473536 495836 489187 489189 481113 491313 452267 515482 454391 462724 450721 454253 487464 456389 418849 501910 473042 468404 472184 477147 488749 472271 450892 444974 435031 462194 439192 494696 428886 446984 462221 479151 467926 478966 460051 465515 440348 480184 474666 518397 448454 469785 503969 482873 434244 483776 476489 466844 490066 469428 484358 482648 454797 428077 468294 447049 447892 486136 466350 464227 451539 461235 516629 479171 460501 467301 470452 489617 473887 481425 488709 460432 447474 468670 467114 506748 513576 462838 497234 471321 463196 458696 505150 472462 512663 445876 435262 439670 483939 463745 458048 457841 490925 454860 426184 525515 474708 484453 462931 501533 501029 477023 466254 510571 522799 474330 500723 454071 472600 454807 459504 440580 489763 506579 489232 515662 466126 436683 484589 510125 480897 
502064 472598 487853 479190 482097 457678 460901 468891 459675 527335 490803 492887 484999 502308 468573 491696 483548 468412 499371 465219 505555 482072 444467 509957 499100 500140 458158 540326 458588 469164 497618 474107 470603 531886 487612 434241 451633 486876 430017 468933 514176 465014 510802 482932 507607 493179 500692 450448 476686 503393 454481 512342 484904 489669 476096 507811 456911 488228 457359 465631 486227 487382 516581 475276 453387 483336 506922 485727 484348 479362 508672 502640 452635 499628 481355 480686 485661 481926 470588 473750 533624 502055 494716 489595 504332 495819 516487 450083 475496 470907 451874 493422 506580 436241 518444 511600 489153 474027 498360 513908 484558 503260 484526 468152 467594 457692 474971 487087 495713 480237 503741 467436 502743 510683 503457 442283 467348 490081 534682 449052 505566 491765 501283 449497 488548 494485 490908 497450 497382 488568 492550 499304 449073 440296 477443 448531 486217 488893 445667 446419 463367 535892 477073 485846 485781 462932 511489 502618 478190 464570 470809 458672 499284 491060 508481 548078 483900 479522 502503 481913 479705 495602 472198 513500 482600 430930 453121 494580 483113 492178 462362 533628 494472 444239 519996 477540 502884 480139 509725 514252 497870 468781 516664 503567 488821 508873 483817 465456 470285 463268 455998 498120 514067 466102 498751 483765 493036 488609 523713 468621 
485326 434935 437970 457384 449602 452093 406171 433476 438362 475555 469861 457687 471844 450106 426800 457066 446775 426574 473291 436812 452766 460863 429133 471088 469374 465164 436626 484955 411358 441512 443438 450122 424831 465795 460619 403946 429926 446477 429173 441593 499270 452167 462316 429947 466129 444503 425695 423246 436418 433494 423591 471093 435792 459395 432182 449964 424399 447392 425504 470261 462320 446097 458003 443088 460733 469446 452271 415855 480868 459217 439167 475593 425492 460633 447184 434316 491764 451949 441471 429890 477756 477102 436481 464842 459247 437489 504864 426994 461498 444413 432332 460390 436097 411985 472819 436528 416764 421470 477519 487958 438324 456583 430878 417322 441859 437160 449769 433051 442032 455081 461642 427564 466258 433341 447735 416292 444010 458948 494987 417866 471617 460868 443493 419985 453862 437882 448640 447039 432282 452546 439906 459978 423673 416110 426708 419009 432043 448274 427755 420988 427977 493897 457161 444268 430252 418743 436999 440696 431762 473967 431053 426570 441819 448888 506190 488151 457210 483883 467363 454008 443511 479986 438293 472830 442774 402893 444025 458924 470480 432711 408519 447164 420812 366801 491880 466612 430684 466872 477970 467799 451128 455210 497529 476790 468665 481044 442569 450319 454278 424490 423466 455713 490678 465040 460093 430405 429148 455910 496131 470176 
513899 467118 505780 490510 509000 456096 477263 498859 493415 511479 511498 530526 499555 520349 491500 530989 503073 455842 527789 508293 523476 499073 474776 503656 512737 542798 487609 527978 502337 489669 493969 504369 500744 544068 532989 462822 487242 518522 462799 490702 542717 496720 496350 483592 533082 498086 522351 458121 498304 475503 477578 519021 465824 511338 476355 538319 479217 524285 477934 511003 524065 517926 524976 525018 474196 536387 528198 501576 537441 553292 515201 537577 477474 536967 514239 500713 521306 518691 492194 505864 553929 515629 525466 505916 497271 488519 545319 476333 496301 496233 479243 490719 507996 441353 559863 509250 499236 503989 503623 512842 499185 522490 485544 471392 501616 484508 497361 484180 481217 498946 499532 504200 526578 511157 494678 478023 500671 501988 530331 494366 523733 521953 548056 479557 515386 502794 492249 526363 498945 503379 497743 489464 473762 461160 474208 474420 494951 516391 475836 458479 475544 541793 489051 520173 491407 491118 525253 504815 504420 474404 474556 476861 511817 508870 547482 556657 510728 520616 508562 498457 526699 534002 494357 542413 492758 450464 471625 505554 507232 507170 462057 517054 471756 443865 550152 504822 503610 501733 547742 516337 509918 486780 519502 530581 509616 520323 508416 487327 521063 506256 479632 515616 552631 529770 534889 537339 499020 522352 527088 499243 
474667 456671 464393 458278 466190 448871 422313 471985 455256 510449 468741 473185 473868 474092 466812 498853 449003 427122 457366 472388 480961 481494 443971 489867 503837 491081 454640 489546 435745 456150 459027 510249 467391 499968 467248 413205 447860 465505 450216 452269 490590 447406 484290 446927 486963 478454 465504 414299 478563 469083 437007 477345 456304 477313 443491 455447 426575 467714 450990 467601 480336 483110 487387 483600 441793 484535 493644 462590 497295 481803 456624 511551 452084 495382 464466 467458 493612 476200 456584 476507 502204 491553 485719 487323 489556 462072 510125 449039 462951 455439 445087 471278 467051 423016 521176 462445 469977 462061 506257 500257 469950 471612 451801 450250 457550 453385 468064 471930 452148 486118 492033 476209 489534 478459 485860 428312 470207 457065 501626 432822 478989 489576 474082 441427 463682 472380 458753 487720 448019 484340 506327 474919 414007 434443 456056 436754 486860 473971 433838 454684 445436 513045 482508 473946 454221 460341 485343 468766 487997 481129 447363 464022 480373 452486 494109 526273 452735 494118 485282 462946 466114 491737 457601 523196 468449 437609 458503 497495 452958 453188 473412 492389 472581 411346 511695 459960 476680 488322 509091 488216 473968 474916 485591 486424 470081 530359 478416 470789 471640 474634 427652 476968 501163 464115 487872 451885 445089 482439 501008 479322 
459911 454122 447549 457935 475245 436605 417305 454457 447753 488702 480439 475465 485366 457890 462758 494326 455629 435530 487494 480261 486431 467854 463033 487291 482678 508869 470822 490607 450098 471126 471697 480206 480381 489739 501617 410947 438024 490657 439212 438345 504772 470103 455762 472969 496355 462421 477577 428394 480311 464525 462336 493122 458058 471434 466668 476252 441006 494343 432469 473773 485239 467299 486839 470604 462822 478208 485143 468892 506564 502718 494492 492051 440339 494577 478188 454757 476360 465687 460495 461857 519514 488524 483719 478309 490534 444238 519805 452309 465000 475817 444491 465355 477129 429892 537278 466325 474485 439003 455303 470438 456429 465989 460450 429303 470202 446553 482248 450406 468426 477447 487443 450770 491846 462134 468391 440257 463788 447590 508411 450940 489626 482784 500124 437148 472505 471149 449782 465090 479028 476398 460935 462838 447559 431702 448767 406042 467098 448167 443601 457200 462477 506693 461441 467530 449167 447626 486753 476654 487790 461971 451319 450212 451867 470982 499369 514350 457068 461738 494231 462835 452995 500797 493940 519012 466987 430194 452425 480112 467215 456467 444854 484885 457708 406252 484199 471452 467326 476423 496123 486141 489511 462097 508890 502710 478786 515686 459451 464273 470188 438199 459274 490624 502539 480889 488228 478672 489944 493890 504605 477260 
509444 493269 504216 490408 494006 480405 458590 475158 478998 513856 527868 491900 506731 485266 477823 494075 484528 465247 508264 491121 508883 491347 455073 533190 519898 519172 476815 524178 480554 497505 478037 503024 468706 522523 508500 463453 499819 481578 462272 464470 526208 481375 513715 490016 512787 501942 491298 443177 494352 473761 473347 511652 491823 517999 459457 517424 469914 494150 461983 500946 490015 497144 513438 511744 485141 507812 494688 478023 515373 503423 488478 526747 471907 494331 501034 480587 526750 482252 495015 490539 515911 494257 509425 511526 513867 490945 530312 463757 503355 487646 478822 516583 478371 461173 539751 492606 479062 476494 521213 535499 486965 483334 483497 494136 500060 457122 481111 477882 485558 506401 514995 482234 486923 502005 499751 431071 485923 478094 557616 455127 513371 513850 523486 459194 521151 472596 498373 499251 469833 502118 493871 500033 474460 463057 487019 463072 506619 494677 454712 455524 485241 539441 500157 496191 488149 470642 521604 499996 510463 491644 469122 500001 515352 485554 517100 555988 468003 535743 491156 505611 494277 523420 489287 547366 492338 455365 463950 509235 484243 473600 470733 520083 482167 451200 525853 501583 505587 497638 540405 526825 519902 496243 529733 510158 465734 546776 501547 503156 492935 476134 484915 503097 538943 495415 511651 483918 479033 541458 530711 498096 
514416 470746 529134 526183 501259 491815 472907 503449 505493 545208 514265 550105 532597 535280 496411 535266 486119 497709 521618 509425 572720 523055 503389 565735 543406 531301 497848 559125 484563 512362 491156 530720 501353 546502 504169 452477 496509 525537 469197 514182 540713 502581 522465 514344 547497 535754 530433 497160 536244 489764 492322 556407 527044 514039 491904 517808 477583 508531 507318 523164 529487 535717 542383 538566 490731 536236 529839 530039 551990 535313 532643 548282 493116 524070 536589 512709 555975 497670 501575 501671 566677 519516 532001 537993 534689 501161 571613 466001 526448 531688 483101 526601 509324 434117 567301 559665 514321 509488 534159 527103 499593 512213 506746 489913 545360 495416 508868 514937 524698 524426 501271 503050 530484 526231 518188 494903 509359 509267 562331 491425 527737 540782 524725 501172 512300 514555 511614 533329 529115 526609 525016 522540 472041 484606 517589 495377 525911 493897 474521 496588 505170 577927 512158 524391 535433 495178 559874 519878 537388 504526 511093 484432 510255 523937 543814 573822 495587 521223 535661 522840 488085 540216 496930 578069 533121 498351 503405 529424 527959 516461 497776 530017 511859 431393 552660 537794 519298 523273 529995 530058 501068 497637 543509 548652 534468 549266 514872 494977 528933 516856 479021 539813 533611 533065 560163 497724 544578 527526 550823 521907 
483714 468824 483111 492487 476547 461798 437228 459780 459822 517918 498452 487827 482299 485795 459486 505208 456798 451861 476782 448112 521094 477300 448571 495435 504423 478139 454093 494084 446951 484443 475297 474285 462287 530007 477265 413659 460322 460936 438046 473392 507832 439032 481774 460768 487158 483796 489690 456868 456209 474743 454663 484246 488674 486363 449260 481932 476079 471753 451966 471057 490485 485172 496360 490127 449495 474131 471369 443100 485153 483935 480729 485129 467348 469718 489670 468181 484492 469149 459341 452904 514936 479790 467921 497057 493868 459056 501788 440666 466549 478097 449670 489933 443792 430805 510859 496123 487146 465572 473466 503230 466517 483590 448532 455096 471831 465396 499535 447495 459009 484586 486088 454171 463268 465714 478324 442215 459871 447015 512089 432000 469870 479717 497898 449448 484824 460824 475923 497690 480021 489041 470232 497079 441140 459581 466509 439540 479408 452640 459985 446090 472236 533807 457059 477987 468413 446485 507361 477287 483788 474236 471921 478373 495334 453327 512777 518670 455429 508798 474695 455443 471441 474941 486088 499927 475502 414553 457899 475809 445766 476925 459657 490154 486229 423431 506699 478330 459570 471476 500182 506244 451479 445536 516069 508468 473417 516546 470022 452173 469669 468727 431443 476927 507362 469340 496143 454895 458539 475560 504860 463773 
497662 478126 487446 478942 507509 480296 451061 481305 488227 538577 484985 491234 500866 490116 465310 526118 482172 458016 489691 492127 521717 477862 468779 518050 525635 492327 486271 499585 467738 493214 488282 509791 476645 508897 485457 446550 479140 487791 442107 460551 512341 492664 501219 483902 511369 506219 510620 471753 500282 505100 475668 480906 490633 492966 459562 475309 467326 522152 467082 498528 500689 489456 515421 512056 473897 505776 522461 482767 531324 505870 498117 535220 460405 491167 481599 489461 498388 500200 478879 483643 526642 507347 500541 494137 505619 483086 532087 468742 494778 478761 471597 499962 475162 444968 540475 499932 490984 475221 504833 520600 482879 488028 471276 455047 498186 469170 514602 480977 460965 493185 495790 499144 506993 483267 497146 452176 493540 478706 516569 444285 488416 494370 514057 481162 474238 486899 488664 488129 489612 489073 505427 521557 453492 474993 473481 457772 482027 474247 457684 469046 463285 527703 503745 508051 478712 483491 496826 494389 486872 475131 467288 469716 499932 479463 527391 554786 485127 500288 489496 490624 476504 530158 492897 531684 470855 445302 484308 503951 490356 478093 457876 509050 491356 436649 517444 501003 508836 508468 511638 508574 519573 474401 518584 524794 486142 555957 503947 501843 494862 478182 454798 494978 508441 491916 516601 467394 474404 505299 536987 492165 
541178 501313 508850 514149 514779 511613 465820 490875 482904 564291 524905 510827 523900 528790 516255 532622 509370 457924 500508 525489 531299 536427 456657 543391 528348 532693 481976 548422 506199 513870 470587 530247 509154 551032 512939 453113 475043 535204 493510 501312 554452 487957 545442 488424 525507 521314 505486 467046 510272 498854 486036 526270 499380 519113 491503 518046 489237 511239 476306 521321 542030 511203 515512 518501 499064 529395 517645 518526 538576 526625 521974 551292 504560 525492 502092 519968 536547 527370 508755 491015 542920 536936 525662 522762 520959 510376 542088 474347 517442 505915 477252 517977 525593 427841 536588 531408 517011 494174 534948 534191 509627 528158 480704 502209 506721 486333 503375 511020 518327 536494 507935 488908 527370 502697 516856 475114 490931 506876 568563 487967 512138 511796 514252 503284 519365 500261 511917 501583 513632 503503 536273 505486 461816 482030 500522 491263 515943 503012 483072 475312 485593 555320 512330 527026 508835 487952 540513 509778 501663 520023 496640 476530 520103 517332 539760 572790 514907 548568 530082 506866 521320 518762 520430 540317 527662 462341 487273 526374 509688 498502 489884 536500 498426 456556 541052 531204 518785 518182 548879 531407 510757 513825 539231 564422 530807 539005 507892 483836 514540 504265 480627 523582 541193 508898 523731 515789 509475 536029 561584 521191 
530709 505220 528743 489577 515501 459580 464736 496590 501626 549129 521226 502072 505336 505760 487732 520451 492861 463145 504717 502058 518183 519578 493181 529258 520137 510768 452186 539966 471109 494165 480013 507283 511725 545964 504739 451440 468161 519049 474993 497740 518987 511153 509490 512795 516550 506432 512909 477347 485415 508704 480739 499436 514143 521613 472607 518978 474010 511592 478742 503761 527249 499586 543826 527703 493413 521404 518144 517579 531765 517692 514660 533649 496648 530431 497923 492208 517490 524051 515972 502762 550915 517253 519844 516296 521441 504737 536137 470866 504297 505168 459844 498323 523417 471038 565515 523879 503255 498572 520506 510936 497118 519592 507285 494637 526441 502305 510717 499824 494327 506228 525600 490510 524407 492772 498438 464521 520730 481225 553162 479882 532945 519929 528079 479261 524158 503837 508502 525128 508182 525497 518750 514536 471025 473873 500783 476872 523785 517249 476868 478431 513529 565613 506460 520627 466920 492954 538230 509471 470717 500726 470905 497581 513528 499404 555302 549924 505954 548217 516203 514430 496250 537509 509083 550969 504133 445795 484427 505803 519389 506901 484093 521689 471803 488165 542653 509410 505483 508662 550004 539641 509017 495774 537090 544023 529644 564254 505735 501165 517745 498695 486368 507314 542834 514264 534853 512994 501766 542807 547942 515669 
504306 469089 481259 466664 489335 464473 461226 463444 469565 542125 491831 479338 514564 504842 454597 506425 490424 458325 467410 478782 519066 491801 454931 506901 512315 493802 470619 523617 464147 482339 494811 496151 486837 533012 478301 433824 451901 483460 431660 469977 518904 491028 493088 495606 492581 512025 475060 452508 495078 492496 472738 499426 485399 488547 466775 479968 459039 487281 443658 475735 497205 493345 531870 486200 469590 497817 500121 479823 501150 493452 491162 499657 451577 537859 458666 461448 510842 472633 450988 473298 535467 521615 493284 488318 495895 469591 545129 478755 482277 467202 470992 500233 459679 420196 533610 502153 466804 487994 504070 490746 496311 479893 478126 445575 497723 448250 497820 453113 469472 499922 495971 499749 530124 467906 483238 421529 492394 487889 526568 465334 506761 501116 505835 452595 482267 488067 471149 506324 481561 494622 500177 483545 456889 459686 480198 451015 487035 470763 448133 454194 486120 534741 490274 493741 463992 455782 482363 503235 485269 513208 451982 452614 500197 486826 545024 539503 483288 506164 496848 484051 473423 517671 488589 530896 487216 426058 479516 494399 475853 444638 464744 513338 466574 455030 528397 491671 479519 497815 527868 509870 488100 483555 510917 534425 476536 551321 475556 476244 473121 486152 442462 489072 524322 488642 514103 485376 494527 500051 521543 477020 
533895 486254 513144 510980 525098 509741 459184 502956 486897 529251 533199 527924 543274 511760 503097 545923 497854 464340 535521 495385 530818 530742 489544 536063 513721 524429 485455 534672 496613 506333 499363 528359 487093 553644 526462 441317 487140 508446 461516 509005 541530 509699 536895 502286 536658 519272 516163 469108 510678 494467 476973 515861 511618 518329 488629 533910 486009 523201 467919 504052 515654 509796 524008 527890 488348 525629 518615 498460 522283 528411 531189 544629 496712 524312 519351 519602 539914 514562 505602 486867 571650 529453 511430 538808 504348 514774 545894 486229 493614 521100 488087 535432 508140 432557 544854 523755 507414 474433 548581 523226 508431 514573 504916 488655 492926 496469 492475 503070 499096 531462 503035 503055 523883 508417 501665 478274 496481 524891 549678 489066 538796 522461 512536 480564 515586 499895 491688 505693 506139 515676 514333 495365 464690 458319 489138 463297 503666 499799 481256 469568 487025 553438 523978 514934 514621 493088 535816 532721 510571 523809 493836 485253 515867 503914 549704 554956 529482 518027 531832 506460 499063 520576 508528 567929 513562 464695 489366 540882 522725 507995 502508 544734 500704 453799 539088 515832 515095 499803 556656 530494 523647 501125 547535 557751 498221 553353 497497 481017 498208 491602 468840 524545 551517 507144 534141 529376 506068 526722 563045 535382 
467050 414438 427466 446559 454517 438424 397818 420268 432012 473697 464611 430129 461062 442559 448884 475108 422951 410802 455103 440639 460345 463325 425370 477976 450485 457355 422437 461904 432996 436038 439614 447699 430196 492077 432775 405206 417878 454895 410214 455379 467701 443151 452735 425495 452892 440316 443782 418987 456078 436365 433995 453340 436472 473362 425037 452733 428614 448440 416884 437748 449341 464782 471863 450782 428887 463110 467844 455820 465437 468528 460741 488309 414594 469133 446455 427530 462050 470362 445221 423682 460765 474924 465305 455034 454345 432868 463343 411397 432621 419947 430410 460591 425511 386559 499599 443902 451857 427171 470064 466201 453611 440400 423289 399233 441445 430564 428150 431665 424828 427454 440109 427197 457302 456874 452052 413557 442708 441837 483750 425367 456058 460108 469690 396103 433895 430606 445039 429368 437319 448444 456892 432834 418646 413426 438035 422729 427985 449590 432671 422741 433686 488551 435411 419960 449668 436543 451954 458946 448896 442985 403462 451902 433260 457683 462054 472305 429850 491020 459094 452568 442559 482697 458239 508623 460642 407877 436772 477812 440460 437790 421151 458936 430133 379045 472558 466928 440551 450824 466880 472474 441711 417797 468720 478140 441641 488835 432933 419615 467506 413719 438021 447096 468258 446482 438033 454412 442936 462413 472843 452576 
510003 472656 517404 489574 467322 480270 446788 456773 492040 542769 494891 497149 489555 502624 497293 507592 480626 467596 509566 504699 512016 513448 459864 491614 500218 501506 469741 531783 451026 469997 474499 487100 468583 528171 494803 437571 503158 499782 419322 468378 516755 471884 487101 465392 501014 494748 493021 462962 497098 487315 488684 500087 473119 505186 477114 506419 444701 491944 446803 486045 497472 499535 487177 499615 492850 490462 468435 498471 487204 496381 496589 511151 453362 520113 465942 464007 502979 475349 475818 468564 534856 490108 497913 507389 499750 513089 536399 443875 472382 474729 453717 507454 486463 424777 525813 500777 497599 488907 525254 495753 484557 497773 467463 471543 498203 452108 491736 476851 491822 512306 513022 481264 493527 512193 468274 431842 474036 483676 517391 456389 510644 512365 524224 477391 479308 482572 487217 525890 497839 496025 516936 504152 449369 459153 475796 460142 491037 474247 465997 468568 476682 529664 486586 493681 485919 468548 520345 492632 478437 510886 472274 466182 488180 500312 512658 532755 494587 511569 488340 477223 464428 515637 493694 541098 486074 442367 485886 512401 489024 478121 475405 531728 462596 424328 506276 505567 483665 497015 529667 511375 493725 482001 510113 517035 518298 524438 474563 469780 477893 452789 471956 477740 535971 501113 508629 486972 482087 512774 525360 473793 
465075 435157 449544 477484 458706 433021 418127 444273 426382 479752 467554 448101 479318 485453 430163 470795 429397 402238 466922 448880 493452 457109 430437 480963 475325 472347 417297 502926 432973 446181 455854 457576 458409 490475 440332 411947 425808 474154 430709 447813 482624 430187 449487 425026 457596 481232 459857 433296 472003 416778 438665 501566 479684 446182 418888 470164 418979 452494 431766 446009 459613 478305 453425 450875 449273 461594 452752 442145 455076 455636 458171 458427 424960 436231 457537 444528 490536 454024 425467 422692 496301 489151 472286 452541 444773 433007 465057 434178 453913 454447 426295 469632 452273 375078 473313 453335 431323 442941 496422 455401 469543 466672 454984 439720 454676 452414 443189 453899 434509 444402 457491 435885 467020 457649 450057 402777 423225 448562 508749 419534 455840 483101 475617 424572 468418 422154 444862 479730 428826 441133 457133 454586 414033 413652 428435 425177 458769 448956 413439 419804 439905 489226 450195 482908 444093 425297 469572 456878 435799 460922 457675 436682 460946 439846 480360 504584 443117 490053 477798 443142 462307 459556 463432 491805 451433 410466 433883 479421 471429 445239 456391 456885 449265 397660 502061 456984 443093 466223 472125 479493 438519 457916 487368 484224 450299 491503 441840 428603 467341 446623 416331 459355 480926 447260 483254 437534 442610 475432 479580 460191 
489699 445467 472942 451210 470290 452102 443353 417235 450650 487076 499498 480039 474479 466249 440314 485807 444883 441629 467080 466367 482351 482457 465715 483580 476206 503482 437280 497376 465457 469044 449270 462684 476531 508295 477357 417406 420050 472521 435001 458336 489628 453339 482618 471380 460748 463811 462990 424733 459749 470168 432696 489232 466590 472708 447962 474323 431280 471441 443950 477432 484114 475465 465617 474118 454062 493357 449948 459201 489023 484201 493887 491252 446344 478012 458533 451212 508812 439896 439449 449447 512110 472507 464792 454163 472298 474918 509282 471777 480453 471988 421902 454576 470091 414063 503100 451257 466434 457862 477882 479991 470325 457264 462931 442977 471046 451382 470693 444989 453746 465697 461328 462270 487442 450556 457499 437957 476718 473170 513654 442732 487879 487003 483528 454572 492002 456192 476121 472222 491244 469428 453456 449850 436806 433762 428701 437044 473800 477372 436135 454084 462486 492220 472438 465714 437754 441775 479580 466754 462141 479437 464396 446036 476447 462473 502622 502226 463332 498806 481228 466308 462408 511031 456671 534727 485775 423738 451957 478649 467835 478108 434787 480229 476981 420688 494062 479885 491235 494626 493962 510345 461311 461580 493595 503219 492118 512976 473635 454949 456276 438737 484999 457424 499575 484500 508421 467746 437843 492034 503619 469289 
510178 454413 466243 490821 460299 479356 439779 462419 473922 508191 484397 489045 490320 468152 474110 498965 495841 472348 521585 469273 507030 499677 466381 487019 495521 506921 458822 527198 453684 485805 500308 497256 470544 514217 500345 427469 465905 491798 448380 466856 512924 482056 486924 467766 538362 466780 501428 470007 479188 488040 487114 480546 497586 488177 468112 486484 453702 495599 442198 504151 500251 485402 480558 477485 486929 502749 486357 463123 494354 505552 509422 525468 465499 497499 489481 468350 519085 492889 480002 464272 507084 504758 485044 490140 510753 477422 553100 448388 466220 475732 462644 497281 484665 428414 510809 502240 487799 459494 491891 489283 478207 492329 478768 468898 490297 439983 499590 475721 482195 491536 492557 469549 505781 489328 495031 442534 463659 469913 535973 479968 481755 491797 496426 462235 496365 473694 497871 473590 482350 474960 510920 470893 444282 458542 465102 445410 487654 479850 455121 456752 477293 524311 482109 470694 493285 473202 495958 482368 497204 489011 443214 462285 464195 486045 512198 528824 481732 494646 502484 466328 463483 502906 474498 523666 485824 435856 474083 461636 486391 466103 462752 521561 459623 408056 497945 501753 504885 500932 509729 491122 479918 481430 498453 530082 495560 529048 484258 465933 498040 473066 465209 495857 529393 487657 504898 460244 509604 484385 519385 500309 
509703 468850 511504 483102 475834 460884 467327 473864 466159 523459 512388 497782 499199 501393 463370 510075 465476 468923 475141 474274 498402 498879 445708 511025 503051 516330 441105 520313 468198 481349 465505 509211 483705 532004 486400 441375 475328 481435 444129 476026 514579 485079 473974 482954 498778 499758 490760 449432 490734 489427 472441 492743 450634 504300 458520 493193 450049 478241 458423 485720 491739 485366 486705 511280 465153 485504 498913 494305 508141 483211 491179 504723 460367 491477 481303 457156 514631 487221 480146 482561 528129 471127 487273 484244 501674 488090 511965 455127 472021 478689 456365 486170 488212 460024 520306 481507 508683 463799 503357 506049 469336 476266 490807 463224 476771 444880 475418 480574 469472 491433 490847 468571 502346 505674 481264 459235 461153 473783 549694 452868 509733 484348 494503 459400 498290 489216 472345 477721 505535 476163 484435 487052 439092 453860 478026 454090 501585 491513 455969 467576 493950 520627 479709 491764 478475 457421 517411 516173 507757 475607 456424 467525 487218 474883 507376 543410 489860 497317 503027 488684 460697 496914 500518 546233 478933 425306 467679 490034 471693 476585 455349 530454 465155 420865 497731 505594 484002 487954 504942 506214 494600 487500 494624 498295 500338 522562 488519 466832 464682 448694 478478 505307 487932 494522 501757 479624 501725 489464 501791 499163 
513452 511384 500890 484677 488779 485415 452119 494988 504423 528191 512957 510650 510473 494656 493334 526540 479580 463328 502730 484457 541821 489869 457820 529521 520477 504448 467526 530411 463952 488170 462332 507437 466684 530784 501849 440088 461290 504115 468353 463236 534742 484432 498094 489124 514297 483736 515015 458449 498417 499855 466212 513985 479340 506217 485453 499209 475359 507319 473925 515806 494299 495663 534842 496872 475809 518703 522934 490253 519227 505848 510564 521938 484945 509857 498910 492729 516007 481094 489974 469205 550425 502302 488636 524027 492203 471108 535191 491518 490511 493492 475177 509862 497152 446075 534127 489465 493033 487194 504442 511423 494143 511255 474424 478034 512075 468216 516768 502488 506771 528644 536838 489318 503646 486226 475047 466620 504253 486847 542548 445096 539587 499429 526546 466727 509667 486742 479177 512462 503018 474573 492657 483409 473149 429256 455402 452305 483790 505467 484537 465220 475402 533664 497111 508659 488808 449380 522364 485891 485078 485775 476752 477300 501991 497565 537509 541607 496624 521314 493628 505385 486102 507469 496536 541148 492388 449973 478958 497501 510658 496422 483432 522977 469171 436140 528970 502529 509528 501059 535398 517140 504887 475912 553547 533202 517593 529437 514031 473945 495224 457495 473641 520882 521701 497022 509571 472821 477368 525147 541359 510038 
514066 500501 501602 496090 482957 467938 439312 491952 498130 536027 507368 517445 500085 488094 508758 527964 485804 481538 503015 498901 508318 508622 490506 507727 518346 482516 460667 529049 481558 491014 485586 503127 476716 529021 504393 431122 460343 490375 466743 483530 546080 499611 512526 494254 504949 489509 496785 456884 492793 498747 473403 519689 518678 494845 470208 498042 455015 520712 478263 506703 504124 524734 515257 480309 468100 527374 490217 495961 515980 514179 503478 527310 454185 530370 497405 479945 510345 492445 503662 469006 548395 526790 498352 499001 520080 472990 537442 456268 474414 500598 471385 503710 485366 437473 540289 504178 496818 484030 515348 516091 510112 500551 482896 498991 494409 478229 496748 498432 500190 502893 487990 491432 528312 480103 512991 446741 492754 481665 539981 468667 522059 522777 506052 463180 493091 484290 508566 524498 481404 484148 508711 518682 447772 446747 474203 466469 517908 511105 447013 469369 497796 546112 505153 504098 477179 485781 503348 491160 495836 509511 472995 487281 515859 500309 515260 550919 495962 511753 494029 497377 474002 525268 495721 545744 512186 435841 483626 494031 487899 484669 479394 503536 478949 452918 520641 499859 496571 493192 516969 520743 484093 498166 529554 532100 507720 532177 460612 479428 512934 475221 463906 514720 524384 493305 526676 505824 507077 502351 524713 496267 
491285 469294 493401 453811 474470 448805 462789 473415 449353 500368 486031 476803 494126 457256 467532 499896 473123 483720 479359 481504 493908 478694 468903 512608 504762 500024 450134 513338 425745 484580 445168 487475 479449 512647 464024 406532 475653 495534 448715 457794 508121 480771 492555 470607 491221 462714 486333 440007 474560 475451 456016 471199 476171 486753 436567 496970 471646 475950 467572 493836 495986 466620 496433 488660 469593 506943 476858 494488 483551 473613 493329 507517 454274 477425 442735 460321 514491 470484 473126 486515 509232 502121 484601 477349 504334 453702 509425 453561 466982 484602 450172 476464 468498 437158 522793 494745 474498 468097 473393 493146 485687 471327 459486 456745 468125 449547 460563 476454 471153 481181 486897 461894 489777 489201 486719 438642 461436 472967 520262 454566 487123 490711 474180 461056 495342 467694 478899 471094 476675 477841 479731 497468 423991 467875 463211 427148 492534 457123 458433 438752 486428 503339 470331 490620 465009 447769 514317 476424 460978 477290 454103 460962 465044 470702 508123 520961 475002 497372 485175 493593 451473 491345 470428 530807 480161 433368 470202 474042 480203 456980 452909 494217 462522 424119 495002 487603 461540 477853 493507 511032 463734 468695 488125 520163 497699 510599 495599 443899 497328 467062 467527 493832 503937 469791 521312 445385 492273 480416 510286 458981 
513348 457324 477681 480087 475258 463363 450039 439047 464262 482628 494020 479008 478864 494335 484407 496767 477525 454716 487910 493940 502759 492605 437370 477711 499589 487549 441502 515620 455064 448119 453769 501319 463039 537034 480796 437104 431871 472491 431415 454723 517671 460113 490526 457788 491169 477857 474126 457065 474077 461727 470132 490876 470424 488635 451728 497460 453355 477919 458236 477850 503569 485569 520368 481153 468983 516946 473674 464851 499267 472840 481944 509716 465751 480823 491156 482566 502428 476715 461724 468349 525252 509304 469929 503042 476149 463748 509282 443731 450421 474383 452108 485667 480517 433547 516634 481116 483489 487182 511297 494969 471960 471920 445018 439420 498888 475897 458202 466508 461518 503388 465635 470287 508016 482748 475669 453986 458257 492499 535763 452080 502657 486757 496514 465232 493861 473382 485315 471232 474540 469078 491323 483933 447128 441031 465034 434116 462834 464132 455132 429885 440738 516774 477009 476836 474635 453140 487313 498668 448567 487404 464836 448628 468272 488964 514384 535612 475399 497062 493222 462122 469795 485330 471899 512797 500677 441288 448030 480697 481986 474480 456526 499701 448879 419524 511010 489870 473047 471403 506411 486094 483220 473177 524680 514607 502851 519328 473012 461297 494262 461753 453446 494894 504840 476586 512810 461721 465548 492455 521833 491179 
