1568902552 666872279 -544588408 -329207216 -130255400 1486775048 608667039 697273928 634723651 -1349696091 513405622 -698111804 374957935 1978887465 -2062481801 1869417435 -1046895159 1238516487 889664003 134717194 -260192057 -253354692 -1340228692 1822092525 2048794559 1331782191 -1004883618 601880448 -1953365986 439527425 -1493523433 643235855 -1699591721 425769757 1024616761 -615215728 1616742138 -804076455 1041319181 10795839 2107904145 -920013280 -124348950 -1485726632 -703261737 1122685508 177811555 1283795659 1627931304 -1269694197 -2131814787 350753748 -1524381290 -1722425950 699017960 250304732 694925103 1210795606 1397843633 1171301483 1039294496 1406878508 892143109 -1946606281 -1543116876 -1073118588 1231031681 246034370 -1990652010 -1440732722 -1865262487 -1542976347 843263291 682636808 520016839 -1968702321 2073961977 1704976314 -395487204 -971985334 2013080386 81869601 536730133 -1598659380 -1151710437 -523659188 -322240064 -1589616963 783249370 511000291 -474165026 1307237364 1734286675 154382032 -576136837 -1019993069 -1075552421 -745485977 1919147882 -274488238 
876910141 1173359356 925609265 -709477850 -637534181 1398755910 -1000285369 726012561 593876210 1305573443 2030770855 -1889724853 -778999100 276583609 506107349 -2096485036 1446199343 478931480 780514405 -957632111 -1899326839 1902052873 1443936362 1826302807 1060999933 974364261 -260026792 286907322 55788537 589480567 186261340 715713537 -769626007 -181640601 1191226928 1781715903 553420471 87013382 -1521093785 -2858029 -1043914274 1319232745 400553816 324201733 -1876455671 219736007 -1087752423 -774458317 1369576838 -1615977921 2074352664 514906585 1190982001 -337540985 504575333 -1567209338 -1495796611 -231770020 -95808736 2069460570 -202665454 1031908916 725336679 1296131018 -960648285 -1627945960 -352489747 817820160 -2083189912 1146652429 1439550838 -329689615 -1358905940 -13512771 1823400740 -1241337770 594219030 999284627 282882914 -2139332942 -1972039825 692718881 188330201 -1331405401 -301923354 -934455970 -1567176749 1138431850 -1645324915 -1187381034 1153177767 -557951602 1376848205 1807692167 -311539141 -276852117 -331549626 669494821 313093422 -1089425623 
1932964386 1597614509 128047372 -1533380681 -1427280778 -1792889274 1414000944 1841726762 708042974 1447792661 1720747651 -1909943302 -1236852623 -1579606026 -1575116216 239038445 715702347 500322676 1201471693 -1939601551 -1786605402 1165957772 -670579958 1707112670 1951227718 41223962 -134040828 94982343 552084136 1560864093 117610692 -998830773 -1441245062 -995288376 1645072332 1955588474 1618714651 -1495413736 -1467934466 -1555873531 -665471494 -1777300460 603969234 651608504 -1931407040 1198094574 -575266969 -2022516194 165585044 -1288458516 -1886883218 603226581 841098312 -508207000 38656314 -1124721789 1020608596 1893097363 1580864449 617530758 -154308107 1818249290 -1460274328 1606963157 1137253830 1620089938 1136769529 1621419133 504610787 789298587 234723257 -2054768235 2140122245 -475146812 2073545649 1966653426 -861154085 512955792 443848691 -2102857584 -1834728964 -916285194 -291106194 113701726 -701558114 -1193927063 1626215503 1191940914 1897786039 -888639555 -1258979764 1170416110 1224920966 1086406411 -1770121482 383701685 1439324276 491731815 800009235 -1908777888 
-600954959 920357039 802811922 -294493633 -304432419 2098301679 -1710140923 163602769 414815028 647640972 1861692965 -1281178715 -909120054 -844797748 -1230256664 328166179 -652270263 -61668056 1111417112 -979978286 171846313 1648997695 -1571019281 -1693612113 1887117517 1542052228 608552667 280671905 1263083398 -703677452 945433345 540948167 -792764136 158229566 1551811991 -1055607140 -1936924372 691049382 -1024343401 -158196198 -1105558786 1822773654 924692241 1985272083 -1606842023 -1286547341 -625673342 1498203806 733835242 1823619794 -1452820665 1186186025 -1254385506 1068637461 702226016 2059838165 -1642652286 1252880954 1135233053 -629259288 -471470034 1963852104 13089874 936037735 -606828215 -684040785 1769739678 513242374 457247747 1450792184 1934218299 -1887186128 1686150306 -872585474 -1288159981 -1600706948 -1391191184 456108542 1311166609 -1807809066 -890990826 -654549550 -428272355 -2121195696 -440546299 65569468 730220766 2002024060 -1413170741 -68643680 1581974951 806762918 1067818719 -1045010660 1859124896 -284507859 -1261694486 1103776481 1070815154 -1092740520 
1366218948 82195675 692475717 -214741177 -790962608 -431179700 -1123734471 -1032038786 1684945207 1115814240 1140557257 -926747826 127446513 1094533618 1694969556 -437901821 -551791451 428984219 1246509897 -1438879497 -728858465 -1500387600 -2078215538 1827044227 1185402365 1408914476 1758432254 558041896 -331483175 1178890009 1765772577 1974271399 -301344397 809624018 1266945831 -828535479 661073819 -716169564 1492455034 1826492200 -1172094487 -1157174273 1423537063 809389329 -1077553967 1801109722 -110946405 1206896474 -1521889760 355998046 212940302 1559819159 -1376361753 -1996772890 1863036059 1234395611 -978931089 1354508358 575854626 -1098319455 -799048714 876128591 2043405641 2102388861 -399490777 -1532262613 -583016422 -238878724 -1843970300 -338221087 2119883538 865419762 -834999000 -616746446 -7642821 -1413784573 1263693651 1027167684 861468484 -1129609818 -560506350 448925326 -1090515364 -1884284869 820179077 -1039141215 1598595076 -1462028695 -754734968 610888458 1221609758 -2091440854 2119972163 -720868779 -540966271 -1798097796 1443799594 -980018101 1348842360 -1300198240 
1180513842 -185490128 -1233378878 -496510564 -1432439006 -67440489 -1313605696 955802601 -318826748 1374273237 -10019979 1329513844 78728690 -423423684 -1541880979 -317907887 951637935 839717298 -31704694 -1662720951 -1166081180 953956045 1693016989 1698308209 385091484 2050992760 -1966004884 -832941301 1035464822 1874020747 -1326811333 614710042 1955622962 -69839821 643559372 -1679301038 545080389 -1161063270 45227523 -663398126 1799385122 766160354 1081557061 -68080089 -717164604 -19439366 -446028795 -1737842727 1837352660 -1688972924 792919924 -1164663611 -1873445348 -207501448 275475823 -966113168 -1924395667 -478399217 1046412914 2019856615 -316047262 1188641092 763780152 1452742734 -1872632939 -2117468966 280781798 902639850 897866542 969879680 1339309926 1872703918 789266878 -709075565 -2067778825 1003572284 1947688195 1566694660 261604800 -1800147026 -1377341140 -565158130 66885026 1257151259 -666617813 -1507694987 -442968834 1363478719 1563067499 2112715734 -403131553 425500038 -325344098 -2030535810 1437312543 403880097 2020791764 539385560 496006040 1984282968 
-2036013786 1965778533 974938524 -741470033 -1364588123 -2083354278 -883062497 -62694540 1401762539 1598172637 968366785 -1784811167 749437691 -95902826 -945874931 284844895 -1852450239 1460495632 1564724435 -1894691614 1149222913 -1723240384 -2006643336 -1676930936 1596874002 -1813811967 -1094162748 1236446826 1722829716 -1432115856 1612008864 121119252 -1249516126 15404018 -142194770 -1628652069 571618960 1718334193 1882767812 3933809 1855992614 -1404829212 541149968 -1866421696 333160951 1623593941 1997675916 -92056412 -2113437975 -654948347 1002027311 1153911431 -1244710259 597686742 -538413803 1554829492 -1073713977 -1338430976 2088332021 -1302623000 965546866 1736008563 426611892 2016975834 201574374 -1481200739 570784546 659696985 -1616339919 1775639673 -1472991737 1592318940 1871817079 652409208 122397992 -1750853813 -553292616 1790549297 1116189370 1898350576 -921806848 -2010747947 -273342375 278773090 -518322907 71241448 230589296 -1955352650 -932636922 -484554813 1967070298 1575044097 1664858086 1980301210 1880759548 33745151 -1806391564 -1881952913 455753431 1270402584 
1802237592 -1972516757 2137277535 1064196715 -83313457 -1839126669 -882191876 -2135710488 985223682 -1059861537 1821721157 -215684801 1215475743 1059523270 -1530436134 2113460648 -659805994 -2055817028 -1935609733 961369620 -336378304 -1766090026 -1910897303 1179486726 1228719916 -749456247 -2087891418 289354297 -1846058588 -257844920 -188054592 797945138 1375543100 -847889052 1799049281 -461134550 1804273720 -39813578 1400631416 -439482959 -1528006362 1652813130 -1597451921 -1697703995 579182633 1233598454 956719617 -684341002 -2112006250 549771409 2145442824 732224799 1054686756 1781822473 947445143 1139280887 -1650416549 81232738 929720285 -215698882 2013250996 1289385142 1891634493 -686812883 146638276 -949433697 -1042240925 1675463641 1084745018 -759940217 -1191756199 -454550089 -530145693 634989281 86551107 -1222218703 -1973694056 -2017668572 1206961923 -1261520224 -1256720489 -221446325 396512121 1719258225 -192565360 -858816589 391065542 1526592023 -1087919614 711836326 -1605324115 -922099857 -712301806 1249640723 -422648768 -2123943543 -533095991 -1338161586 -1515305279 -803694838 
-750195283 1722525794 969519568 810235391 -1104555503 1792046320 -236839895 602540749 699307116 -1803785874 -1232346706 -419081765 970074514 1639176678 413013768 741412259 -823832826 -1777200826 -1728854815 -3502023 508087185 -1348981762 -2081708232 -1498883964 -1980588752 -1370028118 -2063315270 408380887 2027142138 -1106348707 -974461571 -2033964679 484900333 47549907 1598939884 -709864013 -1974106340 93823940 -1033312106 -523620247 -1231541417 -371909362 -1258771820 -1958958695 580697660 1698113122 1612458056 856570536 -1162388203 399296170 -1381057435 2050266325 555503438 -1776130332 2077011552 -1866529854 1571956392 1251072004 1204870843 835094208 1197729951 -1659041616 -1666796111 2014680713 -1480466194 377395033 1609234176 984085845 -902795867 -1179008362 713154078 -1990095375 605019863 -83635480 -353497406 -1219688744 1885258886 1397997152 2032487210 -1484235258 269294631 1837588630 -320164275 1591697244 234110091 -445336275 1906539629 1862348243 -1047178659 742637172 -1492128068 -877363049 -1801613040 -1620474393 990651942 377973217 -16469382 617752173 -1372828558 827125592 
876557136 792439757 -2099982902 67402934 2120930317 1134481080 -1912468645 -679840406 -267868555 -114722580 850174633 -2101201360 -592147446 -465755418 -1666030658 -413108983 486964039 -40455295 -818457303 1771384703 -987972132 -584019456 -1024837745 1160694249 1722695709 -200016983 930732562 402867896 1005799818 1689949244 -282074574 -604239254 -1354862962 -512780220 114462543 1840011010 1235765477 -1528645888 -836440310 1892168256 830596014 1495793314 -550788055 -183021480 1962683154 1052250416 -1628665413 -887012999 -442833754 -1974474643 795711193 -977826694 787951152 410798211 -836545612 -1012055221 943299171 1247869227 665200905 -1441077574 -1336087134 1107027331 1321203575 1819647899 1637226818 817397402 1259550820 -709819110 -209608236 1086813455 681369731 -65019018 -355019145 818791528 -1804779268 -1683717895 -804422952 952401691 -559133821 2018904464 1535737344 -1870539183 -1301717721 571266553 -1425367157 375174949 223506677 1845560008 962320273 666130407 -567774098 -2093709482 -2144399907 1092798923 -650986267 -1173949627 1207674079 1685469521 -432070571 1048535364 
-31402320 -941340378 -1789798802 341237391 1590095611 87519968 -999252922 -1715262826 1081953280 -1459530475 -859540599 -512489766 392316201 1009370112 2095902505 -1977815230 -1081058297 -990708053 -2145780361 955562539 -1108712715 461674 -1776133692 -207408920 -677893582 -790634838 403595925 -1152468721 1405119146 -920802590 -748175798 -63205771 627033600 1135754562 -1397940682 2115996781 -2076419830 893679095 -1986227259 1382891673 621470328 -107069654 -1094365869 841231395 744423944 -1990785243 194219596 167461914 -352817238 -1040618219 -1056001553 2077317966 -603118110 -1099400991 1559210743 -1464258994 1620142974 628266052 86874722 1116287170 -1285080753 -1069832614 2129926437 1952295370 827258710 -342063166 2099011494 -216936481 -801978848 1327843198 -1191254803 -1587908168 22695733 778657168 378702259 -414824699 -1912533314 -1591018797 -1379884376 -452832050 244244507 2037034748 1459809262 709842289 775461719 -1234062078 -1755409626 -1558858912 2070262633 1670586042 563072355 -2045155018 -936492842 1087062973 1959825713 1802866808 -933494954 -1631930730 -1106107062 672532593 
662154928 938506360 1327533756 1448044754 -1898759893 1083705844 1399505839 230016176 180709214 -363933522 314788256 1891765095 1261749643 -120591434 -560884067 -81432872 583210602 543415126 480697884 1450913465 774189507 -1603799735 -1244297229 480585832 -199571261 187398593 -159686897 -468124981 -569439629 1105751983 -487373817 -1817254476 -1634660875 -1827613969 702228701 -1772158760 1200329650 919922391 -559517878 1531113571 -619811712 -636916451 386490254 -990338368 -1788753641 642630911 -1330183596 -1156539593 1068032543 -1248069749 -184274062 -1102607430 1187565524 -537155380 -808618651 -1058760385 436048247 -1084673574 628708959 1656711427 -1035204079 225997641 205995277 1345289932 -1976115027 1018212671 -231190916 -444863385 1314600353 1147696790 -367865503 451687449 849537584 1915798543 -579455465 1790707507 461586393 1292593229 -1318369767 -2103849164 1845671286 181638323 3262519 -357388949 -1242513413 -1913872517 -1095717056 485108108 1496140223 -903961779 567228149 1786824984 1369998939 -2001597152 -1780486840 -655195040 974584784 1358800743 1026204320 1787203053 
1230001642 617700977 -1129252056 1893316541 1722659955 1673870014 -1819531835 1302112678 1069479703 827782741 117736080 -1225689275 1661193164 -1104661962 17253383 467532411 -265696815 206256386 156057119 -854130979 2076925191 544059221 -159098034 -140883101 -2008134046 608379432 202297642 -531405652 -331679883 763589120 1600348099 -918600349 -2138328085 -1832134990 989025308 -1116424827 1007861523 -1767252602 309378403 -1759088249 -335978026 247695589 -193362721 286189967 1975976449 860193152 -2133392519 -13447099 1624925349 239412003 1055809260 1468493883 1776917088 -965758890 -521282971 -413788783 -1307986731 -324210981 1815884081 91935619 -109306687 1194107715 859006423 662774705 1987353392 132980010 -481380948 -503826210 -140153870 959472834 776981813 538148989 2130160981 -1142010919 -1279164403 -1462107682 -2008610160 797115955 974495437 1374743448 -1241565831 -380824565 314239965 1488876914 -589305693 -98392744 -1404451632 297494668 1885543651 642171652 -331762411 -224505223 65760604 2049463335 -1954078949 -1000392630 -1756767165 -1789134815 719075976 -1179420915 
-1409570295 -1612324152 1484980429 -1961656104 763356967 -1173520732 1180205383 -1514657838 -1908639366 -596274627 -127759714 411048618 1508334058 2072001023 -1088158650 1992673499 2025074702 -1584174266 -1480001450 116958359 855299104 -510497825 698603382 45897284 -228153470 -1302305373 -1649037087 501667626 185799488 339718332 -493986490 2102725008 722228375 1337650967 -601931179 970441940 -139005564 832408732 -2012865859 -276411370 -1915710397 1918509265 535789004 -230127008 546552686 -1731091783 1819646514 273650046 -804743823 -1013776995 -30791135 -1397313256 -914005107 -1002560983 -728538197 189357914 -1239304539 -1359281243 -1457482378 269968390 -1266122764 1920186112 -1592735905 -449396596 -716910767 972213031 -767454406 -1237991192 -1260487921 -1428506709 722080869 2146430548 -297563187 388369657 1601450119 -291076555 -1549002699 -2127025427 -2085302475 596839568 -367211074 1920237891 1178685712 -663510084 1385928985 456994828 -1936787800 -55775206 -692844176 -1902170578 1336361866 -1323580932 -1174424847 495102188 446192981 79293026 226012742 507794713 176011994 1716418529 
-1009004618 -1834982630 -1070674807 -1843965041 -793271285 671492826 -1771579239 -1975806 -1164411223 964791957 730698027 1390994311 60878299 -555467770 90070541 -868233498 864191175 878761774 -185662386 -1499833285 1280386641 1152364219 -1954775670 176140982 -59035822 -653586023 1020098605 -1401992044 -202691218 1474428184 1516510623 931733955 1602519751 264575613 542384118 -1687829972 -479994408 -1784697161 -156196206 -2036437040 1392352340 1069328348 1387712897 466556481 -189697451 254836787 1927912990 -761078062 1017273455 2045496622 77409890 -761793196 952301415 1514355230 252856384 1978867862 1976060604 -1819254703 555383548 1923709472 -365491266 307050371 106270226 452654041 473735447 1695920466 -977678395 -1267201397 -2026887704 1336169266 463362517 263605485 909585468 -1461092477 883075891 671414095 679860858 -120012927 -865581681 -1027948757 1894248448 1745284331 1538562612 -77676245 1101769968 515127574 -622977317 664936574 730819607 -1566514739 -191995200 -1262549794 -686994096 -1966989365 1593218879 -999939431 -1244059133 205130875 811979677 -1702426314 
330476652 -1829734249 1084547287 -193441075 291492381 -392811004 71628363 -1598568991 1657885825 1077959778 2126127200 -347894947 1275201837 419594805 751392124 1914197694 -1720160380 1766047483 906375299 1095050856 41952039 -336848246 1474825311 2006529318 2104153952 -1560354462 322007305 634816868 1172563153 -2095040622 -1681468002 1091976367 -632360490 -2015422728 1806826744 -1366903225 1867820089 -656835897 1173328630 -1739588 -1852211945 -1098925355 1774258274 656882037 90008278 -1287302795 -304921704 1149690240 1615374187 -1428019851 -787355006 -672672118 -2134302307 1679729231 -412539914 594778294 -970300661 1771822522 2103602763 -373967963 1161059667 1875801521 1703159738 -2003464469 1672508229 347810752 -1008075146 425536173 1144353902 -1746225464 -836083869 -1828472743 -565814928 673164743 391020399 -1045055270 626232021 1394363224 -1261850386 -952533828 -331440641 1105843846 -608307762 1880875235 -1729430231 680390586 497889557 -1996497904 1988149618 256022713 1359398019 -1188962159 1576396006 2029320043 -405037865 225469543 -1176794096 -719211486 -1952137701 -460337558 
748012322 825643386 741485281 -1525999990 937894531 -932045630 1728411591 -4015367 -1744438786 380911486 -823756695 1146815383 1634214990 2122665078 291530783 -2086340125 1329293900 -1398080696 -1321756429 1336241764 737437606 1229753218 218729474 857142649 876159897 -833648032 -1499276322 2003691814 -1672033279 118829634 1085772264 1840541869 -240902501 -1830471171 509307863 -1300645546 1005717389 1225721166 -2052599549 1475374114 960373832 299441055 -604073283 -1007783128 1714682574 258669682 2113930115 -1252036580 -256560549 449655012 619803865 412097252 267536432 -959473221 -1587009917 -1154625743 1355571060 -212391763 -1019100004 999990522 -1634659108 -436718184 -963474537 981680633 396265635 407255787 -1078104257 -1076864157 172657200 225277206 -692940294 -2091173729 274474955 1959141390 846215759 759570327 -224692942 -636350850 -793142949 -352967933 1012344821 -1618256013 -1794443238 -907239545 1274005398 -838937179 -2099082817 731667389 444871150 -1004189230 -483799153 187741215 1679908070 398400010 1393356324 2088699719 1439842429 -147310194 -268027369 1483936232 
257329150 -522612726 2109841114 1597225718 175991149 -230777348 -1865185768 1775389617 1739101386 -172589210 230585947 -86906856 1462672293 -1648121873 1476291942 -2142428598 -806243930 -1990281244 -649457753 1069636169 941241951 308676366 141413516 1511812220 -15410053 -836608527 -1076841063 -248794811 -1928255682 -716842715 965632275 -1002252025 177498250 1557438374 -2082791723 -320774757 -1368291117 -1918530763 1129357695 104762156 -870793208 -1493943910 -810872528 -1260951589 937750984 327846678 505490722 1659532191 -385281834 161090897 -390408429 -1223086969 1142607449 -2071495818 356982349 -2087236446 805735401 -1365888935 -921842931 1852208128 -889312217 -744765827 -515179452 -1724955907 1044398807 1408154593 116630367 1135821362 -368274264 -579958965 -1064728789 -1908628162 1225570639 1052570742 -407844576 141966697 -157164410 -15500467 -1823259502 -95513077 890504795 -1840568468 1696563092 1412255288 1165522066 227559540 1392185834 -681468468 1597827998 1915634962 1531208626 -1563740919 33522640 -383560947 513902758 -1155202505 804552477 -1303746214 -2139963454 1967445159 
-381937114 1878280391 -1139129145 -1964451634 -2070007408 -482060099 456271426 -189629151 -1319623166 -734405170 -1281692353 -927045912 1876918497 233420096 -895196473 -939914442 476657745 825414323 63495703 1698351083 -1649761179 -2118548290 346647042 188224976 731115721 -292740396 226943076 -432718653 286164927 742773331 1733017455 -582640377 -1659604219 1912458943 -642739318 618767184 -530499315 -1378869796 -623021964 1707939939 1097677925 267384349 -296562386 592749842 -2117469253 788221930 -377247251 1848671706 -804177539 1764625534 -1208501778 -635057249 -1053258313 943539359 -241472118 1961566476 1587812800 -366417530 -95035739 279698829 1191164750 45279550 370499152 879033173 793555496 853333467 -616087760 575435816 1218825264 -735479284 839383484 133844253 898875617 1226428362 -505469028 1739812069 -2133813222 -329021039 -56065629 296567883 -1366357805 -1322259856 -1918060812 -1838854418 901607977 -2139859912 -1510873194 -1677534514 1060957718 1833374516 721230833 293452715 227419683 1844241316 1504569281 -1567812396 517229927 1953219855 -1371339485 -1461978220 
-1264543248 914650854 -1129236134 -1650619878 1826744549 -1814410971 15952026 783887083 1338999914 268379297 -1360702860 1151988806 1247017856 -1577869378 -1462354292 -1133348051 437663030 -99710253 2471682 878338889 1871648662 1914793566 -165007777 1731915211 -889293881 640437077 362501363 -755965114 -1440866706 633834018 1087875179 -717346186 -1889866521 -1693126695 -84103780 1024880147 484952013 837237785 -501565088 -1883244293 652429350 -207394518 948815252 1756386557 1679032272 -980506385 1093579947 640310254 -694741324 -938143497 -396045012 2053140639 1339981718 1062254719 -1610195419 -2108944940 786616179 -1123617446 -187744885 -62882537 2039344131 -250869138 -616882411 937745499 608804529 478495517 -468942078 -821153220 1516259836 453447257 -1060449421 -46441879 -1258259780 -2074439404 1912239852 -153084246 521929217 -184768335 317157679 1648251793 -2048332853 -432368760 -2088893740 -182722343 856460737 -1207235987 -1387710825 1206918029 1564157656 -677897431 -1748766030 -92750978 1532679335 -1632329527 -1021154793 -1054998316 -561310430 1632085946 1853223114 1107051836 
-320748082 -417892235 -826348327 2009224887 1814409902 -33825545 -2004147435 -647486065 -1790828980 693877004 281956112 767943845 -2124957684 -1079031413 -949888019 -702324061 -291866637 -1554818964 491395890 -2138373519 1204694574 1180241319 -23027483 -539978374 -665017708 749485002 -1080072538 -703673254 -1335617648 -334290139 -820813697 -808398930 1728432902 47836412 -1927254359 717786637 559654175 446714762 -688775503 -1719052399 1006720131 394262696 346663254 527203185 -2059054677 388173395 1023219132 1961496331 -105074613 1366606302 136098890 -520605891 1397056139 -1525454929 -1698348000 1911873853 1243084781 -1106946334 -1226480597 653588918 -1132017280 518553508 -65954536 271160070 -1961407976 970655074 1644019842 1611707437 492461110 1453291834 123673438 -91671384 282775970 -1783577291 1483004491 871873840 -102095503 -153493037 -313264638 -1402033172 1489840408 -1053795804 -1785273673 509796979 1791045882 -1315304823 1443202865 -377040671 771193255 -108899142 -1161080391 -40372506 -321389536 744700582 1186954644 -1379531432 567182319 1194252746 -1279518201 1941476736 
1986855679 1181539454 -1515715323 477845625 280235784 -1556515188 -1689653971 1125276350 1235652876 -1582400093 1034794460 2137025530 -1522232647 1274755880 553610954 213912960 -1361368940 336499686 94484315 -455139307 92160168 -753296663 -309640998 -1831177426 1946199699 1341794688 1207641471 298199366 1746628953 448185159 1503535908 165723587 -227311983 -1152737791 1856091593 -1849201638 -600606177 -14991456 623443318 -1523424822 545322768 697835362 2040922204 -1821747943 -1766410811 1383176282 301564797 1103561722 -2066175065 -1080114793 -2091613286 463957037 -1849693434 -919765344 722691952 -237283333 1445739574 977658637 1520162455 68785324 -637835397 1421824603 1243059973 227924224 -1879036773 -675979079 1552307833 214686915 773774456 615582927 -661606442 -2060380846 -1403574473 -756562338 174421589 51157539 -1327419014 -1915980413 -1851626342 769886824 -1551211681 1304309632 483995637 1590857511 552336511 -615001071 201852247 1003300744 -1029459811 296637677 262589015 -557589900 -1365987730 -1797908331 -1959989427 1351311158 -687084918 -599056988 1241854046 -1587032239 
-1318684012 -1154717849 -1716509277 1459957901 -919497053 394993190 -2089401592 -545503625 1670409122 -85600473 -880185495 -58149105 -1469431379 1005639848 -1359566864 -439640014 -152428169 -710092029 -1147650474 1199928680 560859754 399877733 -50234844 1432120271 -397879273 -799328895 -1206843454 -588248176 -1220925655 -694365722 -274052349 -1307525907 1431973078 2016242244 -657865096 771654804 -542119476 -1597496251 -1018371459 -1390921625 515472785 -447054918 -156439456 -848748896 -297389461 -1219625592 1127090398 1588109100 -962326734 -107103538 1154707271 -1975471304 244481203 776516503 234639258 -1061748681 300973867 -474894115 -340840880 -2093625267 -2110207032 2010738304 1434845469 -913192922 404382026 1123029793 -169462176 1905279397 20843439 1025178247 -1054501700 -943216482 398694713 -1987264209 180744444 917478358 -1014657999 -226073382 -972382773 641127043 -136360905 2136371510 701257799 -1765829019 662974151 -1586218469 -1581113982 -566110764 356760690 -706148544 -1154097717 -1208355583 -888479570 -419447758 1190952992 -362666123 1356116770 -647752264 -820595809 -2849585 
2013599791 -1014746492 1496875649 1122806304 1040880759 501913749 1868356689 1424225799 1832856635 -573274624 1263559914 337704701 -2134952589 843571524 -505430179 -1436532721 868556670 -830345762 2136854152 -1188639388 -144280548 884905152 -841660213 -923599008 1935397454 -1724231444 -43001719 1543663514 788293113 2052557811 -1618597266 2075145850 836647329 -2109696193 -1473148720 1103516420 1790358526 32235828 -1790471702 40946580 922015438 202622658 323168511 -1352794885 -400198778 -399918930 -1040887110 1545774646 138059724 -177720107 -1404012328 2050249210 -1430007145 -1511468955 -1332823581 2054823228 287736607 -1127616283 -920047407 190455440 -645052168 -1548213584 -1758224830 -1552083020 1163478536 354761548 -1706454130 1267567056 -174547656 -329850823 -238553425 -1257868117 -618850123 785156405 325508886 973372736 2139406333 -223763867 -1562424092 1593920303 -647454883 1883046681 1478169663 54817674 767755970 1739794943 1986488095 -423592748 -1262780194 -1704236132 -1318529004 -1508424661 1137445981 608282831 -886449692 868715695 1843922133 -1004163730 29460841 685178977 
688154126 52506537 -314613487 -780398561 1425330781 916998507 -1448219771 980838961 -1985272424 -370748326 -202161265 380971624 -344563613 -1240182608 -1131771514 -1218484535 303080776 -691606715 606389672 -1717487061 -891387243 -179148727 718577094 -227325946 1374579149 1458126490 677554731 -1135497344 -905142917 1259395789 910931427 -626356023 541881229 -477405664 -1187866266 -2062041468 -365839030 2103676771 -477833872 -1076288837 1937568046 1037250362 -1141745426 736041806 -614432444 52213311 976462083 -559244217 -1064062592 905027577 484483042 -893687697 2088909733 1036476039 -539822607 -1714287666 2023405654 -871044207 -686730994 -2014457366 -1250735315 -850416902 -1019042582 1385314029 -768990131 -2069332177 -404809436 -1895438246 883579041 1410687633 678051401 501312377 2106618699 -1072700974 -1499210689 1082019122 596086529 99126365 77393710 1486919872 2027954078 -947821632 -1704515543 -693539926 -342370866 -1790126048 -1344625246 673839901 930994424 -654579489 909779738 275068456 -1160712298 1997414190 2121931170 -1821201534 897887603 1526782683 309842457 1877756784 
-853766397 -1805167094 442603415 1782215504 473897691 -1046825405 260331431 -1321183694 -1124594263 66714756 -1995084969 743930868 1286745726 1584808282 2021530636 -666239888 -277619506 -436626993 -871262694 -1867790855 -1872184083 985118613 -796566424 -51287117 -1807010614 -1704362034 -1088607250 45984992 -331964784 -336470910 -395029728 2056321155 869817868 1984695901 1845341892 424127578 257428304 -1910120975 -1847007255 934289077 -282822266 -1924256997 -1813738041 -2078750183 1377852477 -1809912635 1536753858 -2045321756 -147968263 -1987476832 -426849961 -1687701936 -659779281 -1637254884 2004065088 1629674795 235817003 1949278163 -417180273 133369480 -2034737315 374694282 -1431298171 681628362 587385492 673266913 -1985065430 -1209999110 -61968993 368063505 -299709218 -65820149 -267647445 2117662526 35641777 -595897821 1907731963 779815642 -75152130 381246635 1651280199 2007200532 743037174 -1843454453 -1926872614 1216158671 -1462300723 76733173 -35113717 1824408109 -882738704 206824759 2107599494 -281640704 -1165528468 -1364972209 211296547 307658309 -1697903305 706481318 
-921517158 -1698716651 579495090 454960862 -1743294299 1920251170 -418607784 1679503855 1144419081 -1829224513 -2001351222 -1396477833 -334211271 854555366 1952038868 460665741 1673636781 1497553509 936015358 -294931476 -912063374 -1921833669 -1403847677 -1276947141 -1686595690 1748028934 1560937030 2139937767 761030458 1344502532 1536411507 2065062050 -1749810620 -1093231800 856146022 -2012923674 923122275 1605486648 -492589150 83863591 -1367073156 313961206 657971466 1126724108 -63526833 -1984142646 95675059 1001125359 1562256782 -1051779952 -729325599 1967145881 -857592435 1207174254 962659943 -1944904134 2093889030 890749332 1176910595 -1157400677 -2033931381 -1472657253 1296519970 1127852148 -293397229 -1834691083 1618036971 -811431511 -1997207491 -615544985 2141657368 1987145745 -807166938 42257893 1043562103 107222398 -1161442240 -534604558 1666366444 1858306511 -1561368974 149261453 240224033 -1646610833 554249125 -773591518 -415424339 -1436398454 -2034451895 913227070 1386491075 1252476072 -1483378110 -580348599 -1526789348 536709747 -76479399 2130346367 1580339968 -440031562 
-1883147194 -381135337 1522060447 -2074001477 -204477212 -1034062398 1175264285 -700383009 -1765542572 254135757 -729038862 876678692 -471695345 1268102361 -636055928 1613679420 -815597136 -2007688392 -1909198985 805607086 1942242084 -775127559 -1580663665 -772397430 -438527238 -1283051767 -1823164701 -1743202310 1268747926 -888655245 -1516209190 1591552847 1703578635 1066410500 -916954321 -274443249 -1758599876 1280289578 1215695311 1430273729 -566341365 -1835882241 -1302304543 -579337327 759608905 -135457799 894064355 1601603215 -909533628 -199370491 -695984606 -1475076457 -704169904 -1989068141 -1697380337 1338677368 -1024558995 738094139 423383598 -209898717 1499224594 -738800507 -1522282831 -883626314 108495150 -3415155 1917876659 -1895896239 -440788468 -1242538414 -1632586724 -707249448 153135613 -1468049278 241279172 638901785 168171435 -266457270 36482464 -1799384038 47409715 1934608010 1316141452 -434610628 1477037486 -526559209 916243927 -682350518 -927933389 -1779014555 692854822 -1059417509 -1715477292 -354501865 -672864867 -1854604188 909488142 -291129555 -105174392 1257608338 
1357413069 985486622 -198490327 -1605690179 1871804848 -1644771218 -2027297225 -1121834310 -151195742 -178042572 1051398856 2119644322 1212579483 -371487627 -1146581321 542239607 1146410583 892491337 805469033 917928860 -1363966830 1811856887 873901800 685094912 -97169868 1516523712 1820510356 34416528 -190950192 1442697944 936023726 -726119799 -923698894 -420960628 490300089 -1773844656 -289532398 1854437010 -426202984 -484466287 -1874784951 1707901755 -933890011 -1681721013 1661588772 -996891455 -1174003409 -1170244093 -357185706 445788290 1130800623 204931668 1409799924 1400996397 -1540467349 795414451 -1709590776 -714077808 -873399723 1034858166 -240479427 790646016 729412332 -54316642 -903183851 1104810153 256676498 -303992199 37618771 2028623949 744351084 -1190714995 1212355929 -1983484511 387348620 -188914106 -1835117973 641739783 393939788 222564602 397994191 -834966148 -165780716 -694035292 -1319501225 -1417420594 1881434883 1071302211 992008601 -1076029817 -2047954426 -650189696 1159031687 1808448290 619323386 959685974 -445877140 1958129914 -864331877 -925749420 
-1488719524 -402319145 -1907042624 1076502258 -227802399 1698638691 693669160 -190690227 303014844 -374056108 -895265852 1343580920 -1625282018 -91304608 -1516850238 -874473498 -764450181 76841839 2087471880 568785564 851046955 693165000 -190660587 911194963 -267283840 -260359648 -1338413641 833839549 1976332780 321588116 -307572705 -903536994 622338244 1386137641 -936864441 429922019 -673539553 1497843148 -1562927281 1683262699 681617045 -1861428754 -617705035 208729228 852393249 -2065697615 1609153751 -1860900590 -1813201878 357683420 734824394 1901093603 943609183 -753202448 -961648404 -1799501464 -1846109049 -1589381916 -641458691 767357741 2079982282 995270011 -1582059702 -518888712 -1412537601 -243689107 219243355 -801293323 -1018093047 942179552 1080639389 163012235 1190719626 -2047707801 1299819536 83474215 -1516401630 570433181 -1021993503 771217340 1669088705 1250142550 884070035 -840328202 1415619391 762331454 1369632477 438729057 -69393238 2052310900 -1995966722 501403664 -830769697 360681184 1223317539 -880385996 1153016463 754559075 -1070417019 -2133651881 
-1843605118 2147425444 1009160419 -885364571 -1245159238 1817181253 -1183621554 1069199094 1744853334 2130011270 -2113983327 -515176262 -513432192 1422992823 1368201168 1992958448 2052792001 799637526 1975591911 1922226160 672544231 -1391396400 -1339551491 1852474014 -1085332657 -1506905848 687382336 876957330 -731129955 1690640048 1947887366 250387620 -1703474541 -20677983 1793097855 -1181363762 -1524030829 930801245 -2112277218 -3141025 1509395882 1254492084 1856914014 -1680803493 -706145224 308342942 -1222985915 533568435 1725766658 -1570283004 -1789157083 -548419058 -314046047 523075436 139768510 1111459939 -1172246864 -1855441239 -1860559955 -230509848 1173651257 -2018705188 -1851675987 1850404040 634887780 -361821005 -1835319001 151679111 903111209 -751400923 -2066065286 -655876946 -1751554205 960428276 -749359032 -1964760317 -1641419112 -693255079 1593809310 -384815088 -1027236587 -395883260 1114981088 1025496043 1093798093 -1684844263 -433903082 1891775090 2014561933 285076147 179107580 -1592310569 1569486755 -1115254137 -818708500 2094498836 -1104806606 -1510040583 1746602197 -1681908586 
444224834 -70995921 -881946707 -971879570 1096078692 753850679 -7761737 703701319 -117569944 1741314643 295125040 -1620469588 388276172 1398154571 -494380233 380759210 -501609618 -163832822 -209037792 -2136069645 -1925015374 -2031140498 -1826227372 1100007076 -640337409 1859703497 202722250 1166412571 -470695316 550474017 355448398 -777219539 219259566 -1090293463 -92014402 -1159314661 1185254279 -1191720696 137193931 1898142648 1651731588 469000384 815284668 -2086085404 1216127184 274196972 -2099831901 -591392139 969846640 1374251640 1852631687 -169855193 1568007710 1205577484 -585187154 -617555893 1637073735 -396023591 333741673 1594669752 711670770 1394456023 480223596 1771872045 -380067444 902500126 -132277561 -369502685 -531923916 1867407233 922306484 1539539936 1277931854 71817086 -2144749852 -1472581280 -1453578203 1943127830 171285888 -1831293803 834876133 44860817 -625547352 943282869 -614819028 -988469689 -931345714 -1966220597 1817093314 -213131589 -700676505 833611183 1358183163 1030343537 -2086555285 -822067579 1783741392 -1929715862 343141416 421035640 
-954511399 -1731845517 997743049 -464577436 1993237552 -682958991 1098972271 -2119698622 -1199050806 1465569503 -723339553 -74614919 1601585358 1305278544 -1923160761 725803116 1616556635 -1124278491 -1098628898 1239776103 -894977708 -429830729 -756222912 -1893804311 -554882026 448971011 -118420600 -1418067669 -610988654 -485640266 -1110919120 1788687608 -1179370418 1854232989 -2004614895 -609872141 -1730861474 -1823895191 2120689006 -1764454433 802525653 -652844917 -1119895142 478939791 845931431 -1411410023 966903736 468550149 -953940361 547718139 -956762642 157323433 -732662127 -1138950264 -2060743241 -1394384344 1094823391 -2138442903 -447608723 1638826462 -2128367648 -469032351 -1647010141 1790385317 1368089106 -127801129 -1742968245 -1809951204 349250736 1047839455 -1700827015 137860711 1971311014 534480623 2135738356 -726229014 -1794977166 384380877 -1324707838 -4540020 1433899270 -1596067426 1460493278 -1792466205 1229397334 1123495586 -1544440530 -1090160868 -62987192 -1873934945 -1345861768 -601149855 -757265730 904664472 -958729649 -1154862097 -208478800 -1700235419 -705708712 1214391596 
-78304415 -1700318886 -484377776 1312996083 668056654 -143918549 697153151 247667023 -1258022534 1027696942 -707962778 1203929395 1529203277 1181930613 -979721158 43891239 1669890940 753075481 435823886 458000431 1413333680 887767351 870798363 494840811 -1948858407 693335966 -371933473 2054857124 -1168276834 2130224812 116031972 1862280081 142598922 -1934784414 -1699277256 -878287354 1623642332 1850024751 -1140942947 -2103646185 957721549 1451308467 -124659549 1934215913 515880005 -1045710375 -1829267695 -2046180100 -1234914249 415104077 216613491 -1760797312 1508063173 -850697038 -1963587096 2035062325 469769023 565834197 -990485493 -1231469196 -874045880 950374385 -1933686649 1854253173 -846435447 154283720 666782333 -299540831 898488969 1759310204 109120059 609797666 681423892 1760149743 540841176 -72898277 -301807800 -1436157089 -679552664 -1712921968 -884167671 -824914310 1591647762 -680386913 1533573362 -1053623752 -525399465 -231977883 1418433258 -653191837 -1084159500 915537733 -1691506580 2066406323 796058145 -1769045135 790682288 -60364505 -1817817900 1187385309 
-928463839 -1664194372 -2093976700 -2110418557 1891987119 -80446044 911119976 -1429123424 -1962743461 -1686789019 -733505709 -792812772 -991193696 -1786588294 1864401455 1943586041 -2039870872 603022308 -2001962196 -1462138163 2097804757 493380734 -1400770300 1525367789 -35130739 -749375785 1685075356 -1587426161 -646314191 174020084 -1323891336 -427786211 -697398631 902729158 -1223417270 326679881 -2050731875 -801070463 -1165219797 1152617156 -144891925 513272386 -1163648341 -1672750907 2050038978 -944423180 894909260 1767461890 -1429764560 241700343 -227459470 -1962357297 150229397 -634898342 1817865772 1268634375 -1638820789 -238434527 1189009459 -225866773 -2058744966 -1401675752 -1750783910 -145974605 -241031676 -264254241 -990468674 -755046714 -117228846 -583688481 611797400 1398948459 -105912313 838975789 1882579171 1279733521 2125071718 -560916281 -2091813626 1251583327 -254108557 1027324157 923354201 -756511323 1088061921 -81562378 -1304773508 -503280483 811665720 -1928172186 2092954086 -197679082 -1399248975 684561228 889386036 -2116958470 694142564 -1037024040 2041103562 -1233056273 
-225163064 188443579 -1121518553 -1543730465 -1560586889 -1226064245 2145147120 -662278823 236073657 410489068 1001692909 -2132943243 1802396913 399663532 214483292 -681077137 688476612 485314710 -1219912140 647858169 1450040551 1637964116 44701220 259741244 -308893798 815586797 -688057104 55487965 -2121190313 -675821956 191495242 -916662191 -1680821412 1473045623 25016995 958409484 -794753592 -1446210502 79188030 -2008858649 872375743 -1547819490 1980271261 1868774832 1077867720 1371934221 923522597 1068302727 323538092 1385863661 1432826094 -433658449 1556500198 -1658979009 -1260887435 -2088125439 1629744568 -1875486626 -1466234420 1346420315 -1293912524 -1165134089 1119228535 -126276204 -1085121416 1376446694 549153294 -2096929268 601533130 -504162870 1025056392 1379079392 -1375135819 1627159309 -1723784451 2014907292 -123571406 -877635631 -498772769 1262007520 1394253279 -1019980445 1334241792 1737773773 -813578716 -1986453681 -1688815297 899774518 -1690018694 -2063111466 -198192541 -1578174471 -412118765 1638664904 496995264 -782202650 1718523424 -2102267154 -909276846 1827914008 
606389249 699876931 -1221034938 -515696762 -1968766940 -1777349630 -2034830052 224420847 184489067 574061902 1204745938 -1482068111 -516811083 -1313519112 -1153165273 1375867843 1033417821 1296907956 -1599411567 -2026928657 -1225232856 -1013953804 815865086 697122676 873320967 664848227 742417820 -87011954 -261211254 -1476284083 -383203537 1492438479 2111002313 -1212327620 1496221563 -1679632026 1458053815 -746964903 564097515 -1219274943 894792824 743659683 956324339 719969716 -713034270 769168974 -424603673 -1195080221 1875135258 2024464048 1153518413 1028671832 -1431368489 -591938642 -952078061 1981660696 -1237385175 -1128340610 -1642298284 516100149 194405360 1435862121 619080698 681822511 1029676833 -1159494288 1478541851 1451768219 1680774928 -289054810 -563058145 489361511 277842372 -389901691 -1639555467 -1938239203 424543097 1970965887 -44225245 1261033030 -1107808275 831735965 -1629569924 1986396323 -741799931 -505023710 182214119 -91514257 -1735443856 260113814 639803803 686834876 210676303 -1994583307 -1994763394 7951712 -1023540731 -1456987301 1570770290 482739994 
-1024070163 -1948795165 1654657659 -292517406 -763976257 -359425595 569251188 -1761516153 -620072326 -139626049 -195479801 1595377331 1121287276 -1920720346 1732865195 1833946988 -293826181 1035369594 -1014328793 1030597738 978627280 -759951727 241504020 1070550821 -116100006 -1567579556 1522284797 -1404592779 -1398056289 -83713604 2110339673 -886072927 739294986 -1566333716 544413626 1427671328 -201531388 -2042558025 2145387305 -2115414344 624234873 -452428832 1703716859 1638738088 134052624 -406909066 1147534334 -1116838219 -823312378 1255119224 179926389 -211039975 -421172053 -939836561 -2084195758 1593098222 -498043378 -1076229814 -484736301 559585347 -1155254655 -1354019049 -46735070 -1441095118 1453978219 -662905523 -625825976 953184894 -430021951 -45091990 -1237420063 633296180 -1023902921 1320062110 -462596436 -102527923 -178839722 -1747657636 1726025217 1479350938 1010883085 1800883405 -2080806069 -202061263 -2069328154 -1506642970 1779292847 -1046734290 63177697 1754654827 -1816675389 -1869492722 -1400319296 -740903662 71425590 -2017858898 -89966343 -1896202220 -2014614631 918887812 
-1386435857 1203788941 601565057 -345667031 -1986084624 -1595811192 590897565 623778650 -1738971214 -765203370 1703528955 898130064 447147904 -891901726 856136325 952755986 1608677382 -2016631498 1879124632 -694625073 -513630551 1765945658 -1923874969 -1173773244 -1526649575 1971521546 1560675879 809417663 910436997 823752464 2008146061 168671029 -1653690152 -1107833153 -1299316861 -573327903 -1427965793 1838156744 -500038132 -1589417740 -841400765 -1460386246 -1940849104 -411205609 -1248032670 -1634744393 1015428147 -2065728148 -1900704828 -1466546453 -433240527 345821908 -100924781 1850607646 271739960 1293750594 1971218540 -1944731316 -1684788805 -196174752 1014175797 -1656903363 -1538355695 -1409615757 -91411880 2001876046 -1701119538 1934466949 1529219572 -791559141 2125969943 -1247046579 -678143599 -516823392 -1701298032 -748474155 -830262774 -1290708419 1270700001 548695942 759070435 243171711 -1442746603 1205137494 27387454 -959661804 368886307 1354127467 -959218688 992222888 878618135 -2142552423 1746448742 -794731319 -1342215997 356007173 -409623855 1546096197 2044161042 234567066 
-1677741790 1610858943 901494875 -1232490934 -1035512635 -792658370 171667110 1792900610 -985077111 -1672707857 1950893475 -956984656 -821490105 -557284478 387061013 -381013903 -1601924650 328908365 342627879 -1643464115 -266522208 -1966359245 1598290103 -2112462762 -1978851528 662947631 -1195989709 185971214 1772769190 -1948301593 -2132153587 -453669169 1264059928 -1315182015 290210944 -1063032321 730072291 -1001516982 65754906 -2104609365 -1046596050 1701668156 455027158 901395904 -1198202867 1607002683 1209213273 -562894803 1364364120 -1118237038 513504459 354935567 -1239166675 -792834024 530286587 -170967054 -1786126949 -420261601 -2087789956 1889338515 1236600970 1980686102 774426704 1686725397 1620731796 -1780767560 1485526439 1167175535 2010436031 1264959214 -1009772233 1650590100 1764011439 177265674 1329250259 1305763273 275674883 2030352791 1690402960 1317120344 -2120824750 -742650805 485368482 705613208 -308104959 1801857355 -247201935 2132516435 1235056297 -922574224 -1918425246 596223233 1965558994 -1553286578 -1220091189 -642496831 -1272860677 -1173554999 1389333793 -1110131450 
-619727883 646391700 -429315234 1753996322 1769044166 255920690 1905028934 -1662424562 -887474207 1037052117 -993161918 -184832913 -1954264960 -228749269 -1784922713 -797185454 355986554 -323044431 -830018153 1328158818 1925317849 1444002948 1889520661 -880387584 1118492763 -394241242 -35552705 -1654785364 -391000794 -711104965 -130559606 -865881162 503226373 1537528767 -1092636112 1754493406 -263935069 1187118932 -218506085 -986419983 534633308 -548092549 -17976079 1215663786 1533442971 1160323312 -2009952660 1284648574 -318932632 1741379740 122259270 209394957 337206706 -927668656 -609263492 1423825165 1404177985 -53883841 -1067100626 938155638 -520870664 -1124143798 -261042171 1023878464 -66846779 141075184 -31748202 1551131899 111378906 -269145293 1641428838 1837917691 2016052571 -1910169498 -1265883872 -1445882236 -889570987 527047153 -933451811 -1968619083 1300909481 -1867426556 1217476170 309631791 2142934252 1260953262 1624863007 -1606754153 -726358236 -1906471046 -1387333913 334728655 1441783430 166657601 -1716609076 -1532789652 1771611278 -1584685238 282388872 -1620121849 
-111518332 738016342 -282516983 -47730738 -1184645689 -1613799978 -1659274073 -451498719 196199003 327525268 -2015940648 1839755150 -924733062 631777043 -756623846 263001490 1342982207 1233558146 589467111 496380947 -782438627 -1105000221 1357938217 1493362882 1465272739 887290671 -1398422948 -597378252 -1801603037 1975175820 -572501917 760141256 -1321547287 139512718 138276987 -1875082124 179470420 -561907812 -648824578 -1947551130 1434629130 1738833611 1468019386 -150882858 -804488458 -1799558812 -1835373082 114995396 -1604852608 892766394 982555006 -682365389 709359683 -151388039 -1721528025 -1131104985 1741754606 -731937524 843710814 1993739542 370505675 2097690983 -813932244 1464032789 1550051748 -1522117150 1713323746 1442127000 -1426696244 76601656 -1001013004 1158818542 1073660517 -158215474 764108458 1852683405 1018329120 1261368007 1394678354 1032921926 1929221637 -1721985097 241811240 -1976993811 -1374927333 150768307 -490244478 1614684982 1996032784 -472251212 -1674685786 1104654174 1859133562 1999747849 1110925613 1697749632 -1982420266 1631417719 1320983262 -389458281 
-889322836 221598894 -576096344 -1629572151 -1954545505 -55947578 -818836695 724031085 1605422059 869276852 -640729366 1243705018 424812662 1851877083 -635751656 -918382991 117685732 382810452 653664321 397548016 1621107546 1725386047 -84286042 1586422732 2005539907 1557969462 992234743 -307987495 -346074648 243768307 949157121 -1035295893 945201499 1966029084 -924679130 1435859519 -622680151 -1204198671 386731201 -1683326721 -1778988753 -1982671135 81176071 571262899 1739915174 690662908 -1028730911 -2120127704 -451236764 584793083 804710331 -1882402231 968949860 -1721405098 -1550141980 -328307163 -304185091 268373193 -195518167 -1010220422 -203525281 888309651 55156573 -67320876 1063854809 664447738 -918639368 -1254026161 272512623 772768398 235668647 -339510782 -1713162782 523883051 1364439884 1703275961 -1091709000 1799856661 -614769276 -61503537 1165237309 -1254651204 -1737667981 807791773 1470756201 -1903355370 -1630429580 -47942298 -6652150 71920788 -1362645990 -15315766 154603631 -566462750 1471696629 -1524004730 1027848739 41817044 16654118 1677656719 
-1775335094 -1991526338 899526813 1401179541 -2053651294 -308477618 840900461 2123922837 -1275579510 -144457732 -850626593 1208594815 -2015563344 -1777527460 2029598340 -1191344370 -1011440732 285024503 -554925892 393275599 74587897 952859818 -1068613659 856514067 151935610 -997442699 -655677200 -1498693461 1553724084 551880358 -964614089 -1639873181 1005877553 1829930384 -961940051 169432404 -359136521 694349874 1919979062 367054809 -994158175 568989883 -256611523 881233016 300301138 101103649 1474268623 1127003067 -679059237 684713472 737557462 -1776239913 159179901 -1163785606 1725723399 -2004368051 -836969517 2098137944 -17371050 -96168031 -1713194937 -294906309 -520609616 -734775467 1800059555 1348224859 -1602401185 -661450668 769687210 -495153023 -264646379 -1431896663 -598409966 746918971 -760918739 575276774 -2001030210 -987138455 -985472611 1367926090 598533955 2136502150 74627964 -547875281 1090671087 1080621944 -1435490733 -1975174890 830956049 -187851307 1055129695 396174884 -1811881399 324337364 485078157 -1283474123 -472465185 -1143403761 -328635818 1541705607 
-1900936655 -1693242513 -1923472925 -448806711 -43606532 -1988743891 -33843099 -1994794609 1345814847 -2121358385 -1696798951 -864900881 -204140214 -1466048454 1411619893 -1027015916 -1633256273 -1479095884 -1639054904 733518145 959867139 -1725317056 -430586898 1882611798 1493458781 -1549790885 1893837889 -2002298896 -1868355199 -1770386698 -1955178767 1852652071 -657130445 -338020864 -1457314430 -1421281460 2038630142 880155502 1865865892 -385393771 1759886627 1360054400 1441370564 -1268274458 343874654 2096471363 1577007909 662176076 -1266970804 406876811 -2115502309 -2020590667 -1726267694 1908176905 -1650071083 528620140 -41391899 1410231055 -1779603010 -495114475 624606782 2083654336 -475822300 36454639 -188582645 -957521224 -1827876956 1544695080 -835076122 -1000136561 -1531828351 -712804320 4545866 -350898668 1968477424 -1599894132 2036231370 -883766177 763345349 -1256535062 246460615 1317851310 1302377420 1662291134 -1530354223 -463879754 36256147 -867957723 -345550345 1488127193 1668402795 -551012934 1745469386 1714437259 348700671 -2098082703 -870597053 -1856531233 -2105976770 299700591 
1178250402 1304727166 -205048633 -785048105 -1830913450 -1331521606 -82699922 -110657479 -1591329468 687901439 1567790973 -1924234049 -495195652 425358163 1156380724 462667324 1427228167 1488030586 1325779885 -203298782 457275077 -945723011 2013607084 -2014112664 734418923 1024230132 1494480713 1230192960 491363581 -2001379702 -1312294352 415234126 -1219716921 -117939401 1245774680 -1377822645 1988169437 -1226134464 495266536 -1704358965 1133401523 1193792216 1892023435 1899500043 -213281113 8216879 981363360 -801156689 -1394381121 -1606247148 -1046586222 -389932695 -1890519351 1915826198 -617647272 -55069059 -1853688016 -574134039 396967159 -1683671155 721281776 -56874126 -1533297446 -2026171679 -722301064 -456725681 343770390 -733846472 -1381159191 -2133212528 1300792253 2083239243 567251462 -1154969827 -1402848348 -1861933367 -2105418623 1328551324 969463246 1175497762 -961867289 -38823407 504825668 1910971423 -526791962 -1352759928 -1139288288 1202599294 -1255133475 -275247404 1776054926 887966980 1549474328 1771767087 1119327315 2061662463 -557874374 -1961566564 819141644 -1021072100 
604767674 -287792268 -725090688 834154796 -1777093105 1598139523 588543875 -1275027439 1499506717 -59795427 537964938 1644832511 1697461367 -512737001 951254675 1333423551 1514997470 -165099241 -540748145 1894527273 1422528973 1212598425 1635277891 1871159616 -434253523 -1515997457 -18156138 -749484982 -1857467823 1080074878 -554882590 -657379574 1126521866 2055012038 572152887 1536203207 1935952844 1467134537 817755094 2007726094 674371956 -1257430517 -193300476 776067543 1433585460 674033141 1704374240 -849124086 456759646 1556241083 1280646473 -454112236 -382532807 770084906 520525845 -1216368382 21771705 -1034423624 38134210 -1806641729 -1610071699 -137695569 -248484035 1820140211 2127845438 142830301 -419104610 357255180 712561355 -1473364155 -964681293 1623500745 2068698336 -2038002448 2003983958 -1538893496 956797737 324982000 -1408192498 -2119141814 -1508161580 -1543103690 -302781460 -213424194 -1356692078 -995029300 -1731353177 1527161016 -934067415 64525966 260834513 722190816 2100319770 -2051343128 859220043 -1895682708 -1588202785 449670580 -781721052 -1805630619 
-656800361 -45313900 1968927992 188588057 341947544 -514185044 -706475982 -947759981 1543389735 180936560 -2102497073 -280103257 645284563 -2130298759 -910397014 1231947351 627118189 -1241390079 -583198468 430213205 1704002904 -4311032 -1549869161 709485267 -920008149 -291590962 156706710 -1855272650 531881295 -299889289 -989409690 1407138713 1737353394 1815664929 -2080221743 1138771502 -599218079 -1798910865 -1229040978 -1656741477 445824572 -600080197 484680912 -987912830 1563195982 -678804098 -1717801315 -1757527319 353661010 39273218 -1264182200 -744664329 1030957973 -63171756 -900633868 2043798241 905957961 -882419500 -848809907 -170084756 -1929797927 -1420150334 -1740176529 -996113288 -255097261 1783265848 -1308174730 -1434915495 646144617 -290421225 -546354546 -2088165401 -278356146 -1811351108 1595188290 1837006261 -158277226 -1054550656 -869317913 -617726270 921961686 -1188603382 2995043 31580574 1198130925 -1623157245 -1209643835 166272552 493617076 -1859124851 -8506164 -622606054 1315205363 587580114 803120488 -1732309568 1317522922 363972546 -1792875754 1461640080 
-1191553452 -1078059287 1687573156 2142906972 2127021291 -7364221 -189136095 -1130763081 -1589712351 -613803184 -1241785747 1161766180 1692244182 -1184634484 1022461729 -1954362966 1242147088 -1290908085 -1423276766 2125346265 1070041431 -127009709 646696414 275102593 608140653 -230038170 -501040545 -1518550467 2064427810 616231163 -520627978 -946672400 1433125489 1648236959 1041525673 -308639669 482438004 -631088899 -2001221579 1474110868 -477554354 562065461 -414403756 -426707429 -1498982385 -715106285 1714568016 2035931622 195712044 363768606 778041407 -1732313055 2026982076 -1175877917 -1631296992 515410794 1915374965 -531341205 264999537 493888008 -1226219893 -955947149 -1508635294 -679826554 20964508 -1184878061 -131217434 1217650928 1545135019 -589227184 -1451338595 -211415711 -18199940 -1204862748 1462543867 702061896 304744125 -1735192077 321673764 1026650057 823846154 -2033919197 2100662895 73896142 1908845131 1811838984 -410140776 -1953478817 1134305016 -1493661439 -1258912338 -273687065 -1592168082 59646981 986227001 -1883081232 624265473 -241621171 -760294798 -1838982758 
-1117488763 -1385215462 -1801646372 1202622844 2021139575 -590672790 -615726323 1682835384 1733422743 -1622582643 -1803129563 -1723101180 814744307 1411898822 -1851703254 -1693361005 1009550100 -1621684893 1683809501 318945998 -603449541 -565325006 -438615291 -1101839041 -1712562048 1237911815 -1337870911 1655479002 -1676385858 -820789141 -716228769 -19201352 1405730052 -1394686603 -1873852861 596817541 12814850 -1684551633 -581522097 110019105 1499869215 1516808367 1737133549 -343206160 118022186 -1058918451 810381660 279868132 1724841785 -1632155410 -991994863 -1934393406 -924691839 -1910980331 1303510727 1229121793 -1256752908 1787638026 1754862636 -765402176 -1114135090 2069381542 1326319062 -1336223077 398763308 152250109 -1420252451 1737218474 -1173540688 1070868858 -1592606689 914333681 -1064915821 -107783325 1833442130 1582621111 -1118463919 -954688671 2050224736 1076429047 -211473368 436780966 -1972851091 -855263616 1873979650 908711125 1306765549 -1828983255 -1280352558 1112634297 2064329661 -1793297399 -590835760 -170234358 1068214691 -1616824521 477093825 -2010459273 2031403153 -1367569046 
54924032 788549383 1134342695 2081236501 -1830075167 1506025406 1840985075 144085563 -313740935 441889424 1576631882 -1825885800 -464758859 -1306671739 507317813 424820703 -1846474164 1232916125 987543052 -79099161 -1997272363 1592374242 1320007433 -3416430 1200084266 1439468719 -551375812 1268954462 -556224486 1816597417 697030803 -139243246 -2104538357 -474344295 748208860 969346975 598890454 -1304382720 903387787 -1793259578 996700901 -1304520963 329397564 1025694563 -585777437 962795683 -332953891 -843999788 -1456195780 -1330251142 573289210 1309424103 -1577949173 -208913908 -324072247 -218751491 -646879482 -278200802 669235724 1712084760 -1015995971 1006846069 1817063837 1657368310 -365629877 -1625457041 56351264 -239169858 -1278962781 978314389 1042955325 -1768449392 1590484354 718832167 -2108919636 1977643488 1692488782 75816992 356952110 1352605824 -1367204156 386375314 -1325638667 1415939297 -1214796494 874388419 -862411469 2088204676 1673000758 -723552299 986516482 1030541617 -435528370 -1749057779 1795077038 -1145878368 -1405078142 1885350580 1814118391 -680546770 
-527820046 -89005941 -146029633 -670866147 -1623037986 -64028507 21870600 999638090 -208897857 2090097004 1318346885 -2070069567 -1839221073 -454356933 -982995505 668617952 1514044308 648807612 88629550 2075634935 887166269 837235553 751367959 196822635 864650405 -1974898329 520234850 -1361994150 2084985934 265482758 421824302 -1220204241 -2059904283 1929002543 309954059 1218834933 1778856960 -1002196684 -66545583 -437302972 1096798948 148910435 1021573466 -1458651262 -1992103076 -151648608 -1050522405 -784651091 628731120 1301107767 1308006255 -1309405654 645162526 1129536880 -880046209 1937639851 1399406612 -1454461105 -171572179 549061902 -571280265 1083858110 -1328363748 1324988638 -1811585809 1612316721 -2010296712 -945563488 1276190939 1090525193 1048609617 -1711746343 -1940815782 -1588356202 1928441137 -2117752905 1188005213 1907754166 -665530918 1257726136 -1826259224 -274897519 -2015983385 485895597 2039897337 175929749 -421085083 -94247101 1170891094 -584590288 -58641927 -2032303351 1354350880 477664021 1090281721 1043646605 1810417662 -293184550 -131890524 -1008360230 
-1534299966 786607790 502789375 -182368115 -991377620 -1309178783 -483409479 1569376759 -1840621750 1779009847 1725237258 351112785 18752125 1328457932 433173265 -892828837 -2070549287 -1575956014 -2080984380 244219847 -570614618 -492800553 -1001705656 2129596027 -1826736029 1349557493 565491951 -1900972785 1130227310 1470332290 1321712307 2100200892 -246908976 1526502219 -680371983 -47927686 -918180242 24855846 1298020525 -1012138843 1960145846 1094550783 8410814 -1764457113 -41690394 -1365075615 288595385 -14499589 1573244483 1027708579 -26223029 -1571541887 1670488905 1421394566 26059635 1773141189 -1448727418 1487388743 -1639463587 -1650487684 -1963191324 1711638173 -1418576764 -1554830078 -625659543 -1553118664 1844783904 1490555835 -309719493 -1342086957 2051973047 -1255514856 1144499310 -126047062 -1173755021 -1506438437 2046202421 -1914377797 721175677 -464241918 1294624035 1599859359 -175492261 2054935871 2040299933 -923192742 746081263 -1753224458 -1187660920 834187604 1156253516 2044564078 -679596940 2099426861 -664416387 -1138456722 572003218 -1784939438 -1778284020 686353478 
962635578 1820290408 1589416482 -96285392 2082341384 2058156828 -1622199796 903601751 589563263 967643565 1411855297 2053590984 1135992358 1544881880 1828721166 1158697113 -1596487828 -682849208 823330526 -1340786616 495491781 -398128249 1482217794 -1508965496 -1594896130 -1299412581 -1209073271 -782743385 1464047043 -1721582490 1979381113 1491309822 -826366692 188347475 615941754 -390645328 422335150 -218124274 -1941083496 1543021985 -596297180 -1533347017 743348750 698729584 -31477470 1523965986 -302491785 1715801293 1493225952 2022978528 -1864357906 -777052763 -925596552 -1618275821 24493935 1735767313 2140943374 1409955869 563044581 69257082 643559258 1910063144 403616808 -760778873 -1887960163 -1923354426 1515169069 1646180158 -1207093168 -1495920343 1803285106 -1988227898 -1689728140 -407318422 -1187017554 -661988441 1736976148 -1001004477 1101572597 -1362770250 548660085 375671800 -908528003 -2028112524 -1524779724 1214175704 -107761517 1143577741 962927183 1085453820 -1317339269 -1671624966 2133152356 -1146027953 2104597054 1040467761 -653092472 1829674291 1203698549 -254697574 
463884009 -167964570 -1873829882 -150721383 996621939 -1521597493 134237280 -2010654908 450601126 2001917376 1470847916 -1950133208 -887541176 1830765934 271695611 -1797721889 -649108171 -2011702147 1958704831 -1732664052 -484760890 -1858053089 -604614704 2025914658 -1637217798 -1452763456 1960247683 710789469 1293154133 -1800661608 -1011425751 1047420417 -877188903 463508913 1338831411 1675271479 450035563 274096713 1393724497 171108789 -972950910 1562091697 1723444021 1949628162 723805249 397384740 711971107 281450473 -1901554795 -643038454 1960502463 2061258529 -1944479957 -1712653561 701739858 -38466594 -885099203 -751497004 -1872731526 -1381630449 2024119371 1456602116 1191365859 417283410 1061364465 -1114971984 -344818889 -692664101 1500749396 1501197227 -2081460688 -113978726 -181582023 -833485962 -545416498 -918093905 -828786894 -1187474432 1846167999 -962628730 845879582 1000353551 -513324404 -1710809243 2121433421 -65952654 247381479 -1856349228 -1350650380 380970165 1754558065 176877374 -260970261 334470595 -1626255025 1259876965 -1499523690 146847291 -652131577 42241326 
-1185681404 1992641083 -1413749864 -726854194 -1540625166 642445231 2076418900 -909838037 -1475743743 1070611760 -1344756832 2060499009 -945225354 744627457 -416791846 -2008513511 876889063 -1989781181 -1592658300 1753459306 1477372408 -1684247939 -833238366 1436394108 1767523946 -406133685 151635235 1228668761 -2099155985 1149287585 1248780389 -1543821835 1991845741 -1975492812 -1007036611 636678433 481444584 1776366054 1946041648 1550198272 1813186326 883435986 -106615120 888127196 2136195084 -747440262 1540009324 -2099809965 780831013 1086184432 749475142 -1125876098 -142376248 138698346 -1709496092 -1626091326 836050656 1981835830 -357673945 -1397679413 -1296295600 904475529 -1938445524 21721279 897747677 383188979 657745399 -320105130 -32478854 738956626 -327380422 817100558 1162912528 1545304374 -37093579 -830236398 -97395285 -943596250 124864966 2057849194 1486074925 1933807484 -1779095686 -1181466191 2088407410 -754146616 -1884427230 -519012368 739567899 2029458012 -1151718719 -1831259440 -590636188 2071035812 -1272517088 -615899357 1644733275 -160563754 17784835 1382202891 
-1764664912 -326251455 530089074 -1314731306 280850151 1412484853 -53264414 987014035 1128056360 449280538 1024702472 670519401 -531035476 -1201188466 187350434 -81404287 -1459300877 407762197 267490609 1913704968 -563170461 1501060513 1452775040 2001064706 583899959 1337325809 -822784297 -1110967522 -926208642 1682757360 -232438977 902901697 1470497987 -206653674 662374189 -671363813 851614804 -411369225 -727847559 1983944405 -786864580 -1367724903 264498391 1639198344 -1368521976 -1279343901 -943580368 552704391 23731798 1160683019 1095210252 1619911060 1536645702 1596807910 -1477001124 -743685457 1003306229 988531678 1453334920 -1223410866 -1630713085 1246783525 529886431 1316003320 1834488637 -1066614607 114724690 1085745449 1611553245 1128601078 1252788106 424318657 1914256752 -1262488999 -1606022453 -1547998623 1299556963 350392285 709535529 1489536099 -257474365 -582930006 -942958227 1027433447 -930835002 278658381 463629191 1471515022 1660331879 128127255 1359675262 148538146 1846746141 -1662991851 -1705782718 -988390376 -1808591670 1540129313 757208210 1745794294 
1394619213 1445467908 -666745198 -1571226084 -1642792769 945423939 1619388350 1608759194 1090974731 1041121431 1216713223 1706027342 -1542338791 1198439345 1066479978 732120371 1889738358 -2054678997 1017370605 -26739295 -1540828713 -2111861402 -1987861773 1989277263 1753763258 911723825 947945339 801498705 -1151388295 -1337560580 1849586740 1041896300 -601390112 -707834225 969612831 -1717284041 1644031249 776996736 803945961 -618648839 1602046907 367915135 -1985847434 1945037507 -1523057309 1317156677 49865304 -1225797570 1665282756 2125844403 1910546736 -1553059293 -510021166 1859590691 1624513068 -530512667 -1214204057 -1386847862 1086049499 1787209474 488847239 1459811379 962337402 -1937925901 -1569966962 1991566205 1127030268 506525212 -1478008034 1553622309 1765484396 1710141587 1029795813 -134724525 -751230780 -562116298 -1178932196 845644451 1189621570 -1449370985 -1186756825 -120696761 -365793136 -985980893 -492018000 1154548706 -468355431 -238670354 -2089141120 99971691 -160176236 1670119391 -632218941 192002795 -1704110677 -1965593448 -647996175 1371768349 1070012827 30779001 
-1211322571 2134242871 1343257368 1332122451 537552900 -1466193810 561797808 -239346787 -207411870 -1866203333 -2073743681 786688835 121954423 -1735002327 -664960055 969800586 -1134904696 -537459775 -1819049988 140816374 1773135010 -308507755 -1807073883 129976851 -406644807 -385281833 -1376119623 2087486247 2110244027 19695702 1288724896 -1417409311 959964337 167118618 -1453712226 -778292096 -446087703 1220590323 1582644594 558419980 2120778036 -1457380405 -1714905362 -831038656 830668933 -1573674741 448923242 -491032996 -349820062 -1337408864 -780233518 -1547067652 544823607 -1104120249 849641035 669804216 -64683791 1953369417 -13259592 1305111128 1363476339 1792937131 -446951510 298406635 -929177696 -1341843476 834913675 -2122166216 -270830485 -787602350 -937193219 -1437562682 -604193515 314095956 1251845947 159981871 247693833 -1670895156 -1257657004 -961392954 28227896 2030601406 1932151403 72968648 1163184355 1389580259 863957381 452813272 -113054174 -1104923138 -1813570335 -1603184118 -1125167874 1807811851 -225509697 1267028784 -1265851310 357510615 1062124206 769737118 
1954264862 1926571884 -1379509109 308405207 366100733 1076457157 -1316322742 863810459 -2098855271 -1986364031 866267389 -1296968077 -671582797 1393657099 1555840226 1739321992 366442829 1566604453 489087832 -712362436 -479547948 -2055363488 629681025 -2079427835 1820718816 289301705 -1767543556 826651097 -2118265395 1738107528 -1525069532 1540147567 -1032973126 -1872150371 795014120 2136281983 1059140913 -994098600 999383292 -808865047 1161004711 1003029402 1048098491 -1442727450 -1395289922 312677633 -1350988434 -1275427906 2125584188 -1518286582 -1841400842 1701843756 1523293030 -410056590 1104151244 -451352712 -448065015 34289910 -2124734980 -1742698400 287442368 -917636704 1648865032 860740279 -84023268 -925532047 -768455230 -216142639 1348696766 566235414 -1552538308 1696007700 -168615743 -953329472 -813407434 -1030573634 1717549261 1704620436 1209033158 -1991658394 1936841816 -506083159 506816167 -2038209677 -181245868 -1537933947 -597082025 820142890 1801211795 -819169811 246354695 -284022573 522092296 -1790959032 1236872568 276612916 -1014802932 -1186386573 1534676271 -593817527 
712207312 -516304090 -685886009 1479203054 675365520 89865741 1373176561 -598417812 -1325595580 94327661 122091285 249276458 1294756070 1350318194 -526398073 289161568 202723046 56919285 -491433109 -831795244 -1893563371 -683909574 1461134291 -317910502 587638259 195198971 -471339063 -226293347 -1628892519 -827443191 1627526878 -774612967 -808567688 1419915896 -1979781187 627916189 1013605381 -1498982049 -730322354 -1781828975 -743833578 -254621228 219335221 528857030 997161343 1988712261 -2059500221 786543806 936359254 24854399 42909136 943076123 62754925 1764435357 1313277029 1441195875 88748227 -1389984593 -722016022 1211123914 -125009258 -1829900527 -629596130 459929547 1633721109 759205457 1921219232 -1390734784 2007808757 58247419 742568227 -1159148116 -838341630 -578295377 569087498 -257041337 1028848844 -564049078 -108341232 -382620150 -128421568 -1509448594 -333971036 -616747111 -1841351152 1533290964 1981556293 -699401763 1268935832 -1429918350 -1429772294 -133770076 -506389617 485486084 359171847 -1746919240 -557084977 590683078 -470747242 448428367 
-2017167391 -1492417235 300653111 839920867 -482452479 810864227 -145111905 -1523674289 1704379672 676847508 -1980711600 370400403 1400492650 -160590565 -1680783783 -1933587685 40848554 -1555505412 906652456 781030191 1657801629 -146410610 -1126155431 -1508905041 -1738106255 -973555112 -1915224590 1246029683 735962887 -1239863846 -703536296 1132834928 -1302888072 -904393173 1584880956 520668891 -827531920 1315771747 -1933603909 -263131399 -876567900 1784689817 -261465398 493825402 401105823 -1892498679 -2144723260 1785467757 460537215 322157660 -615482037 -2026973325 249191022 285174922 1786996930 -1541220960 -508981039 1206942408 1947133531 954341776 -1150879365 -922730414 972230011 -976577209 -1486140702 736850188 -1008082145 1075432968 -1963976707 1734989940 -1229024056 -820139629 750759152 -2128708457 -210049457 905443166 641021047 706324828 -1399570472 -884002630 -346061597 -1860275055 956200539 -1142280654 870207457 1708172313 1277663583 -1387464900 -120935319 1814284793 1845287608 -1165003889 -1603958062 -827610092 -1039782724 -2043180965 607692720 -91552246 -163686019 972865228 
756538533 1556948511 -358359928 -388168076 1624167048 -10050977 -1419569381 -142847372 351303844 897688599 -1235309555 385075933 -744715109 1536227061 360894556 520585345 792415493 1287192254 959060179 881290082 -1575960866 672056695 799518200 1349436781 -1450395920 1259411175 913166814 -1898575511 -185390775 1405168047 1096008659 -677649004 -117859875 1652979316 1829724851 -1950731682 778666570 -1308271931 -1343518624 -1281779281 1269616418 1693428671 960070360 1656244677 -1762185054 169929405 1767147859 -903963243 907766518 726932233 2105006241 -23241356 -1540010116 -1738668880 -1149380660 -1228327999 1587779968 1766920322 1354731639 1553102384 429712451 -196596276 -504547609 151093213 1098159114 1437619107 827347152 -812337858 722561978 1219022751 1379988232 670802982 1011950791 278840014 1629674026 1528992856 -1787702941 -887455427 1166262445 1451821308 -1516360135 547567581 1925928825 939122581 -1848251053 -224526589 -678711277 1158101813 -1737082872 -60360958 -460795940 547642092 294877826 -1925916315 1675138059 -116505970 -971868045 -1783492050 48457394 1801525914 
-2055492449 -1965950553 564766038 -164744042 1102718718 1638496444 685519406 -1131514053 -297056439 -1574570290 1096029929 465526537 732563443 1589389229 1617190872 -1109685445 -1281901996 -910892004 1607713790 743722455 -585651221 -1745381842 -1168912956 -1436733534 2123432617 -864304558 981131180 1826779291 -2092115964 -1777947171 -904617819 1869923807 -2082999337 1408143167 -1659036897 -1398768930 -474267698 -1191769830 -1658106833 401555026 -2118695564 2065457890 1615278698 -1229511964 1575245628 692549944 335711105 497691018 -476240370 682977553 -1027479683 -1104559477 143898127 977272088 1990231355 -712427228 576120777 2115171812 -1871412244 -271054378 -1692824337 2096545228 2082032246 -1577462777 174447166 282420745 -2116054158 -1933676755 -1624801167 -1397620306 537449507 -836656782 -734263366 -2107734682 -276543283 -568218504 -1093650588 1661622287 -2044436815 -645403282 145750561 1254508147 1133749212 -364193966 -2104224239 658518694 1787318045 1703623487 -1035590934 528095321 1057591455 -1539444310 -2074243799 121236674 -1774786958 -1825818563 -190629954 -829296360 -1154847718 -242541204 
-1214748731 -247836074 -1037593328 -699574836 -1611879948 60521170 551714816 473071446 -1435352244 598498178 422771912 1294299415 1443359963 2027170777 -1754098404 -840902731 -665413204 -1748806469 -846703032 1030677517 -2095543469 1791149098 -1846545808 -605250604 -1112381203 -344471365 -721975055 -259255813 -1415393174 193696742 -2109711063 -1411689018 1337710538 1121497432 878892779 471192217 -652059226 1223120388 -1432159580 -1999398720 -452963102 -521442836 -1078002725 -117404777 -2062445197 -872209105 1119379129 958976891 -661853303 695269228 500362258 2095227965 13612085 -1772787969 -2052615379 1676394905 -697389529 -1584734067 -871310448 2140360223 -1912559020 -482431200 -1616969804 632785743 1400808837 742255795 802166985 1248943876 929506912 -1266878704 -289382556 1464340044 124399051 -280134434 14113574 -269738962 -1080067005 1020048728 -2111286675 799624484 332533230 1890576709 -34569290 -443101224 1129545322 1283905007 1373328450 -387394754 831901106 -707482047 -1550897634 105353584 666965850 -166302093 271551651 -580608309 -247697322 -142512543 -649528030 2122312223 
2033898330 1301656753 -105715816 -693904224 -1440882345 -989344375 343638628 -913190166 1319341052 -1158742111 1765599607 594728744 -996759146 756405793 848852104 976507119 -912800319 -1580355839 -1688585872 -1297970727 -591926322 -221905021 -1365776549 -1818924697 1838268698 1953881125 1191975987 -49383606 701130779 -2064770314 1535482070 536253093 -1637198216 -1495926955 -1743070476 338730256 -2050684161 -73468946 1361837465 -757180990 -1988053248 -1554658039 444025732 -1771417319 1673558348 -1224981642 1618433370 740025997 -1627582474 -1426909437 2047273971 2004345975 -686258005 194431492 -1027625828 720170572 -1783022065 1389936415 563641784 -2124461751 863888789 -1203631467 -890871602 2074288114 58114906 -1053705298 1820518398 927539859 1932689751 -1890601818 -1550240974 -1329600893 2101028687 1174496157 588876587 -1199479650 -864973609 -1466150933 1988628879 -1439348655 -676101945 1243529761 284856961 -911047991 709094930 -1668464491 -711876845 -1891663687 -1586560558 1413236869 -2065084048 -2121607677 -1732805805 -1994081041 -1793590898 188846771 -1144124996 -1138359107 882952306 460433646 
1415793956 -59098367 120612941 -1198505782 -2039009417 746181470 -1550051304 -685261831 -92266797 1569930973 895269638 -2017126142 -930221391 -1012701135 103764517 689791419 793607200 -737311791 1332717584 -1955820497 -1368914105 106771912 723899117 288022744 -265741589 -407597507 1424125791 -1357005719 74938564 1254959466 -502233694 -2099316728 1617037049 -1632374687 -1402829519 -2107999003 1758611249 1168217570 192061778 1737253939 1718121801 177714912 591335138 976849948 -2128409559 1143590576 -1601929234 -1855664307 1405594734 -1841799267 174372239 751926884 1229431926 -1322520215 -705267166 -248200718 -2020405315 -788591660 29983194 1880889689 -161493507 1435178145 -488834131 234195600 -1836581057 -323816608 -1688219881 -1674428794 -1829057134 1305337924 130969321 -26247417 1590885749 -1897360566 -1908773490 -1620961050 22971053 1256319530 -601137133 582260715 1595542090 -807684448 -1321914811 252487118 -894708787 1570311475 -1027128058 445480085 2028832138 -2098392387 56478806 1625408690 876602445 831072397 -1654374610 52339013 1866791211 1513291470 1218038101 1740852729 
-168910693 -586453734 -1165318681 2069107518 1320604563 -710679262 691127521 1867035670 2143079262 -215576125 -751607606 199039263 -1829494073 -2055767916 -1833887271 -1380782517 649485639 -1136690113 1945965137 1610367816 -2131010775 632592264 235269358 -323320108 -348905110 -946699793 -758723348 313062073 -531630739 61014338 -535021323 -1820599410 659817219 992169419 2038620770 -359175150 -466033432 1191742348 -1749073932 8553890 -54412158 685055399 -951159851 997723799 1438764686 374170845 -1319637301 1507877341 -170414409 1591600700 466176812 -1661982780 953349738 -1681106222 2094444274 -712674454 1347268908 -984853338 -831164866 -380799272 -2111450729 353748663 776126912 1448148150 611619207 -26120659 -537338065 -744577207 -119908467 -947568080 -969560248 -733327957 671598144 -1986299257 -1859710186 142406058 -699296702 -38723339 224083278 -1122474081 499563144 -1103994404 -2030032999 -429072092 1955175761 541357968 1070014528 311165489 990249433 1567282000 -794770300 -179735659 -500558986 -321399924 1407928353 2054034176 547498039 807519643 -1821675091 1454918807 
-2079454100 -1857569779 861024399 278854782 -1150202285 -1346876358 63015274 -1810041752 1617845496 -1328293216 -850494495 551250478 -460313620 -1644561963 -1962035679 -1473936751 -626947483 -1363986565 -1292683547 -840626381 2024631765 -249288216 -565153509 -247456605 1324999967 -18782820 -188672929 1648740051 986434371 -656723193 -1186181062 -1709817376 306585757 257805699 1344017995 -231885846 -1207998908 933309003 1402602260 -242483742 -829948386 -1340266482 -1589979245 1888739302 -179584781 -894668781 1913056852 -20572553 244548377 -512791054 -1350234018 1605100972 255590777 -1200552846 -1702341969 1462368478 -929771134 720467838 -1939027377 754966994 -1825004023 -873932549 2096548009 -919390360 186415809 -925336943 -770021460 -934507050 184558568 -256166011 -1066558434 -1369591937 -1934157583 705257556 -85219508 -724681246 -547827778 -911445709 -1034937078 106403124 882167951 -1738647364 546138649 -1947010289 -1480837474 1697173330 751424871 -2044268158 -83216420 -1555094203 -1754334676 -29213874 -2146444097 1666209363 -378257997 1613021151 -894788034 19496345 -1796285621 1242697731 
655123266 606167807 297574925 -994161723 1815352135 476012491 -2093535968 -1838421146 264507364 -969743099 -229643360 983917394 1986022958 -1132935478 -504159179 -1930637501 1402156580 706787723 -1629381010 1754213316 -1385851190 1787531844 1235736479 1163933597 -112174899 1087269679 1010398152 135322883 -487269575 1134760407 81576422 -1283383776 1730567384 -1866737751 -295644394 1718652049 -49613498 -1693945158 -1500889324 1386934979 1321355193 512305492 -1399359871 642462117 -552942585 1119420235 -292060173 -914371195 -508687275 -2025399618 -2087372848 -33731607 2085243959 -513691175 -1253826889 784031007 1275899597 -1264878598 -668046625 1772199657 117583350 96790119 -43589969 2050881604 2027794985 1559469975 1552532175 -223850735 567711662 1035053595 263644972 1056173743 433702623 -1357111238 923341180 2116295311 122389107 57997058 145328112 52043130 1484891166 -869322379 1236235137 565629240 -1430615128 -2104025737 -1481419616 643715100 -43957930 -949573036 1134783979 817490598 -2087389830 -2122630744 -1230866810 598196090 -2125912574 1054821073 205445275 -1980048325 
-700768301 -1651933854 -1522295365 -777520509 -468962252 -1070172152 632816643 -1499564685 -2098051367 -1388839520 -1612919438 194961294 1501242805 1158746978 -1223269709 1155621873 -1736491193 258478988 -1118662689 1588284641 932182413 -1486571923 -1087274096 -237490288 -442515073 -1291311385 -754131947 -562896600 -1032869231 -620102844 -1403203024 1488141997 26629348 75996987 -540347786 418809577 373300684 -1898949736 -1061922575 -1457880163 278869167 -1559441445 640346416 1118593739 360565668 -1318546427 293953255 1280798367 -403410355 627031239 -1480680746 -959701370 907561440 -1347705864 -822981952 -281745843 -728953829 814949027 -210955961 88675366 1642153281 -991218040 -581700043 -13745783 185430098 -706045037 -1275057840 -1957578487 -989957948 -1848718212 -27248111 -998983104 -128179413 834544763 1840502323 -126085984 -1203385865 194642568 -819539924 1787056656 902644484 1668278040 2082892083 -439224370 466865398 1836933007 1338872905 -135815792 -624587653 1258135690 2090237876 -810530030 1722437120 1229828986 -946739776 -2007438176 -747946897 320237625 2034495656 1440708738 
1820423225 50651400 -1986621374 -989333285 1780744882 1051012924 -1904991461 -158873471 -1110493953 279754437 830096402 449431587 -190026903 -1833143125 378609788 -958672035 -522670581 179911141 -1285692356 1769308350 -2072276220 1732300019 -1072996653 529343839 -961765606 486322463 -581196229 -1021519183 -934495680 -63485860 370134765 -1248225749 2133921448 -1800809925 848448617 1036836637 -733678735 -278907460 -1534707585 1668070190 -11483667 298574900 -1024733098 1016239175 -1048977512 -341405536 -1599940945 1172150588 82651952 650376555 1613746355 -1713991291 268308795 -676007535 -915646045 1474012151 586667397 -2109180096 -514659645 423362652 -1032031701 -15241996 -222715504 1041001809 937882075 1398152092 -141542182 -1632229870 681668565 735085599 1197236419 77577523 660321888 -1884257786 1200792759 932736361 -265475924 808590844 -516090840 828693292 -334141451 2105322652 -1815723564 -169997759 1347430523 1673184039 -1454176309 849716361 57213848 -602695012 230745975 -1022781722 -453254250 89668126 1042664825 -488051505 -2074869381 849041423 640046616 1824243088 
-994348230 -293333173 -2133957578 1284703214 -81969171 -552579041 723108239 -1551866180 -929056197 37238512 -368857949 195420805 1981868210 -2126943 1991318169 88618116 -430210778 76404423 -40762896 -888086577 270825368 374240202 149409291 -944016213 -1952320594 -752659266 -1734444768 757158464 -1297930533 -899096338 -445214482 -1119784261 -70285397 1355570967 -1035599630 2123725869 -1704172613 1875568904 -1388257029 -1577328598 1249016312 -1313580698 476779668 -16546164 -47373111 304438074 1093026974 448498578 -1664211108 1369394032 -292027422 -1865836824 394830635 -1616230074 -1490609523 -1944434580 933238795 1508564117 1458501427 -553732709 -2025180947 -1103667061 1941648879 -665419902 281580090 316785039 455490891 -888550503 949662149 -656897708 260055707 699053312 -217658598 -1913911693 658168528 422345489 -5496142 555425358 -1225658329 852768589 1846709469 -1631797659 1316103848 154637096 1736273134 1106491970 782958393 -53334161 1066299956 1025183116 -130865898 2124151154 -236004755 1258130139 -614950861 1655962338 1231583994 1080942540 -1749201982 843668857 
1657024147 978638386 365833904 1240695337 -2104211829 -728139279 -520831186 -112757332 -77618058 72923245 1904501286 -1822479323 -1500027108 -1039084417 811892863 374737329 1895078 -206218554 1762382701 -188531390 -1964606193 1589797043 1370927563 1305162147 698273135 307909903 675627060 194546935 4604503 -409333053 -455101167 -508205232 -1096634252 -989382030 87224285 263342875 1031930287 658689638 -1432745704 -1612214198 -802585219 356531067 1672708792 -1780991739 -1764618697 -1553628347 -848267457 -139448207 -1877920960 -1948896638 1992751732 -1916524073 -1478411653 -590362430 -61248868 -897932117 -1329399848 529724701 644444200 -898225582 433052302 768713405 506245080 644726088 -1266768999 -1454267272 607806931 436993437 1064871739 1604804676 928710610 1565252607 -380178364 -1633077792 1846914320 2123246161 470546301 1385006544 325078947 1635895055 -1279438694 -729119214 -692513292 2067127018 -2085593929 -1660638441 -348355938 913542852 1775323444 -1528719908 -429991739 1968646576 274146702 -2096928330 1011578810 905620891 2063281908 840031618 701539659 -506713839 
356222222 457532042 852025420 -1968558266 1654826937 26101453 1572599255 -859147125 63265326 -199587452 198263064 -1999475720 -994681144 722747345 95309047 -305098919 481422068 609129961 238885890 1097439127 -2010346318 1838915057 159157182 1145373966 1236906731 907463725 -260947354 15833789 512703814 -691803019 820306967 -249282670 1334347986 1330518021 175868744 1436168678 -799908687 1842592699 -634569235 1730030242 857715725 249992346 92763012 1035565473 1615725997 864130497 1774078880 -2055218290 241987745 -1902367397 -283387149 -886723615 1490382876 -1905219394 -1895885478 -1240370561 407688814 -330855964 -1079553680 46748355 -1048804015 826773970 355925676 1084033182 1665192162 1125979926 421422868 723736065 1014935465 -379186369 1189467321 -2085613140 -1944689464 -1719056045 -208660195 1044033307 -687818396 -2098541873 -164762803 707554384 -1247275718 -419410149 -1461908875 777744825 -799740498 1246602357 -1243945886 1133848081 1700338893 -1457350669 114956148 1550625233 1815693719 2066691826 -2057179161 -1175452079 173524580 -1110441373 -340116851 -1954940693 
-24607842 1556983588 1341224492 409367244 397891789 -198376147 940755982 2033355191 -1658523443 770468606 -821364482 1514693874 497224458 1755910918 2145704585 -765162763 1118698609 -1232281345 -290928440 1111656806 69809171 1114905634 790374114 -2120886840 -1131740310 -1660772589 -14454386 1207764557 -927943808 769353061 81781378 -2003409505 837361089 1884742336 1833260317 1515541959 -586283017 -507776756 -1937368786 2079646707 552604514 -63408020 -1331669043 -70236338 583753868 -339255253 -1866126322 -478679264 11874953 -212251994 -1489315346 1498745789 160982001 -756229491 1496461491 -833205490 1440577702 -1429483052 -750466080 1509330004 -226406462 860048921 -2137438707 -563726218 82440525 -1128297153 -1012228586 -2091231936 -853980558 -557956119 -120239731 732136126 146473065 1246674742 1653548232 639538669 -1392636397 947114978 531852246 885145378 -2102647883 -581965525 464358306 744611500 1386290709 -1607965697 1673475726 -337594969 -1279038426 -1838085106 -459057738 -147335501 -1249678313 -43153412 -1206986131 1616610726 550101257 -516340618 -646235811 1554175637 
289678732 380073288 -1655804100 -533220388 169848 299628620 -1474148977 -898018 -1458346655 456199 -933370079 1098921051 1988080340 -1699803393 323609701 -1368287950 -965345150 -98788756 -442845619 469494263 -1298270579 956184743 1422586154 899154788 -67343200 719513486 -610177990 -768666722 -904953163 -571576142 345711446 -428948042 304411044 -1804330813 -734159152 -51796792 408571077 -1927128150 -1990530328 1215895435 902786223 -931500374 -1152403092 -335887043 1845497098 -314521941 -2097056814 -2072537609 11606944 -564667543 416740110 -2093333106 1980314335 -82702146 1470377322 -651946007 1594384314 -332449608 84020899 1360113797 -1207208310 397523473 403200540 -937761004 -1860721363 -934649761 -1017652197 1450840798 725105479 1561569866 55866621 -294405896 -359031084 -1179752244 -1992860582 309985341 1268484496 419449502 -387602900 944219657 782960487 -1162917341 -2140487425 -64006674 -1601296758 603462322 1505097411 187556778 409646850 -700556575 -1012007361 -77739903 443778843 752218724 721605391 1585828518 -869773902 1270863252 -1265524093 804333735 
-657532509 -1811442912 1353209822 296101779 -904913220 1463498400 -342804657 1648959063 1841891289 -454931531 1438905946 -1097342979 1064311631 2134302693 195768447 1000049079 -1073860173 -1346789907 -1669622607 327349155 -1037401714 -459437952 2004234909 630111720 -1521475394 -1839542247 -834559578 2022221234 -995098235 -489119705 -1241705796 1894538683 -817100517 602746639 335075591 127208230 2058379141 -1283922928 54669266 -635732543 -1810301725 -426622279 1816951028 42450463 -473002906 1243290177 810980253 -1358522885 1000757319 1397561114 1886621302 1554667325 587087302 392411776 -1809264915 453011917 1553539301 1092142930 1877468928 1569081112 -2025650707 -1782404326 -879320755 -1415025641 -1102950714 554330595 1776617429 1863435233 -196867899 1636144897 -429200415 31516820 225137138 -371014114 -878636103 -1141225379 -1774250105 -776935568 1137284266 -1785281150 787803986 1007532468 32605005 1550367984 -1302132936 -113163126 154177389 1500983486 -1908138584 151790012 1670762276 -1788480640 1941878865 -646683145 4354610 1175434563 -520643224 26545947 1983274152 1444829296 
-314234845 322281582 167552171 -1012660454 -1066862573 552501540 -1623699172 -767449766 -419546934 787575083 -88284100 1683695851 -481081694 -558012075 -1169502352 -749530483 -1878751985 -64464049 -1011932345 -1792316942 2131834699 -1874887604 929082167 370516988 1426256979 1020969404 76117553 117408314 125362198 513436774 581704083 -1899537609 2005474988 2059872845 -1511642597 1139540781 -212546673 -2057553454 790630481 -436079325 993111581 102234772 -149312144 -1460850989 -1722182413 944627605 -1261505469 -1492148562 -112251947 1652790362 1434551044 -1932942628 1729061549 816631500 1812918405 371336246 668191793 -1094006773 252049721 -1976774746 -1406219282 -705020173 744939613 848231704 -866079026 699840238 -20903675 2056108053 1604477129 1237098346 149980785 -865096068 1893933534 -2106572402 -1514741301 1817800147 230790956 1339482962 483370868 1577922925 2057544245 129681169 2092206284 852196669 893582094 -1920064014 -1453457539 1075587972 103020480 -1427816140 437041589 1359457775 1350451005 1489911753 785009214 719515314 1017789836 472735113 128103832 2007839330 
1493036808 1736198556 341990533 1985974639 -1579297960 1943693699 -1804477108 961975783 555773094 -1825353624 -1580452410 165158051 -1098524511 -199963978 -52068981 -599972043 1288415819 -573624296 -2000811381 -203146972 460286459 -1155890954 -1992645551 -1234851341 354778309 1327977272 -1713549179 1848109986 1336073831 1930270247 -892628322 -1425949766 -2044128992 -1613134742 1715468888 301071484 1685988270 270732092 1711879541 192524027 -1510060871 -1395521504 1218602551 -2110195491 -67855907 -228421094 -328934156 -750361577 -1803297513 2052625602 1481320940 935179960 207271415 1978182687 1168661284 -355146823 -53936878 378185906 503039013 -1545920612 981559783 577184929 1692995345 1359483523 -88320957 -370264774 -1906279153 585990959 -2068008401 1772108805 -1981641253 -1309632429 1389093659 -1308099170 -1235107602 -2012890243 2131601971 -25055374 -102975191 -1603284159 -613672550 -186614980 -1199991508 -764593260 -769233904 142640689 1037712239 1135849110 -384275714 -371911359 1384534472 964872053 835287203 -2056263761 -1450582267 1076790418 -1895680030 -1471201541 184446109 -522038298 
-1053466290 -1871500894 853211216 -878565336 1949616824 -646891916 1433193391 -1577611914 -1382799168 1342894393 -1161058475 -600887887 1089263106 -1821106531 -1508492618 275733141 -1706178578 -1685318451 35611733 -1257298038 1484071876 298902516 -95460314 124858677 -648852430 -1267846743 -901329329 260771590 -1887023451 -1903423969 -1141296492 -1449576409 941561912 1537783306 -1691439967 -1405031206 -1607176784 2099319945 -1623428161 1363683412 397696892 -1740753223 -1312411176 -1240634619 1585537664 2094542186 1973114784 -2080474539 -737867631 1213281538 -887011909 656229565 -1094349796 -1219742085 2145298724 1000963811 338681422 19012128 -1568553028 -945273749 -1731699908 -1243116061 523086086 363286372 264852849 -279669556 2053091079 -1473784579 -176651022 130477184 -263491258 -1178861200 -1219540459 604931623 743975374 1206510492 -1561858851 -880880262 -1746873242 -447234000 1274775388 -2135914593 824263693 -516549170 263547256 625431642 1429905787 901664616 -955711457 1287006309 271750569 -1198100729 -1011781416 -717623330 -937171154 625585119 983676131 -343863287 1898564877 722506488 
-2069562541 -1421678251 -1347262442 -373347961 -870767648 -1151690121 2067095858 -1462235533 -1548178706 229885788 -980010000 229911142 904716392 -198155294 -1976598407 1831089066 -1787845334 -1781905852 1012821695 -365728211 1559403313 -2053766083 -526641542 -1160867894 -1295978843 -190547806 -1769485122 1818864671 -1904764716 -1560662943 -551134650 1349955842 -1201166047 1685350121 -1997648239 1339258438 764721062 426637815 1346191039 1634781269 471612957 -1050684702 173494812 1809138804 684996480 160404907 1025953301 963235729 -2081101123 536272884 -1014073665 1679195829 81084234 -832039446 2036045753 1232253139 -969640633 1454525334 -2009103241 -580269745 -1626221302 2055547239 1668000192 1939143672 -609583803 969967353 -1324112217 1609125162 -805688357 -1116605386 -71903526 -1481998833 -626513286 -1322711600 1029510746 -276711206 -1158385890 -1306733925 -1475294510 -156684764 819885980 1065154632 556880320 -2046123548 10240039 -523084729 696247542 -42843005 -317147430 1525112295 -1572213469 -967202699 -1786859666 284718765 -301855825 1910872988 814110807 6695766 -1970808673 -624990248 
1114154156 -903265117 -1685912264 1637507224 1329435433 555331065 1580127659 225208852 -1197012819 -119669663 1503382418 -2098589902 -2071998942 -650345050 871159223 -584329699 107404487 -319564033 -837109221 1579152881 -1263452454 929484960 -81694495 -2030278337 302058153 500290263 1141160867 -1945489403 -1979157572 261594057 75690629 -206692183 954445891 -1422178676 162713802 -2096820552 1217903483 -1345887584 65272852 426568863 -497082266 707911613 -1047550318 1711951434 323186302 770239007 1760286562 -845680500 -627711478 219367855 1341401519 -1071119648 501735820 566249414 -1781178975 -17510811 1356263199 -640751502 1284277817 -2133575998 -86337628 32101571 674166845 -1055951657 -1761912631 1035922878 -1897017215 -437621557 246536249 -1810723790 1442733770 -1538049520 871733159 1806830380 1499820731 1734992018 509191899 74451383 -1489268862 1304547755 1948689010 -1818095366 -645744528 676456006 -1107616110 1430127503 -246732645 -799388880 -845378760 -1267490242 629632085 955026813 1833454904 946900479 1820178116 -1740735815 1205883353 263960442 16690663 966211449 
99427912 847570363 851916528 -1039566516 2034981919 2019176879 -1885228413 1336957466 -1192959835 1669632749 -1588491370 -1886126653 -683501798 -720798304 -1534854079 1465685746 -875016244 721707898 345555619 2085316478 -1169620633 1834102545 1419192935 1152185475 1415547440 1492115886 1669099365 -798018198 -772316597 1646676379 1122338253 -1059995866 1427020336 -1441135374 1654266081 1588621948 1624580419 -905264389 -492829810 -1198897136 1028686512 1759354628 975127317 1926846600 -1953846136 363540711 1972378510 37032459 883212396 624994901 -1688298372 1623971563 973351735 406146547 -668203633 -1738756627 2116237791 930664710 1651668505 2109742063 542611766 923570181 109095181 2082224846 1788092236 546615359 728332606 926923969 1742001928 -1602642024 -1492003750 -1314601119 1526583829 -991912968 1820926037 -992427226 -280853507 1381924997 -261347305 -1942323054 -566524796 784661746 -1100864468 1479644560 -1933363176 -1651090683 -833598388 767590244 -1147962874 -138429106 1413697881 1581304331 71554698 1165978770 71394230 1849948299 -1809570549 644259906 -729492380 -1099125812 
-1167997465 -379388352 -1596119220 1152783803 196968624 -1358835142 1906447417 449546195 -2096381358 -1691718115 -265326933 -339447817 981297254 1861540976 -1420851548 1485604071 -1434509818 1550281591 2089175454 -1034449818 -902148134 -43007486 -546620458 -1620362766 -1200026019 1712261056 1027121217 1728607622 1223108054 -1803305895 -915463457 534060778 861100409 1278335872 -1959015978 -821714405 -1235014161 3290991 1947306544 -833985590 -277096543 -1766360543 -505290232 -884344404 -770392070 -945231711 1505233863 632851333 -512909782 -785876001 -1513603144 -1075496676 -109798776 1364943493 1134279759 1230879464 22482491 -1277547533 755539558 -112738101 -1256874080 1076376187 -868286013 -1653370620 1384106777 -304293065 1169786757 1053622693 -1205228198 2070445865 -613343836 -968890867 -330145825 408431667 1000341198 461638933 2025073864 2133392795 -2139212114 -283575509 -772775029 -720151273 1004413402 1160509789 -460519030 219698875 833988116 -1092169597 -771338122 649704122 -1103153006 1879805775 -658922097 -96662844 -1098632211 976294960 239856090 818617053 -1601431164 334603548 
437895121 1693839708 -1923970745 1118431243 1457682464 560887470 1603289800 -2032326612 -685878348 -1544339300 35746981 1394639364 1543833457 1343374172 -1295932775 104633227 -572853344 -334072103 838525824 1405527317 1937118330 -194202944 535677906 -180412042 -2005385096 -911777667 -171237166 -1084090155 -1246719171 -553415742 -1217680624 -1397732372 455398792 2052527251 -1744932271 -71953077 638583988 1275771668 -876471834 1249956267 378334156 519708999 -1597137936 1028822552 1054857582 -1149157462 1733811832 2140843295 -240342688 683012415 997243789 -1442194498 -440899042 -878345872 -1715241293 -899352331 952798659 -1935122450 -592188323 1268508532 1543620690 -531326978 -1837464753 -840730375 2017153084 1739065263 58404602 -559782270 -49603967 -918372028 -214409144 201365421 896614182 1404120012 1024395884 -1156201818 291780504 -386629647 -1382557090 284122022 1153186142 196923170 -1698162458 -900544681 1676580377 -844884592 -2106436462 -153323897 1810666196 1479549596 234331867 -1115366437 338100684 -749706105 -1489919953 -1954797106 85151063 -351160394 -1180878443 1771638771 
-433017246 -1211706752 1697221834 1578733860 -1806428233 -893003988 1449647951 -862579598 -846606042 326487745 353209334 2091987051 -128375376 78971610 -273330725 74683404 322892430 -370354675 -1542670260 -1520123598 1086529599 597197263 -904345404 237823996 316230455 -189205856 -350338144 -589758854 -856499202 -3710788 1085464201 450565105 1406693863 -1638147190 2097467286 -405303483 943349224 2123271368 -541204932 1531257363 211807677 231897735 763881095 406201096 1654953415 -2005455292 1801098244 2012719550 552165792 -446620224 1173540184 -1763698944 1059303302 -1946058068 -228580773 1968684768 1417155854 -1675253429 -1086445789 1425211938 2032470607 187063171 -34370830 352083945 -1952759097 1073389781 -848731243 -433372189 447108113 1644230805 1529997062 765490372 -918803979 1957537064 291517384 942436782 -991745328 132307154 -1159927335 1956975239 307136409 2032649303 -2128235680 -382572586 2059055599 919038861 -1200625316 -54226464 1198372636 979154158 -1234027105 811078113 61045548 2119032221 2100432516 -586841131 1105528962 832310873 168141417 -2006132654 
215593812 -1922196657 1019309756 1875094279 728392868 199702147 28480530 556511755 1671077246 1257897850 867708267 1205486188 -451142551 -1224626493 -1843640452 -787879472 181465172 -1246155019 -475202426 1540064401 400503621 364083004 742582561 -404907963 -1646032617 1812555253 -1385754073 -1224866122 1456845225 281811822 1676853505 -1062339333 292164915 1183256508 -1721309625 -659675582 1003209015 840449563 -714505098 1368144609 -2024674424 -362504584 144733257 -367582851 -18067038 -331531189 271872243 1955001071 -45509787 1290517094 -581031032 737931882 481581164 -1919264256 1430074688 -1592031342 1238517468 715762112 -903605516 392816053 1527370629 -2090882649 -642216861 -1117002483 568009733 -340524214 -1160938448 1598485454 233960285 134006355 -1179790904 -1252657520 -1022912533 1239170907 1580635172 561737327 -658689023 -1334526621 -1329031673 724783804 720027861 -663088182 480906101 316320377 1835166778 1067054297 1331574168 -396093662 1269355456 -1265483082 -936304923 -519919129 677805799 1564319199 857364661 -1759527067 -1409623470 -115016114 -1554326573 1703037696 
155534218 -1862696954 1906537344 1171185974 -433043538 -1027883852 164781339 643381808 1844630419 -2040753363 -1113687635 -449921966 1206227248 -169904782 -1991249639 246495254 -1477596556 -2062937655 1907770290 -664084816 -922438340 -205737191 -1550053597 -992600159 -1595641908 2082920878 -787376688 -1366539148 1904864518 -41833199 -1749446478 -1868866319 342649487 700038756 -1933305150 551764784 -1105981447 422929110 -842751894 -226808190 -900602544 -1281788652 145084555 -701225683 1150593568 -897501541 651386606 -1149976210 -953682140 269372066 -1231355328 -1822905203 -222769492 1865409528 -1249456572 996293468 -659088150 -712334496 -1131900469 -458668807 -1878555480 1045605577 -1713498130 -1061307237 -207258542 203494336 -1905719335 -1408887468 213703739 -1340953328 -1377400174 -1427365290 783542587 -81240729 574660784 164684098 -1651104098 1528168603 1396943764 426446892 394678453 1381946560 -90326015 -1160874800 -35544502 -805827836 -1507584265 -651874791 623671560 -2120438847 1477588678 -1060916345 661797793 -2082844465 1255745937 -2069873072 79166083 1293464885 -1818625775 1272221583 
-70440279 -1839055895 -382675489 1942013297 117088591 -862834399 1299745362 -710103139 -1391092395 -814669446 505503799 1235288969 2107621476 1469541163 -956578382 -1651522275 -153889559 -1326751614 180813468 1356259688 -2012358236 -340873310 510622007 1845141358 1067985051 875314142 -1009990847 2134285849 2136943835 -1264780948 -964818477 -1653115795 692242501 -1032614559 -782127455 1238423048 1158107395 2085916641 -1155935835 1552884351 742476763 520703038 193765354 377596295 419785174 -386625687 -2080840879 1736467177 83482638 -558324956 1200348254 -673244753 -296778866 1158963534 -1731992571 -1479453437 -983383644 374448756 -762696350 1008110493 -1689615767 -719402732 -1228224493 550261589 1294664403 -425374366 -31766681 -1658511889 -1477024834 638941813 620988932 -882639375 363009 -1866201836 1445344631 368538639 354306419 -1384796616 -512983013 1206775932 2028355030 -1877765511 -1780485912 -551126087 -1736815287 -2146205528 69838218 824679530 1020590358 -459508442 -1716596489 548965128 -465633147 654716247 1832688737 -750066225 -133889436 483747010 -260476479 472985015 
-7571042 -2094154718 1952265693 -82646464 2076807281 -1833085030 1271392853 -1842462896 1346111484 -1013138468 2140297397 1618341983 921746097 -1426410854 -61216712 -1761373232 -102156549 -2110245607 -1633087343 1062075896 520745928 -733860832 418102550 962481044 -767723722 -1885856223 -1747648929 1885523910 -443051821 -67132542 -1989495441 1772949625 -98372308 1064285927 -997196290 -579481338 179581126 417876607 -582792527 -192578511 -694884976 -717891672 -1793613416 -91816491 1157962239 -712481819 1281980613 1843795009 -2025428930 1014953385 -313421004 -931192506 635196424 1968177126 -1392284386 2086684414 892586967 -55899162 -357990249 173563923 1852963355 198747643 -1292943082 1882724069 1313733799 505860534 1516546788 -2112918673 667989406 233601461 -975858268 -1716301873 1067693696 1950706450 571571192 -801978631 -587867194 -1178681566 -1511643855 607780389 -68875802 913319368 1566739818 -1878516117 -1663432235 832379318 1511614724 199967250 -152478517 1512958805 -2049915827 -1044213627 164440814 -504849274 827716017 1386084692 225453012 617386508 -346475967 -321700409 
-1338514458 -1625091250 1390853022 1128882973 -508405118 -1425603065 -1935407222 1233982418 1781962955 -1500079127 1695315812 -1214698121 -434910860 653886774 1553915676 527820036 -1262212058 -1497008424 1861306737 -251102982 -482920628 2063894986 -2128867494 2106459308 -1953339017 -1582447698 -2132777349 1197347236 2030444892 -1295615636 -519760235 1608186704 206728513 381601000 1794510911 -16206457 2031355344 560060429 1437015470 -495741190 -1145379880 -323548853 1493771183 -961025813 780389052 -1242143484 952958812 1309944844 -1600909342 -800442251 1455001290 1890388183 23296502 2087520225 222236945 1003930114 -467152656 -1348528606 -1424043460 -1638107720 229996788 1454099149 1795789036 2031789809 -593664408 34913349 -1966299383 1013351173 -1632093850 -1401014840 13841119 -2143941127 -385843964 1005582687 1802804970 -1221825088 1460749212 2013314104 -2028486865 -864174478 -537013555 1642228943 176275784 -729927000 146635451 -1757357137 1936990897 -1923199160 -1790407109 1577680516 -1626062515 -1546547024 1745969725 -340924270 -1287947753 612738104 2114566877 -1186013799 1820043014 -601943851 
786428829 715414015 -676692658 1823268916 -1441744856 1057810133 -1171337657 -1282502543 -2078447240 212073710 1219321385 -1959964421 -1374532293 1473779290 -332581237 20891380 2022458105 -1730864149 -1232970016 1792865486 -1980740390 -2043764579 1416987523 616866897 -67756878 -843973493 1154746225 873660498 -1472683267 1042914034 -937469701 407872351 -1465380526 993350614 -331081852 -1544177710 -292149835 982062676 -610695477 1658978117 1821845329 -440964183 382724092 622144040 1366310815 825845746 -2016354748 -1653222404 541978162 1347653405 -2038256 -1313303162 -510743750 -1490774838 -496278284 -522138114 -1563119535 -1248310016 -2123419438 -1566305088 837539569 833123275 951982765 1931948809 -1261897415 1841249804 -1050327982 -1628380679 1385160576 1458902645 413670041 204033575 2079466918 -2127050107 -709620579 922943433 742841138 1715043865 643180207 865656858 -2137738724 -745374322 -295141373 926283194 -1009679907 -2066438472 -1350405709 -1288777455 -1844022258 -1182133970 668071152 -1127928638 1630003692 1329663129 1553943563 -1229342187 -1518544865 1765041838 -185777052 -1454822276 
-72609858 623067137 -170401036 1896940992 539903328 -255462887 989544502 1518606835 1241923206 475853572 286374363 1951970764 -1909738742 730123883 1605928611 1759762379 1153616775 -1173039252 -957790366 1991723923 -1584783106 1503807730 496429393 518476010 899183167 -1087178309 509101192 -478106074 -1673330754 126690563 162286653 -1625434380 817641481 344259550 1390201601 1339851261 -1349404552 681364435 -56595938 1053683988 874617628 438223102 -159694387 139506080 872624636 -364542074 1071138122 -1693324774 411920044 8064040 -1470095101 -1026451871 832745972 345906491 -931783472 -609771199 -1968801419 -1741339785 -340487169 1315931767 -1649331211 -1597159800 -358076017 -1046622486 969710134 500612998 -1546959459 -2089294952 -1774598882 -1804636761 592392064 143899497 661500349 698757350 -1697164975 1443316412 -1088450205 1065103275 -427845699 -695752946 798783989 1937075143 799455604 1588386047 -1720437439 -1950496390 1528644356 109968666 -215451565 -829806920 -1029898853 -909275733 -653560745 151824519 685306705 985219801 -300229122 -50560747 95931821 1513988068 
1799489726 1282995715 -1902605736 -231609031 1695661102 317111513 -998258250 2116659415 423274276 1960042619 -916142284 -1085335738 614506126 246099657 1393936018 738263611 2074047951 -1912155205 1406572075 -1100933565 575919057 -2111915557 1591761011 1395311567 1974086022 -1307471441 -1944267677 1348378238 1494185599 -1584203418 1211305464 770930989 -913278716 -370841720 1956726584 -678691183 1312779244 1143683734 1338051385 -2011581238 -1698999536 -2005384826 2107779690 -1316753999 -226070596 -530312673 -1368687333 -294060746 1740914867 165008794 1884467944 1542339287 545245993 1598743167 874883927 -375787674 -1863985382 -1590371226 1397813291 -1309562288 1598839370 1767462395 1886832998 -999437326 1334808858 -1486601335 1771375716 1276955220 -878518221 -2011036903 -1367638403 1846912488 -1408390610 -758106471 -149151334 345486997 1977307390 2003583902 162876646 -1579123708 1694390763 520020600 -766903513 -356616684 -467689375 273618755 941278149 -221139690 -317285803 -246480840 -2131345832 -938811540 -2032442144 -737869775 -32697272 186317577 -628801147 -350819003 377115227 -1524161999 
-1076920145 324875121 165723851 -886210060 -36459185 -1898755541 232766846 1645831289 1385138047 1973269037 -129153876 -444878409 333417904 545136394 -357308885 2004073737 -1379385295 -2142944177 1897697567 -1190634728 195314891 -158726776 1600726215 -1201874189 2052327393 141448159 933955933 1869407964 1669941825 -1287855638 1147955555 499153758 -563661319 1150910994 1832490857 -1707659027 -1719296896 -292887131 856561417 -365081484 -496657954 2100582462 1967362335 -1967071713 -1005530486 -1792911159 -903340761 719751258 1668073543 -69825227 -1196909835 2099496295 1205703362 1115934277 405462763 1380929454 -1977580020 947164187 -2083611980 -889240898 818063717 1705442225 2074188896 -372977202 -872190026 1966304779 1326501183 1847748907 1614453895 2083994576 586816444 -489953427 -893864467 482398161 -1204523389 -1463715994 -884963581 -177702768 -1855120006 -914875573 -1559039436 733792153 -249062190 1933980074 562076119 -167017619 1022608854 -2127502124 1868833429 38249206 591525621 -904506292 -392580335 -1219872121 -1719382566 1104520767 -1051917016 -1476263251 -2114325156 -857278932 
2131016060 -923267468 -1195847302 -1188199102 -2015932436 -1768394844 -115983194 -1580593278 360877883 -1806465543 -960568202 -303978746 -1326289354 -958392655 -1432817526 1950774133 -225257965 -1511125286 -2094600162 874340637 -395927182 -525295543 -1047442884 -1994942161 1763927715 -701951976 1786832846 796404522 2001461500 -1113701507 1558348673 1773485117 1068433476 826146723 -542661506 286824898 -1170774707 165729762 -990947527 1168766 -564240479 -429630935 -1897455686 -1302356319 1709425133 2058634535 394910791 583915372 -1679103451 -1203373302 30111165 1694121880 1635216421 -1843658635 -1422366392 631498475 1907311897 1199210212 -61072786 924008727 1317832630 -1130709173 2128611340 -902877771 -974101530 1668350593 -1138560745 -493019669 -1659791648 2022079605 1123744895 -44652416 901766808 521181607 898140146 963462123 -750820992 -1047967796 1817401912 -337084013 445349189 503208665 -61453410 410234689 989981179 466876772 1346912710 -1622267868 89235293 1506357149 -809836105 1454585518 -1958794606 -918356889 358831662 -981628749 -1777897834 -773142311 -1019317643 620803940 
-386385942 586646608 -584433236 -378568979 -1704257677 -394409045 -1459866034 877441334 -1113125176 634107135 1133713071 64511482 -866162533 -391116969 1153913810 -1677744542 850697894 -318341839 970614687 -588618358 393344880 -982173719 1869473353 1375293936 1483651618 198468414 -1329201912 627827641 -927438197 -2101740161 1316048009 -1252674913 1648754717 -483289654 -1333524314 1578078923 1189113582 -1993298717 1127431196 1985791031 1845742228 1505337549 875999785 1223498776 2106402131 863447462 -62232851 -844054177 2138750780 311748317 -2104372861 266539783 1742981526 -2049261109 -417753592 967673093 1774782976 888846252 -154054567 -1312537133 -376943633 536904672 -1080992660 1380751555 -1862335701 1076052709 1154348287 -507260703 -2128275381 808119678 1037139888 1303956139 1904312137 -617548082 -659048549 -968264030 -1870640807 574099416 1953919386 1435150120 2140445952 -167954622 -1807970294 -1594980821 37682275 -453127327 -1919944044 1035503167 203893808 -1035285931 -2092253842 776109979 1098578308 -1455067547 886135017 1085873979 -1963110815 -1342746328 1499189520 -1493145222 
1718213439 1123403047 983895700 -2098882681 -2054312298 -1035435287 -988591271 627869087 -394922361 1248773868 557915818 -849800261 -747358795 -1589112576 -1682597449 -351626987 -1891996638 1039006358 -1717953798 -2137509130 1737111777 -1858020801 64757561 1363985347 1313553701 443872715 88855697 -945433001 844807206 -1779572525 -326899986 160152548 1656850285 -7774566 1650048585 2130384766 6958081 -491063807 -1174372118 -2057340279 -1757644835 1647947926 -398829684 -306026417 -1326186241 551146203 -756329409 55690979 778063902 -1883152982 -248735056 107220541 859007195 1962770535 -670497222 -531131371 -781137764 1825862505 -1741241825 1687184699 1174097087 1376310199 1246652352 321284023 248216868 1266189553 159981776 103611868 363058689 1218790560 -1435635831 1281976169 26004356 247506202 2135125495 1929607344 -1791691783 442285155 1869815961 1060313583 -1243402288 -892430550 -1753586703 527654607 -1762062895 -968188824 -780328815 1545526420 967293782 -1145812837 -861307007 -377543826 543496111 1574549214 1586454162 -1834853736 -428268553 -2020424650 1060093332 -1392349417 
-2001668796 485665229 403827238 1710491026 -1006786067 -1627536883 1383602675 507082187 548940412 23572475 460850509 -1394697008 -1449415159 -1586435653 270852639 572437503 1288202000 899582898 874613368 1774992560 2024734556 1659041447 1240057649 -1416624956 799837811 -1594860615 465889572 -691547989 -235873819 -135032296 1390011710 -157747220 1632596944 -1087145448 820596204 -1105146944 1576608303 -1948455444 584064029 -1670636528 -2144303942 906779938 475149395 1250256900 -480365454 -1943822183 -1728072315 -326063023 -199084831 1070695325 521460380 1405830653 2025584744 523438537 456594449 -951043648 17812427 1722470957 1591220865 711417990 -220206437 1121408772 138052975 269423343 1293678132 -1635157702 948037589 488331613 455464626 1563173205 1040537623 1153284499 1263466729 -1667794397 -1458022237 -1191643473 -338603225 670262775 397809058 1999894614 -852109508 -1069650201 -1569648434 -1318057667 -1303600654 -731988203 -686445123 -641458863 690422123 -1267413913 -320693560 1864593104 -42824716 1616252266 -1896962124 -958062198 -1453930991 587481008 1272039384 -1829966511 
