690423 749362 754185 827679 801821 761218 727882 767789 757965 741608 725162 713527 767663 734100 745290 791033 780837 801552 827604 775721 770526 791489 761380 732292 763244 744493 740895 763439 758321 786473 761699 728387 820218 768759 737006 745035 729391 713112 776167 783550 750905 728875 796270 748984 720977 800990 759509 782567 780331 719944 723886 778043 771716 740312 781801 742398 748858 782622 749984 749910 776409 795965 754696 730386 735372 790390 707703 790486 750554 778294 743542 750952 792003 753402 766289 766289 724286 757589 754091 723261 724186 726289 733400 748411 751944 763078 743715 738297 772652 819659 836020 774522 745539 771687 746120 769368 821268 770026 774831 747987 775744 783270 785842 726445 756446 769874 800580 699160 745960 770702 767329 735068 751779 710453 759129 818980 697669 734861 755267 734391 783818 777949 765805 775255 728163 814836 734871 754289 818976 756413 674874 790457 780130 748363 764494 769772 801886 762267 757447 775468 787528 749504 770895 759537 745259 769221 757022 747022 775668 788337 736464 736273 727660 756011 774331 772476 750513 721429 775624 768282 759061 752303 727765 774220 716990 741818 764377 792845 788991 744533 783250 736883 728691 739385 729134 769105 752795 793422 784073 800649 729361 741274 733899 813755 735229 800949 782060 775527 763611 798014 853567 749035 808760 767996 751858 785900 797971 780017 801417 717089 762119 731686 718941 804960 724202 741458 728774 730465 797981 780529 757417 739610 751554 739824 708173 754212 811701 772993 708257 798604 783899 763905 758954 777641 761316 720115 751397 781333 780931 757161 738442 782200 757883 756529 753259 758903 743376 736100 787716 763117 738422 766613 768364 749615 780679 736462 781175 735223 775262 754749 765756 750479 795054 746165 780336 735047 746722 716232 801236 771342 746621 788121 729371 755998 718906 787880 752635 759364 748607 760226 789039 782162 755053 771579 785279 773390 760511 727587 749063 754014 724875 739957 771058 735278 747545 692379 729905 691882 779507 761820 777184 767409 745210 731396 737201 810668 729917 762692 745568 742249 
659009 674015 704364 744087 696183 694281 685920 696863 714453 708372 670881 676008 717506 681873 665470 717238 717470 707659 784246 695520 723667 699217 708641 726591 697392 700067 677592 709797 701873 714193 701640 652880 773805 716223 697129 681587 659016 680039 697545 715728 718463 651641 730242 696339 643887 728814 701520 723476 694713 683784 698495 717181 724012 695919 748283 698863 682441 732769 727095 734389 694034 702673 705356 714664 682902 732731 661277 715188 685777 733900 678465 686283 740825 689671 696037 708154 669587 678577 680307 684623 671638 672050 693151 685080 693387 685648 669927 686646 683920 737161 751539 690883 724481 713456 689749 676522 740371 749621 733654 687723 725677 711018 721130 678313 706410 679675 735996 667879 654341 702635 685179 667810 702519 641110 692183 747509 649139 665057 712157 686294 704479 708834 705701 728227 726620 756207 690251 697299 736868 726552 640950 738233 703140 680611 698212 677262 700625 707441 703991 694648 727170 711103 669375 710627 652677 710702 686240 669085 663663 735677 655979 722143 674537 686366 719910 718961 705275 682159 691916 696808 709465 702066 674320 699923 700912 662321 709713 707531 706978 705592 719112 658732 682010 684970 694834 723055 676577 717670 717776 737225 694857 682588 692356 741701 681488 763075 703116 706007 709283 738626 787868 696213 767132 712700 701509 708166 719267 732049 745642 667958 729661 703116 678120 737766 692187 700970 658892 661739 721036 755272 696087 684526 722150 648268 658322 697859 723588 701123 671687 766713 718540 699914 694332 725952 686401 659997 695045 695836 694517 722797 662683 714775 681172 677493 700067 728433 715303 725241 694294 723217 694505 713973 702772 704907 703319 691071 715337 655165 727297 694136 724955 700175 732977 684866 707589 683561 685403 668420 724342 691776 684564 695165 687974 719489 674543 747610 697580 708584 670714 705022 766268 692940 722004 735488 709039 699486 702935 677345 680162 708466 683192 713716 735473 685477 686321 645053 709923 664456 721269 693355 751716 714099 703200 669861 685040 772812 710893 724132 694224 711044 
651400 714351 719567 778885 724633 705311 666919 697717 708304 701401 677801 671816 727946 709016 711008 722953 706435 734387 762010 691231 723567 736562 701837 686744 716286 713590 690937 716747 704830 729218 745258 655829 785297 714193 676642 676949 664058 663004 727684 740083 700289 659596 747708 715051 668071 741002 683746 733406 694779 678274 695526 714583 719215 699177 735003 713770 688522 707733 686569 721914 678239 729282 706547 725050 668891 758813 666319 719690 699968 731325 667887 698203 715941 699004 727869 704395 697009 723973 702547 683442 667786 669926 715305 691897 698099 696216 696520 671337 703983 732744 768560 721780 717681 724696 680962 744821 741693 738268 774672 691275 760966 761719 710802 680948 714768 710484 731010 671918 682918 712559 714599 693895 692964 689361 683850 755452 674132 660309 709220 688132 731136 744855 730319 739838 702721 736677 699957 692094 744360 703796 653316 743379 704378 677530 715814 703593 695831 690349 694400 706115 704969 705816 681819 681407 682880 752985 683389 676282 681739 726976 671958 711380 678588 692077 685302 722665 737158 703953 686980 732050 696801 720192 659033 699239 696695 719478 729543 721212 720994 709563 727245 692945 680457 681184 717835 706765 699539 761144 723006 742251 676611 695858 686743 751387 697960 781373 728810 727271 688153 732923 788847 711801 751016 739460 703332 698068 767690 747555 739361 661431 761280 695997 693639 746305 696281 706111 706733 687296 706293 734642 700221 699705 684895 681233 690828 699686 769052 712786 668960 773206 709940 719513 690628 746604 697548 654439 712722 702876 716163 721373 667438 726995 727756 691235 688921 724054 706019 722332 711651 762953 718327 714141 705213 700688 723486 729690 714579 692675 726846 685903 736990 694527 723157 689990 707421 683398 724390 692057 727211 726601 717650 722437 660531 749875 674843 750007 688733 697000 703824 731834 754805 698852 721696 723022 726918 692260 713233 696733 686470 700348 693748 712332 729235 691559 685876 668226 681223 684174 727560 723622 729487 702356 732138 682700 691455 806262 685875 720875 699047 707910 
636224 703178 672100 753713 710640 682589 667654 689298 682513 717639 660712 671486 692574 684170 669894 704808 740570 726216 740721 687168 730726 727691 699649 700141 674283 701787 695767 685162 676785 715703 694099 675390 754410 711069 680620 658948 658704 667994 695272 718601 680031 677649 718948 699089 651974 726138 694183 732047 683106 671325 674053 697803 705624 686006 718413 696280 671391 716709 721775 711353 689098 722298 680299 684399 672724 726085 631097 689809 670261 700498 697590 666447 716009 700041 677892 675961 657263 699120 698334 700745 646415 683199 698537 711770 699698 705814 674976 686724 682347 739436 753795 690841 705297 686918 672744 695840 726449 723968 729189 664381 701487 710801 692535 674758 693977 689166 724640 637670 672416 691762 654681 644109 669746 678722 690404 745712 670043 653802 721247 695749 677854 722702 701906 703500 708234 732663 654264 691318 697074 711824 630819 737119 704529 654108 719183 693083 694792 710873 682504 699676 708270 704031 690790 699230 667065 696168 657264 651437 667240 723483 658844 696703 678418 696780 669194 687808 682174 678679 680403 708414 706016 684188 674180 703422 686185 684541 698519 717629 738030 676330 682493 692507 654858 671733 659937 687063 678000 711715 711982 719367 668403 669498 674244 717616 643234 716894 711620 695978 681078 758201 771415 701179 707350 704198 709316 683016 745161 717625 712094 659880 721338 665747 640977 709524 672797 689019 652198 674230 746900 750058 698815 716002 691882 649192 662666 694133 727805 686951 639568 772764 711060 697108 676187 694687 686414 685983 702609 697435 684975 704964 658755 709194 675963 681704 697581 722234 686253 720969 687042 717249 665175 697971 681643 688614 707344 684797 724839 670098 719111 664602 722294 695883 684749 682801 699769 654863 703003 648184 697815 680160 678100 715971 679089 709870 642085 727076 645898 670668 677396 710882 729823 724065 698101 730025 693320 672697 692981 673172 672476 686776 697917 705709 697406 664084 696316 649556 693637 657184 708223 709689 717216 683204 677134 658512 682158 739356 660433 684380 682526 702659 
679699 709162 747047 802721 774636 716284 691672 736573 734342 737197 677621 686036 713847 693535 677413 768309 742936 766505 770531 718840 727989 754862 708033 728475 700231 709830 723627 747764 738669 769856 743444 685967 802863 733727 687769 732784 715231 697925 737246 761653 717091 689469 777183 703884 719884 754668 721267 751069 716430 691498 715983 717058 731744 710789 765590 701698 686642 745501 726715 726245 708286 734638 674853 716578 712298 728862 677121 717680 719809 760086 702843 704243 718729 695216 724460 716496 704927 708833 680895 723761 702729 694937 703043 732294 713030 723943 735297 696829 714145 760725 761119 710443 727119 728341 718273 717437 745408 734509 743658 682380 771266 755394 724939 675167 710928 696574 757749 673683 718969 752987 720106 706804 737749 699560 717116 777044 664347 703563 716879 707436 739057 734713 750866 725159 737160 786488 715830 722943 740785 741999 633895 760736 766468 714485 742156 733507 736722 724556 728984 715434 742187 740499 714461 704546 726836 746814 699264 713942 713064 750453 704344 731346 715486 720617 710587 737790 719467 698437 745669 705268 752531 721771 677656 747495 693394 696927 731031 731300 776187 718669 743002 695045 650061 693860 717496 720981 730949 737297 721362 774579 656957 720615 688626 744047 708903 750327 741733 733885 706266 765905 843372 725303 774250 724838 720452 740481 752278 739234 763445 695029 732181 699987 680364 747727 708720 712095 690408 717289 739589 796080 730879 726557 704569 690491 694276 717187 747813 701679 666811 767052 714250 743892 733009 716958 702439 698612 716961 714454 720574 729340 686081 749236 722607 719141 704533 716277 708404 735029 743021 758028 707995 720265 760410 694230 723695 728472 761155 682119 778555 684860 741879 720316 726012 680787 726817 709420 720780 717387 759006 719158 708669 729646 701191 740832 701020 703341 700757 718120 708379 719707 746404 748945 729262 747486 714048 715754 717213 690579 716270 732287 716598 730217 743694 709243 708055 665978 705651 672170 750093 723749 770791 714073 724696 704432 732200 771229 697518 708796 723299 709641 
678009 726264 741138 808310 783293 714668 719082 727227 776515 732524 691366 698675 735184 725329 745718 761138 756647 760791 790499 733951 742008 777951 767787 732823 724578 739708 757846 713719 725701 791709 741852 696055 781711 734104 722176 702536 727113 711489 767895 758913 735719 703111 780626 723404 716464 750736 719070 780291 735406 730075 757891 724572 759406 740744 768389 726943 723049 763700 755206 742846 710702 760777 727728 732563 705939 795172 698528 771112 744654 777887 711080 721971 757564 722829 757914 735678 718089 716796 743695 745717 697970 723058 730141 718299 722637 746626 731569 728540 748317 790165 800064 735683 735679 773822 703762 736894 743575 755448 764146 723913 752082 778587 756695 686796 758567 772972 780945 700360 732085 755433 756196 711482 718698 713346 703783 775133 691391 669804 738798 708737 727903 759550 750862 752509 712719 799309 744875 734080 760064 751430 690569 761215 759568 732802 740734 749410 747241 763479 718044 767955 729169 751404 717262 725073 751894 761961 706661 715530 729443 770601 729486 745478 705086 731142 764158 737177 752902 740436 720979 724974 737956 741204 698768 750470 690882 721412 726728 749329 779542 751453 766002 714908 704924 715762 756607 737116 722662 804693 767176 774706 707552 705855 708242 764049 736904 797100 759386 744188 715643 790778 834162 711494 809787 732805 747076 736804 792029 762424 789126 717400 769314 719298 684145 766405 732880 726336 697331 707393 767973 790387 742512 692446 740994 736342 701924 752385 772550 740661 689764 787408 755976 732653 716997 760735 738196 714776 730127 741895 748201 760817 708375 769138 717407 749198 737423 750921 731114 747304 752083 793548 711064 720303 744310 719918 754115 736777 731795 708916 764699 732753 773533 732962 748295 700551 735557 731267 717798 699025 762196 752159 734453 754602 715091 771217 706088 766694 731494 750305 731335 742050 778627 749999 761136 768048 742173 756799 747927 720967 733908 717361 722900 746807 768209 722931 722711 662795 714580 719255 752014 746062 794757 712271 709630 722112 722710 831005 715991 733863 732738 742822 
689984 724614 745263 816246 758094 773349 702729 748607 772053 766757 721040 708935 762901 748529 756711 800125 778900 798514 824269 746197 777881 780124 729258 754171 770546 782641 749499 760188 762527 812130 760509 708353 819314 765433 733165 729414 749434 749012 777504 799773 738118 730207 790717 736240 727059 760417 747506 800844 743025 731819 758129 747318 754057 738455 805774 724332 734515 761547 741320 756040 742120 784469 735430 784396 731876 803308 708098 756204 763829 788288 724270 748643 760347 738592 778154 739638 728190 747388 756524 719047 726540 714420 741926 755880 749330 747275 769703 721983 749834 826152 819986 743494 742765 773921 736946 759006 799647 790759 785358 734147 802652 765564 796274 723336 757234 750312 802149 706726 749314 780893 742940 758255 753202 752906 731339 800485 711516 733632 750102 734836 770540 780619 780437 750003 748856 807744 758873 778283 783564 737284 685103 806742 751762 723594 762231 774069 767962 775941 741572 747004 768366 754829 728891 726152 733546 764077 717196 721579 755274 793974 736078 768499 745956 744501 770312 752220 776304 740097 760385 767614 760283 729849 698850 769306 719041 750750 765070 786838 777887 753678 785227 720292 696544 733171 764534 764334 775724 771230 758019 808445 708846 723124 730900 782421 771097 801573 790977 770122 739755 792181 854511 755587 823249 757656 773661 757523 820270 786896 785377 724503 796293 755655 719129 796425 753355 729742 736370 713613 791181 781214 741038 720281 736971 719946 713963 775488 795916 776008 688903 808401 765201 764227 767932 782040 751482 693302 745919 764887 763297 782426 737559 771990 749994 743485 753202 768195 764780 758299 774316 787235 764087 750480 776745 733915 758912 757159 769451 721186 761969 738132 760503 782543 771864 742277 751687 720255 758405 742134 808138 751468 767385 762097 705706 799707 721218 769903 746812 760955 727031 787211 786187 771390 764011 769176 766756 740418 754436 756900 742172 761974 722902 727864 747931 731892 729634 710580 750680 739740 796862 769459 792373 737463 732970 752429 758077 826072 748174 759861 751382 725675 
709106 758883 752674 831453 790836 765001 732414 749249 759052 766027 730931 748403 769828 761787 741571 827685 796751 799259 846711 749218 780078 823161 782037 766322 776841 764123 753568 798795 789502 768538 750841 733982 841309 799969 761455 754597 748896 746247 783146 765004 768844 745186 794302 771479 771627 779153 743665 782165 761270 729893 764889 756426 773689 723497 814945 734060 746858 789920 772207 776582 746060 775959 748941 765809 739284 793426 734669 767391 767746 781000 753075 742043 758921 758285 773622 754749 739450 771308 765744 753516 725990 740576 753341 770380 774352 773806 744714 749477 757338 818582 840370 782322 744468 764447 768258 775292 797280 789743 793443 745313 792408 763524 766282 757884 774269 749743 785479 731656 757101 763266 747429 765728 778599 747354 735414 821553 738181 761018 800584 749078 772910 832571 770760 781009 782831 809916 754148 786433 800555 756767 704805 810560 790017 744890 791997 766836 795247 794893 761150 752896 812809 779014 763919 749241 727082 785257 750888 758298 765543 786606 713019 778541 750536 757157 774259 767009 808965 756304 742153 760028 764975 768249 729772 778036 735799 715227 767818 790111 789870 730156 762440 748915 712730 743978 758696 790660 746490 795766 781547 799849 747955 744947 735906 830323 727701 817020 785930 787168 765470 785732 866373 756332 817589 745549 783553 780623 798278 809065 824800 741538 794033 757616 751910 806620 753813 758147 761764 732933 801075 822508 781954 758009 770374 723339 738529 763923 842151 750212 736108 827451 791953 789329 750631 790330 751473 732185 778630 779005 776493 773759 729965 788790 746089 753693 766809 798158 784552 788106 766944 787852 767095 744207 764075 758728 768496 746591 809115 741205 798271 732343 777451 786512 788185 755371 773003 737529 757985 733672 798098 746362 793916 786099 750389 789762 734484 805556 750052 774732 743578 791580 794555 790530 767797 788002 791152 772921 776639 754851 764279 748982 747158 777870 764846 755855 743354 726480 746822 721551 776159 770831 789077 764782 740830 753035 748730 847224 751466 759282 759807 751427 
641921 719980 708679 779818 731448 705994 685028 720008 712286 708878 673433 646491 692182 719424 704865 725973 739399 710736 763380 711628 715104 740963 681859 695289 695628 714130 714862 702880 701297 761743 723708 651139 778892 722621 692348 684478 666224 662153 721162 722961 736589 688288 752379 691632 688673 740134 726837 741288 720138 670208 695328 706781 727829 711767 743573 698916 700666 717966 739659 713977 711623 739187 707951 716301 692015 709372 663787 718916 707650 720161 697882 688121 734961 692999 728381 678387 716922 685024 708292 653261 702105 685822 674175 724177 708202 694727 677500 706951 705029 737042 759554 697075 714401 727011 693728 725730 740511 738111 752083 691756 737055 713834 728247 658752 694483 696535 750801 687745 713067 700584 706970 718331 707489 675562 690978 778819 651248 687044 727611 670005 731267 740446 716773 731058 706561 761630 718811 721643 736689 714843 659439 756465 714196 702055 741529 690567 709797 708398 684804 736282 716887 696985 713560 697698 707877 705463 666904 699432 706844 720209 682474 708474 681123 687962 715935 714212 710753 700006 707785 711170 727906 712934 679049 714597 678392 699659 704476 718328 739746 693377 717986 677713 662769 658500 726419 719102 690921 720062 694778 748383 699294 697920 712556 750821 693033 748019 743350 736719 701497 731836 789706 695203 737712 728905 722617 720210 768457 753095 750587 691752 743131 669692 692559 747562 681834 706308 707761 690523 707376 758287 711677 698943 702843 670824 651151 726645 722226 697496 674911 769622 726092 731778 729967 723688 706211 671579 691484 715078 707779 711461 662190 703967 688759 689955 718982 704835 725421 698357 721109 728191 675248 698257 718498 707077 709062 703564 726537 705572 703559 674626 723932 682879 736412 690543 741370 684630 739899 682076 729884 697315 707507 703802 658261 759404 677479 746991 670915 693044 688728 699337 788796 716538 718180 736047 715038 698676 707856 695706 686877 682848 702228 717291 727531 725834 693364 666322 697328 697811 724750 717614 748124 703697 705429 680101 698528 776922 700133 715455 706366 687706 
635891 684190 698455 804080 728154 693618 684900 684392 757716 726254 692678 674135 705261 706480 699619 738910 706655 723716 772593 669835 724244 746716 714617 692221 701214 736638 702318 695812 719688 726933 721758 692170 764170 722465 686152 689365 665210 670946 705696 725323 742001 691314 757504 704045 687527 712278 674387 737306 708171 685366 700424 713342 730491 690894 734669 661091 708635 740984 713887 715577 712964 724509 685827 686549 683346 722581 655081 705743 677998 732828 703422 689614 723272 715694 719807 707889 690197 722694 699044 701692 669041 688875 715875 710163 727605 702400 685789 671640 711121 762760 752212 703206 738486 723448 712592 717378 760342 744307 741817 711983 729427 757727 725160 683240 698756 695471 764572 663653 697714 710016 695526 676255 720603 695330 711648 743582 714585 669551 717928 686396 727254 721763 740454 706296 714221 735832 704732 691185 737442 731736 631499 749894 739091 684633 725763 718211 707984 717905 717300 675193 725961 710229 715775 674269 670625 746711 704442 715739 680514 739378 648935 727753 695742 706035 675103 707161 719098 661688 714708 716972 714665 724365 670717 727946 679335 699072 713830 713018 720431 700593 722128 687744 656749 663848 691865 719995 677176 717702 707154 735865 669371 695778 706293 754630 681418 759590 745723 700056 704960 744181 799685 678178 734719 710939 737158 733596 723887 739532 741434 670035 753724 670258 680995 720411 687054 698450 704170 707509 734014 742745 712731 684501 699665 683627 673062 716352 774041 709144 652124 751267 727016 713470 699741 717788 704859 683732 685472 720139 709103 714677 695024 716564 714141 686539 728545 716173 699892 709339 726892 729428 685025 668236 691813 700999 711228 701326 743107 720493 731058 681375 729903 718853 704271 674974 751549 691632 701485 677568 751279 704877 710239 737720 696008 737075 687992 730877 705170 706068 681858 734234 729200 719985 703295 722532 708456 701654 708556 677511 690231 697586 668267 679583 745742 684493 686831 660536 699956 657663 730851 738148 715767 689294 691236 674110 710407 773268 661502 720913 735072 686708 
649441 697890 721625 755523 742922 702775 681024 699552 754491 734680 687176 690744 693618 700670 683026 756424 749090 741686 753246 716479 727223 726827 727456 705392 712486 746722 742385 710894 697767 756688 727851 691723 783058 706568 703386 680433 651357 677242 717828 735766 700729 707564 767370 695101 677113 721153 712845 747363 718831 687103 696621 698489 735872 706964 761567 669385 742438 742521 738151 720882 716168 746367 662219 710321 679523 746409 668448 709775 721144 739768 682773 700977 719293 715984 682322 672593 705774 680027 691362 705781 669585 705759 709351 707993 720315 729345 705551 680527 721562 753282 759879 715704 718175 732686 704544 745763 729752 739670 762515 691684 728897 713457 723597 673931 731120 687028 751885 698152 700623 713871 716483 685275 705237 723778 693881 748780 667499 684571 757885 706380 727845 758488 753320 733664 708704 766457 688521 734436 720538 717545 668247 762936 727136 713202 734034 735415 722358 731414 723929 697446 728432 722285 726662 710330 703227 733158 704175 700474 699702 749862 685780 720389 706797 709236 699904 727070 716106 710839 713237 700871 694847 712136 653117 764749 703526 705768 703077 700189 741929 695427 741144 675534 656675 653871 710323 737015 692979 746237 736305 735787 677036 710821 705952 763596 681214 746314 742347 713158 680146 740733 795397 709634 783208 739693 718312 715407 743526 728462 747044 690338 721078 667615 655573 743395 709436 696760 705434 698594 744221 775359 717204 707979 736460 682462 688716 737299 781858 728655 661672 763998 718814 732846 720431 725536 720948 665693 709371 749153 728747 712780 682182 747276 669797 667268 688650 721594 732600 727088 707604 744972 693922 734268 709995 715981 734481 711385 726554 699069 744248 708544 764167 709612 732400 694368 738058 702302 692526 701663 711414 716340 692585 738300 683504 731470 704477 745627 689239 708234 713093 752974 752571 726913 721206 736126 713503 713264 733288 706491 716387 715451 691454 700416 736655 701697 696273 689951 715935 673362 744347 729434 754408 724620 731884 699434 702339 779322 686414 727467 701387 725990 
675801 722010 737778 813098 764081 743105 718876 722598 743954 751357 690734 687191 728455 710886 690709 759753 767723 787669 785402 737814 720374 708668 728134 729300 731921 714411 740655 735249 714710 755194 737615 696553 809038 753308 719506 713618 701479 691664 777077 767660 709763 711452 783361 726662 704785 748493 728898 768215 709554 703713 705124 738844 737927 740573 762968 704634 710384 764108 700528 759350 713323 756951 728516 735076 725872 759766 659587 725257 715042 746392 706797 702663 759765 712164 703319 729501 717637 724294 734045 713892 702890 717020 701009 724289 732829 717805 725278 717937 712282 789626 790479 702326 721472 732861 721569 700363 763961 771064 774655 714966 760863 738459 752371 693112 737122 712487 786981 679841 692112 743041 708401 696542 700971 699557 728811 777918 695621 713263 750372 706493 741149 734175 702294 743877 724081 802806 726243 731410 749193 738807 678965 787743 745453 727256 744304 739107 738551 734116 699776 739281 740568 750668 727326 702257 712857 748507 699594 743144 735984 763011 697670 721858 719371 729930 718495 721434 722941 713937 741072 722587 721298 740165 683164 764180 669859 698006 744050 753859 773457 714997 737752 721790 656783 675136 722957 752723 721574 772714 734204 785830 694472 719824 676127 737642 716640 779949 754756 739871 752064 736839 823095 734707 749643 743846 722516 724054 737101 739179 737986 692655 743480 725106 688114 744434 718590 725774 738253 685442 749419 778385 741601 739511 738996 667010 672577 728111 779134 718176 708148 796413 744217 716300 714045 728655 731571 719474 730727 706239 733244 724574 708241 723212 708053 728013 724437 750607 720956 726011 734715 758253 684545 728288 703495 676711 747001 694831 766994 717094 723481 664279 749084 701933 721717 712004 724922 712273 742197 678115 760658 713896 689629 717632 715870 751529 708482 749448 709564 731219 695303 757093 775260 755692 742434 762620 723227 717161 719319 710691 712655 706892 731057 752352 733638 712960 718066 690967 697100 681171 763656 739984 773281 733034 746379 729093 747300 756758 719525 715225 725867 708970 
705732 730285 739703 811354 784408 719615 703337 715032 767273 737407 721198 700524 712429 731725 715766 783869 757689 765060 816131 750332 759230 766913 763595 738425 748138 744352 727819 750685 736619 761378 764573 714629 789006 740764 714468 713551 719390 728804 746241 777711 738476 711516 772163 713186 716875 738357 728934 742600 730464 722360 751939 726507 770582 739334 776777 735733 733509 771131 770802 772224 748540 748795 701145 741010 711334 775770 693244 746616 707250 757719 720451 724379 762463 750064 750601 729972 707536 726558 731826 721727 706282 704735 725002 745739 739394 724620 745315 721155 733461 773854 806635 753678 743343 753485 723885 747364 767046 766059 768028 748272 757504 733822 733324 706313 730757 733738 787881 709778 743476 754612 757852 734241 745014 720517 714311 811069 705675 719458 785887 725353 727543 783294 775692 732363 746850 793009 735730 726040 753883 751183 687988 802474 762436 709032 742077 735200 740210 767931 730102 705502 739610 758855 737133 723723 698862 767127 724619 765268 767394 753429 691217 757113 703291 726252 740406 741840 766654 723503 741471 745893 760282 731817 709095 755882 693278 723979 741038 770456 781349 710599 777454 706696 678191 740870 757124 747728 727165 766691 756666 772251 726672 727155 717926 800445 728648 771917 751652 772836 711403 769344 841591 729479 776771 742046 763377 753953 774605 739620 777166 695854 773877 739099 704531 787708 732339 759973 712679 715935 763928 769255 754608 753078 741106 712146 705515 731256 787100 738072 700341 821027 759547 743634 737598 752447 736073 728705 758945 741171 726419 747407 707275 755423 731859 722308 745314 770013 730313 729906 757204 794335 722563 754159 735239 740361 733703 707963 764796 719568 770680 717479 771961 741228 736026 718561 747916 715491 756207 722492 759537 735586 753723 750594 734870 779897 726771 750901 736421 730094 699574 735736 790454 753681 722212 792572 731945 760434 741037 741047 728558 737015 736163 746349 787103 750798 714390 702102 754341 709805 762228 744165 768204 717828 739831 728648 712174 815272 715022 748546 741379 718700 
655626 719833 720040 785380 723488 691274 710344 744182 749506 737096 679684 662390 694314 702929 674707 766458 732948 736127 759550 708667 741045 732998 714099 727630 701517 692436 677662 715119 690023 741897 704361 657907 764983 739104 689779 691533 694638 668792 694941 738145 700428 659980 764135 715130 696445 722317 715582 718965 711022 684733 708442 726483 712851 692543 728129 704901 685371 745958 719367 728003 683185 727575 721676 714911 700548 756239 664759 719959 705694 736380 673956 690393 734301 708671 714276 708148 689446 715498 719285 682212 689770 671338 694837 722972 719279 697698 699016 705074 706172 735810 771398 720881 731591 731406 697363 684846 752269 755862 766262 725534 732389 701048 687944 668071 720467 723150 764662 688169 685646 726491 716577 680605 726905 698742 671492 775792 698814 690898 738674 713094 698860 753567 738535 732938 703430 762957 711913 707292 750510 727569 646491 782393 721951 669360 738605 695652 740112 741979 712101 716164 717737 703304 709658 702529 686279 713423 685611 701285 699431 743128 679957 705017 679299 678898 701884 726698 722634 665930 734830 713634 716019 722458 713196 730435 687841 685000 726542 717795 735366 707791 730270 681800 687470 683311 716027 706466 701726 732834 717424 768550 678038 716251 684249 763784 674665 759587 723429 727643 713743 736342 787606 711855 746323 737217 723991 730503 758839 732440 749747 692272 749188 697515 678484 737634 681230 691744 678781 687960 709467 758906 714859 702878 690713 677898 667641 713347 771759 688034 657936 749526 716156 715695 702090 724104 688515 700551 693318 715301 693149 712999 664645 725170 721047 681708 715575 704262 700826 728924 742283 730662 694012 708438 686622 710015 729900 680877 716218 704684 740464 691166 739617 705003 691782 673302 743465 670846 699333 669984 734732 718694 707972 717288 723926 689580 671698 704020 688855 711270 670218 723845 750785 707296 708381 736548 716564 705357 712531 673665 670999 702097 679876 690585 734259 676194 702774 666460 662533 680299 748363 710992 754356 709774 690571 701016 701547 770110 676036 704384 715901 703284 
717393 735711 753571 805115 783924 731041 721620 777005 795560 753701 717466 725452 723488 761436 747208 773128 770532 775772 816495 738206 753583 744582 764805 731950 727994 751745 760243 743553 746352 785432 743467 718454 834911 756617 731870 731555 732731 706219 754278 783418 752423 733736 813197 726031 709503 761192 736973 783172 756689 689636 779615 749615 768450 731735 794238 739283 733206 753365 759762 777104 740658 767904 730383 742481 721972 780085 720024 747920 744340 785370 733120 737512 763763 740798 759928 740907 747732 728888 738244 744801 699838 732649 748401 757470 740143 731582 739749 684802 755744 802426 842925 774347 766746 793092 748578 792296 770644 783277 802901 751233 764602 754612 740062 727090 747078 738334 807858 731687 759170 767205 770987 712305 767673 736487 710963 802726 714839 719160 776894 718908 742261 780181 759846 765177 757736 804641 755319 753265 775997 753060 689953 799860 773480 727407 763556 751470 716670 743340 725783 743675 752105 756754 732742 726138 700311 784333 721672 765479 752586 766410 696894 745590 704766 742237 719371 760833 756435 739511 778761 760553 729960 743184 731561 758309 735399 721334 765640 777234 790135 729556 750283 705992 682243 727337 767078 757743 755371 805780 768610 808691 704495 752815 745927 788424 733430 830236 764950 774340 749962 798069 845362 755824 797355 747490 738559 747296 781822 788441 772833 712658 763858 725683 715158 759746 735187 740703 753090 721609 774396 800992 757913 706397 755223 729773 736204 749413 795947 726864 700221 816204 774922 759383 725058 752231 740089 704773 738875 765304 751487 737865 712327 754218 753406 719703 750469 749030 743501 781189 774760 795025 721216 760639 715608 738566 751596 734891 756662 756781 780420 711553 791218 764471 754266 746964 773845 728092 690162 677603 766374 735008 754040 762403 730934 799323 744486 764560 731748 742744 712780 732211 799918 752503 761513 778447 745838 777307 740426 758970 720058 765659 726230 733251 786319 708603 757305 713698 721310 706320 764629 732926 795942 741678 755418 730656 747229 811703 744084 735611 728740 723497 
668325 699173 743517 791395 760397 725262 671809 720920 743757 743489 706969 697088 739249 746679 726146 755197 759932 773135 795703 720583 733178 764609 734126 714570 720740 756488 721715 711070 743513 753025 751226 674805 806793 726458 706313 709639 681414 679153 752298 743998 737737 711906 764289 706507 695329 757733 718854 778073 741061 688160 724966 731083 742487 720281 759304 704324 736987 752576 750337 732706 709302 748845 706242 721648 693611 782143 684990 734235 737059 744819 705935 720334 740396 697395 722229 728186 716035 701335 727203 714532 693162 704359 742301 739811 745020 739335 731380 721852 741862 792803 791961 746836 728481 727515 716716 761277 749683 777081 774822 709217 742039 765102 764383 708088 719429 731085 742316 687194 702022 709893 719161 697279 738091 704107 709109 784635 697635 684771 738532 711374 756870 763424 754939 750399 750466 764024 701695 727279 750834 717435 664881 787193 755137 718200 712475 726632 744932 752012 750198 718974 749281 754294 728038 721988 720779 757009 705191 722374 728104 769391 702610 720438 717235 731271 734359 756879 744619 687462 739181 738842 752670 732255 696866 733427 709457 712399 726459 765925 770980 720179 751782 708075 679855 717922 732166 749028 744833 755766 759668 749812 695646 715154 716918 773480 720000 764945 746790 750987 717789 774247 826261 716190 799804 751904 737247 745679 778172 773440 765110 700801 753509 723215 682903 764467 720487 719276 692013 710940 765328 752731 732952 700218 727890 713795 702144 743648 752880 725310 682526 796372 756124 753943 707572 757684 718320 719135 743579 758180 742650 744672 668827 729903 745133 705456 747511 720746 709761 725157 749628 756807 705926 719035 719797 709895 750489 713090 768144 721772 748373 732308 751249 726727 750192 709608 758629 728796 722328 704891 736980 745182 743623 747880 692092 772043 715271 761541 721674 734987 714026 735065 771488 743005 714969 759015 752897 751698 726639 721949 719232 730421 726665 723807 756989 723563 734551 669093 731920 706550 757436 759570 745198 703719 707117 715949 730184 814733 740013 729584 720676 711949 
698393 768213 770267 846578 782480 752425 727321 763215 770386 761958 711953 727089 735226 743875 743505 803981 766846 788268 783254 752307 796390 787710 756679 774376 766896 741772 756640 784043 746129 770415 797782 702314 843963 763300 710304 714438 734310 696622 782894 783080 769530 724593 815336 750107 728383 781577 773782 777731 792206 725391 742496 760389 754086 738786 808844 751437 713687 795738 766800 760951 761908 780645 752189 747816 745204 772274 688439 747759 737361 782081 736507 768428 775245 748193 790229 726960 764165 744593 753831 725108 740311 728044 737080 775512 771492 775145 760558 753426 767524 819269 791855 755883 751436 773049 739483 747506 800554 771672 805106 745112 792572 783980 762155 730386 754583 730802 775437 721226 735419 777773 737587 741430 753158 737300 781296 827569 727729 743500 794008 748043 799967 784451 779827 738463 727424 809331 740344 757223 805258 781848 706507 790527 755170 739368 787276 732879 776393 769758 762493 744191 776701 758220 758781 738646 729867 766922 768580 756722 769744 797347 741995 756518 756478 737956 750802 764338 754388 735098 765656 755636 754342 784691 716484 799199 728978 769344 750462 793319 793475 746678 795659 758136 719013 711798 753692 755270 734211 771231 775727 810901 728794 736256 739321 808062 738522 791253 768720 791743 765464 786394 860288 770693 810705 773523 774243 773289 811374 781717 796515 721836 805898 741521 741959 788461 746380 739632 750081 713867 771092 813830 781606 767954 750329 697780 728244 751426 811582 747756 740494 835519 765940 759498 768021 761086 766494 742529 735326 796084 749474 754240 734016 765850 738152 725102 760053 763166 754314 770942 764032 776958 741226 747497 727830 747320 764388 769176 788168 736299 767195 724274 802407 791293 746375 749188 804143 745132 783118 756144 772926 765775 756617 781610 745989 791970 744495 797894 738080 734847 733650 801182 823868 741657 761276 800692 744533 773922 748208 737309 737436 776863 749103 730320 795537 744258 727300 707231 756283 742582 784855 761647 804103 762470 772750 748905 760813 813690 722201 742746 783901 733749 
627427 664970 662320 757850 718162 654970 661380 683367 692849 703932 653902 639558 671369 677284 672294 716641 710960 739417 756374 685975 668141 701076 688958 702714 680346 667601 678900 696666 689133 722413 691845 645223 738366 691584 685562 681684 667125 684347 721276 713873 665955 696642 734151 668115 671053 686229 660878 718522 662673 654996 682309 693073 699946 663117 736561 659567 651071 695905 670433 688105 698045 691625 669313 696740 671658 710168 628919 653816 687030 719602 676234 681055 701640 654820 674747 685961 653900 665272 671856 645036 662753 666953 705273 655400 691562 695645 692214 643860 672646 749706 758337 672549 688716 693624 690464 682789 725828 723952 718776 676473 719251 700907 686626 671960 664936 710331 721005 646699 673988 693218 657353 674922 648435 650751 650238 740979 679550 671459 728219 656846 708366 716540 698199 702553 672441 711468 654444 731819 707554 677268 609501 727599 689143 664182 679035 666903 706948 683526 676394 667623 696515 710192 667984 675402 656779 685346 652130 697509 665573 682438 647879 700059 664426 673596 664293 698385 682460 669787 684047 700022 692507 688512 645079 685623 639545 642684 706093 690934 706436 665916 748008 637594 629270 660003 682567 667259 646821 716714 678083 699061 669243 668498 645387 739359 671487 727027 728358 714067 673915 711743 778123 689115 726482 698783 701985 706873 702060 715923 704269 667671 697292 690295 671357 690747 682714 680926 638261 664023 683884 692028 689914 681248 682087 638711 640709 696397 739518 693375 648025 713021 702303 696310 682134 707164 684105 673111 683385 726728 688506 697318 663543 708963 682637 654986 701748 674864 662361 694744 706083 731351 667982 687332 688403 656288 674326 664174 716504 639314 687441 683146 715472 690597 694646 677260 697046 661788 693358 658857 729419 659183 659998 692031 673673 702718 659115 722030 681553 686355 671939 695599 724398 705566 671502 695027 677527 680916 684416 660458 658733 676295 678227 667173 702232 685999 681890 654589 691911 660132 729024 694712 727332 677549 698495 669979 680204 763172 680076 672156 703710 670911 
715820 713552 761500 798681 780010 687324 695157 737425 764817 754920 722542 708228 724650 759818 738005 799507 761306 760675 812156 746049 768589 757322 748339 738372 732466 742828 723274 742787 755402 771011 773952 733326 796248 748613 727297 719985 701342 710634 752941 785061 729359 733405 805046 749904 703301 749300 746367 755881 758847 710648 736312 737142 753954 745600 778156 729401 746366 776195 757697 760002 741843 775322 743264 735272 719080 778403 708272 758460 709443 767631 735981 735562 758857 774190 728050 760121 734721 702632 727320 740265 708691 745988 714259 746083 729935 724321 729687 742244 726019 793440 815701 742883 714529 762959 743666 751181 764952 770070 763248 738824 729914 755957 751903 710396 749067 748236 786335 685831 734503 777191 721853 708325 726453 720780 718884 791700 710477 696510 776188 740039 755101 777985 785634 739179 736008 810859 713919 747656 773478 752556 653210 789883 779089 748745 750572 745417 732776 756904 737800 749785 751241 749663 737312 745453 712644 759626 719701 782105 741354 766897 713087 760399 724543 733147 724702 740569 734990 725530 761936 739084 748894 749072 685779 753723 722573 694043 727423 755099 782780 729442 745709 713839 660943 729041 737534 770031 704067 755314 739099 785303 692906 710766 711029 773965 749212 773229 758967 753316 734321 781130 863578 719007 780727 742049 756476 747270 770374 753707 778742 730654 759218 741532 713175 771444 736593 727524 679655 722537 770529 783646 763745 736786 771863 708353 702801 748754 783220 749380 708379 799436 767447 754787 730454 768733 742887 748072 743593 742459 743926 763062 728862 737258 738703 726221 749343 743332 748198 739489 779647 778426 715547 733249 751513 711548 746430 718161 734339 739588 732569 717621 737066 747501 721179 724412 762613 724115 735013 684641 760389 722528 732012 736929 736377 770066 717241 776568 734779 725102 733408 751266 780765 767696 726093 761524 753444 767254 732227 716992 729048 717819 731582 741469 779945 724139 744125 698022 726499 718260 765391 768284 777424 734816 717113 721017 748975 806540 728477 730117 748536 734020 
710947 773139 751396 817049 789118 745495 738723 738509 751142 780539 729806 735889 754603 741851 760595 765529 764974 782949 856006 745363 802004 764729 744862 745483 746401 766942 738385 754204 772558 791092 785103 721955 839165 769297 734084 724827 734805 720639 792126 776541 785424 738237 780237 712654 739415 782299 733407 783324 767255 736318 724288 762237 775939 743048 794820 754029 768502 779075 771871 753176 754731 783616 742347 754383 739331 804981 694980 763066 736346 775901 736620 741323 780640 768257 766142 772587 762513 762050 747667 722046 726171 761026 740300 755854 773132 755170 757371 739465 774794 802862 836018 747736 762950 777473 751207 743912 778604 797673 803984 759878 798142 753180 784403 717342 754934 767945 814493 711437 735772 789783 756432 729660 756073 719483 770444 803625 722909 725501 771576 713040 771927 794026 771033 764400 765629 825968 777524 754051 795203 744934 715275 820905 773945 729938 793681 767822 765203 746401 763859 769842 775940 763731 758176 748694 735363 761368 752760 743758 740894 787639 747201 790064 744668 763378 759098 780942 760197 718754 762453 747459 747842 780429 727785 774240 748483 740233 726408 816714 799095 754061 761996 755320 711452 721910 750631 776785 769945 788558 783671 781662 726796 710118 737383 817140 752124 802796 782086 786170 746303 812012 870084 765985 788598 744768 794218 780516 822934 798996 807392 713342 778781 748074 701836 770496 759633 762580 759459 742988 779854 818029 765324 747817 744439 707349 727380 763216 845033 771054 720564 809728 786197 753583 756743 756764 783967 723211 757151 782734 749735 767922 743745 756731 757289 756703 762950 766436 761177 772675 779931 790465 755759 756988 743614 753693 777907 740738 770318 731662 764093 728600 773618 765084 761364 724371 757932 716220 756137 757097 771787 757604 768563 754558 736333 793342 746344 804402 746869 770971 757805 768505 803762 762080 777404 772387 767541 766139 765768 760524 755289 744143 745754 735608 794046 744726 723109 686905 768476 710116 758353 775132 814736 728885 755953 751514 770382 802181 728609 730361 727530 723185 
727299 785502 808936 843443 812997 761928 740073 777416 827864 815451 755082 749694 789197 779801 758160 791754 817241 811005 823875 765322 789719 814061 766418 773157 785719 787618 782131 742542 775119 838227 796508 739295 856936 793891 785270 791843 722186 767820 823184 820266 771836 747028 824744 756913 775050 802461 759236 821968 792837 752608 747477 797839 800214 785359 848731 780294 789608 800266 792768 799690 781684 792227 759259 786377 766712 821509 723564 780919 775280 802267 768390 765839 807891 787326 777604 770959 754321 784503 754009 755834 761712 745399 756391 800650 790481 792681 783650 745193 779921 843887 842495 782174 808834 785779 764488 792954 799994 809928 835346 791787 787503 800659 795901 755180 798697 785406 853350 764380 759684 825285 785952 727471 768472 750245 778781 848794 751147 748091 783888 771791 803678 802104 796381 791148 803955 829623 772199 775798 789987 764760 730715 841457 790713 761384 781206 804365 784231 784430 792484 785671 777145 784047 752324 769451 756585 817955 767842 772674 773088 823638 756294 766062 740957 786714 781326 773398 779184 755429 799239 770021 781497 769775 755543 795506 737143 759484 791641 825217 835252 772372 785844 780542 747048 727168 789070 777450 780783 817612 790736 821483 726988 758369 744947 807557 773054 848627 788479 787182 758839 803890 880768 762196 806546 799105 785761 772453 832565 790274 816666 732574 807089 777237 737377 820427 756244 760195 755103 753923 799555 835897 810380 786969 777076 738103 764518 791351 818813 786466 728784 805712 818385 822829 773901 806280 785287 756405 767108 776899 785923 792034 753403 783428 751134 767108 770336 774605 804882 798842 798632 815750 784301 783448 776464 762908 804657 770730 785504 770748 802383 744984 794764 791379 803568 766582 808487 762286 770908 737799 804277 773311 759172 802578 760341 810155 773167 807352 754109 781878 774128 778908 832289 758995 799501 803193 786343 789416 779413 774095 756644 781364 774688 790962 802581 798547 743514 759690 794216 733983 804242 807760 816426 767372 768666 761319 781391 848391 760894 807425 785489 785773 
679770 732802 726333 786346 745024 711996 667918 721677 736082 733411 712333 683176 695811 712344 701161 769525 747093 760033 787994 701681 731810 734601 694493 722381 714737 692679 706347 716857 726176 746619 715919 704142 766305 728528 666239 718920 717947 700070 726588 722398 703823 662868 760625 718878 697514 717486 698424 756482 716247 673898 679569 715180 727753 727632 738485 684903 702728 748954 733913 737094 703494 724380 684841 738955 695044 748322 694065 736179 738383 739949 698173 725513 735078 697132 716799 714163 681937 661664 697962 678304 685262 682364 705134 716012 730714 708450 726332 676730 708406 763288 780736 725727 731165 712353 716565 724950 730007 748645 735872 699828 765342 717209 720424 688076 689876 730738 772168 682772 706240 696179 715405 706472 697675 727678 680394 757425 675664 709173 740910 693856 738730 759739 731947 723532 738217 762289 734376 728431 750701 708499 660068 749288 703695 704756 715146 703962 741367 717572 717045 730531 751162 708268 709328 711181 681308 720769 689214 716712 733167 720304 686570 723204 705226 725051 703462 725692 742426 674587 696586 708548 720654 736021 675011 736010 696180 729248 738629 712228 729722 696688 756007 702653 673225 687119 713894 728111 711807 729697 730034 728655 679737 701487 675308 745827 690695 796082 727945 741304 723689 742355 810804 704331 777353 710425 710051 742640 748673 743825 751140 683592 737927 692178 702598 745728 712020 709081 705799 666360 739838 754275 748463 707433 686963 693631 690019 730523 765183 748350 688903 778120 719658 736365 722636 743666 697379 690536 702195 716702 745387 722546 678017 751555 700534 717090 697932 739607 728277 726587 714555 776367 689357 718983 716654 695501 704858 692172 743804 707099 754895 677061 751172 721079 730101 721849 719608 701717 693711 713048 730182 712219 718317 710641 689354 751655 728869 777836 700607 708136 712993 731150 723141 723363 696926 737095 738073 732126 719311 673400 680062 711319 695178 714792 741664 674067 708268 679829 697028 684112 776523 729258 752524 711259 707725 687351 666542 764060 730610 725351 726173 715930 
636995 710786 698382 798209 756537 725201 694284 694535 721864 744835 694441 679334 739003 727389 736686 733591 741039 734718 783528 691515 733521 745930 720636 740153 713492 718133 677067 707395 746642 745912 724231 697088 796385 731989 683349 676077 696767 717528 738588 722451 720793 701416 786146 734018 699304 731783 713035 774835 715036 683494 699751 715352 736142 696837 741397 694835 703803 742661 725730 742308 713312 737538 711648 711900 707533 769085 679196 744419 723694 746060 711207 707520 715643 696325 702941 697111 689160 700015 695079 683551 685221 692725 701744 713566 736238 711080 700645 726195 702816 771595 777700 708689 738429 726509 701257 740547 749118 758320 759380 693832 728499 742236 739907 675530 705039 722219 750078 663620 718742 727551 708048 668072 738238 700057 673052 781324 671024 686375 736105 699256 738557 755066 738638 734072 718509 750644 706725 727409 746500 711977 673293 759577 729556 688318 745264 735004 735918 740007 739813 697457 773517 721353 697239 718119 704780 728744 716104 723696 714063 744917 681380 706245 709713 716924 701034 736172 744774 699418 724799 734684 710319 741668 677705 746563 713160 696408 720318 746650 750003 704911 729129 697233 686892 705918 705564 740426 721422 749922 734940 758944 682685 710960 686233 757225 705890 758964 744161 727511 724118 774355 805590 712326 759306 733973 717229 733717 754555 761959 764190 694244 769230 697854 697103 711442 725052 725012 710194 703736 698588 761959 752775 695849 696368 680998 675806 713379 757993 721704 683821 776154 746982 767180 698021 738134 734803 698916 730135 733298 715168 714154 709767 741111 700676 690880 701462 743280 736052 743517 741373 768608 704271 715861 764022 716695 735476 707837 740372 688882 740941 685852 736784 723124 757866 698976 728174 709733 743749 690199 737791 700895 698490 731105 694375 781796 686275 764452 715762 714151 701981 740036 744462 731960 716230 746382 729928 702639 714999 695919 694313 714376 709108 719014 754864 704008 705511 694921 710074 659539 772059 732522 739245 708389 701301 703065 717128 787262 731747 704873 717441 717977 
719239 747695 781770 842370 777479 753420 743824 762264 760615 773432 728308 736571 802237 777769 765754 779871 800414 804618 830740 767984 793494 796675 784724 768369 750200 758752 753495 756359 768460 811535 776793 723064 837481 781056 743751 756531 705117 729445 743983 777080 749128 738683 802780 766246 730019 766978 758516 790787 796713 754342 772231 788249 780042 755680 833232 743696 759178 785120 769559 774299 770672 798583 761556 758581 725311 824521 734956 786907 786269 795651 752173 742033 771715 775763 784632 757039 746847 757256 745907 761371 733767 759024 754307 783148 756265 776345 730550 778698 775960 816803 827120 769318 792130 771564 755005 759341 823534 798695 807174 757841 759813 789621 775650 745197 767088 769868 806906 732118 745896 798201 759789 736220 771937 740562 742838 813900 716572 742257 764049 744540 773718 800477 802280 784236 777989 821791 739655 757373 787277 756003 700669 806129 788951 741891 794094 788878 786768 771851 761283 777502 768999 752510 765953 789965 734706 795183 729370 756837 769971 802458 737665 766194 770042 774465 764148 777710 775002 762961 775335 762375 766789 778311 739272 773817 730119 771845 792894 801619 780158 771274 784137 741468 733694 748394 779727 796561 780374 831873 787188 807299 759772 771055 758514 811880 749857 826652 760341 797386 759841 804363 856062 755694 812393 780159 810693 763762 806252 793031 847108 715551 774898 757429 748881 789994 785331 771548 741898 742289 786094 809610 777868 755785 777932 716344 723393 757382 824608 785738 714426 811855 765242 784369 758875 786175 757085 735200 771054 736008 776252 781862 739319 794542 738213 759863 752798 767823 749754 793321 786847 789386 756034 761725 771984 760643 785007 740639 771706 749173 795830 766477 775334 773615 775303 754624 772608 711350 764074 738082 820120 772518 763245 779871 781899 762813 746235 804644 765700 794139 770099 762494 821274 772267 781551 789249 778427 752856 773614 749102 742680 764559 749779 797724 795776 747492 732380 711003 754322 728141 798786 792576 809617 756113 742769 710191 765698 849548 758769 789407 769914 757882 
661530 691859 710611 782587 716457 740898 672314 700762 693058 740143 703040 667694 739557 689536 709198 723066 750737 743807 755867 717353 748337 708848 685584 700320 718486 710307 672868 720221 680879 742977 697345 665776 772383 739135 685659 682918 641670 659956 714294 729863 737669 684989 734559 691368 685144 702619 709087 765207 685825 665581 694952 710428 706290 701845 717203 696892 716672 720351 708521 728295 682902 736299 706737 720465 701108 740297 644152 679879 714542 706992 707568 713584 734061 710891 696223 690192 650942 708294 699901 686241 663231 678265 718498 725250 705909 702847 709013 670421 690914 761052 773844 712502 727234 710072 707974 721858 739175 773402 742429 698993 750781 731829 709586 674489 685723 710223 734118 654793 688497 694589 706207 664498 693947 699940 686037 762587 688398 685204 717511 684468 715135 747735 743408 716798 696631 748830 683152 723708 713163 722360 645826 749166 701686 677008 735187 688259 706518 713929 712438 709831 705967 712785 688693 683357 657633 732076 678953 676835 701231 728619 703210 696144 687999 701435 678457 731318 717035 674464 709192 721736 721686 694818 700145 723956 671807 728628 726319 727467 724683 710583 713851 701254 684548 703419 736251 713461 703272 716683 709261 735109 672781 684728 697625 759519 684411 770399 711496 739655 705361 734134 765614 705926 736690 715432 720907 736897 735190 733074 734915 668169 745182 695159 667862 724228 706866 717696 686564 660458 747208 742349 709550 714719 689980 688717 651476 720324 750398 714916 666967 763919 727609 721803 668639 722280 729392 697341 708599 708608 719157 738203 666278 731099 720210 678379 703296 716020 713321 680425 717773 734808 679427 687492 673823 709425 723171 680881 743343 691541 705634 704854 709483 694338 732014 677976 723329 662631 692498 670048 738395 704584 678247 680399 680131 734717 710891 725248 675621 695881 664223 733171 777798 727447 711270 726577 699166 704159 690223 693023 708601 702952 701773 752124 745911 700104 674441 660876 704142 677523 730375 685703 741348 660355 673542 667316 714911 771081 694019 699225 700769 688251 
714519 771808 772701 825246 791285 748669 750710 783680 790853 778984 719035 718897 764624 769745 776617 754962 800801 782999 859445 772045 773344 796408 763547 783437 773888 771563 771095 768767 784580 814887 789572 720194 871049 773358 722883 770153 752053 741303 781778 804759 791772 736681 825302 754662 701642 792569 774264 796320 751876 759649 781321 779404 803927 733278 803969 743878 762848 784828 785565 779093 789183 809573 740143 784196 783637 785196 747020 781966 771819 768099 749142 751043 762044 749540 775014 754827 762144 769087 741804 731495 722114 730908 743082 774328 762661 727429 749059 736088 745508 801567 844403 756312 789395 790330 756007 796518 817851 799482 796751 764115 796516 786951 749081 728197 762748 782102 809806 746777 776648 763110 780657 717303 766266 741887 766720 816947 730644 747444 780756 722873 786233 829519 795923 790917 776239 835112 744849 782132 811133 774384 692298 805512 781058 744240 785526 757087 766272 744643 758055 763258 774364 770464 752462 775839 779821 781973 733925 747149 744612 794720 722606 763712 748854 761708 758847 769690 766289 750523 762237 766690 734167 759197 725171 774938 746891 766727 789249 768205 783014 749880 779840 758514 716342 757294 765984 770431 741129 810876 777263 800149 727688 782042 755308 842133 743787 835464 770098 788044 745022 799192 843198 752185 804987 757921 765750 784179 792691 796426 797160 745765 794150 747067 738340 786770 745391 771942 731546 731407 789928 821202 788931 751113 771944 727984 733303 770145 838492 745843 743505 812041 789680 780852 764482 783170 756950 721142 794730 805639 774540 759526 742756 794822 743986 738203 757793 797907 757585 773415 746330 808030 776590 789923 751447 727500 775537 753618 787641 751872 778595 737251 825165 763927 775620 742219 774938 725654 770964 711732 786781 760003 791404 774937 744020 789667 761382 805999 737603 761451 776474 787750 821052 755241 781448 799745 816581 766754 755220 780851 742423 783202 744916 755223 782666 759310 768755 719766 727467 738263 779631 773850 822221 751106 770774 748744 748275 822781 745006 757515 754937 776530 
714673 778891 779818 863648 782344 758441 734110 776763 796571 805975 715469 717865 763070 768632 770683 796509 777769 799744 809413 771951 758256 792983 763797 790757 742363 764198 746791 789928 777976 814753 773605 722426 846619 762673 754360 759404 730767 751000 808312 764847 782008 722964 801386 772547 745847 769171 754730 780504 762024 725656 746982 776717 783620 743777 806430 731667 763109 765649 768494 759622 760601 779759 731041 801068 727150 807915 727561 754778 773206 770084 749400 736674 773113 735910 755792 761488 732245 758080 744539 723662 729019 729882 761975 750040 752327 781387 758282 719215 767320 818059 819572 757057 742722 788285 765578 768768 788924 792821 795651 750544 759727 780619 780067 714929 737283 754239 818648 738287 734969 782851 756529 737257 773715 762087 755102 813944 705773 729849 790163 783455 770233 758414 779913 792322 779389 826430 759984 751525 753233 764229 693924 809834 741993 726537 793420 775390 769373 744913 795439 754174 769201 769718 765372 746025 723854 794405 740305 761598 781071 813473 739968 788691 760417 777691 762551 787361 782941 753306 775299 753697 744298 785319 703705 786781 738959 729346 769605 797653 806092 755607 779739 731635 684532 749476 777458 759129 728392 808385 761770 809061 740242 725622 727945 812216 761050 822179 782449 782301 732888 800630 862265 758705 802126 773169 765012 775942 802579 802058 798342 734075 807176 756319 718743 786117 766251 748576 752785 727820 758023 809500 777668 759972 768129 699662 725410 772772 806140 748268 717949 811944 781876 802811 753606 780337 747299 742130 750201 773881 750819 782614 758232 770896 775853 754624 728114 768385 754794 776286 780780 834161 762965 767038 760673 773057 789622 740743 775842 750801 782342 725766 797958 774639 782623 741581 799384 746659 789278 738233 797008 777962 765104 788387 761018 811982 756425 794942 735141 766103 755916 788422 810151 759192 758902 764207 776999 761620 768865 743870 736091 773271 733527 775611 796503 738914 752997 740946 744737 747916 783843 784259 814505 758863 785009 751093 751721 845728 749746 765403 765459 757451 
724911 752618 748342 837471 790550 748334 699333 749774 797901 775434 752475 708936 756011 726141 744036 792308 781775 791100 786878 777179 744673 740257 754730 739138 729222 770696 765419 741590 750930 791935 760007 703741 845585 784843 724250 700737 721134 710399 730992 782348 736163 726748 791882 726544 708608 789721 754266 786514 757175 721349 768198 758845 763105 754617 780454 751739 748289 751598 751736 775581 745390 775028 738997 772589 723363 767768 727968 759648 727195 798021 739827 727592 779958 758721 735496 731644 730393 754562 722363 732126 725956 725756 730848 759304 750479 764402 723957 723793 762751 789504 798737 748588 762354 777236 738861 759215 812194 773937 792203 760033 771898 772474 744609 726527 739908 725628 762918 706375 713183 739336 754762 735085 751002 716810 756754 805763 710123 700921 759615 728694 772633 772667 776377 771045 789212 804477 736146 719826 752334 747652 668736 796262 771105 725635 780853 775201 745113 745237 744398 783705 760187 765741 728638 768318 742580 778187 720203 750557 753937 804261 710033 751493 741647 750521 727076 751238 737783 761745 753804 744712 740253 733151 732933 775285 720998 705950 789830 788837 763353 732070 757353 733476 698345 703188 757212 768642 755650 819950 756257 775749 692293 736459 708602 782019 717692 828492 782412 765711 737133 788227 843688 741461 811762 771079 744154 756835 789406 778266 775526 727361 782678 735091 714321 771492 739442 750784 736629 720699 764223 790287 755141 729504 792695 718743 708829 765413 786075 759189 696082 782683 777791 740107 734871 760456 742275 710417 742373 742954 746598 770906 724248 743745 720367 743534 744691 748418 757405 776768 782953 784265 716271 756306 744572 729515 755121 719565 756427 730633 747525 718239 770941 767093 757148 728977 763235 734421 718532 701822 777307 724332 701598 740625 722165 752514 720118 778105 715061 756496 741567 763094 785778 769787 755350 758423 752416 755733 738498 751107 753103 775169 748602 757530 766926 704513 730966 700180 723380 714373 766063 759448 778656 737658 754095 725568 736033 829120 721521 754395 713110 742403 
689372 715448 732339 798792 740200 686502 680451 731114 744893 737811 688475 665854 720210 689162 699571 744363 734212 752191 769376 740466 758561 766911 720677 726787 705003 740431 698125 708028 721709 752028 725372 679800 778204 741136 702357 693929 692793 669794 719833 747209 740958 696652 769111 698629 723356 723369 699594 781103 760637 715801 714085 744802 712173 714701 768655 702179 715066 743301 737119 715439 710197 737051 714371 712521 712721 755042 681035 707205 704854 754893 690871 704129 763493 726260 714288 723845 675277 709932 707500 694805 702991 716537 736854 702044 739641 758290 739863 713659 696491 766852 766722 701846 748786 712934 732127 726098 752964 755271 768737 724677 721602 741330 727485 685680 710628 705927 775216 686211 688506 715415 731774 710534 719491 704218 715823 791116 688572 682572 740410 694867 727013 755212 752297 730268 730867 761002 701631 682423 727149 764944 666830 796914 722650 691198 727959 705965 728389 736090 726376 740011 708265 736432 703469 721051 690613 752595 697473 732680 712776 764732 704050 743485 694641 707820 719732 743213 725851 697441 705114 711766 720566 714347 698398 716753 676344 712218 702955 762243 725795 710747 770744 715917 651206 672309 736224 732612 713170 767959 726056 742512 675178 693782 690226 751981 710780 781771 773400 736519 705191 746736 844457 692642 753992 726353 741769 731547 759940 745299 734219 674904 761981 720851 730459 751128 709737 695507 690470 674814 723742 760194 717522 722027 747314 679470 682276 735206 736637 740616 658256 778574 736929 746796 714077 747485 730186 711284 697372 720003 727774 733070 691994 730642 707642 685064 737612 759967 722530 723344 748949 791616 678325 738434 686974 711638 749475 693997 750622 702290 734206 702802 726477 718308 727938 707751 744304 684978 723818 706951 766444 685427 708905 716812 729508 728488 726143 750172 715466 722441 697737 731646 770453 728174 710430 749706 723708 722678 725776 716470 711313 703540 696497 727648 768383 720421 695869 672175 747934 695472 735554 739543 784211 698480 719639 683321 748201 802116 702258 741807 730549 700002 
695343 752567 758338 814591 783027 716322 729673 738899 757780 756910 713266 705999 722325 720449 726204 781784 779331 743266 812425 755006 756048 790404 742743 714817 740741 743339 730457 750916 734943 804876 721428 694502 789822 760724 706787 752536 688272 724919 751548 753277 722578 695108 775666 723327 701790 751491 693849 781185 743917 686668 715622 753410 783058 726746 754569 697952 745663 747450 748400 738713 734585 762315 696962 735494 738109 768591 681612 750271 717827 752709 731527 743213 759291 747820 740702 740536 701994 722117 718553 718501 732189 723696 760432 723291 730197 716986 699868 702561 746223 774357 827559 750584 759173 755121 742391 733760 781964 799586 778071 731838 764367 748973 759318 715755 725677 726284 802006 717133 712982 745773 711780 688420 744530 750502 732999 798657 713606 733838 763148 746546 777968 744441 753118 758972 730928 779605 720527 712536 769611 741754 676911 781748 742991 713391 750149 724403 747549 717334 726002 733706 717407 728479 777902 720168 701044 779541 704919 720423 722280 787590 709256 726939 686201 739784 740962 763406 747929 702997 742208 717036 745134 750399 704543 758090 684758 725563 737207 754722 765998 732259 757660 721591 689797 720864 721121 736115 725311 770384 756055 772295 676671 734647 719492 767296 703697 787251 727401 776632 732936 746214 802874 702881 767959 735858 723077 769359 781527 780262 734465 704572 789902 729497 717470 762497 732824 736270 699484 724504 767461 771184 744553 730456 740611 702679 698974 748133 798403 718258 684618 773015 757630 752115 739994 765260 707736 712731 699126 739129 744633 749358 708521 778026 723554 695981 745498 717714 745875 738715 754474 795262 728764 722365 713585 730116 753350 703084 740468 725120 760904 693611 753926 728040 755507 729806 774408 719553 725332 702142 754146 743881 732070 755553 720803 763639 732949 772001 740202 697514 714163 713190 797971 748898 720000 742284 765417 757944 721112 752812 706323 746896 696136 710596 767504 746572 718445 670986 706140 681356 758405 747402 763040 712294 719046 676821 699204 817755 755747 728418 747212 743011 
664492 703681 714283 786934 731501 710823 691287 718896 709168 721567 698719 661464 702424 715421 729339 739641 728333 739689 798893 702063 751394 739362 738684 719796 711169 716368 712976 714297 719913 738973 730180 674356 788649 710042 728055 713721 682585 706582 725255 717172 738895 688791 776671 731054 668541 764861 691846 741058 697589 689716 705721 744269 753046 697970 735043 693171 692410 745127 731321 719999 726526 756511 710893 703757 714043 734478 666605 721909 719842 734574 729216 703284 755585 693048 740942 712391 687591 704390 700081 706521 676374 676584 697235 682601 710410 724768 699609 712783 729218 746548 772525 690649 726715 728056 677682 730549 742978 757257 738554 709228 767671 733462 726335 676311 704241 713520 761063 674922 711555 719403 705655 684074 722788 678075 693840 787126 653754 667527 728095 692210 740069 737163 727000 748630 726054 771622 729808 741622 743299 725238 652643 727224 725881 694106 734861 729500 717079 714190 717093 733226 741859 746094 721725 729318 672610 704999 698855 696038 700362 735247 682871 726588 697441 724272 704707 725022 727962 687652 709502 744404 717431 715048 691391 739460 690465 703051 719495 732549 766009 723444 718342 705557 672889 724941 729896 741874 702915 725904 705629 748815 666438 717425 715453 762847 700287 727833 713869 726967 755182 761639 807766 708204 773749 694469 724503 731676 751454 744114 773361 671565 734033 699624 654342 733648 708500 720143 653731 694941 760831 781534 710666 696694 709989 696835 684079 717973 749789 723899 682319 764443 711366 716100 726288 720661 712585 693640 744631 739593 735951 733791 672732 719926 688529 701273 729979 734739 739191 698099 736208 726809 710548 703787 706838 694906 735765 704032 749128 678313 743194 719951 738194 726346 717964 720374 726158 680968 708252 691494 732076 716120 705697 739252 704799 752665 690259 738021 699955 749625 684436 736357 782098 717117 725200 735171 722909 706973 691213 704777 700553 703455 713494 729872 735950 719772 718445 668535 716548 648082 711920 708187 735321 707005 732429 686632 707014 755965 690223 704413 713243 710990 
709888 744368 738199 845604 774103 721095 701722 741333 771766 768541 716740 715279 737811 769164 732154 764220 782679 769116 791561 741860 777564 796136 759910 744476 749904 740394 720719 743972 760156 747332 772210 714341 829777 766281 714050 742993 725901 708551 750682 788690 732780 728426 793520 743787 711320 759282 749595 785646 744989 705215 756794 758844 793807 744928 795445 731497 696650 768970 756079 782245 747617 777212 729590 767797 743573 754736 682352 750311 749486 807793 761158 747549 766829 741694 755043 753019 749095 711187 747402 695048 716867 733980 750391 751556 751628 751315 748431 733389 751901 788220 820482 750066 768721 740615 752346 749324 784393 790217 789396 723690 794321 778050 765476 713118 765297 738295 795776 688531 735391 766988 750774 715210 754149 716033 724830 805888 725944 719294 763833 718361 775049 778672 787006 776540 742820 798132 735013 779051 766936 749303 670816 810556 801117 724510 748365 742759 759953 757205 734305 717283 764875 759749 736447 755307 741125 787276 739801 741509 736194 780460 715637 764978 719459 727071 743150 749956 744279 733415 742004 720211 769580 763406 733512 778924 726317 712890 754469 754626 776065 756927 766300 727208 697087 721964 727299 773390 732732 779678 767306 768538 712096 743550 716202 796661 761658 810558 756272 795820 744060 782835 865143 752301 783466 751214 767443 730370 785527 777283 776681 702625 779332 747896 715282 769870 752689 748835 735397 709525 770067 808873 741913 751753 742885 698497 692278 733574 811006 751687 734248 818062 766838 761544 748814 782974 768035 710802 749960 744706 774048 748974 713334 782018 755558 736108 767377 764917 760456 762225 766914 789875 723370 745042 754454 723756 751697 734135 773468 723106 762394 741959 759522 760135 758840 718705 796896 722347 731910 722624 756764 766968 762043 755809 725317 768664 738625 782225 738329 760250 739378 748386 785219 760271 741358 781361 781650 773551 783522 745497 745418 763087 722133 750209 794694 739156 721709 739641 750967 727344 776895 767322 781109 748171 720474 731838 724310 822818 749677 731652 741391 751848 
731973 787589 789328 826073 841222 793835 722906 776465 786576 811215 739259 736219 794315 785737 774601 819359 828819 817998 841507 785360 803628 797610 814114 752790 762376 780311 771230 781777 823334 816461 779549 724769 855547 793501 748817 772704 737954 746651 781299 796098 767944 766530 826674 776972 723333 799027 790772 797191 794445 749986 783655 790903 815333 758470 793912 733386 783648 795967 776795 786994 782648 805588 768972 793121 797346 824190 746068 795104 751287 809687 756194 762710 787922 778687 762156 765686 782436 769662 779945 770083 738307 744853 792754 782078 787399 783503 765423 762743 783268 835815 869493 804742 759073 781073 732427 801742 827797 811905 833432 776941 812694 802280 756435 768662 769424 798205 804374 751182 767532 774772 776006 749010 780451 760683 764037 834186 735602 753975 810673 784498 800851 810282 783278 792257 796327 828422 760014 794879 812235 780460 694199 824004 778993 766363 797662 783779 804569 790282 778206 781191 810943 768453 796945 793474 783695 779360 751624 771109 790546 819270 755035 752228 752953 782662 773984 796370 817467 741330 778441 781208 765368 789109 750928 798900 770485 771339 814583 783696 786101 802317 793270 764182 727907 776592 776791 814272 789666 850105 794906 806401 741975 745217 760559 838771 760603 857825 781824 813399 780155 807822 876553 795878 833812 785014 759214 800072 818610 805579 839424 755634 820083 758842 755054 801332 764283 791678 744191 750673 808460 828405 783839 753795 766464 759253 751079 766441 851103 776544 757447 831908 809851 819607 773960 817935 762724 751908 792578 793204 772040 784887 743300 825253 789874 775066 781365 776857 783543 795231 791253 816334 758315 805340 769763 777645 798825 765506 805089 779132 813073 757992 818377 784852 773429 754134 812712 763112 798750 747124 825322 802323 786013 785942 752415 821192 755019 816542 777833 816031 774364 785127 813640 808320 783803 831806 780683 782699 778556 746772 768289 756171 748649 766344 787836 787419 783094 722574 749910 738011 810204 782781 829864 792028 769048 769899 738573 867603 790542 779543 767817 801426 
717843 747731 778390 874775 807344 790261 752594 777868 803014 799727 737781 696258 794217 766306 760911 813930 836409 798645 855662 801565 793893 791855 775903 804025 763739 765779 786765 791773 787254 809570 801266 714720 872427 789977 766294 742051 764716 733230 802188 824367 769016 740530 830890 766250 764630 776872 803370 834191 768089 730581 764379 772448 774164 752525 812135 752118 750019 779021 755580 771883 760479 797703 748701 767900 744659 815678 716172 780187 785448 802909 752943 755816 775230 758371 788810 763171 778835 791247 781149 774543 752512 778598 774358 759890 794994 801372 754713 732448 802162 845778 837832 778711 773837 768438 767420 782623 824243 813625 832444 782809 752619 781282 799229 753568 761814 774674 831871 713969 748864 792325 769847 757296 771830 757660 726447 827941 725030 749220 780718 745396 795210 792988 788765 794431 788250 832143 749283 774529 781450 792891 693179 835300 805045 768354 766761 780397 789110 761543 795183 790303 798267 782905 773064 782688 761244 785551 743098 756457 780719 817153 754647 796287 776040 766874 758556 787893 788742 729143 793299 739362 764557 765422 766212 798161 739011 744206 772828 766841 802568 771951 789684 758949 689168 741888 799526 794662 776624 802795 774278 818986 735256 729598 758709 836363 771928 827984 823116 832512 773917 796388 856863 777526 827803 786358 783643 804901 793456 816302 820072 744115 777681 761848 757810 781440 761688 750743 727792 733836 806247 818154 782280 767344 768520 734232 745452 812062 814701 788921 728271 852811 783799 789393 757549 775429 780680 726266 756535 772487 781796 805992 756573 802746 770141 748970 765485 794633 775719 788296 788212 812607 757105 765674 767594 754441 791495 753479 798520 757894 791803 723897 795468 785386 773415 762413 784707 759620 796187 749158 818651 797760 762460 788815 737308 813151 794077 787377 767800 781282 777145 764728 789945 809615 779461 781087 774570 783089 757661 717868 786578 769308 742294 765983 794515 771406 763474 741880 774816 738724 799458 773615 838073 751570 746664 743426 757867 836395 744489 767957 763538 763319 
676438 761507 782099 824523 782512 757026 743414 752505 783578 769101 711418 717967 794666 736127 736484 802342 766893 772289 836672 771277 756677 801927 761399 747988 774543 735192 761568 753954 769830 782622 795238 730878 842637 776355 746185 731655 745083 715163 782073 763316 752257 745452 824770 785767 725692 819596 740903 802097 785650 730299 758389 753714 774614 752367 783865 728995 738393 770384 754664 764410 744051 803502 760076 750859 749946 825949 717893 765505 765175 752766 738059 745900 787637 741939 752827 784562 746087 749188 762661 747517 737674 698500 737567 780126 752144 763325 727522 733687 753317 821396 856306 756719 784610 757636 756150 774479 777349 803206 833333 779004 803175 765684 762988 742000 748941 766194 820702 748572 743730 767160 720453 687817 761251 739996 741372 831266 728542 748774 771155 754160 781440 790636 789228 775545 762910 816124 760620 769480 783406 750914 689955 812250 767126 762824 772291 744969 758533 776212 748593 756442 772227 780301 723813 761431 745564 774767 728616 739166 745326 760338 731174 783817 721770 718281 745929 754550 766290 756362 758914 783204 759858 784366 731219 774161 750525 719163 769480 772175 800378 733116 767454 726961 729041 751558 763315 764162 742959 773547 773657 774067 729555 763049 707298 803785 761790 822495 784294 754460 768279 778556 842212 766426 822948 750234 772707 748856 817434 778457 808124 716392 789903 742371 734265 809833 721599 757037 739274 726251 760165 813136 760111 728765 755131 714537 731892 761939 817748 764037 706366 859803 777772 808140 747758 785832 767626 744203 735984 762123 773121 767128 711269 781127 741770 721828 769856 778650 778024 772033 771772 781414 759071 750435 757570 718919 782254 757928 797708 734239 776533 708746 794016 751989 747069 749532 782205 728887 755366 738715 773674 744344 766098 775542 743538 797098 755215 810835 758506 738722 723508 781240 803049 772136 780190 765521 789749 774725 762242 743162 734527 749528 750947 732485 796241 748602 755461 700156 742276 745384 806381 786708 773327 748262 747290 735344 755880 854316 753452 788037 743085 749828 
728878 741744 761950 830786 774849 747270 689360 741408 765125 757978 742494 701665 760110 723954 760066 776246 810409 767530 810693 767708 762233 786991 757030 732748 744316 753069 739114 757341 749638 781935 787770 713089 810519 774728 720898 745845 727910 711409 747116 776043 736754 735216 772886 736503 722658 757042 767338 780349 772858 718807 733734 746130 758551 737291 795995 700522 714022 770147 747875 777894 723961 773849 732555 766199 724250 801949 696979 753511 742233 792521 727592 715950 765191 761044 762167 759799 728086 726268 740353 737820 729483 744903 777183 753808 751115 779784 747092 707023 735155 803725 804796 756438 766911 756783 739586 757512 793526 768429 782886 740359 768213 781125 744668 740925 740765 728837 800383 726449 731794 751737 743174 726360 739893 730054 746592 805155 716721 716351 773122 745889 756301 747460 776771 740657 756857 802386 724519 759072 773516 755461 679513 827006 782499 732775 738684 741556 736026 774704 756235 745305 732004 755892 739235 735088 726703 776218 720495 739484 747195 790996 719234 766447 731943 715941 738368 742117 775606 735959 747733 748847 777594 764755 706720 766323 722142 726176 757629 765172 780934 748779 753338 747451 673897 722422 758317 755988 760766 778997 742305 782387 705095 733949 736333 794398 757710 797086 759125 772963 727567 777072 846134 771069 799392 782367 733447 756255 797410 778859 776337 709467 769251 775211 713422 800369 752541 752181 745645 706058 793867 801940 777236 735888 756142 702411 706891 741441 786887 740781 720366 799826 764347 793390 750692 801389 760577 701972 751051 751624 753911 771189 717929 778574 730672 700576 751624 760684 763420 749438 767950 803721 723835 733614 738261 730265 757268 757417 769216 736759 767095 698617 767494 757755 769571 729489 785457 707382 756744 713270 773088 752805 712456 773229 697931 782695 741571 766486 761534 723406 730734 741812 798887 778150 762890 799536 747128 751738 767805 736184 727462 749198 751551 758616 777370 730681 740169 694795 759069 708764 783324 753977 793714 749169 758219 706984 710628 877088 739975 771484 732077 735666 
669155 695844 747014 802293 753293 702221 683809 733377 723667 731909 680638 687165 729868 682521 700066 759110 744055 756645 763108 731088 725983 752266 708474 751050 717137 709871 694000 723961 748001 747761 757255 682989 799927 730156 714180 706546 672768 705986 726385 741150 728817 692062 768278 728444 699329 736626 710498 745151 710775 686756 702168 721860 712243 722963 753339 725482 726760 722621 717609 714650 733919 717483 721574 725097 717111 765973 681894 710562 738063 748271 717760 716202 770593 734634 745286 723459 707222 694366 702247 699843 701480 700768 709892 705910 705755 732345 741154 699937 732491 750886 793084 717691 728661 687986 729444 739350 756675 752739 735138 734234 759464 735880 714109 694598 709545 722802 761864 675262 722039 725740 707321 707782 709842 665028 707193 767405 677567 710009 732546 708256 742234 744033 734126 710185 749431 766110 722437 747672 742589 736234 625380 744004 728794 705302 733663 711473 718025 725072 733083 717566 715523 710843 732196 716014 692649 755646 701697 693206 679262 743682 705046 731753 680812 727895 729136 751517 723193 710521 715941 712724 715644 703330 682288 722524 707821 705914 708772 749815 726714 715092 734939 719131 688012 699953 712632 732875 686736 721760 729232 757035 670614 714296 696815 752569 699587 752362 746248 738088 725167 747976 833046 718651 757153 710885 742948 707913 779037 757510 768308 679017 742873 676698 730571 744198 723184 701594 706224 675293 763959 753884 704890 719614 699810 691392 680518 714583 761425 737441 662258 775579 724028 747187 733079 750875 737929 672085 716532 746423 731600 748084 706705 726249 699388 718687 719568 740046 716703 703652 734999 758554 694719 714173 740702 707500 723101 721065 727869 731683 736272 678428 721209 758428 768168 695766 736410 710978 718193 712676 735981 699972 718589 735677 704750 761125 703706 746316 731643 705329 721016 725033 771219 732452 736690 725222 721445 719705 717425 692656 683493 723109 689936 739743 739315 699312 699107 648711 680386 682146 765364 731116 763803 700358 706437 705397 696768 780726 722000 732523 724917 693257 
692048 736709 744063 792097 788078 736308 721138 743595 767490 741149 716362 667125 730024 732439 723475 758175 765821 764473 822862 767879 755599 765605 747225 737904 743940 717794 732114 715964 746223 761566 777754 690288 790773 758588 728420 709301 727302 701085 744301 771817 751340 726821 818566 720423 718418 780178 736274 766966 773892 725940 705704 773221 776771 726652 785305 722199 732118 757279 752226 754283 728331 765696 765957 759992 702749 787960 687649 746164 747813 773331 739638 721098 767599 729895 736189 733450 721482 719861 708277 716943 706653 699975 741925 705342 726776 722364 703037 743280 756080 784207 805478 760077 758692 766154 748905 738580 786550 802693 801480 723203 776132 732614 739363 674880 743583 726401 810754 716231 715896 740339 743674 720860 745485 717841 726821 780877 698355 735537 754317 716836 745621 798041 761824 744426 761261 826560 730273 749289 771442 731335 685904 790459 753694 717745 745430 738579 752900 734949 725085 758985 759443 745765 695587 761688 714343 756929 725216 751490 734131 763485 711693 743355 724583 747522 736763 745013 723485 708249 767156 728309 723763 724832 728698 749676 715477 703115 754036 753830 770080 715387 739909 720635 690113 734285 752692 739399 748771 774334 749635 781446 705625 722136 717354 801022 719699 799890 745090 775623 729698 774465 840114 726737 802006 736141 730104 790411 785902 756752 807877 708872 751449 732224 715773 769321 721352 758185 715990 719299 746341 802133 759564 719427 753671 738412 686295 725985 785602 737717 694755 796826 776745 754361 736308 746475 740184 732450 729079 756989 752130 757563 723791 762993 723899 727559 750849 769429 757753 759528 771026 740192 714624 744666 737868 743442 796051 724593 749071 722747 755820 754372 756627 714952 748646 737919 755652 696096 738461 693307 763367 766680 722759 749212 724769 756869 704413 775040 725252 746499 706715 730250 787907 757828 757403 755677 769604 739023 730811 720794 719006 734419 739187 741083 779867 743748 735491 693245 762966 688357 749887 730292 776069 736492 727613 731365 737055 801092 739908 724752 734195 729023 
673155 729003 742457 782392 772446 725394 703627 703907 737397 743606 721709 707359 730309 743172 708274 746783 764238 738875 796268 736079 723337 757851 754367 707284 738281 720392 724545 734810 714348 777099 754561 694498 799913 742945 710642 700550 679210 673367 754092 765040 731023 689622 793588 753188 703831 749383 716737 766866 729874 685689 722863 717138 728494 727075 763527 730765 727154 737849 746825 754752 712040 756510 733390 761355 733345 760506 673984 749311 735248 743260 699785 711784 722315 725480 731603 735291 714858 715100 682924 715647 700428 691503 750300 726326 720096 739139 714642 717358 727363 777192 783285 699778 738229 763852 690543 727793 766889 768201 770658 736701 738669 759481 705960 731331 718087 735995 749854 719574 736182 726887 713245 687659 733516 715083 738951 781102 716700 691073 713629 727089 726868 759096 728052 751306 717093 790823 718447 720711 735465 743581 655274 751130 760360 687450 725443 718615 723037 743704 709974 711612 712297 738346 720427 709093 696987 773576 725711 706423 716851 762825 693720 711658 705559 701931 734386 736744 750525 682748 732436 736030 726644 751261 676660 730237 703604 679982 749381 735207 772343 723270 717364 704701 676895 714663 729396 733270 699499 748171 740579 776827 692939 736350 722992 781799 693828 765635 741829 781311 724874 756505 813763 700572 748755 742626 708746 746961 778891 755443 766485 696559 769807 706100 686847 758824 721111 732941 732245 680805 776153 775205 736484 708550 724273 706135 711352 742734 767746 699114 692447 778888 738266 760364 733879 743317 723313 703966 709759 716187 732627 718617 688521 743230 708600 704746 732244 736364 726688 730917 730322 763942 702133 748502 735489 714985 762926 719367 752531 700764 747820 703663 742722 743437 739498 693967 762237 703764 720984 684565 735491 718904 714863 735713 725808 748931 696085 741879 693799 714954 708290 752466 795331 748958 744330 755937 738455 717261 697539 697053 707730 719467 727810 743226 736151 718277 708209 667166 686938 669097 770615 699195 752623 729630 728549 725571 687719 803819 710221 713978 722889 728561 
680429 740896 761674 839640 758217 729920 738683 751814 747083 770734 725878 722539 777902 750010 736729 737719 774820 759557 812429 751309 793944 744216 766574 746562 763499 774641 734689 744110 749792 765552 733944 709693 800614 757788 725919 758619 712524 716367 740700 772558 776926 705949 808663 744659 702019 779855 756766 772425 731611 703880 719406 757342 760886 723981 802398 706975 733821 732483 754732 768898 731138 792171 750203 736069 739257 764153 687528 758313 725445 750950 729006 715600 761219 741960 742192 732622 711458 714680 746190 699811 692377 702057 745060 730790 763749 748004 729863 704227 754467 805557 799209 706307 762991 752423 742560 771140 777088 805226 780226 753345 775136 759373 748880 716740 762073 756797 754122 721701 758040 763729 725353 728990 726177 714507 725256 800491 724354 718139 786674 711647 745124 786643 770732 764535 716905 787707 726341 750832 786712 738389 684332 802602 766287 722739 758503 727810 728604 749502 744649 762553 775615 751398 734297 744619 716510 770237 684937 751542 727788 767996 705610 738362 722862 728734 714752 756372 747142 742403 749833 744005 741335 756088 717504 751050 721863 701176 759798 783576 767272 750299 757927 723154 697287 715199 746971 757988 727166 772467 769071 779940 698841 718033 735298 794942 715587 816328 744727 768708 746978 780235 824583 739555 778002 743822 773993 738280 792466 793112 778956 731907 749924 738523 710273 758777 724311 771070 694469 715345 774922 782400 746132 745590 732764 680136 710174 749178 779873 759457 716156 807017 764819 765780 709540 745862 756437 735070 743903 736909 766264 759066 713583 779645 757853 722770 743785 774055 775836 748230 743564 781515 735314 748013 749996 737370 760198 730446 741749 717127 778455 701639 771926 740447 749960 739622 776208 727112 751832 728391 762147 750775 745874 770970 708164 774277 721833 806419 715130 757422 736377 756464 795473 758154 753326 767633 733480 751775 735844 715242 711878 757397 743983 741582 764672 728872 717006 699311 755862 693057 757152 737198 794046 727523 731964 713933 756505 812364 745034 753531 758593 756057 
671477 707566 694172 770422 733658 679813 683275 688300 713672 731483 677857 639733 673785 726830 680787 735282 748189 729537 765216 702264 696997 697757 721478 708156 684376 692449 691218 706351 701070 743024 731645 658008 760663 716689 710035 673214 649738 694722 727800 734923 702834 692969 731470 679179 686771 699505 684466 735789 740044 685699 726406 676433 711662 689561 716254 669938 698691 722647 719190 733390 679351 695899 681267 719794 699240 741682 649785 718743 676816 715046 689508 696185 725648 702523 678169 700620 670645 686097 705189 693394 659004 708862 682689 706692 736010 680891 686104 693092 692180 760935 775608 724195 729031 732103 692773 719356 734004 717544 733092 682566 718532 704947 706871 698124 678863 694404 734521 659531 670701 690416 697475 667551 712019 713840 685639 720043 660960 667537 706604 665984 696988 737338 719396 710537 699152 762479 719700 688926 718651 704084 638316 775524 701029 704709 734691 729543 704127 683074 694595 696861 726802 687968 723311 698393 692611 709577 692479 694032 692749 735905 676272 717962 675456 692146 713949 707297 711736 713772 706599 699372 702956 723122 688448 711703 650678 691122 717785 735569 747644 693710 722360 674560 664811 702491 710505 725266 692557 751025 718445 754072 664070 685540 668905 728902 685709 752446 730846 741841 677001 744526 783424 673924 741056 719552 696141 702685 723204 703929 738833 658579 753383 694214 674068 734245 693809 703153 685471 711375 768220 793047 712727 689988 675281 680152 664023 691584 756563 703651 645071 755051 703673 687744 704534 736776 687227 689578 698859 721383 676905 717884 661950 692862 684833 677443 704582 718977 692938 700166 709889 725604 681182 707861 691598 705009 707420 694309 716131 695202 741287 664677 709836 712129 731956 665065 697085 688666 708827 669789 696373 681239 687003 700056 670099 719852 658424 725144 712788 687844 698227 704411 771332 710536 715166 742250 742261 725120 699075 671043 710238 702153 677184 709011 743775 692580 708616 639200 685875 668210 729128 701624 727181 679507 687612 667117 659241 771855 705380 684955 691490 682901 
644699 679589 702092 764416 698607 685154 686354 712635 685028 701718 674279 659250 702376 683786 698330 716505 708644 712362 758516 698214 706870 705839 683336 688388 703805 705866 694808 706688 702781 723138 703913 659501 749564 723168 677712 687385 658365 647705 700254 724725 688574 686415 754934 680186 656777 716916 710649 731563 688874 689241 719648 701029 705702 699010 686237 666727 703288 703337 695466 698020 678637 694912 694865 694994 667651 704405 668760 696186 696141 735417 688370 691905 705189 685820 699670 681386 667010 686926 700735 680394 650905 694716 686573 666769 683292 698489 686084 695633 707531 735221 790048 688570 698826 692586 705499 705087 728146 747513 740794 676484 742415 712996 699965 648297 664143 687282 737516 654740 722967 695457 671135 684517 664701 660247 676810 759986 676053 671426 715235 692481 720883 726238 706769 712800 716692 753515 694259 732891 717575 701229 626426 740289 698457 678992 730919 656394 696276 698749 684615 654912 691525 709497 687663 697872 677380 713226 670591 708403 668629 709597 683535 712352 673165 685711 676442 698869 700627 699556 663893 681075 711515 697987 659692 716754 698045 668630 705037 712967 721799 684806 688783 671710 652043 652405 693642 688159 679249 722347 709952 707337 669673 662607 681175 746044 675946 749986 726422 733164 700051 714887 790533 677424 740082 686835 724938 702422 741765 744560 733429 667682 720556 678240 697414 709270 696598 696769 679766 641772 714989 727813 689643 672226 712447 654009 646976 698463 743090 696715 667683 726186 701934 699692 670649 730563 695689 662250 680331 713875 709981 706781 644431 724782 683751 679863 723245 723844 712569 696805 709863 739121 678547 691596 711429 670829 681939 697449 706142 687168 710238 653553 716241 710939 692899 656494 710098 678895 687706 653391 719252 690737 697727 706063 668073 735393 676873 706111 701590 721664 677890 681812 742424 728761 723393 726597 709747 704476 705200 651549 686309 687294 697013 714561 724620 681351 682522 674722 651718 675210 708879 693391 773884 687806 685307 657584 700100 794639 707080 702809 683666 679722 
663605 725011 719243 808515 758143 720428 684084 719474 738299 733742 668163 673205 712190 688598 700385 753732 746730 779751 762916 727813 726527 745197 700531 739654 718813 714399 682085 725871 730252 731794 738539 655495 810285 745618 692764 688407 688068 695532 743073 733778 686485 668938 760244 721844 704709 706886 721843 747657 701965 692896 673837 690311 752163 683502 764480 686809 696533 708302 745801 710835 716175 731632 736494 732838 698541 773117 661049 737670 720368 769648 713679 702005 726134 704521 737680 734246 700314 715616 695014 715692 685515 697056 714820 709480 747462 709380 701910 680524 693548 758306 778816 731562 732920 716345 723057 712494 758687 778015 775338 684562 737951 727093 736147 695879 725682 691339 771164 665529 696290 739591 702926 688916 715943 687029 701688 783433 665581 696666 717468 690380 704891 725140 737668 742165 713677 764197 689991 750341 718944 720077 630764 765803 726203 702927 766605 715607 735827 728493 731035 694963 752215 707341 716163 673882 679368 749245 696638 722120 705300 746173 688572 760273 693908 730857 728263 726290 717524 699299 735539 700994 719816 695542 723315 748489 698343 692108 737911 702597 754778 717486 714515 686789 684734 696201 743512 707331 723661 754012 727754 738895 701631 703019 698157 773779 708117 765592 763943 722184 720923 748627 779603 692800 762066 710631 734163 736135 749626 700318 745931 663778 749331 731490 699465 754260 724898 708455 678510 687795 738730 794645 739194 724125 721317 684847 674983 707814 754439 719485 663460 782913 736692 730930 714408 736934 709965 662507 701663 725563 726793 735790 714946 736233 725131 717844 710185 731412 716682 732319 743833 732440 705953 749296 730965 719594 722220 689462 757360 720375 762945 678145 754384 731114 746794 710816 710925 694675 738973 717017 730195 708195 722952 763615 707737 758384 715212 739185 717645 709790 673810 725590 763312 740590 710643 752967 705843 723591 717806 677372 709456 707036 703712 732904 755804 726366 690428 710909 727905 672343 733164 694783 733023 691838 707884 698811 684625 764689 688918 736504 727700 682147 
619108 671548 698505 754507 733363 690270 642609 709883 728752 708461 671176 665579 701691 654982 672198 726481 720787 733505 750566 701602 688390 709976 690174 703365 691614 682969 694962 694355 696034 731988 738611 632442 765779 708904 670806 670373 665142 668713 723216 755586 661749 695228 742290 675327 684140 719614 692699 751565 680029 684473 677294 689899 712251 672556 715737 678632 694535 690990 686934 690681 678327 725668 694176 699190 681920 720508 661936 681795 684927 735095 685192 672559 705828 692311 678087 690116 698513 700087 691120 667959 665967 658874 681852 678995 694965 675004 674978 651383 692763 743691 753561 693566 704975 688723 673408 712268 735635 742407 717462 691335 706826 687416 694833 636887 663146 698700 738923 650742 672553 691469 708595 662499 668053 677264 684618 745113 669303 675641 714138 648033 709901 724037 698074 683086 722336 753967 657696 674349 702984 665300 611640 737771 719370 678981 706639 691954 701784 674626 676590 702976 707916 699491 681967 683485 654342 726178 674415 695903 676654 725581 704785 696301 673551 690269 683841 691227 690063 689550 707365 670661 696962 689410 678839 692980 674861 668749 720791 709271 727469 675672 719543 681229 646153 679798 709918 700199 670429 715462 687335 706697 658664 693319 645724 731248 669785 743562 706145 739559 686353 726334 755204 697174 748772 699256 693247 695105 740248 711941 752820 671860 700782 675033 665432 734742 667204 699195 692219 667114 691087 739268 694594 691946 681243 646432 655551 680887 730759 697593 654513 740911 712958 697709 682652 696132 697973 684082 705813 698230 710952 699951 663267 682134 688061 683812 699815 704602 669644 710537 720686 712116 679604 677790 679080 660294 693518 693360 712195 677777 708847 647232 678456 698214 700506 686376 716940 671795 696931 633459 714808 675497 669679 714006 674023 717177 693235 711122 674738 687773 662827 692130 731064 721100 693184 709401 689336 696134 691589 685468 669190 705171 675815 711564 710990 688280 669268 657530 684905 660883 711010 672746 721916 668431 678432 677011 690712 748530 680886 694823 674240 671580 
639168 688151 707724 738478 736741 662936 654096 689791 716758 715040 658781 678503 706532 681118 716848 721210 741219 709598 749404 670428 714240 707894 710184 691607 675730 696806 672344 706871 683236 722853 697168 669648 777965 694894 677339 682770 647016 683214 723630 739351 702712 684435 730453 687578 648983 698903 697864 730063 698410 656379 706821 700360 716857 691061 699605 656686 700383 722127 696741 722402 699378 726744 667055 688622 674620 737352 666321 711894 679587 712591 691304 702308 715492 684445 685933 675629 661630 675859 693552 678901 678730 661998 696934 685469 685996 692972 704426 671794 705418 741587 741792 686349 707188 704549 664590 719235 740271 735532 744793 670198 711930 734001 706409 661762 672290 713958 755921 653588 674426 695765 697033 678950 690845 680893 683068 739732 665537 669512 709920 676407 716551 725552 728549 693686 691028 761166 693283 710044 716102 687492 624310 737816 720491 664142 693853 672033 714983 715421 670647 701022 708938 718029 699177 674539 659668 726693 674060 698017 677931 717228 665101 714727 677161 698038 687344 700868 680612 694695 721315 680783 687716 712905 677690 726055 660783 702572 682440 704539 727577 685267 713240 675551 672192 684243 710617 699042 696996 723395 713852 721250 643104 673047 658822 735724 684254 717783 714261 722197 694940 737077 771263 688925 728148 722914 690937 719254 733830 722570 722342 692353 705830 685386 690748 710924 679031 683493 672737 669867 736576 732462 704813 710803 669455 663283 676880 693502 724906 698127 661034 750404 706222 727866 690490 720206 711369 672770 700689 691363 682963 691905 665319 704207 670783 662501 689885 712459 678032 714166 711804 754540 642830 670455 688017 665210 678911 679309 735983 667491 708218 677819 704472 694084 675253 686535 729486 683448 702650 668654 705024 685674 686507 699649 652750 742573 686844 756030 675739 674898 701623 695487 743918 689953 701918 746820 714220 699099 680442 675434 683042 699595 708439 696278 741977 678358 656171 660504 702271 668762 730470 722172 719597 656804 698858 645697 679817 777316 675783 689733 672655 676114 
692290 723770 752013 828861 761779 714288 735308 741215 772308 725398 708542 711153 736769 748804 733985 792239 769171 797822 810855 744216 760871 761252 743615 742058 771672 726453 734990 751187 741523 767187 780570 694318 818523 776010 750869 727631 721516 729339 770658 769063 737002 722950 785430 738413 727433 783557 730017 773062 755295 699329 762542 746991 760598 744901 761405 745811 738209 760946 755017 768150 738081 750716 731998 744714 707944 768421 684510 762003 743733 754833 723348 723807 783446 750977 771810 751327 750566 755281 737306 700139 723071 735181 738258 744830 749897 725676 722167 758631 748616 814798 773090 733904 768501 747691 740770 759109 781556 784435 798126 738894 763731 769324 757617 727335 748758 754126 779110 734899 724848 757616 765426 727391 727319 754195 732269 794432 730411 714617 798722 742956 735625 793721 785515 760641 750379 797781 726651 748674 793555 756811 678879 799599 769832 742829 774086 729479 753084 767144 734760 752509 739056 741562 761300 754456 711843 756005 725173 748959 723216 773528 710351 776276 734448 750610 761677 743477 743030 736527 747972 752206 749171 756703 706599 738024 729469 705257 750652 756063 768723 726460 771369 709726 694330 733123 761935 778070 717153 784341 756629 761528 720592 741500 726167 775679 727256 807167 755285 771221 720352 763727 821905 732155 815374 766344 746761 753198 780248 749418 803838 686380 767800 735499 702301 807171 756339 739512 724641 739329 784571 791530 753210 753360 753553 699883 708987 754364 801437 732627 732893 823205 772634 755518 721892 792545 756176 709460 744987 757146 752005 742256 728084 771459 743834 706896 736093 784144 726388 748416 777571 790661 740252 757524 735024 749945 751075 753170 748447 717464 778829 727443 770277 736786 775598 750703 787892 715038 735285 722291 768010 749384 738359 737196 731652 765726 699379 767118 746334 738483 715079 752393 823271 773542 735095 777408 768851 745306 754297 734562 711863 768171 720684 758222 779799 757528 724109 705688 726902 729307 747296 742111 790589 739498 726538 714779 743911 824906 721875 738305 730823 727848 
643518 702857 712657 777157 742850 705822 675638 703796 722233 720852 684889 691397 715399 697615 695336 740739 741491 761900 771117 708630 734091 748046 728973 728740 726056 724067 684697 745364 708971 736221 747542 690726 768749 710520 711157 682869 707038 713224 738953 744159 730657 670223 747045 693435 703721 746189 733259 744465 709853 687279 701154 717870 715992 707752 751029 689582 700832 721097 720979 744339 729389 729905 697231 722740 691431 749100 668280 735719 694279 731267 691674 706189 747352 683242 714818 711794 680611 714828 700695 696750 701199 677301 699173 729010 722005 707451 716515 695180 708516 726813 762324 713782 746834 720795 718979 724856 744596 744524 744411 720928 752465 709825 729943 695132 707887 695399 741893 694790 692776 713057 703675 694451 716505 702056 702369 756597 653555 685405 750866 689242 738402 744319 713732 731682 725378 751365 708101 707563 744536 724566 655399 765322 726603 729190 745073 711897 733224 703941 712983 725171 727443 735901 717313 718563 692256 719129 701344 699795 702099 746946 687296 731305 680189 732303 725235 733064 704154 680789 715487 727984 722393 722855 692724 736999 688858 698614 736161 752817 748271 716066 718838 690886 677923 699012 742036 741530 712889 718523 748048 719342 682004 717829 698565 748158 691982 765862 722614 715156 706165 762210 800191 714151 781396 699045 697434 713276 762440 751527 770346 669557 747832 682587 684585 712947 722613 707656 682962 695127 735785 762830 733196 703939 728343 687909 670729 711085 770606 712552 689987 787748 728754 756428 705780 706022 704176 686868 707232 726307 709492 737606 688832 717488 710649 705574 707648 726856 712778 732049 730506 750113 684577 731798 735890 712538 729192 716530 728177 696713 731035 695928 721656 739373 729434 733118 744687 698081 740286 685062 715703 708388 721183 709711 685061 764594 713977 744698 706073 719896 690563 736927 752877 722323 720964 753460 718419 726983 709927 694144 703372 703311 699259 737907 750589 698796 698609 656699 698902 679063 749491 706328 760648 715077 728409 683053 696219 780296 694530 722639 683770 708556 
692532 731245 728776 807274 768298 730362 736634 696929 731841 731882 692207 682361 734566 727906 707733 754561 752158 765172 793652 705281 758388 732209 758156 726755 740258 711338 719447 737148 732138 770857 723965 678947 787370 747281 716916 709092 713697 699214 740635 749951 767727 691452 754251 724417 724342 751265 734706 772843 723616 717412 718407 734716 735162 696113 774368 719711 676658 773340 715579 754028 711894 732635 718035 729308 711587 740126 696293 738852 733675 741753 712698 715597 767818 708222 740934 730937 699043 711079 729350 724171 690635 704165 711251 759605 733814 729045 688756 714234 731120 776447 794362 732277 759966 724623 723917 730988 782074 776162 769185 731875 750007 747126 725499 716796 750658 722761 763686 698260 686038 745190 685834 693478 717091 679884 736560 788825 692658 699927 770608 722894 732629 780443 751857 774232 748170 786509 724886 730065 778883 730650 640152 790881 729652 732924 737930 725008 741785 716709 732677 719017 757984 732455 724944 738130 703006 743203 695560 721997 698896 771521 686073 718160 710679 737162 731508 743650 747659 698137 728282 726964 744150 763688 708719 722997 683188 712852 705664 760704 749436 731820 731029 714477 689942 704744 738140 717670 715187 757402 720530 753578 693759 717354 699262 742599 693651 773971 725898 756041 709568 792255 833055 721325 780809 714905 726137 769072 760027 764323 778012 711951 750250 710583 709859 758087 730758 737651 681861 702172 746864 771814 758060 713646 730665 687869 699150 734848 768008 709798 718756 764503 730281 749569 707074 724553 733757 708217 727229 705666 743139 736888 730595 760431 706807 731407 731564 742718 727476 747949 712898 761283 740154 729512 742832 718468 722280 720745 738052 692752 754077 732304 775191 720551 743169 713451 739242 697688 732636 701190 758863 744155 726831 714562 724012 761704 727751 748201 728028 726872 718475 741207 773319 738361 721900 761929 761272 747461 715918 735119 714702 736444 713868 721088 751760 707863 741633 672263 730319 683783 756030 732627 782309 722190 731114 688594 727975 790113 718449 711414 712974 708288 
664171 656053 702445 754924 704526 667465 660548 689311 684305 691617 672803 669270 703654 684593 677824 720328 683584 737783 771464 699361 679311 685857 668453 673846 691021 704372 677824 692633 681895 735411 705180 645810 787554 711245 657952 672461 668234 654717 689836 730042 680506 660463 719741 668739 687017 699922 688499 719606 675339 669405 676955 684147 666122 692478 704551 663913 699363 725908 709097 696990 665011 696067 685131 691090 670802 733575 650253 701813 714639 652142 683735 685132 693701 688209 693331 698575 687951 693315 696248 674067 671855 654666 686331 705476 698327 698980 681486 687583 689216 747641 768005 690487 688123 702092 692203 686516 712152 723699 726741 685023 719604 707480 718328 657139 691986 693022 729966 668276 637296 703014 662651 681517 683423 678226 689479 735356 647762 666785 701072 652584 709131 718751 691565 680210 696715 744252 682815 696534 731277 672304 654199 711117 713600 694211 713813 680742 702447 683112 685713 687006 715860 701711 691494 659338 649395 690642 651876 676148 665048 727062 659810 707870 661410 665348 690969 704097 706922 680680 676453 683034 691143 694184 670590 726403 655610 711887 691395 724451 727273 675008 700705 684483 649160 664611 703294 711392 672425 679151 702853 706078 669518 687619 691928 734081 672208 754425 693741 719276 681217 731625 762420 691055 752570 663141 720504 672468 742513 725400 730337 666499 744246 680161 669951 731316 686591 678050 686283 647067 704015 704819 687726 678916 682805 657160 662725 693946 738525 673608 677442 739613 720653 679988 653309 722478 671082 662128 668878 689441 679474 684164 623457 656443 699670 634450 698664 693743 667252 709219 745309 715582 675109 691581 672526 674413 706624 683172 696707 690474 691960 683837 689530 725410 690308 686820 693745 675659 688745 638420 716343 706235 694658 693738 662193 692749 697676 710887 687718 691941 675149 693124 727494 700542 667658 712292 718848 725686 687135 676658 684730 697584 647723 691524 709313 656105 694239 615545 694018 627432 713237 675120 732995 679489 680255 666798 683334 752626 673179 691835 663883 678478 
689921 712002 742289 766074 755966 694093 681353 698034 757415 739675 667371 662051 684708 686032 709792 735148 722252 733173 736248 697637 715994 738436 704749 732823 671053 710651 723014 714746 724845 737975 715111 648474 773276 726567 703183 676076 691856 681064 717972 740313 693596 690491 741556 704810 663786 710510 707908 758871 716127 678336 692629 731429 725134 707117 761020 686158 684973 723043 704925 741291 697452 714606 680885 716585 713179 738780 673021 695566 676181 732395 698745 675425 742445 711320 698327 721341 688651 713069 691209 696619 684500 684837 709013 703776 718624 704958 698643 685523 712858 771919 753547 739309 726182 716841 687924 695999 731666 721060 765200 686493 713560 731840 694850 691404 710870 707146 784299 674207 682023 710141 715293 710639 716974 696631 687772 760336 690056 693576 736324 686814 726061 751041 707964 726544 716579 770806 712357 700226 733896 711446 648412 779878 725527 671875 739814 705405 711498 715925 685108 711386 710908 695457 706856 710348 685353 741027 675642 711220 677102 741264 669125 728358 691707 720787 742014 733466 719509 695294 690839 718401 713422 735460 667767 707675 677178 693063 703888 740464 736541 712562 710670 682145 663782 678160 707109 707984 696227 733087 709044 774334 639546 711999 676339 755043 679431 758344 741255 737737 688443 727613 823053 719661 728584 732258 703304 722346 762209 747239 739693 686412 710622 703695 685102 742202 684869 701514 719959 690058 723694 761757 708102 694428 691841 648991 699709 734211 760361 700065 669994 761070 749997 724644 717412 733018 690050 675521 698341 719620 715320 727941 696991 742839 706317 686668 710570 710336 712795 724465 728551 737345 678502 708885 680133 699299 701428 707487 712663 703755 746053 673606 738242 750136 717560 684970 719774 676950 697218 665570 726795 715897 700443 719664 711531 734801 699811 724652 705803 693350 712442 721681 739260 727754 706122 727574 735265 719394 729880 693551 694674 705916 710610 689332 728782 694808 712140 675090 693621 668943 744887 717537 785017 706017 709124 685487 693931 783381 713027 699760 713429 700577 
684684 711020 699088 796115 746817 727077 676508 715602 756707 727725 677083 693399 730788 717975 707663 742840 735619 747497 752785 718837 744789 745683 721617 727366 713386 708826 701760 711737 731552 731296 740635 685984 785633 736488 704000 701553 661833 708681 724743 744015 721042 692234 753725 736425 712599 748931 723295 767521 737215 707196 701316 701168 735464 717867 761069 701395 703159 737680 727005 725279 713865 747801 720238 725698 710753 767088 663561 751963 728149 753303 707303 732445 768314 705140 754773 733987 713784 694837 739794 685881 699340 714292 727082 732425 739546 706006 711915 712947 714395 774401 768836 743255 716666 717699 715324 733414 767639 732694 779546 697024 741504 719941 735634 695188 711967 724204 782967 684649 693912 698240 709312 678792 727119 709188 677736 771198 687877 668315 729158 705032 689692 748649 737970 729223 721134 750947 720991 715878 749497 723779 661247 776834 771555 718287 753448 730818 727612 748084 732637 733651 727443 699540 730034 724461 678384 734513 694257 711461 706003 735861 664233 721118 697754 742751 728932 728167 727234 683068 747940 714735 732457 716105 697430 736587 684299 739306 751600 751221 782115 719430 751162 685930 673637 694344 723216 749961 719411 762670 737697 758615 694233 711517 717513 763316 694578 782443 747069 732372 743550 756931 815938 710722 774212 765020 723957 744045 766886 720454 769263 687496 749472 716042 684981 753638 703306 733235 702860 694900 766737 768044 731108 723456 742831 688511 697568 740470 778652 718159 674680 768154 726572 731744 687973 761465 737463 695038 727301 711091 730177 712082 709319 730202 715544 717348 703839 756453 733190 730360 723952 762744 692861 743583 725663 710564 764083 694035 727998 718985 745748 708086 736679 712917 748330 716873 760862 698587 731575 707217 759220 735452 717616 720149 696928 767426 696103 776322 712174 732001 710485 733653 758629 742201 707185 753834 738931 739133 734715 688638 727996 729488 716305 726392 728523 718868 704120 694499 704047 668772 738917 749288 750276 733351 715171 703587 705011 797675 739769 716103 711174 712045 
621047 671896 691802 748241 705715 655295 648713 676425 680529 682648 654138 630084 681974 652536 654037 699281 702464 716335 700816 654697 686199 706674 674058 668624 651224 662883 661244 680904 690598 681144 687644 632295 708689 687298 667987 645499 631135 619374 663152 699194 673717 645887 711091 666749 622216 688295 670855 697206 667111 641273 659428 681183 713692 640177 709172 661104 664423 653944 672135 697640 659140 666084 677007 665359 654374 691620 618433 680978 631845 687390 675295 639009 687256 669701 665740 675498 648749 663344 642772 672570 633684 638039 663999 674433 644972 661234 649188 654517 693711 700896 711837 665214 714280 667385 673473 670235 712627 732312 710472 663047 685832 676143 646594 629326 665846 656113 744541 636944 628109 679304 634568 638768 690330 657497 674522 729526 622300 663572 674295 659234 700155 723586 709723 693945 696871 726666 654258 689430 693993 685070 592035 724268 686004 660883 683626 674314 676561 666423 644483 678246 665502 655895 643212 680007 634244 712031 653565 664050 648588 706052 642107 674261 665625 651435 668356 673970 649112 666156 649924 656814 671734 689944 654488 689713 659561 627472 659125 657674 682665 658586 672836 635419 619582 632287 657841 674693 663672 715838 677851 710135 632695 658596 648388 704137 646920 714466 660384 709817 652612 695123 764645 620985 716814 649949 662802 691448 710228 683353 698076 627898 670264 673424 629581 702800 674775 671944 648866 646417 685552 722837 677549 677234 670751 617575 635961 640101 687054 665272 606781 729567 677452 675418 676024 681568 629098 647648 654654 679652 678200 659458 637620 701688 626953 645023 674631 684327 660278 667677 694846 688829 649764 664683 684930 665360 630544 654141 684688 641237 687255 629133 675259 664960 664333 610325 689369 625080 679717 631121 674712 664444 663479 681875 654273 670405 639829 702534 649551 640470 656477 661699 727836 668735 680069 704428 680686 680081 721808 660977 648027 648940 652201 678397 701362 661191 633626 634498 650332 637742 701661 672722 719540 653632 667764 632634 651960 739371 676069 668027 656465 632361 
659938 729694 733277 757021 746307 730473 668853 727886 711759 726394 684106 649221 732023 682678 699151 753008 733698 738510 752866 714192 736887 693820 726457 721237 700959 710029 710872 701510 723706 713894 719424 662353 816428 755571 710425 685520 653927 645869 688459 735263 702667 708345 743397 664067 678324 736932 714566 747744 722078 682811 730174 721351 728668 695501 737296 693444 695494 723124 723453 706614 707870 720490 694605 727392 715777 765317 685870 714940 733190 754409 706640 692689 738660 717929 710555 696203 694137 708966 718025 687318 653653 665621 690590 724478 728907 682539 699526 695425 698006 729955 768837 710718 713810 723505 688536 716479 746762 746844 751553 728488 743307 716796 691857 681065 731730 697484 761112 684147 709626 724881 719185 677018 728186 672419 683919 731452 678240 670762 731963 713749 709939 736330 732401 730394 718521 760572 701045 711087 729088 722352 647291 783778 723841 670061 768460 682993 708704 709595 735468 685584 739264 699398 710010 724274 685450 751583 700395 695995 715100 706967 680391 707515 655394 706346 715062 714752 765659 683982 680632 702185 714409 727373 688318 731045 710305 680504 712821 727887 742112 696251 720063 704821 674919 700753 710796 723178 723815 736222 698961 756862 659645 691848 699939 728404 699510 764943 693977 736283 715029 734156 780744 717399 738762 707847 723291 717511 756760 716522 766112 653094 728978 701208 689765 712337 687965 738058 683758 702741 723277 757796 696066 717070 701230 699086 676359 704394 772327 732469 701814 775518 712187 724473 677876 711718 718117 660366 702461 706051 727105 740833 670025 723579 690157 695469 731265 719342 731445 729147 721800 737864 695277 738795 687840 716258 738518 697725 723917 707016 716428 677420 728372 707725 722934 696670 719155 686346 708049 677021 719290 728644 717336 720155 712289 729308 716853 756454 723995 709200 680794 708320 763305 700882 702766 721622 723749 738470 701397 709454 679911 742854 692603 733622 727409 706017 682765 668986 704115 689123 733429 704762 740922 687637 699532 697036 682686 775720 700150 706116 678393 695925 
633368 656486 698895 759334 743193 694996 649810 684403 657779 702158 659468 645464 689537 663993 690670 699353 733836 719403 730714 695332 684746 740749 686043 673506 677945 647449 679025 695346 703222 733123 695171 634703 768672 669267 681858 661588 676374 656480 721146 725285 706566 684708 736576 681527 653143 724723 699642 730268 683592 662603 697335 684788 685232 650191 701564 677536 642982 710707 698436 689966 659874 707611 693485 691225 688603 725388 640252 683428 680725 699803 688377 678677 701082 682366 674437 671940 687501 685960 656441 676646 667116 673916 693275 670870 696679 675798 677224 681280 703041 762565 731869 687013 712565 686487 665671 693731 735501 723678 720454 688765 704935 708685 672626 663031 656707 706852 721802 635499 668013 700316 695244 658961 684648 649460 689837 749688 619946 664225 686805 667315 692168 725201 693649 710895 693869 724428 705047 682981 682183 696599 610654 746987 672182 666268 698563 668905 699262 671187 687996 694335 675764 666413 666517 666039 666092 732397 653434 671232 672564 734199 660717 696104 671129 699448 680392 692978 709819 676856 676321 680270 685100 726548 669923 682852 681298 671412 714414 720602 687342 636223 680780 651070 627066 653997 708348 718297 703475 733239 692085 744317 665245 688777 669833 732959 698366 756555 709488 736839 697211 714745 749927 673765 727938 696443 712868 720636 723869 722886 713949 665985 716236 659123 684136 704789 699809 684634 682702 659587 713179 713136 704111 676373 676063 650317 685508 646481 723732 693204 620226 763567 733298 726134 709499 706684 674411 662771 696074 694127 703241 690687 664509 714595 652469 676450 689165 702622 663408 688612 700237 732279 664453 668979 682309 672780 715957 676889 695884 676025 704243 651785 713871 688872 706633 688853 698638 660692 666511 672788 696886 704158 696244 671462 684215 704801 715042 719746 684247 687110 670659 699132 720038 707387 678069 721993 695770 680574 680417 676054 659600 672704 669092 705061 691359 681688 671885 642165 684321 645519 731209 697894 732771 651600 675443 640109 667558 755748 692790 686209 686659 691188 
659363 737819 759311 790410 760330 726162 687101 729092 759155 747973 718914 685229 725366 722349 721780 779529 764724 738857 768729 726104 721117 762205 747117 767397 712971 723250 718818 727181 758637 767448 767062 718643 812153 732025 696708 721289 703523 712311 724888 757682 729421 705575 783810 731996 681427 766516 719003 763438 737606 723266 723547 740930 761795 706984 779152 698688 717145 742160 743441 753514 754249 748891 742624 744859 711037 773041 681457 739364 733850 759263 725978 748162 752164 707340 747221 711210 730537 716698 737775 721103 702103 716270 702163 733495 751320 727954 720794 713953 743914 778266 762577 739286 767494 744672 730758 744264 759001 792814 777803 740935 773738 719217 732120 707395 683635 712921 790126 684527 729981 736727 711084 688236 733143 700117 699644 787181 707864 703697 751510 721588 752445 755964 773786 760890 762947 799284 723097 758407 725136 727083 654716 794856 718252 724849 760535 729501 737226 750353 726399 712486 735346 739894 752965 728575 686413 777771 707769 717610 716324 740728 698337 726244 710532 745890 707063 716908 751148 704402 742848 699161 720804 759193 688112 741763 717214 696181 745677 721794 759243 745189 752303 708361 707795 699591 724138 766521 749221 755625 753641 782942 741880 687065 723893 779618 724220 785519 734384 746907 709496 769720 810981 729524 809961 735110 729989 789628 750295 752816 783301 702135 753780 724283 706602 735980 723993 723330 695682 697707 736498 766252 732466 732654 746427 709688 704528 709619 787360 758992 684666 804156 745846 763143 725646 759148 748783 699766 730951 739344 738074 766953 700475 750347 729706 727545 731560 736739 720076 746710 744725 759378 717283 762037 744041 734421 735381 711374 763490 727724 753069 681454 760469 723749 732641 729374 747924 722547 759846 726606 753659 762630 721980 752279 723283 752091 732199 789325 730090 764206 725055 743515 752536 758387 741639 776710 722773 745239 752230 707266 697997 713778 706995 724782 750363 702704 707455 679624 720943 694504 760046 756334 774119 719156 724034 712015 742947 789918 723519 722255 710968 715126 
705807 717401 742755 813249 781453 715804 712835 698578 771941 749421 712457 677729 767011 748293 723541 747469 738800 788767 825022 734566 783871 767799 750295 735772 751971 745538 715431 745142 755399 751264 757649 715193 844048 780892 754073 704055 731539 712786 754323 775160 733559 695407 806954 764144 724527 777339 769716 754484 734216 687814 740985 757926 748992 749683 762999 751890 715675 771165 747793 777733 730361 771518 728827 736145 745561 759305 700799 763047 738300 774407 714515 751878 758174 736526 752600 758051 722616 754414 718966 760051 735921 729720 724480 732695 745622 732585 746927 729023 750365 790485 795171 722937 775201 765851 742583 743789 802668 770050 811290 725099 776783 773426 729396 704410 742151 740672 777210 730912 716798 739654 746517 725067 723451 727142 710581 786472 721932 689482 735885 730712 743085 752359 761936 743406 760093 780695 725968 728637 779317 762398 677206 761011 757950 747922 781252 722817 762597 760841 721351 763262 765110 747569 738687 723951 700600 780579 713533 750839 718015 780414 688140 764053 729985 748619 754546 773382 744238 710292 711388 739144 755337 755523 730341 785730 724904 719025 751590 764118 777767 742065 762311 715749 696884 737662 747433 753178 745831 776652 745805 780066 743664 738585 739243 795852 733491 792981 754889 780114 723137 778212 836481 727540 797073 751542 728592 758577 788051 738936 786800 703127 776218 723330 719773 764509 743337 755809 727676 706074 772179 804012 749854 747236 751431 697380 702615 725357 783529 730038 700221 815958 760243 745469 737790 759151 724666 706357 736529 739193 749228 770037 731978 739754 719397 706558 749548 774617 748124 752744 789900 776121 730877 756085 719130 727357 757231 735597 755163 735899 771134 730233 755523 771048 751402 727875 746679 708378 746941 718091 740023 774031 728670 729719 755337 777851 742620 763054 738887 747927 736569 763116 798232 761875 739731 768014 729954 745567 723543 714332 747200 756308 734111 732360 772851 738990 710381 711784 712671 696105 768613 724943 793019 726886 746749 710845 733181 818292 727727 735178 739831 722973 
657516 694919 697206 781699 709080 678598 670928 701065 748813 721576 659259 639951 710208 707398 695989 725010 734254 716984 764763 714743 721836 719063 740561 690174 708682 689151 707445 705796 728267 756323 716254 668292 751035 728308 716652 683486 670692 662844 707391 734722 705218 699181 753864 726147 653072 723602 701640 699584 706066 666127 686589 728954 726121 679426 728494 701634 691509 727608 720585 705760 704057 734723 705184 697519 676761 739234 667670 718672 677191 710836 677905 687844 748199 689347 684578 690787 688877 688401 734396 682019 657876 694365 679914 715476 719852 716049 687734 677214 698662 771931 764867 716555 696007 741888 692596 725325 741398 722621 766125 686929 714212 701402 696632 668273 681681 701527 753462 684809 692326 703673 703242 673241 727981 691088 700658 751171 685297 682587 713300 678758 739227 734267 749230 726917 705840 735278 695428 705789 740153 723208 641924 741400 698245 677991 735454 688052 713592 726847 714412 709465 720182 710149 707859 693677 665927 763345 672721 718837 717726 740938 681181 718194 695268 666599 684387 679949 727968 716305 717034 725551 706069 718039 663246 720468 685396 690888 698606 695058 706960 667908 724508 665865 653779 677478 678188 701481 695145 749509 723347 764041 675381 700240 693967 740577 696933 757350 727482 713064 703405 703697 775683 698105 731568 711934 712049 690659 768868 715037 744050 673965 735533 694762 666239 742448 691828 697910 664576 671748 707250 756043 693778 709224 698414 673071 666983 698329 745382 689462 683014 766602 741380 719874 703488 728885 714016 684669 714312 704139 709831 716706 693486 730624 700033 689606 682385 746950 698529 707951 728711 744489 714442 709003 665771 694108 715562 707591 734781 704578 721535 670950 749023 713518 713226 687036 703946 678375 694984 672340 713463 711361 721409 700630 711560 742854 674046 740708 681633 704833 675743 716482 750554 701677 700302 712723 707246 711787 703119 668424 677753 707944 692089 672845 722808 686238 692241 688284 700299 684773 729026 719706 745994 720302 728123 683925 689179 769721 692997 715585 730741 691083 
651201 701707 712393 743489 714249 701154 696007 705137 726094 710088 681517 646568 679517 682589 678512 732348 718604 725480 761074 696934 702775 708020 734614 712381 707961 722094 690073 714363 711393 711130 702087 636768 774612 728764 681848 694272 690742 675575 705338 730143 692410 663140 756265 675736 667090 705045 681659 720437 693393 640313 690843 708585 711582 667667 748054 656225 680422 686404 711015 705493 708052 704834 668800 715535 692634 764484 629119 712575 709613 721413 663944 663574 712658 705625 686015 686583 670687 681569 693597 678993 651939 678185 672609 689118 697938 710633 661257 668155 713224 739762 751842 673248 691686 703282 693125 695628 752269 709483 765310 680923 718632 701983 713411 655463 686257 682560 746313 686395 664241 691951 724961 681360 704856 700658 690833 735342 680645 690236 723753 692678 713800 742944 702887 738502 707051 760728 676524 741057 725689 698917 639947 739990 715744 665428 713969 694940 711167 693838 685740 698584 737054 687588 713137 706923 679877 718493 693291 713043 667142 737932 659686 720682 646147 692979 693650 694885 717570 672303 721946 700350 705357 702119 651148 713656 666568 640832 683028 694477 719277 690220 734007 672897 647913 659549 682290 703798 669771 731561 706602 729412 655864 655566 689562 686563 686197 760890 732550 712543 693690 697577 785776 691353 765051 690643 715700 683784 748679 719247 753306 664284 714406 680156 671608 723873 689292 678221 676548 675342 737311 743519 712097 674622 704165 698381 645005 694821 744890 711463 656482 757836 725641 686777 684689 723413 675652 648875 711295 701651 704217 701310 688260 716402 688199 673874 699474 699492 713109 659599 698723 752247 695072 722450 661839 689304 726911 670625 700204 689603 728869 628751 719342 671589 686583 672729 735246 684436 696458 678860 697250 703191 688750 737709 683839 731392 687206 729880 714591 718352 698259 712557 746978 704308 717968 722796 715710 710836 698622 677287 682869 678722 654495 683336 714281 694794 686681 650315 688373 681044 691486 697777 761808 673197 703459 693405 671714 747455 668045 688809 677248 684452 
669597 713687 721744 789971 765907 693853 694399 723715 736895 747266 692756 673766 742809 694903 705816 748449 756573 791466 779382 728984 752220 744904 753839 743793 730575 739716 708110 727390 742933 768341 752340 689191 791902 748468 690099 709691 699553 695328 710507 770855 710443 672486 754699 715947 688153 760914 738028 761989 710209 703436 719766 729985 728717 739131 765360 705707 716037 739064 749133 738950 697499 751442 712875 751517 696648 740672 696131 744624 710121 750867 731502 703230 741930 725775 725383 706115 708621 720239 756322 718215 700196 712934 713370 719133 739950 742733 732829 696841 722463 769958 764456 724428 730599 744998 755998 733304 760521 776273 776117 750024 756167 728616 761487 688045 738799 732620 766397 672159 677021 725201 719613 710248 705168 695449 731596 777865 703414 666693 745547 694324 723219 745840 749544 743277 714971 779803 707023 743782 771513 710924 670093 763988 756021 723178 764501 744852 720275 747164 718980 712507 740235 727627 729788 730896 696201 720273 693014 731113 724741 754982 698265 756337 697045 726092 730996 728097 711924 713002 728128 726711 729398 710615 662517 760268 733439 725289 730664 736957 726431 699597 752649 683682 693781 681993 719187 734465 711553 760571 749763 755790 697583 701861 711502 767767 733610 761291 740551 734179 712643 783450 843009 717701 758070 742104 745066 729767 761007 758105 752796 687833 743203 700006 687098 746279 710824 712698 694700 692807 755310 779447 707676 746673 726506 677458 668646 721913 774607 731718 669510 780276 720056 713511 696436 768164 717630 703253 725312 727872 741941 733255 719667 734192 709108 721695 707654 750541 720667 767268 732742 748352 746753 752207 732927 710856 717005 683440 760791 704045 732061 698884 724635 728557 756724 688085 760832 710739 719199 693658 730269 707408 724721 722790 695703 726545 717904 764771 714249 779287 742291 718418 761382 759530 696256 763121 722004 725362 749318 676245 706274 735319 696628 714858 728307 716770 688216 660946 719791 665149 739456 736046 779607 735351 710087 693609 700429 796190 711351 743470 746560 723065 
700474 711430 762558 824980 766721 747606 729356 769274 781780 770771 711811 697068 754497 719305 729354 811639 773047 790869 808803 748303 755685 783371 779503 770336 749409 738728 728890 767268 770600 801170 764084 694586 814142 796076 755298 720296 725730 723796 760248 800471 748676 726331 781837 742827 721564 772463 750360 776631 739792 696973 756902 755669 769140 741562 802053 723036 737210 771682 748108 774822 735579 766078 745724 749762 739114 801443 743971 771628 737707 805063 744739 737602 754551 744835 740183 739787 703434 722566 759948 733762 717476 731924 724321 778072 737849 762901 729995 730839 747383 823516 827946 765394 762802 739055 750256 733113 802296 799326 798825 746636 769535 749645 722075 735176 772828 757654 804324 704935 695975 737028 738666 713861 743624 717404 749306 815087 721288 715969 748247 725097 789630 769733 765552 769250 779724 826405 723685 770784 756990 760171 657877 791250 753840 742401 773045 759177 761168 761259 750684 746928 785201 764896 734372 767916 704007 769843 732371 747407 741347 799766 720092 758730 732937 764474 728762 736747 756641 717427 742091 753220 750006 737260 684047 769302 759673 719821 787502 767069 762090 717159 770070 723550 700673 697536 776531 743608 754096 808697 764448 791387 702197 750488 728719 778798 732179 800160 771556 748646 750358 803573 835647 742677 784227 751709 762329 760885 813131 773704 813739 724081 756035 736664 721281 782711 740158 737469 731498 721693 752344 804204 764778 736716 756786 714365 734527 763841 791037 754483 697220 803537 764081 767099 749325 742431 728492 728504 748421 776941 768115 778431 736415 798163 733495 746946 728957 756791 752480 776700 766125 778921 728737 729601 779793 707228 760948 766319 781696 750192 770705 699990 782546 770238 784395 734691 752867 728709 731653 719580 757624 762411 764227 750635 754710 785420 732852 795769 756200 750107 739880 773755 785420 754452 781194 784016 759435 762989 766449 765634 767166 756879 741094 755426 777786 731631 724724 718906 746001 712306 776334 768868 794460 747017 756966 742040 748431 810583 717138 762396 748439 701083 
638559 690917 671300 744404 685048 682560 638292 684538 683539 685536 662447 652552 649767 665183 641505 703376 698420 692655 743227 693511 679180 688527 689503 722504 649727 671094 692383 671973 684923 718285 701321 630885 726104 701757 658142 649109 646956 652124 698023 729276 694477 646614 710674 660958 657445 698968 662537 708205 682807 652958 643784 652225 706342 643571 708104 657535 651579 694900 709735 701033 660758 689243 638788 703115 659860 722896 652111 697351 691208 695027 669882 671008 688380 659311 674745 688116 661051 676101 687560 649914 673967 659212 663319 671310 650749 668005 673088 639178 687221 709451 729774 674181 695152 704411 665586 666595 703886 715056 742298 687225 702021 689203 704876 659900 666021 680992 746889 649108 658784 689538 684500 659443 692099 683647 654871 726402 626512 669209 678372 667309 681396 687973 689051 686112 686320 739391 653670 690642 720742 675789 609784 713791 662872 680540 700252 664478 684699 673536 677453 656991 699943 687718 664409 671936 671508 688366 616447 679485 684016 708812 667801 691656 648318 673119 678702 679437 683113 662747 715394 678871 689216 702609 639145 689860 637583 646683 668433 715435 748418 633983 706413 648073 616818 629058 679037 673081 658834 688723 690858 709147 641805 650253 639695 692615 660555 721227 695774 707076 669480 695253 773452 663020 729371 694057 671793 711206 697697 699812 724608 664223 716690 667331 659847 720387 684171 657662 661670 649766 692793 739559 678103 669997 699346 645786 617930 667565 752302 688092 609054 726654 702116 686493 680335 681343 677029 644173 678523 704363 681379 717453 653377 680670 630884 651396 695906 695923 675450 675209 691318 707974 674499 697347 671712 659758 714929 688549 706295 673313 699700 665001 696208 689511 702712 648597 714174 693211 681106 639903 704489 655673 645290 690059 632499 675832 667155 716332 695300 687227 641517 702489 734238 689529 688297 703776 692786 714820 682626 657368 637353 689671 654439 693094 718307 668609 678925 619998 660394 655682 688155 697618 722929 674629 695103 645028 668433 735850 675515 666805 640492 646571 
711029 749768 783931 836402 825113 759293 752719 757457 824621 777593 730762 727220 773599 765413 736876 797685 799383 749607 840732 763284 770713 801026 774222 772509 765974 781196 780594 793097 779183 814646 794851 724139 855390 780945 743358 744706 752375 723240 774151 795470 773572 722199 798194 742057 747950 794395 755972 812931 753791 723815 761981 769882 794687 753193 800263 738442 749108 798478 788457 765178 763085 802321 744836 783433 760109 800001 721658 785558 747887 780573 767609 738001 804734 782677 763578 761974 760490 767064 794978 744143 748772 764810 768882 767825 807723 776711 761673 740703 772133 843232 826124 775956 798660 789843 752331 775843 810012 800158 815669 781371 788837 779029 767885 740293 756135 773755 829018 738921 760397 796320 785312 717469 774732 756847 784694 825158 738174 749222 775495 728960 776095 791766 778382 782468 769364 813700 778338 755342 791065 782782 717271 819006 800502 749150 778387 765991 769717 775293 767038 766778 774703 782264 773464 768585 778635 811801 741750 765997 755448 827913 749334 773132 735273 762145 782779 771379 778863 746913 771796 766694 780288 779206 763556 785897 729656 762085 780558 774433 793329 736752 772159 746779 710928 721095 753331 770169 750060 807466 766721 826608 714486 772498 749184 815822 748670 818878 790343 796321 768306 794315 841726 753426 808005 776939 783206 801618 803851 811213 816847 748848 799071 770555 744810 813209 765051 779874 761604 763874 798382 817894 775090 763756 757319 739734 734654 778030 811179 773542 732912 833710 795337 800081 779386 797061 798197 736330 744868 763614 759621 776556 778231 818631 732900 752253 767927 761991 778833 745137 774442 811519 750629 775498 757189 750411 802289 783786 771549 745607 801567 736267 797266 764301 809071 743450 798187 757587 772918 749246 809310 783128 762057 785970 737851 802245 757382 773974 769716 765924 767127 775842 829062 789474 768101 812430 743839 775662 776264 748671 785701 756354 746006 768887 800356 780266 760760 711622 780270 724683 801440 773460 790112 758400 753015 749773 744095 837237 755459 795669 770312 774303 
637265 715616 686072 779377 710803 665808 642736 685467 692098 686625 669509 661183 671450 692781 681183 718580 711948 684941 736224 698389 706231 718211 698347 695047 685311 684700 656402 711215 676503 697073 669664 643165 757505 700930 664445 663793 665204 662639 710135 694934 700523 668118 716726 679994 669219 695054 672394 704158 667829 668109 678922 678311 697250 670054 718966 662284 666068 727718 689767 689332 694853 681357 710391 711309 662151 715939 642549 703043 678470 732692 692083 685655 703934 659776 698888 657545 678424 670668 692446 634889 658128 654227 702459 685479 694004 701620 680779 659199 665496 761502 743262 714683 681703 698718 696005 719108 718101 722778 723034 669329 726613 699575 714668 640263 683646 714151 718764 630500 660731 706159 687704 675778 649952 646074 705566 769046 667339 625664 721383 632067 704465 692265 698499 698616 676957 715904 686290 698725 727455 691118 631570 731634 668113 672943 712893 691117 692717 669374 678896 680251 676864 671154 689753 681266 671861 702854 681618 670631 709106 727883 652271 708142 652855 656384 686927 679322 691366 683611 663191 699427 703061 696848 632519 712555 637664 681816 701936 719933 684249 684500 701223 665991 661795 667204 700466 692207 684193 705131 679960 718802 672233 667853 679684 744482 657308 723164 686771 708435 671962 739777 776030 681313 735498 710947 709022 704230 727278 708086 690678 672017 736555 657590 641988 710747 672880 668868 665805 657263 681925 730176 711450 677695 676326 648192 642799 691908 746865 711169 665429 708990 726400 699285 666842 707957 680538 655641 688518 700780 697021 706604 682596 685310 715916 685709 675549 697803 690065 707474 696468 722434 680037 694265 670857 668746 688253 686373 727706 672669 693380 619789 722247 687565 692921 707287 707365 653319 695092 646537 696102 705472 688093 705553 659590 733014 689188 712853 672930 692835 678108 698262 708400 701856 676368 703027 684689 705705 699178 672291 666991 692346 673566 675689 698751 683851 672470 634489 668168 649434 698929 698424 722335 707264 676693 662911 661522 731976 652365 688130 717947 648992 
686130 730117 728701 808495 770421 708019 678996 708692 764746 750191 698680 697323 735152 715968 701304 733985 742057 794285 787182 731703 757608 742114 738006 733950 703879 720518 735778 705240 718118 751284 744649 669311 814951 739332 695271 689285 695185 673628 743215 755454 734336 692831 757908 717603 716720 746447 736887 759295 718155 680371 730489 733259 724676 702043 776843 715000 706856 739721 737419 745919 717193 745624 700879 753723 722543 767565 680046 742912 733262 750303 705694 714677 739429 724723 722976 742560 718680 727516 715934 688879 729370 697976 752242 721568 735229 739516 747662 690259 754530 785008 778007 705435 757933 744041 712712 724667 753868 769121 792234 758108 726916 739604 743414 692260 743824 729907 786623 685879 722844 760095 733020 701461 754692 723499 712160 775175 701448 708205 741506 716172 748900 757956 745264 740416 736735 762652 697757 705171 755817 761585 680735 784110 743841 700302 745977 720244 743935 741893 755678 732867 728762 726295 725888 727351 710420 757587 686766 746530 728321 759223 696103 735385 722716 715638 729736 767237 723821 697525 766970 756804 700382 713490 720204 736243 699988 701144 736724 759735 766785 718782 761669 705117 680427 698652 725429 729215 733458 781488 729944 774063 692770 709944 681919 765335 732826 772723 765787 752643 708565 762015 845526 749796 787541 772680 746487 735318 757720 765233 759012 713807 782524 715628 721335 763038 725280 711531 710000 701285 737261 754871 746329 723384 744868 679837 688816 750527 773086 718510 676999 772240 748275 739902 726557 763906 728308 687846 711593 742789 728987 749217 712885 725102 696125 699598 760291 711225 718641 755283 751738 776606 711429 737883 694990 690657 756769 710783 760779 689603 725252 710000 751774 737627 744078 702557 770930 720948 729792 737112 777591 705852 702791 737614 710223 754217 733322 741189 724254 735292 725131 740030 769880 723972 738798 745396 720336 745627 720008 707587 697673 756713 717201 712871 751189 730191 723768 706446 742128 689465 743215 753778 762552 737127 729861 704201 728793 804219 712189 741818 727501 732079 
713857 731750 766183 816037 784780 744988 760165 747157 782502 760983 743706 708220 760231 732372 739300 774148 734748 757638 805244 711300 775866 780009 749383 754213 743444 755974 750455 760862 749846 770536 760618 704063 840990 779839 756519 724929 712298 706886 756436 774836 751098 703256 806167 732067 752721 766533 757772 789218 769738 685829 736664 755949 757008 754028 782276 728447 737472 750478 764720 762242 709853 781001 744173 760662 745022 800603 700225 751500 766044 744518 728764 725210 780297 744467 738909 714362 746183 728972 758835 761460 715442 746323 731355 767286 734508 763530 758850 716610 743001 824060 783534 742168 749343 758937 758509 785283 778376 744814 785747 744417 801812 772215 785066 721711 734686 739485 810430 717555 711414 758266 749510 732851 751308 740538 738198 791717 725417 707413 771260 730631 744643 746720 776124 756594 739027 817086 743258 746463 772481 750357 683239 764642 772296 713773 773309 743562 746003 768353 739139 750759 787928 751830 737097 737226 744367 749838 731395 713860 737182 781591 706250 771023 721580 743622 758862 762805 762058 722183 754460 751641 759161 760174 673082 780250 705983 735003 748235 767548 774579 725977 787526 729267 700301 717732 746030 769465 723102 759595 761361 790571 689173 743344 728113 795392 724355 806103 784490 769511 761349 782580 838504 728069 811551 737754 770572 747189 792950 750611 807982 718213 751907 729286 718458 776826 719296 766308 772248 731428 772102 815782 769045 735075 761658 709831 720641 749134 799776 732847 698847 807129 767948 762578 733339 778256 765827 704794 737538 738473 745819 749719 716972 758855 744674 701754 740695 744732 768809 753107 779987 791531 725509 741297 745554 747278 739669 753733 765174 723636 738430 700860 774954 767089 751983 716495 760751 718423 737083 706230 762539 754172 727527 772280 756112 803142 740193 790268 721602 741421 738585 756929 787367 731978 740758 761471 765647 758117 747456 733739 719492 761563 716791 740141 768531 736834 707226 669755 734212 701912 772213 769873 782577 748126 735573 734111 727268 801765 726166 736012 767388 740346 
714008 798630 772110 846327 784321 763015 712037 776068 770714 771972 742846 725126 765743 743009 771548 803306 808716 800805 810830 776355 788295 778160 766168 776666 755443 770420 747197 788601 755675 794738 768799 728088 829052 790180 727110 772191 715018 719625 786691 784147 740255 713129 779501 747039 707265 789800 761166 813495 773616 757010 729623 775009 774513 762355 794487 738781 751213 761014 783275 791595 761182 780753 741800 777328 734375 816134 706118 781665 750032 772649 747043 754053 796958 751540 747742 752375 734039 748318 774061 715881 736995 749374 770316 762103 766403 736630 756247 704280 791738 804448 820254 791011 786218 802052 758184 768399 777954 796592 781083 774893 819404 800542 810942 748333 746315 758669 806165 699586 758473 750487 740879 727147 754080 733647 740534 805296 735806 728354 761516 721412 775220 806734 766546 798251 744117 797826 786079 779164 815449 764020 693793 821708 761316 729995 792979 751787 797538 773020 753805 770638 764446 748544 786883 761011 745009 778845 726467 751130 758710 780136 718728 760258 733085 742428 751192 785794 754183 752825 761126 780632 768738 786690 729464 780159 717305 767361 777737 796869 797145 761647 812268 728545 713850 712091 767161 768730 759296 810764 788013 839304 730918 737247 735607 795634 763740 842211 772518 793809 749699 802989 845516 747652 793321 763636 749491 784487 808802 786481 793672 728573 776607 746163 745698 794166 773616 724844 741200 752485 781978 809400 743942 748819 750163 728403 726481 745788 825835 781447 721490 823545 760904 758378 784720 804297 761525 724376 733022 746349 785455 789934 724032 781621 725992 730434 769781 781980 773080 780435 772445 794181 734428 755731 762913 752001 737076 738644 786914 748102 781959 750526 762265 755036 788106 764941 798448 746764 753898 753254 809174 731940 758417 777112 726021 791378 726583 826463 757965 757042 754494 782226 805270 780127 772097 791729 779044 753207 774154 729084 722177 742526 738804 747699 797657 743352 755709 722067 757920 720653 809895 760412 818333 762981 774142 718735 768940 821070 765506 768425 734651 766111 
697546 758942 762837 860538 784376 774142 730253 772763 812402 778202 746505 721716 764750 755734 764990 805808 791179 837197 807251 747857 785927 800138 763989 773199 784563 763824 756819 748270 779888 820547 771346 737810 826326 797761 783423 738231 731086 729749 770907 779522 766052 717248 813353 766556 761083 800370 774364 782295 761366 688416 759969 797796 761428 751775 803078 776759 787733 807256 779088 760357 753862 771407 774124 766598 739160 821823 731892 774944 775732 792019 757561 779845 797027 766168 771465 769826 738623 766277 756023 781728 735170 770840 760984 760664 757820 778872 771054 747751 764706 831149 824202 767669 778449 776193 761186 777231 827134 789629 803057 746269 783754 785112 768778 736902 774169 778838 828097 742271 738011 778720 753443 739625 771628 754579 764932 793213 732148 745984 778402 758313 771636 803684 780828 799085 776494 831774 787628 767746 812197 768213 692240 803008 765383 770666 786847 771671 791109 783992 774843 776617 796333 763132 747886 748764 744759 773266 742489 781579 758569 823123 761584 780330 759692 764826 769010 771688 779490 759745 794040 780822 774678 772111 740547 795275 789166 745316 782624 797316 800267 760791 787313 752336 713900 733149 776589 784757 755916 816841 816716 822360 713359 773256 737520 794191 748237 813192 788885 761455 761589 808912 845988 772321 824350 794992 784929 787607 818682 788622 820622 742811 808896 723248 762311 801509 764240 763081 740502 717033 770474 847043 788418 770694 760400 747729 756069 771345 818280 732778 720713 806089 805215 775715 772352 799385 738181 754487 790111 775589 788335 807686 748486 788781 753048 758424 764614 772553 771849 778071 795050 807251 746483 738189 772359 778869 794230 761933 787251 787919 793656 748681 786415 784580 795833 741073 781850 755502 755399 725939 771315 750630 760116 773498 747254 806013 762806 793689 737781 763219 757285 780316 817100 757881 774847 810172 775676 768218 790791 771307 752596 741064 740882 762456 797919 765244 756159 732664 759456 731480 807893 813880 819221 765820 793946 759742 787948 805468 782784 772001 792835 745943 
693126 722888 735744 823863 777598 706795 693431 727414 770442 757139 709341 707476 759470 734577 725113 774274 766980 761042 782929 743987 761179 766452 771192 758260 758855 746037 704581 747375 743901 774063 776205 710132 816597 766819 731078 709428 742029 722889 738581 769357 730224 731751 800411 738140 702632 754076 733373 759021 739347 739014 764856 732313 755101 709527 798245 730269 736802 757718 770935 778821 744882 765869 718460 765290 693345 773936 709562 739101 711482 785970 737755 736721 740928 738228 751741 742835 753814 728132 727506 718530 716730 719562 751036 737179 740684 761513 734740 740529 752323 808767 783452 737720 756798 782588 748007 763317 776085 765948 778720 719676 784548 771648 773910 699069 725442 716149 757409 708640 734398 782835 765993 715270 737488 714406 744554 800308 717986 709914 757425 721948 762059 767527 773844 753596 726076 821887 755692 746319 763829 737154 687829 797055 763890 711173 794769 755975 724857 761600 752745 717781 753383 747952 736052 737352 725205 767947 721457 731397 744779 790607 711377 777667 724490 753244 735708 772522 719808 745271 739738 748402 751429 736101 692823 744482 737980 717643 754627 762355 779493 725084 767947 731769 699848 742886 760136 737275 740740 798875 786270 780115 708809 732348 736498 787973 735436 783240 741390 754697 699009 781209 851445 745468 785658 758706 718841 742476 777791 776395 776737 723393 795627 722222 700589 769629 760590 726633 739022 716549 757621 780384 743398 738489 749176 730370 706391 732973 786274 735158 680419 809232 755997 766838 740325 772325 738443 720632 733039 758318 747968 767981 743994 742254 741150 721007 737846 763192 734163 768758 750144 773529 750735 759323 767344 742040 785069 725981 768677 711359 777511 732648 765414 745930 756331 708835 790618 730670 768983 740696 772300 760429 742196 763508 705071 758668 726842 779184 727178 750093 740342 761556 784049 751072 764173 770052 734847 739825 768993 747671 726087 731002 727110 739561 804136 731075 734665 691569 755256 707953 758215 752171 805972 739512 747301 727791 734240 811759 716109 761155 722253 760645 
671332 723209 751802 823390 752648 736654 725325 731485 740156 749083 693576 713620 718509 733930 720801 769511 757536 756226 801436 735498 771453 758718 760729 752309 728104 718223 737300 755488 760748 765501 762909 713199 783015 769097 733388 720420 712127 687636 747654 786383 778654 719615 769986 749669 695420 722914 725997 755742 752456 743609 724189 704326 760276 725379 777938 687424 722872 764251 748704 735614 741759 766567 717489 746368 729233 757510 678193 752424 712168 760869 764270 709483 760271 733208 733130 742982 720608 713411 733273 707206 707378 722932 724706 725855 742219 707052 706238 719703 732548 801725 797459 739308 725193 760521 702852 713029 777435 759882 755589 715082 755023 758075 721856 709161 731876 743191 805626 689244 708465 745137 719688 709695 735205 719887 746680 786991 692171 712204 743800 732655 745031 777115 758431 761679 722954 811869 727356 743401 780170 760960 654106 770899 752740 727156 781939 748699 751433 731614 730707 728856 750689 731609 724135 758457 724440 758949 709892 735783 738234 767878 724369 725006 709001 732925 707180 742917 733058 695125 748530 736204 759825 764191 705470 766671 686083 718971 763831 746871 784868 695764 772458 693225 681897 693251 746356 726388 692909 779701 767196 771339 690184 724653 700347 799846 728135 761785 753061 762096 736711 757313 835099 734488 749127 730180 740737 757896 758682 771924 776752 709363 765782 743493 684783 770362 717864 726118 703051 726321 766629 795076 752578 715055 754953 671065 695628 749181 794030 757525 713241 792398 730614 741039 724114 725830 739826 719424 731147 730456 742703 746304 724133 761067 713412 735236 724799 753184 717893 734235 757308 769220 722452 718720 737974 696297 729812 736849 770101 706143 761722 716650 756906 755617 728935 714202 778246 707530 731179 692292 763236 711451 740667 737027 714343 750164 703541 767835 707295 734461 719665 766066 791777 751671 711800 768519 752071 744679 747109 718340 694028 739917 717351 738242 790829 719434 720148 667141 707374 703731 741650 726031 780333 745787 742133 709052 739404 796163 733123 754296 727146 718221 
699284 740578 746173 833460 790240 746471 718373 749320 782509 770127 699558 698715 753172 727309 728027 780380 775318 794790 817967 768855 777851 777736 743779 791598 760292 725948 762372 760445 771779 796940 766689 706511 820354 756541 729173 745187 711394 716559 764732 752874 744283 706042 798250 746578 746207 779029 772056 797773 744629 721847 741813 777815 748310 757711 776498 746568 740786 786213 747694 748653 760415 771702 735764 788326 741678 783596 706595 753027 754505 763477 736583 761058 778926 759943 730533 764890 728114 727900 717416 712476 729342 738071 760094 716821 742667 788153 767488 746437 750703 805923 826476 742520 777909 767370 740674 741065 802627 804312 770188 754433 781256 758719 764880 692342 753366 758632 776975 718445 737076 751639 761681 747432 723363 733451 749615 822181 711392 707627 775488 785569 769586 785885 752820 792426 742703 809938 736792 778358 798644 761289 699414 803704 738347 742275 771930 719196 757956 766808 747716 727878 773369 748524 751250 748258 723136 775098 698762 772940 730473 787411 738302 775899 743569 740460 745195 770776 761175 742369 758970 747693 749030 775186 696054 779054 734028 705198 753304 770837 790762 766055 767248 746044 701253 725730 741940 754847 729739 792652 755808 751167 731947 758319 719908 784193 737283 829330 816517 771455 728026 780673 844324 756823 803602 779422 759675 750281 790909 783088 787244 703409 763550 748016 729510 777103 734003 746088 715492 715783 759399 811495 770144 770708 773439 714980 719097 782684 792279 749838 713867 795294 770539 776662 747085 762700 739575 739385 747448 777355 748363 765848 730019 783205 729955 705597 783075 792462 747826 750783 756489 793017 718104 770311 752893 724672 774469 747706 764253 740638 750978 714206 794942 746486 780704 747487 813138 760475 769952 732870 784093 764647 762071 767970 738057 776976 753368 807241 759601 754842 730808 781345 824609 759675 747706 788255 775284 776583 753311 717370 724149 747519 751847 762490 784196 744733 741135 707472 734081 714763 789363 759589 827743 756463 751824 724113 747045 824435 745561 754098 745818 759653 
680111 722563 728981 794719 755716 749574 716645 742370 770128 745148 692788 701796 761122 730349 729865 780808 765202 740329 793363 750309 746630 768557 715373 741012 772258 737300 721609 759514 733256 791695 754728 705923 812427 760366 704640 715896 694055 696086 739305 789173 713272 726204 806866 757569 716131 764820 726645 782877 746437 720308 743286 747334 779586 726832 732397 707493 727121 765109 760705 723155 742497 763636 735332 770866 742045 767190 676361 746847 725024 745550 706102 756068 753994 746052 743219 722811 744365 734551 747369 698576 718561 713308 724336 742828 721868 751190 717914 741779 728170 807841 819032 763155 740012 759611 724850 744458 786021 793969 792182 720102 755196 746698 740418 675562 702147 740506 793687 697978 735408 734023 711688 684702 749226 729854 730448 780093 714708 731265 746559 749084 735918 757154 751113 757484 753575 795225 722441 723355 735932 739714 672353 778159 756171 701752 768584 751644 758644 761921 741333 725072 742417 741310 747537 737984 721849 764633 720891 725996 720862 806084 686792 739231 714314 731964 732362 745819 762572 709372 760397 745954 742807 731790 679040 754140 721183 729505 737010 727895 776529 733452 764816 703860 691160 716930 739518 738191 723568 751758 750260 785194 713367 743973 733824 776432 719212 783928 745989 780296 734357 790603 814299 730506 797694 761583 745098 759002 791271 742349 769542 709706 783182 719169 727842 744903 734395 753678 674295 711345 746798 768718 743795 732265 717345 708023 693641 728963 795809 735946 692550 798714 765660 753706 754673 781994 740084 719203 731725 739347 742894 721700 714636 769841 732526 717736 741148 750218 740761 727313 730732 776723 718243 726909 729031 743629 753865 703967 747071 730091 762958 735631 777478 758190 766786 718567 779798 726619 753371 707575 758647 768020 744932 745560 722851 754885 718540 776614 709492 731705 714183 735085 789847 760904 720496 761784 740186 738097 725189 730397 747210 755587 701065 713631 754221 736381 716618 703420 704830 708495 778970 733935 769717 726867 734271 724513 709555 773418 740192 731499 739571 732204 
672682 728796 753885 790691 736302 747268 669181 719756 763739 754381 713494 685278 687646 677619 699034 761808 735580 728915 742663 687784 729136 750283 710354 697566 720234 768998 700453 731014 721724 774882 721632 670644 779015 748592 695617 698721 688027 696982 728048 739354 725287 688126 759502 711816 699034 740700 687211 747103 730490 701886 700489 728395 732545 694791 775323 694499 714233 742153 727919 726488 702499 734506 716460 713514 702957 725642 667019 741093 707770 711547 705449 717771 728132 702872 724696 719174 721075 730795 710272 727726 688839 704765 716468 716880 698054 724074 719144 693233 725581 772126 772735 727708 715700 724628 716066 741408 754567 742297 765484 725410 744841 742131 733087 679240 725154 695517 760214 704348 714759 735189 729254 677413 729595 685957 696497 763425 667377 682455 714710 688749 744344 742181 720009 750369 728320 791610 736357 755783 732181 690858 646529 776477 724985 710462 762901 729228 741396 708992 733659 695853 705937 714344 726917 735225 686138 756179 709489 724533 692034 748243 703327 753949 693266 719280 722943 725006 716499 708603 715225 704713 741171 722181 671187 728118 686958 705241 734821 719698 754255 709385 736067 695713 672965 674237 771784 718938 678448 747345 730208 759876 687282 686817 713466 759447 729146 770790 750782 748493 701195 719432 818326 711052 757224 710579 737229 740908 758008 743844 773900 693538 741190 692643 701444 750337 726341 718707 689805 711715 756393 777073 723975 724041 719392 700214 693750 717997 766783 708319 693568 775001 740197 720536 694177 738691 718368 673240 705838 699731 720670 748896 700806 745930 729397 717115 731196 709890 737925 714491 744385 774995 669396 725508 738736 725068 731445 696252 735995 732644 762264 689826 735919 714084 746180 728179 722500 727946 733255 687820 744091 730532 715024 729926 672534 742348 717746 738316 697720 732299 689765 726581 766152 743995 721089 774957 711115 714128 734412 697042 710885 721891 687577 705763 735788 712678 719223 683198 706750 688529 735813 721192 755390 704484 749899 683855 718852 793433 695895 709478 712087 709177 
652496 696784 715090 786972 714533 695400 635365 694596 718699 704908 651802 681383 693056 680151 652739 742058 732718 700210 749146 710279 686656 715254 701563 663720 692600 682927 684460 673912 686256 726410 729137 639067 751284 717761 648829 682139 659579 654575 728292 739085 686318 646141 743970 698382 690357 697737 683301 737494 697134 692958 691410 708315 715933 709866 733032 681664 693169 697536 666087 696923 682753 707143 681698 714256 628715 725046 657896 709304 665246 683367 669110 688910 697377 687154 681420 679419 681947 693829 681847 650746 653791 678496 677984 684381 706592 666664 687976 659792 706935 739538 747888 679255 709128 697820 680069 695057 704793 741937 717939 680661 732699 730261 723039 656426 683258 663600 712182 682160 664536 731921 689656 677823 686953 669087 668985 712427 682274 654134 704281 659415 694874 716025 708226 725957 704380 730928 680621 712373 704199 674463 636128 761609 679707 684043 713105 690497 687429 716584 695892 700791 716596 694700 710806 683020 690807 714591 688952 712067 676928 731293 682494 698205 683162 686625 709491 673953 708862 691851 688190 673784 691904 704945 652749 685537 685771 662237 700880 703590 708212 688099 709304 673598 617859 636507 688798 718942 695820 730369 696886 714940 666386 652868 652977 708578 694941 745524 688303 707687 677579 719608 752455 678967 754624 679986 694211 692918 725298 730702 710804 657030 702549 695781 657923 714760 704529 699724 686178 668328 717472 755983 704174 673922 677496 680101 642805 694220 756509 679114 657760 750813 734571 692724 692322 701927 717844 667206 690586 680345 706706 706909 676604 705653 686869 668656 696856 711469 699428 691126 707151 716669 710791 703508 691402 672736 708987 695557 684074 696009 698585 672300 673730 697889 720391 658850 690422 689503 699819 652261 731251 689667 686980 700506 659106 715165 678832 725470 695337 699168 668057 719915 745047 719695 686748 715289 693922 695664 710353 657426 682795 679797 687037 689451 718560 681757 687857 661309 684563 676983 718835 705267 732787 673982 664802 669363 705639 766549 672072 704010 681434 694273 
661482 687813 694372 742512 700241 695888 680639 684768 738588 718171 703978 665234 714140 696851 682728 723144 713065 710301 762492 693732 716999 703679 718743 711051 690413 737388 700242 710741 696422 752503 726520 681672 763941 733697 687969 639097 678164 656257 694002 692629 719595 664839 731814 694333 657372 711919 677404 716439 696107 638217 680361 703969 705722 691037 729817 661021 712651 726702 728431 731393 699353 731504 698822 709685 704072 752055 638756 704120 690557 701559 687922 700578 724050 669765 680160 703287 679744 684384 682277 679572 696617 666610 664265 693624 707549 705481 692775 695189 699913 745564 758684 670529 732270 723602 697281 713114 735450 733626 731705 716285 716185 678199 705345 650366 704122 698426 749423 668083 662192 680945 721611 659889 698048 703011 704609 745036 650188 671236 688265 686081 703942 752159 724296 744539 673409 754332 674250 694749 721197 694491 641506 728990 713736 682487 730784 699305 709195 722152 687170 679296 707011 713157 688783 697794 667316 721730 703130 695555 694137 752072 679826 713683 685211 683945 704165 702132 689667 647779 719412 723658 703972 717651 684388 729797 658398 661972 706515 725452 725916 691830 723453 666993 648470 673949 718327 727496 667106 734952 723317 704078 654659 680741 692465 744034 698525 749373 731964 717380 672473 736246 778669 683462 752437 716165 725946 744142 721263 712202 748254 681845 710831 662315 669220 723077 684101 696066 696153 656089 716168 763219 717527 676320 741797 674731 688082 718837 726117 686722 647824 743316 739015 723861 693891 703468 690865 671804 696609 732122 709277 711973 679283 746046 675409 652760 704677 737820 705485 694361 719376 741202 654309 692865 692784 679124 710937 691599 711949 694849 716648 678030 726496 692307 712459 672994 719759 677127 695382 686461 701048 697857 699462 712599 687472 718724 699075 756584 685649 724695 680026 718186 748659 705988 723682 714870 709055 721723 684897 703344 689217 681000 660719 680919 723786 675333 687000 637542 699012 676627 707757 720643 733335 700487 711713 700210 705120 759075 694296 702933 704510 719344 
680785 734354 740932 823374 743938 721558 692839 751819 734482 733902 688718 722175 742937 716690 719019 757892 739043 755529 813341 723666 734591 732713 727681 745898 718904 713305 730856 727374 740892 764923 731671 704330 812579 757220 703709 719768 689215 713226 734645 757235 738544 715464 780990 745787 713042 752003 722792 767076 724115 700355 724946 746603 750907 731547 806352 689079 709009 731133 745196 736378 744976 739335 727197 751621 740620 789109 684406 755127 725380 752649 757299 717984 749115 703803 714058 730278 700659 719787 743069 699136 691120 699886 746315 740221 747477 742441 710348 701979 730416 772503 781696 732822 736503 730444 731527 746650 760539 773486 769971 730991 783767 768032 746285 699518 710629 742593 789211 703671 729632 755203 713252 701313 721519 712073 718522 792540 713945 709663 765185 707032 752447 752974 759485 749632 754401 778472 704693 742131 760834 698225 662379 821590 747654 708429 745960 735362 771995 755099 745758 728967 755457 768230 721766 724215 721155 756825 737048 715585 724250 782231 707102 739181 721127 712980 722058 752270 731629 716268 730839 735538 733614 739197 703994 741978 700285 713462 740307 759098 761727 745462 741727 709046 717239 723554 730962 738562 731295 761427 743204 771215 720258 698232 704328 766864 737415 787902 743099 766975 709442 774261 827788 740653 790991 741293 743463 749456 776719 779814 772591 687045 744755 724735 720154 729134 719065 730634 719368 704510 735298 764180 756419 712682 742127 712452 709465 730889 781467 750269 701544 784002 741332 749022 691435 761109 742311 714932 739427 733203 755494 750543 708258 754843 738447 723119 733298 726296 725127 748575 777421 757114 726397 744863 723708 718438 751456 709496 744354 722134 747018 710911 743381 759070 760166 730525 761417 705928 740383 693212 777966 757744 719528 746143 717337 764049 715755 762494 727318 735755 724182 737604 771623 754420 721352 762095 769242 743934 751998 728281 709791 698220 728042 727785 771992 730790 726429 700811 756112 723932 768674 761650 796343 708518 712062 707200 722043 832479 725962 723696 734185 731855 
688373 688559 763758 807922 756306 713538 697516 716656 738750 757437 709476 660996 713854 726226 734357 749717 755829 761530 800229 717444 742197 766253 725730 709451 721593 774402 724464 731742 714546 774690 741897 690941 813963 722044 731578 717363 703592 723683 732812 773681 724755 712229 782941 708510 694478 748398 732338 761766 721507 705703 713154 747391 741986 705711 759739 706097 730859 735676 731238 732732 708415 743616 724029 699305 729393 768771 667497 726544 720934 737744 717356 722445 761735 744558 748339 732857 688740 696213 687242 723366 711667 711454 726175 728643 725440 730761 720595 725607 737244 790029 786613 715523 764071 753559 721929 728794 770080 787086 748133 691443 763564 735150 722988 668787 717733 716486 739612 681446 712503 728538 725792 712325 702425 713790 726222 774087 690309 697486 735549 714712 761575 745858 744309 716287 758860 777985 703001 730283 742976 720323 668682 795946 729900 712680 716089 751361 729085 728988 716443 728968 735141 726119 716759 720227 670035 745022 694222 748279 698940 769346 694906 727562 680953 724276 715912 733962 731151 673578 717684 713493 708168 724353 709859 762794 701609 694648 742392 731356 741431 727028 744002 721400 698797 704829 748153 715786 716429 752330 730017 750711 700515 712703 706523 771852 719522 761546 765003 727485 709115 766940 816785 720879 802364 718444 737939 739496 759465 765025 777001 674408 773559 715746 702567 771440 712382 746396 729540 683388 771677 758742 730694 717467 718524 688326 706056 737249 760643 726751 714415 786193 735101 749502 704305 737188 701608 696123 744985 733118 728301 730033 727677 731033 732166 719769 709668 745997 726227 727869 772242 756431 694480 745681 748826 727438 718682 707463 750730 710158 736834 726308 754171 720844 733003 718450 740515 693930 702532 694357 723934 740644 713727 758462 680760 739299 714706 769531 722817 714886 728840 741840 755671 736206 716755 773292 755255 723432 743298 717989 728111 728578 706750 715274 760847 693186 720947 689340 761840 691535 753876 741468 773640 692948 724291 691285 717164 786326 712370 720107 726555 731795 
687903 694889 722945 773306 765036 707037 677853 727884 732775 738916 682732 650470 730812 713960 707416 730468 739050 753418 777942 728393 735643 734054 749597 710001 703944 696714 708627 707041 718602 746369 717105 663229 796556 717186 686022 682923 659449 699461 721518 752001 709101 704860 773931 703075 682696 732306 740098 756061 704588 669774 727556 722267 739610 717954 758744 700637 684985 721351 730975 737643 704560 730907 701366 698964 704709 739340 682315 717785 721095 723568 703711 722522 734800 715143 709746 703656 683372 676367 697558 706152 705347 696244 716516 706453 704945 705517 716642 695588 717815 761440 787666 698890 731644 740037 686487 708713 767390 760342 731302 698452 715204 718673 716049 675372 700531 719122 761747 670517 677229 746535 696336 688029 715174 702570 716384 798251 672224 691028 735736 682697 724538 766813 732413 739362 730932 768138 698304 722993 741724 724138 616161 754101 701502 696309 705999 703270 708928 753807 712338 714482 733444 724807 706869 705283 684366 707871 680436 716242 699690 753693 682227 704704 717827 720576 682325 727936 695159 668070 704504 722670 717070 738467 668812 725249 697139 685201 705818 712599 733422 726035 709464 691836 665022 700305 718140 702417 722623 752873 696465 748534 697577 686345 691929 742475 688093 757679 717677 761686 692811 764444 806587 718693 758316 725109 720479 714560 741759 717301 755542 690142 728677 680412 662093 740354 708168 703696 687596 673713 749342 773860 725256 700420 693423 676217 676045 698434 738896 715650 666429 764317 720424 721816 701501 738159 706062 705141 732906 731819 690206 702055 684932 731829 690101 692910 724095 735651 695158 713600 734286 769973 679070 715700 719445 687665 702243 694374 747231 690961 716151 698461 733071 716106 714879 701303 755168 696328 697604 665674 722096 691197 715291 709425 717383 753674 710673 750200 693206 705825 687566 724972 783361 723852 720685 748444 723252 715321 727049 724712 691587 704753 693597 724788 739645 692230 715598 652290 724905 670548 719709 702216 744904 709090 723222 676541 722507 772453 711175 732779 691976 681229 
638567 700912 678136 787097 742814 710263 708886 716242 718679 740666 690612 682696 736115 705504 705716 722946 744430 736188 808313 698370 727117 743662 720918 696298 723741 707059 706218 716127 726774 735159 722814 673151 777807 748586 696784 694613 720638 665515 758157 745405 707034 713535 751381 705644 675873 740142 704668 728488 698000 717000 735696 715630 722477 704026 755865 658667 676928 740752 748398 713014 715905 721510 710193 706479 688331 732508 658796 701843 723243 737939 695864 699122 722947 671934 684009 683108 720256 712826 700685 673305 706922 705900 699700 694137 726238 731847 689586 688721 704423 777150 778776 703956 707323 743509 716866 729901 756306 734114 757904 698693 721330 712204 714462 660569 672362 716706 772810 671915 695543 723590 715327 658035 706893 676501 711256 768596 679754 717718 752641 688655 734416 734260 732915 729800 739601 770953 721684 703847 714907 701620 669209 759044 710508 688449 713898 715409 724687 726362 684872 701945 744031 725629 684161 726190 706652 732346 689165 702664 708547 748861 690816 713160 712278 720146 699147 716950 705493 670025 702753 699161 725315 705129 673766 705317 693154 696896 736705 711799 730322 703324 766271 700810 653651 692289 709868 724854 703064 741125 733118 757429 654005 703261 666911 743600 688448 773891 722519 721824 710208 743498 789416 710927 742863 707005 725018 745256 756211 743487 752389 702615 740951 698568 676754 735729 709591 725236 715809 671090 739712 731617 738296 693807 701215 691271 678761 713992 760926 696359 678618 765415 740647 729792 713971 727430 713174 681653 721432 729969 713596 706568 707045 735462 724727 689882 704267 716004 715093 713564 711050 753998 692464 724294 697366 700441 747906 701875 756333 669590 709710 691929 731363 698784 679915 692717 723893 686462 715020 665285 709627 734206 727981 738645 703782 759149 709571 743619 710252 742397 702761 719885 737246 727443 729508 728908 710909 717701 717124 696543 723093 692280 690737 697450 731688 692105 718832 678661 738913 663589 733222 735793 770213 698323 691866 718143 712025 720272 708113 731770 733042 693230 
618381 669091 700417 746013 700734 680391 684828 680873 710488 689764 687570 635816 655084 657334 682715 732074 699252 712022 733583 671162 703592 677085 682426 693624 681449 717532 688663 677207 675743 715773 695572 658314 728950 700595 679951 658188 667464 657116 693183 709051 668654 659462 741594 666154 676663 693406 662555 712569 663403 640051 671335 694313 690269 662668 740818 642152 677258 677135 715764 702833 672393 677458 660097 680259 656270 713852 643925 706112 662899 724501 651137 658173 710928 687112 668894 666032 654197 682364 688625 673236 628004 667206 703371 664869 686034 696648 681877 665857 688705 728264 734314 664487 668839 698729 675712 686647 724621 693079 694878 659523 702682 667387 699934 643154 667057 677101 746080 653862 668670 682948 692602 650685 679477 665113 670822 712501 641709 650618 702519 671010 692543 689798 698532 679063 688760 733941 708451 695473 700414 695705 605047 694797 693583 683865 692784 693003 701994 701321 713750 686791 692500 727824 681514 694509 645968 722313 694557 684734 684631 703636 668489 691562 656274 682277 691902 692026 681403 671046 706012 663102 689293 680235 655816 723719 642316 658728 662267 686577 720840 679812 723624 655082 630264 681457 668570 672916 668482 721129 673941 712924 633395 644180 673108 696000 674052 721646 707922 675163 698193 712265 777730 668267 733909 673742 673450 678891 723054 701912 724062 659475 704775 674374 663171 738011 666558 681911 652335 661916 744173 753495 698008 668948 673062 652819 628355 695448 719288 682247 651712 727090 691096 683734 677839 695358 669101 640733 686072 689827 718143 690715 648289 702158 643903 675272 686725 682754 694627 663304 704794 724825 670161 671133 683642 677883 698757 675710 700521 663710 712876 663060 675978 678786 676348 675224 663866 688216 667030 671930 674542 682221 671677 703440 677003 716854 670069 693941 667353 693736 653023 678193 737234 694819 708645 723114 671801 691108 668314 662476 668557 677432 666547 693297 708469 665375 664928 624946 702934 652443 673372 674508 718222 655293 702029 655419 650910 741505 681032 703386 681035 663611 
679833 722420 717011 767027 724010 725402 657110 672506 751093 752800 677309 677175 710671 725686 704850 742511 719288 753675 761428 716296 738632 730738 741196 712822 732957 729880 707476 706940 752363 731170 718296 656127 812467 715032 728283 676784 685861 680409 699852 771915 709063 693244 745110 694905 659390 721573 701930 742739 712004 687113 709255 745035 715746 716111 769299 706312 708259 734183 739531 729986 724728 724175 691897 725227 720810 758677 666382 734184 707888 744570 693963 711327 720051 720052 728390 728714 689245 689786 714870 670412 687102 684288 698233 735929 712877 712041 703694 697498 731665 744746 801664 746510 735820 717301 701463 746625 754807 776979 761186 723330 715077 699829 728169 702166 704124 719914 755404 698271 713113 719208 729021 677093 735971 711977 693010 778930 657176 698463 728761 693094 732711 764205 734560 732956 727887 751359 719599 713905 752483 726281 635011 766131 706530 685441 711902 748192 734047 716203 709583 702698 731956 718093 700825 727411 667694 731955 730437 726134 718128 773111 684503 717174 688879 715584 690266 735925 727390 711293 704466 725642 708270 708765 690805 718125 676217 696676 754746 758506 768856 710284 730102 720441 672192 706616 738975 719049 720464 761512 729916 785962 690575 691584 695374 741238 675697 774346 723862 733080 702693 740002 801297 718106 776051 725314 727767 697048 769937 766689 771935 712644 756366 719879 681307 707039 705374 714435 725041 697920 749991 751565 747381 699599 700128 699633 691825 720233 771716 730204 659342 786340 750242 734394 680262 750870 730163 683939 709579 732612 714428 711857 699670 725473 706080 709885 729754 719214 707291 717487 711044 751325 701165 737725 691002 704721 737462 689917 731130 716736 761732 688398 738691 768019 716957 691620 731330 704886 739753 674848 738245 713357 715011 762132 688558 746001 693292 764265 700199 714800 718353 746122 785825 711799 695944 755435 715220 735683 740182 761057 687759 710489 677679 724265 735179 731909 701867 642955 697111 661250 741733 721154 743411 671974 733252 695962 698062 793785 724324 732164 685399 687029 
677063 743421 747421 788586 777246 737767 703724 709162 750306 741128 711006 696254 722090 756268 735016 772043 784069 732685 795901 751833 722334 740326 760297 736498 720898 732905 710864 746837 737375 775515 736421 703755 812066 738190 722909 720239 695258 714245 755933 772477 745203 707134 779412 722281 697702 785779 717942 745664 747917 710713 740873 735807 755517 750595 752386 713854 721180 749817 740549 741333 725022 757158 700854 745378 731450 796376 694487 755547 725627 741771 729251 742184 736319 710148 744008 732309 703218 721238 761846 744416 674280 702674 726311 766809 734162 739305 730674 707101 756251 772137 769607 743352 756639 767724 698779 752222 774622 739782 781740 734338 732738 734956 712635 728038 733391 737866 769370 684456 690678 724826 727459 679047 743651 724316 741628 784554 696521 697139 731127 736014 726334 747033 803402 733826 736719 797718 756279 744067 741271 725086 681068 786944 727716 740082 749516 745214 732735 752199 718048 720242 737531 736532 747041 709090 701433 757642 711523 735811 726929 769026 695524 763380 696598 712506 740252 730999 704362 715127 752303 727435 738398 754513 686642 780559 717647 734610 753392 753692 768898 724735 744989 683559 689603 697463 743365 740062 740077 776531 768256 762067 725107 731337 709274 792217 729347 755568 738524 755205 751907 781086 819579 742081 764588 749794 779788 744678 766855 727975 798478 706354 734448 711347 706616 761135 737261 717876 726302 722659 767705 773635 728093 746563 728407 701983 714750 733913 771784 727914 683626 810073 754209 745766 729089 759907 718553 714785 724393 711471 741653 758991 731586 736357 731667 702335 742320 747133 708347 769040 749900 769198 709211 741503 716768 730249 746404 723449 737042 712668 731852 698077 728024 743459 743780 730559 734703 720623 733640 701539 747849 726137 750448 750938 724542 766166 716570 789244 736072 754917 737070 744774 776612 753300 762298 757628 752671 739304 726078 714738 735996 735895 710653 742345 752605 742117 709383 682069 738368 693134 774196 742956 797711 705817 687112 721294 720312 793660 709150 752268 738193 726602 
720538 746955 754668 824669 798526 743519 727755 760345 760691 762997 727050 706894 754947 736211 728131 749578 773234 760540 812928 704846 757535 760078 732553 753153 721975 727411 739427 728576 777192 794442 737711 706060 830791 756747 754798 738860 710633 738124 770551 763882 748133 722534 788681 753417 709938 769249 754492 760866 708330 706176 731264 759315 783962 723093 786680 726463 746050 768265 757289 759687 766697 767454 715510 760634 731383 781172 682712 753246 754448 778366 771988 734663 774635 741351 749804 773914 724903 743180 733507 741792 718341 746661 745074 716391 755226 752217 768842 723193 728507 820580 807667 743782 771402 750564 727128 753000 807633 789486 780089 723882 761943 765594 735804 704360 756574 744639 798838 692610 701037 772854 726115 726803 720562 718352 727500 799149 684021 730042 751131 730118 760810 764333 781599 750665 761944 823285 747807 745871 773851 746375 687716 784538 748687 725619 766427 753334 758998 717115 756653 753278 792936 755781 754014 739247 717010 762349 689739 744615 723869 765946 719317 743275 752530 756977 742233 750161 774746 708550 733546 728482 722032 769869 738012 754007 699324 748391 754393 758445 788290 740480 735513 722342 716522 724223 714581 749477 736856 770049 768716 792933 709521 747405 730583 806082 748301 769645 758859 752063 760738 788234 831041 739677 781365 764472 773518 776346 775892 759502 762011 728996 757675 754901 728525 761992 734806 742152 724440 708540 799424 791920 776025 754853 753784 712335 695413 761365 762782 723827 713484 786963 768952 759162 750407 746906 743483 711441 765588 763377 749153 770651 693681 764934 726685 730644 732838 745972 744496 760721 774681 777764 738308 729570 735285 720751 741621 728212 776912 729104 753248 743267 782707 750391 744643 738616 741527 733401 756953 719106 760534 729759 731593 765712 695879 764609 734318 789573 746405 757444 745248 732659 763976 781141 750096 784705 747558 741181 751732 751503 741881 754860 744449 735398 772877 729976 742298 694379 753931 710061 733234 741277 787517 755675 746498 714214 728306 778602 740619 745654 757019 751121 
695682 738671 735193 841499 783984 719572 714596 756064 769271 732574 715303 708444 726584 775499 727194 750195 761030 768836 802159 763623 777966 763540 744739 738565 737748 743212 736282 759141 733361 802864 744191 716020 793491 759776 723759 727413 712506 719289 778926 755413 768696 737839 795548 747768 734643 737402 724594 762302 735898 707773 734740 768238 767118 746572 794176 717052 737123 752806 770146 747009 740031 794744 760547 738919 755878 761314 673912 724942 735864 760558 739255 734252 760537 727227 713125 726602 750943 731925 736903 723913 739046 735288 760749 739820 758817 762893 747602 715990 756229 823711 799828 747379 722781 741483 740655 749058 743945 753493 799168 726350 760679 782306 747887 696701 742364 730122 808933 719221 735675 723995 750548 725644 718411 739365 730836 808750 730023 718709 754010 712124 763126 760478 761958 763227 735163 810403 733141 755425 756369 758073 680026 793263 736657 742095 800066 739021 785630 761520 741553 751555 723234 745371 758226 749597 716699 760281 728664 716917 741888 762515 705969 750151 721654 727249 738914 744752 750981 732721 743664 740233 732010 758052 712413 773636 682169 734027 745754 788560 780858 744313 769471 720340 702524 729939 743429 757184 742624 792141 755023 787524 730593 739778 731835 785214 726328 801758 778884 767277 707858 764609 837906 727655 778724 736745 765489 751926 802939 759381 780841 691306 778836 721091 723255 784591 746887 753149 735806 720322 783828 802629 757917 737234 745166 698628 671680 735298 812161 730528 700553 792586 785116 738872 750067 746770 744245 740907 730758 781551 735510 785153 717851 781578 754404 721515 764834 757605 765908 758510 775962 779822 734494 737511 750841 745150 754324 715316 785989 745861 776141 709958 786179 738323 768396 723929 761990 716960 734038 732593 759054 751296 716309 753783 720499 786339 731132 773314 712048 764149 739585 775148 786436 771952 791554 766809 731651 752212 744459 698190 739674 733465 731729 726909 784995 742671 719158 697716 738401 671035 782747 741091 811255 749050 747131 725412 755563 805061 727555 736987 772251 747017 
651632 703810 725684 811879 741698 688685 670778 700555 719458 755541 675123 677000 702426 718678 706811 759590 732955 732331 790230 714811 746553 715508 728918 727264 699444 717185 708985 728126 722403 717540 749193 673010 786712 748671 724739 688668 667491 676224 714737 760865 703669 710650 770395 704749 698856 717105 729972 767326 720057 706759 707550 715600 728938 705901 757782 717732 726751 742669 749770 721285 731145 733345 705220 739816 710320 772008 650076 704784 708864 744124 725213 697171 748563 730222 697571 732041 713958 682230 726547 689079 665740 709497 738093 721031 742473 721040 695090 696937 706065 783901 774711 722099 737487 741443 686228 726461 784006 740654 770404 693752 747518 716031 706474 697814 727986 719715 775871 645081 698536 746305 707004 692424 721881 706049 710032 755289 692638 692179 735105 724624 741261 764976 726863 730882 714348 792640 729381 714377 727721 718888 646959 782420 738425 693860 728195 717430 726848 714442 716001 685443 736932 742841 720556 720877 699097 727918 671698 705229 725706 745985 698191 746019 701456 706030 723314 748190 725028 692835 723548 697021 730307 734807 673564 749199 689120 698638 727856 722262 760132 741066 749153 689115 668773 695414 718543 728693 691811 748144 752464 769368 688804 700960 685236 767273 701888 751294 727817 767357 717291 750386 828876 726105 747279 718104 743258 721385 771609 709301 747969 683603 753797 702615 693230 746559 723238 703799 700579 699746 724594 764941 697801 710023 728874 660005 708329 742059 766997 723259 690880 759631 684802 718777 692988 725596 719119 718928 706469 696960 733854 742406 705883 715122 713014 691912 704539 709122 712583 727918 741378 750005 713571 735488 709844 692576 728933 710805 718319 649256 727222 722302 753203 730956 692536 690080 748506 680042 707185 701923 728108 712965 720139 747518 678298 745061 693184 739777 740789 726525 721963 709228 746619 739943 718248 729989 728447 717329 740415 718974 726683 716968 728225 693790 769139 705500 721748 683140 740883 683778 738809 716025 766085 709788 720538 696804 700202 789455 727820 729855 709932 715810 
683955 746108 766519 853197 787762 706735 728532 747000 777719 774475 721171 707257 744522 762972 732662 775669 790549 776440 801491 778157 785403 773875 755886 781672 723278 753046 742524 765565 755847 783775 777327 704061 813098 775681 723690 740796 722190 714956 791581 768774 773115 733731 803304 750983 722571 779789 750454 811173 755932 732678 724509 773665 798279 721461 779762 743438 768762 781165 774716 752796 754215 760723 763649 764791 734560 790271 716485 751793 749634 772851 764606 746914 763072 738459 734062 742489 748938 745717 753816 734326 724800 742708 736319 735097 744638 768986 751697 754296 765467 817774 802903 750896 776229 774821 736100 766258 765989 782178 797714 737379 759831 771510 788970 723967 732869 734441 832857 710657 736018 774220 766308 718689 753011 735003 726825 807009 719752 700889 756141 707129 780818 781510 760665 771363 777824 821159 736861 758907 761835 770943 698704 824551 765852 737600 791595 740544 768052 738162 756853 752616 768535 756100 756015 780113 738039 772541 728162 754102 747403 799576 709519 767779 764972 764038 773438 766801 789799 741414 766249 735509 750699 750657 692753 755790 699659 746127 753220 788780 798581 742607 772368 741637 698913 720522 758054 768281 773063 786109 784340 796946 725395 734630 731650 794340 754934 813316 765301 787113 731757 775702 871875 727908 805470 738497 777739 758652 814359 756930 786527 716016 779384 738649 730031 780978 767907 734711 713287 733556 761169 818644 757863 764458 760192 722682 721994 758354 794776 731387 703348 811434 796511 775220 726280 773449 755566 719001 751643 763425 761008 784804 735174 772121 739276 744834 769608 779349 774585 780504 746566 788582 743437 772273 726178 730329 758272 735991 788278 739417 765378 697310 791724 758306 789014 758383 744847 728845 774382 726721 790054 775566 742038 752755 734085 793948 727254 786243 730736 768344 731021 754214 793944 766151 733492 778605 733860 758967 749625 731562 731538 755066 754632 751658 785352 769368 733043 711374 753990 730767 744882 743172 818600 720711 741561 736290 754580 814275 748429 726208 760010 756308 
689425 733259 747532 813409 754236 723940 733233 727784 755161 743047 723109 705012 754378 723024 731535 770109 735364 784655 800792 756758 768648 764735 743385 765993 728247 730906 741842 755115 749842 772152 730071 695206 847287 755374 728185 715965 728085 681660 773778 783553 708347 699715 778645 741458 714968 767745 747500 771463 745306 686309 726606 746766 754987 727494 774075 707222 715325 748468 769734 764320 709304 745412 722274 764926 748953 809410 690739 773341 743439 756880 702868 713671 779891 752889 737515 735191 738376 753746 763188 704822 732900 728131 739805 725024 706674 740047 733540 700378 767267 779812 806760 746364 740802 750375 742597 740430 794888 778262 809683 761655 754453 767345 773838 693981 719102 773336 787058 708989 717354 725451 729403 724751 725871 754949 736874 808760 701943 734934 753876 736532 739902 757156 749736 747219 713650 804767 736057 732640 762645 735852 666857 793180 726020 705589 751133 727662 764973 769471 728600 708582 757792 748838 733630 730149 718403 771093 726096 777223 734621 766507 701560 778063 705712 737453 743817 753475 762198 730841 747693 732865 743601 760210 716595 752448 667985 698715 780086 748093 798516 712118 776336 713419 675538 704040 761157 716576 742851 794539 748112 767803 718405 728152 702016 766883 727960 793312 784843 765929 740830 740801 818010 712215 774903 756150 738335 756560 806092 744112 777154 700678 789853 738991 735522 764495 724216 733312 745003 711976 770355 773748 758075 724976 757447 747057 711218 734353 809299 740722 672911 797530 752164 742124 722914 796253 738033 711207 729803 758598 747222 779940 725757 744723 745850 676278 750687 751051 727108 738203 757034 776127 734298 749478 713786 743883 771774 728989 755831 722440 771793 707260 770315 767609 735889 745875 794013 755837 729459 745617 767276 750839 711433 794938 750072 766417 761071 763923 756496 763825 709835 755129 763271 767237 727435 763877 755445 757827 760239 749389 700628 709504 700680 725870 733951 736043 716734 682737 732493 728176 763687 768421 791994 726788 751656 734973 719234 802538 726073 713176 752452 740377 
680032 713914 730973 796188 737762 737456 701822 729385 740279 740861 678457 685079 725748 702401 707104 734882 753222 750064 799944 734260 729029 742429 735346 695350 711434 690691 714968 726562 737508 743236 726543 664903 787438 722706 719910 725740 684117 682634 748751 755991 711093 691583 781967 739769 697337 745991 710734 727090 735953 714825 717631 709134 715859 700483 743239 675643 694221 727524 708896 700316 699040 732783 725778 716215 704759 769111 669555 739575 695116 728480 706572 711727 721673 711703 724384 721606 689058 724363 715418 700128 682581 714275 710018 721499 702294 708103 712106 675349 739933 777900 781081 733696 699426 735790 714909 726692 756970 760006 763510 692478 762875 745524 710499 685154 701103 701140 760328 684163 706827 715352 698897 698940 710067 692795 698959 775127 687498 698286 727093 744450 735071 735253 737774 723276 747315 772322 732136 731819 761726 709078 672823 783600 729510 698719 752103 740245 722655 746182 711344 739650 750084 713115 703927 724208 688633 764917 685271 737917 695304 727205 691224 744031 703350 721061 711170 712724 735724 719047 719787 699935 704467 724199 695200 726809 703084 696316 723773 710349 770821 717263 755248 685094 655155 683738 707868 714690 705912 794353 699461 747584 687616 688663 686787 762910 687030 793350 775827 719502 734329 735458 824815 716751 768069 716888 718834 717835 762469 713662 743228 672730 743223 737548 690710 770299 688981 730860 705601 681869 757732 748219 732843 710753 726955 710944 648959 722617 754890 714265 678815 794853 753216 710738 718312 743461 733492 691543 729511 725855 717765 713238 719989 747828 716603 704760 727263 725788 710915 694666 742551 748319 707031 732800 709143 716284 734192 698447 709956 693443 721286 687253 721581 702389 710497 715764 728661 697108 712121 669048 784266 723331 712928 733922 713334 747051 704065 748248 723203 722598 691614 701925 773782 734964 702819 733282 739980 720542 713341 702901 695306 721553 720730 716531 739155 732613 716412 683622 709295 702387 727440 739478 761651 718208 690491 705377 705794 777675 698586 705185 704426 706357 
690424 759475 747751 820666 768882 743705 714472 728013 775022 771470 741723 682722 762566 722733 689976 767598 771887 806811 806033 726322 717947 748271 774852 732075 750770 778683 744269 717737 732282 770142 778614 709354 834343 783516 724589 723397 707284 702909 760738 802864 718894 722178 765027 739874 711634 756853 716290 768382 737381 709573 726530 743033 741868 773982 788786 696042 737756 731836 785469 752602 736611 768063 761318 746297 738847 777546 706259 759226 744323 733012 709664 736135 758308 742458 752964 724384 747288 763186 746655 737528 725330 713521 723908 748446 769177 736154 727981 729405 759968 803753 822803 729668 749238 761720 741748 755781 767824 791370 790401 741091 774740 763091 737744 720405 751739 728407 783617 721824 724675 731903 734260 724159 754091 709636 723832 794127 725157 701928 756808 719285 796917 772394 760146 773264 744828 804028 710575 755719 746082 735272 675963 788211 751203 720285 792233 763750 744880 749905 740692 751005 757170 769572 721291 698798 716538 763160 715619 742907 737283 757768 693991 752123 737446 741478 738838 727938 729681 716611 741649 766402 753991 727470 723174 757137 708903 717227 763422 745098 766154 745628 780923 728749 697487 690346 719881 744025 743375 783683 753005 767570 707489 725547 723106 765047 740844 792509 776032 754731 720155 773404 847395 743571 786313 767966 750629 763907 765504 769890 764231 733320 783412 729981 699658 780496 728139 756393 745403 722254 758907 770571 748709 720397 718929 723477 714731 727599 809740 728513 706668 791317 767823 730355 739053 787810 717272 687939 714994 741735 737181 750087 722692 767783 719651 724849 764663 742591 715072 726395 774360 801114 743607 769155 744604 737833 770778 717097 774453 732555 780540 688448 775296 743077 761355 708215 730599 722157 744118 713027 784484 747571 740490 772988 720988 777065 717226 771177 711225 732030 774755 751719 801137 777628 752971 788001 728055 772608 768118 730375 729047 744958 736328 728651 740202 718528 717742 693857 742627 695764 768598 752288 764640 747691 760363 742832 736195 814154 735792 778269 723129 720858 
676798 739011 751220 787162 755066 744197 671146 722786 755290 744190 726928 668869 751048 711579 727635 728980 761486 780037 789280 736747 758771 757242 709712 707672 759054 718369 731767 718738 721929 755274 771732 688782 799416 741339 694774 703264 694728 677556 728003 759404 740074 682434 765391 722303 700950 747048 705208 753626 734221 714171 740104 757157 727488 692100 751053 752260 717292 724768 736340 765625 722263 749677 725724 728820 696742 757045 675106 735873 722523 750084 744043 766352 745345 749171 723888 747173 718136 705965 691323 698354 674845 709590 726370 738598 726834 735385 705943 725108 745111 802976 775526 737642 745626 719652 727885 735916 774175 794777 786063 716648 745269 756985 728075 691442 715946 713903 781887 693373 727479 724411 729720 684957 718665 699104 691559 763296 705662 684202 733676 707287 747118 783657 762244 757854 743133 780652 681390 757114 746564 755385 658625 766518 753021 729735 742446 718054 715412 737030 717658 743034 742722 703912 725069 740107 661830 726365 714927 717127 740833 722858 687278 731869 732963 702125 714350 725368 727668 707472 715178 721620 734700 727167 678410 751919 724457 736824 752449 700065 750659 742041 742486 730763 688076 689320 761223 751460 718713 745313 760893 759462 686522 698727 715558 785719 712677 775418 740510 748490 721935 783736 793088 713762 786837 715803 723071 741460 745425 735538 761179 701697 737291 701632 696116 767436 725181 738404 688930 701748 765983 793517 713147 738797 733891 689724 670276 717193 782945 763662 705549 797733 711304 731879 714945 760334 721089 672836 700749 733611 787598 751852 688937 751826 700496 696361 751436 734338 743486 715010 754325 744877 714920 723232 720400 715750 727575 719756 729538 704706 758825 721504 720731 722317 750098 725840 740747 710300 720186 671766 773551 732790 714386 734546 693165 747129 720460 775958 711272 723383 699042 729259 785391 754257 712481 778643 738823 744195 746878 699800 710948 728819 711745 739761 743239 678768 700040 694988 701130 687296 727152 715357 786558 726100 727256 689277 716361 795746 704622 733518 705704 680179 
707128 772448 752021 835793 783822 745470 753409 763294 784747 783536 741862 711594 756557 746228 752797 784174 780996 786212 844120 741249 763792 791626 764061 749421 761706 764947 763669 759284 770348 813498 789128 707837 854828 785065 759270 738437 726703 715106 796218 784469 754892 729651 824260 731764 706156 802724 762137 775907 747601 721985 768523 770442 762008 734087 775651 741306 763216 786018 784670 766647 747761 772745 742942 777524 752201 804175 691274 768400 767664 793889 738980 741559 805292 741435 787985 751974 722082 773431 739980 760527 737131 750874 742744 762386 772291 752106 762458 742270 768851 800642 822123 772523 793932 776437 763062 781726 821006 772602 799854 733389 795402 781689 784773 737051 775779 759794 801164 721421 738154 739129 738222 730646 764401 740626 778365 818135 714901 752386 769363 710301 786666 805459 774530 766206 794412 834251 762934 774931 786343 768164 685405 809053 762524 747927 788622 761384 765801 788814 773967 776536 779047 781322 766269 752658 760665 805298 739443 724104 746802 803303 726102 775463 731310 760191 770889 777511 798749 733433 759103 756616 763504 777821 747611 794142 756820 758719 763082 783346 762437 739008 800117 719937 705110 714348 765684 756365 758930 791575 770862 826879 700162 746746 750703 794472 743409 841008 794787 787131 767185 800026 865280 760761 808094 753335 774724 759944 827738 803647 797589 726322 772703 732895 707058 793624 731835 753171 746872 720934 797104 820450 777527 755823 771660 749965 740468 760150 785519 745127 706189 810411 788212 779409 747620 784960 749828 709332 757109 767226 774327 749395 750943 775340 738147 756337 752622 778241 763936 788403 794576 785228 739889 758672 757449 760520 785487 749959 793165 730822 785940 762571 790534 795990 794414 726664 790449 734769 731159 729529 789533 746838 776748 772029 729159 776340 745443 788556 743254 759527 769678 766543 810745 783985 794196 802398 777834 754110 783505 762930 752769 779977 750279 778772 800568 740551 752771 714707 744751 738251 784143 788133 817439 763364 764673 733677 728084 842208 743977 769030 746854 726390 
663725 742695 717026 788028 762362 701769 723700 714945 744341 737803 684496 658849 707158 716170 700025 774655 727297 744292 786780 699385 757493 753561 730745 717438 709437 734153 725214 718397 723821 756348 733403 660459 780638 747410 731870 682890 687909 699033 732598 731008 708101 708420 779189 713557 681187 740841 710005 728856 737462 661067 733437 727002 733400 735021 750973 693433 724810 757328 738722 733610 699102 730801 690464 700183 717809 775117 708291 758110 739817 731200 707847 692769 751084 705988 732980 733892 719895 718536 719828 725677 668221 699688 732049 711109 708285 702604 713686 697107 747410 764201 801687 712148 752321 748315 730414 743705 745357 743100 786706 733496 739875 733635 730393 702524 743358 707450 791872 688696 707709 734304 686953 704989 727667 704809 693303 770709 681859 701246 756658 731391 742628 774545 732581 735330 707705 773705 713616 721856 732465 728482 688290 770845 712061 706724 751918 708783 729645 724249 696302 718714 747524 763233 700716 722680 692796 784044 668974 739628 716496 751988 704729 752978 685721 728673 705597 743868 748756 730914 740773 718762 719350 743264 688346 760007 686454 706762 748831 783782 741067 701422 733501 670389 662363 661004 739358 713003 700313 776975 756604 758621 682471 700222 700951 753826 701612 783303 779341 729402 710836 754094 809889 737487 754685 716666 761883 733743 785398 760751 760499 719132 761646 704807 719800 731403 711715 705635 727794 701095 723270 753441 757136 716407 734682 692007 711682 734499 776127 706203 683402 770457 766030 741973 712691 742549 724822 688468 699041 716105 733383 737962 662667 729877 695213 696505 725813 726761 713044 744932 751405 772060 692568 726927 695508 698331 757340 727414 748926 725959 734408 674152 751710 737394 713562 700462 726361 698470 711119 692062 728050 700506 734288 746968 715856 769367 708696 778116 734986 719773 716603 722570 765122 749002 730436 742653 741168 723773 724173 701162 704625 742415 723160 717353 752516 723012 702870 674653 703184 694728 739724 745859 762608 725863 716716 709006 713464 822397 702964 730918 724081 729603 
695360 760078 738953 805850 774876 734322 681459 748866 774821 734099 710189 725236 747836 738967 742241 744226 744227 770253 794821 749482 746861 746086 724152 742675 720061 769216 734590 746044 743424 766810 739380 680684 807792 766772 709124 743448 709067 702858 778508 788350 750285 727192 795984 720066 711286 765702 722012 762114 761423 711941 717524 730118 758475 729133 766272 721283 742064 745863 760965 722027 730982 767407 739668 762497 719454 792195 688161 744824 743518 744097 717106 723695 731544 706155 721230 748794 738499 716594 719242 686636 706222 694388 735278 755866 728864 750191 728226 722440 755644 821577 773554 719515 740741 723310 714254 757109 745495 786833 790099 713093 755192 773741 740615 692455 739698 718485 781783 686885 740758 758948 738680 701378 718337 765050 734689 771106 725632 718962 728901 725772 735730 763011 760290 746851 744980 781365 707704 740101 752618 731688 683770 800431 741024 727842 764491 718093 774318 728437 738205 713285 754226 708787 739181 725894 716018 780768 732975 741515 755510 773431 700004 749216 739213 735071 740671 743089 744861 719322 742947 712832 747815 730361 698543 732645 722039 737986 740186 756768 759453 744846 744715 699718 680419 698060 743901 738831 715947 760962 753707 780795 708009 705876 712701 779141 722409 783856 765513 752892 716968 756082 828518 732625 786738 736944 777564 740990 772585 729434 793564 699365 782028 717953 704989 745146 721026 729848 740197 745001 775388 799549 716949 732460 737215 695236 694279 748347 808652 742546 702776 809867 770850 754141 730124 770387 730954 704713 724406 751267 777206 763944 707564 750152 736892 723457 751812 771857 745804 739192 734302 782988 721567 742726 736968 742934 750641 738047 751570 741264 769347 682026 763301 741969 751585 728765 752560 714105 752791 695593 762970 764085 725978 773206 721588 797076 722032 781682 737410 749032 722971 759400 791147 762484 746546 748929 753790 766218 763088 709063 725583 733700 727987 721699 765261 729462 724748 713745 723152 736921 762157 719213 786061 741537 711507 752827 744485 807303 726435 722100 731867 697906 
670905 722699 740130 807107 752830 711108 707701 734303 749330 714169 674673 716032 704447 708057 714253 729028 743134 741969 787065 716648 742014 751172 720062 748933 701896 708583 710682 722822 720484 732477 736083 676561 786096 735828 699509 732485 682506 678860 750767 785835 725548 699888 748912 706089 697513 726859 696506 759251 721173 685514 689052 715100 757589 700668 757473 677182 730482 729125 738003 712789 725333 732586 725894 725915 734350 776580 653518 745502 717571 747082 715889 727679 729049 729955 708935 714842 733423 710515 720137 696794 712984 712967 738888 709946 740026 688590 687214 697533 726824 767261 779246 704623 732998 745058 704431 730365 765938 749816 751328 706495 732957 752572 727325 698649 715575 720404 800665 677264 728680 716471 722415 676205 716611 694085 707428 765232 691978 711140 744062 693773 743800 756141 752466 734616 721981 783410 707114 708314 762853 754539 641471 776811 755483 686891 748944 699613 731227 730685 737480 719973 728229 724553 730190 728799 709221 741576 704609 706754 720247 741969 687943 732254 713511 719387 714100 710720 745282 693352 715361 731570 706787 743104 691887 727523 703485 714411 724169 750211 751540 704457 735869 691107 670209 704739 705202 729690 701491 783569 734158 764334 661322 733243 689611 765399 692135 772689 760314 744191 740258 762065 805890 700856 756337 713863 733615 737139 751603 759223 752999 690747 739940 699570 711821 764065 729094 727857 690961 704212 761274 761835 742651 719755 734800 697369 679115 702136 787295 747045 681777 788101 734034 725388 738955 746255 698858 706969 692837 725678 730048 723380 702141 743246 690694 702584 733035 712629 709212 714899 750941 755955 686781 700171 684014 690744 738919 704902 753497 710296 743377 663132 759615 693889 711554 714716 733680 685929 690575 686477 738071 731056 697886 748938 721669 748503 737022 744635 722494 705407 693717 728707 751951 736407 736135 734594 712367 744110 722547 714501 684978 729629 712874 724414 730348 718094 712795 661688 712146 667864 743284 711321 751971 706877 701988 683471 718691 770337 726330 715519 716322 690255 
683497 711923 708617 802479 747910 711440 700472 704365 731380 744197 690035 687078 692548 713699 682429 753557 726895 748033 787406 712953 733198 744818 727117 725338 727186 712042 744686 738695 726637 757349 759162 663218 789220 715997 696994 720358 692608 659859 734841 740670 694759 684935 759228 725096 688448 726543 734380 755073 708155 690272 697034 729781 732500 702303 754174 712324 722319 725436 733936 721993 729144 738351 691368 740775 705870 746609 637900 725305 696712 736933 701340 691329 718044 702520 729908 703474 683628 710107 719814 686682 686066 696162 687011 688798 703754 740335 708409 696695 731414 777785 789836 726612 730331 729714 708442 721606 761282 750771 753143 732471 750277 729689 744095 703167 731985 687813 748375 694624 685473 742763 707674 709716 711953 703956 724049 752802 667602 706216 749449 689345 743120 733382 703916 722248 716887 761701 708005 744197 739193 722555 658081 748377 729152 701185 736560 719596 735466 717117 732162 706677 734177 729352 745767 715498 685102 741887 699445 715073 708609 764968 699198 734113 701384 737150 753439 727228 727913 707547 726799 700696 710799 724838 668401 725410 695283 673398 713700 737473 742592 720754 739692 717880 658438 687588 729264 745973 689049 737856 725319 736661 675190 688798 685222 766654 720336 759716 743577 769236 736785 725302 812417 690584 749685 715639 727664 717066 750540 760989 774897 667598 714160 715849 683028 740195 740851 694360 682338 680366 764787 770325 719770 745326 713933 682075 726412 728919 764212 691275 699722 776413 737357 722216 725365 712997 723936 708001 735824 733758 732382 707192 705285 749090 718061 710098 710464 742011 699505 722129 727165 743696 704744 739997 707444 702553 736967 712608 759621 693532 728012 703157 726033 739583 738273 688754 736877 713495 720944 696598 740954 709858 719491 736158 695762 735427 715167 762623 705522 749991 693547 737565 776693 711443 740546 739484 732724 702546 730720 693565 700820 714840 700582 739111 748523 718247 710908 689632 727972 669804 727542 716747 771387 681216 722308 683376 719801 774055 715132 715659 731016 698126 
672867 705183 725760 798065 777160 739702 690262 714056 715430 734104 688140 699421 722870 702419 701989 744367 737401 770605 760002 722611 744116 725778 717242 708613 714430 712385 733764 734742 727428 751517 722159 690705 809561 750535 693874 695330 701373 673297 756370 713761 754945 709260 752571 705614 683257 728874 699278 764122 710552 708289 687443 701508 746756 688149 760407 713551 696884 722119 730755 728536 715242 743365 722182 716398 711992 736992 662243 714066 701975 711702 704657 690639 739018 694195 726268 716643 689760 732972 699086 687416 715534 697652 734985 699122 711190 717624 699200 720322 704990 780418 743181 726575 728974 734335 732070 722806 760431 744402 756945 713355 742918 735295 709737 684075 732810 711322 752941 668334 707952 734670 689518 700431 696481 683230 731148 783613 660633 682231 730246 688913 741575 755853 723129 733041 718170 774569 712049 703370 763980 730282 656028 781808 719588 705501 755672 702809 703693 698869 739844 728302 709546 711971 727836 712575 696871 734603 691006 718567 675720 740970 676152 736839 718712 715042 732472 738259 707190 725302 706808 717507 742083 743940 710662 720538 727362 679781 731306 750405 755973 689204 724982 721502 665951 686199 736514 704794 698946 730938 733817 749753 682940 736681 700323 772121 683649 788471 702684 755945 706647 747515 832878 707335 752171 709080 745587 751835 756715 749351 792532 683214 746477 703124 696962 740862 718755 716205 691894 684829 744034 733222 737956 717505 725107 698742 689285 716041 759552 702541 681574 796499 745145 731524 720563 721972 728697 686250 705702 752345 732261 724296 720462 737819 731575 693757 743664 752817 729614 729581 739453 773622 695291 701021 722883 707640 728150 714558 729879 706323 715016 683696 737946 714693 730707 708341 715517 709135 690084 702703 730700 688682 722205 716481 680588 742782 715067 770035 727427 739487 698228 709476 761387 725913 728956 738349 712633 715683 709843 709527 710170 725291 711056 698661 769525 722406 709298 677693 716026 669904 745323 704329 784315 717056 725369 674236 731259 786498 684393 702362 727065 709523 
699603 737335 743346 823509 788005 729273 726947 715516 766920 709621 694669 726855 742105 734637 700835 775779 776208 734318 813852 736469 736646 757844 749333 737293 761583 740266 735241 752490 727447 762927 768061 708204 805414 773180 738421 731051 699121 686385 761248 740684 755516 713166 786858 743546 734659 736215 726271 788587 742731 703142 749861 752628 760500 729149 777441 746546 768824 775223 752905 748280 746731 770709 742430 753472 724254 776192 690956 754717 723822 753664 736671 732331 761439 728619 741310 753165 722012 719139 774141 722128 719163 747055 739355 743658 762483 749778 724907 726563 764106 802623 827224 774251 767417 737567 749970 762434 783174 753338 787399 751007 755675 742153 752044 724333 755839 733187 786648 685755 727910 753568 725326 715965 735155 728272 745302 783053 730880 727118 764909 713735 751119 799170 757345 737714 752730 819863 727573 714380 772187 742400 682908 814423 753248 725041 745942 732054 742777 754580 763444 699645 728369 740331 755571 707319 714480 764632 721068 749622 737318 780502 709850 749094 685731 722606 756222 732404 749982 721875 775064 737232 754525 724616 687876 763958 708076 711646 745319 763069 782887 716678 754123 714882 706089 703487 742140 745165 743821 782239 747247 749575 724160 727407 680751 784689 740540 795833 751697 783814 739602 748515 831703 730726 761902 750578 760302 747550 785712 771162 798886 694899 771844 717825 740424 783346 729537 735122 708850 700453 769859 785022 760613 743742 755764 703272 744285 734334 792150 715057 738603 776188 741948 776962 715186 776112 730898 721035 760696 736681 736468 741124 718628 768907 743187 726754 725684 748525 737065 758750 756689 779012 723822 726442 740191 730323 746252 713893 800707 729852 740718 706835 777206 744563 762587 733240 770874 729998 733139 705991 759197 758844 761612 743541 717405 777728 752943 763533 725575 750976 730246 768156 797037 740464 751974 790351 752408 740734 748457 735435 743820 709383 733320 732529 764018 734487 719048 717917 741875 704064 783837 765500 764234 717013 746317 744028 726905 823773 729743 738332 768281 753589 
700667 742030 731650 791120 760965 737402 735938 747607 752442 764548 704134 708760 730676 730091 744181 755165 756735 749921 813845 739305 748179 758387 755029 728182 766477 747121 741940 739464 739229 746650 756946 705391 809317 738792 705157 712058 728260 728775 761217 775574 731988 693255 795321 741044 725191 732992 718319 732972 718109 704784 703680 739356 735266 753073 781065 701156 710601 749684 754692 756489 737519 767624 723247 734914 716306 773212 690268 750060 752315 741152 703749 733277 760390 727109 736485 734827 701676 742117 752956 706170 714604 745822 738835 733452 763133 740127 726023 694961 730937 791849 764116 744548 750486 770358 706183 741640 807313 765289 751089 719415 777012 754135 742491 726222 738607 728518 792587 700169 738434 764336 748382 710047 738156 720855 715040 785466 711436 691866 743625 741315 753135 759944 745750 753113 745163 767596 717310 745217 793627 751776 676468 760267 723681 755967 758900 731597 781089 759815 749635 747254 763248 730343 723354 726902 712488 769334 705324 752795 741373 749318 714924 732102 729748 722792 714269 730266 754388 691019 746326 748070 746541 747939 714601 752752 705902 721332 757343 729241 742257 732751 745355 710161 709457 689182 734235 750965 746178 779530 751127 770711 704719 728831 718514 783774 710423 820347 764692 740235 730372 755486 818419 730152 788906 726740 748374 759373 769262 763352 772736 731458 747715 755115 724465 790277 720563 752117 726385 694157 774685 802827 767995 721669 743572 689401 673175 750048 792725 748138 703984 774843 771614 729505 735139 748682 736948 688690 731219 745621 752300 767554 728713 759185 724010 705691 734162 718484 737523 744663 757996 782501 763633 743352 726203 751641 767822 739741 748381 711125 747077 704859 772303 754740 742963 736848 742587 703845 731441 688007 796179 715670 731681 761320 717398 812944 744165 768128 748775 732629 701085 760103 778090 751888 726990 782063 742572 714381 737188 741186 716074 751400 727035 725466 746859 737098 751867 709018 718052 715506 753972 736644 781693 739011 761848 702049 704642 789380 729155 723977 750262 744687 
683880 745523 718510 842269 750249 728648 712987 713856 754245 750466 727199 700845 755927 772796 713735 760578 764376 808202 792361 748803 752126 767533 747857 730369 752473 729562 747130 733759 766304 779976 781021 706889 812349 758551 726602 711617 728699 714548 730588 797005 736710 723892 782865 732580 699546 769090 752207 768546 755746 701910 748038 751259 756524 755526 795627 724650 734731 769620 746789 738942 749898 770391 740632 777614 724908 781113 703161 746634 716311 773055 724261 753632 755845 745171 726357 749913 714481 754322 725324 741728 699630 699008 763721 764053 755633 728466 743749 733008 730194 790477 811526 731944 757813 775598 744484 744533 785090 758904 785781 724830 761929 759219 717163 709232 731335 777385 806557 716935 740103 762597 732608 717972 729418 739499 737104 827586 735335 679689 770236 726441 774739 784623 788888 760596 734776 809750 755841 759215 787780 772214 669083 800185 765102 743005 749245 766389 757559 752698 732576 737012 723326 766328 741989 745871 712420 756967 726843 745829 746536 792378 716372 735724 721573 707813 723467 751090 741876 725409 756465 755321 756751 756473 728221 765538 722026 739277 756341 772557 768380 736621 763420 706893 689511 711927 742572 743038 742653 813585 743836 784981 705341 720549 727656 800212 719048 785850 765659 771898 747254 774325 854140 731983 780274 750199 763240 750870 788241 739002 777608 722487 787924 743137 716892 767413 732569 745821 710712 707506 757480 812772 741451 731701 735846 718604 723046 734236 788055 768949 706526 797264 758376 747247 741953 769225 744327 707416 734282 752441 766630 754539 690599 778053 723861 720934 751126 766208 738009 766012 760848 807742 727854 749079 735532 710055 749812 735318 760806 724747 791487 717847 763964 717810 738166 728273 760974 715507 738223 735831 770032 728562 730128 744297 725556 736130 725187 805809 734323 747443 748461 760977 792081 766767 747708 788353 744409 767042 751993 748551 726512 728946 741114 738584 762753 741496 734038 701315 743427 690702 779890 738088 773533 761125 741727 709844 757035 814853 726185 796293 761413 732134 
703608 760517 811363 853146 815083 736663 773356 767293 791688 776282 759158 763671 770499 768288 741657 797693 790643 803908 832169 761012 800472 776653 761469 778245 760565 775799 759498 777082 775554 808699 778866 726370 880144 802881 725703 752617 721519 742090 794933 792059 776869 760888 829852 782841 735064 762347 767399 791265 769239 710648 737520 762215 785085 733919 820770 751414 753972 784579 767347 786967 765176 802283 749827 775345 759023 803384 734472 778526 735187 795045 736270 763783 817928 766295 741864 779066 735033 760085 763145 727791 750583 713722 786426 763238 776194 758585 744348 751238 758621 805090 815863 767075 775293 779409 770635 784349 814299 813459 833071 769778 780991 788703 775253 743359 761418 752642 820519 714314 754271 764345 750292 723941 779761 748399 737292 830706 734902 734737 797659 738308 789395 802142 792393 785041 753411 843906 740597 749740 784393 774875 712307 838685 761063 767995 787647 740305 771434 786398 764558 770798 760881 791863 758890 745517 712026 774606 760292 759375 773420 802516 716291 757456 747384 778548 751050 764781 779830 750850 810182 747483 759737 787823 767885 768198 701100 747224 773379 800009 791439 766358 780326 729394 712540 723797 764201 775415 780655 795119 783837 809085 741360 744274 754806 812817 737617 843064 778363 792469 770954 813097 849555 751550 803444 793537 769248 767889 804900 765097 806204 719954 804443 762514 726036 789652 748441 785895 733793 737887 795629 803534 775287 747698 777844 723362 740932 735131 820387 758143 739923 805375 789908 814793 747356 805635 756341 735779 763420 779420 773114 800260 750919 788656 782224 751010 805793 761844 777388 767747 786648 807336 736737 794926 757790 787099 775147 742870 775928 733805 801021 755563 801443 782894 777578 746985 791218 747295 770179 730423 775220 778828 747182 794455 751888 791587 732824 814646 777851 767921 742569 767755 806767 791287 750870 818215 751587 767255 782355 744084 735563 753589 755870 752260 823881 752315 749048 715758 771875 747313 793428 786001 808384 767062 753423 744470 765566 840080 723738 770995 755338 776183 
700124 742016 752233 814778 788211 718845 705026 766640 762196 757650 688640 677514 721786 739472 718347 785521 790331 766514 802268 750990 738789 745324 764894 734562 711063 748234 762405 740309 736435 771000 756669 681241 801235 743644 726648 742078 736365 710246 735919 778055 734307 754514 797448 735802 700364 757142 735636 768354 720009 718784 723515 706893 749827 734402 737138 685431 716610 769832 777897 726466 698068 776049 718700 742323 721837 763071 706938 788831 747653 733107 729003 717619 730760 729850 744556 737560 710652 720450 732810 709026 697682 737516 733276 716960 719875 733666 720295 703371 744922 778365 802931 735775 773519 758911 708964 758689 745012 782676 792302 728990 745543 740281 741636 689577 734848 719290 775151 710254 712282 767485 739126 679933 729516 726315 749191 779377 688343 702696 745542 716906 757126 774627 759008 791353 740526 800316 722776 733220 747039 720853 683788 798223 733168 748845 749327 750017 741413 726101 722346 746086 727343 752007 725508 729395 722575 791767 675801 749766 729607 789681 707285 753075 717581 725258 731235 729520 770581 747782 742004 728087 755100 740973 724288 748807 705890 721274 755279 738533 763026 742639 753191 702240 692289 716343 758476 716536 743819 793694 745180 765011 685354 710789 723459 765569 679897 808002 783805 745257 716084 776804 821668 720510 797719 753621 758679 726248 780183 772577 782472 705075 784031 739076 697428 756623 715148 726218 731520 694920 770816 779512 761832 709938 732712 723664 714869 768537 793668 734126 679717 784619 770566 735883 732221 783334 706768 692535 732421 754380 752250 734187 711047 747503 722702 743125 752268 763323 720117 752360 768824 788046 714810 737850 736786 719093 767220 734034 747178 737468 784112 705053 751393 752966 755794 743805 746840 742556 726121 673582 755465 737429 750856 745314 700871 751464 722305 771736 721240 743490 718282 760515 795011 783714 722654 754436 758079 743257 717872 708677 689686 729807 702768 714726 738319 713700 728639 666807 724497 724794 754072 730601 798069 728694 713379 723339 695912 812697 708078 740237 723682 733485 
652924 713215 705873 795983 751992 678006 690366 718291 756835 728468 686143 684069 718822 729495 699322 735206 732720 743562 757684 715708 720542 732506 696127 740121 683573 723917 711149 711219 727916 743499 735622 660239 787326 755911 697214 681515 679687 657877 745769 718883 693095 686137 776626 692809 684932 736438 726129 727763 696750 697903 700646 707997 721679 697994 767325 689014 690780 754904 745201 735348 702996 741573 709099 730288 706330 769360 661839 720718 697259 744118 693975 696629 733858 722144 709798 718711 701255 707370 707923 675744 690922 679651 698773 699491 724108 706577 714860 705590 736504 753206 773007 709980 744839 719287 713230 715709 746286 767420 770653 704080 747475 723796 723029 658831 707581 690190 768459 680039 713622 711729 696313 671925 688222 706831 695439 763281 688144 693882 720816 691956 708143 759242 744335 717888 713630 779359 708621 717082 743699 726279 665129 778132 725961 701292 717297 695591 740552 742667 707088 697432 719974 739548 705553 712644 697223 721626 696725 721556 740853 716444 679538 733381 691734 716260 709249 748427 713650 693762 722397 688550 722396 730014 694077 744640 700090 713982 701059 718525 738715 708387 767447 693236 662552 705932 727918 712006 705446 719716 723233 750389 673119 685158 719080 746397 686486 761887 738563 746790 695014 755670 777686 706440 761573 712056 734064 712970 768603 719178 764621 688377 764649 687824 706934 751601 702111 722556 688362 702000 713071 761131 705149 691698 740780 688920 681246 745808 750391 710484 702012 808003 720192 731512 713649 746645 710344 701864 724252 728506 729701 734936 685509 722975 699187 677609 733188 734677 734029 723749 702741 738158 682359 706380 696619 704786 711056 712689 744915 704162 747970 691330 752013 713493 707373 692927 762344 684912 739893 693785 745459 725958 676331 742570 699471 740925 694299 745570 720239 702809 704421 721990 750160 727319 710873 744432 716051 728151 722273 700848 698211 726602 720130 689399 735985 704306 707460 677904 712517 710063 733853 717581 773486 719332 705399 708963 704824 743598 708174 735356 717909 702990 
709503 740948 758936 859309 794325 759435 706518 751830 785602 794682 729626 730157 751911 728307 745398 765607 773743 802430 793844 752644 789250 803380 760418 752069 738687 741054 739057 736173 765891 799316 779985 688491 851291 767330 722741 727398 737933 739148 750288 797935 742946 730452 779489 747615 726267 789491 758620 805296 753037 720309 756719 723935 743703 757494 807507 736608 750297 797720 789006 772663 737614 782537 736066 765104 739422 809892 727741 759759 740219 777185 748354 773334 784842 777157 744393 742230 746983 740415 723067 726287 722852 735734 736413 760330 774171 738786 769608 744388 754830 830660 806125 742100 750903 748867 725326 777275 806332 778157 829043 734899 769003 779324 769451 735582 741895 753252 783413 702541 742495 775050 771539 747804 731381 753776 775849 822943 685225 712226 778073 730815 763329 779567 763298 769421 783377 818505 725312 765550 808739 773858 704931 829551 786000 747545 772989 777032 751998 790220 765143 769251 788683 758593 740502 738654 752220 770160 713386 759587 745193 800194 735281 776274 753509 778793 744517 775262 761347 740011 762340 747446 752389 760486 710680 793186 728531 762078 786970 780360 784169 751582 799909 743181 700902 718758 769563 738952 769237 811652 781315 791695 723573 739598 734451 784024 770358 802606 793184 739026 735751 809193 872099 756020 821271 790670 766422 767574 808130 767547 774456 733481 785828 758586 727305 792843 727883 764648 748114 740582 780560 814287 768189 751865 755202 725559 728568 761132 800644 765257 692206 803666 790160 759249 747563 777252 748311 734730 771461 779041 753318 774781 725488 767275 778670 730059 766839 761064 733855 759108 774105 784450 749862 776653 774766 746753 768365 753108 787218 744151 772035 731729 781743 778872 768631 749588 779247 742902 763645 727277 790979 736768 727972 763514 733323 779296 762192 778339 744440 763274 762029 767550 793885 764062 747561 816189 769764 794014 792081 760026 743760 766766 742340 747107 776014 739444 759758 725983 763846 722461 773448 786973 806998 736545 750169 721391 755048 817834 754947 741804 743864 733680 
685841 701421 731221 765814 710166 739810 680304 715574 747560 725257 691710 652364 693536 706560 692213 740854 773679 705513 771487 707329 716555 744207 733157 704973 713310 731720 712593 720273 722933 763649 713386 661054 780355 712618 682357 693355 697345 685902 722243 766805 706187 697084 750222 692866 674526 716805 689476 721320 721868 705204 699991 709401 710859 681639 748538 688609 689684 717172 713195 722677 697228 705830 703276 709523 705163 731101 677951 694330 701909 748260 681112 700689 740572 686097 726571 688413 671643 696689 707555 705208 699049 695616 715869 696344 694768 708479 698452 673165 701114 758046 761100 740887 705364 739599 711317 713458 762442 732914 755002 698502 720087 726894 712941 688968 710969 707612 725102 655371 672481 705382 701937 681897 720290 693091 701643 758736 661577 699842 726060 681180 719420 752261 716307 723378 703469 758228 693545 712409 741455 689927 622430 750912 724911 701109 748340 712562 731759 714707 726696 698149 729827 693760 686733 715351 700407 724441 687044 716107 712421 760609 696679 719190 694618 702322 716707 699459 737940 677195 745606 694574 736700 698445 701527 727395 673289 689879 694598 747131 720442 686576 716201 697490 630555 669811 727613 710528 683642 741257 726383 749986 658845 694922 713142 759210 690678 749823 747269 740701 687960 734153 807200 718917 750061 724118 728522 728140 746909 742466 760003 679121 721434 698386 693273 755134 714757 701096 673662 690237 752442 752983 728003 712296 699437 701676 675891 703810 754703 687681 670430 761851 732875 734217 715343 734598 713390 660807 700509 726008 711839 766038 690771 755585 727134 699289 731483 723764 750868 695077 727853 735005 695540 699580 712912 715843 764800 707399 720252 691833 750009 668635 742297 703068 729098 695487 746471 720338 709944 691626 736546 714647 720450 737753 661875 750099 695689 735394 707581 727246 700392 707933 748585 723853 712482 751246 719171 733438 703065 687831 683741 726362 672462 694348 720028 726582 702993 658267 720213 681358 726757 715623 737500 710552 723807 714915 694767 763420 700251 695416 712267 707435 
704616 727635 754269 829282 752144 726168 706945 754784 758938 730695 701291 727715 732427 741748 732851 768885 740395 777916 806760 705022 786693 764969 725035 740753 736200 748971 770548 724436 749775 798453 766944 668980 807007 773929 712152 737733 707990 713304 773283 775168 713775 712358 790471 728883 725573 749215 713058 771831 742620 684600 751144 721954 762024 738903 778616 734804 742927 751253 744726 764271 749601 750577 728301 746567 721642 766760 716035 757077 706564 773094 733540 720494 752144 750750 752860 716778 726232 714667 711148 744201 673752 688739 751361 767189 723170 736336 730488 729737 746414 792569 807236 719114 744134 722315 719561 742721 754594 774326 783368 729672 766804 770326 728703 725796 725469 742334 775557 718009 735923 738107 739503 738050 728294 740286 734510 811970 706849 712788 767988 734712 738575 779551 773125 749322 743414 794851 724781 775974 763142 749517 685553 793451 778903 688847 753749 718882 754704 762163 731038 736186 763428 759072 757726 750098 693976 769072 712996 741494 736014 760694 719168 764177 742570 741139 716971 749744 732764 727612 759240 741030 747247 750228 710962 769459 709038 741629 768061 758488 774739 716267 737373 723462 681812 710971 754065 726968 719256 789183 735903 775445 701656 724511 708539 777386 713090 789002 784608 757031 747513 748051 828304 750247 777846 714117 746378 740374 786440 763638 789705 701564 744791 744895 717970 794561 734591 732116 702383 731806 758469 783745 724716 740276 720618 704326 699826 741235 782826 726943 704152 803133 772529 731649 710932 773618 740601 708200 716471 744533 775657 729005 683936 776040 741142 724174 733868 740880 739941 757861 763438 763863 728395 746353 724542 707165 721643 740245 767450 738858 767100 701190 758464 754346 734822 732405 756742 741530 741690 680313 779298 739913 765284 739492 747219 750494 721148 786526 715907 714529 711076 741873 808550 742355 742618 779534 751448 758822 737405 732312 739709 750928 702457 760829 771688 735052 733411 702458 717115 719082 758359 736722 775842 730408 737909 727200 728522 815142 699144 736007 743583 704111 
628186 692849 677933 760906 736220 697723 642419 701530 723584 689951 644511 650071 693435 701784 673895 744036 732513 716509 736537 673763 725650 710641 707614 689911 678138 679471 672932 719178 687201 725659 718537 666232 757659 712189 662550 665857 673925 655063 700672 692152 703393 652484 747843 692861 652840 717652 692024 714234 686986 646983 678034 694213 708390 672644 725956 680083 699958 723039 684230 711306 704069 728440 667388 715048 655037 719402 622739 697946 687229 694988 680968 679416 727549 681491 703878 683570 665119 679897 674178 698298 657689 673233 693751 685418 711018 685182 692904 668121 684311 730723 749210 693248 678431 704041 698623 672937 727515 707209 716427 668910 731212 719222 709588 648822 695570 679567 738381 665709 674379 684550 673154 675012 670672 676592 679072 722549 652735 651670 707135 688125 711879 724200 709724 695019 687974 767339 692021 667646 722663 714207 646678 722261 705610 699888 686125 697209 690926 711191 689210 694517 733854 721659 705382 690810 690428 688826 664587 698840 702383 721453 655114 688080 681735 688549 679068 715255 709790 688765 704735 677684 698681 700613 666591 727741 681292 689575 705627 708467 719752 687651 706193 669027 636390 676763 717134 711862 663490 712638 702804 723907 676330 699787 673026 737580 663446 747203 711941 732588 674024 730941 805572 692939 698945 707085 703748 709229 741297 720508 742847 642286 689146 687833 647010 725862 697374 694575 667578 651261 704130 754771 702865 717994 677025 662273 661069 709485 747329 692266 659346 752666 713020 702534 699406 694195 688897 677733 711746 657995 715659 719930 670396 708782 701211 672617 689047 692747 691643 723968 724531 710651 681491 696050 690774 671733 707834 694742 718737 693913 692472 690425 703451 680242 690393 669154 716644 700274 715004 642832 710453 698474 672133 705473 691509 726542 693642 706585 679261 710735 662700 689022 734614 729254 685197 717421 684550 686979 700993 685555 666842 692786 680739 687100 707267 695514 669538 665667 670547 654467 733891 703097 747960 706536 690335 678910 683318 757037 704251 668695 732031 689881 
645425 658927 706394 741722 678804 692519 635853 674516 690132 682378 657122 622723 690437 662278 664934 707527 703932 707725 744574 687456 681201 715178 668296 689988 665983 679689 692578 685756 692223 719052 681456 630613 747723 722976 658738 651370 674921 642377 702743 717683 688061 646847 721849 660488 634590 686534 678589 707433 699975 645932 668177 681950 697865 653218 711700 640086 646241 690357 666150 681421 660423 688403 671306 661024 652546 715596 653343 704734 665162 719150 658700 673348 676202 689759 687273 707171 649411 671356 667102 662730 648851 664545 685622 679602 669762 670380 651693 639989 698476 743863 742264 693938 692538 696292 642521 689310 705830 680138 726045 684560 701388 701180 660366 668631 656612 685455 692640 618767 662741 674172 675562 662890 660278 651428 668018 724236 636929 643036 687925 656759 665929 710765 691400 686232 674912 737098 665119 664197 698265 668509 600355 718745 686513 670530 704267 665934 695619 664790 671694 674340 708141 681480 674562 696458 661550 714344 679752 655076 651006 718733 647608 685507 682584 659440 678051 679398 687888 668490 674386 676241 685096 689313 650680 669039 656123 623092 705471 689668 719521 672420 688347 653082 646507 651024 694735 675801 674300 735387 676220 703982 652752 643198 653237 706601 661037 703406 657272 701651 659024 712948 754899 702333 734156 658942 686748 695842 707093 694657 715394 632889 715813 666328 657877 697356 662494 661399 656134 650930 706729 724920 700840 629563 675321 655904 675016 660955 703566 681593 635897 731803 682305 690390 659272 698091 677785 627625 670079 656282 693621 706296 658479 694764 685468 672408 672992 655585 675695 696487 697279 723484 681054 692665 680305 673085 691851 674174 682197 637525 709411 680910 701805 690309 668428 671848 688138 663426 681677 661356 716362 678384 683410 694772 666937 703260 661744 706526 674424 698918 694758 684870 715845 698166 683117 681745 682627 661998 668134 673404 656568 679760 640929 660267 704372 673187 680671 622749 652296 638124 698029 660778 720205 675246 694237 646545 676447 768207 668765 661124 657254 685843 
689318 716851 764463 826157 752096 714112 681160 720181 766124 767706 705954 703501 764835 711395 739330 754722 762534 774162 801153 753652 769785 767652 734309 721617 760657 719217 724527 725347 744415 772434 723438 689668 811604 755161 713929 710728 713775 687137 750856 759190 746530 697027 792752 728178 707902 764272 708369 775776 729753 711392 737954 733752 752815 722961 781445 698849 746593 746302 732627 736843 719880 757930 722867 736292 725910 804409 702847 724390 722752 754847 721670 718218 773217 756594 725301 716072 712854 741867 736141 715437 700235 685818 709859 745679 747373 732825 745186 696954 755209 787076 810677 715310 735373 742611 731367 752044 772868 783906 790290 763623 755787 760586 743768 694036 748360 739480 784630 713732 737347 731255 729632 685733 735672 701315 742946 816389 733392 707876 715419 728271 762991 760619 737657 753971 722572 776695 727900 731815 759065 730652 671905 780487 743226 719405 775184 734652 725211 726813 754864 736393 756720 748684 725922 715342 714970 766442 706517 719362 723391 747193 693669 743041 712610 716017 721267 736250 763225 722529 749636 748388 732472 751506 707775 759443 709261 727700 735541 746384 793323 720432 750479 723108 670139 722160 754249 744414 732867 751673 726460 787659 688547 749644 719486 752071 739952 786644 735813 740689 719079 742844 809499 718387 812402 733597 750974 726152 787340 757821 757540 701554 784032 734152 727272 768744 714458 742506 717938 726150 750064 773529 754731 708828 739462 713258 688161 743227 777426 724971 680044 794102 747964 749203 732346 739205 733186 702827 733971 739343 736382 754674 706305 750844 752163 715880 744407 745362 753120 733180 739360 791822 730073 743466 730210 710567 743257 725296 754808 715446 764967 710631 769086 727032 738578 733505 761251 716325 724301 693029 733497 737192 743458 746262 719996 790391 735549 747585 737028 735331 696233 763076 766602 765792 768633 739146 757075 774323 719300 719228 733011 745407 710869 725321 772542 739547 721565 682307 738799 700477 768999 751955 788217 710155 719519 705939 762457 782650 723675 750715 720233 721653 
700781 739665 774618 860415 780958 742910 748773 756509 826523 769882 728903 709159 763217 756131 735109 810136 786269 776364 868172 762839 773123 788274 757508 780785 750750 755477 768515 759842 785036 792100 782596 685286 838942 782166 752291 740310 732850 713372 806781 792703 776395 719234 823550 763019 738491 769768 766086 796456 750714 719463 739169 785263 796935 734994 787459 767285 767318 788709 756634 760351 767233 779086 767477 765161 735730 805686 729392 767668 727636 819106 752275 757426 794990 715784 753184 767702 741192 744210 740040 737379 733750 733432 763705 780205 778410 783461 775250 742371 755187 821177 825920 791949 783620 780335 747090 761974 809529 813492 803551 745213 801844 781395 777421 714549 738056 772534 799330 732731 737220 772071 757740 734232 749492 749224 757611 807534 746481 746654 776898 732658 776702 777206 778369 768904 789105 819912 735589 753134 777419 788581 711407 833922 765966 750945 779409 760235 794393 777157 770845 758169 778670 795806 762129 753633 762630 799513 754877 742047 740399 812961 730879 772584 723243 746418 757234 809820 753750 732023 762836 743983 779420 769972 749883 790003 723810 751987 761828 778903 785657 793792 813349 752563 736160 733961 761806 773861 735299 798168 781291 790480 723253 765715 733732 819386 749172 803814 767155 792717 745095 788569 879683 737078 811030 774072 777248 784727 803442 782442 816400 719670 807347 755646 730302 787705 749071 761431 712960 715378 773644 850569 795243 738105 748992 730741 741078 771144 787735 768978 734448 826398 771691 783780 764977 785802 756295 750080 757170 770273 782339 799913 763161 787915 802386 724473 799262 763137 771851 773685 805622 773968 734986 770278 737453 735022 773174 777682 800950 756735 785955 743356 807944 765584 774220 742360 815508 743518 763776 714188 787804 765937 757477 796219 741056 792556 762449 816873 773096 755907 741962 776275 800485 760961 768732 786563 752839 785445 754683 741470 757060 751572 758879 724595 827981 747854 759991 737057 749345 742899 799170 780175 788293 754384 762062 759922 774569 824169 766733 776308 778383 746522 
673392 701692 705234 786973 751111 704015 653847 702214 729042 722286 679284 631937 705637 697973 723272 746461 732654 752995 748683 720592 743994 726559 734808 705111 699743 714243 697464 713010 714264 743569 710823 656681 778813 730260 712428 706988 674815 668092 736523 738178 702055 695148 737207 700219 673834 723856 715598 742155 730871 666541 682188 724139 707280 718779 753539 709787 694930 741479 696392 712333 696185 738739 704664 699978 684438 755937 679916 703459 715219 712362 714431 709045 738896 707605 710990 723492 690652 714928 703911 701046 684613 661005 692646 704235 723306 702313 711561 670219 703341 782563 790328 728872 730510 710923 703406 744847 735079 732784 744794 712730 730447 707331 699970 685311 701297 694895 754135 682000 678625 683865 692553 706948 686233 711333 677360 748209 651114 667827 743255 693846 712765 753622 722869 740821 717044 764822 693697 708057 745026 718458 644680 770868 697948 721133 763454 702014 731251 719654 738060 711584 731790 679667 723837 702425 681084 730741 673705 726147 721537 725839 690991 727959 693658 721933 728882 714848 708062 691440 739448 706764 711113 700439 681611 723498 659225 688317 729642 735335 750431 731336 739241 687262 643878 700932 716293 716959 691594 740530 718102 734394 687050 658395 668599 763654 724688 742381 737976 735983 706335 736774 799855 704364 774838 709461 712032 720519 761305 726789 756250 674816 753488 679621 660916 741017 693639 687418 679601 708435 739853 747373 720509 688203 697429 688076 689321 685591 751279 712157 682378 770385 733168 723082 705130 746917 690989 694957 707332 714955 702511 749812 688673 720495 726217 684807 719126 707598 694708 705752 734425 728853 679654 701131 693294 715559 735712 693897 733261 707491 737215 680014 740200 705520 729377 709906 724987 710674 716152 676344 746895 724083 687198 725357 696643 745076 686030 768084 698387 735447 706051 724634 763471 743859 697763 728434 690119 714413 731138 664687 673260 703769 689095 702257 716445 711233 711807 679034 702992 655261 726950 710191 757090 703711 710966 700154 716639 774215 699635 729679 708651 701653 
671109 701245 743129 836930 792246 714594 707349 736012 755255 754586 706403 717370 751212 707549 722047 741438 759401 770946 795873 724465 759445 757321 743900 725253 745196 734317 734336 735150 759184 769788 752905 688863 825881 751972 710170 730154 717432 698756 748802 774740 743539 722356 765952 712792 708503 763271 712378 788438 763917 695968 748062 749837 770306 717904 805142 725570 714391 761859 720856 747620 717378 748081 721445 733521 727228 767856 682765 727032 717853 748542 708020 715077 738894 727034 750147 750675 713055 697574 718675 720257 702339 677131 738383 743778 753665 755756 719544 696629 758666 810133 789073 721712 758081 750180 741437 732838 770805 781115 752095 691856 757754 753871 737234 683324 720300 734796 784685 706762 725987 753757 746165 698967 736838 699652 723467 807339 708607 713533 741723 699669 771816 773644 714609 733287 730639 783837 730127 733892 775731 743839 680333 769798 783098 693503 747112 698709 753409 710204 732528 743786 750862 728697 742761 728816 685270 764655 714820 742422 739124 755741 714467 725713 696198 712982 757446 754353 745681 709956 748508 744488 748598 726616 729442 745782 692261 713761 753111 749681 774816 710670 747033 728320 670110 727134 763161 741193 727715 760757 749060 785024 693663 743708 712669 803650 716594 783849 752450 783939 747046 755524 826769 730212 766393 734534 726752 743485 783984 777131 778784 708634 766993 731942 701195 756700 725664 741580 707188 688773 770038 782935 754902 731192 713893 705995 704740 743312 776794 736263 716258 787966 761708 758346 726989 739182 748915 712066 731289 703202 773029 742111 721856 759524 742121 719132 755261 734646 758586 742675 746572 748470 711203 722179 720585 734688 734353 721198 771817 691776 765999 699712 746578 741828 757605 740383 770627 715570 718751 682414 766110 729384 728771 757002 714729 758336 758515 786545 731149 721242 684965 754552 769973 745848 725647 775168 727460 748133 715709 727824 730312 745913 727662 713767 764623 726222 731806 687843 735933 684140 762010 737350 813937 748147 724055 703232 730255 787944 729169 742164 754424 727820 
689498 709950 696557 755245 733737 736538 696827 680045 726594 712584 671393 693471 709399 721871 684722 754945 729531 763855 771313 696014 719583 722387 735427 697722 727661 722544 704421 687535 705311 752466 732492 662443 791573 730890 692932 691940 689214 680425 732491 744046 693840 699537 733935 677918 688521 707301 716529 719845 705716 692111 682609 704369 705802 702035 744724 683522 705014 719416 709393 729648 689400 738616 726295 716584 702774 755121 673570 726257 691322 714329 685827 721716 725122 687122 694860 696789 706128 714659 710818 698409 710462 699734 687692 716044 710187 681767 692562 697263 697389 765699 767727 726944 695929 736566 707061 734587 768698 743575 743179 685262 741257 715698 716671 707087 712939 708008 733578 658521 707944 720243 681802 663999 700922 708139 704898 741678 679983 673996 738874 709725 726075 735812 766388 717394 715087 774240 695735 724731 770113 698774 635592 746467 707688 708242 703445 713681 708314 713235 712916 712076 731108 729334 715345 705580 670283 725952 683907 699361 697869 724966 687073 705990 696713 715220 732517 683295 727870 685868 716928 691754 703734 721830 685321 725160 699115 691725 739929 741140 743733 707414 729858 704279 662613 703970 706580 702898 744288 750171 734926 762270 681658 669099 701563 738830 703191 770276 716269 735452 711217 753314 781412 703103 794258 727683 691472 742946 762796 715601 742024 685068 743545 714689 696228 744733 703890 718980 694701 661848 749741 729593 721597 703451 699707 719467 662257 698183 768149 711320 681004 780148 749795 716310 703818 735430 694005 679043 722071 709018 714479 723936 703009 730368 721506 693152 708466 722140 718685 727931 698831 743965 693015 714692 703245 703520 704314 685015 720558 680530 715487 676321 759210 729803 707688 684179 688320 688790 710218 696176 724641 726100 687575 705659 661921 749077 699541 745696 723431 710962 696555 708372 736327 752033 714605 746113 709751 740642 729368 704849 692479 725558 699526 703304 706956 691686 705208 653266 718794 670371 745485 723060 746840 690665 694732 669516 699843 767353 707524 692722 701097 688939 
692849 749478 774354 843522 750093 745419 715259 744445 763784 786870 743134 724804 738127 750963 746217 765088 764762 782940 813492 743029 772804 754385 723787 759322 751361 739683 730295 734624 749385 763282 763866 709306 822731 792752 758827 742780 719258 704298 764712 777255 758811 745053 797887 743797 749713 761598 758026 796895 756276 711047 766840 759508 777034 720621 813994 728265 725721 768821 774283 765568 746823 762232 737608 761967 722288 770889 692441 747640 772438 776633 740201 703701 754911 727055 762213 729138 740587 752485 746773 729970 685698 696553 751848 768493 758371 731019 750564 726228 760615 806670 809010 747560 765899 769624 748464 762684 797288 787296 799162 720095 773835 746049 753961 698688 754094 746724 770084 708515 746222 786567 740582 709223 746858 768339 730995 803591 721526 740047 770536 738558 776980 794589 775074 784787 746820 807896 733261 757950 763356 738681 678144 817000 763449 705457 804108 737219 740018 731392 752702 742213 772767 743297 728664 758232 708923 771177 724622 721529 745451 778024 721748 767143 714990 756742 736693 745155 746951 741540 762248 747573 757086 755879 722815 766283 710063 738160 780632 771785 793101 770944 780075 741500 688391 744307 746656 761453 742417 788265 758836 798437 719554 725590 726180 783102 737756 787659 718276 783165 751487 783916 830111 742708 797388 776037 767193 753042 796326 789790 790679 716803 782520 730378 718753 772510 737011 752113 699625 736601 764578 794036 744320 740095 715554 734808 718097 751508 799792 748931 718502 804922 743254 764779 718464 751856 773554 761001 737717 754023 773160 781567 724847 768256 750175 748127 776307 782564 762292 740251 746188 796566 725709 757023 718876 725775 754612 750289 755383 712648 766771 729054 807604 752809 752173 729674 752604 714024 751102 712905 763989 740113 731166 751815 737339 748348 746415 762676 728473 722795 720320 747816 814982 753823 737288 784536 762452 780982 732312 725014 720627 776490 729818 750442 773490 753522 753469 710451 713171 741116 754552 746155 799064 735411 748153 730076 733647 779420 726733 746369 762513 731924 
690910 774006 752009 809669 784884 746586 721078 730169 793433 756489 741209 733020 740913 757454 749180 805089 756367 777672 826574 774011 761797 775170 754015 742315 763165 735313 746310 775118 764470 773108 741827 716093 822804 777713 706424 714188 728659 724900 815778 780135 732273 739651 810026 742692 741968 758884 742806 765170 743820 711921 744766 766805 770709 753617 781346 732356 725470 769940 747028 778124 763114 764054 737922 764185 723798 814294 686171 773897 745915 783435 747689 769517 767623 718165 752094 745770 724114 733792 730885 722973 721691 722831 754312 744267 754246 751198 769793 711742 742034 784336 826834 746586 768873 741460 755670 749100 791317 797271 805509 737573 789168 791912 777968 703802 745710 754603 784906 712247 703098 745103 741086 738504 748177 746757 738344 793876 729477 729297 764984 723642 785257 789535 784237 773671 736308 833529 722645 793542 800517 766998 685516 786944 752540 729395 766735 744364 766630 759331 742633 745051 775711 767045 733805 722736 727901 778858 734388 761191 742051 783810 718730 745369 728874 774977 757731 766408 744912 749292 753211 762726 773715 798548 725462 748682 729690 724308 766299 753601 781084 749512 782243 708084 707427 696762 735250 766693 740346 795553 763644 789798 708926 744546 716819 777217 726317 811701 785618 766781 730757 787060 803266 751659 789409 761240 739895 763518 802546 748348 801552 730015 774223 742916 709519 787662 746146 743324 750124 751799 782624 808605 765455 753025 743529 734488 695330 741477 803345 750819 700755 825324 782711 763159 770787 748911 736267 729394 729642 761940 777859 779676 730958 789289 756949 732109 747772 750565 737781 758703 760128 805291 752268 767982 744599 713856 765611 736424 776584 728604 773486 720264 745480 753544 757239 750718 769239 731777 741764 718128 781837 738316 761796 755687 732117 785279 748498 790755 749806 754204 719244 803074 795750 773167 751193 774494 754835 753872 736128 738970 753161 749424 729439 772609 793675 740884 722323 710693 736683 699146 773528 771704 794265 745249 733071 710950 742199 819789 721120 728928 756217 724241 
670933 729680 745217 820000 749815 716085 700022 723042 747680 755966 712104 699219 703244 695713 723071 761351 751166 772248 750598 729516 729782 741357 753053 729514 759155 742141 714548 725664 727175 751408 750379 656350 804610 769240 705602 719537 690512 684985 756147 788338 738510 701172 781163 716597 724565 758543 708806 772182 716414 704666 711262 709694 724752 720017 795496 693714 699437 721089 718125 753332 723943 779558 714548 733928 704900 762909 668802 752737 733997 728404 714941 725034 749937 716426 751653 701245 706765 716882 721259 704676 688331 698780 723720 741693 740006 764137 716271 711432 735340 772538 803563 729359 741459 724737 720560 733554 771264 786865 747472 709107 775509 755968 732898 714528 741451 727093 762977 707852 705224 738893 707310 717005 721405 707019 734039 786519 687519 705194 744926 734762 752926 775347 761882 737746 728747 772262 693171 759880 759487 730086 663714 784831 723303 708408 773367 715764 735833 731276 751860 715179 749064 715526 730383 712853 709984 771007 718334 742966 728301 758037 708576 754539 696365 736318 709624 732038 717948 727002 743048 738443 733293 763346 673500 755833 719968 711640 736632 768433 775518 709075 768089 709673 691943 673870 744076 711482 703925 778173 740886 764249 703633 713125 694145 781276 728910 781035 751629 752140 710986 758691 819284 723987 772551 742970 743517 743794 790882 776712 783711 717446 768630 698501 703553 791407 736576 740662 704595 686796 736353 771835 746702 702192 737807 710075 691632 714101 767129 726881 664058 809610 764392 750013 715295 735551 715178 714590 705133 708779 738239 739129 708970 746826 710390 701064 726457 728483 732418 729135 765798 773401 730807 711489 708271 717282 755940 725341 749541 737657 754622 685995 753857 730447 759168 728761 755749 714434 764758 725953 748433 733672 727993 745947 701819 767223 707748 756737 707567 716932 696540 751444 790160 745084 731591 766395 742849 744802 740069 727969 717600 766547 720993 735322 767645 701857 728243 679567 729604 702179 744909 722563 767390 724275 745651 719827 770089 797480 706396 749482 708134 703780 
728655 778764 776663 819521 794425 764752 717601 750523 778069 769379 687198 711717 740352 739353 717625 789435 784352 793868 803661 778274 770290 752719 762115 753495 758826 766744 765183 775604 763728 767865 768328 713687 831645 769520 735437 736873 730716 755209 729734 802253 763490 714278 820530 751391 721024 749988 740506 796941 753313 733511 738061 776296 756471 766001 801083 739236 744039 786893 764423 785931 782605 781929 732012 787318 777912 782301 708739 783117 756536 784083 759174 751783 766381 750323 760708 760662 727520 758108 758662 731966 757886 738858 738636 775518 751470 769166 750509 754064 761974 808649 820107 767802 770187 776573 747120 762557 827051 789325 812421 745074 772580 754661 775010 737695 733158 737068 803615 735247 754013 770391 777030 747985 749128 763947 753241 817380 724332 744113 773482 754365 767952 785590 764850 773256 774018 821549 744878 784758 801747 778874 695184 781270 764312 728435 777772 763694 760377 752442 753092 763709 756089 743636 777574 771269 740984 773244 739852 756689 751039 790863 738926 740779 710135 751263 774462 777626 766164 727001 777212 762552 767210 770382 716869 761462 703748 748137 781636 766486 805964 759177 751408 748387 724677 710768 766354 752148 729717 786261 768302 795114 740647 739944 729553 810265 739718 819067 775379 777435 722115 740891 860690 769955 799527 779811 765493 779292 806696 784645 792292 717860 798385 758339 730833 769242 735805 736919 711939 695048 789610 819486 764496 748590 754344 725980 711216 756299 785717 766372 711979 834912 784552 753256 746929 808295 752422 738547 761272 768949 742720 748007 746459 776515 740853 731745 744858 758877 762207 770657 740455 804799 770443 800190 740691 754513 756684 731672 783486 736922 747407 713239 774911 776824 772794 746714 787130 761019 786004 732133 810276 755067 725847 765804 729258 770808 743317 777831 751803 753639 753631 765573 827415 748012 746803 804989 760189 774080 774251 764427 752839 770794 740289 747390 795054 766668 729453 721230 754026 733728 773778 752381 824213 755511 790846 752188 745782 837117 745790 755806 731919 773082 
686534 721405 725694 821193 765737 712864 661354 714657 756095 754108 720606 689209 717415 732917 733276 769873 722779 758868 785139 711926 757233 745252 751585 730943 693567 718421 737452 717752 746815 758038 753918 657851 770002 732255 701210 677022 688015 699828 743657 760885 704499 700748 779894 732232 701213 766452 721480 781758 736473 711506 732788 750118 742369 731761 778793 737387 715498 756078 731962 755270 719196 721720 756196 734515 718000 761751 702878 733585 708978 782108 716917 715962 758013 713705 711395 743609 731031 712896 735359 697499 694286 710158 726551 760946 741693 730105 730377 733068 718934 793364 774081 746489 743856 752019 714096 741626 760045 768751 772121 727323 773736 742402 747119 723028 718733 741312 776739 670525 720894 749123 726475 732153 740267 705441 698038 769396 714796 679972 749298 718283 757406 740304 743339 726976 745089 792664 745417 737808 750795 699957 648498 787603 727210 712474 732378 719190 733033 713258 737317 706479 757283 727494 736741 757737 718568 748312 697221 727838 734093 735263 730308 731839 701796 740500 746709 766257 740101 707516 702385 716812 755253 769274 701729 736701 713301 729714 753841 770694 758904 731625 761259 704428 698355 693183 729572 724828 715608 762708 753069 773532 687004 692089 706209 763022 715762 812741 737888 768896 726395 764039 824021 741234 800384 718834 713970 742146 813964 739131 779832 700356 765735 711928 730222 757995 725018 736923 728046 715864 748566 769234 741003 727589 724405 680777 677535 759486 765924 759183 701095 780382 727066 737544 726787 757699 746785 735819 722573 725979 745621 771112 702166 753973 753578 735941 735863 710072 743503 748689 746449 778746 708178 746826 756150 725528 729281 740834 741880 717223 716028 740594 726386 744548 734766 720225 751304 707910 717820 716814 765402 737103 726100 745763 701557 752344 713663 800467 740893 740012 730849 726323 769245 735507 749560 735677 733359 761018 749767 727503 707898 730740 722247 726449 799982 704510 727181 679834 765210 724287 778045 752748 777298 722328 719143 695158 730061 799858 743143 731848 720691 716138 
647681 670231 697387 765098 721139 706196 666072 681365 736297 700828 648559 623254 667776 657419 691193 702924 706363 696407 714376 707787 700480 690450 670834 686607 669738 664850 681865 685982 701576 735105 677104 632139 748294 704039 670936 646723 666665 638829 658326 682068 711674 646250 725634 682407 640219 713451 690251 728870 703263 657229 659243 693135 727934 656293 734743 661452 694376 694901 707348 682816 707620 703099 674513 674319 681533 698811 636622 678536 680643 679902 664677 672233 718756 692687 692330 687350 660965 651924 665338 659533 671606 648909 691429 688622 695727 703194 664429 670636 707176 737436 720986 708385 670973 682238 683785 667793 700849 710595 730701 684622 709132 709423 684270 639024 678563 678449 709311 651193 654897 698803 676136 651388 695695 677162 680378 720634 627455 665387 709320 659451 723114 715734 710831 701592 680571 729905 695647 666693 684207 701621 621176 709667 676544 650934 698021 681486 696987 669293 690200 699556 709741 695198 704045 704524 642481 700671 656059 679018 685204 727801 655313 664966 664763 669456 675394 719971 665407 666146 717544 687688 678782 701411 643282 672159 639352 666546 694221 703755 682836 689812 711154 657559 655363 663836 699322 696792 670614 719918 697014 711765 670877 655990 671021 758531 700648 735521 683981 726552 665045 728717 793727 699615 736545 675671 695623 706876 703451 733663 745229 651855 702141 643842 679605 714765 674777 691527 656692 663062 700384 717849 689678 680225 664506 661197 643120 676294 733106 683155 646333 705959 680507 686632 659400 694685 672792 629311 683748 683998 677262 720077 662440 686224 677366 703958 676496 681006 687324 671844 692465 713271 660641 676857 665943 698352 705354 676102 732411 657951 703021 683454 708220 659333 709626 683873 709562 679592 686188 667375 700624 689978 689937 711478 637793 710126 672985 713429 648350 693575 650777 675688 740256 710044 683451 706062 693231 688509 681113 661104 652347 687092 662826 700011 702538 675549 671162 650366 660646 661465 717656 696269 693903 659882 683839 672111 680609 760492 690711 672439 694919 680165 
658490 694812 703845 776447 729770 692347 678127 710613 714033 716863 687928 659215 711597 707949 675398 732293 726915 740849 756204 662774 742278 724231 709192 698899 701535 702922 708307 685512 748599 738367 723646 642865 756045 720422 707124 678018 692625 675148 705764 741968 700939 704239 739142 694820 672659 737749 713740 741795 707588 670528 692953 715949 719056 698802 738937 696530 684918 743567 684368 710568 710094 708457 676540 711478 694424 736696 648604 708956 696652 746597 694587 674857 737121 709855 713881 699048 690221 701515 703947 700364 658865 693472 694064 692939 708011 713140 690757 684095 712008 728178 764305 698319 731225 733956 714147 701323 765709 749583 721733 691252 750604 697099 708022 691827 740158 706874 744288 688954 658078 727358 675866 718913 698509 713052 695598 766229 663906 706797 757494 688329 718408 760766 721544 706227 722445 783346 687368 732784 742037 712210 651362 775532 710410 684064 727616 701346 732753 731911 706144 696686 737451 738063 700925 696706 692100 722970 665820 699352 698004 726520 663753 706650 672268 700799 728717 711419 729286 667068 699855 690755 709424 733838 671267 709962 694375 670967 722008 737635 731926 710320 708548 650315 640300 685601 685087 730843 712298 737210 723715 733094 664427 681286 658416 759506 709866 736765 740737 739809 713015 749491 811507 703129 769264 703884 724641 711588 741735 748406 769232 683532 719459 710481 683447 728470 693882 715979 698382 681960 711521 766984 737749 694986 708487 683853 686137 686318 776195 718473 663032 766171 720281 701742 715273 709606 698590 703181 703350 723475 724206 697878 666153 725911 699426 673226 713786 728626 698611 728459 733507 713331 681166 705661 710262 671338 718805 727688 748004 693884 721310 667554 722661 726300 708597 682984 748747 666321 719981 693898 726577 678118 717126 706494 675019 722242 694498 741411 707948 710002 666157 723308 742648 731959 714132 762931 732372 719178 710337 684384 698064 696442 689343 710940 727030 710137 719504 656008 713998 680046 694031 727874 752970 703064 679215 667550 701635 792698 692574 714322 711004 671658 
684576 710443 716341 781598 761516 721704 674684 701148 746008 730767 689578 690457 708800 703682 710484 746365 755949 752399 776253 706483 750305 765609 748487 718297 713424 712635 692324 709866 718003 756407 775089 670069 762505 729737 691114 709263 678437 695871 735239 755701 694165 694328 772845 688377 692144 753952 715963 739170 736067 696785 717876 724820 728783 710520 765752 685251 706726 732686 733223 717394 714106 738196 704943 727024 725072 730746 673331 698020 700167 752582 696740 742624 742888 722298 715865 712172 717290 726235 714510 704759 706811 695635 717947 706191 747554 717340 705070 669251 691285 763629 760566 732239 731230 724779 708522 708373 766353 751101 762024 723811 745013 750663 708921 666204 716827 706250 775801 704560 704641 712000 721142 685463 713932 692164 703423 795766 710610 677742 735155 680370 730821 761544 739786 730352 714587 754395 711323 714311 748555 711734 674857 773764 731153 728973 763204 722001 729268 729030 727078 727952 719549 714917 732488 717841 678308 747921 697506 722966 699442 771207 689847 700885 699534 720734 719830 710016 723921 703472 716150 717330 719380 741506 693122 731484 699907 715845 727591 727138 763443 699106 728475 681292 670971 700718 723641 725329 694266 728265 729566 752777 684262 690350 702589 786142 711877 778473 717762 748897 710269 765701 782025 722316 761234 745590 724467 733391 771933 743065 762124 689857 753163 707732 665959 776004 725724 736916 720774 676947 733520 751106 739143 725532 720700 695109 698548 716763 773314 704504 672214 756641 750284 744886 718882 721781 733953 682600 710671 722573 729913 741131 697274 739423 722747 712765 724113 734449 735183 749816 738303 745269 679115 722661 714004 722233 756334 697553 733998 725650 735345 713527 708834 691179 731663 697120 764173 708030 742726 705989 755514 729807 722869 702314 690752 751631 693813 774557 725532 732249 692952 744208 773830 763037 714530 759767 719602 720286 718735 728250 691081 714553 693155 742235 756500 725675 714453 668477 722126 703115 734727 725950 748396 728832 696685 688634 716368 790962 714303 748060 695846 710258 
668230 734439 694959 785998 760929 702479 694016 691136 733879 709818 680408 695408 719028 711566 690207 719726 738090 754539 776150 726501 723372 724415 721002 733062 697048 702325 700181 682658 723688 738402 715425 691891 786948 740024 734760 700682 677566 655324 731193 731447 694301 702102 747786 704771 673754 708170 715120 762492 720829 679679 694274 725277 726186 706877 762351 704702 691456 736726 710086 748909 716995 742427 706648 755353 712631 748420 659538 737473 726615 738056 705156 692837 735253 699282 686397 720645 704660 704248 688180 681230 707373 696019 722812 697723 729825 702218 687439 726833 721591 761769 767167 729573 727677 733716 722202 700554 734465 757853 762156 689434 742615 729789 707804 696123 727410 725273 761987 656870 686653 728618 683748 655557 685992 693945 718144 758936 669284 701624 753701 675227 695362 744551 758179 730552 716726 769175 716544 712717 720274 732474 673293 768898 741736 711329 724848 740131 740142 704121 704247 743452 738365 731116 694949 706898 707548 725278 673138 712638 705225 748619 688930 734933 690983 703131 706680 730540 693214 710428 724417 701626 719873 730208 701708 731868 690680 691264 746776 760177 753667 678521 710397 714187 675633 686785 696782 738910 712037 750793 729666 753040 696858 727423 689016 758782 702450 755463 718308 742534 708380 766017 799861 694914 752186 703559 726559 741324 728499 738902 745111 671925 730284 700344 675703 715849 715458 719646 709088 704926 757439 749825 695501 739674 731487 673034 686677 692426 772739 709825 681994 760524 745128 739647 725520 735565 723267 684456 734603 693713 720054 722342 695444 703974 704253 702485 720947 734081 694241 727538 735791 777808 671199 747020 687264 696810 720150 723253 755295 707307 722626 682990 733378 707256 738703 673308 693827 685778 743751 694824 717918 710498 698888 718304 693583 738942 670999 737264 705603 734057 717517 715127 749754 746853 721954 732089 735943 727489 722485 688291 708047 708093 710167 723122 728208 681820 706327 661099 716357 672101 758565 739238 779374 718921 698921 724034 708012 765594 709649 710142 707669 694279 
689712 700232 722268 766482 754349 728820 675278 705399 733972 728427 688637 655843 679211 731085 695139 763298 759981 739523 779896 761589 737778 753899 719176 708905 708937 706569 714698 695559 711338 741300 734879 650763 783898 724284 660534 684401 704113 713541 707958 751633 729731 685657 760000 687130 697932 737397 689482 748221 723268 690252 691531 706464 734897 711469 751752 691834 728245 768984 703092 705096 703261 736724 682705 727132 698313 739062 645054 725112 701154 734211 700734 717671 705471 718238 717094 710616 692565 693773 701452 682400 689927 693208 698591 704480 729739 722064 679398 711590 724511 784445 767108 709024 738342 715104 703307 704882 747914 757597 758910 705433 734963 721423 722521 692879 709800 723550 761683 680925 703432 725508 723455 690789 713379 706057 678786 790874 688292 677301 725099 702223 725324 740271 744918 706883 724628 754586 691482 718667 756490 740909 644327 780177 724887 706549 710011 720371 723197 721058 733485 694860 725280 717251 716072 706695 689563 713139 707657 728996 723460 742737 683103 735535 715852 712107 709285 711924 715861 661402 731455 706822 724450 729312 692394 734409 688199 698164 700913 740071 734883 697546 733144 723381 668272 693170 709695 752662 714184 733467 719329 744534 685218 677640 700146 746811 697637 753149 741047 741902 714958 728658 805782 692031 772731 716917 732808 727474 737098 732582 772843 685198 725071 711405 684747 733079 719221 688857 684574 711931 744710 761447 739698 710754 686597 705973 671269 705949 774818 731246 690969 784084 724565 723994 720023 737030 685622 695964 691059 708754 697152 713218 693792 746764 713148 680873 719120 723341 729531 707792 717169 740988 696517 702407 719986 706454 758490 702074 739015 701327 734461 704220 746911 709161 713790 702482 740084 682633 715700 673614 744674 718642 700714 724514 694066 745566 714727 723704 709475 724877 681904 728353 755395 736665 699897 744218 738838 731346 707128 695950 696601 722585 677619 722342 751114 715566 709167 685272 694154 686002 740837 718153 761356 683410 696504 684348 699199 787113 687358 703146 706322 717706 
673037 705591 717373 799452 743175 740013 701672 724225 743551 738379 684977 688503 736998 692896 700738 759934 745685 757248 773763 707460 748359 743421 740393 749311 700378 708396 697145 757424 714132 746833 745016 702413 805739 735577 711851 715813 697956 689415 726060 735316 718054 693401 760288 714461 700424 711927 740035 767056 724729 697106 714699 733729 727826 693486 773713 687533 694910 737237 747693 740381 732242 766868 732452 744866 716175 748661 662680 746277 702551 734740 694053 706992 758669 694994 713881 717380 703247 716809 713759 704593 712303 712778 712960 700743 748687 703730 707504 692918 717944 776843 758433 714499 736952 739064 704734 718377 751619 756241 752296 723629 760799 769738 736455 692695 703934 701715 768462 681242 700966 729976 686505 692487 733468 720210 723873 754134 659469 681283 748384 702582 736288 759622 738588 761579 705797 767251 704204 719183 747699 747233 656532 774716 760932 715678 738686 714952 737660 745804 725318 738842 742716 710045 717480 723730 676553 742889 706264 706972 729672 756687 668478 731642 703442 721592 696954 725054 733835 725684 728093 726008 715909 712609 711350 734749 702231 702925 710677 740970 755596 710061 755871 692755 680284 693571 725680 736859 712348 771536 729163 767617 700744 746552 712409 754941 706984 793992 754856 744749 725691 734185 828463 721854 753894 740760 713076 734963 747305 730422 742654 678780 743639 733893 673436 748716 698029 716441 691289 699422 746560 777083 722499 705846 736733 652035 682724 719760 743469 707500 678072 771867 727424 762814 716968 747165 736359 701286 701503 725512 732944 717552 717583 747141 716541 704735 731119 752102 739368 722230 761539 764540 725194 713353 695391 729901 718021 719882 744611 691449 753442 689433 747986 713713 732057 710472 751548 696690 729225 688801 764316 708461 699688 716710 692180 745064 719019 750705 705064 731640 673928 724164 770594 741427 727470 764760 689903 738230 740979 721480 691984 731391 701997 732771 724564 720531 712170 691124 695788 661513 722869 709801 758867 741374 706774 687154 739380 789651 722259 707250 704941 695559 
658205 724673 738326 824541 744989 728699 723323 736759 771000 747967 710340 702027 713917 729759 719458 772247 765725 756223 813742 725941 721092 739366 718700 750692 745944 721804 718601 722885 735668 765609 756790 683606 806483 723811 746648 717759 695359 708637 752009 757104 759764 709218 777985 726319 712386 748184 723525 765788 758779 685564 714616 752464 753860 706794 744682 716752 724715 753125 744867 767197 723303 752690 729222 741422 701505 766237 731901 758680 719581 737873 713370 716868 738840 719370 748515 736603 710003 717938 709269 748725 684583 706395 740359 740365 717734 723638 712608 742645 747122 793208 805618 741079 771716 753550 741584 704757 774515 789376 779485 726771 770062 760897 735319 706134 727979 729226 777136 685642 713281 753283 708905 704690 734791 714968 709702 787475 666913 719247 757872 736376 755765 782016 755745 737886 744008 817940 731862 748368 744325 728232 664818 794388 766892 710496 762588 726014 743796 705402 714505 744614 766735 761128 724851 689224 723163 741437 724585 720745 697585 751249 718456 755226 726819 722325 726563 762713 723453 715873 739484 715206 739201 758689 705683 773635 676106 703577 721776 782785 794685 705492 744963 693136 679765 703129 736759 705002 683397 745057 720103 755129 738714 726376 698027 781517 727677 767428 777017 743927 749744 763972 848301 732627 773202 752967 741534 751997 772738 761996 786173 700530 753709 730333 697971 780285 718901 733783 703606 703589 769423 770572 737411 729769 712858 697991 690185 753746 778410 723641 729785 806081 756827 765295 744672 739821 755034 727670 727817 716334 728965 767949 699651 740381 731496 727633 762274 755326 741451 742133 778041 781222 693857 714766 727676 719920 770652 753209 737698 723721 718748 708498 754317 731292 741406 707225 733756 729677 734973 701140 745846 734401 714499 735864 713305 741447 698826 781690 725668 716190 705926 746803 776063 750980 758614 759361 740068 740996 739118 702157 695958 751403 736944 738136 756181 729676 740726 688424 731897 693891 758912 752026 752612 725141 734780 740468 745405 836124 714297 723490 715358 754169 
706194 748779 760088 821851 797262 730508 714603 735225 776302 754485 735289 683833 756470 747688 730854 781359 778898 785515 797305 761779 785482 788241 752003 735985 750505 747712 751989 762195 734900 776825 783232 705433 810971 790452 717389 708958 721947 727672 780427 770407 740401 700136 795169 726335 733042 769771 760124 797173 765380 702168 735892 765487 755203 734711 769177 730456 723395 748724 729970 768698 726502 755421 734026 750235 724863 797072 713515 774158 724629 750720 725200 733781 758803 731148 726712 738392 724082 747178 748861 759595 710724 719629 749050 761843 757595 743705 741514 723185 750709 808233 788548 749808 775965 775603 735722 748445 795020 776956 782120 770458 753004 771683 772984 737067 727654 724107 777029 694239 726256 779722 724201 720467 757353 739796 742372 805891 726475 738501 750274 724818 780398 778964 771345 758439 740291 821037 731942 735072 781219 738176 662699 812161 753276 733832 761224 772214 729139 732106 755622 731217 741549 752701 733389 773333 736876 781757 719595 738591 757078 785721 724348 745798 723117 735229 753663 722264 769187 752906 753797 742249 740863 775167 696354 779527 722050 729039 774948 759237 763409 741273 761518 731418 702051 715285 763350 746509 720739 785809 750785 795621 720383 720100 701666 784784 734371 805144 721641 787902 746122 783032 824429 735943 795586 752629 756331 760387 774323 782916 795425 695972 777795 744896 740522 783691 746398 759490 725786 726391 780874 787311 749764 734751 727879 726792 699642 700402 780081 745963 694327 804061 768978 753549 721474 770123 727260 721413 710588 760326 751541 765492 733660 775444 733519 740940 748258 765065 722167 792569 773523 804305 744328 772391 766278 726100 752311 748889 761317 726066 778462 732015 784280 770401 757559 733361 755899 738547 757359 708230 785846 735125 718850 739169 720959 788197 757080 787918 733178 730679 725521 737417 796790 773291 758511 806332 769045 741649 756861 738121 745203 731576 736479 745189 785063 759261 731418 705674 735677 702981 776317 748434 796068 739146 748291 700117 719859 843120 725051 746879 739093 734928 
709130 776361 740218 812899 779861 730826 717481 769677 776518 759931 764288 735476 737110 747794 764537 777511 777231 758352 809169 754016 780424 797538 765150 762429 757519 781830 755172 776985 750974 804153 732561 717434 838483 768787 719777 734366 717277 732368 790106 801271 737910 749611 809529 745602 705094 780854 760248 785068 737738 729791 753650 772845 773596 746617 810585 717591 720831 798444 768593 778931 755986 763298 757923 764567 730822 757443 701152 787325 761422 795363 734719 766645 763412 733839 773700 729568 763061 743006 779678 742092 746295 729981 782435 741620 756596 784607 734483 746481 769177 817339 806566 751663 764410 790958 758414 757543 812889 802646 787748 708797 773717 768294 762830 749857 741511 752535 775696 712528 738550 738608 749159 731755 763451 740618 734367 832169 736624 716285 798998 723065 771055 762387 767985 753952 751190 820429 752731 784342 779391 757024 681538 793077 788285 713749 785571 747645 755418 800910 748648 750136 762773 762797 748728 769921 714426 782666 739824 763057 763924 781338 716151 759441 733574 738793 749521 754068 753633 722120 732325 745755 753139 777948 717126 758082 721320 728079 763757 770086 777649 739023 762955 706891 678943 726588 746299 747644 762748 797302 770441 789331 721851 737853 748682 792439 697440 819009 817375 753869 775440 807125 844529 747498 820828 746172 757122 779029 772940 778024 792703 721749 771408 733179 723080 769318 760216 732991 730938 718646 813699 818877 767813 751516 745440 721207 723594 774770 837450 766525 732125 821809 799316 770164 755701 784144 756612 711528 751238 755138 775548 752961 747902 780674 748148 735810 769721 767667 751271 759746 756161 796486 718395 768681 753387 763045 764961 721792 771284 743958 771533 729661 786077 785094 756182 753044 792637 753332 754349 714858 779746 764622 726640 798094 747566 777123 760792 798780 719698 738656 740840 764382 789238 776844 752418 797311 755241 756688 782097 735696 741463 759560 762543 760967 767501 727970 778575 705871 750153 700791 762555 739861 783940 757604 771509 736523 735879 816381 729766 779038 734370 742546 
702177 736793 737633 813010 793871 740097 733108 757417 784473 778319 751280 722456 766143 721577 751645 754437 778816 781634 831931 766240 759082 783603 752761 749940 757300 763701 733779 745919 753782 816193 776452 718976 821839 762467 736110 753679 724908 734792 770100 788156 731406 713101 810768 756670 732672 775379 750818 792367 777384 741059 740488 765643 761292 725467 795695 727190 740119 760025 768575 768364 719850 763447 754342 760102 730454 789474 706218 763401 764018 748637 708064 735013 778059 743841 774434 752127 761374 756310 740090 718087 739351 706986 739916 758592 748757 765648 734981 752277 778214 808778 798316 756591 762850 785844 736599 743680 795293 788442 812357 751618 779219 789646 769532 722202 753419 757032 765869 731723 714753 762100 725586 722825 769210 758628 743421 795534 737417 736828 773167 739411 773647 784270 766302 756871 736513 795654 714393 780380 768034 744478 684839 776369 767650 728433 782097 749494 762026 762952 759311 758769 757937 753929 738768 751393 723793 761547 739501 745417 747973 778778 715046 743618 729609 747308 765154 756280 779652 706259 753881 754217 749050 735454 727741 774683 733211 744191 760205 768451 796723 746062 765189 731706 720302 711810 754962 742829 746185 762461 788415 778875 731191 770736 749881 810222 714998 820320 765090 797856 755868 775357 819646 744223 804516 750949 742834 743660 781742 776424 788807 700654 803678 760344 720578 781962 756640 738711 730409 733839 785420 780405 732467 727050 725427 715653 725144 767979 819924 740518 721972 844120 766612 754473 745360 803703 738584 744628 755605 776870 766009 759228 720494 764827 746061 714955 777797 777458 738021 762741 763365 783105 738538 762146 751646 729008 761493 742505 769286 753426 771204 735224 750559 759426 772407 715957 772990 726791 762026 720654 771280 751176 743370 773020 729737 760743 741879 787273 718387 757429 751541 763733 790840 753571 770988 789849 763295 780704 763758 715312 723530 760670 750829 734201 774396 737232 742939 703782 719620 733395 742864 740468 811484 759630 741868 739519 755459 821136 714222 756468 717372 727763 
726386 725051 746233 821770 781830 738050 676873 716460 753152 740043 714972 689597 756600 732698 708006 767666 769485 782856 776125 738157 739247 780703 711642 711923 744720 739557 746137 721367 736610 755064 770362 688209 823466 740008 697942 715363 709098 700570 747587 763054 740066 719198 791954 732023 722348 765063 700777 735193 732465 688100 753335 733792 743492 733228 764119 732252 731888 710531 716019 743732 729722 753442 738122 746144 713094 774613 706643 727143 726303 744263 726595 731620 768896 726564 754820 750751 748671 735130 731795 713511 724410 692640 746693 727017 745876 733936 736018 715024 749647 804060 789877 746634 740954 738783 742960 742329 794741 788338 763333 728239 750400 767972 737450 736139 709537 725023 770256 693238 734207 747170 736874 727799 745528 718901 725421 773219 716809 714562 736682 702080 766877 759176 761664 733719 760644 770473 705604 728953 748754 719476 666736 764084 749196 712995 770466 726014 730488 746926 747113 754188 741997 714842 744086 733685 681652 743938 704889 750877 750623 745440 682565 759504 735235 743111 717869 752309 718958 689610 736225 756948 739336 730454 707124 757452 717565 759805 738144 774385 763082 694333 737664 718176 651837 716268 738033 755815 737057 745494 748076 745261 706540 718232 715529 782080 722991 790842 756756 749654 726367 765961 798318 734495 791824 729906 718408 764997 788704 764777 759904 696684 753515 736863 716944 781013 721253 720899 737621 704972 774062 758164 734420 736764 757932 694745 685608 748847 779731 751764 718129 802236 750402 760399 749114 781497 725782 690495 731558 731481 741089 750428 714962 747619 732729 712987 766745 742128 749825 738926 774599 799416 683601 723099 729104 729468 748885 709495 747494 713101 734861 715823 744471 751594 751852 730822 742521 713623 760147 717130 757805 734827 754804 746868 708298 798154 723235 770541 724911 736248 728112 749855 756161 756804 721548 759451 749120 760495 754966 707741 724253 756162 719889 763294 758705 717372 735637 682523 702401 691891 783404 757177 778813 724561 718888 721662 716879 785713 722510 746807 712115 723779 
663562 702858 715016 785313 744793 712801 701970 731868 728357 734177 692128 678021 732900 696338 722119 703608 704188 740461 776147 718250 713726 733231 706955 713768 701294 718262 713450 736424 718871 767400 716452 651988 780322 717011 696352 700156 684487 674718 708064 739012 729209 668369 773431 681371 669435 719549 713064 770831 714702 663902 697195 740460 727992 716256 757413 673915 712154 736955 743828 696732 708043 725275 695116 711546 703433 728345 653975 714653 734327 726280 687224 704884 715845 669740 719074 708509 704831 709872 696534 695969 680137 680890 693785 701048 708604 717775 713601 688583 694136 755260 762714 713926 716159 726040 693087 705391 749291 774599 723193 705781 727311 737965 715079 654667 714555 718477 783955 680252 704860 730963 707503 700215 710520 676240 691663 755903 684875 695396 708762 650123 727615 755919 695141 731090 712690 759590 705288 743814 755831 701060 648214 746880 728470 681412 728844 679250 743822 734746 715619 702090 725261 721380 738171 702876 685300 758240 708066 718876 691881 726561 666317 715807 684865 706457 699455 718976 698442 663153 698086 712689 730370 723944 685039 716202 679622 666384 689199 722322 734141 704467 744260 689011 657494 695406 701652 717556 717431 728876 720746 750699 659243 715058 683489 758326 687747 751794 719442 735376 705766 756988 782545 703247 748194 698220 702799 727493 773466 732672 753710 671932 731804 689043 678536 694849 687314 701170 685673 680516 728191 770691 716602 692489 703542 662375 668281 721238 750992 708238 689247 772557 745024 722621 678662 701526 709281 696330 716837 715369 735231 729498 694044 731544 705948 700784 731163 729563 718226 709473 757479 734123 685573 706194 713588 708442 733633 694358 748621 702459 737081 678199 729012 695223 753726 690727 728224 682933 719211 681428 735763 724695 715062 728637 712680 752158 713133 732470 713670 719409 687854 733257 746678 715193 697199 740176 726857 719646 700592 687638 692415 715370 699799 715838 748635 735817 713747 683462 691210 670963 753222 698899 760024 699487 707359 678584 701125 763903 705055 708557 726344 712179 
636250 679941 662674 742446 694650 652868 636224 690081 686021 679393 674384 631342 681481 670241 644252 695114 693098 675305 740518 648996 689702 688747 694450 665476 667272 673443 661231 656274 662627 727390 686484 630340 718203 691578 651897 650854 643675 634187 682133 718787 678549 642894 690686 652242 639930 700822 672785 727050 698938 633327 635967 675660 694482 665584 712858 654902 681392 700355 694518 685679 641466 684540 660687 709217 636331 719832 628239 682323 662184 702891 650740 677654 714998 670037 665218 660565 649676 656983 684521 666692 636982 675849 665941 671632 678313 644447 685298 672363 676176 740733 716429 664574 691087 715313 689169 682560 724666 719107 722715 671146 689092 696726 663636 636138 672190 698126 705744 648734 650096 708984 668574 647735 664214 651149 683900 719521 668459 642936 696589 657917 689612 709984 704956 691680 668012 712678 652450 675012 713189 710127 597627 752122 695035 650158 686821 673148 680163 658329 693395 662582 688533 702601 672418 683101 676788 713944 652067 675510 657081 696223 640808 693969 671923 664870 687532 678607 701419 633784 667059 650499 670148 686192 666263 688912 655064 660649 666793 690351 689243 681254 698504 663638 619462 648616 657982 673117 669782 709724 720692 723890 635662 672398 665651 721311 663773 710203 701673 713337 667896 712000 755653 639023 747276 683663 690175 708764 711681 723728 708073 663143 700171 657512 672934 706276 676847 657012 675878 670000 678629 697726 667067 668271 691979 663436 637826 701314 724162 681940 644309 734626 690104 677552 673391 701070 656844 671849 679664 688334 680922 695997 658474 705805 677398 664440 671140 674485 680183 685424 700029 716113 664270 679483 662730 629162 705765 687940 668346 657411 701550 635523 711738 648297 674346 659991 687459 666629 670136 675467 703905 681404 650880 642186 665163 709526 688599 702583 686129 706772 651736 680395 702820 672985 714758 679132 693262 688788 674764 663706 676851 677230 661755 641149 703763 665162 662258 636313 668015 675411 687224 676975 720744 664572 641508 648165 687815 741417 664263 671888 702387 688856 
689491 738965 728512 801612 779236 720465 695004 741323 753002 746278 697748 695584 719421 737481 718424 715434 763664 740636 803390 702932 753532 741192 754377 741116 712517 752699 721064 740107 719073 752904 730340 689386 787673 731142 692638 721169 701914 703086 727610 756967 745507 691684 776620 725032 703866 736854 724520 760066 706976 682512 728293 700147 729149 707570 769747 703853 745463 754723 755501 723452 722374 738365 700302 725750 728285 763434 685205 728703 725041 765358 705782 740572 734563 707374 754096 725224 721865 710200 706129 703943 709181 686980 733868 710189 730746 709227 708297 695858 717501 770506 808136 721965 702642 755790 703547 747775 761518 765066 777346 709195 737263 725168 729354 696901 737321 727777 767076 678573 701688 724543 743043 675079 724857 688997 732253 793774 675042 718830 742161 703503 732967 732691 753649 744145 722509 774100 751561 719250 772285 743395 659604 764088 751866 707968 727569 719305 716313 733683 722936 744728 737160 718691 707225 715046 694521 743136 685574 742724 712622 761553 696397 748025 699574 748867 720370 736156 724508 706986 729775 737329 716999 713196 701831 735468 710105 723994 741164 772225 760360 702959 727791 700838 682056 704658 738228 723898 724049 762713 735389 754281 679540 709180 704625 753153 685849 786558 745691 737287 724218 761520 809045 724677 754367 746172 722986 739106 760783 755362 762091 720273 766680 730035 727763 758759 695926 743631 713343 694326 769673 747881 753340 711930 693268 705973 701847 747862 794147 730064 685099 774354 774776 713070 721677 739013 693660 696567 735060 742169 722272 728883 708885 718772 719881 719909 719858 780187 731958 736334 736560 756359 699364 731571 724454 715171 732085 693765 757132 723718 756626 670893 751328 731696 723005 700645 726417 688609 719400 699460 705572 722716 741243 748727 687470 763521 724594 762297 716601 740565 757054 707009 762107 727833 736965 753756 737033 763377 746086 676947 709474 721988 711264 710969 740376 706213 716949 648778 697714 696058 734750 752966 750818 689100 687572 708548 703211 790189 713478 730587 722312 726045 
705146 703003 730646 812780 792829 712882 692007 751342 745932 749397 705630 683609 729576 740225 709015 776069 759197 778364 796348 749817 761558 740445 765104 723465 698433 725795 715485 723883 751493 760834 747876 704792 795489 777314 721398 734221 693801 711209 731807 765362 714149 704369 760389 711780 727413 770400 729223 772459 719839 707459 739189 712483 753669 725091 759662 716960 716206 760357 723476 732655 689887 752601 715220 748132 724668 755111 672245 748402 731800 769023 728474 714342 741217 713024 727305 738218 713628 694559 725290 707259 677197 733409 719794 729827 745314 749139 716458 714002 731705 802984 799563 755882 754241 747058 711194 728025 765971 785017 763619 731058 751008 746193 760414 704944 693474 714850 764060 712361 717597 775276 739850 713604 729144 697439 718656 795434 706249 713297 760833 727847 734049 731629 755274 759453 734796 772370 714068 738875 755621 723773 671205 808597 768123 696904 745992 720462 738607 738215 708365 723827 744500 737348 749949 722911 712491 753360 709531 748325 719359 756104 711079 754275 699139 726855 731326 727680 754698 736330 723499 735838 737568 748315 699891 728906 717055 708550 728931 737896 785653 741259 743090 724369 686742 710403 723684 765128 726838 761429 747269 780085 720479 735623 699064 765597 717297 777728 742496 772780 719833 772303 799762 720945 784559 770765 754858 741272 777413 743395 749010 679245 742595 754202 677104 759121 727530 707781 736528 700095 757770 772122 749888 727427 726879 710075 716973 752215 761626 721479 693311 776094 749813 746856 720662 744278 724129 722097 729272 753316 727802 732314 697258 755793 719508 729879 735918 754771 718631 737875 746119 763154 705554 744267 714246 685834 740203 693091 751977 722783 758161 683668 748786 734050 745463 708514 750565 729183 749326 705757 739572 736103 715220 746331 736227 767576 723846 765546 744605 734465 722365 728796 779749 749454 711432 749328 739129 741839 731751 740799 751009 722934 711840 714469 757919 732112 707831 669294 733127 704022 757952 743727 786354 707913 700029 726117 720467 777852 724707 713644 709068 712328 
678936 733741 761021 815424 768287 718183 695924 743057 758277 754086 714858 699610 744502 733698 730261 775685 777207 756667 836371 760022 768892 777796 738073 738640 733607 739780 730963 722558 747062 781165 747170 716850 813997 758905 738076 718335 706761 720232 779284 807907 726359 718637 791288 740821 740805 761770 752990 785589 744995 741314 748051 751689 777560 717422 789381 728964 740730 772576 757132 762847 748146 712873 737723 778660 725093 771161 712934 763668 708509 778174 719464 734464 743307 739653 746504 738267 727525 768934 710471 714796 716144 724549 731818 726700 719635 717709 749822 709697 721656 809859 823353 758494 775034 765557 754668 758537 776966 771323 791669 773733 770183 772325 739733 714671 740898 768088 804737 713504 728373 744910 743767 697920 753898 717789 734758 783017 730268 718417 759235 724431 747080 772493 779485 733356 765878 766938 721927 744671 767379 735178 678834 810972 759783 717682 785076 737394 757103 738005 737348 739624 737989 746497 713522 734872 731800 787290 735518 757256 744535 772355 712815 761323 732541 744306 745607 752011 779700 696283 748858 722250 760367 709657 722297 773240 695992 731952 770837 785693 779692 739589 763828 724869 674148 726866 750298 751398 749569 809864 747947 791258 692404 711084 729223 778063 719227 807202 774997 753185 744672 783989 837703 720054 781975 752777 738120 747608 793003 765997 754088 740114 810253 739583 705371 779082 739642 764286 724858 720659 782545 778275 777358 751903 752821 743075 695116 740408 801419 760428 715057 811132 755653 775939 715423 774943 739348 709152 741844 768141 744157 778741 728718 764677 729475 710862 783148 751753 748742 761000 783901 772987 730117 735934 758284 741536 767220 744058 776340 734202 782316 744150 742730 746924 766992 727234 782294 696662 747699 709849 767123 747916 737230 766227 731631 756871 745518 761614 733574 739682 741433 757315 792197 760792 756836 752446 766821 767589 739423 737912 711168 744287 740463 753816 758860 719707 731974 717481 748760 705579 773839 769930 785182 735842 733855 716325 725045 801312 735941 771577 754760 735499 
652904 703874 716148 785662 720474 696095 672116 722811 688768 742679 662815 650027 701085 698845 682680 743137 709745 748485 769079 697239 726392 726341 733558 705620 666264 712675 691869 721670 694040 677878 734744 660715 786661 718359 694099 699429 713474 658060 730457 731930 705710 690549 751656 689979 704872 702510 715386 735394 683857 664625 684771 744030 720540 707002 732508 687667 670994 691751 703814 713287 674132 730354 706253 701305 670654 737690 687326 692088 714433 727573 689074 688561 713502 681921 684865 701150 704651 694327 709058 677556 663529 684638 719277 698894 712087 701233 709601 671832 683915 736218 766725 683529 713052 716871 676507 719559 746735 749207 734698 694321 738612 719440 720543 680294 691538 682321 741127 670284 679398 729555 696191 694744 704535 694062 699692 739073 669641 654497 718340 669648 716767 731996 717046 727297 707160 743414 675430 725727 742608 716573 623264 737135 700831 681249 720257 676988 707649 706632 701535 690578 717716 699777 701088 708656 660834 719404 696074 719204 699259 727752 684056 710643 685058 693637 689906 717666 727464 692049 677455 703206 701080 722015 661318 714803 680053 687081 714925 718778 720770 672801 719493 702261 645486 676112 674999 696059 709619 745161 697625 745856 660928 661360 678793 723376 688878 746859 695028 708265 699735 733767 769320 702372 739772 700887 695564 718292 734546 745201 730177 664029 720298 691733 677326 720358 691098 716586 711718 670464 715209 769581 740491 699076 668935 656198 647374 722228 752206 717245 679196 757677 707618 717202 683831 732544 718643 681358 682453 724582 722408 707873 691976 711759 709261 680516 718780 708117 710356 695442 714928 750888 694215 711763 684567 700335 726910 698820 708238 696881 693797 673016 716141 691149 698515 681166 714882 672409 702805 664061 720899 701979 682814 708438 704888 743254 656273 738437 678534 676441 698079 709771 735692 711515 679836 738130 715055 727674 727905 689092 678449 695446 659258 686732 697551 693927 699098 622078 693856 668425 704055 718389 722904 691771 708172 695533 713600 741428 691851 701563 684447 696482 
754609 757466 799863 830380 785736 756068 733369 773960 800396 772449 761815 732273 775446 777959 773244 782089 827884 786741 861460 761753 784031 804989 776721 752268 764852 791403 765867 763076 793283 835098 794788 738759 842227 789882 745869 772800 727634 729041 802124 813472 779589 749379 809325 738459 745767 775475 759441 812085 776774 758966 745213 787818 780569 761809 808527 756772 760769 799247 779315 788777 749294 787344 767240 798957 749909 818789 706459 785730 777911 784310 744883 778757 798695 759850 782701 768730 775713 740259 769284 752024 753757 770323 786217 791728 774705 742606 778066 753648 783740 854486 837811 777733 788094 813012 783039 790946 803211 819613 814176 757241 805856 807442 773889 717691 753207 783595 793084 724528 765892 763919 791645 738096 743577 750500 796034 812680 751096 731565 800939 734672 772376 813247 804489 760342 767498 823634 768799 792581 793279 761164 674521 845746 796285 764126 805561 781293 794057 775114 771653 795986 795220 785016 774478 776609 764983 774649 733296 774382 794281 811896 765616 805608 728705 770681 765581 772633 761968 734822 790804 776272 807964 782086 735730 800648 749724 790027 779929 812110 806343 738479 791256 731817 726443 728481 779011 795717 763211 820313 768625 792200 745909 783105 761986 816350 764325 840314 800243 786512 760520 823320 868182 766980 824291 771112 810548 786831 810347 821443 822408 752945 787439 758149 734440 821348 771804 768085 755906 766812 823338 844018 796766 750512 774180 737029 750321 771637 835475 774649 756064 865108 806722 819587 774203 818504 772730 734025 777098 755456 782214 784345 767154 795289 788045 754179 766347 816169 790339 782771 816177 806034 764305 779518 765602 756348 795394 782275 799624 731177 795093 766353 791620 745468 794235 759912 774832 743316 795376 739183 778401 787928 776356 785098 726157 823474 772209 813834 796135 812642 773093 785297 819854 785176 836620 781200 778164 803486 770480 718326 764780 795697 761615 777686 780259 759725 758253 720603 796525 734213 804441 781996 808460 756352 753662 763053 748670 830414 744347 771766 768149 761031 
720210 740876 763132 827580 787297 756969 716152 759203 775015 758105 737723 699037 747629 746083 727080 812240 784433 760826 824724 755470 772713 759148 775846 752079 749971 772640 740218 766008 759535 808394 744878 732279 853878 748538 723305 726445 733084 682134 748786 753775 730647 736061 803218 738031 687038 772428 751170 810117 758361 722605 744580 778780 771071 764317 771433 737889 765188 779748 768400 762029 761358 777357 736107 758213 738230 807616 720470 768340 725598 775429 748474 768783 757364 770962 751384 743215 721439 730886 745020 732289 715851 744635 738852 733029 725621 739346 756417 713927 757092 794889 839086 753429 754670 791552 748354 783633 809430 795258 778856 751783 760253 756531 782062 709170 719147 755357 783532 711908 731770 749014 775225 708767 768482 747726 748135 807408 704371 720086 762957 718168 765620 774399 793314 785391 736992 801668 765789 776139 770626 749200 677041 799922 746996 722675 762788 763612 756936 788506 747286 754137 754349 720233 747294 752997 703929 795733 728005 758670 767582 788106 717823 755548 726240 747105 720781 755026 769851 735073 776305 757716 750189 739176 715588 765070 729331 721021 749280 751462 773006 742206 767169 743224 684433 729701 751420 752204 761780 812303 752564 772698 720959 725564 718144 794487 729168 823723 774544 770587 762409 759781 838714 748880 790051 767258 736283 754933 806304 770306 808760 721131 784698 742661 718061 766525 736568 762294 747047 717289 758593 782239 770799 717515 765178 732811 697577 746333 784447 765884 729204 817425 759900 746474 725746 824649 737685 716582 764422 774017 749034 778018 743964 784425 737915 736586 745301 779110 757708 742111 753351 790428 737535 752918 741668 764746 749080 713102 744437 730207 774452 713256 747900 735085 768013 723089 782002 734688 730806 730276 803309 765034 751302 752526 705075 778660 742817 789804 734707 744815 734330 769326 810801 735040 763446 770292 742333 778007 761677 748416 732231 720160 714964 758537 803322 728530 727057 697728 742139 713133 797205 751450 790158 722777 740641 730403 742740 797712 726819 753349 726014 741119 
750912 792644 787888 835825 817503 779715 733487 790724 799710 802503 766203 710688 808845 777857 762691 803217 827808 812564 858203 814239 791792 807975 794059 761862 761613 765201 784397 781360 777823 820165 796724 742155 871038 817654 752452 770184 761240 770880 802759 839469 786640 745898 804734 763522 760432 790601 793394 800551 765461 756916 772142 784095 802978 746120 822906 762735 785176 803203 779570 780836 742598 795316 743703 793483 759979 829085 750049 826889 786059 806238 761091 771920 791122 778553 806561 773286 759861 769007 756874 781039 749407 754818 766088 773123 791824 782848 776150 745433 783789 831255 845534 790683 822331 812099 771931 782646 793531 812528 800402 754429 812978 806247 783866 774167 786789 776612 831376 743489 764267 780888 758374 793611 780106 772667 754375 831631 731525 751552 827775 750920 800363 816604 791054 804711 797885 832670 735262 789711 813637 771944 726602 841483 780806 768394 809476 782976 773638 802630 762000 783981 820203 789593 767584 775320 759079 796657 737879 786381 778535 810981 755025 814079 752907 792396 774907 793422 813721 754287 781174 766721 804580 792449 765081 813385 749938 745637 818924 817142 809425 770504 789836 753595 743851 755087 773304 778404 781209 821326 761134 793893 744720 759055 733375 827399 759315 853351 800463 790594 755464 812191 864353 789971 854239 773333 786299 783308 820226 816033 832342 735993 816227 790841 721937 792212 774967 779945 775763 747280 843342 828537 819226 761507 765157 750890 751804 772492 826593 818375 761845 865512 807533 792387 781293 804610 785943 743831 793952 793290 770652 805508 755870 802566 766696 761571 772971 789285 784505 788770 817816 830325 749599 824038 792546 758648 808093 773693 800268 775441 791823 750989 796892 800091 815314 792648 815319 766090 769370 752566 795433 783232 782517 785767 755963 816614 783911 825939 772568 759297 799837 778626 828832 806649 757944 822264 789973 820031 780397 750353 761213 780994 775777 796700 794161 759655 764266 738763 756206 749919 790143 807349 815927 765892 794658 757641 743544 860761 730589 795254 787737 805658 
697834 758400 764736 817864 744063 749771 702707 723571 745401 780741 716484 715793 749707 735949 727296 763758 808524 794549 822302 740636 791712 787248 790343 752940 735500 745596 742102 747057 730722 766995 771061 706160 814359 746866 737581 762789 736872 728459 767278 803831 739711 715686 788906 748265 731857 747760 778040 761750 737921 716969 728609 748409 733068 733628 786717 726952 709470 768912 753757 800815 747568 777617 717550 746990 743252 768677 699007 759166 723031 757951 747746 739000 756190 758317 747928 736102 711692 755690 731333 722545 730135 737416 734039 747114 747239 752093 742114 702444 718573 809454 793412 736440 745039 771495 725827 754839 812645 782128 759986 731049 775508 748293 729959 741101 754962 723690 772866 715884 728451 747139 745250 728316 742543 725352 724313 809769 721662 705747 765736 730345 752435 775621 778757 769550 737367 806352 760641 750786 772557 745693 690867 802932 734795 715944 750485 765848 752859 774031 744594 749722 792372 732455 750666 749260 711056 763496 705680 747516 736872 784242 715058 771897 728430 748281 747011 724231 730343 733369 753907 767618 735088 767133 720097 769536 721661 718651 778338 765693 799396 715480 752393 745721 680540 725322 753394 761087 700152 789681 781225 792583 711756 712352 718666 785294 751032 802206 750106 770542 751248 801131 811278 740891 778728 757587 736488 749745 777688 784074 759523 728341 777478 728455 701902 788602 733071 748253 746490 702573 784689 782885 756150 750689 736425 702979 692731 735537 772799 747260 717036 810128 773796 764341 747873 784423 752018 728518 753356 738520 747856 746555 739471 751519 719855 722918 728327 766271 749433 754869 761233 784896 711656 757985 753021 732297 741949 721891 769625 727948 749857 713881 765168 744990 752794 749787 771859 753216 740753 703487 795632 735740 756703 761425 732158 777686 706358 799968 729980 749510 746701 740945 774216 753228 735299 789216 762633 753323 748939 734084 732081 730612 741092 743578 764948 722157 746237 714547 770556 704984 768990 766592 782926 751049 751457 711472 760592 816578 726108 763164 731430 762855 
700684 734808 772949 841562 753588 721870 699755 777537 757895 763049 734640 707192 747963 740258 710722 803056 759696 749307 813544 761594 772219 763812 751451 736752 739332 758449 744239 734759 763763 757871 750860 720528 805475 786767 734664 727567 704170 735367 748391 789346 757321 735161 795168 746340 732106 746218 740539 784785 751617 701557 746931 767789 792757 738943 820256 737147 756988 747105 755079 751146 762156 760277 753907 766966 716874 769995 725974 774356 746689 758072 764966 731848 740002 737341 748638 763369 746628 734386 746460 727836 711220 759456 754692 760252 741129 757177 731170 747324 756988 809024 805284 726903 782444 757899 752729 778172 797019 799020 776134 745034 736299 751545 733999 721957 731336 751993 808833 715017 743961 777189 735286 700022 774702 728540 755820 818962 717946 715513 750657 733057 766676 784384 760740 767386 787861 803906 718914 749730 765420 741892 653453 824076 763124 727119 768851 749510 753527 757121 753167 755920 736222 759984 754056 780319 692812 781559 697980 767909 733757 803965 738216 750326 732514 759063 746469 759858 762885 724428 753208 741528 771851 729529 711066 750628 719123 720396 751995 766447 755252 730653 771948 721877 690730 721298 756459 731000 706529 779836 723211 784181 715696 723828 722734 753098 712954 801744 762753 764858 749162 791941 853405 734558 788552 747335 770526 773963 789721 778068 797978 746165 777122 740435 717780 775116 718736 761333 686802 710702 788865 786123 771578 756977 740561 717515 697005 768925 791225 774633 708009 799140 764124 768618 727239 767571 774580 740948 745423 739184 748849 743350 745853 760013 734127 763308 753706 760131 739211 736056 788496 791403 728227 751767 737857 728853 779586 731481 774942 724420 743848 731051 745122 762288 766139 728584 758669 700369 757413 704422 789097 740021 745846 743302 741037 754518 724534 777972 716594 740960 748936 738037 812114 757214 758335 808870 750972 753360 782542 740579 761576 754144 730645 729966 781471 730682 745096 702775 763149 723498 746608 763094 777124 738788 759764 714665 750092 807876 745566 752420 741226 707974 
721457 761373 767490 846352 785801 736563 735024 770660 799651 767111 709226 716817 759914 754343 724588 787151 792184 757956 803029 761839 763232 760424 774033 759424 772041 738642 738521 767335 785815 787539 761988 718148 821993 797722 747251 736995 723768 728875 761857 768989 741845 725371 786187 744095 732902 785516 775928 793190 753086 745401 765448 760738 773675 760395 792672 718417 730809 787677 777115 784784 766009 773193 717986 765386 752861 779414 689631 781779 732585 783791 752705 763250 781544 756721 757213 729911 748732 728646 755996 720649 713621 766654 754408 753830 789189 775767 738628 728034 769766 805641 823438 757908 787001 769109 749003 757854 809239 806220 808872 758190 783594 773240 754386 719821 754268 749147 794335 729583 752317 770671 734954 724188 777947 739034 751176 796369 725903 734435 782383 735377 755874 781827 800925 797230 768114 806350 757513 738932 765844 786028 694185 799204 770953 722102 794311 757749 788974 777773 758465 746364 785628 770291 766801 762341 720393 782059 708091 759119 726292 788369 727236 763436 760236 747720 755223 755652 784460 723948 746303 735207 756812 764504 745449 798657 745623 737459 747897 757132 799550 745529 795875 719237 705413 725746 744854 764753 757458 821627 778965 806872 716236 747892 741026 803515 740973 838551 788172 783179 749484 787922 856300 755468 785693 753996 764385 786022 819678 790284 811264 748777 769596 763311 709315 783651 768965 773323 745709 753085 765851 792841 803031 745182 781679 731736 691672 754556 810940 753276 726202 822772 770383 769757 761182 775592 772129 723152 724097 756870 762719 749155 745764 805322 741110 729605 754036 776019 769726 764655 761354 805750 762088 757847 738136 748028 799531 752902 756154 739753 778366 713986 786222 795183 779719 744770 800593 724539 773128 749850 784311 760504 744218 750556 726919 812544 741482 778610 738727 775893 719355 771182 817879 789510 782067 786820 745353 786384 755429 746477 754193 799192 763001 752461 806248 737064 743327 731522 753957 722085 783701 761223 790222 753482 756938 735751 750984 825887 749423 739154 746755 733211 
742096 774349 784085 837297 792844 784704 737062 736909 804052 793122 748760 718250 785905 762726 762005 791106 789663 812282 843595 767313 818609 810270 777414 738381 780795 795801 753284 798487 744002 796054 776238 748163 831283 788929 766325 770821 769369 724471 756847 786929 762637 741279 817779 766716 740374 783140 737578 791047 759690 715502 747175 779758 790422 755733 790265 738275 755097 781603 759363 763914 740015 787418 729422 744002 757009 803360 732731 775947 754729 774257 729360 759164 798717 752600 774517 774658 721190 759036 764866 754711 740742 772272 754602 780531 774436 776020 748452 739270 742147 812301 833867 797970 787465 786929 770941 769844 807207 794953 793874 765619 810947 786571 764373 736495 750884 726092 826715 740261 733314 788182 746940 737360 764996 777159 778709 834175 720901 750574 788032 727906 791397 793900 779312 788454 761377 801282 733212 756264 791840 770376 708601 810116 783329 762031 797500 795212 751446 788262 754848 802123 765338 767099 734366 761719 718987 825871 766410 751351 761067 807885 708233 759164 750955 747609 774072 772783 756451 720361 777398 790905 762277 782219 739958 772248 720180 753457 784221 758131 804256 755523 797744 739445 726567 758912 754286 764723 743248 805486 766149 787700 721450 752668 742869 797539 727757 824063 742817 769461 762241 790759 847425 758887 821152 754727 747124 785741 784850 803485 797986 717307 812510 777659 675192 812417 737975 769965 743429 746725 808884 795304 794132 759588 781922 730742 724180 761510 822106 795070 735192 818798 801410 767660 731858 773695 777052 751497 771699 774842 782696 783092 737366 786911 758222 763554 757002 753169 759686 757681 781559 822276 735899 777064 764700 773792 792863 727335 790027 730977 771397 761046 789722 759837 781608 730035 776489 721715 749551 741393 812889 780623 752575 765162 779531 800422 716566 782768 744918 779031 763577 804413 819948 764432 742859 809546 772958 778649 807167 778771 733414 719925 745371 791190 817138 766702 758875 695474 748926 729932 800032 785676 785824 754530 763660 739960 770080 846892 766587 753088 738550 772927 
725392 732949 759638 841699 787341 753985 724245 760998 778323 774771 731966 702003 778459 732931 750177 785350 752438 781586 808828 726542 781610 780151 776805 737563 739173 768265 738211 721336 784327 830628 771188 724885 829815 758355 713670 728823 740490 723345 748160 797923 780033 727246 789160 757425 735153 804103 744872 791307 751545 719058 733392 768031 766712 743177 790742 717018 718619 785051 770154 749359 728777 778947 764274 763415 759639 753019 710929 745097 738255 759866 740071 747613 775788 764637 760441 742337 749253 725490 728950 747043 724046 698243 724566 755556 749004 761348 760640 731242 756459 816277 805115 733463 751780 767770 714901 773742 769465 798641 768323 753705 799388 783014 765950 681824 748172 778366 785905 739174 718369 760352 772908 720698 749543 713438 763366 836902 699963 742122 775440 727677 764138 782480 778837 752008 748843 812443 762471 763837 779389 757425 675627 807314 755989 748412 780583 767477 757650 774235 751912 742535 783055 775008 762745 737342 731573 770040 741424 761112 751885 798397 730170 751657 753240 700978 731484 726380 788273 722459 748092 758794 770313 767058 732657 774435 727659 722285 774440 776558 796539 734830 773716 732996 673441 737464 768782 748303 765688 789590 759214 803191 712846 742476 741420 803904 772398 808275 762889 790283 749852 791625 861210 743874 783149 743843 734229 779364 809589 792984 759652 737868 777823 758285 737654 781484 741595 771399 731665 727108 776167 810012 785080 754197 740228 709889 714277 749191 795093 735340 724379 799922 766077 761036 758080 765962 751322 716087 779961 750610 735042 759273 730283 774317 735772 729138 749059 773551 751358 725484 793631 797642 761611 766633 759140 740133 753707 755023 781965 709847 782202 733585 781358 755339 743037 715235 789174 725399 754410 738246 760293 756761 771893 785769 718668 796096 755448 794650 714762 745287 737860 783073 798928 759902 749641 774161 760042 778119 740863 758235 733556 748200 725937 724600 771111 737789 736450 705298 777292 730556 784973 768207 787980 757667 761921 711111 741360 802169 742965 747939 745162 751650 
634419 685769 704636 772225 740725 665099 670517 668288 691497 701011 665935 639540 699853 680230 648440 713959 717145 707978 746760 679005 698906 701496 685978 677816 694774 678850 673894 694857 677951 711201 719029 637419 749848 707168 666201 664021 644174 674633 696386 715026 683861 653626 724328 688124 645246 714617 678197 712703 688473 653665 670217 709997 699029 696720 732213 688351 681513 719836 704255 686912 691791 713654 673841 693500 641075 697843 632246 704661 687561 672431 672859 677250 689213 666371 683187 677370 694343 680500 672901 663740 650866 678347 637689 691742 693103 710959 650212 695494 710303 742107 760599 685894 705556 696630 683097 684490 704659 716539 724643 710502 685786 686597 688121 663171 701809 688121 712288 638145 657573 735701 671270 666583 666887 679616 690959 751708 622765 655946 707361 681861 707488 747428 716556 742371 654162 749177 678206 702073 721769 667691 620095 740385 690542 681676 695218 700022 681823 676123 676838 690149 713675 694631 704672 701740 677098 717864 664992 660823 663062 718287 662055 663451 684278 677542 677254 708344 690105 670980 697787 658003 704167 718835 662744 697034 673452 664703 676183 720215 707259 694044 726106 657922 636368 660487 686564 713133 684710 728653 703876 716242 655683 633706 657734 732482 693558 742472 683526 710420 663007 721920 784843 684603 716768 656922 671246 704058 752436 711895 726849 691942 692529 667036 648539 681730 687062 686919 666598 657850 711671 737559 683639 710839 663806 650193 666772 667362 721758 702910 648632 736348 697175 694646 672211 696756 703063 676376 679392 695528 686735 673756 637911 717322 684083 668647 686396 690640 657431 686079 694237 735585 680182 693159 717769 688621 679812 664641 717970 647273 684769 678191 715315 690627 717756 661082 702602 684298 708123 670914 722880 694427 669489 705772 673871 720618 653922 720559 678383 686236 659429 695843 731270 725857 697468 727942 699549 690031 704616 669637 694038 680743 678916 676896 709861 635085 660081 647813 690221 659640 678093 664384 727012 701975 684042 669846 687238 760871 667695 680623 680884 679694 
650384 705693 694064 744858 720673 683347 643554 682017 716805 711744 669745 630509 685302 684277 673182 716168 747096 703741 750379 686266 703122 715134 684928 691614 688385 682864 692002 677535 694455 701623 696142 629414 759720 716969 660064 663304 672927 632884 709538 707514 693102 690344 728570 667808 681013 704074 672555 702170 667191 664110 708119 680279 674475 672705 711192 664688 705373 716146 682730 696069 680966 714458 679141 684826 644319 730988 632177 690780 678797 706254 663794 695955 702683 691939 677073 696467 673324 699375 690158 657853 681438 709205 679767 679772 681133 692939 703484 667723 690704 768123 758928 683606 715039 717544 675716 683916 717487 712461 736402 690249 704307 677964 683144 676591 657995 659670 740927 653592 685445 694464 676594 665303 701250 680346 696129 744221 663185 652909 707408 672790 690398 740092 724960 697479 682655 747045 672827 681306 712802 686660 652831 749268 684331 672778 739778 689263 665253 698914 701567 698957 704689 678794 683226 677974 682593 700172 659194 708393 683282 718637 651558 715991 688411 676105 682372 695626 685446 662594 687142 687436 672129 677190 676123 709177 672071 677451 695569 695057 717995 681584 690003 677494 668990 646914 677426 689690 708351 728824 708172 702393 652061 702119 665414 723346 658493 732095 707152 691461 701446 710598 771812 694134 745777 681819 703921 692799 718698 707614 719868 689495 721054 676654 677361 734036 673923 675680 688702 671604 713485 721466 698141 677448 698710 660030 640409 682231 744761 669571 658807 739840 717753 705767 708537 722176 682427 644269 656566 696487 718602 676281 665532 695996 684278 662638 696979 674351 702855 687800 707195 735045 661730 696308 667329 673880 701192 677052 723196 678035 684222 643134 718366 674669 674300 706208 695813 666522 699999 653428 711261 670165 708367 676571 674815 735341 678316 698877 685624 698305 674905 710269 736354 714636 719656 709677 692901 719602 694479 682187 689576 666113 666610 675812 703599 651789 675570 632733 682162 666160 703350 701577 743898 655636 669791 685901 706038 749507 666757 677053 684138 665468 
707370 726856 756004 832753 738549 733409 702713 728877 730550 759355 707822 684067 737626 707756 718139 770726 745800 764354 790374 742520 744512 763339 736733 737227 728686 756239 729091 755225 724554 779482 762453 704451 794476 754044 712978 759831 704899 715408 752453 777462 742238 681866 792052 728991 715155 719854 743357 757999 716656 705518 698846 749222 756803 728201 761447 712576 742036 740351 746528 718423 745919 765725 723162 730436 725707 750142 671674 734344 700900 717833 737718 712343 733722 725169 741916 709670 691442 733144 722993 713332 718378 690435 722282 721374 738123 726977 730649 686938 746235 794253 772751 738216 761571 751215 738800 753051 776148 783933 751839 704860 798582 738282 743344 705141 749052 719199 775122 711361 712952 749671 731081 696639 723109 721783 750786 775320 711832 695728 758543 704834 770293 760233 735929 743428 731403 760369 731651 754064 760071 744171 666720 779634 714556 738237 784423 724489 736973 750993 730435 703314 748727 730379 742758 735890 698411 776787 718049 737756 728339 764864 691794 753015 725249 728384 731777 712204 747181 714685 706236 725006 730474 759296 693137 741032 704001 722048 739196 750291 728295 734520 759001 689223 668308 714164 756512 740921 719226 768108 746608 757642 729543 705251 726352 793471 728499 774945 731856 774092 713456 757700 831524 716367 779114 699835 754622 727145 748882 748149 758986 693806 744451 708062 691705 740378 730177 717020 705493 707572 742118 795382 721695 717576 751536 699331 712428 718904 782234 745136 689824 782050 727350 729109 738195 759842 718308 694173 738925 752963 755146 748142 713092 741920 691438 709100 726833 772668 745098 731880 761834 776627 736971 726240 722758 703280 705160 722786 762155 710658 768767 711433 757803 757249 772062 717694 752618 706749 719965 716234 748326 747438 746305 726282 717842 762651 731465 776549 715659 748504 709446 736876 792330 753064 725206 765834 744251 755269 768409 733688 682015 735061 724243 714353 765629 719262 711629 700288 717417 718431 748451 719473 769301 752238 747536 703066 729624 807602 726199 770610 739067 726300 
716784 748185 744425 818239 753648 749477 706240 746724 771561 757977 758270 720651 741086 740364 739150 769702 791664 786988 787596 745559 739040 776519 757935 749959 722945 739509 752269 747777 756109 797544 779230 691634 820290 770238 745388 740361 701074 701267 753501 778742 779786 728826 774556 721201 706819 792126 737977 766293 763191 726532 763256 753914 763724 735900 782709 728889 772931 776301 791635 746334 760747 776892 743779 759736 726134 792398 693078 738329 753253 773613 743785 737750 776238 739771 761044 744514 733520 757156 735887 727777 722150 718981 735722 778769 730195 761015 728775 757444 749309 802203 823280 739172 755232 755185 759448 741752 794331 792761 777715 726651 766489 763772 740285 730982 741194 764781 808482 707653 745775 748345 759877 725159 765231 697799 762883 795864 736577 706866 782086 719381 748501 784758 791704 748534 765022 806251 728998 723519 778918 749106 671774 797449 767923 724253 772979 751984 736457 756052 768181 738684 757274 758934 761980 769028 722816 764637 739644 744875 723895 785862 726002 779645 743608 774106 745074 743333 758476 738574 752817 738518 778871 761684 724329 755940 734083 724283 759858 769665 788655 733714 767290 712059 674329 745554 750268 753568 724669 779364 762425 771107 721030 732879 736708 819395 745081 789808 776778 748618 742678 802923 851818 763243 837916 752550 795442 766229 797141 764999 802666 715286 801876 707912 707112 770102 732599 754778 727309 732708 770515 787023 752097 740460 750502 739199 722312 734349 792718 749639 691527 796940 788633 743718 765191 782485 737580 715011 777590 765558 751680 760943 727652 760880 771390 720440 762616 770393 752798 755090 774266 784577 731393 760220 750291 736468 771476 741576 780487 740304 770270 719034 777758 736976 755560 705635 767185 732514 743512 706170 763694 766226 746202 739661 727483 770883 738380 785534 751429 777451 716170 741541 816212 769780 771208 767492 761564 766247 757780 742274 741525 767739 741119 759356 784721 733401 736877 705039 762398 725629 782319 780883 773607 732889 763164 735085 752580 830087 724162 774034 744275 744376 
722969 767056 790525 851660 821574 754102 715283 775647 790377 774177 754136 737640 788192 785336 760595 840268 809529 825379 837864 762579 791533 801470 783798 780107 800595 796585 779126 762205 781889 832253 802078 747755 856361 809621 738766 750958 736244 734072 784675 802676 798351 733837 833156 770915 751160 826522 784618 832233 791215 762039 760040 796910 788857 786319 809682 767298 780761 801809 767199 794773 757922 788140 759188 791220 706244 818878 739883 801867 772773 812509 771793 766328 787808 760305 797608 768918 793076 748688 781008 769114 753763 774977 758605 751039 789258 769793 765442 793708 774127 840004 844763 778700 803853 787844 763616 754843 787493 820227 787296 778485 830689 782285 810556 719125 768341 774091 804922 766602 731223 789195 781387 747386 779490 747631 746009 850734 734323 720166 797097 770320 797157 820492 809767 799107 801269 826075 792188 760020 807624 764033 743825 838822 773625 761842 804431 756210 798637 757181 788263 769720 813247 789436 807009 758120 778323 800383 728320 801363 781796 809327 749417 760908 767025 788889 777055 774946 795172 775171 768583 770459 771356 771922 753305 801330 776029 771232 798990 812724 812042 761818 790704 753805 714966 736100 807564 803271 767415 807461 786227 805900 757648 754324 768029 833977 763288 838302 791999 830139 774084 815031 855236 786453 811337 765482 790482 785108 841938 815452 797955 765373 810549 752375 744326 840731 778630 793164 752062 759633 813001 823250 790454 759200 767416 738294 771035 806759 826004 772502 771612 822516 814475 797986 752688 795634 766443 748271 765735 782952 773042 787505 755295 786993 765716 781765 765076 791222 775975 810492 812918 797282 758097 815050 792569 749096 787176 772684 805275 784114 798599 749503 784532 780850 783582 785147 796979 800847 805283 734729 804176 799295 809270 788491 767186 829184 770770 823135 780159 787214 764969 788253 831619 816821 758013 794919 767847 776796 761519 776275 758126 792783 783334 774494 791137 772317 754240 738574 788979 721411 800504 810640 822332 783109 751036 743510 774877 855515 779424 781451 790503 802928 
655694 749433 731761 779246 738437 717564 680252 707783 738712 745147 671849 704003 702588 716127 724218 739721 733554 713763 817428 713221 757671 744602 727946 702079 721508 704132 690254 702529 725351 743417 694622 672659 770184 744194 689144 710433 675367 676867 723791 755866 739226 692995 772409 734928 709600 720299 682100 736163 691060 669897 715168 723052 736448 707903 757850 706513 720442 730243 707531 733239 710960 757076 700022 720175 710322 753265 675392 741662 713705 734882 721189 705552 746044 705130 737738 705979 687860 723237 693535 687597 669279 685717 715959 698598 706926 708611 724178 693110 713523 746328 789902 718952 735955 698449 706401 732777 774772 762768 766879 710847 739290 740121 714611 710829 718696 731123 784251 696837 738526 708220 694013 696226 719974 728171 693788 759908 697345 698966 732693 709428 737900 775135 727796 710087 710344 764823 675730 742981 755265 738119 657743 770586 711490 688213 716122 704983 717395 721842 712982 736939 744601 716692 688759 712034 682143 708264 690514 711103 692403 711736 664281 716993 674246 699022 696286 733314 723398 676478 729673 721279 702553 732352 683839 740764 692738 720784 722565 726572 741897 709109 743499 714135 681324 715272 719647 701633 680334 729489 725664 752551 679708 702324 709314 733465 688202 791915 718252 728927 717638 750354 813609 723136 795698 724725 713616 726760 765273 751721 750639 704727 727084 685609 687489 733736 688821 724705 659121 709181 733947 762076 731657 709532 707446 693957 648824 722367 757114 713857 692370 797581 758121 736169 710938 746901 715297 710014 704024 739763 731269 732713 688083 747231 700449 693712 719920 705808 716664 699013 730256 749321 669405 693230 694572 704108 720048 715809 705489 740093 711553 712455 736102 734109 729818 712498 757567 711236 736630 687029 747595 732780 707182 722696 711077 756991 677277 730271 696182 677535 701089 700058 760135 723187 691339 755078 743595 755512 710975 711621 718674 716865 692940 719705 762434 694422 710796 656058 706613 705840 746594 743603 738617 704824 729249 706467 713586 757363 698446 700238 707126 692031 
694557 736697 760762 827804 780963 724912 697145 720252 757831 781087 714874 700368 739844 737960 727606 757139 778678 777060 797272 755857 751389 765130 739879 748538 705288 742828 720791 736003 740094 761631 746082 690810 816672 752836 725496 733604 723587 717170 783265 766143 750473 713228 779153 732846 719961 750831 713497 796089 747875 735236 740976 747305 732298 750754 781096 721256 725079 737898 720757 754051 726818 776436 727650 756946 708947 784197 692270 710810 745129 763046 710736 708511 748093 733940 718684 747347 704582 752939 744531 684598 715157 737316 735369 710552 737567 735982 733399 712636 745855 780485 787903 731557 754087 733848 716171 720840 789868 758924 748805 713708 755625 754832 753015 714757 718698 723541 772067 712459 712418 755128 764810 705489 729060 713867 702953 780293 704250 679967 736481 697737 757500 752420 762823 762762 756028 817148 717215 736061 786212 765245 680203 808634 735113 719969 758295 757250 738912 736440 749031 752211 755365 744244 743805 760757 702174 749662 732336 750702 717296 769277 696471 754947 715201 739774 720225 735187 749467 731682 722061 747854 730235 713806 708094 713591 718480 716811 750972 754436 764086 718537 783327 729996 685790 735011 754706 746411 738698 778245 739635 794724 722621 720288 702581 765243 720188 793111 775450 756482 732319 762611 848732 756127 781511 731423 766686 722275 758658 774735 775593 734188 760687 744471 724284 761430 714716 758969 698493 711913 790060 790459 755995 715311 739932 721328 690683 750214 785487 739981 696532 801664 741159 738234 741521 759944 771370 703991 749977 764275 737290 760906 720263 746398 726593 736040 740692 764291 745905 722398 727289 787707 701432 718907 690127 730992 737996 708375 768789 699815 747537 698406 760081 726306 752066 719541 729782 692700 729697 704584 774086 729965 716084 758663 727113 768435 715098 763733 735451 725368 728972 743615 799282 751531 728421 777334 735512 742101 728414 734541 719690 733132 735366 749396 760368 733783 737014 695022 731828 703795 747162 756487 794173 719674 726847 685446 729669 790371 698567 753217 708168 736934 
669852 722548 719938 806060 767390 722884 711707 717239 760731 775464 722310 679676 749477 714073 713071 759565 751913 763920 814325 749370 719959 718051 754416 752864 742683 726544 736291 732889 770005 758252 736811 691975 801792 755609 708487 682334 687980 718694 748092 767014 726434 701681 787767 701683 700514 753978 734516 771318 715036 716791 751350 746947 753358 703959 775131 716408 729295 762531 743263 737453 723605 752198 720660 757606 739717 801149 679036 745230 711463 751335 728645 733331 762535 713613 751094 718169 695216 735806 743480 706272 712534 718222 729015 712185 732602 723584 748633 713900 746072 793589 789637 731452 795184 751765 742758 715873 771488 783544 796332 724925 773758 733170 750555 694569 723842 731753 785158 690817 713862 728497 699958 711293 737052 715341 724183 773009 721704 718463 752629 698067 745446 775832 746379 742129 724547 775483 712046 762404 748344 728404 670732 773384 741497 692951 767877 753691 724206 742610 746914 739342 765382 733921 733762 724812 730827 738554 719644 730179 718068 752265 702409 752342 692197 731061 726715 751083 743446 715719 735892 756874 761743 774139 695246 750986 731476 724029 767368 727300 776006 739959 766357 697249 677927 673791 735640 743769 736738 752847 748256 756675 700400 727570 707718 776655 719340 807545 747402 757036 746442 788781 822885 727878 786204 744814 743733 748698 761576 744118 784823 706238 756441 737270 694374 735678 717467 746400 717730 699185 753372 761529 722347 741693 742116 709045 700354 748798 805682 741255 697325 803387 748010 737289 721351 771521 706509 696112 735991 741233 747278 724087 739719 752621 734630 720729 759854 772262 737790 742701 743938 760165 729468 757562 765839 728383 765231 727379 766856 727002 725842 710947 710618 747494 761612 691241 758332 728121 766533 727795 766985 707408 714812 744067 690345 745631 733040 787296 750681 733003 725939 770260 789008 745807 737867 785760 735241 732657 754901 712410 756737 748519 721355 733304 761200 717683 729460 677468 736190 686766 746133 753791 782363 726904 739354 724100 736562 814900 718340 737270 732650 712088 
707784 766433 773091 843194 796477 740566 707680 762512 801932 768829 745727 745167 771152 746165 776010 811496 803223 794824 826281 768857 788246 792788 781307 776870 746291 783665 745983 755835 789306 776816 767068 700594 866808 813125 719793 749637 743342 716147 765941 795168 745587 749908 816749 744435 727879 774469 750966 778378 752007 739578 760532 743974 756026 748467 805963 735429 741227 769063 746045 788210 746353 790473 741007 770826 732856 789003 721350 766427 749085 800272 735682 752610 784543 747289 804453 767588 765023 742519 746094 746549 743702 720885 749894 755778 762108 770814 741122 695642 780737 803132 808045 757851 792142 777283 747335 783957 829506 813560 831441 742777 785185 805928 758493 747024 756916 720746 788959 737484 741792 755274 767053 739432 765260 741004 745291 807381 734301 742397 768093 744469 799377 791995 789296 782843 777374 823819 743129 731024 796510 754555 723287 821455 790877 730705 798154 743564 741989 778085 753855 767946 772468 766058 743451 744429 710264 802735 708839 783456 751125 787493 724801 804821 755692 766770 750231 761112 766221 749298 779807 747719 768923 769607 747147 788752 746969 731163 780038 780452 782949 752635 772017 719215 702864 723741 775490 765901 757030 809191 777885 785671 751005 745487 768056 820976 743406 853054 780621 792766 775190 807495 862275 758823 819822 768701 761785 789533 818078 799739 796390 726453 788068 749847 726432 783980 758651 784038 781033 725693 773770 761855 779143 751580 782776 731066 731886 750472 816968 764073 717559 822450 775442 785042 768371 762880 741830 733342 761234 745246 793847 776276 783771 784472 759011 735557 778233 763203 760021 771081 804983 803274 714322 753153 759014 757003 767196 711741 762175 765101 777161 712546 786312 770599 759419 748436 796808 748411 746434 715354 786987 777661 771160 781806 732353 784233 764121 802118 740636 741227 753065 750147 793487 777641 775059 789128 748942 773137 770186 747163 750603 758811 764419 741148 799009 744944 749960 700816 766195 730530 798511 775495 806611 750780 744084 730115 773344 839579 726275 754702 747214 748112 
685810 697144 736665 801646 728215 731846 684678 718718 751128 743925 705373 701931 742362 724147 729954 773521 761259 756106 824808 731460 740504 733055 722196 751687 738582 727933 726672 738809 725059 766560 738190 719921 795168 754919 714429 708999 705155 690496 741711 751897 731618 686395 777548 712127 682421 715882 737260 773387 746792 709469 735097 742615 752651 704930 747125 729981 748008 747091 754932 764308 740383 749330 730432 741688 695766 778434 724097 735861 711067 744109 703487 737364 740049 683871 734026 733513 722854 717123 726594 729737 725153 744612 722820 737075 714150 730187 740634 748437 725780 797722 796104 753163 765642 754736 738076 726480 741817 768532 778077 734687 763211 737332 737243 720763 723217 732524 773914 677196 705154 721436 707927 708666 735699 725350 720623 779697 657505 676918 735868 702587 755429 768139 767582 745577 736780 756919 706180 750396 770753 740195 710747 791886 762473 714157 760672 716563 727042 717576 710430 727541 758995 749599 697667 735036 710345 741322 688743 716166 693341 745140 718238 752826 734083 737796 747253 738937 725858 729747 703834 720921 744619 753502 719034 762998 737137 727062 749054 761364 763847 711829 758306 717146 688189 709689 736462 733727 718193 745699 749894 762287 723690 760150 712619 779021 728437 805413 728658 740243 709668 745521 806595 756114 775163 721355 725240 765560 776856 758250 774009 705930 757148 726792 700513 759805 733877 727787 708718 725391 753313 771080 733802 731163 744654 695257 712971 742093 791929 721285 697574 792549 756995 747669 727597 765814 752792 705616 722038 777975 737246 734493 716877 744432 727076 706946 729494 763849 749454 744127 749937 765856 706150 745780 756706 704562 753943 772145 773043 710270 730640 729233 749528 741766 753612 705360 746799 712303 717449 707153 759469 739853 745892 706038 714200 745699 718511 763867 717093 731915 730881 745541 790790 731323 745579 776705 748907 751125 750941 722161 734842 725167 750696 739481 748601 723058 735055 694811 713901 712242 771815 764100 778374 701831 738001 717106 725992 810865 733988 722615 717618 754013 
660611 686745 681794 749236 714247 697243 671525 687859 726757 704237 673743 647026 717372 670686 681150 671364 735145 710188 750639 690175 691152 710881 708344 688869 690707 664788 670978 703522 700203 715763 682445 631879 759034 697507 664216 676324 642142 660290 714110 747654 673765 668124 699285 693486 663245 689883 658562 721908 702803 679394 685153 681189 668378 698726 714783 676893 667944 680243 677174 703879 680310 702868 680648 711433 649641 742564 659587 679908 681766 686294 660721 682383 709568 664696 678640 691915 656682 675533 663942 660749 659129 690188 691867 662378 692352 705894 660204 654030 685929 738083 755579 718929 697961 698292 684745 699264 731945 703326 722404 666033 704334 728261 709465 654518 658537 687235 722576 635058 664414 689921 688859 656939 678780 686467 651210 758240 647876 667582 678952 665734 713387 737276 705693 710897 678423 734145 684010 686966 728251 674859 631715 740633 685619 674191 714517 667645 699827 689330 678499 683949 736103 678090 675398 653596 675764 688180 656902 674254 673730 722070 657424 672541 669717 700805 700064 697886 683752 679861 693812 680694 692849 680816 657936 679139 640671 698444 686686 707448 732738 692586 706235 658391 652284 676466 688847 707352 667923 719477 705471 726762 653901 676919 654252 737553 666809 761499 707106 708074 665045 721632 768730 706619 727785 703455 652847 706025 735064 727183 716717 679024 712671 704768 645066 731341 667787 711276 690942 662282 712490 735169 698912 685605 672450 669015 633291 684362 742478 700245 658883 746762 712714 699507 660305 699789 693017 678802 653216 697263 674491 703006 661009 701005 691573 662075 671348 696781 693898 678789 706734 728680 679949 692230 683716 680170 712243 689235 698717 663467 690622 683071 691264 704913 717722 696244 706541 667907 701900 636245 719713 690914 677821 712230 650757 731967 678932 699781 697398 699410 671515 685625 714703 698115 684629 714552 712241 716153 697964 658602 676416 697047 691500 690490 738266 663138 681624 650002 689300 656632 730175 683136 717212 690024 666980 651332 678190 759201 698706 675359 668128 671885 
675227 718604 770622 809495 776839 729712 717034 736311 767168 745916 709155 703445 748736 711648 707626 790678 761727 768144 807359 736321 740731 737446 748176 735482 737950 773477 729967 763669 743696 801607 743643 706710 832341 782960 747449 736725 690670 715080 743023 793510 743765 707941 779792 732413 715593 772945 718910 789776 752198 721512 730782 762813 761555 736047 768385 716348 728634 758740 746280 737511 753133 761452 718433 755452 720773 797892 717027 785274 752912 781006 715940 741130 749975 727108 744480 735149 693847 691527 727700 739382 682783 728368 739441 717403 724545 733981 717476 723487 764557 794424 815174 722198 755116 746623 710958 738785 781214 768469 760005 721604 758791 755940 733863 703461 718660 719407 781839 715156 716535 759963 742047 723062 745912 744629 709958 786446 701040 724545 764194 720603 749340 769443 762091 740655 759560 776367 724412 753694 739094 734183 677894 821567 747474 695662 761895 752149 762058 748839 736215 732030 773518 758094 726968 764011 684013 759159 741199 717574 732196 767606 706818 736973 709174 739986 732588 753569 736792 720726 755660 712616 727960 736020 737783 769581 719498 710066 746932 758662 778049 744688 791204 714678 683519 721651 737950 758192 739487 799104 729404 776015 730927 717168 709915 766877 702820 782415 753915 751314 715623 770783 832851 758836 787848 734219 747407 756323 771912 775242 813747 716356 756822 737722 700109 764527 746753 749078 722897 702414 755871 777633 758862 715468 725903 734783 737922 757705 779714 742996 721450 821150 758285 778856 737078 776799 743890 709414 749792 745568 723067 742209 714685 784736 720302 739833 727691 748363 747095 721070 753369 781801 717103 723801 745527 752254 744201 701362 726257 714813 788561 719948 765235 743829 753096 739204 783329 716398 752896 700102 777931 727389 711292 769010 732021 751845 690185 761552 721844 740794 706486 734893 787305 761360 734479 778690 761894 739843 753346 730445 702428 737797 733613 743181 770984 747533 709732 697255 716563 706968 763433 744413 742633 721249 721880 699249 717770 802340 706431 764308 712529 738145 
685796 727334 753230 777598 748867 688305 671997 710626 708491 728833 688918 693789 720521 697139 685198 759944 738830 749738 780892 732554 757062 752152 709114 714163 698690 711457 708675 734404 734421 763648 706142 684094 787029 749189 707818 679766 684336 676660 683740 727171 709224 695418 758539 731092 679232 751096 743729 730184 703361 675072 721101 726846 749166 699413 760050 672106 714148 757070 719000 716696 718050 741295 727861 733016 735267 785137 674297 735364 689925 753728 712602 718218 727034 737678 729686 722764 709896 708561 718586 698932 719065 664814 726382 710129 711521 709015 703257 720784 710968 753964 824007 729251 711794 760319 703688 719987 764456 755611 764140 711170 750071 707324 708065 694314 728916 705057 750617 668213 706140 712706 681381 685510 745281 708789 730971 783547 667597 693434 717886 710480 721280 763497 745627 747998 728687 766229 708237 718360 754546 700812 650594 777580 733979 693570 758918 709776 717445 738510 725240 731844 740175 697331 717716 718961 672027 768572 693514 687643 722507 763681 694034 740836 677089 716245 713155 737665 727989 689576 734125 721555 721779 721060 667799 735425 716109 698376 714671 733006 747004 722075 718016 684340 672563 719740 724599 738415 741525 748094 726945 758334 693862 701706 699806 768112 730113 789017 704209 734079 719931 733919 813588 727589 775304 733477 725326 721506 759846 732949 766720 671566 754768 685033 716825 727117 701092 705284 668185 698647 734111 752911 727228 697372 742149 683442 697887 710889 768538 719976 681605 776162 736242 753244 685711 749516 692361 679952 713790 728059 701468 735790 685840 745773 717131 724557 729847 733215 718059 740177 721013 775319 689222 731850 713713 710267 718059 695686 716477 716179 715327 701525 767259 726418 733841 714834 743643 676165 693464 690713 735208 716064 724899 701607 683407 725422 728502 753386 696681 711202 696731 728158 746681 737829 724250 752770 710811 743267 713677 703684 714295 698983 692326 719493 745517 716278 718681 671875 669407 686121 739861 719263 763866 705019 714222 667461 699363 812183 732405 727625 723403 710963 
695799 753593 765599 803897 781014 710056 706681 733778 746393 761359 680382 702110 743497 709774 713305 766422 740924 777314 795425 764821 764877 766821 744733 731830 728168 741380 739039 736532 719481 749739 756342 707231 811018 746260 738232 737783 710722 706376 750001 771480 732220 702328 775251 723921 708530 741101 755869 761050 709794 709980 706111 758482 777825 735225 769567 705378 742212 744437 770332 733005 718074 796630 743725 743447 743368 799814 685800 763011 758714 772056 735367 713495 751054 706872 750616 739495 711240 743390 760413 709643 724667 708890 735209 730175 737424 730874 726346 730243 736498 782502 799833 737992 736641 758728 718988 724643 781114 773313 755904 731443 766299 745198 726157 694237 780464 750875 806266 676321 715231 737154 746784 695338 760134 709922 730351 779475 695755 698021 741957 732459 706780 744848 759961 729328 728678 786772 722350 732472 753452 771032 653724 782928 734072 720477 739089 758563 765129 737909 747772 749758 753832 757673 738638 736024 710204 754615 711138 739423 722431 771709 713735 735057 705519 727563 729547 739038 759772 702277 716209 742888 738237 735621 713096 750912 705170 724790 758009 790927 761825 715299 755977 699691 697982 722687 749228 709156 758010 776455 776024 785682 729235 726940 718002 766860 736971 757800 737990 735510 748472 770371 841192 741029 779474 758950 776285 715260 771932 762259 766489 723009 753387 714721 707523 775136 729643 744807 717271 710692 755156 789421 723508 741220 718146 718540 690584 728059 759425 733887 696277 774597 749894 743943 741426 739980 740606 705390 737135 754208 774991 776190 704759 749356 723924 750028 746705 762102 736408 757459 746125 776206 727737 722293 710790 740275 765946 718033 790598 699398 750601 728990 780473 734903 751966 716596 739807 689172 723530 702539 741506 754212 732254 765532 727168 768559 700055 753410 737765 750670 728079 749478 788631 789131 752314 770444 744670 731392 763323 726416 731240 727399 716918 720061 749373 716496 728505 685143 723083 703738 752692 738828 785605 741632 742544 722373 714425 810117 747067 767183 731459 721173 
697544 723433 739338 802387 778342 714738 707554 724550 772766 752677 695557 687299 751869 712338 708370 770802 754387 776825 795663 765329 752536 790781 766366 730214 723400 750655 732849 734865 755691 748340 733453 701308 799299 746131 686483 707306 712108 694391 757810 731877 753469 715977 790989 736121 716828 754448 729641 791648 756070 702554 719944 763388 747318 733657 767531 681679 727863 744810 741455 712707 729254 768190 740940 742042 715598 767851 716676 722113 759298 756787 716301 739182 753714 710709 706904 745260 708784 716836 733539 731810 737308 721737 735232 697178 729337 751478 735962 687890 750211 773006 790820 730792 754619 742054 746964 736631 759294 761037 774734 729175 759411 769189 768597 692949 714963 703185 776142 699144 678851 716110 707892 724048 732957 704201 731647 806420 694103 690494 746632 711059 751355 760238 731123 751406 742704 809327 720914 743772 772757 760705 657257 794578 755149 728391 753195 759983 741971 729835 737648 720638 762187 759362 731141 741392 695571 774304 700859 740498 696700 781863 692189 732412 719194 722522 711975 738502 766123 720774 733166 721469 734892 720128 690602 745498 724463 685205 755843 754626 756220 722056 741653 720056 676054 697177 743710 731759 730580 755863 738374 755636 697778 713924 708550 781038 701229 797142 772411 746531 714390 746667 850719 733168 814836 724275 751573 752132 774871 760332 776206 702185 776400 713581 749081 762439 722523 713363 727685 711848 767415 768464 765023 718033 748882 700368 699837 711274 778025 704477 677588 764797 760784 748692 726580 763570 750198 695961 735872 763832 731969 743844 722728 759274 745227 725772 715272 740074 734772 729275 744956 785455 722650 759095 733423 712056 765336 732620 787447 726571 746119 703508 754172 734395 736352 735530 757394 731737 723970 704609 763878 736346 736115 757672 711651 772176 722520 760669 706684 739993 729182 761715 754290 773973 748192 782000 755821 736667 749190 718809 735151 708665 704176 725311 730129 719092 716824 655294 704004 684940 769024 756477 789214 727918 744158 707082 730301 825221 725791 742723 741328 734732 
669172 703308 729314 794150 726799 738248 699573 723296 709069 726546 673313 672859 713853 708967 713801 737690 733078 733990 789121 731267 768530 760526 712470 715864 690559 716682 699745 726473 734424 763963 701146 662099 759185 730121 692779 704800 663916 661925 717962 741256 715739 677512 756325 696821 705520 708194 738343 729080 711602 699827 683178 734958 740135 723607 756209 691259 698739 741199 727827 714253 694984 751193 702821 729503 730874 764101 674620 721691 735722 716259 682664 703207 738851 690191 707231 707372 707747 685508 716448 679347 713630 698894 719506 717517 725532 708292 730007 667336 718474 757364 765478 709613 700185 691951 686534 706930 730632 735853 750252 727113 731118 755782 727036 687419 703944 706170 787484 681247 692816 718795 685078 697433 707854 709981 714556 769916 688937 692775 728333 684455 735277 735645 753547 707123 705271 763723 687931 738115 746502 725841 645768 747715 716866 692663 706241 720263 757165 744278 707767 699696 719197 724107 675505 738669 681208 711879 688343 701207 727173 739938 690662 708189 714438 703008 688418 710262 732115 684832 726525 701317 706470 725996 654669 730361 677193 720334 732519 748086 757563 711296 743076 729429 651764 679637 700013 726266 707208 754894 737749 772428 686878 689319 677662 740486 699330 762461 743603 750621 694897 743048 787710 717799 774130 702459 740297 752390 764233 711173 741605 682704 738323 722417 702888 728734 686994 718664 715362 722704 742573 763505 749712 709139 723700 646820 675982 725455 754982 688720 672678 763704 723234 730121 706512 732024 722104 689666 727041 730359 715392 717021 678461 748168 715089 672072 720348 718854 718382 690444 715342 778228 698556 714286 723581 691150 709604 703284 709471 696501 728893 682054 754900 714436 744242 696237 733880 708514 721138 698211 730648 717653 703148 736633 669182 764054 673267 744889 703580 720218 694315 711601 743742 730723 722840 729293 736909 748544 721288 692822 685224 716036 692083 724952 724669 718253 695352 655295 707179 679882 763960 759246 742206 705570 696410 696253 714775 776578 706336 706058 715759 703101 
702569 741423 762412 805890 784198 736071 670517 741214 760014 743440 698148 693285 726817 715658 723691 749627 757424 774310 797456 765122 762527 761393 751795 726127 735324 740834 745254 723486 728572 792999 755450 674112 791708 750969 716564 730956 715739 715639 763563 775924 748582 716365 781301 739180 726342 745243 723877 762444 731634 713868 738941 738836 754133 713158 778938 704776 745860 758879 750334 729936 713726 757997 724722 724260 728391 763724 681537 735067 720019 753182 695978 745483 741542 740807 742401 730490 723389 734277 707750 723418 707209 717738 744283 741178 737485 730925 723279 705072 744698 779204 799769 730973 731797 779991 732600 758411 784817 783828 748071 731831 737559 767940 742516 705028 749193 742966 769881 708204 724588 739743 743024 703683 729186 714196 726518 782575 692433 701274 765278 725144 735840 761277 774821 759098 762169 787188 719604 730732 751136 755054 667409 796090 747875 724325 768884 750330 741361 761623 728053 746673 744903 758490 746408 732823 697295 758483 693970 720305 739354 773237 742947 769192 714048 724743 720401 735458 748871 737228 736695 735337 723152 737273 712800 740340 727405 703336 741538 749293 726958 707210 752474 719025 670786 730203 770433 768631 722727 767299 742157 758976 725952 712440 720136 799284 733300 789073 778244 752501 725584 784263 793406 757285 785746 746578 772229 747100 760852 763806 762108 717054 749280 690928 702076 772805 747388 735716 714101 692799 753558 796288 738547 749428 711488 705006 690880 726466 793845 721599 696734 830543 769622 763316 741218 748273 718283 713287 739676 742598 755192 762595 721275 766404 727786 727928 704114 751462 743300 737375 749293 748939 711747 727340 721464 722760 751335 720648 760226 720577 756345 719612 767879 747326 746905 744882 750589 710538 735999 698380 781354 751403 752932 737618 701533 772826 743255 780142 714419 735694 716242 734973 794227 764133 745395 758773 759993 744358 738438 724371 752563 731002 725581 724950 773628 715941 736941 701563 742851 715942 752157 731517 782686 740178 729786 714480 724857 814062 710532 741086 744666 738304 
696506 731809 706392 810019 745487 720621 686757 705313 730345 738289 674087 686019 719404 733622 723194 749112 751113 749512 819032 689850 755239 742137 718638 704220 725619 724729 689449 740115 709777 737511 757099 687543 807100 740326 721414 703900 699086 680080 708664 726452 740796 674158 763207 694684 684858 730722 692496 766045 733266 694944 706304 742707 719728 706579 744276 713311 727794 729148 748188 734845 698913 743458 698693 736850 697142 786338 698064 726682 728573 711256 717666 733663 743179 697050 719041 726895 697606 709365 725311 704021 695515 703348 732208 709050 714444 712230 715900 712281 714554 746478 790761 729093 739339 754820 743948 683964 755416 744732 760505 732721 734340 735294 722444 705106 719150 700368 758935 696207 707965 743782 707177 694867 705133 707853 717763 738372 687831 678087 720934 673885 734852 763264 728045 740636 713039 778173 695641 734380 772761 714766 667722 742941 719868 680997 726262 720690 705016 705360 720632 741884 725529 766035 693658 702052 703128 730578 707064 717384 700866 748824 669222 728825 703801 712055 707161 756957 719802 690850 714637 721376 721018 727465 688156 734139 703112 735424 738252 736707 743953 733358 744010 707735 671717 712647 720447 725968 719353 738779 717835 765983 683720 743763 703796 763988 715255 802810 705120 738442 691971 765304 821087 712746 763606 730807 741009 734778 771247 765036 777529 701621 758200 713154 703319 764602 723314 709509 730568 719686 724158 755891 716308 706302 702856 670155 697787 735433 785990 706178 704703 777359 733675 723271 712021 728620 708717 680896 714278 740112 709145 726553 705254 737548 730668 686892 738519 735268 712595 734115 760129 741939 692373 732738 725163 705456 727294 743783 723484 706558 733613 690728 721851 716965 742590 692736 737690 706283 703438 700497 732167 728126 714548 719411 699128 745212 715869 738018 727620 696295 716715 737671 773699 713819 708883 747254 715469 741480 720996 714717 708031 750107 698159 732846 739486 714218 729501 660981 717236 672578 738768 716534 755077 720743 739513 696723 691147 774010 704650 719332 704889 733578 
674131 739856 745786 804175 757057 719414 677289 742733 751928 728346 702336 679610 707459 728720 708196 755790 742641 719158 786299 712587 737534 747804 721144 699674 732505 737385 727174 725673 738070 761907 733675 694168 766771 728614 713687 699539 710936 712208 736570 749324 746022 698924 787684 704910 674239 745507 706981 756873 728613 704186 702735 735755 761668 703867 776294 694575 732331 725029 732117 710774 706529 753901 710048 745270 704352 763697 690703 732062 717006 742936 739803 737633 738044 720315 724571 727750 692946 694500 718167 690159 704114 717494 721750 726819 721658 717317 715168 736765 741182 795323 819981 735324 739625 746676 715424 732474 752401 784108 751592 690473 753986 730103 738117 673362 719855 732892 768673 681387 728568 757466 709065 685824 720414 707470 730083 772726 688990 681905 708612 712448 736764 774508 741485 753808 743162 782461 708985 710604 761501 722092 656635 762114 725770 707865 744744 728450 707128 734631 720068 716612 741172 719527 745201 752307 712918 742886 702563 738728 720614 771648 727126 737046 705460 714531 711443 746530 726655 713389 727532 717348 736628 753174 719186 757421 696215 701466 745682 744912 748870 729765 744135 698542 702552 695716 726773 726719 717716 755354 739913 765660 701877 712613 680736 778946 719811 783996 754235 730764 705529 763325 795320 724443 772524 710939 762261 753290 764846 770441 764378 710256 777231 731980 699519 735787 730488 727505 707310 696209 741144 793615 736729 703203 733056 682318 690224 732560 756592 762121 709906 778885 748433 745477 714173 755580 740764 682190 714744 725029 746418 725227 710667 735637 737740 729043 737044 751801 750029 742442 764450 764591 735721 749369 736546 715502 737012 714588 767803 698796 716128 715380 743215 731530 712481 708847 742921 710966 731688 702639 744467 746665 718962 755214 699897 769063 722942 774349 702595 721668 732041 750699 788548 749242 723283 747257 767301 733025 743010 730893 718361 733126 715897 679375 781795 704652 716811 677785 712379 696071 738240 720730 767377 705421 711908 709680 715388 809282 710165 731416 740817 727749 
647558 756785 733875 797083 737900 744987 672096 712070 732443 731716 685062 680645 717767 717992 722529 733950 729258 767063 785695 720513 728756 749058 734092 714610 727914 745717 729866 714785 710327 751055 732232 652975 795313 744575 718359 704199 672464 662745 725572 735714 736086 699458 747474 716086 653336 727339 705592 728931 738589 678539 721883 709525 724432 714364 746578 726250 723002 745115 731691 738684 711629 721546 702267 734560 708010 757004 677184 734656 734884 748561 691347 710295 762932 709616 733242 717329 694973 685066 692820 675825 677909 658640 728852 698032 676270 719084 694320 670696 732075 760787 789876 708232 729863 738039 695400 709568 766372 779424 761221 706095 742919 741902 704313 678640 726822 708842 771602 681020 701969 726157 706526 682310 713339 698647 694097 756898 679825 714887 723901 720009 738870 777910 728166 762444 717186 770748 708201 748261 768012 724310 659294 748502 702432 695211 735265 716569 717829 711457 735212 734661 740758 725335 711894 705882 685819 735226 695260 692780 714796 765990 686259 740165 680105 700961 716242 746012 732762 706149 710580 732356 735088 727832 682093 749042 674642 713523 714875 717082 768632 706733 753850 703434 683571 699694 723514 700774 688264 725188 739679 749345 665626 696358 696037 763175 717231 780306 745592 753978 737264 755111 793504 711844 796073 711490 745386 735064 771270 752140 779730 687519 763214 692716 673327 749298 725690 710429 693100 699433 709058 762053 721407 703038 703867 701339 690990 727478 775111 755291 679087 750842 748934 721730 732680 717484 702297 681014 699500 722168 733559 716852 719904 731764 690877 688302 708336 717538 724728 698358 735031 741009 687727 728125 721398 699359 719989 728167 726952 706761 730978 692093 750654 723173 723813 704954 742055 721308 704373 675323 744357 738002 699604 736744 694900 742503 713463 763761 725109 718718 707009 744939 781462 723645 732720 747797 728243 732541 717458 694241 687616 722838 701470 716815 752298 707213 723073 664048 694508 682662 744951 721253 757974 700274 721189 672570 695354 788943 708414 736980 701151 690182 
649021 713926 734309 792698 734459 711665 677168 705021 749140 733282 670349 702344 686892 702251 717218 736082 728572 722929 774241 716016 730024 755586 729848 706529 723243 683920 695217 714312 734156 712476 706456 663886 765706 743417 685287 716685 691180 680506 718092 742448 707338 701123 742753 703347 695690 720664 693007 733589 715042 696141 709385 740453 717814 703058 740993 698108 695438 756715 718213 715060 707739 720061 700465 748613 671807 753947 669292 712979 682102 701560 700725 703428 738339 692510 717147 689783 697901 704033 695671 695246 660516 692441 709012 708795 695596 691327 698288 675733 703561 771382 770438 721308 705784 738508 682215 747364 747382 754324 715912 694558 718803 715194 708789 661302 689021 706539 750325 642866 696372 700528 696815 686958 704945 707067 707610 785500 661076 684367 731902 702403 705308 766373 743498 742382 705071 773945 727579 690821 760701 717769 653104 781689 722121 686292 722394 722015 713297 711632 722050 711899 727762 728822 719987 723990 691124 704765 650236 716275 709786 761006 688920 725262 707321 699213 701166 721353 729395 697926 693875 676427 725887 734721 689607 727833 670793 711300 729311 714846 734636 694633 727853 680692 668684 691831 730904 720362 687787 728248 712999 747101 669846 699534 691755 753018 682764 762935 728025 732952 720186 762018 777930 699194 741777 691728 718798 728470 750022 712739 755868 689128 726847 704003 671579 733256 679360 709861 660002 718963 723960 749622 714989 720845 714516 684382 667974 693114 737036 700829 684185 771924 764733 714283 704066 743116 703646 710868 705161 697999 731828 716778 707750 749177 701846 680145 721734 732301 730305 715810 724642 728368 693381 701547 695737 687027 717668 708758 719774 678537 716786 693383 740732 706412 737276 715488 715219 677036 721134 670426 748112 714185 706744 708325 701210 763177 687031 742462 687093 717529 702931 708358 740732 731896 715705 762830 740584 750870 718968 686444 705003 721951 715604 698499 725889 710775 709531 661327 720061 678642 720294 721490 739610 717217 687460 695785 715642 791164 688017 715886 718047 701874 
753970 767487 795444 876461 840026 770728 759626 785094 805272 792600 763295 743109 788902 785641 782027 805300 801383 799168 836076 774473 815927 810250 789322 781327 774456 791121 794930 797479 780397 824891 794359 739000 893508 805582 794786 747378 772422 749228 807349 842126 800791 763347 862408 753991 755445 802484 796579 824748 791148 724626 789821 793016 794381 767900 839150 778590 768013 823508 809936 807910 796113 807526 773219 794668 775008 795451 720772 800182 769272 807986 790848 788508 797512 787211 789996 773515 791586 748399 784240 782834 757625 770830 806923 787625 809990 808962 773495 768967 792903 865987 844330 783634 817663 809471 801436 821091 841481 820261 827277 795270 814154 808154 818663 754182 798241 781364 822177 728029 772654 812052 804075 764416 774498 738321 792865 855919 740842 759456 822052 739454 807463 806389 805011 818500 765737 849383 783646 792063 800732 788174 714454 833019 807464 758226 826214 792973 802879 804486 775024 756202 769088 780353 766399 779756 763914 806058 772083 775540 785175 838354 751473 804172 780790 771377 788053 803882 776060 773052 808370 818224 796470 817442 744864 796482 762741 767536 799835 804742 820859 757367 791970 753614 736118 761711 789154 832676 755260 826839 809721 834721 742930 785955 766489 840205 780970 842395 821510 811321 771922 831625 875014 810176 830438 814057 813910 816796 819344 826640 836342 762621 805083 761282 749739 801920 780596 781283 767641 759824 816019 836997 807692 791210 791219 743006 763717 794736 821996 791531 761517 840712 821611 796808 774007 834264 792873 772154 788512 768596 768053 775254 772910 799312 794110 765614 775092 770199 771219 800448 811974 850581 761984 790036 807299 780382 800761 762021 809041 752967 802365 770825 829700 805257 793559 764540 822801 771358 773253 760286 791668 793728 791643 799291 777183 811415 775972 807433 758784 773519 775466 819191 817646 790396 776910 830354 794410 805773 808821 781622 774816 806110 757943 784128 836539 786900 776293 728827 779359 752533 820015 804226 805170 779030 799541 760236 794258 852719 777095 782529 802894 775323 
625597 679680 701441 749359 717201 708158 662042 714056 734553 705859 660997 644676 682242 676725 703584 710148 697707 712848 770308 720986 723494 720107 714909 677925 707517 729118 673350 698614 697094 723335 699016 652522 762702 728881 673210 679123 648443 677420 705285 720354 707630 671094 755383 680974 664389 718866 694749 740422 670656 666734 684357 719879 710555 687868 724319 691951 687892 709917 710466 692358 682053 708042 679192 701503 658982 733899 655687 704557 705534 721801 666388 691815 714483 666272 680073 664199 666205 654606 692958 666322 659788 663133 704634 685071 679009 689400 676422 667803 674036 751329 736240 707176 697238 704170 677968 690712 736610 711529 734071 713401 718859 697994 701461 630659 686816 691420 761246 669420 679466 691368 699858 647327 719224 647953 712257 751364 665892 655037 712103 651578 708607 708310 719790 702968 720900 738963 697501 699845 716984 695861 639436 727528 685699 643630 717159 682140 698722 725309 693132 683263 699954 711884 693553 705738 666364 704958 682969 695345 682750 736772 653490 720800 662778 689878 678287 688770 690952 660355 698068 702829 697126 681686 663933 735880 684549 691540 712434 699729 681928 695250 723557 670711 653739 660991 696178 711506 699895 714454 687236 724721 650193 675256 683755 749247 656213 743791 717522 708021 698968 744930 769279 699856 744459 684843 716315 698210 745235 693927 725737 668181 697877 665205 653369 740160 674146 699795 677902 672574 715716 736084 673551 716396 697711 654516 643919 699514 737863 700746 648628 730704 717701 702045 679253 715150 695428 664592 702036 719036 711941 698420 678994 724810 665074 716226 696599 689129 696287 692010 692160 730511 679043 701994 692018 691474 691944 683925 733344 685013 709254 668394 698866 688123 689987 686473 697806 666461 683531 673018 685403 722091 692134 704695 686056 728241 679156 708729 672501 727005 691331 674438 749056 674088 694452 704496 696446 699480 704954 684652 679650 711470 674476 678542 719898 690988 648345 659435 709498 631959 728699 712554 710952 681727 693349 703106 682747 729981 690359 703297 695883 646492 
629897 656526 692763 747337 723895 664666 611980 685682 716155 703417 659967 660717 672013 674033 654975 699262 732133 708701 724094 683487 686734 693675 702597 674119 674536 677145 659931 671351 712408 709568 705414 624458 750921 684511 661925 676643 665895 663476 721372 696190 686489 686592 732316 690608 639251 691773 638820 705126 702072 668590 693045 683447 720291 658322 706738 656891 690480 698872 702147 689662 687624 712736 678429 670917 673618 703758 613514 680352 652613 690320 670001 664703 697463 681032 663420 682263 677515 665483 653103 666726 626378 632204 659505 678053 678545 675867 619735 641403 677193 738876 726985 677296 691909 678301 675939 716593 713465 704185 750221 677768 664744 698297 666142 641269 662183 676599 711506 649050 664009 687421 698343 645374 693837 656294 641542 736575 660425 638299 702330 646665 693506 714409 695336 692644 705417 748195 643684 701235 663141 660241 608084 736503 685042 670687 710217 708548 670852 661570 683105 689838 697186 701043 670833 659393 648386 723842 648024 682240 682540 695273 659870 694423 652427 688906 666094 683387 676794 683379 673855 651997 671024 663190 694134 696260 645359 666537 703520 690912 723444 681512 691030 676664 643230 659745 723236 678168 653358 700073 675057 707956 650347 665497 645091 715248 635444 731018 699190 704863 656663 724592 755730 656170 719576 681752 701698 694437 704353 709140 730099 645520 688475 666400 612578 723167 662409 676311 647093 661205 701745 705399 704902 674553 663136 679801 667842 668979 704094 686655 646240 725594 694491 673260 657713 700660 710045 677711 657530 672976 690850 677784 678527 697196 708321 683758 681365 678061 678956 710459 685023 684261 656177 691919 685922 661450 702457 659674 680799 666452 727956 674539 707127 644108 686797 644066 718793 650093 678884 616732 703063 671709 652916 702174 674652 688332 672827 693567 658229 677281 667316 685227 722798 706580 683095 695632 671761 712267 663571 663122 676338 696245 674850 671247 695251 682194 704278 658169 687608 617850 714495 669520 693576 659720 684650 659627 678697 728115 663547 686973 664849 673299 
667041 720314 701750 782974 739326 706942 688930 733139 733810 753422 696520 680370 729753 708449 692976 708769 738800 760224 801201 697969 765800 719129 736872 722968 740893 714114 705515 701164 734117 763164 716310 701530 778145 731880 687174 729174 701609 710684 706752 778242 721110 696758 771204 684483 695000 728015 719742 752271 704060 672493 690889 712990 740812 694465 769825 696517 705352 745825 738586 737223 760280 767627 686697 745543 688487 751121 667603 749894 708880 727969 731540 733660 755907 727846 734910 699614 711169 714095 707011 691280 668291 711279 713148 713727 717417 720589 708188 717253 713773 764825 798578 704357 737758 743575 715487 721190 751844 751931 735679 707444 736315 725287 701341 692290 700062 708116 755691 697464 718324 749030 727027 710383 720078 705644 728245 771996 664136 692635 733902 713694 747350 743193 744978 739397 715308 786165 706217 718660 731200 733972 649079 776801 753269 691787 741517 737867 725534 732693 731369 745203 752966 712047 719182 726329 694210 727398 695116 703764 714124 737446 700267 702060 698970 718150 703670 727999 703452 681005 742047 738252 719012 742136 692345 745260 689918 718019 711494 732905 757368 725492 734990 722706 674433 700745 714542 723328 711177 750480 744090 752053 686229 725845 687869 732698 677324 789041 722931 718386 730013 760049 804263 707525 759342 734934 717350 733585 732752 749120 776974 693149 735163 702308 676721 713441 717724 726438 680130 674763 759129 760564 723268 719187 728713 679904 663096 731255 779317 740935 698440 794152 745234 723534 708870 727181 724008 684230 721731 722754 717361 688080 721954 753517 704122 729944 727119 752759 723003 725567 741387 773010 712697 720401 732264 695894 747441 708070 709647 703836 755051 687885 752207 725948 735346 733925 734443 715011 710246 678176 757076 725187 694059 722864 696232 753689 718024 765282 707251 730873 703275 721728 767456 723589 734130 772590 738710 749527 722480 698977 708180 748145 703226 694483 734144 692895 700405 667078 715328 672633 717817 702257 749864 717594 716547 703340 731990 769014 678616 706621 698743 695444 
734702 769435 781431 850561 850639 784510 756792 772931 818433 795209 754991 766400 790280 788668 787458 790798 809728 814835 863484 785554 813599 836326 790346 793721 789376 817671 778381 796632 794116 816441 816718 737721 878340 816001 775966 769957 750719 769999 822535 806362 774458 779350 869190 770350 777953 816789 772902 788189 769445 781930 771376 808133 789766 759477 839943 769170 756864 798330 796744 814581 803177 800520 795934 801935 759015 838679 736759 797047 789128 801356 779231 786888 793556 758924 790029 799914 801964 768239 778846 764866 784726 741079 818509 795858 812653 806373 808061 770717 805705 833522 832987 807572 780533 800521 796381 815565 836478 825846 833681 780846 842124 837437 795463 728566 796873 779853 823628 733920 779351 812828 765860 747167 798123 759541 785561 860466 742301 764112 803809 763877 800380 819062 832015 780915 791839 858928 777049 780907 823469 766837 721586 841823 809065 776092 808486 781242 793185 800193 775552 768079 800852 792237 781995 801791 751459 808458 766150 785765 772853 811557 753626 812745 773913 761016 793777 833518 753380 753999 777205 771017 797878 795419 772379 848448 785768 805594 770996 827279 800880 771165 823262 775592 747824 775694 779936 808305 795692 814007 788695 822726 746194 770446 778145 841184 753061 831880 793314 837548 770114 822219 894063 792930 821307 786233 786451 808249 825855 828438 847673 745010 827993 748024 800017 813607 789263 804336 779784 774426 840308 826904 776366 786947 785846 762023 738667 783978 860234 783337 747358 858796 816498 826789 796454 826697 794509 731905 785389 797289 782029 821671 774105 794092 799110 753628 796940 791182 806716 811666 822185 826784 761883 761840 785178 798768 806129 774502 805506 762598 812716 796822 795473 793247 795641 780946 825339 741093 802251 746648 803862 789458 776111 805963 747801 816036 777337 839674 793640 813620 794323 757941 812181 816062 811773 824266 821922 797909 799475 766782 751770 813811 769144 797570 796853 785489 772371 717654 772088 743419 819122 800065 829411 785008 755832 764737 762304 848774 769423 765122 798931 766181 
692008 708259 741680 824666 785963 722864 694162 750928 749369 729414 693073 698903 747530 698662 703513 726585 768100 758098 782063 738339 768150 755383 752611 730619 739261 703871 711319 717239 737834 784150 749154 687502 806108 731790 720978 724276 708173 720818 743467 752063 744914 696812 788168 726258 689462 772621 718225 774353 700004 684693 717679 731810 743116 715058 778649 706026 742251 738673 748081 731555 710750 773602 725110 740676 700168 750183 677947 739835 720704 726601 735397 723478 771611 737330 764822 742156 733151 696666 707029 705539 711613 695225 712496 723279 720606 722871 714064 718906 728400 776173 796160 717368 732290 736102 707391 751917 739218 770479 749884 727636 751216 725941 740684 692875 712829 706345 756631 708411 717568 751316 725442 690048 720190 697534 725000 770022 667809 683246 735659 718801 733000 748184 756611 742228 714390 775877 701855 708691 751336 731068 661266 777716 734040 713262 751484 697281 705178 720175 734372 719613 751683 729286 734828 719536 700813 736672 678687 724346 688329 751390 704038 746067 710749 736538 725381 730878 722273 699112 736114 705427 723358 732139 716690 752072 706159 710922 749636 761222 756345 739341 741508 716078 698983 719580 725240 737776 707852 758641 747609 744614 717281 712524 713583 773570 688692 787138 738976 740544 708563 745771 808610 730377 753478 740494 712082 730006 764766 765395 746065 678436 754024 711059 686049 758213 726334 732745 719612 706624 801246 782554 752802 726430 713472 690231 691689 708488 786129 735101 699559 805832 736354 752415 734992 769012 731856 716197 733286 732643 730776 730084 705319 740310 729507 707889 734086 756026 725524 723685 754505 753734 704741 721243 738206 708145 744898 722853 753316 700446 724612 701736 764729 705006 733869 729338 789461 685044 749467 704449 729280 733003 721867 750387 705555 767111 731270 754338 698954 724243 716723 736492 807958 751897 722358 744974 721498 749322 741776 706748 682369 723462 734412 725885 766294 728789 699327 671595 705567 716230 762132 716353 773860 719739 712209 701134 740226 784917 702919 740507 718078 755660 
622783 689214 667148 744435 720735 666767 682453 694953 700953 693864 658219 667606 688473 667637 693436 718731 708181 728913 733057 693911 702793 699562 694371 698222 694701 702347 677397 701518 683848 749633 711589 671449 729629 697301 674909 673105 660169 664873 690620 757762 681403 678832 729999 672023 666179 728353 667663 750756 686127 689833 686436 672895 694834 672874 711333 676300 705323 714494 709924 690836 697310 706080 678800 695886 685250 723358 621600 691191 684654 715986 666206 720759 748162 687500 718041 688179 661701 654365 709028 666072 659883 651616 681782 685572 676566 694967 681425 693624 694961 713413 760507 680079 707959 714396 696459 681644 727602 743112 732455 670882 720125 695933 691432 650328 662148 697891 738350 687612 677820 704731 670397 677600 669631 690155 665806 728744 662091 676395 724209 666859 712574 728610 702702 679814 692780 763941 678160 718778 716839 696107 619589 749042 720025 663313 728292 697687 697524 725201 685942 701379 693199 716035 719633 697464 655088 718405 670030 691972 666637 688824 636112 695035 662253 688557 672122 708187 701728 663098 730119 670494 685105 698255 649582 694196 654904 682088 683079 710900 752914 697585 732973 671083 628049 675876 689945 702665 691021 734017 707769 734334 678010 676237 668663 730795 665537 711365 727012 683076 710031 717588 799702 698086 740822 685028 694074 704695 748260 701308 715544 658162 712199 671507 671454 722929 670197 657292 654025 700536 727457 728450 675747 680854 690197 674507 680674 691444 725772 689666 649747 752658 674780 717088 690738 701037 683238 650940 703299 709605 694013 710566 656754 710287 664967 709235 683487 698095 677879 690243 712512 703233 680241 710345 680177 685756 690004 667108 721814 659791 721917 639862 704370 676435 687271 701463 724834 664386 709035 692074 696068 695407 689154 710667 656777 729224 661438 712128 670848 707215 657302 668675 753665 697484 689386 734121 678142 689402 692161 662723 676752 694855 679500 710361 682471 668257 672857 646083 683272 641398 704890 696597 717244 672877 680363 672498 686408 762314 649660 668527 682421 687560 
686332 735887 731353 808106 763852 745458 697771 709415 753094 751877 729875 691346 743073 710688 717933 764731 762916 748279 807289 760702 768627 758345 749637 735022 763984 694714 716199 742058 762530 766746 715997 706798 783906 750583 736122 709300 697486 713798 741216 781538 719695 681457 794810 724340 707546 734492 747490 799187 728556 706469 728479 734012 757336 711970 794913 698389 717140 781526 747845 773752 729265 755970 716876 737463 750130 787601 680669 753879 736301 740463 734467 737920 762518 734633 722305 700896 695708 724579 718252 716931 697858 698957 723430 741187 722601 737910 711240 689051 718091 791994 804877 761597 742575 729944 730466 761028 788208 780466 790577 718839 740021 747824 742115 702230 724892 754834 765527 691680 718310 733550 728317 701528 716413 723465 717818 797893 701723 705409 758018 720775 739122 775283 756097 758249 712677 787318 734008 742775 767317 723173 664361 779754 716230 683831 753336 746341 714500 761540 719512 745274 775981 714628 723873 752421 730537 760919 709978 710176 697912 770671 717523 725012 676034 705017 726415 763914 729971 723371 744278 740114 750000 751949 698226 755970 702361 707517 768029 734885 790666 741710 758576 725504 700259 713711 749292 749254 723109 778332 748481 766511 702606 749740 725982 767635 715898 819528 723813 752794 724443 777544 823251 706254 778605 753619 715190 764311 786793 751048 740177 694953 756843 739852 712131 748523 688000 726183 683912 686665 753754 789362 758388 726968 723940 725927 695510 741680 767585 744959 685244 766630 754136 739057 726531 784723 719176 699211 745537 709661 735441 732730 713192 756983 730166 720771 733614 767970 745786 737429 751795 790088 730620 755125 729219 721602 745237 707404 746616 729641 761800 734281 759731 734102 731482 726514 766904 703660 751039 708193 764616 747379 718889 753255 717383 755366 738282 770802 721772 755000 715483 749299 776733 734296 727477 740865 756784 760243 736859 716205 717399 705870 717577 714951 767481 722294 733537 704029 728905 682259 790767 749336 789222 758197 733286 671026 737976 813225 738258 729882 720754 756555 
722207 776468 764964 851062 758766 750586 768374 756810 787907 783427 725029 717617 762694 746355 761151 790736 783237 790842 825376 778389 783171 743930 784863 771284 752643 784132 729201 749633 737367 791153 758395 733719 825327 789178 759497 752860 725704 740549 731045 779075 745161 723999 796728 759104 701898 777618 746133 814427 744070 731805 743809 776258 776046 758596 793638 736277 740432 786944 767470 769557 761505 774815 755291 758037 740407 784980 719460 761712 749727 786183 744023 772083 798227 737848 760044 769472 763771 727041 755380 715750 726684 739324 771248 752031 762889 743782 743794 724225 768161 800169 794497 759639 781549 793044 744564 754124 779686 810811 820754 751040 774452 772162 775917 716844 745530 758294 795471 715529 749806 782207 769039 730154 743203 739631 753060 833911 719921 718206 778602 729493 799054 793047 794231 794710 744451 802366 767724 749712 800170 762911 693252 829176 766976 745196 767689 747459 754552 784515 759337 779577 765023 771921 750169 773406 731023 810073 716597 770227 735075 788103 699725 770734 745670 739932 743054 764149 768419 725775 748000 737257 767840 770670 727394 761964 718026 744945 776323 782683 783070 764919 788710 747755 694367 736122 755015 740325 738584 791701 767611 794871 709069 750563 742373 805164 738187 822852 754691 777167 779629 780626 850395 738363 806379 778872 774759 789628 798541 788681 777504 734967 775263 745407 727815 765612 755716 766425 748704 739532 811556 775990 767296 762859 781329 733980 714274 785631 825300 767080 715386 806391 791801 775104 742736 772958 786253 730974 781950 781120 773305 757274 746396 779803 758249 749613 771272 803208 760323 746924 775712 817290 732018 786086 766808 757644 768738 744762 754979 738641 763307 739986 784358 743943 755663 734972 803626 741202 743442 729745 791658 768620 741574 794275 752420 784647 738882 805167 748875 774656 753510 747837 821063 779227 732740 785378 747938 776383 775415 774698 747117 725791 761873 761513 781101 750503 767314 724548 767863 717802 761122 775740 819274 734276 755706 728687 760632 817260 737786 757348 724578 761093 
676468 725285 735520 793968 763123 719698 688941 756519 747407 712521 683948 671527 728243 717606 710715 776160 758425 753151 779569 741260 723959 756884 730616 744059 754848 738998 711909 729406 742518 740555 737221 688095 840647 754570 709105 722867 714349 695183 737788 772921 733057 701208 760034 706518 699297 761540 740444 777081 738757 692745 708502 740289 766912 716742 760930 715799 708126 751980 730203 732057 754238 764621 716927 730778 714607 747530 698814 752928 725639 757726 713110 718768 743111 729346 723674 729773 705638 702370 737970 703106 695574 702415 743512 745775 737297 740435 703428 702696 734682 787076 781875 755690 725285 725639 725141 727695 774174 758338 771935 722303 748220 754276 711364 699017 732067 720719 774936 704520 699983 726878 709202 710975 723329 713755 721431 801709 704521 684749 755000 717897 725710 737681 764649 738368 749536 797830 722209 741934 755764 732653 676397 778836 733884 714795 735298 709388 739055 745703 731856 707172 741708 720421 728204 713737 695921 744954 704345 727111 698742 745196 694497 739701 672450 708350 718721 719724 741451 710661 724666 715627 734270 719558 698873 754009 714334 704966 735203 753508 774062 715141 758809 732323 669386 690292 742607 729318 732293 762368 733846 768148 678187 718791 702326 767961 696611 779692 781474 743580 737535 758746 816386 710936 755181 735810 710490 726869 783350 729733 791742 665151 758412 716352 694699 765223 696338 715870 706405 704557 733422 770487 757800 698421 722108 722626 707506 713250 791753 751511 707518 800209 742402 768407 727306 749306 724655 687561 723096 700765 729573 733120 701864 742432 733012 710796 737812 726058 727502 735157 755095 756365 682596 743329 714577 739231 770264 732216 741963 730758 768841 683249 738544 726407 755727 728533 790617 712252 731928 703400 761406 746679 713104 743945 697609 751531 726749 766803 725519 724734 702673 747549 762959 752261 719342 759435 739945 748118 748596 689798 697976 739835 709768 724098 747674 724176 713218 685680 732632 678718 762176 721584 764241 723700 740216 694243 728283 792641 708349 738414 714726 703700 
659537 708159 704407 743385 721001 692296 692368 710164 707820 726952 654404 646455 702042 682884 655618 740293 725134 734379 732258 701583 708684 696039 715249 685634 684213 696074 685905 677437 698481 730790 718128 663493 769035 705154 656248 662952 668723 632007 687145 698183 694147 651136 732975 695664 655650 698393 682234 730294 680424 675693 697007 693977 699737 670188 711884 649900 695918 696247 712410 703076 706499 727443 680235 706406 683437 720117 629732 706273 675819 706302 668797 667608 701619 693617 699310 696048 665271 682041 679082 674769 650566 671018 691816 697579 681037 716797 655454 681905 690657 742608 764261 694759 714136 725936 687833 696137 726242 732891 738887 676941 729139 698613 683905 698846 681837 690627 710965 646318 661376 708472 672381 668188 694248 678631 689910 735791 661214 637041 709404 682983 727212 745008 731803 709017 696118 750177 672117 686771 682767 734690 636340 726547 686799 662384 695704 685151 686607 667979 687124 684150 710470 691944 695318 715955 656375 717404 677636 681480 691125 719023 686094 659925 690458 684454 668852 679838 719402 659662 704134 674409 679329 697844 677407 709139 669747 666842 739550 686888 696460 686157 702418 672082 648566 642275 708975 690268 701038 760943 717202 718883 657368 659320 686397 743473 651728 772792 714457 706931 712582 713102 779002 701845 753711 680225 705521 711323 718843 698964 723393 660200 709076 696899 633674 719485 705245 690633 662989 626712 719384 741936 717069 683500 706316 679803 674928 691883 734308 706499 643803 742625 699512 686870 680111 713389 700762 638542 658558 695450 686159 669067 657348 696328 675136 683429 686074 700261 702635 703819 699651 723797 699042 725238 664596 684947 704556 691130 723754 680713 716445 662542 717554 708324 681017 676218 716214 655456 684629 665566 723401 707106 689354 725127 655930 716826 673746 719827 681203 707319 663709 708976 748213 730298 708528 730702 681266 688299 697904 669070 684576 680784 692916 676438 681223 643627 683314 632419 698781 674045 694555 670215 720891 675687 701382 665449 701395 751899 656942 712541 677144 690325 
679477 750855 762807 807751 768998 711985 720440 760951 748569 754037 732634 727900 745055 719405 721078 791464 755317 780100 820829 741639 749837 749013 740641 748461 770171 736633 750366 752593 778694 778917 749893 712652 840651 760868 747638 709049 713859 710704 769570 800694 733070 721747 797157 750932 708932 797304 733599 782005 743917 711335 752968 752286 758656 728364 779167 759536 736214 747627 766062 750502 737356 746356 717447 737646 733786 769430 714069 753004 746928 758279 737962 748830 777752 741585 783255 756672 752543 739193 730472 720648 710557 710548 740160 746818 737954 746957 767410 739407 766804 791124 818764 745590 777672 770724 742437 755435 796882 799379 765174 738285 751243 767434 763735 732640 741654 732352 770794 689778 718917 791863 747113 723292 762552 692274 731517 787257 715796 718904 759091 732648 781766 782287 780402 756589 759647 807464 713005 744437 776108 767948 680847 801980 776887 715018 796177 739391 769021 739251 764814 755854 758458 766980 743353 720124 723465 775601 712668 712270 730563 794975 710042 775902 737177 731384 749878 758066 757763 727714 722235 737122 793307 757281 727841 758815 720077 743110 753149 754107 799810 738613 768742 715376 691660 718475 759031 751840 715468 755560 770696 785845 708192 725775 727920 787780 755036 821444 786703 766889 735245 793290 833809 749140 800713 746457 777628 762798 808944 785393 804204 712201 785123 736319 704800 771411 742708 749293 716785 716786 763209 780290 758989 734775 745112 709405 716368 751212 758291 755992 736279 826906 748520 769689 743166 801727 729163 725202 746361 735613 741301 749901 738060 767609 735485 720324 744057 740483 728260 760524 784554 787956 717164 757718 749932 730991 759038 723864 776764 722622 751586 719069 754927 764866 757323 733897 769375 729406 742978 742694 782062 755126 761666 755774 739639 780160 737528 789251 733607 710991 745949 767904 800078 772200 720280 764466 754800 767185 741155 740620 747435 756091 694737 748266 780429 716467 750005 689663 756727 725354 784075 761243 776792 721398 719169 728692 752518 819973 732256 749836 743506 746241 
678926 696717 713870 790515 718772 719242 664414 717184 722826 733326 693656 653092 725901 722951 697697 741432 764884 746742 760226 732481 714670 748403 720999 718297 694826 725874 693648 708468 711881 746229 731289 667457 777927 734030 700629 709782 670836 682007 719120 742890 699034 689940 734981 690815 699190 726335 716309 759296 718250 703415 695235 726990 706069 697043 737718 694074 693033 736316 741754 741818 702275 710856 733557 727734 703929 743640 643560 705408 713701 724140 708702 702560 739261 704795 705257 699821 699248 705675 712210 661500 676575 699475 728227 736367 712044 730385 690637 698090 719200 773849 777982 722699 744438 730112 703322 736071 765781 765056 750130 734289 715994 718304 730604 681799 722536 716917 744969 668962 709628 705831 718749 681760 729875 676603 701843 751515 665479 682060 718794 683954 710504 748064 724573 740236 707059 759372 699593 722390 705469 736349 638997 784623 739767 686789 711808 712403 720024 723590 690352 699924 727150 715349 684450 707530 676026 718868 699211 726849 695608 748722 668649 719167 703195 713880 727874 706159 716513 669167 725221 706326 721611 698022 705149 711325 666025 691269 716523 755711 743446 699714 718110 713437 678258 692966 729178 738788 729412 735517 725321 765617 680250 720374 704934 747540 695230 764276 739254 758418 718907 741131 800931 718340 756550 704116 735123 715840 748252 719773 748525 689939 739513 702115 694182 764294 713606 702324 705933 715886 718884 748667 715187 703488 705749 677209 689434 702556 752063 709580 670089 795878 726870 730760 700970 740229 704282 680215 703607 721973 730018 748317 686792 721014 699372 687721 729227 714986 717006 709342 716388 736791 700524 712402 701123 697329 729324 709247 709478 703557 730137 689914 698110 730999 711183 708915 730642 673498 728142 669371 743578 716666 726046 723192 667626 746473 681185 737867 701355 733267 694129 701241 748739 718283 716900 742831 708545 719180 725646 705792 676000 713951 711719 724022 727459 708999 709724 695281 698584 678234 724295 738075 737289 695391 687310 690810 702842 778522 699428 720717 709863 698786 
700693 747357 731460 812540 766662 736929 704564 729181 764265 758734 712420 702175 725033 719057 722427 758695 781928 769144 792920 715256 743850 774820 748007 728246 744908 749389 745946 741080 726333 791198 747534 694445 799712 733165 738513 718560 699540 709441 783898 788367 746625 705035 781240 750989 722256 778012 746389 778785 756468 727521 732645 749842 757765 748097 783616 736537 753152 751562 745595 756708 739857 758917 708139 758778 721947 774215 702071 759096 708273 736690 728858 739887 746403 739202 750409 748851 707932 711526 728098 707453 720484 706012 727946 757112 726585 723913 733550 703734 744885 798009 803092 722040 739177 764899 726897 737306 783516 773195 785531 712761 733757 766943 766077 711843 762217 744470 772012 697827 709440 754900 733537 690821 725835 760113 736477 799502 693071 702919 768594 722150 730380 777561 762682 752911 749062 804898 740936 731415 776594 747937 671630 768517 737724 713784 763179 743867 732323 763934 750190 744020 736682 728061 774762 710955 715063 759795 701449 737638 744504 780796 736868 756778 713903 738358 716268 768723 725940 719198 727334 728914 736441 718543 695712 744322 736269 744212 730633 747402 759034 746938 768069 704585 684430 700811 772086 734855 730589 772357 724514 779936 704846 720920 711971 791323 728866 804342 759694 762905 725661 788815 847411 741461 778857 735881 748909 723161 793982 751131 796566 739451 783780 716813 706656 767339 745346 725091 710010 736786 761651 774577 739630 740060 733555 698452 678018 735301 788998 739341 714848 820671 760343 726271 736906 740550 732120 714593 728304 731622 737943 731063 742323 756174 731729 713961 737058 775249 741656 766577 760408 776836 733409 749444 718965 732163 751341 728400 771538 737770 762471 750384 758359 742321 742192 712596 762607 701237 725794 701698 775171 745280 744129 746837 721003 752954 756196 789147 716409 713019 720390 770125 787384 763352 755892 760535 745587 766969 719943 727689 706067 729912 726344 744718 784865 736586 754410 690609 740705 717195 739760 748984 781337 728662 725609 689468 738615 812103 711214 754759 737246 726971 
677056 703403 746486 795018 754385 713128 693061 713184 745782 756090 691600 692235 718130 735845 714601 736706 772176 773912 766864 711889 731372 735360 683545 750718 714317 727008 719321 732007 732029 747452 739213 697753 772711 729287 712455 721076 688809 695059 720797 748050 710725 707604 755179 707304 723111 736770 712375 768911 736255 731908 718238 729670 724620 712720 768233 709353 705215 744431 712983 728315 697634 716281 723902 733273 706511 742924 685659 720928 719949 741958 728356 736812 728188 716501 725538 726992 732817 709141 734943 710563 690557 732483 727563 736000 739988 740463 722904 701021 726871 774863 777276 746396 722093 721622 708352 717239 764582 731689 770166 714286 742992 732321 733310 711693 701739 702791 751246 676065 692639 748301 724734 692745 718451 687966 709507 766514 699098 701286 760377 709386 749209 743175 743643 739745 724665 799773 723134 708655 725866 723794 636512 787933 756527 703049 732127 694051 728434 705689 720722 717583 723658 695461 752739 736187 673184 746863 689981 721330 715923 751351 692417 728862 721680 708982 742018 743541 714199 706050 728301 701841 738232 717242 658833 726735 731647 722985 700580 726555 759462 717982 740704 701834 694019 714885 747386 746039 699722 764273 756935 760459 700811 691989 673160 770700 704250 754993 737984 769664 721446 755578 814774 741502 791816 705653 744088 717301 777354 748467 760949 689285 759376 714905 718515 771023 729244 732508 677978 674948 749132 752782 721042 749444 724654 680135 700888 733534 775135 718617 709869 779165 706838 697854 690211 745842 711038 681384 725477 737861 719560 740936 708857 742992 726610 715190 723530 762979 709584 735172 738235 787557 718207 727751 720105 713275 723953 699921 754183 736565 734561 680454 728201 736282 737148 698830 730006 724318 740626 695001 722114 717010 734902 726565 694543 764126 727551 770194 701720 720840 720983 729201 759096 724518 723730 766855 739202 729823 716431 711104 707774 735920 692101 723362 734287 696412 697716 679807 695635 716730 742175 735664 760088 695970 701041 720746 712414 789691 721308 702889 715713 695196 
657665 738404 689096 758650 731908 722773 667215 680317 701272 739200 685881 672774 737009 691079 709816 721732 733288 753048 778767 713664 722173 734008 707198 692814 700815 714509 696151 683529 716915 762822 715475 653805 762965 727083 689507 693138 668409 682941 755256 714544 695682 662932 739174 689047 677759 726764 701805 746908 729885 669306 710268 699418 697990 713334 719367 675366 705277 719255 717658 728117 700303 732564 692467 699521 692988 750105 686093 733084 702552 714781 672423 684612 729493 700812 684987 719734 693818 684082 702586 681562 676627 682082 695034 700005 712361 714115 712204 673700 732318 760165 795389 706848 718993 725064 681369 707680 716568 741456 751857 687266 736497 726490 711654 677623 707869 707173 758151 677267 687074 720951 702066 677421 711139 699027 689451 742451 657111 681123 713867 711698 714742 723931 720867 722461 703349 760506 733346 717221 722106 695532 667735 750871 692149 700326 749991 706323 749466 707130 691947 700766 743150 706131 721973 701514 671340 704590 684005 688205 702800 724485 700420 716945 697598 691247 732580 709700 691152 683348 699602 738032 680805 726726 675548 726508 710884 695275 736132 715381 745938 717190 734081 693296 679327 690449 691531 720807 682139 734498 720860 739990 674036 679756 671813 715458 682272 766408 715182 715663 701486 742685 807573 728139 747237 712274 712044 713142 741811 748299 754531 689332 778183 695158 676363 742892 705312 713781 705341 675434 744543 758421 699188 673108 699591 676181 655486 723332 744687 717736 685297 765380 747510 732169 723723 733665 727324 689037 673271 719750 732071 728284 690959 731644 699323 694621 699414 703880 730440 714569 694105 747282 689355 700342 711692 705169 719236 692501 726644 684481 751564 708004 730282 726937 704412 673245 735685 665801 700224 664960 734329 676969 685708 710746 684518 734920 676789 738973 689448 722821 689608 727048 756722 729649 713970 737768 727536 711498 710183 700877 681183 696418 691378 728152 740995 706294 717132 648290 691952 658367 739139 727507 728306 720692 673042 666858 682577 749693 735671 711166 697663 699439 
687768 762365 753385 852695 769992 731801 738643 747147 776334 758989 741340 720614 769115 750398 745318 788877 784247 756695 810077 755036 759363 770027 743476 731172 776227 764277 698976 748423 726464 788292 743774 717094 829557 806776 727453 731953 698566 713313 793610 786477 737489 736322 803822 721565 732598 782296 729331 772387 755792 724230 724794 753696 778169 745693 796812 745851 745585 756861 743425 757328 720938 777414 750074 752398 737079 787568 735063 766480 752054 764110 722752 753658 756648 721630 745421 734508 718792 752152 727037 734281 734252 690992 744339 764552 730011 757223 721625 742149 758798 791370 810418 747331 759301 754049 748109 740703 816298 781676 812637 696560 776699 752043 745198 699403 752396 743553 806963 684327 749120 754459 732673 703221 741779 739552 744920 815277 716502 708186 755700 725235 749742 769027 771833 779606 752008 815994 747177 746935 787818 735777 674094 798067 767101 734670 756785 728205 766398 749757 720107 746625 771076 757731 757199 764648 734564 753237 708707 757863 757077 794674 716204 756835 736214 726420 783262 760059 745529 728004 787665 735944 776234 757143 708838 752944 709179 727275 750357 789171 767188 755714 757807 713635 699099 726873 726911 751835 752358 770264 746973 786506 685661 724096 734074 775872 726356 793923 738533 784162 761236 776419 860027 727257 793672 764620 758261 752076 823976 743849 792824 737582 768856 740659 738118 773265 736164 754760 733400 739366 790707 797884 738705 759577 755778 712328 699776 761654 800268 745418 716814 794039 761208 763229 747318 781584 754584 706907 756571 726326 756159 771585 714882 763980 752809 729585 769321 734819 746776 748049 761943 794849 710603 753184 750242 727673 753881 719252 750787 735023 776967 740539 776261 752135 747501 696590 769953 700964 759607 733179 767887 756538 723468 775068 754000 773189 737766 779818 730729 741446 728416 759573 799827 764725 773707 761086 783010 751449 744764 722133 740037 762715 756363 724357 785443 755968 737838 702774 738989 695347 775904 772533 813460 712192 733978 724196 754355 790973 725412 748269 757434 721738 
654839 716173 711265 779071 734603 684514 664995 720257 762504 740998 684091 637361 705835 694492 717644 723901 732186 741693 776431 712127 734110 725367 732374 707283 722732 712013 689666 709245 712542 749480 704645 664988 798922 724516 681819 700256 668210 678009 717418 725160 710411 685760 745726 687755 691384 705482 680541 750066 690540 688483 711866 714450 716382 705995 714995 693218 730854 753367 708899 695148 703947 710792 682488 713905 708156 759030 645393 712151 697078 728058 685191 729556 721687 696378 702487 694521 672040 690783 682240 680913 658407 702927 702276 709232 697378 730192 704644 675243 693135 764710 808273 714961 728618 722988 698831 701077 758687 737772 736494 730628 721549 699498 713224 657862 678482 712897 771467 690155 701678 712536 691498 697873 707677 673553 689947 752285 663156 669529 744110 714960 719922 726523 712528 723336 725188 755822 687193 740362 740559 731226 644318 761006 719847 683435 714752 712975 718886 730023 692703 721509 753768 718725 691167 688408 712734 709092 682678 735039 706283 749569 689490 734093 651276 695225 694123 715602 728489 674596 672907 705915 703502 687637 665120 728090 682070 697932 720027 708261 726906 727476 751465 698735 655309 680382 706667 728901 696543 758526 705081 743682 654740 697050 645479 763015 697138 775419 737736 723061 710302 731079 806736 704407 772143 709770 692843 710025 725968 734196 763366 714212 738894 681983 693363 733425 699699 698438 683584 670997 717890 736771 713382 691090 718327 689727 635249 708845 779157 704209 676153 766667 722843 707289 711025 733457 707705 674781 711890 715200 715482 693974 678856 729944 693815 712281 709218 685887 707322 686847 767400 736776 690476 719494 686231 686849 734485 702163 718278 708441 719200 679154 722873 710339 723570 696131 752449 681082 699160 668516 753369 693019 717690 729670 693069 748956 743053 757345 724961 706980 676065 723230 767669 699162 697542 724963 722326 741046 704173 702630 730292 704774 656851 710918 728968 693243 707203 684345 687683 683813 750112 723731 731219 679459 717167 687797 699726 773106 701223 719430 693772 678624 
704332 759675 762481 849736 818298 772893 746401 745897 771613 801867 707429 712505 818159 753370 764954 800592 801527 796542 826553 771518 782348 785507 771252 757758 739718 763493 744015 798684 770698 780494 797585 751246 828318 805326 761881 767646 740446 720753 785428 801739 775705 727933 816982 758060 737778 769174 766484 803687 782375 748831 785331 775665 777327 731757 827952 751516 771397 806673 781946 766915 786583 772173 761486 778128 735383 822620 709644 763419 765456 781741 756710 747358 782169 758463 765865 764013 739796 758530 751572 756797 741867 742714 767765 756570 762905 809349 739008 730010 769362 814920 827945 799572 792367 796752 756490 766187 829450 772014 791086 775876 798372 782121 773111 761056 752970 732489 820868 733410 749589 771375 764243 718767 782999 734255 759374 813764 735392 737285 792759 742362 807076 805056 793276 780500 778188 805153 726787 772384 801892 759330 710105 808602 773638 752537 770258 749159 790890 789794 787754 748613 792285 751999 762266 773751 742544 781593 750194 770089 773849 810684 749915 741809 763011 749314 751319 788288 795174 728626 789160 747357 762342 747893 734371 786221 761321 759450 793950 782586 779647 766967 791858 737091 710924 740779 784660 786171 750936 813019 788606 800295 719316 754235 732064 839567 727170 845506 765726 783713 742760 796033 848890 767828 800611 789580 773342 779009 790101 801063 805516 750842 788542 742910 715506 806380 747848 735876 734346 728076 796230 805314 797104 773265 774600 726542 762446 767318 803978 763875 727978 789909 761535 790891 743693 782948 769602 730505 767514 791814 800909 752088 756662 783324 758638 747288 773463 786219 771788 787198 785531 777047 737522 780271 763330 742646 783052 749720 802698 738426 806263 735011 784138 771195 782636 742389 820419 722668 762493 707516 795751 767803 777514 807626 755900 794064 734696 813861 768391 754220 745696 767774 827174 773320 763533 810135 770434 771822 793879 763185 751363 741125 747354 759217 787722 786467 745475 745658 747289 736052 791751 780656 804288 784855 769355 751367 752692 854238 761503 781135 749569 757703 
712362 760279 764801 794721 776095 723270 708149 770928 772537 761858 717259 738181 743285 735707 735814 780894 758176 787290 814280 746793 766936 764564 747153 743285 728068 761225 745552 729314 753432 792718 781542 735522 816284 750896 761166 759257 721049 716882 736403 762903 732098 724848 808154 735477 721152 781889 745244 770251 770985 713493 745327 754694 755484 749836 791530 735676 745020 756296 778562 765125 752234 752151 750916 755579 749042 794303 712091 758162 770220 777122 761135 756991 807120 751090 755539 759906 725816 740310 761165 722402 732717 743653 728982 752691 773439 736098 744027 729756 776260 788222 809718 761987 736982 772582 751769 772114 790983 751166 806785 759984 786789 758422 777887 716364 734008 751144 804469 729334 735631 762107 747182 722138 757115 753134 755341 805568 732358 719009 784203 713984 757922 798440 778818 750565 766968 782089 760847 760271 768433 745069 717800 795957 762772 738820 779801 759677 776695 783871 733984 768831 759025 749404 766876 747903 708392 775654 722307 757272 752798 762541 720917 749635 744241 731055 746129 760726 760633 707288 748310 742270 764697 750858 732624 758869 739528 764772 772332 738054 803856 750565 772708 728727 701927 727443 740520 767035 746108 770668 769019 799578 733819 753746 718407 762807 743355 816494 768094 738913 754205 777603 843759 758761 821065 750936 772489 749227 801463 770393 806985 705919 775462 738219 699329 778190 739681 716062 740962 737070 756890 811372 742413 734958 771888 728308 693554 762606 789509 735922 709653 808030 776638 753340 757934 771754 744395 706783 736814 785493 763405 751597 731750 751563 745370 729940 753354 773260 764266 755164 779928 773501 745010 778385 734221 735859 780258 741680 799484 726690 756571 727647 760238 754043 747570 737395 802808 716655 746664 719345 757031 725847 731757 753324 741490 807181 713337 748962 725942 766173 745750 784427 794610 758749 793090 792902 751174 777917 771005 726482 732396 734836 702680 750185 779330 751002 760875 705365 748650 734939 763354 779647 785187 764396 724519 721969 738265 805002 755548 745494 737556 734073 
653947 684991 666171 745313 683335 700953 639980 671579 713227 726310 674948 665735 704329 687395 664772 728009 720154 738401 756712 694527 686884 717831 705148 686466 689193 677526 677312 689843 698434 702326 713642 662675 758067 696527 671305 675842 679601 690927 693586 705677 685806 642780 707580 701057 678147 731152 686967 725468 700932 672243 711549 683735 697302 684852 736982 656162 674191 699770 685776 709660 674648 688670 686161 702522 655044 748095 656007 719588 680849 723436 679744 665287 710610 665827 700625 661872 682214 690090 702727 681865 670794 659898 682791 692509 686422 678184 672759 656558 687904 738919 739810 694847 706454 716780 684839 699083 758327 694275 733339 681214 711904 696088 708765 672127 662990 703289 722143 663108 683391 691992 678261 690906 718875 672832 671926 733519 668616 655423 694689 677872 693545 715106 692862 720554 731140 751357 714280 711065 730375 675535 641081 722060 693312 679064 705141 699710 689478 676871 677385 705965 712308 675838 697986 703089 661400 722953 655658 675574 680413 710311 666991 687855 679832 684203 679395 699604 698774 686287 694571 701163 699861 702963 672186 715894 680629 686966 709071 703351 727151 692775 719263 653966 641540 688928 703355 696974 700377 715504 692509 739335 681346 667292 690388 708477 664937 758016 684971 732480 687985 723028 781026 690929 764890 700638 697336 701426 751916 694731 717930 655934 714268 690376 675009 736881 684453 690817 669907 678664 716626 717936 686642 665399 682023 679493 652812 705253 725631 694451 646062 740594 712859 684424 689018 740376 688782 662699 697286 713215 703544 703330 658328 699516 682644 698236 703566 703165 678071 703531 706058 732914 704635 711548 698492 660364 703322 695890 709659 692893 738091 693563 705610 699757 691414 657300 700145 668112 685064 663564 698775 681171 692782 697148 684161 729497 676174 733391 659966 718761 709887 681661 715693 714299 695552 714943 695672 719956 698179 687580 670441 697211 684517 683103 698802 688710 702121 646520 671316 649857 707869 727793 742762 685054 675862 681735 671824 745920 709441 708001 682227 670214 
627012 701290 709260 752317 735296 689356 673806 683403 693628 702213 670591 650414 711988 681287 675989 722910 727012 732694 727877 687067 715393 728606 689153 700649 686434 681390 680168 703441 693498 734152 732278 685877 755422 719266 687529 670907 644777 661719 693250 724073 696480 657727 721079 689414 698015 731118 707227 745093 714212 667789 686020 730258 725070 683184 722827 683191 696570 706586 701250 714734 672728 715368 679745 674208 684886 740580 653663 704948 720279 724098 700408 718060 714211 684404 716006 689122 695663 678209 688930 714969 669200 690777 676256 715218 679584 706427 689101 703817 707147 739160 738840 699772 715328 713230 688972 685127 716059 729245 742604 676940 726254 704894 706662 698313 703131 694883 745040 685871 676899 713928 690257 662418 709783 661576 667248 754818 683450 663825 704432 657051 715148 731253 703556 706596 693266 749241 666642 691735 729675 696565 639575 734075 717033 695078 736274 683565 716732 702271 687362 669426 684943 689120 693878 714919 671261 714530 681842 687648 685877 724775 666445 718034 688446 692848 727201 686898 712898 687213 695943 674570 699168 710432 678199 716533 716881 673004 702006 718863 740973 705331 722915 669478 648759 671235 693398 717112 673425 752028 727337 750273 659690 690345 669931 743841 679574 730164 703686 719763 693831 744106 793368 683689 727729 696866 719160 719945 752173 713887 753895 675547 738292 678808 670891 705508 700537 707927 674015 699235 724758 773574 700912 693446 699123 651776 674184 666834 758453 700001 645204 744343 701088 693991 707109 700063 728143 674202 669697 726161 698089 703534 656552 711826 670597 664655 705531 701605 713913 704229 733781 716539 681287 703159 699285 676878 690216 686648 712030 667704 711459 660401 720682 695169 727885 661726 725452 669603 699251 670996 703598 696160 690622 715515 693869 726716 687793 731318 704270 679594 673599 695221 775485 703815 726920 727234 680669 705616 685553 668048 729900 694808 704249 710684 696146 691942 678623 657428 692003 655991 730675 710548 716652 701261 691436 658714 688297 760223 687147 656033 697340 680714 
705348 718830 725791 759522 756552 696654 699042 727838 729252 725511 660490 677514 736876 680380 710901 741336 756655 759460 767475 736564 745740 734676 727451 718040 744269 745675 707486 734168 713710 747246 734606 684551 796418 763590 688821 715199 669835 660272 722568 749282 715471 667773 763701 687898 688575 736601 715894 758947 722092 678653 708370 713357 730235 727714 792273 687859 713918 722209 735528 719855 705782 750922 723169 700146 704014 781275 691705 742338 719623 732936 706186 710440 749210 725115 709070 711556 687450 682551 733111 698542 683397 691246 722705 736894 727939 722079 698350 698523 698353 779560 792458 761305 725491 737752 724661 720931 773334 744159 761997 730296 743619 725663 737995 674813 706833 699003 747747 682953 686767 721426 708755 708800 729997 716091 725174 781293 698088 706768 732716 703668 728959 754992 730706 715602 718873 769824 694964 715890 751781 701491 672580 786231 702351 699963 749116 720627 711623 735880 710566 709453 722087 704069 743608 735852 682237 736005 695301 743228 711866 766402 677386 729804 672174 703054 729793 719237 730220 700106 704068 725907 717674 696909 658109 745716 701738 703671 734158 743770 750474 703164 747356 709371 669948 659735 722628 723259 715792 741418 732213 758766 687036 709950 707409 753416 687582 779999 712967 723902 713143 739738 791477 699489 754033 739973 752599 734993 777442 776374 762627 693472 750034 715094 707093 760583 719307 721785 691813 700015 743077 751860 731465 707057 721749 687619 671092 713845 755885 701300 678524 775483 741000 718594 718450 739177 700652 690839 710019 735251 721016 726598 692109 724823 733663 678094 702407 691119 746495 727405 739291 752347 720824 732097 676372 717094 719517 714999 726256 720016 731361 679043 721839 735014 717289 710000 745949 695448 720897 706265 712831 714285 731236 737714 690588 740519 718263 774828 729314 717689 714048 733228 774646 725948 733618 728760 710821 735260 733433 697502 730986 722553 699353 700998 739789 725830 722898 666042 713609 673071 742094 724649 767217 724504 709554 690418 701491 780564 724927 740412 709378 690409 
747352 763639 789677 853505 834749 765297 743719 776976 787947 789524 759612 741104 786715 749850 777542 810399 831135 818107 836598 782411 810127 807511 776661 791565 777415 758943 766742 783595 774803 792055 805429 743045 889002 798397 744687 769859 761132 728710 794684 811120 772530 766783 813846 758072 737368 785599 778839 835133 790170 752675 751520 803897 814149 752854 836581 753587 755849 788666 791886 772568 795682 787003 773503 781406 769580 788320 732670 778857 771862 798841 750808 791248 800232 797716 762291 799481 777166 750709 772297 730304 765758 765301 795334 773615 772566 785505 759391 758053 759352 824778 848883 809277 799942 783787 768652 776274 795893 808416 811363 779256 820988 801951 766672 752662 746618 773038 814199 716869 754976 797676 778397 736948 770532 742670 732992 861970 752480 754816 817285 748046 820531 817475 820521 784993 788460 844789 771217 777629 786993 777325 696184 849415 772767 776891 794388 757858 783944 763014 776692 778678 790036 772659 767836 782669 727553 812150 751350 770251 792367 830265 760806 768871 769538 770835 764744 797415 804435 762485 774659 754859 784350 789816 738194 790076 713858 767831 795034 788035 814234 794671 828827 755492 739910 770917 762921 804639 771956 808118 777004 801752 736501 735964 736306 815195 745514 869739 773530 812663 761255 822778 865637 796336 841789 759985 747036 800546 817300 808437 812221 763584 838545 780662 760217 807441 764652 786981 758490 733308 802959 820450 794277 779750 791071 760192 747549 767924 852633 789294 748362 835559 793033 807311 762012 832598 784603 747942 755432 789169 766696 792592 743854 798881 781652 744955 774995 764774 767371 754029 793709 804906 768539 792971 766455 761354 820240 770232 816850 775248 796509 758643 835717 798402 799572 785899 813124 749143 794402 759399 825382 786109 763911 788598 740792 826697 793310 831358 756142 768039 770902 795753 796692 807924 775749 836792 768734 802777 785034 774604 742480 750608 769438 775523 820726 781194 756690 706490 783583 736122 793701 771579 825806 759008 770700 737646 744289 845789 766875 781474 749753 759256 
659033 694988 690907 742237 724204 705706 657025 687755 710134 716834 668409 660829 704352 709166 704085 730635 725758 732737 734980 708700 696539 747190 712642 721476 711506 709410 688493 701889 700553 730344 706359 656730 763661 704226 678635 683713 673786 686545 721596 733862 699419 695326 736115 684643 698794 717349 693690 720961 702308 657948 683520 710842 733081 683765 747827 693262 669837 722239 718301 710438 715760 724371 697332 692806 699425 751609 644749 711966 698787 736300 675645 701506 717762 726196 690829 699739 651748 687584 698789 662381 662460 667890 702594 723284 693221 700023 706744 686175 692008 746127 756226 714660 721689 708651 675553 691371 748851 738627 734924 687271 712954 710786 674502 649233 717434 712027 760732 684421 697306 714343 702707 678594 719001 653315 678698 765496 678364 655486 720278 695653 715050 741195 724792 725391 697207 747352 722098 719972 717388 698031 641679 757356 715607 685572 700814 703639 733917 731054 707066 674338 725086 694356 692536 707265 665642 730881 675126 723901 715272 743105 657071 708160 677162 674175 703622 699986 733376 681185 718453 729100 724756 722269 673674 702960 667559 654386 696378 742261 752280 693338 707436 679659 635555 666782 698759 699303 710206 720718 709407 738035 657483 677106 684194 726475 668002 728960 735884 745016 712772 754124 797336 684337 753292 709339 722227 711547 742819 722452 733523 703804 711766 680199 684579 734073 688721 692442 685585 699342 733624 734828 747993 709428 699236 680272 676299 710613 742801 739794 636909 724936 723821 727665 706657 719076 690373 681119 710445 701370 712084 703070 691545 725703 667480 696450 693042 701560 727529 681662 701440 746806 682542 707861 704964 683083 727853 697675 702283 661063 742781 667708 730623 694812 730505 688538 749996 672940 693102 678749 736788 685676 707652 729867 681983 738237 685096 741228 692979 699202 686759 716647 755729 719265 712496 725341 695308 707024 695518 688117 683848 712165 718040 710356 698556 717064 671311 672739 698017 652049 741428 715477 744449 689221 694376 671792 678318 790383 688874 708399 718879 682199 
700128 735517 767404 839630 790007 752152 726396 759124 796344 774695 725127 716136 767599 751808 725103 769799 759814 811814 808414 757820 759930 781285 797619 760995 745336 759601 725678 775434 757829 778265 767203 720739 829960 782586 755100 731275 742333 713571 751275 812005 755400 745452 798227 748550 751118 779267 747575 794859 752093 742525 759877 765605 755963 734921 797545 723917 743532 807924 756448 782474 728968 768936 756140 756396 760848 811736 694784 758881 747324 792540 781803 752594 774512 747504 736434 741071 737192 763157 749212 739913 718278 753999 733285 746821 759976 759238 720449 737786 751857 825143 818594 738539 756976 787251 767839 770728 829239 810431 806853 750301 784908 783324 765041 718367 737379 757570 805846 735559 717739 758427 755106 740536 739372 719931 750366 817525 718089 725946 758999 738838 774714 771833 763736 773591 800141 797066 732938 750052 801839 779201 715391 804649 774237 734540 784404 740487 760084 770909 785041 771246 778064 759959 733153 779043 717167 786444 736867 754390 738791 773782 737332 773911 744448 751385 725314 746177 776287 733031 732836 737622 762731 741938 723590 764787 744846 731704 751875 755591 762733 726206 762671 763923 699716 752629 761921 775050 727910 805653 766514 786028 716789 727873 718724 812230 727517 806778 784198 775301 736860 787533 832838 740265 806768 749340 776558 770643 805998 780891 804543 750921 782513 757571 764947 784246 736247 747265 747800 716318 752856 771970 763673 747166 803590 751093 697958 757368 803590 752557 717748 837759 765786 766707 754378 770648 766104 736424 775824 774276 778142 751301 736962 766939 746630 732464 748195 796906 760755 754886 786443 768627 756476 757742 758556 748638 769390 746243 794743 720274 764794 712431 749116 755481 779224 736909 774533 723933 737618 692403 784559 771493 734065 767422 757565 784292 750101 779404 744461 761443 723189 768763 807227 762619 755352 787038 760978 768104 774683 768738 745853 763641 744651 748203 774517 733897 748502 722116 770512 745188 776429 780806 827409 751047 741320 727817 782541 836194 724266 765255 752659 758645 
670813 728328 761740 854765 794957 743550 737013 758980 755732 756904 720055 724367 771205 747203 717692 769787 801025 786622 822125 734843 774961 780718 776127 756587 764232 735189 719843 784636 763063 762191 787557 714406 820583 780846 775459 722209 726586 716405 765728 796615 774621 703472 798152 763281 711683 776048 763716 778035 738181 710179 724088 759258 749399 741839 774821 772366 748081 782438 746464 757822 743440 775670 727601 759285 710144 799584 710804 770633 736610 764562 745727 766773 760158 752913 737664 776662 733938 740549 746159 735033 724495 727386 759920 761836 759603 763141 723137 740411 775212 814725 812984 759532 788986 748030 732153 778168 803529 793072 819972 749998 791966 758237 743996 730712 749435 722145 798879 712606 727479 799305 724846 708700 724383 745845 756747 818233 712264 713247 761759 760544 783826 795712 787959 786848 763156 817203 754804 751835 782444 753651 676730 802559 748409 749920 755948 720945 758431 737853 753833 765317 765122 752172 760118 759274 710954 762099 726076 720685 760539 788179 721135 780029 744137 744116 757575 786872 750299 743400 753029 733320 754876 783010 734322 782441 751105 758519 744990 786378 759928 745567 760334 734707 734320 742976 770203 749127 755326 789131 775521 781553 716798 713848 723489 789497 712875 779276 759307 803468 747055 792829 840833 737590 792297 758639 780936 762208 810993 796309 798671 695379 766377 729232 723251 783703 756918 761296 757634 740653 767319 798927 765192 740607 741568 731096 723453 764772 807569 755309 723109 818468 756278 764211 752133 781169 762621 739754 739892 765841 759718 771757 727634 764684 731191 728062 731916 753598 748689 767157 761118 774869 736467 737871 769369 744073 742147 745584 743116 730812 762714 727406 772106 755053 762558 750939 774601 730493 753893 717499 777879 764610 735772 758156 729590 792275 730869 782003 750006 745991 751263 744601 812617 783545 758628 776904 761606 763364 772338 741394 730487 746923 753598 744785 790417 746741 714942 699126 742981 703110 787305 755162 800793 744509 752488 706192 742259 821603 742533 749804 741690 719391 
680038 733758 719858 826569 729837 693581 670011 724899 744967 757696 699024 668107 713779 751575 731339 753642 755546 759738 791043 721546 737122 740936 759285 730506 713255 739263 725107 723104 731281 779763 731392 645895 799440 743709 687137 715832 698811 699346 742181 769206 727462 705277 769827 727360 696272 739104 717605 753870 720476 732819 706389 710369 727527 692478 731090 715216 720256 727408 725777 744305 717922 711989 698035 723281 698059 752401 692577 726235 704647 738781 687894 694073 764468 710807 729819 721715 676931 701898 722172 698737 693332 723964 725471 747707 746722 744484 702999 707515 728041 765756 784450 717976 738456 725985 720024 727120 745876 779446 770623 700127 742420 735013 731082 716589 705109 727077 783455 687663 688625 729828 713675 710956 706911 726676 705076 779093 679328 693186 759451 716108 757120 759854 728679 743278 752011 762512 707845 707632 744267 754151 640589 782380 729131 705772 752670 711977 741747 720285 704004 724004 747933 727305 702282 725367 692592 726918 690002 741526 711389 779866 691678 718032 740262 702940 733098 738119 748435 724588 713086 714909 726745 730691 696337 707311 697846 717306 724037 742550 739030 739478 744502 701841 692036 700313 727280 733710 733783 785208 740895 759475 704263 707985 703728 757106 702497 801871 745279 759422 691666 751842 837200 722193 766108 734556 728928 732386 769954 729791 772043 688958 766332 715225 691889 766406 734240 704680 704109 689925 752273 778360 731294 700075 732551 673048 702399 723152 775769 729125 698844 783192 740020 720098 704501 766902 700288 706283 688952 708955 722463 744522 716635 749573 716294 692130 717985 754700 696611 738474 724960 777569 702616 742060 738791 705539 733016 709322 738145 711374 749572 674103 754267 764320 725463 720568 738900 695413 721411 698019 752118 754482 710615 723928 718814 762300 716299 767005 712146 719201 717207 743307 759156 721624 707213 755699 747322 749059 731160 714347 696103 741051 714751 729892 742642 702346 712490 679342 748846 700615 742937 720332 744551 706633 736053 688833 720192 794446 715265 728295 705092 704806 
710542 778011 761322 825975 765075 771749 736361 727008 784300 777181 727866 726103 747635 730653 747376 752417 786099 806861 818507 764297 799101 771623 763590 773858 766117 751849 753676 750968 775096 812622 767968 721333 833169 772239 741758 744314 749003 738856 763648 761419 760886 735203 797498 755050 725841 776791 768711 800042 753199 736715 746785 787664 766840 750444 797215 744837 755539 780542 781918 780919 776706 770958 741347 764493 751787 797028 703233 784667 737393 810121 759822 756673 784154 764571 786575 750535 740871 757452 732119 749840 725742 750902 755780 774450 755536 764812 778971 739852 782587 807270 821741 754802 792285 794540 758097 792797 809616 788203 814402 744912 775574 763092 765121 717235 768306 757906 790668 729044 770861 777878 760102 737438 767669 772175 756637 818275 726952 727364 783993 736372 802665 789677 775664 765045 765403 831775 763527 756521 800919 781958 680528 815912 755600 729574 791598 743747 758325 750602 763943 762716 754326 753380 769871 765740 697892 781342 741655 740176 750232 800601 743420 786923 749037 776539 762553 769941 765241 739537 742882 764236 787134 782124 700990 780237 771452 763016 740447 811505 800665 760060 785628 743504 731995 756336 746970 780829 765304 811051 787626 830361 736311 731194 771255 797379 740849 816790 772448 784567 739911 800650 871105 781242 836286 772781 781302 761176 803417 803617 810770 759948 789608 717366 722631 771318 756193 783799 757976 724674 776190 789296 769097 751254 763851 739213 715392 756443 783803 749691 740509 844073 803953 770424 757388 786064 742077 702982 761323 797113 743193 775580 738882 769013 762545 724216 754165 782351 758653 785301 783748 828843 717949 762696 730347 756611 756011 743619 784031 741804 757090 751721 798868 771742 776421 758817 783292 731726 760097 712429 801861 753117 777160 763757 730029 809113 749382 810040 739020 761094 751064 765891 823083 763481 788865 787808 766703 762275 756555 749835 731670 756368 747913 791290 805370 756699 763113 711950 763912 725454 769077 775329 816270 753369 733399 706048 750734 822117 731662 761054 770388 748647 
677729 704742 735951 815189 778288 705196 695537 708200 723241 753055 695500 687949 723309 705905 710284 754125 762924 733189 791404 744229 750353 752915 715707 702080 716836 703884 745815 728275 736664 771408 728228 660898 801003 746182 695569 700872 684402 680848 713627 772752 715771 701687 785390 682029 702342 744008 709372 771505 737185 709035 723114 701082 719054 684825 763460 719292 709226 742125 721766 716234 705729 731361 707046 722560 711799 757283 664355 697425 722069 728300 733039 719045 750265 736293 729884 731501 702788 716670 688003 682121 687833 707882 719990 707048 742599 728184 713074 721475 743496 763465 796408 733475 751516 714135 727915 723032 785741 759421 736978 723905 739790 760340 721008 729473 707979 708262 759839 673167 696267 730530 706895 706641 699164 690638 703421 757459 688182 687876 732618 706948 769064 779061 756752 728302 722283 778496 700035 705723 754345 727056 650929 780573 714868 699026 728325 714438 730718 738730 703469 729746 738193 706251 714805 716725 704420 735561 671967 717485 718652 735462 691534 701788 701310 714412 695471 740347 724323 716854 716609 712360 719787 715772 688449 696906 686178 715690 737331 748237 743343 703651 735655 717759 671517 673821 741471 732268 693931 760047 750444 739411 666482 727784 698676 768614 672134 821929 768809 755846 681111 742577 787921 697070 773483 706081 734522 733441 760529 733939 742506 692725 734769 709435 693089 773149 718068 685117 694461 692624 727942 777543 708888 724622 741346 665056 711412 717216 762466 710035 664452 763180 726552 726430 714115 734555 693041 713213 712287 718193 717730 726354 658227 764419 698743 687916 717032 720265 703317 739666 750131 753856 686687 714440 712331 681095 735674 709442 702882 702116 746123 687915 722372 732507 756141 701298 731193 695899 717271 688791 755299 735853 723913 739875 694639 737018 705289 752330 721465 715548 704769 736942 765020 727651 724605 737716 733962 730013 721320 704552 704031 741986 727220 706734 756496 706379 712105 674465 723399 695931 755225 714275 766797 727327 704397 702855 735097 798851 707171 734037 697544 731830 
709853 773011 767382 825477 789136 765457 724569 747965 783693 784447 760403 728808 771164 758471 732163 810428 807436 774859 839672 791696 800539 801680 772499 755687 809538 758314 760990 770205 763316 801205 786209 734447 831634 803349 758077 760921 721351 724385 783902 800058 778222 743454 791079 748182 722270 775120 758587 802172 781379 732926 761231 793211 772522 743591 799860 778219 774167 785666 756644 794263 751349 769935 777113 781710 751573 803402 724059 788562 774177 796169 757213 777047 759391 769663 784920 746967 750413 759416 771504 758532 727986 763974 768199 780813 736942 769518 768155 750641 801304 859194 823581 820288 775526 784902 772542 772773 803824 814414 812050 768261 817950 761729 772931 764172 770575 757360 784553 743089 749139 828490 765519 756664 759076 727570 757703 808530 747808 742395 803202 748994 776534 793514 759915 779794 785589 818660 737782 770634 797808 748948 711365 850882 797401 727639 818294 765884 768503 775968 749389 759035 770880 748185 764380 757282 718881 805552 731940 755400 744795 815077 729539 795518 738479 760999 770813 782820 783106 772870 732694 759027 783503 787044 722630 784406 750706 730907 779589 823548 812700 781094 798000 751656 720008 743747 767727 765161 781112 814713 764695 817509 746614 751920 771755 814266 732061 833144 782653 810179 746159 806003 869046 766402 840601 759997 756523 798966 804059 819203 795488 718193 795230 757889 717186 799943 753542 755895 760370 729239 819301 826460 775355 787633 761856 753653 767614 746730 803224 785191 739754 816096 800054 786519 775177 791888 758496 734274 763873 802581 755311 786401 745073 799095 768347 748649 756004 770123 751077 811788 789731 780744 761509 790062 750788 752908 773675 754729 774888 751020 770678 719060 781865 754879 793907 745812 790263 741499 766666 739005 813028 785770 776901 767268 739010 798619 753552 806960 768218 768065 785646 759588 839184 767668 776711 759179 776781 769790 766818 744226 781544 754834 755592 763665 767810 758372 740126 727194 753432 711314 789020 774878 790725 749969 744967 754284 776118 847223 743084 743194 750846 764785 
654659 694213 715408 763998 705750 673529 680536 693191 731987 726984 668683 639395 720454 683991 686437 727469 749996 750656 777503 680380 739341 740644 717269 710840 723903 710916 693274 705327 719468 739919 726404 692258 757184 722017 708078 693375 681700 684958 698265 723525 696004 672082 733781 690675 667667 713415 700129 729873 677661 642696 704653 746023 708384 701048 723196 705049 700821 738426 706569 743659 717884 721744 682150 710157 690296 740998 667574 720762 694306 701780 689765 718095 751450 704479 680876 724628 684180 699542 695519 708805 696306 716443 714547 685025 713601 704642 689798 675365 705834 746790 757797 708582 722442 732682 722269 706575 763003 744106 753376 711446 739387 714965 713192 675861 690031 699853 783601 670630 676583 751163 679318 686948 709544 690101 684542 743284 665478 680643 705383 690303 746867 751884 724832 726193 716481 777713 695272 713295 720003 701439 617296 773732 718426 704134 727530 742860 694250 715748 702048 720191 728471 716798 699026 697850 670916 737316 668512 713472 689277 745730 654882 716273 681774 688529 694223 715080 727444 693479 709314 686412 711023 704693 659636 734596 716138 684843 713006 715140 749498 684970 729412 701408 654200 680959 716543 709506 682661 725957 732549 764698 672292 700870 666421 731326 701607 757109 718394 718214 708240 739675 804284 712094 754527 707152 723050 744467 743331 753626 773800 678190 722430 695260 681644 721625 696592 726772 674442 688959 736457 742477 731280 715594 712882 691355 665754 680944 749247 726084 679513 771340 721630 722431 716085 712779 688921 676704 695791 691474 707835 721731 671784 702569 692845 678435 677521 721548 708325 726093 737990 751070 687506 701819 698046 678061 726539 675308 707299 714115 708757 659609 728873 730854 705974 695533 724598 689355 693662 678639 709572 707612 690022 713068 688588 736959 689905 736283 698676 731128 683340 687885 741807 738042 724888 731056 700380 703080 713033 665387 726685 700252 682425 712692 714875 686568 679257 689286 727409 645282 739691 706428 731556 699798 693277 683686 687756 788819 681718 700101 725110 700634 
651506 690439 686706 738873 702785 647293 667068 678651 712433 712046 643288 645458 687187 667505 651991 693085 710998 714592 749230 679945 702552 718991 701611 690530 661141 666700 685785 667964 678956 699766 708065 648789 729547 711347 653263 672498 658259 653614 678902 690457 688513 660356 721662 671167 644626 695267 693045 742785 699040 655911 690899 687232 707182 661978 719041 659179 686229 700686 697430 701322 689390 711135 694076 673604 686954 693459 648921 706984 654855 707210 688939 668228 711937 686634 677699 665948 671095 672502 680744 657828 639439 671238 680576 690207 668469 663708 668272 643222 672453 720121 764892 682586 731206 701832 650532 680338 682504 715687 773179 695313 699039 697747 676051 672693 655801 666321 733207 673005 660888 704873 667926 655853 711596 654379 698964 741691 671168 664269 680324 650532 697400 737628 711977 693962 694357 734805 684973 693795 695961 677322 612027 764051 707175 648064 702223 674599 702680 665134 664080 702532 697196 683755 666807 683995 641126 719970 649493 688615 629580 706799 649176 716785 665916 666813 655012 688517 707286 679080 697375 675246 697502 707118 636320 715507 648933 671248 684298 700051 721941 671794 692099 673734 650600 653184 680275 683812 683744 708476 681390 716189 662032 655930 655195 732156 653784 746408 685995 703698 669178 710144 779338 690462 730149 678742 697223 704336 709590 705018 735979 665644 716754 687136 678762 717509 660395 670058 677884 644087 704335 714874 704504 665786 707478 630737 668465 701288 730786 661348 645533 738917 712025 695157 673074 705528 679720 656154 681990 706446 677812 683006 638060 686433 675426 662928 690341 698754 692737 726701 696029 726500 697857 697147 657109 678606 697016 674389 717828 686981 693455 649424 731394 686996 683153 671342 702400 642480 688309 648968 709323 652755 686936 667883 656324 718572 669489 733330 649174 682466 677616 681768 734112 688496 699817 698475 689249 683119 688872 667049 673656 672532 654246 669858 692703 673621 664888 631614 655718 649402 709444 697247 726272 654482 681129 656626 659594 760120 640835 675252 668334 685400 
645226 706416 695226 769339 730142 689460 672651 711510 695067 710113 681517 678928 712994 700188 703228 719522 722333 726833 771035 694251 685370 705752 715791 713482 690718 718802 671828 737367 699631 749156 688974 672203 781770 715013 678671 687044 666706 672757 740888 737216 715186 680188 749396 728521 677169 728629 707590 717119 701133 679016 684681 701905 722004 691333 725872 681416 698397 720451 731410 719207 700519 740721 716167 694134 674738 763056 670614 720327 729019 702118 692362 694502 731641 681691 698692 680921 671935 679779 683146 711353 682509 692991 701668 692915 681711 700605 704542 678467 681611 735335 763721 694836 697289 704166 709181 728231 747339 707298 726696 702639 728038 728908 719552 686343 691608 710163 726165 654914 688597 710002 677329 682522 697549 665973 688757 753601 672571 681437 717658 658045 717463 738390 710390 708587 726801 745085 682634 725642 727105 688626 618129 739382 700562 690787 727167 690632 723912 710460 714711 682737 717533 708339 676873 693693 670332 727722 673802 673739 704431 734487 661381 679818 699355 692591 692827 702449 727123 675875 700619 684435 703305 708482 685056 726801 672206 678914 707401 709543 706951 685000 712281 666764 623162 683467 698040 727518 690106 749300 703092 731895 690055 684541 688093 747103 669916 770094 726746 726993 693071 720464 780798 715284 752222 706326 698883 725437 736913 713587 766159 670629 730394 665790 671664 730779 706193 697232 691838 687368 733540 734679 712017 717702 704364 656726 635788 684314 767488 700365 662126 776531 705246 730373 691751 743989 687292 670356 715756 698479 706075 703170 684026 715495 691737 698016 688691 704467 680177 685196 729225 728332 687010 696117 727316 675405 711760 723097 737739 705541 731683 660875 683647 689425 725912 707626 731723 672264 687228 684254 702119 712266 684424 696677 673757 717133 707131 718200 682607 707297 680146 703815 723644 739501 738318 729768 712673 701777 711919 667250 664157 707360 687617 730620 724085 680800 687210 664206 684926 661443 720153 710992 723223 700614 709208 679033 703521 769788 703358 696917 694569 680043 
698048 721116 750491 806181 770298 693588 676199 706006 754308 772352 718197 670982 703686 708894 700607 774893 737745 759073 780494 739020 771427 758140 739484 733287 716080 709944 728374 728076 734286 735760 747214 676922 813173 763562 718369 703997 709257 696567 731132 749094 733826 694673 770513 733030 723671 734924 752328 750201 715886 706912 712874 745328 730220 682266 762294 700799 726148 772987 762484 728455 722248 769730 725095 726471 726809 739860 674105 726233 712621 744345 701270 728691 732139 684738 697606 711968 702082 721728 685251 695095 725129 716009 712806 729651 742375 730771 708495 698149 727037 795289 770292 713353 741424 742269 711316 732106 771111 777457 766728 707626 730865 719915 754153 690376 721122 702466 766096 686792 699440 738501 705263 709319 752400 682483 716091 781127 684330 672382 763678 722682 757127 754803 757463 742588 752520 769014 700582 707504 745913 728658 670971 799972 736980 707599 751391 732012 735659 718473 727615 702669 773175 718575 728238 720203 700706 734045 678125 723733 732458 776475 706955 729675 716888 756987 731109 744808 744393 702362 726175 693101 731353 728813 693066 740085 698179 720438 725549 760289 772293 724073 771286 718964 668369 679769 741218 752524 725524 737017 734154 747551 695450 708541 711729 771430 712718 751449 747546 749471 688724 756669 816799 725719 787480 764710 724498 749037 749090 725484 747002 696972 739814 706909 695170 754700 703031 681458 695416 684329 746606 774911 769386 724647 730940 680384 700055 760169 772523 708138 674685 759988 729213 730238 720436 752935 724843 696103 739904 730965 704748 745369 678587 743730 718798 697994 742096 710841 759185 734449 746799 756595 710527 739786 697623 687337 769473 707417 755409 699070 753781 716796 762139 717816 742228 724834 739902 690505 735221 728056 738547 728640 722192 725089 693818 747620 732543 766976 714627 726479 720064 750396 777831 742857 732934 751299 735028 755486 719754 716916 709845 753335 727609 678793 746591 709808 713011 677364 713845 680929 760220 739817 776947 724405 724354 718115 733907 795264 732102 716867 721221 725445 
735920 759960 796301 859126 801368 729434 753936 760568 783026 798184 767980 718077 767403 724062 749861 788484 811038 794233 806737 776689 778583 789862 795661 783369 777699 774147 766161 734268 764869 825739 791669 744904 849402 777669 789157 773983 722147 763954 786430 783893 768734 727197 827929 763879 762252 792284 742620 830854 779095 726359 759115 802564 793583 752566 823709 785038 773732 770975 781592 787779 766010 773181 764016 757389 738247 810928 728756 776566 760138 787838 763629 773814 782696 766829 772911 765798 749867 748807 759483 764567 734540 752156 777816 764297 774251 777942 741669 742026 795121 838457 825646 751947 814558 771854 765070 768738 827699 792718 828282 749286 790334 772463 792012 732379 773327 751660 795248 742825 734075 800851 741965 747413 737757 754579 771068 814949 704855 759525 794474 764449 765617 796844 765993 802280 763953 829603 773885 774385 779644 775178 697329 826266 780949 754705 793957 765898 772967 765318 765295 762293 781044 767821 755938 770379 760702 775739 738068 774137 745196 814241 745051 778801 752627 729329 790988 792447 774166 758976 779407 768952 777623 787376 734271 813333 722391 737121 788213 784574 789232 757705 795996 725284 730896 747467 768104 809237 752104 810174 783926 820764 735447 738818 750049 790743 795144 814935 768447 788928 766065 781438 877070 743138 802722 786341 785329 753063 825405 816253 818824 744508 800834 731880 754387 776458 777328 757544 747481 760557 792252 819326 765482 748781 788953 763701 724298 756219 807761 726726 724286 826483 794115 790437 779234 818890 761976 749151 771381 758956 782840 766707 746423 799545 755460 745267 780217 792962 773039 752974 804984 815652 731962 770539 765333 788547 782453 737546 780530 766991 791255 752547 810310 783977 788180 754457 803203 731985 784422 735397 789147 771396 757000 792323 742586 796260 734300 806822 762297 776601 756340 778500 825919 785506 774796 819408 799581 773860 774696 754849 751041 764157 751898 758437 802191 751123 760769 718536 764828 743372 764915 767303 830482 792713 798910 767235 750978 828560 762877 764492 763018 771438 
678062 752523 757125 838404 759043 736884 691533 761750 765545 761183 694506 731638 742644 753256 743589 779614 780944 756795 789367 756262 761653 781322 738154 740733 748016 727753 737975 725068 776930 761766 770350 701500 828696 782697 719913 724300 712375 716350 754864 791394 747326 723417 787208 743577 735043 766012 740192 778342 764270 745568 735643 749627 743477 752147 791402 720947 728773 773320 725724 767790 725239 780282 727379 783136 725438 773190 705412 748920 743462 772704 745006 741049 749418 729129 753903 721755 747645 734717 738584 721662 736852 749931 760721 739104 758444 760238 719301 731075 747497 795836 799033 756230 756913 735141 734592 784384 813787 789089 783595 703295 765510 775026 764329 735940 720367 750077 804527 704770 748155 734474 743288 730876 732179 731260 740243 794582 707166 723853 754132 723563 766902 793222 773491 766356 768945 825270 749148 728704 782103 769112 682762 811937 761677 705561 753820 741188 747341 751301 739058 734666 766812 757083 729767 764292 741671 755026 713291 725665 741808 779429 731661 771783 732382 735680 755757 743546 748331 737538 751690 724719 745413 738941 728530 743362 718561 739988 763417 757392 766345 730404 759701 743442 707643 729889 775045 757500 735992 784975 759865 800860 722332 719127 735624 799389 742964 801521 795977 782152 731142 749092 833079 726705 797014 769224 761320 754164 807155 772597 781758 713731 751525 724591 727893 788199 740854 736605 732009 740250 778005 787296 757217 736219 755212 725237 683563 743710 793466 749905 695090 837384 781038 764055 761938 777461 754837 737491 738149 751025 746216 755690 730811 754388 745606 714252 751224 751556 754249 765803 771907 773710 718547 768143 737523 730904 775313 731110 764897 714627 773094 706649 771095 776189 767428 730261 768481 738187 758094 705240 787024 750670 725552 763060 731264 773521 738215 770525 725290 749341 723089 758304 804929 761782 740131 787347 772583 753976 762013 736998 708346 749718 713510 752156 766305 745379 748173 707920 746459 732728 781549 770686 802409 749731 754812 735410 752710 816658 751099 773609 724304 729287 
651687 729678 728350 803231 752935 700334 699444 715272 751846 743379 699400 714397 698916 717347 701925 761430 746100 746240 778726 715691 750687 727343 718094 705813 704992 716012 719297 744301 738868 744959 740800 720941 786428 736889 706055 708275 684483 700141 725578 736870 714087 730377 769738 735211 713947 752366 714197 741562 741822 680511 724499 708955 745371 724095 747146 685558 703547 740292 737020 731012 725889 737189 706049 749419 716899 746621 706381 744339 725435 749325 708657 704030 748512 722060 699865 745372 718403 708297 713826 724606 689382 701583 719503 745272 720964 736747 726991 692146 718500 756142 799512 707813 728394 749318 714321 736966 749437 748297 747423 723848 752091 737406 710199 676563 712533 729533 762456 682683 720303 744404 705097 678447 718053 712983 721442 804758 685592 687569 742335 698901 741192 757809 757307 744831 731249 792051 727605 702063 740435 744267 658700 768767 739668 722730 746007 727630 744448 713163 723706 719546 721477 757068 726453 731219 700642 761558 705506 716980 727956 758272 688214 726730 703777 689680 704416 718664 747110 720761 707732 723086 728676 745402 717148 739336 682525 699968 735377 742113 769345 721383 747550 696036 675154 682051 706419 706256 698367 779551 746439 751440 646492 721791 678004 744958 684940 790556 755829 760741 717657 767238 834998 721668 771353 723786 720787 708612 761079 734697 770929 704034 781121 728660 691099 754336 696097 738670 720631 693885 711951 759498 742525 695477 746721 684290 673234 713037 777362 709366 676296 781892 736000 740663 719216 739036 745184 715030 709784 707269 736836 729034 680546 707478 690022 708315 727415 723240 726019 739187 729669 767567 679407 726668 718826 699772 736262 700610 723970 682143 752598 699915 729472 701891 722022 720402 730494 714553 728032 686378 765373 700143 717815 738453 731922 744179 706680 762481 714585 712658 713171 731589 756799 751384 732834 736904 728503 744746 723385 724338 702592 705685 704579 730269 767956 719001 726604 641153 708045 706283 762276 733830 775563 737265 734243 707716 715416 790179 700003 719512 709913 710102 
658054 697522 714155 738634 728306 691746 667698 692918 715770 710861 688997 666946 690553 700518 713355 717087 717966 713536 792793 699314 715635 729799 699972 693270 707816 719979 693657 712833 713160 736759 745407 641173 783769 719892 704106 672111 677865 680295 717143 743648 695449 688303 732665 676568 659932 719596 707531 733566 714584 639903 698097 716136 711313 672234 725711 697825 672054 720248 718086 732519 709800 741632 701951 695861 719533 766098 662990 737496 679173 695588 692644 705823 736451 722868 693879 701897 683676 681165 662362 695750 696778 669906 709529 694691 704740 689586 681409 693869 714758 767493 744046 688059 709291 719264 701752 717973 768594 718779 770305 703405 731788 721666 727838 682219 700595 698626 745594 700261 678230 700004 712902 680690 744629 682229 687867 755880 669581 654425 730890 677389 748291 724250 697863 722376 714182 759580 700521 706965 742122 658244 631199 754994 695771 676167 695209 695738 708835 714366 688447 717939 708985 684527 712154 711971 687487 724254 673773 693131 724525 736532 661051 699350 677990 692039 728934 701211 714607 686167 697203 723380 697977 717369 660492 717892 696359 693347 723501 743706 720041 676951 713753 663360 652120 672427 715586 710767 683459 718078 724841 747017 656215 692565 715729 745503 664994 760592 725273 744029 693404 733394 778695 690845 771140 719456 703769 720129 743696 742090 739055 677097 734303 676535 665286 743316 695361 693293 694549 687036 714247 754684 722857 681753 715904 682447 711741 705757 735484 690932 660045 743934 729035 731506 697469 746717 686836 676602 715029 709403 717545 704957 667962 706007 686807 672851 706181 694877 733527 711915 734701 745190 693717 702094 687647 674227 725596 713466 713299 686494 720027 681107 704192 713714 725907 687237 744409 696800 687220 677590 712241 706660 686413 713504 667187 737072 694498 750126 701433 705515 694119 706836 772051 700795 723737 742194 730499 732504 724519 683752 680420 702253 685864 682350 725376 707703 705256 634961 711088 663568 720954 721091 764243 718362 719663 693605 679978 804801 703035 703097 686707 683562 
623433 683157 678316 704845 702429 658909 650079 663587 692548 696070 630155 645743 637616 683830 649789 701638 703438 687925 735875 668156 685868 692404 699514 676725 671909 669605 633003 680532 674551 692598 676506 624812 748462 676528 652336 664821 641290 655989 707273 696648 645981 637334 706884 651440 655176 689894 666120 695404 651359 620243 668059 653793 677289 670451 678192 631648 669318 686285 707639 706733 670984 694839 658810 671875 673219 711834 641360 681696 659790 691729 680896 665903 680717 674093 665439 633586 638208 675290 661817 670989 639355 655467 656756 695262 682652 682641 679555 668608 676684 700925 753724 681266 666391 693668 676773 685168 706480 705468 706270 647980 690159 704510 685159 679152 683361 687396 681984 615972 670679 679549 677147 647374 676227 653455 646848 732194 662508 644496 707661 653292 668718 702980 672539 664064 691119 717618 648432 678391 697006 671536 641372 696014 705954 647496 700686 698109 650802 672851 651072 666006 684325 698393 687834 658438 652356 688604 645404 645372 651816 685760 626729 661840 643633 652354 662667 678671 691456 645533 667193 679359 681939 664701 630216 710897 655901 658243 682258 689989 711126 665089 681042 665857 618518 639316 674643 690486 665645 708476 674827 688424 613701 660534 675394 713478 666467 717341 697068 669364 645962 714964 772140 672642 712909 692939 706445 669810 700342 680715 691059 631618 701228 658946 637740 707539 661830 653232 651254 654415 714032 710046 672072 665363 660827 656536 622284 645163 720228 656479 622412 713944 703341 683146 672871 677663 662766 620438 662699 685959 655263 679554 655374 700122 682793 635774 687197 647296 680418 680175 680301 680407 665371 699017 657905 645318 676514 666947 696699 662429 688600 657893 701838 684568 680231 645031 705537 633690 654272 634082 673116 675837 675033 676767 647232 691820 669338 674347 678199 668624 668077 674441 712671 693304 699463 704185 674998 684731 664653 684052 683617 677282 654780 695367 674669 658120 669113 624456 673149 643503 678277 685666 719630 675225 646313 684422 660640 716444 654328 656986 641868 669238 
705469 763544 766965 842761 782243 754980 728522 741647 794786 785120 718807 721986 776970 764804 749374 779902 798942 785938 801212 754300 768598 781111 766832 768001 737278 761641 769242 747569 766502 777163 762733 752301 813010 774277 740959 741453 733600 713661 767835 784770 791883 729645 808523 772424 733008 779285 773998 788992 740512 734620 748910 751468 778537 773027 813092 729270 746040 793452 780759 765906 783002 780395 762122 776364 719675 803555 713962 786016 756553 775725 772429 734414 766430 761250 773556 778565 759494 767394 781664 735520 733926 731241 764576 762597 775808 746228 760080 729915 774846 791035 824648 752224 779515 796804 739078 747467 804014 778353 805385 771335 779500 776184 777730 707545 765705 737931 841157 726253 740990 764688 737336 717866 773837 747322 765974 808493 713034 728724 763531 756979 767592 772604 800524 787014 775482 813519 760841 753014 799388 772598 714311 793107 760102 764914 779936 769232 768374 773644 770850 735359 765181 750007 768431 734870 739568 785268 720061 762588 761793 786944 739257 768570 731392 749143 762444 745140 775082 743455 766628 762786 764301 772016 731292 784253 740974 751686 769557 775599 822936 757424 782388 723980 701085 712827 738246 770735 769485 798579 789977 793941 731007 742690 733503 811952 756280 814588 769756 770585 760824 774031 839167 745921 788951 779516 775610 756956 790720 786542 808647 727578 797948 742578 750520 786118 751889 760323 745697 734673 768353 804251 786167 758214 761864 711262 717596 765441 816473 765355 730378 813029 777119 751256 772907 762017 758142 710023 761785 755742 774215 767915 711554 762594 746334 730970 773533 798457 770688 779231 760684 820478 753480 760626 738639 738382 775456 752703 779844 763342 758984 719590 809610 781287 771068 743246 772705 736708 763231 721837 771144 745717 751086 784472 705224 782725 754013 807895 746423 779093 762173 761561 791196 767837 776591 792242 764605 772373 772091 708346 726611 781550 764416 725791 775905 761037 730290 708391 735418 711460 762140 774920 802969 761090 745335 734282 732465 821039 747546 764527 767228 753216 
697090 754405 748751 835680 769031 720624 744445 741801 751213 756848 697294 722925 738854 731417 738475 783776 743908 763346 808423 739070 770531 770769 751761 747969 748891 732538 717811 734291 752711 793621 740643 709794 821833 777991 734781 753991 723650 703905 778581 740030 719748 704820 794350 767884 713472 755916 724742 776844 732062 701042 738153 732023 746449 736667 783108 708983 745720 743214 763433 758042 771463 737586 706579 760082 734514 812438 708239 760123 764704 772330 718592 717402 754022 726733 749850 745382 730177 732905 726795 704849 730651 690268 747744 750124 745724 754948 728627 698202 729844 798512 820788 738824 741645 761238 732421 753170 789570 792912 795520 739274 761236 761354 785899 735269 749220 737008 782294 709212 706741 779455 739744 718295 742832 724542 725594 815256 677453 722235 777074 724077 747018 782741 750216 760348 723827 812961 740879 765151 777980 754651 690973 790770 766014 704122 772544 734449 761825 748162 713988 713265 795690 758362 734200 745877 713722 739106 722199 719319 708189 799873 713603 740618 714040 706840 739878 760039 758839 722656 748609 748106 733347 742694 680547 752858 723611 710042 760318 783090 772081 734909 761515 710027 681324 718077 725588 760918 739809 786611 764064 796171 710572 715054 731660 783352 758694 787471 742513 742346 752309 764166 848014 762445 799977 739259 752321 736225 810042 778817 773084 698621 765426 735657 732597 731932 740316 738541 719782 717450 774333 781349 765519 719125 735950 700606 719419 749355 793514 729730 728570 800439 763359 749400 733522 787150 739405 697529 742303 755005 751647 744934 713515 743541 739982 719576 751371 749844 775357 746519 748898 778605 747025 770572 734867 726172 748801 702883 782885 708579 761987 720568 768155 752329 748706 721565 775742 698525 720345 734899 761035 738106 752000 779805 734263 748935 732959 785670 729800 752871 755938 759996 782075 746745 727226 759414 769894 743148 750260 738173 715340 730020 712954 746159 758017 739567 737842 688719 737490 720094 781798 784657 768719 730070 729439 720009 739978 796763 736921 740052 756511 740585 
700972 713114 752563 791109 766171 738489 712978 743764 758856 758949 700301 693391 760101 723106 730793 772716 740273 762466 787969 743435 743128 761176 722509 722856 753140 730571 741076 752690 752320 775672 762420 678073 809176 770641 745414 697641 701425 686872 747466 794645 736651 713504 820147 742820 706778 747643 722735 728267 723316 699278 737223 733988 734169 734377 775082 715374 713061 741067 737105 740473 738969 743070 739755 760769 718615 788756 670939 742110 732905 754632 727666 704378 762648 728864 751952 742098 725467 729602 749149 723327 718362 686913 749570 738746 732110 746976 725481 736718 738249 789800 795602 731859 777121 730927 736048 740228 794362 773541 792636 730182 772357 751793 721881 745709 730673 719585 785574 709060 722684 753966 731067 714863 744727 716008 733617 790716 698118 729107 752850 746767 721927 802788 734374 748570 756176 765494 725169 759743 771832 721923 692730 796346 753997 712160 750224 723721 736984 773383 734356 740331 737401 729243 731219 720004 699990 762788 721071 725280 719966 763972 713187 770251 704502 725737 714537 755509 714510 726455 720484 744560 762129 772657 718572 739685 709392 716196 750308 747428 725202 736537 726525 707558 713897 704114 756104 728056 701169 761198 718622 761154 707539 723806 720635 777545 723754 791804 750479 746787 723566 747235 833309 728434 792551 728098 744818 720409 791376 784317 784330 674691 740366 731106 721203 760396 733724 736167 710255 700223 769128 799980 737312 750773 712178 708492 707247 745855 762649 754909 702407 808202 753672 766190 724140 778234 750731 725112 730201 738768 753210 752308 709452 745048 747617 715067 748083 744693 733368 748265 779506 765543 723357 738655 738402 738545 762645 750419 745817 716711 754745 718825 737448 763306 749231 707369 774856 695175 724145 686768 734839 735392 737797 727812 735826 748485 716868 760201 731661 715824 708262 740654 804755 744172 733669 778604 756462 729383 753945 733909 706598 719663 715662 764756 761496 743544 744096 701736 702092 723803 762517 737798 779375 724120 763681 728293 723750 839313 739223 751273 721332 727646 
734436 778746 807224 874706 799154 786943 754115 808314 799659 806644 744879 712721 784978 785047 770834 796477 809588 825017 861050 802072 782906 803182 775794 780292 773127 787458 795646 788099 815758 823202 814115 736122 875204 795175 797819 730770 742547 748517 784968 813453 785429 737877 846122 775342 751258 804673 783464 801337 755020 761851 776471 795813 773994 756607 830601 775887 753340 801514 785492 804189 775204 794095 779400 795740 765247 835344 762780 802412 788653 800528 779445 757591 781129 797328 804981 786444 755656 772617 754308 769907 745905 756248 804405 808356 781318 774050 783279 754894 800837 831879 833055 780140 821404 794050 787568 766015 835669 838028 827033 769005 810932 789129 774606 746902 770340 768150 833292 765670 767306 776727 786622 728157 797068 760467 811990 808524 721977 777786 774455 760903 787285 833562 823492 814757 804013 844733 763211 758726 790197 794685 714946 834689 788900 748572 805008 797793 794872 791209 785615 809964 776380 789975 746297 777341 755642 820390 753551 793973 759061 820326 756667 817960 762353 773191 793799 826452 791007 759776 777483 769721 772897 782414 746139 812234 761796 766032 781064 804067 805417 764295 797039 759680 733617 765445 789114 794616 788141 808857 780095 815370 728247 759858 768997 830037 759872 826162 823684 803470 777374 797185 868047 769908 841424 776884 827714 765007 809340 780430 854392 748018 807234 749528 761297 808804 799747 776958 753543 757399 800206 846364 797106 769392 788347 769358 743827 776719 837547 782505 743459 866716 808182 785518 791906 796493 787882 708172 793866 800221 783637 789188 775901 771932 774306 771032 784466 790119 792327 812472 827769 793074 764257 776548 781065 781718 823582 776040 789894 769162 801881 769612 790684 816933 807439 769794 771451 751597 785674 730363 820804 778921 763382 783034 760008 789216 770884 830328 777177 766854 797977 798874 851929 786993 801142 815897 791514 768525 783565 779294 767669 802278 753571 792935 814554 771386 772668 750226 760073 762129 790966 806303 844375 773095 780114 783526 774021 855928 754775 782691 774792 763929 
659612 738023 744642 821967 747950 749453 693331 713582 737828 745276 700039 692856 714566 687098 723742 760047 725093 760565 784055 722689 772574 769105 704422 719217 713894 730824 714170 732301 722055 751872 746713 689939 787295 746442 695541 699874 701015 677276 731508 726778 732620 688751 779873 714479 725445 719628 724808 745062 739056 690252 717032 746026 733784 713039 759035 711009 719864 730067 734460 703627 724878 756331 723437 748681 696400 740877 689293 732949 704656 714002 701658 697343 789565 733398 731252 725122 715035 735581 741520 703027 688728 729111 727283 720616 740327 708088 727311 693382 735587 785107 775555 701335 739348 721847 730251 738518 754214 750744 744343 717004 786872 731039 727064 681357 689682 710823 769776 692441 713493 739748 715868 679839 732626 711997 721494 757079 687668 736125 723581 721998 736495 752693 747873 747080 712841 768580 736344 704152 723149 713697 674925 805565 722629 707144 761431 723505 738601 719999 757863 736456 712235 734701 710539 732818 686536 740331 696572 728949 739207 733301 689468 747360 711304 749574 729679 725506 728815 725910 738719 727920 723201 740249 708996 757619 710053 702755 711229 736998 755875 721929 758124 697262 677639 705144 719118 727005 677433 756121 721853 740259 705680 703658 677477 749541 702417 762709 737908 734666 730046 737339 790489 718117 761077 699805 742341 727110 762671 758322 768378 697085 760308 722722 718697 771302 708922 750674 680109 708933 754074 772401 707030 717681 708729 688450 698236 717945 788250 734653 700417 779557 733707 748133 739782 728549 730241 709301 746067 724546 735098 724949 716079 734074 711699 722584 722959 717546 723947 700035 746612 768900 718286 716315 700044 708085 720520 700073 730473 687544 751405 693909 739910 701231 723748 723647 731556 724711 725582 693305 754018 713867 705892 721703 690896 731664 725920 724998 716564 733173 689455 722498 772023 734752 732404 765746 692266 723059 745882 713531 694252 704138 716637 720339 775339 714707 678563 691969 694799 724826 721551 729211 752440 687940 710351 720618 734835 765757 705027 722477 715376 701802 
685584 753247 784290 827535 732599 734197 716198 755100 761790 771457 741582 699950 751560 744314 728018 781986 756120 762251 818816 733002 760819 791614 738131 735264 746432 763439 736388 739364 723711 774926 761668 725974 825194 764631 738663 726443 715367 713250 738522 791359 748713 717340 794807 714969 710827 760413 761785 776362 741664 696213 748166 766739 771400 734730 799298 742507 735793 780006 781965 753693 745679 755061 722767 745915 721381 775088 706591 779398 752679 794184 732340 740455 744735 736121 738301 730629 726046 740787 769066 736360 713303 743309 739674 747016 753347 762274 749079 736141 750731 798259 822836 760104 756525 766739 733460 761344 809878 761130 807719 737974 763292 749373 736801 721414 738142 736145 793652 715264 739754 734376 727062 696423 754203 728672 737384 820724 711810 725353 755940 754325 757414 771753 767070 768703 741833 797647 720836 765237 779454 740186 677107 800125 747857 713546 758134 752355 740153 742042 739263 751503 775682 763532 732939 745555 726721 778567 711505 754551 727867 804172 725610 756237 714348 750581 734544 738486 777748 742509 753730 747604 779974 761473 669682 743955 754269 729023 748574 752915 772114 739378 775289 715124 690886 698779 734347 761786 737743 770258 773019 784425 700812 729427 729290 781080 737703 786824 758824 765404 733597 787593 832671 719155 794097 746919 733552 759440 809345 789768 816101 729703 776571 735734 712801 763701 742170 755615 715289 725591 750572 796159 755618 756801 769383 743980 730734 748201 806080 745520 705377 808950 764558 782439 751809 745591 745504 717807 733623 766350 774940 758039 715821 782528 732701 723684 730714 750094 740683 726628 757075 811704 716891 778388 772853 753577 754350 752250 745565 749341 762499 711688 774139 762202 791855 720762 750544 744262 719547 734856 755095 762390 767704 743740 728853 768910 755692 763092 762974 714803 709842 760017 778973 735699 733271 806120 753375 766980 740790 740290 769716 733486 711111 741935 794364 720797 723655 713559 747258 717388 746948 732951 796040 707301 748745 707489 724332 789335 751766 769679 728868 730521 
683732 698213 727236 779144 724402 712500 671605 727023 711279 727198 695644 670820 688780 702991 687839 720122 717448 740729 771103 700720 708686 735099 729108 734227 703336 709889 718518 706105 700724 741475 708934 654389 766927 730862 713004 705368 668155 667985 720405 736195 719488 693580 753488 707919 686737 709882 698868 747132 712627 669115 711073 720976 716935 702191 748231 696101 709562 728195 744505 712057 687792 719339 688385 703312 692934 747122 688291 732613 681606 725295 699824 681839 723257 683513 721209 698637 690605 695960 687367 671811 667216 672308 693924 695615 701961 690639 692248 694080 702024 754018 772936 709821 732079 740630 691269 714818 759273 729250 751113 692782 719547 748055 706495 683178 669182 725041 756825 672732 711926 707416 696453 685625 692213 671297 716350 740305 679841 668188 736557 702346 716596 750001 713912 735302 732502 753010 687204 744843 758659 731605 632148 764047 716877 685259 733535 695220 704483 708434 696891 715973 722555 718341 707882 733362 693668 755026 702473 699623 700477 711514 675537 742429 668966 673188 674956 692549 730577 677498 706432 709131 724923 721559 651119 718693 696174 674736 721373 734201 728952 692769 710746 680980 666268 679391 728542 686582 697660 748752 694410 727598 681559 682641 700961 760142 690134 742376 721155 744289 695655 729559 787166 712161 779864 681945 700423 703594 762782 739114 726666 686279 761399 702185 682996 746758 688926 708621 683946 673136 730500 743944 729315 680832 740568 695316 662175 686983 747233 723293 666365 755399 737645 716425 691285 740894 691713 683844 728666 736629 729557 717631 694531 729721 700980 680329 712805 725073 738584 703811 754921 735610 712373 733079 694215 712435 718978 702211 720841 716687 727006 697149 734057 729486 742691 696621 720050 678234 676904 673799 718955 726197 704344 697178 702574 732225 698936 713824 709327 711546 687995 730804 761733 729981 714427 750435 738024 711621 711381 707699 696664 684150 697680 705675 724798 686753 724617 653980 680349 693619 741913 721223 769395 701151 676655 692427 694851 786743 691979 691860 707035 706923 
687343 744415 759978 808298 747766 756982 700003 719322 762583 739868 707611 698300 724457 718989 730633 794402 752848 790146 804147 738628 779762 774721 752891 713174 725932 748324 742431 758512 748448 752924 762624 710525 819812 768318 708204 706181 733694 711992 732842 769684 739998 700183 780965 724083 715135 763618 720140 748972 721095 718425 710740 720333 753300 726431 786882 706841 698934 738358 742132 722879 712888 751649 712592 745487 734560 792082 713163 739603 740216 782550 697932 739890 774936 715986 755732 742196 697815 716799 731611 732892 720838 688190 714353 743630 733937 721458 730018 690157 733783 757928 798695 720195 702126 733296 710059 738954 743981 749115 753860 716580 769486 752520 738671 700490 712818 714715 817158 711651 738969 730190 720908 696127 731995 727635 728986 801255 697022 733125 747196 712706 770092 764428 780691 756448 740833 799213 715116 739413 797605 744673 679947 792471 759503 738674 736420 740238 746625 765695 741477 729226 740143 762426 722972 728530 703112 762176 753159 710018 744007 761337 703365 737478 731150 737136 717171 756548 750731 731668 752285 712521 749117 722513 704820 760424 731256 709530 734288 754704 780721 725994 753310 703240 676068 734825 744722 746683 727083 758088 740890 784648 712425 698653 707402 737805 739358 761465 732866 742034 736179 781821 835964 733024 788599 732174 743865 751025 800097 762739 788736 709267 766599 736629 682024 759478 723935 747351 701613 728634 758803 776235 739915 719264 723933 717614 690940 697296 779992 711804 677295 807282 744654 752050 732150 750591 730469 680292 747855 755247 758856 753521 705830 768939 737463 730781 750148 767776 750357 729975 765945 764552 695152 751402 731800 729956 728578 720595 743468 700516 778572 716025 745879 749888 773531 707035 736122 717264 723463 708103 736578 744950 745594 761863 702185 778930 694111 740851 739898 734679 713749 718872 795943 750342 740951 758069 727958 756790 740052 737238 727556 722939 712089 756166 762094 726675 734304 703006 727177 713454 763893 728652 762460 740907 728503 737047 735207 811687 719283 722153 703849 695202 
659563 700217 710626 781245 728113 711470 690154 682881 743858 724539 695874 671957 714712 722344 719324 724293 754986 733858 777640 699321 729901 728288 679221 707580 703211 696782 720645 716248 719677 746144 713127 684671 762226 732181 699567 696510 693082 667974 744457 750846 714056 702283 765703 721460 670828 737893 720866 700539 707497 682310 716773 725240 735405 693201 727505 707055 677728 719710 688563 716885 704399 731212 698524 726634 688890 734877 680999 730391 691515 733132 687086 694933 754957 701350 713535 705227 666768 679341 679604 682282 716526 695637 694464 704516 690265 725223 699824 692588 728533 764228 775895 700596 704379 737812 690030 715313 754489 711305 739109 699186 733401 721960 711106 660302 681992 720655 742141 647670 716747 700611 685850 695171 714658 723216 700448 747920 678385 704413 724245 697056 719788 748699 726973 732028 715930 781277 706204 715054 736490 696825 647392 721410 725274 702104 704022 696041 745086 711695 706393 713020 720206 691461 691731 713052 700269 742842 671546 698964 728934 760620 675453 681423 706312 711766 704847 719098 700222 703762 744901 694322 717568 687507 675732 718616 691432 693710 717342 742673 752468 693997 729811 682228 664784 688226 685772 705351 693338 744514 727347 738084 672730 701072 681819 740030 691355 765651 742686 749917 716833 731762 806131 709542 751054 720158 726657 711538 758200 733993 760356 676687 757623 703730 681359 745451 706195 732456 677201 694386 726418 756636 736911 704383 695314 675769 641969 712351 739194 708634 680637 788439 732745 730922 726405 722616 705791 698030 712055 694636 751688 720599 701355 729842 705863 664689 730126 725131 719795 711109 736360 761086 669707 701665 724455 691463 717291 707087 732909 684805 716833 692410 755907 726475 710436 699634 733261 715293 730789 706125 721357 727108 701208 722229 692908 749047 666663 765198 687725 691978 713565 724920 761806 723113 731421 726996 705509 737898 707973 660417 690959 697932 702186 708029 757354 688074 721585 675161 708088 687313 731267 707341 744518 684362 703128 705220 708860 774226 705588 698762 704598 689436 
694274 756412 773714 827061 792041 759617 736828 751454 795087 762477 726564 704932 754859 757927 747146 798484 786139 774078 812975 722453 788006 785493 767227 760546 775203 789740 741798 771369 782236 814742 753492 727254 815440 774705 742423 747515 696610 741049 764666 796718 746083 737265 799770 791989 711093 767800 739387 784640 739438 714333 750268 777897 791816 746106 821316 754492 739581 792760 767344 762414 772707 788122 734661 759076 750384 780519 693056 776388 762582 789276 742774 751611 785327 758500 763837 758866 773249 756060 768586 750724 734083 717811 770211 756995 760014 766535 757699 726390 759774 780654 813615 751835 777036 766605 743813 753679 810784 797380 791980 746634 781968 780826 772300 722484 778633 752569 793264 752134 722418 768245 726310 735966 743847 724504 750769 824051 716731 726522 796242 749240 784172 795088 782758 772730 752315 832410 760453 781812 783480 754973 706279 815339 774219 730544 778606 766490 765713 780794 758693 779281 774224 753821 765154 724009 737230 812126 724580 760687 733834 787958 740251 770713 724514 714487 745442 791784 757478 751712 770386 755153 762488 765032 723435 781950 729266 742591 772814 766664 778142 764146 787144 726097 710281 739409 777570 770656 719268 777349 781237 796499 699595 733756 747231 815312 773891 801630 786165 775286 757391 793115 859684 750193 813359 750346 786401 769407 810529 799832 814749 731710 797507 730898 711991 769710 759747 752847 696443 729640 810771 794055 780061 747921 754591 722376 733780 757681 833359 758205 733203 821434 768145 777924 756612 794499 762539 708806 744680 755737 743902 772249 750704 796847 773047 746438 757037 738956 752678 752431 801275 802427 710626 733178 774568 757479 761217 755357 752726 774347 795601 751426 765535 788500 795262 735247 774842 759593 758902 722669 786386 754771 754468 781835 730635 778906 748531 805616 749432 748545 731399 753151 819393 778948 760152 805509 734131 760394 759465 746628 738048 772232 726531 766916 769324 727916 740905 739423 742633 722086 793024 765430 801891 769789 758296 758658 739240 844405 736086 769865 778292 763965 
664897 748985 735243 816621 777344 723819 712026 728495 751348 769274 695339 689799 737085 736889 719761 763887 765417 762014 790373 727272 749458 761679 735789 711482 727052 748492 753516 741185 711837 771140 763726 657449 809088 759737 732871 694789 688842 698266 737718 780651 728673 721231 773063 727340 724703 748133 720931 801050 723952 711600 746251 718318 744270 730493 752693 718615 735230 777208 729948 755758 719847 736167 725450 729735 706148 766485 679928 731786 730192 782376 715344 741718 745406 728647 738355 720779 753407 734926 741055 720610 702807 715155 745876 724274 734731 731312 727716 706210 748993 800577 773660 707888 760040 787582 733981 733178 783639 768738 774987 717290 762954 746842 742924 708136 728371 730667 772535 691785 738597 739169 713731 713156 739607 723783 721588 770760 708359 715658 768830 727798 739165 763944 731959 754352 747708 802001 724928 727138 723597 749995 665092 785047 743918 708697 756076 752122 720603 750538 738825 720832 751197 772520 748815 749392 730214 768036 712630 740299 710161 749618 708841 750023 700112 720848 737425 745297 749811 711492 724124 713306 697354 768983 712918 730870 730130 701449 742885 757734 751976 737911 757509 724576 692376 695210 737384 759018 743828 772781 743589 751855 687592 733669 719934 772490 704199 798883 734122 759835 729732 775210 819535 739195 814745 724716 757475 742365 759772 784750 795692 714363 757705 698501 706652 762568 736692 735148 755504 688799 742115 786121 765437 728729 736363 725432 711597 751235 776863 734375 703317 800043 766675 747355 725685 734160 706138 718260 710673 728998 752218 747953 732857 742586 718309 731053 738274 733048 723778 738255 735239 794730 707227 729338 719166 729263 757960 737187 744107 751055 759497 704107 752717 735602 732393 760032 757432 724325 738281 677158 764769 754636 714699 770313 695349 777402 717895 771351 763212 733980 709112 744302 770618 775597 747721 776955 726999 741424 746420 738955 721919 733091 735441 731041 757676 725072 733984 694400 731068 717934 750846 720365 788258 728306 710892 713464 726867 819766 705266 741429 712751 715251 
689132 733837 757231 819132 751714 724537 722685 751640 767784 765090 684095 707970 738116 747137 741508 782551 776055 756581 812422 745617 743945 761098 701912 766442 738756 723252 729086 760214 766623 767889 740709 700049 834309 804380 730287 731544 701604 718778 787483 772553 736922 728766 810002 724936 701812 769617 755253 776494 733679 706113 761974 754212 770694 717946 764709 714650 754165 764061 763829 735066 760402 765578 722852 739753 720516 778275 718820 727155 736055 733836 733420 711644 750100 741316 733883 732274 722236 758116 742237 737668 707165 703974 749556 757746 747208 731311 754763 730227 753045 798820 807054 745248 767526 731311 759547 763991 761828 761631 804693 738567 775338 767354 751370 700290 743642 757198 805556 709462 741162 730813 746105 707690 731400 718042 740897 779775 726073 727622 784835 743228 783636 776772 777820 736373 762175 803571 729774 748625 758286 767604 681552 807096 755237 710679 770967 727853 761444 733933 722545 727365 751564 783839 759500 737325 720099 745666 720122 730925 743421 787076 678657 766120 720105 722893 749974 735541 749877 739278 736864 737637 740057 756353 704241 754769 713327 709420 723722 781548 784253 738902 756432 680147 693453 731705 724962 728953 741004 789540 742303 782969 711774 735301 718217 787656 715211 793871 770354 754998 737423 769035 861374 732688 778463 740737 744784 727555 776365 751534 765997 707245 767794 729565 725976 784862 724829 721283 720776 735618 774016 796834 733785 761817 735373 721490 694296 704080 773103 725677 706982 821232 763568 778316 747840 769038 705490 720674 739892 766278 769444 759284 707728 741411 730681 714071 756567 757495 740528 765473 755094 771153 741751 751258 720352 725442 744957 731279 774987 716580 758586 715886 765979 739613 751126 704382 743919 726741 737551 690886 740286 738551 755340 738988 728953 748928 726071 743515 744806 744059 727508 749627 806730 756776 742906 770733 769482 754621 741968 715469 731442 766379 718602 751849 778030 746207 735555 718502 716277 735772 774232 760045 783428 734869 725437 746642 736552 805240 726159 747832 752824 720417 
661988 722601 711932 767129 707532 680323 700434 714724 726930 715786 684654 668089 692829 685326 675709 714536 716550 728120 740520 715848 712725 716682 723130 722972 675665 684484 683130 690261 695059 712098 688477 659045 769109 718313 693741 702626 667257 668791 714415 696253 684974 659166 729761 701416 659064 713312 691380 739745 709740 620012 670835 717644 717545 704984 720902 674099 677285 737003 720926 714499 703122 698379 688737 724292 685648 737564 646554 712725 722192 740107 663900 701034 716016 678899 691522 704139 624675 705345 668433 677675 662164 674471 686759 697226 679317 701797 663562 675315 715620 749864 760976 696471 704092 726262 711486 693025 759081 765525 731801 700182 723955 712751 713500 687671 705532 713054 745145 654446 677799 707162 687241 655579 689712 677559 706683 749454 647214 679511 715203 687889 686407 691776 697055 727889 716879 726276 708684 705850 713007 694723 646092 757655 697657 680275 725532 714886 726088 698811 678486 708987 725836 679191 689525 706327 680366 725869 672342 706420 705327 729251 682200 709127 692352 696829 684357 704109 717374 686493 675904 687776 700521 713157 688310 711271 660705 662401 703981 720045 718597 688584 715777 677291 636112 675189 689349 686681 704919 744480 677029 735849 669480 671235 676821 715043 663700 745954 721085 696885 727543 734594 794556 690762 761040 731803 707628 732288 737648 693441 738130 641107 715887 704712 681313 708229 668694 683600 665888 704725 751055 766505 721546 692936 684176 699046 631987 700854 743343 729637 665024 743009 714638 715550 731218 703284 700318 674239 673132 722698 709463 724541 695175 735943 671888 686516 699111 701649 708180 705881 709470 691982 695275 706795 680598 711879 741145 699486 728993 648882 718265 648800 723153 691271 732015 682522 710328 657834 714653 681831 703794 699594 658180 707758 690377 711401 669443 725673 730563 706086 685113 685438 753878 714856 704687 716492 726430 716390 715199 689898 696203 689340 681016 700267 706022 701584 688978 661606 698482 673704 714561 714978 746618 677946 668586 707228 697739 752668 692839 702201 707562 677143 
676191 724417 734457 804924 742566 731034 712145 710769 748882 742620 675348 710996 715655 704604 693788 744021 747113 758498 747343 713378 751085 743228 717376 727797 729651 737438 682782 697781 732634 754407 753717 720372 792784 752914 715658 694404 722133 683612 737306 749504 718998 695042 768190 738040 723765 740147 711239 752552 716571 712026 738387 721219 736823 711855 774341 702311 715421 746503 725286 752425 742543 754714 729017 729914 688923 746225 716674 732502 726602 778616 721104 722649 742900 736806 748337 711377 728627 700741 703300 708948 701940 702698 718550 746283 722453 713366 703066 707407 728207 759031 779441 714022 727330 740245 723922 758867 765880 763762 778095 708547 750407 739481 723163 706860 691939 727241 752163 698139 735557 740084 730503 689962 730732 691406 712585 758108 697034 725378 749953 691195 742839 745035 742484 739830 739133 793253 752606 743583 762899 730133 658189 748210 758542 698005 764089 716461 709561 733423 726621 737454 735622 703759 730086 727133 698869 733624 704980 719347 710476 757678 708642 727442 683745 724792 708068 739561 730361 713168 739497 718098 712802 722087 695254 753681 709789 735202 752672 772618 754335 696947 740321 697028 688370 694305 715045 731522 727116 792974 736894 754280 692302 702069 716809 757903 729555 759661 708541 724620 728991 782210 823869 723717 767842 715647 737271 740428 756096 758857 768056 724319 756160 687440 723619 751130 709348 750791 713516 675612 756184 761324 753658 720960 733840 699948 687411 727592 787398 772550 689941 761140 723216 750095 730567 730418 762649 677699 710374 711047 720730 722517 693839 709119 715808 724972 744547 740610 735625 747386 733558 777722 700848 722988 701419 709594 738110 729113 751006 697373 742437 717182 749118 719741 742412 733862 714205 708127 727437 708251 737439 727123 723359 736575 721573 748786 706880 762232 716890 741693 750347 738888 777248 730963 751477 759439 706415 733827 729632 702891 697953 726657 712514 714624 705676 677261 700069 673531 717598 687306 761974 770626 769382 713605 735477 725945 731883 766303 710009 728947 718099 705536 
697293 720021 745926 786646 748261 703406 685572 724249 737002 766225 692167 675425 758730 728037 678865 774338 743070 762050 777686 743991 774013 741348 724433 709909 715242 718097 725492 714827 736227 754863 745575 683843 799627 743502 722528 710743 692855 685379 738403 743963 709638 716964 778096 712982 719333 745513 703050 764647 731960 714680 738546 758393 740621 703155 754942 701885 718812 766520 703827 745950 723860 745116 748042 759492 727822 744403 668714 713428 737811 761339 732285 739359 725041 747927 725029 729555 714791 740376 687468 714555 718774 711936 700744 727716 697843 715973 715808 708061 751364 795926 797981 725770 757438 731776 744128 728331 780700 778708 782141 714099 760609 744400 734286 710850 727575 741603 764460 708069 710066 751370 740401 710332 730103 734149 733720 773321 686971 720354 756276 733043 740507 765391 766554 749502 737078 803076 732850 750080 747697 735090 609927 788570 719552 712049 748777 756045 755825 737710 710558 720730 747081 711953 731121 736917 708180 741285 706069 735208 738646 769030 724988 719263 710368 730491 729318 753836 720833 727871 710632 726862 705877 722583 689286 751822 717270 714125 752481 754470 750564 701146 735124 729782 676978 687416 755271 763431 715625 758686 732129 773973 695509 735390 700200 782834 716787 791784 753241 750164 734205 759253 823596 717157 802518 728310 722201 741906 741624 754515 757970 689958 719324 697752 719094 749006 706827 698213 726889 672544 747072 794796 743648 738949 719492 699973 688231 743592 768532 747027 667456 776467 730269 753139 715173 776235 714113 699708 730204 730667 718069 721581 668569 756923 700190 713080 735288 741581 727796 755227 753549 754576 704430 715652 699112 694372 721236 726502 753302 725705 766769 695940 760345 719744 739527 710435 750896 695456 727016 678491 787215 705970 736165 719652 689509 736331 710884 768459 709460 732295 692123 751942 769945 738096 739552 745679 753146 732067 723418 708926 727944 720459 711751 710984 752194 708469 708588 695659 706617 679305 750336 728400 776612 725280 719769 703646 733850 776403 729382 739066 710331 689097 
709105 714018 722371 776888 751200 716739 730141 719880 764106 735951 684750 684813 755399 709695 741514 752721 753894 748184 784651 742406 748443 738043 711051 757172 725614 746792 738904 747815 758744 776440 758083 711510 800335 781732 729016 708601 683529 700446 734413 750321 711355 706589 784287 719038 715531 776158 741116 785497 719961 724584 730890 739043 752500 718047 763046 692462 709672 752485 732243 726365 756138 758481 738801 719337 733011 759883 690424 757294 712627 754898 734194 732860 774209 749227 727778 740860 709293 705036 729413 706565 685643 727436 732722 709221 738343 737753 699505 703006 733248 753985 781902 729666 758623 746815 734829 732777 761619 782862 765222 725778 750967 737432 735885 671001 700764 722648 789200 700792 715185 712963 714242 723208 756619 713851 734946 777288 719087 700205 766808 698641 772060 754879 763422 729458 733106 786038 736717 753249 746978 733089 659255 799042 759846 699606 754100 724790 762252 748128 724766 730717 731073 754099 738290 731893 698035 764149 709969 741816 708621 753971 676560 769364 714074 724377 729532 739443 729192 685182 724292 731252 731669 731259 702468 747380 713701 723115 728593 742775 755688 753892 739782 718582 690060 715906 723329 733645 723999 764813 728275 755742 677757 719295 726766 785792 707023 769349 745744 752479 708932 779422 826153 748630 794992 712889 738444 746774 779454 762997 777326 701786 773523 719703 707429 767449 711284 734174 689728 698443 775469 805805 740065 706301 755844 700215 704669 761658 782074 734953 691910 785705 728663 732913 703908 754943 723520 718110 727879 761497 711226 735573 701152 743075 728632 701494 741315 755343 745042 746461 758547 772280 734980 724279 711281 707009 727458 744170 752323 706968 773482 702771 739399 751723 741961 718504 772193 702284 759229 721798 761634 716944 741434 752189 704222 762197 701562 764520 731805 722304 736294 738463 792894 733511 727339 768346 734930 736943 740692 720151 737630 750969 703322 735975 742501 720850 730683 678587 738529 700726 764289 741233 750132 720987 758628 708707 718110 802883 728111 736647 710809 680986 
716521 752538 761994 836961 799254 740554 702812 740572 761937 800754 728659 742211 764763 752667 753502 766520 813903 798846 809152 760643 774705 774976 792094 778175 776236 761693 718758 739686 759077 772862 793534 700309 818687 789183 749374 751057 701130 733805 788661 788817 746229 756684 799661 776006 731739 763081 760692 796948 751250 732101 748694 756441 754645 771194 806574 727313 756333 749138 760940 769589 760437 777135 763469 768874 737308 788267 708933 777232 774846 770730 779271 759684 764820 766246 745774 744878 735606 748639 747835 739357 718665 741397 763896 733468 768679 762139 726339 729050 781449 810553 819531 760174 773651 782003 735214 782945 798239 821270 787216 748539 787362 781393 785226 724432 775965 758773 785013 710096 733769 809618 740386 720841 766110 741937 742151 823064 741889 711016 787191 752147 776464 814164 775407 796938 771886 802780 772297 785117 777202 754695 692825 810887 767066 748395 778115 755272 767334 745527 785227 755431 781382 763172 780565 729715 717786 784047 712874 757692 758531 791075 753275 770947 756409 778473 750959 760036 734532 739960 748941 762817 730046 756739 713222 751483 753653 752001 771382 764480 796716 758208 763514 747831 690296 738778 763827 786847 789093 802964 771675 792354 709870 729966 746071 796769 747697 817967 778077 793590 753107 785865 839615 758283 786093 756107 749247 759209 797550 782286 799489 742549 780412 742929 739554 772767 777410 743562 725277 718198 786168 794305 756540 776020 745732 729636 733628 765528 824598 748325 730890 808053 755387 766750 735480 784518 767963 731431 759501 754340 772864 775515 727330 756203 735982 731991 745465 785546 781426 784387 747553 781512 755656 749927 750152 741564 794227 737186 798356 745713 770483 750727 779392 765051 766947 739861 769537 740062 767106 725703 780988 770658 769099 747743 726323 809459 752723 804988 748210 745836 753567 787167 795196 786610 750555 784456 756928 777756 746340 728329 735164 763526 749556 771959 793382 775228 755321 726772 768627 718733 766829 783124 822230 753173 751267 728576 734859 824255 769069 755207 745284 747408 
730027 764796 793347 843871 792739 768634 738517 768273 791210 753755 759341 762537 779354 772032 718645 803774 782882 803406 836754 778375 809858 795414 808749 755972 753171 801783 785978 764010 765584 822074 819336 745321 849338 767095 751223 771097 741482 760610 792170 809039 782430 763732 837348 771485 758624 815110 752299 825714 802625 728411 757817 800088 806846 794487 804839 750748 777516 789382 797155 763495 781649 811072 767431 808398 773789 808323 705271 791081 768121 772645 773727 802068 782638 790047 763344 774505 759890 767060 746722 756289 751416 755381 787032 755614 770821 781932 767102 748152 773596 805964 860597 750524 772057 802342 780910 813911 809970 813352 816213 774854 824355 820759 818881 736937 780479 798581 792898 743102 758683 807016 787049 719257 753528 760322 766774 839718 739081 721858 818324 761204 788736 775150 823863 779864 757464 805381 778354 763750 788739 773720 703405 829501 766514 760568 780689 775947 757924 793955 774800 785210 790349 816859 777618 766046 757499 787908 769970 764996 784784 790236 769873 775399 750974 743880 740817 772876 799819 764053 784024 793254 781650 786085 756107 825834 753770 769044 780110 807344 808144 744676 802109 754486 696051 761331 774609 805761 781865 828282 764922 798492 712659 737569 763381 796012 753455 858759 802682 785368 753349 840862 864067 781931 836705 777056 781445 753907 829868 805716 820575 732042 829625 767384 753002 806465 756031 789419 758461 736270 807903 829314 783690 772952 754510 758040 742816 776394 860262 792308 739358 844010 772174 799312 773075 830625 788064 759700 790227 764209 754662 785320 739297 798193 765412 758391 780004 787923 805155 768453 795230 827745 772577 772504 786910 744870 810945 762942 777990 760930 801542 756531 784995 751767 768723 759092 815423 749069 776279 743430 783785 784876 770410 802569 744002 809704 772351 803210 764421 793780 753162 791704 818448 803157 766967 799338 783924 796456 776694 765249 744965 760400 753682 762523 805976 766195 751951 719043 801018 759870 792348 789182 797260 782915 778408 755702 758974 847732 771720 802917 800004 787484 
665050 726914 690922 803353 709191 696585 671332 707161 697986 717968 653097 664437 710496 708490 685643 712863 709325 717634 782245 715725 705360 712505 695452 675183 687664 667809 679263 700338 685949 735341 715324 626528 764055 713780 676900 688394 677739 641466 711123 718814 698788 674712 751871 700533 671204 729594 684293 701674 695401 683962 692108 690916 697689 684413 712997 701847 684168 709792 720014 713747 689570 726601 688518 707915 681082 715698 637272 682455 693252 714070 673700 673514 730442 688494 683109 686402 661399 700382 692616 666249 659517 722505 706296 678880 696648 693095 686688 669369 706543 738135 763007 711032 676381 678176 717593 690468 728710 750214 755813 700224 718143 708346 710363 680797 719320 721298 722615 653308 657914 679011 662095 659880 663589 683333 678512 754744 659322 662127 723482 685793 699766 727349 723982 705348 685006 714778 675091 685071 734590 702930 637292 748520 704265 655249 717385 690518 719513 683532 691827 712990 727333 713072 679520 688669 667931 676063 676052 675692 685823 712868 668722 695544 701086 659069 692121 741773 715037 647296 708632 690754 680746 691619 691965 705234 668175 688503 701768 720072 745162 684857 746346 664273 650118 675252 676363 735369 691832 723934 695460 724153 679409 692628 668349 741017 670104 767676 700646 692676 713417 721363 778722 670739 746903 693329 734224 711926 738555 709498 728332 652169 712611 705470 657855 732341 692849 670542 657115 690887 679885 750665 701197 685638 707384 675733 660596 693260 748146 694437 662423 754880 700165 688958 689132 703152 695750 700027 659301 701355 697887 720139 667246 717909 710438 651625 712546 687835 700128 711072 705780 736265 681344 718423 672523 675556 716417 675010 719008 678170 694355 684099 720656 683244 677681 686468 725375 644628 709382 673869 732064 700276 695250 681997 680894 727646 681040 718946 684207 738536 667511 707745 731496 705676 693915 702625 729265 713007 680237 677791 673820 704227 690505 705819 723661 674371 685121 643534 690638 657185 704091 710698 729774 665702 676724 689302 700942 752320 694987 693408 711593 713206 
742847 766805 791828 841189 795651 776636 735106 793156 794617 795579 733645 732762 783260 763516 749280 811942 791843 810152 846494 769617 772826 799514 786851 782776 747217 812361 772367 806419 764584 797049 810457 739851 857537 784201 769040 762388 725535 736915 765439 812017 776108 760502 813519 768131 767220 796799 789337 818291 790102 775272 764819 771029 782522 801916 811328 752201 783784 797213 815690 794518 758468 780925 786491 791228 760051 816193 721220 786706 778149 793186 777477 796788 760354 730474 790145 799494 772568 776710 776766 765242 732378 790232 762039 776185 761272 750919 762774 757074 788948 808315 853468 772734 812812 809979 775672 801793 826620 831214 811734 785078 798398 796411 795500 754369 787672 761812 829656 745109 750002 805969 751229 742624 783645 760351 796953 780210 737564 742328 771113 762977 777794 797823 816044 798678 793770 820666 766344 796935 811340 785893 713238 820284 822679 775719 797650 783180 804148 767969 780828 775549 787168 767683 768125 774985 746192 816440 759106 796624 759474 804317 755641 798919 764230 788119 752070 777696 797439 761307 748788 762734 785693 800252 727837 787561 756325 768889 784763 774766 815624 785450 784379 777527 734766 753704 800020 783940 773602 806623 797189 813971 772074 741556 756962 832258 750566 846656 787425 798839 732674 837802 892030 772288 849388 782792 792788 812071 808836 780981 847319 761579 803915 768340 766140 806996 769208 759647 794286 742249 790268 811848 809426 787521 794004 732014 734792 806992 841218 770090 743282 843038 781758 781573 753382 797085 765590 749528 779374 779732 779026 811859 750244 775074 768999 776610 786770 787814 786380 787743 835271 797191 752897 764058 778760 766159 786266 765879 792376 774490 786617 761054 801744 778467 799759 743072 775007 749868 792028 744345 789346 769251 775187 805257 743771 813064 771549 817118 772606 773522 768881 806797 815620 784238 773946 813914 792689 784137 812825 765282 749767 775496 777522 783450 797855 752248 772476 731294 760998 750846 800492 783546 793285 789492 771340 794856 770702 854954 772051 771240 779863 761147 
741687 756311 754303 846030 776665 746771 705532 733778 758240 776666 709984 682661 748536 733078 736862 816173 779882 805810 796549 747066 813047 813979 757790 749449 762913 724844 729967 739144 728396 776831 771842 709814 840904 767642 714018 745170 731431 714352 751774 787419 750144 679488 771547 749260 735385 768918 753365 781107 745204 732351 714515 748798 765694 748388 804216 750753 733734 781213 733144 788229 746764 786983 740265 738444 728594 773671 700227 777546 747557 772526 734657 729927 769902 762090 750753 733036 733701 750781 732461 718238 713486 725186 734068 762048 740912 752572 763135 733570 731960 805265 807834 752280 747221 755630 733462 730053 806755 822234 766833 750174 808657 789077 750027 753277 780463 741641 782843 724626 745478 764455 737145 746548 734327 713665 729474 834107 714381 687343 763858 735353 769608 800200 778162 776350 733721 815853 729500 775852 802195 753051 685490 802294 771103 736241 793140 768820 762084 740575 752172 751072 760626 735885 762013 761993 756254 772342 714597 748520 726031 772357 711411 766289 736954 735585 749368 740899 748990 739421 726515 752199 723812 764622 698139 780043 739345 749068 758481 768450 803899 727083 763264 739261 712319 702963 779911 755917 731860 799464 775418 775643 720151 776178 744806 772518 740368 793430 765926 768634 764062 795794 861946 739293 800097 753264 759649 758942 788319 762909 759935 734386 759573 757168 703412 800811 734099 752790 697413 737018 772814 827034 782273 758510 732011 704449 728656 723808 826391 749155 695060 799776 772104 733482 774904 761259 753161 710519 733415 746368 760690 758421 702363 770375 725902 724761 737121 758213 756454 754514 783863 772284 733538 755544 739529 743467 773771 737316 730190 744921 791958 735637 766876 753143 782179 760155 768658 711626 766391 738375 786632 758385 767534 757504 741498 797778 713096 772583 747040 753756 735848 769887 803116 770275 745442 771135 764436 757460 765271 736197 744015 758789 757214 772943 761919 715565 743973 709682 723128 704251 770991 761996 795035 777269 754798 717256 765774 813272 743708 751429 717719 724945 
687819 707232 768933 792087 750573 709386 691852 723497 739501 728436 717199 703254 726950 709977 699402 770136 757745 766576 795588 705822 742180 723330 726893 757239 725410 732056 718288 725204 743126 761614 762027 673932 795949 741225 704029 721198 690586 718818 743672 758887 709114 707711 748733 703205 669254 742828 728672 751611 713959 696914 723653 725961 771643 733135 762402 699426 741555 737517 748942 773806 746205 746191 709804 722040 717820 735146 651209 747856 707883 770073 724069 711131 733522 708935 697347 714426 727300 712980 723546 708225 701532 686117 729721 711911 728374 707510 701844 714079 730045 771795 801888 719846 756200 769467 720478 758489 774803 791872 770828 705200 741683 715363 763773 698945 745538 712035 792222 690127 711627 745629 738973 710599 730245 704273 706477 769211 675172 702475 749065 708949 761464 759380 734982 758101 731699 791704 728111 726342 751634 713674 656198 791418 741477 703130 746002 729532 712608 721540 709286 730538 738276 720447 718957 735960 676304 761424 696304 719531 718087 783808 734937 742576 702684 758192 731201 728950 709212 711263 752236 747090 705748 746861 683871 734534 718090 710403 735401 763189 751216 706889 742479 709162 691160 723980 715458 736405 735087 770297 771686 775796 689085 700117 693928 770862 718497 787932 736021 760102 721573 778452 824176 714000 771963 758718 728536 740598 772403 774888 779300 710504 717756 703790 688761 765829 734869 742157 685869 699408 754931 756109 743271 726272 731752 684537 691597 729548 773671 706643 688452 782009 737918 743369 709648 740650 721665 709708 706681 756345 736970 750086 706873 756730 716448 727862 723403 743803 755033 747165 738072 772161 717796 732109 743403 701674 739715 677120 731360 711317 743195 692847 745561 722113 734864 692897 733441 708680 722877 689894 748951 743588 745017 728940 699624 738493 699683 776024 723606 709469 717601 729910 777792 734857 724167 763982 739167 734366 724645 734175 709706 739052 680262 734522 772585 726940 717192 656727 716371 684178 736686 725677 752795 710143 727742 688891 685247 796091 736778 756042 722575 713149 
709967 729008 745672 805418 749623 740199 724367 727590 766695 760363 723621 719874 739181 731770 711314 749681 768945 773958 811141 747167 735233 779319 763270 742044 771939 732889 716942 739186 725948 775451 740699 684118 796077 765770 717648 705305 692529 711330 774829 773298 754807 716216 792475 749618 706180 773887 725229 770133 717561 724551 735037 747181 765066 735755 787439 718055 715944 772978 737289 766340 708024 752613 733903 736711 748937 777263 690550 721595 739366 753489 728822 732868 767238 736511 746233 706854 738971 736087 729969 714259 731777 726001 719201 747559 728441 751177 742733 730678 738933 811110 796683 753216 755668 762136 727002 775736 778134 783171 797615 744633 752884 729702 767478 716655 738497 766031 791323 694907 731336 739379 746183 683566 731491 702385 697764 792497 718828 704610 782656 732461 767082 753415 768740 751243 755332 787604 722284 746609 766138 743265 666942 779382 726728 721802 751654 723069 739515 755568 723271 741909 733468 751912 713378 731656 702739 778047 714008 717021 734064 763482 724744 752530 718343 721697 741743 733451 711590 723083 726968 738851 723759 723579 685592 738591 713837 714701 774850 758019 749383 741897 753408 717186 695439 699848 759327 755584 750525 774816 761675 775775 719927 716048 734135 780304 744273 812630 739866 762557 731028 781507 822000 700462 808924 734651 726739 747440 786388 760104 768458 715581 733780 730068 695545 772483 750360 740708 712480 695205 778461 766609 764901 748218 746952 716755 668303 730133 776893 729263 681492 798442 787848 748205 703845 782366 716246 702669 724464 737110 737749 764038 728378 767404 736533 726894 751665 746333 739258 738553 743868 756627 729479 767119 736874 732087 741364 710516 749875 735948 731049 714112 759179 775735 764740 722540 746928 728228 724840 682972 775836 779297 720350 738924 738722 780547 726488 746211 723490 732428 724624 743622 789898 778401 731140 767674 745332 759906 737045 739422 738583 744050 732094 735615 769512 723458 726561 719128 739446 714758 751470 748739 789391 712769 706820 717039 766543 808575 740597 736582 731754 726161 
665645 714006 746020 827418 761576 703346 724387 712513 748566 734514 710079 692234 743552 708332 733814 740201 746997 752301 791808 737810 739963 740136 706307 736675 732246 714541 715197 732258 719580 755594 724304 702799 787714 739086 682197 669039 725899 691321 737649 748900 742950 667948 784222 727946 700253 716222 702590 749293 713087 701216 701753 713530 734371 702195 789805 719393 706485 754204 725642 761681 728969 758752 743913 726028 672121 751588 654870 741419 684478 742399 702108 706372 735002 709459 717753 734235 735738 700919 696815 712764 703143 703982 722083 733599 732229 720653 723205 708190 729119 790639 775454 710589 759508 751411 732445 723852 721191 734091 764717 710084 742417 739240 739723 689577 709289 692989 802459 676056 715618 732789 715525 697736 720545 719649 714956 793931 670329 700965 743240 698629 775397 767787 735144 767088 696817 804368 708615 720971 766315 734741 642852 757647 754399 728978 743722 708558 731426 708831 722286 735708 740272 716689 719919 722958 688903 734549 704003 717914 740227 772941 689465 730845 714392 737122 739789 731614 703100 701744 734956 754378 729871 731533 683687 732423 695520 726698 719124 755772 746224 710543 725372 699369 686442 691284 717228 734795 706378 754686 753222 779480 708575 714907 686417 734947 678533 794350 746150 749006 720004 733147 820296 707698 778294 707767 714768 753902 753089 744299 736336 707940 736787 713372 696778 756023 733313 712628 686227 713964 754318 777037 737760 735403 745516 692611 685378 725829 773552 716054 684050 792314 748749 732773 714607 737108 728289 706802 706522 726294 725238 727280 687176 722125 695845 700433 719648 721496 721149 725469 726510 785560 725709 725988 723093 701040 712426 707545 742353 696647 744817 695933 730642 719441 744292 708035 732318 684062 730296 688678 750580 715184 704725 742129 691965 736969 715865 755156 685482 693181 698551 754105 774832 723233 749200 758544 718277 724979 710916 685548 690885 714693 714717 738531 753008 696648 711094 648283 691866 674956 741975 720781 784264 694122 730510 698781 708650 788305 709321 746207 727662 674714 
668104 737709 727593 813444 752584 717179 708673 725377 723064 740457 672683 694396 725983 701723 690804 767847 742969 744998 773495 724035 746173 738754 713264 719613 719197 722445 691952 729136 724460 750791 747926 709280 794224 751433 724817 711825 694966 686623 722853 766701 748425 699594 745661 720253 733621 744718 734293 749786 745449 726122 683105 725071 760926 717284 754165 713774 720528 749724 742975 717207 731050 739847 724317 753620 730755 765106 673770 724972 714559 751109 734845 739730 766641 717198 719084 706296 691324 745405 730248 707160 703311 734381 724469 750254 747157 728484 707607 702443 716528 760756 797430 750324 771344 716198 730138 738432 756120 748862 763133 732442 763293 748619 735723 716853 723969 732484 804566 705004 691108 746556 712546 714268 739270 720187 728011 781073 708593 694743 746617 685683 730013 748406 774311 744653 769033 755512 716704 747083 739076 727637 673202 773031 714606 698650 751018 743739 739711 719553 725708 735349 740718 710102 715586 719629 697145 756067 708653 711423 702750 784106 706656 725351 725494 727028 735598 720576 735192 711286 728695 728450 741489 749092 704121 746504 711658 732891 740525 745028 748752 727921 733646 722403 675129 691884 722113 739288 722786 742947 731769 784989 705698 707672 708206 779911 693250 776375 741983 739443 706539 773848 838484 724077 763342 723988 743278 780280 794028 733513 776238 672733 745203 735617 703312 736371 724073 722036 729306 715213 751727 794677 744170 724333 737973 676071 691367 739727 776215 708862 674487 771360 757166 739571 721568 746572 749656 685522 687328 746644 708977 762266 702130 750652 694441 710339 737755 722183 730363 747498 754167 755995 721034 727018 732941 733617 745892 733851 737707 714042 754122 683056 736978 751564 779334 700728 764918 696701 724597 716371 737452 717452 726989 730440 700430 773207 707988 754311 727526 721858 702786 744739 775347 748532 736271 739918 725070 751635 762663 716846 732735 737190 715989 750930 744618 712466 711476 693000 753202 663834 763906 753032 763033 706748 733563 667372 726308 791827 719407 727359 729454 702416 
647543 700884 708744 799898 720091 707496 685492 724256 737702 717316 689337 673600 715187 713582 691823 745294 759427 748004 756294 725829 719947 735817 741023 691685 699138 719428 707428 716065 690820 733688 745406 671335 791363 754994 692647 703549 692678 690466 718432 750788 704768 715622 719376 691510 670160 733843 705474 740469 689119 666122 715898 686640 727446 705514 761845 679584 701641 731351 723779 690989 705912 719627 733441 721430 694539 754514 651415 736705 719766 752560 717574 720957 737163 701927 733524 690067 694255 707176 725734 697809 683767 707195 730965 723589 734385 716214 690802 704158 710396 750056 795404 724623 738315 738742 698776 720441 769200 733191 734519 689987 739467 726356 723942 689428 695548 706537 748428 685987 698762 708314 717697 646683 732459 720178 707024 773518 693144 692151 710610 678922 733332 735590 743808 725354 729078 748641 688014 717294 720359 713840 626571 775248 703110 711059 737620 735707 728715 745520 725994 719720 720684 726499 705594 714283 706195 740374 688626 701741 711752 744664 693209 709225 679168 732869 699180 682584 739742 703991 721654 710404 713098 717210 694106 740016 658965 711701 754130 738565 744141 709933 745121 682628 643496 659779 693358 719489 709048 762191 723292 738672 665257 702188 699205 754736 679759 778795 725166 709565 707041 722153 788725 717665 750264 732774 733019 717849 752346 760854 773291 679926 736752 695081 667433 749372 726417 694953 710395 689784 740801 752775 726282 688835 729045 702229 675506 747699 757671 718026 666983 759267 747911 731645 681182 710859 706270 682860 708133 721717 741271 733625 666256 736183 695806 701722 680367 746802 725737 719499 736745 755897 707645 717250 700479 677225 765768 727481 730356 696968 734521 684568 767888 703001 729629 711936 738347 692487 691854 685910 721012 713043 705419 723383 705529 739133 705520 725539 700087 721259 688090 729720 761747 749443 743995 732995 722228 732281 729290 703713 734179 720306 682817 687841 737777 701293 698061 660838 700953 679787 718089 717992 756977 713225 717022 699023 704822 772723 687185 717073 710970 709534 
657991 691909 736240 761490 757241 710394 670254 705348 724384 724809 693928 665023 735615 667888 688937 753399 756204 746579 779565 730381 719910 722257 724256 734351 698462 683063 717639 724875 717685 742936 742752 665382 774628 718998 698135 696437 710964 692871 720020 768250 702669 697002 782298 724552 683513 748945 730717 739505 723285 697928 707035 738651 720909 692471 744717 647285 703130 729220 722307 697806 704428 739925 709499 702064 707913 731166 671205 721612 708735 734657 698275 698272 737233 699514 723846 702166 686977 736652 720279 719040 663175 708447 693839 702676 728950 713972 694913 688041 721688 769490 777477 706634 741879 730693 699461 718819 759490 742927 772605 700641 716464 734810 712155 674035 707078 721045 752985 681999 695368 726638 710918 664469 719430 662051 705315 763265 693395 726692 714801 700712 738607 754179 729756 733075 712986 777070 701100 696643 738481 725581 656090 761756 713715 713188 747885 722907 731561 708204 712383 703976 721510 726335 720561 715696 691157 740170 696648 688915 702036 751281 694617 717023 702474 721532 698033 721882 748511 689977 725131 702523 737722 711444 697877 730848 701281 689423 696377 709529 742028 716747 733288 675788 705814 675092 717322 713662 700620 742415 735762 747434 702727 715642 703287 755933 702992 758025 722011 742265 697608 754820 793495 718224 757690 711731 722270 704312 769625 741774 737302 687201 747273 714791 689965 740941 710884 721738 702478 661906 734077 725556 725351 704749 692910 680956 666100 730021 758239 719796 666900 767966 724663 716628 691787 717381 712626 698210 731536 697772 716791 728413 681915 742503 718107 700518 732196 737358 711106 716345 738677 750652 716619 724215 695297 683209 732447 691673 744801 691035 735373 673739 733773 690548 693360 686767 744811 699048 735139 691428 720391 711215 735607 717738 695684 728622 699127 737226 708693 718425 711792 741036 767387 750159 735480 745908 698073 712380 695451 693719 712500 722158 707145 681167 777750 706681 690633 651795 689795 690683 706523 692624 759088 732908 699749 683773 708708 762701 714702 701043 727611 717415 
729376 754979 789867 860300 810735 761633 768844 774834 805254 810582 757170 737062 784099 767311 789086 775042 818329 798668 861593 787536 787902 815158 788444 810710 758929 760424 765361 789520 782363 830564 809211 735762 864661 795428 777834 765960 765676 774185 797073 834418 766388 728275 838858 793296 745291 806979 800139 811898 777342 735568 772555 796012 816711 771321 829493 765209 760007 794422 816997 794209 784302 813932 793971 801621 760942 832115 722174 795712 783082 792237 748227 772986 802347 773321 790930 782168 783736 770120 778827 771057 772583 770518 773370 791239 815674 770663 789921 761769 789516 823079 843356 767935 802805 803319 741604 785043 812356 834533 840891 766398 780576 804823 790817 733304 796587 783967 829847 729109 754648 792023 778513 715683 775252 776581 779618 855302 747127 739115 774253 750597 796834 822006 812492 802525 775803 851465 787393 774172 826117 792119 730321 846298 790895 776661 815798 781758 810571 760085 790024 794783 789133 776364 796606 776258 751705 801540 749602 774105 750557 839722 737836 787040 788036 778024 786021 779741 791437 776133 786951 778848 761666 784699 781280 794696 764527 759900 798966 784185 828355 794077 790208 779721 736886 748286 799563 780362 797676 816560 805370 847246 765336 767309 773027 815112 767160 828204 807477 794923 752546 810169 864482 755554 816802 800672 801889 804698 826773 788598 819723 747959 822471 784113 737216 816241 793283 798794 770647 775406 827253 839906 802618 775543 776688 749753 734016 789753 838837 774657 749137 827143 810537 777287 747458 803253 788414 753166 763456 819487 792181 811247 782943 788270 780261 751363 804200 794310 779647 800228 804954 830791 772760 794545 769208 764323 788152 776562 805893 770633 795530 774874 813247 778440 788970 761936 784450 734525 792199 730812 811987 782895 746058 803890 753636 812939 769986 811640 771992 781495 765410 791542 835985 791319 785797 815416 806410 800323 776185 765965 747716 795734 769816 791915 809974 793857 762953 715116 746776 732241 781681 790794 833246 763616 750719 763976 761974 839793 790429 767193 790412 760732 
663550 734526 760793 758252 741310 715803 667859 719532 742572 730078 717763 687670 714309 706080 707272 763970 717483 731973 757713 704465 731687 738961 731225 692050 723576 752054 694781 693753 701416 754647 743673 692064 793806 721195 697941 728784 666896 685329 723746 744814 711126 686659 757150 695224 693118 733647 707987 761144 732841 682779 728034 730958 738331 701248 739053 698631 727531 741195 697902 733226 729131 732604 701281 735315 707634 758333 670038 739981 708568 705047 702011 711125 734938 724404 756318 688967 714349 706466 691122 730870 673375 685732 684824 746078 712037 698210 706118 705541 703512 775217 801668 705370 703684 736342 703098 757424 773866 737809 733096 704242 735258 718007 722557 681700 718007 696266 755509 680467 699752 714534 713258 688394 721501 690045 719979 737998 683713 679382 739740 684672 728293 746138 739552 717182 714244 794983 704132 692414 737232 704837 635840 789327 733731 702557 738917 721893 707270 725353 711254 701732 745273 740146 699447 710417 691372 730301 682478 719716 709644 757045 700302 724543 686632 712527 693667 687714 730727 698248 729150 687192 730340 718018 692782 757752 672646 707061 726650 743704 743581 726636 718411 718662 657814 699505 742657 736413 691715 751643 735773 754637 680753 718482 687126 744363 707440 766959 732759 732383 724963 761966 817018 715655 742875 718129 719726 720963 752860 747529 761233 681504 722912 698407 676586 721093 707927 702020 670134 696650 728710 771366 748796 726463 683529 699784 705919 700030 752960 727858 684149 749971 733852 749432 716635 745470 698544 674737 705856 693709 722566 718673 716950 725899 714374 721390 726620 733208 716506 722764 740499 738769 695474 717453 717194 688780 711003 704784 720723 712189 736500 670365 749750 701504 711816 716016 738526 697616 707670 676047 720726 719481 712860 737575 664238 737582 714361 744213 709518 720014 707485 688875 756498 727724 719878 768950 733361 746375 695066 718003 714661 703420 715718 679263 740079 681740 693285 681414 699803 676877 744079 743413 720341 709524 712169 688882 713224 770630 692525 693525 732776 691016 
679264 716704 726146 833267 754268 722753 726326 743119 751757 783971 709243 706655 788917 722936 715078 769596 775139 793339 790025 727575 765823 759263 764582 757073 737152 757040 749576 759110 741432 779760 748273 703011 805853 766555 746589 706763 718205 712130 760943 786135 736155 688306 806221 752282 712662 787338 761328 771210 738935 686687 710395 736192 738531 720807 795015 711774 715644 774069 755588 777059 749001 750610 759782 757579 713349 771146 694527 749869 744659 759385 716969 717548 784978 739910 728528 743903 723717 762090 770058 740350 719001 710866 722292 748595 766509 751365 740114 724759 749731 805301 769967 747487 780192 756576 745591 750670 794539 777092 780453 764936 797034 772223 760008 737527 755273 731041 776171 713447 730222 747865 709182 716853 741892 728679 737102 808696 703681 703238 752344 733342 786786 777706 746317 792285 752838 791916 738730 748945 747386 771324 674845 780202 757693 734365 768045 748665 749583 740944 719149 741608 781247 758644 724382 735548 705281 777157 725763 742996 714617 793592 702626 760831 717856 723411 722560 757543 744781 733873 720202 752071 766310 776432 717082 765982 734524 728369 751220 777419 760546 726406 773081 715303 704267 707287 742992 741540 742326 764931 762867 796869 720516 739620 742661 793500 713484 818066 773344 769372 744363 773005 855178 748803 802900 726095 724515 744440 791745 770622 778427 699199 758997 732670 708137 750785 724787 754505 725426 693607 775856 800513 744721 739320 752141 709130 701771 737599 777933 758625 708843 834346 788904 770995 743609 751266 730604 719589 700731 750131 749795 773232 734415 743850 723275 711611 762144 757320 740091 773543 764368 804445 715482 745343 752397 741159 759900 765971 762334 740056 750949 720130 768942 791352 761446 740169 771549 725849 751234 696630 744358 716340 736332 738481 747635 779076 724014 798191 747347 723187 718088 757973 761390 776861 737748 802564 753055 763390 756943 740721 719009 760786 725290 752219 765303 739646 722145 700084 731280 743666 746770 753032 781713 776944 736233 704962 715706 835332 735988 775577 740988 732896 
678585 741314 719140 803180 741299 708860 695587 719416 756686 729842 706609 703209 728498 723066 714689 754983 738124 754290 797561 741371 767573 729407 721304 721516 728513 732680 729382 733029 729559 754795 745385 723675 790239 749419 701723 715742 732073 689739 744908 767133 730862 728710 790084 722159 710847 779510 695335 741123 710837 705703 746365 727214 739210 716411 748173 709478 727524 728684 745268 735311 720307 736135 730451 726486 696488 743213 682051 749182 720072 785492 719958 742150 724590 712446 759973 729094 723327 717177 730951 720690 682414 688400 737891 742065 695516 748211 735122 675947 735522 762615 816966 734437 746319 749606 709631 741733 767650 755911 772156 735677 766543 744767 737619 697126 708449 700431 772675 704353 727348 735521 740715 707128 735201 688481 723763 764049 682465 708453 756143 709797 752499 722880 783291 722671 737112 781967 697106 741607 742022 740493 657065 756565 743683 703453 725432 712794 731252 763409 743007 704886 761234 755899 703377 727512 692171 742018 722845 726936 722830 752408 704204 750808 694838 716343 717365 740546 736372 731354 749322 717670 729522 745665 702008 765124 711669 708993 749735 739793 757947 710243 750059 700092 689613 694635 712165 720742 733894 784007 740222 740075 690376 716124 682694 777912 698836 798170 771974 725378 742020 767017 812613 719617 769667 734125 719022 733824 763002 764528 764856 680131 726988 729847 689937 770917 718616 751309 699929 711044 741066 753607 755341 719878 712270 714235 692987 733022 781417 725392 667895 776530 741975 725232 711571 767146 736319 690347 719143 734715 743629 748366 687036 764390 719458 715869 747863 727800 711332 743566 738893 770586 714072 738264 719224 720212 744351 701752 752888 711418 758385 694866 743772 720895 730217 729284 752172 723795 720970 696279 774947 743474 740617 751208 727721 737391 717084 758913 695639 741061 715608 750151 763915 733405 720250 730807 715306 733864 746570 709394 712015 743186 705248 727389 743583 713944 694147 672754 720998 689357 753458 732722 753661 706548 755362 711812 717802 795191 701084 707099 715062 695543 
694752 734148 750680 823694 773506 729447 739421 752520 808276 744793 740909 692127 743715 731526 756315 759493 771779 781641 803706 759652 771133 764158 769367 778627 754326 760123 739967 766549 765404 790031 782751 698373 815268 758561 769322 720608 742919 725249 764184 757664 749224 694514 792271 736328 701799 793425 756285 790173 742694 747780 725080 767108 762643 729777 776992 726876 710208 767517 770683 781996 742131 767756 756050 765312 735858 787148 721669 764373 753047 787553 718791 762258 786713 707110 749529 731039 737345 730174 764639 745142 731406 754006 736089 762382 756879 745898 751978 722056 754682 798276 822778 769460 762400 776769 738220 760296 795354 776333 793515 755724 772284 769413 771210 716144 745631 770181 789725 713336 720947 776574 727732 728518 743020 735052 732902 778166 723301 707928 759898 709038 768476 781829 760573 754286 766502 800966 733527 771193 802207 733682 705222 796361 738463 736390 771419 741098 738569 760199 753252 757847 753434 749444 743588 774622 726487 787098 728732 729127 743545 776864 707967 744960 699646 746350 766945 748364 771102 740248 736846 731507 776273 750737 703318 769018 740047 754959 766635 751198 782724 750519 792778 733037 697376 717176 733805 741793 738161 801365 787947 818081 733112 747816 718749 804870 755955 815578 751603 774187 746023 787671 842914 772654 821026 786269 774840 785664 787426 778964 806638 712376 787448 741544 755210 796445 760915 744619 715692 736563 757936 800293 735368 725464 735706 728659 715339 761135 814617 763536 691114 810328 762215 754915 750592 775881 745593 694052 731538 775528 756595 794142 741822 785412 767522 727396 764806 765468 752134 774968 751733 806948 733914 737506 762814 747944 765881 775877 776968 732913 778213 720824 751354 739912 775693 733846 781500 746508 753877 752066 766079 772949 749141 770606 709564 782206 769185 798996 739724 755292 728426 754282 820253 755101 792400 745411 762020 794197 750259 738421 709472 755903 736589 751189 781857 730174 759607 718665 738618 729111 771064 774586 805756 731529 748390 712862 741476 814772 745405 777653 760517 738905 
699151 694498 740992 786628 769539 723700 704874 746752 736886 748447 697175 669911 723509 721991 698598 746050 745798 780840 776948 724586 758673 735037 735089 744244 704297 708734 738652 714300 739560 767238 725635 672543 778024 744827 728752 714288 679347 694814 733556 741990 726287 711550 752023 736507 700755 712135 739467 759850 735730 694384 713906 730877 753370 720032 748832 733571 734290 768836 748717 727490 686405 735536 696476 724692 689758 797710 694661 738166 710919 732189 709282 719767 744648 733714 711570 724245 675278 709255 732697 695846 676775 692445 715396 707536 697420 705197 711527 687750 714232 770557 764407 734505 763850 743574 718118 695195 742658 770223 785320 750864 719700 739603 724859 683128 706688 717568 794801 681808 682754 755535 722134 683641 732136 706818 721029 754455 677751 679697 751059 713549 729580 751471 742711 764684 713526 785766 731111 692623 756986 760071 652078 783914 739380 698017 719529 736690 721647 720138 746896 755277 750013 722988 730575 759250 719398 734318 677189 722233 716082 767416 721309 732859 738954 708356 699038 754496 771939 673671 743672 720057 722257 756121 693433 735298 712682 736593 752704 745015 759216 717716 739755 728052 692686 695246 744568 756980 718366 754326 725490 755897 675379 681251 696599 765844 727421 777923 728699 755626 740762 780903 816943 700633 793269 738929 748900 701883 780765 739007 775981 702025 771308 688970 691806 744060 712685 714617 723263 710664 748838 760868 764488 712108 710137 710460 685121 742676 749220 748571 701757 784413 722745 732498 709148 768301 723484 678827 741172 731187 726303 719992 719137 741929 723197 739302 724663 759526 719118 743071 733390 768574 708605 722017 710264 695920 771261 739011 754941 722960 716278 697673 754299 727345 722715 721846 738380 696913 726967 682008 731862 712465 689481 721743 712016 761372 695356 779686 727185 749630 692641 726709 754343 738158 729237 778320 736874 712545 712086 702163 704702 725756 671916 726820 732428 719746 706317 687615 725351 672942 737384 757933 776355 738583 707354 722719 720056 796521 692193 727385 731456 719892 
706337 774542 769466 848856 814983 789322 759778 777426 792024 768585 732983 733486 758736 798514 726151 812131 785134 800583 831359 774088 773010 780892 785269 782683 767040 781731 759457 785724 773067 807610 810639 721663 846130 776428 789857 773265 744215 740193 788001 808910 733771 714547 838392 777652 747989 800415 778560 775756 759306 717475 773464 755059 772410 766348 805300 749082 735041 780223 801324 763491 778574 792165 774525 817393 782636 815013 729602 780790 753339 804168 753288 755514 790252 765190 777472 766685 756479 747295 769299 741056 727288 729193 747173 762916 789018 760015 764404 734027 785387 832782 832794 754391 769635 783431 754299 766502 830084 803345 823990 768377 783740 799026 766922 744429 765334 749527 805980 740060 754947 789622 751984 725591 760973 740883 784702 813688 749409 729433 797423 774343 780814 789343 795209 782569 771820 815365 786403 764995 790475 783071 718823 813535 790681 746305 777562 777667 769315 787510 760064 753931 778334 787722 779090 759929 743901 794187 734521 774303 775391 795453 752577 772810 726706 768265 771256 767230 766060 724326 777198 742269 747045 768309 726999 820243 741486 749814 793134 788713 785943 749887 797575 744868 701518 713316 768109 786374 740571 792426 768686 827055 726241 737356 766122 783357 753179 827412 812026 787326 786701 794356 848232 763235 809943 770851 785130 774354 796981 782901 792268 774295 800801 768910 737144 791378 776118 766094 735063 725608 798666 832572 788096 775254 772904 727544 740939 780634 817067 773029 754628 828898 766963 781738 768701 795496 764003 721499 783561 768680 791487 762076 759664 785602 768990 768721 760080 810783 793848 769490 780417 795795 778894 788783 759417 761938 782300 779725 802803 740052 798194 751071 797681 781086 755743 762530 817495 731541 774583 729303 780342 762805 762120 791724 747669 784596 762734 811699 748341 786629 761572 791567 817976 786474 759383 823309 784159 786089 763013 740067 743702 788554 786404 780963 790443 760633 771781 738616 744785 764771 806428 795610 826160 781550 764058 750610 738468 815370 764260 803448 765212 766094 
689239 767883 760038 846101 799520 748493 723853 748540 803763 782268 738810 718875 754722 747979 741803 772587 790205 782874 833767 755133 768697 778949 759119 762942 758646 751266 749908 756461 769712 809180 774519 686017 826092 777063 721726 738701 757324 708026 792892 796105 768693 733706 819852 751542 721885 772685 731048 790683 768194 701415 762151 759935 776228 731540 811306 761766 740724 767495 773981 772032 748615 775921 742074 764562 737121 793630 710422 768761 763162 777031 721139 761475 780300 741449 768028 763636 745451 739540 728793 733615 726238 743830 752828 762178 759071 739860 759280 750511 767693 798514 811585 770473 779739 785230 746118 752677 775265 805846 775540 742808 799279 761454 747782 708766 778500 755797 807897 720971 739389 768314 761637 721710 737719 731367 745725 806558 708456 726931 762439 716455 781579 787147 782393 766086 767775 825272 766001 758987 794640 758935 715599 828879 762215 735696 774700 766023 760529 775736 753465 745664 779961 767997 746170 739214 739363 798483 750060 759778 755945 808760 735529 745503 746574 763449 751768 752694 755057 755747 742389 749305 748748 762996 726262 759598 739200 719372 772747 779443 796953 737611 803267 732986 706110 718734 750412 765094 732717 804982 781183 811128 713036 743538 730156 785770 741796 825522 756208 762760 752782 785041 873216 763966 788133 762365 764203 789520 795455 780298 797086 728197 796560 734711 713602 800748 755296 750000 733839 731879 774852 827798 753322 756453 728159 722422 732982 754272 797345 731606 736130 818974 764650 779456 763901 769341 762535 731839 753981 746673 772228 784346 729087 791048 745550 750176 750001 776519 755240 764116 781677 803228 720421 761773 766461 756247 775386 761165 774380 739930 767854 730919 779193 742046 760914 731204 754349 743276 757986 735357 758170 785127 767998 771284 724939 760604 730275 806823 756996 748109 748114 757168 829130 747485 766802 786490 752814 782837 773341 709537 742277 762848 736696 750113 795961 711310 761344 721689 768028 716681 807632 744862 791891 722830 741949 744306 784158 814399 762182 744247 768412 767601 
686399 697625 723761 768044 738399 697502 656524 718024 716173 712684 668457 680766 729350 696592 692133 762407 753522 744924 783079 705153 702066 740442 716919 712731 698494 712271 707663 681349 728627 758837 730673 687065 788794 723235 711464 702006 686082 679384 751754 735523 683264 680578 741688 722193 686296 707406 710415 754114 710074 689239 700526 712326 729233 692242 745181 692922 714382 702813 713105 710870 704039 723245 720284 708538 687374 762510 681456 739214 688679 722316 702071 706229 726937 704884 710549 723848 698980 663924 711620 695638 693963 662135 701505 745705 692996 713913 720974 677002 698797 788520 794450 703631 705138 714714 708701 724288 727326 757340 738406 699884 707660 722317 727156 688700 718002 699163 748299 680618 684139 707260 689879 681651 718889 684380 691269 738819 683218 664889 724614 682033 700998 718661 729957 710253 683858 761284 678549 717843 725003 705246 625073 757360 706688 718220 737568 728503 703512 712133 718389 708826 724145 725929 694423 695387 700226 698480 668775 686886 723670 739791 675294 736814 688228 706478 712152 700604 741657 690324 692289 705931 694644 711908 664960 741213 671260 674265 723425 738094 750496 715880 720215 679931 664594 704607 720817 716602 714839 724650 720004 710706 694049 677878 667871 749289 695884 757768 726177 738147 694236 766692 813152 689324 785262 685139 739361 678254 753369 741276 755973 696843 742382 703376 675479 722714 729009 726488 705197 665333 752435 757414 738465 694704 717654 664095 679688 715128 755773 694939 663228 795285 729654 726107 704678 752409 715210 689150 712913 722761 724264 706512 727202 716798 718131 723933 717866 748732 716877 715734 714955 740473 692716 717207 714298 658322 724507 700782 753893 697768 731160 679578 729996 707031 719240 686948 736573 676573 723739 675692 715900 707442 703068 727327 683688 759285 712000 760623 707502 696235 731583 713980 749359 746678 711313 735292 694719 738032 715212 706412 672578 708198 709014 695106 722711 685962 712967 632599 700134 693557 726327 734790 735464 705714 710689 698870 680407 789206 697047 727970 716302 678186 
640744 666353 698085 739249 715746 681087 642395 681647 685743 690249 653967 642959 680366 672251 654697 737006 720728 706395 732411 671483 667278 692805 676757 689733 677424 680536 656255 698152 667446 679596 700859 644819 758915 711835 657180 672794 668072 630599 695258 696387 663520 662481 723468 687492 663160 678420 680951 704023 687991 666446 684174 677653 658480 679411 694510 662880 659014 670364 678927 706537 670385 672845 639927 695786 653818 702763 663462 676927 658963 689061 639476 659581 691214 664334 659366 688994 646026 665844 674654 667228 652517 635568 671713 688113 692067 680477 674321 637631 672557 725133 715229 673449 690552 668441 653890 698156 715604 719434 731709 676486 702904 684248 660989 646939 647054 674373 710488 665836 649608 683263 696088 642022 674008 647442 668156 714115 651317 645686 700246 659827 685299 703605 685456 697026 690263 705709 677945 652287 679555 692906 620104 731808 722555 650132 695733 637663 694862 676289 673101 674173 689429 664910 677917 652315 657507 688619 658920 677149 678821 701678 640084 700762 655123 684031 696388 701093 657792 638100 680623 674043 678660 668872 647389 687509 672364 661602 679300 682831 704110 672122 674682 646945 624951 666434 692985 687718 653255 723580 677546 686783 633032 672009 641371 701843 660531 707670 696355 701468 682378 701080 777539 660233 702694 687952 654876 676891 730186 689818 697891 634266 684645 678252 663669 722275 637464 659094 660830 659228 713920 731849 684401 668674 657991 634299 673167 708949 727640 682125 632545 748744 653324 689957 684650 721447 664277 658416 650812 644119 686860 667913 667518 682164 683270 643046 681349 699357 674786 677501 692928 704812 644074 677955 654408 648658 698745 650300 678274 662939 702275 627520 686314 655082 667228 660751 688683 663907 685944 653263 670678 685002 683376 668229 689330 694428 675816 695332 695566 675446 683192 689756 706883 675146 675063 707800 681479 682767 677265 644386 666155 670579 658428 683419 674742 649114 677822 646226 664962 636681 710396 694278 687861 644333 689442 666087 665278 734565 667672 673561 652348 671454 
695291 783692 788906 856956 808870 723567 721138 743544 792574 769835 741189 734318 745204 745313 734814 771835 794922 774927 842290 785840 774232 783403 760521 789396 755050 770286 751184 747761 768147 817940 771401 725043 816332 778749 739916 765641 744663 725119 785671 793118 767061 733765 832425 775509 727681 765667 739902 826558 759478 740192 720599 761743 796772 750944 827339 718205 764239 785054 781547 775441 748279 789296 734743 772276 751255 803098 703967 770473 767339 781527 738873 748905 771072 743010 747462 761580 717516 742408 745569 754100 733278 727788 754135 762670 767590 756378 729125 744997 771206 809009 813421 750376 800695 788102 763203 776177 800932 814386 789219 746041 777930 761150 767185 717949 785962 763296 829512 739407 755190 780276 754210 724802 768556 739622 734501 835889 760884 728723 795124 721750 772623 777024 807829 762315 769942 809140 752624 759259 782178 779506 694383 831584 771240 751963 798346 775856 792677 764939 771530 765213 781151 776611 735280 766004 733053 796774 721624 762604 739962 817923 747618 778058 746021 754954 741806 755655 768732 739453 800116 752200 767071 794901 780628 791208 729992 732092 776792 797326 821351 754613 770549 755456 700863 756899 749035 769026 772367 828567 763605 810460 727789 741415 729718 799142 733479 810778 763118 771547 742714 800460 862540 743128 826105 728641 780620 787093 809606 812488 791045 754400 778874 743790 723382 781318 746420 768026 730862 729857 794698 815546 793362 750412 771896 736333 731323 760680 797904 760695 704225 834358 779959 797287 762580 807717 753478 750395 764072 758607 766253 802204 748608 813021 733510 772412 783736 767575 760622 755023 779519 804155 722344 759511 753380 748105 771248 754947 785135 762125 826176 735097 820186 748550 762018 734179 793200 715285 777626 753216 775727 765130 752865 785067 761866 778954 750269 780793 754256 779764 734917 772299 814675 778054 784333 766411 774610 789072 760530 749368 738809 755198 757691 752770 818515 747607 772326 724158 772999 720449 818003 778969 795305 758226 784604 738118 766168 798747 758445 752351 768212 760216 
701727 771678 776577 833212 784663 761863 744285 747199 793385 783056 734334 714742 762173 747262 761409 755681 783178 782676 818730 800405 790042 789320 757948 778092 800600 781285 759029 756507 791147 788506 760544 710104 828709 791392 752041 717308 700985 723009 760137 809126 769651 725420 839673 747661 737666 774033 765729 810230 769139 735140 772556 770114 763872 781817 822811 760984 738437 785739 774074 791439 746144 787797 766329 757178 737398 819875 726824 778657 784241 778677 750654 758502 802482 781729 769364 777905 734241 745670 758356 738186 723670 734403 760299 744027 781627 746746 761173 757125 784957 796468 842023 784073 797000 763202 772300 785327 811369 813517 819993 773651 793881 734801 760100 724694 766549 776829 830072 699139 741506 781440 766217 720125 770553 742207 724704 850146 733362 735235 798171 745865 781765 824511 807315 780382 764619 808419 749071 771789 789822 795641 701454 832591 776026 749087 795746 769661 771638 789248 763792 754706 771873 782770 739154 763082 742987 788160 758911 755877 759691 782208 722847 787139 755230 740216 755942 754977 769409 744464 751319 758748 780348 764444 768393 798711 750316 726799 759614 818895 827646 761349 784588 769311 714081 747465 778059 789418 763873 805504 787424 798717 752621 734855 731380 805798 748431 827368 812174 794920 752847 836981 841669 763776 820588 754058 779769 799251 815549 785842 778496 735303 789090 763605 729709 787931 750735 785513 742367 728681 791260 839052 784759 754154 760781 737774 707976 760340 809501 775446 729086 842074 776665 797032 765252 768168 743146 754234 764836 747918 776805 766997 720798 782550 729264 724684 760716 779319 767327 766195 760643 811031 717960 748733 774425 734531 765669 728185 784764 739015 763641 722697 793965 775478 751683 774602 778021 740652 783281 751035 768278 756702 782762 789697 763526 802527 737550 802633 771540 774913 737131 777584 822815 757066 770813 786609 812656 797794 762046 742346 770957 769240 736183 779033 796370 772064 728984 732763 775281 704682 791723 774331 797519 757994 743649 746064 749153 844702 753280 767288 751403 745805 
672509 698094 718398 774061 756834 732992 711870 692092 754909 726914 674984 676576 704134 711242 691462 722146 742216 746524 758842 689706 741425 738961 718089 720269 725603 721232 682564 694851 715401 728892 737789 654855 793119 722786 722254 678824 692490 671273 717753 729654 688659 673936 744924 695373 693700 730462 690095 774510 733659 683181 690772 689683 707059 679871 753869 709689 682279 707982 694972 730778 685580 720879 711780 699542 708908 767401 664156 699247 701163 740979 690212 700577 746205 749437 715358 704985 682541 678569 661229 703233 672520 695506 710984 708893 732245 701798 688818 700276 710716 767217 788359 711897 727699 715457 751642 713748 786092 752560 761083 708531 731939 716074 708703 690612 718769 700644 734642 671748 694862 701732 699188 701660 671072 691445 672793 763776 679109 657406 741595 693998 733108 748208 713244 722355 713642 756549 711039 708062 738739 680964 648091 776578 722002 675868 704994 703201 673500 725511 706965 717840 718854 697618 708151 688863 673383 728966 663936 684062 706277 734835 671388 703630 672478 728145 705790 715114 685374 695664 714022 678301 701544 710305 698408 727396 685334 686819 701961 747279 745567 690412 706844 706882 645918 688982 705035 699653 680405 752585 714708 731387 636085 684328 687006 749495 685886 763819 746779 732221 702257 759082 818295 706394 739102 739843 712672 720307 752981 757246 746131 706858 733057 692058 684141 751368 677400 701027 702217 669337 728389 746873 722600 706638 700131 685074 691860 740936 752089 740049 673146 781600 722765 745119 697716 724766 718389 677268 707392 696321 717613 721497 693338 713042 728505 681882 706166 736447 728716 711527 737125 736183 673023 715063 718696 687734 749386 708691 695740 683606 719268 677276 711547 699884 707590 692360 752213 702715 695069 666086 733646 715762 684823 733886 689491 742685 694087 758066 719101 702141 710109 728810 735446 721607 737540 713598 733181 739682 731873 694946 669700 681004 715558 688210 740973 678788 714673 673643 744186 668086 728734 753567 766063 708789 692010 697624 706761 778778 696699 735276 692543 703319 
686334 731199 738900 803400 741571 729551 669039 737537 772139 739756 698689 689173 711415 725356 719641 762428 753975 779925 813274 758095 751843 744369 735703 730491 747811 751065 738284 718638 736978 769847 771129 674660 795922 762907 699765 706136 710623 710988 762455 759895 718475 749241 787575 707927 691840 759608 712314 754295 735996 694220 719883 735436 734265 741827 750051 704874 732712 728242 737532 738681 718393 739399 711846 736732 704546 771813 665668 749296 709133 741551 734261 718744 742124 718880 717972 716357 686644 724679 725963 714745 695095 702618 745128 703905 725550 713272 700424 709839 759638 771008 785594 740786 753373 753678 736325 734332 791480 786017 772004 713774 738179 735884 745689 668078 704524 733352 773081 703792 736738 713595 718022 711176 729095 727892 735708 777952 687724 702495 724844 726917 763316 752937 737443 762633 762230 788379 737298 725493 775364 707268 665461 800533 739984 708374 729985 769153 737024 753601 711253 755073 769860 750772 723575 729338 695430 759884 685947 753548 732064 769185 720972 747102 704525 726735 707911 729284 719388 745672 742283 720840 725229 755560 701671 733505 710288 681504 741302 755331 774536 700763 748040 718298 705297 710240 741462 728104 714886 779026 721819 766702 722543 684031 691387 763194 711796 779433 739132 736483 715244 765866 804402 699639 785123 744167 736083 754160 762536 784862 768657 706134 750310 715523 697496 782292 714852 743356 695680 704414 745636 773309 741757 705157 720797 716513 689513 735662 789158 716550 687236 789300 747449 740641 723061 751661 717440 714870 729576 734418 736870 756037 696134 749444 723077 754146 726780 746885 717168 736124 754285 795432 709448 717261 732352 731895 748060 711066 732547 712951 728264 731059 754317 723179 727695 732848 729740 751823 749989 697036 743720 715494 723799 736416 692965 754775 696150 784036 713005 720405 702004 726681 800637 727078 722201 750690 758183 721206 741213 741485 708342 718463 700188 737482 759950 707644 738366 693112 736500 684537 753179 749479 773256 697645 745414 715331 715798 809877 724091 725192 718511 732555 
679592 694021 745921 807120 765231 692604 677418 717531 716600 751722 685211 661987 720338 732318 713839 750772 739041 750550 756355 735861 752842 745167 721755 716370 706678 707910 697815 692581 716970 723316 729614 688075 795623 744210 696930 698283 698962 689348 727509 747787 737228 685752 777458 716231 709864 719457 711428 753606 736051 718262 711712 725169 740007 698316 764309 680403 699729 746651 706388 716421 700471 719263 709392 710439 715431 730513 674667 736054 684989 714705 715858 707810 709499 738855 729150 709175 703752 703700 689725 683014 664090 672902 716473 741554 711021 712075 723610 699325 725835 773625 783682 704999 734865 719350 669798 737817 757383 757798 746225 733895 725742 750953 710549 687849 703350 690495 739050 694312 717887 712438 722406 676409 735538 679782 676054 770195 672601 672848 721564 712633 702047 747238 742835 729865 734273 779277 701270 737537 739077 713514 648179 770456 699588 711804 739139 689904 714066 742048 723989 724492 727921 684080 737552 729335 670188 728660 706483 712593 709145 742570 705666 733770 702596 711564 704156 718116 725151 721470 703826 730598 696060 711678 661009 740561 703873 711026 700789 733467 748921 701084 738323 686394 668857 702440 730402 734543 706330 745155 712541 754246 718307 682368 687302 754177 708988 741428 724811 730173 715869 746031 790015 713733 738703 709164 735871 682068 765906 733236 764047 686851 738677 705027 695067 745028 725719 707472 701571 692783 755705 743688 739122 702030 686890 694420 686626 705418 751270 718446 675234 813380 724493 712965 721555 731642 723416 684391 707759 738321 720621 715218 714589 709297 721758 712057 720030 767474 726411 712248 725054 725356 705984 712423 688687 703590 742939 715708 727886 690007 759278 691893 722582 727075 743859 691137 716288 688340 727944 695066 740735 720650 712816 758842 684701 769371 699005 785491 711690 697057 696309 733208 789958 718098 719372 762999 706349 712736 719854 693136 686695 705395 707877 700590 738334 726439 695282 688686 693452 672786 732812 719174 768010 687632 694296 690381 688109 770234 667654 711424 710544 680337 
707862 754481 760658 801359 788229 762223 720431 768901 791089 784500 721472 713063 777963 754225 753428 802894 775426 767462 814893 774741 786892 783940 737845 750431 771102 780719 734698 787662 762666 780456 796807 730072 844411 794976 769900 733000 720400 730988 786102 803491 753877 727664 826404 739616 761916 784751 760181 785183 747051 728855 768859 792042 758081 741083 788335 764670 758848 775794 748062 766320 744755 775787 766275 781503 757599 820438 721871 802000 777984 760127 747326 767103 755956 752138 754167 749219 741918 746011 761742 772448 725124 737140 747765 750149 760263 792425 766888 727419 754563 831591 797589 758540 790821 765312 758431 770329 838728 788782 809358 768460 792751 769005 773044 725009 759391 761290 817677 735145 728798 784845 740935 735291 765222 734029 746273 823052 716535 749706 776801 755347 765862 813709 768178 782908 766435 831398 741630 797078 772259 744517 688070 811422 770200 735044 770588 752597 761748 778142 767262 733481 759560 774316 772115 773320 730927 767095 727619 760303 767543 786916 710316 803161 717552 736094 785146 761029 763090 739440 771394 751454 757283 772702 720571 793413 743565 745278 767209 784784 787943 745728 786260 730234 692858 749118 768935 785974 744915 776226 758322 786811 728985 738122 728829 807069 754460 813086 809607 803450 768601 777856 852784 765052 815606 789077 789602 777091 806058 788763 795803 709250 764090 744648 735423 811576 737164 737329 741304 723189 776252 817319 772328 803314 746758 751080 721208 763205 789645 780470 726550 833633 761355 781111 752456 800186 745072 730831 769937 759242 776241 767642 759459 773433 745644 734033 735269 767489 779242 778043 795353 789015 751578 779432 762859 737491 798223 756015 786412 742993 799359 724476 768077 769876 753936 757876 803976 750209 779335 734368 794213 789491 762811 757299 741145 795436 771575 803531 744948 770356 752186 760798 808925 789195 788696 797885 767491 784136 784050 718260 771889 765270 747996 756812 755364 768404 735890 731285 737840 746706 777362 786649 796222 761564 750392 774177 755178 837378 738772 778499 736925 753967 
695906 740967 747608 804561 766313 727377 683116 731837 749790 744568 681883 696891 766335 738182 721230 754687 747663 795661 775675 713784 747758 733511 751732 713600 751399 747674 712110 750305 727126 761842 764911 694609 824824 761639 724525 722894 710846 693344 741753 764286 733020 691463 776552 729993 682148 728216 724661 742935 718481 716014 725546 728529 715407 730901 781114 709418 749736 740263 740718 739314 766337 744220 725409 730001 712644 774273 695517 751143 725283 760793 739699 736394 748903 728914 749195 740417 720927 700465 718543 706520 691252 696160 703253 732306 743035 733198 720870 708865 735460 786740 808228 762076 731244 745385 727901 736506 773060 738676 780897 720831 749787 767188 742716 705265 730049 705531 792923 688487 706431 755674 724957 715978 704833 704268 722874 790614 698190 723356 754204 687856 746665 771049 754364 743611 759671 793861 730297 776823 753716 740498 673729 763707 746944 717803 743830 732281 754441 752833 722692 727318 743683 736188 738248 712477 696084 745460 718370 742715 721578 774325 700216 727218 702047 735152 702820 723492 732092 714604 742435 745936 716156 705118 697621 735655 695699 734593 743375 738707 746961 737207 754301 712169 699206 703272 724500 750468 726665 774687 761765 789619 713278 693937 669349 811446 742961 774875 731060 734727 692791 756834 842148 760058 766074 743518 726180 718729 785979 763801 793654 730396 765251 725428 689551 747277 732292 714103 711845 692705 770508 760991 764921 714724 737464 706669 716758 717921 763670 741414 707148 800280 749208 749526 742221 756133 733085 692183 729645 763334 751446 729201 700174 734073 753928 707987 722810 762499 732250 753670 750340 749007 741170 760978 747342 720946 749580 735529 770269 707402 749959 713825 759426 750437 740910 688932 739727 698156 740277 708838 758880 735338 736945 746263 700539 754807 699733 745458 718200 735541 751282 769860 764517 727231 752923 787950 740240 751618 750437 714206 715053 716271 709023 718398 761016 736406 718327 676394 741445 707824 776849 751976 776496 720773 726938 713249 710862 792102 705070 752339 709108 719371 
681939 739241 750931 814526 778657 730015 701441 706180 732788 731908 699408 697203 709685 729159 708319 757127 758292 749406 797589 715475 745825 778478 723203 739647 711102 725517 721663 732540 725548 752004 751075 684451 807800 758307 718777 711698 697210 692935 759416 785069 736334 705630 784646 720659 718734 751072 728389 759920 729370 692337 693131 728371 753330 733152 753400 745828 726767 756911 724548 740798 733938 769086 719870 752721 722584 792272 696076 753216 741642 769454 717297 731706 765039 733005 732016 740628 704343 739497 747891 727247 707847 714183 733547 714132 740895 720412 746723 707532 721352 779525 781083 727801 743402 751962 714684 724670 811838 772061 773987 724609 756515 753170 720551 705045 738554 722693 777814 680453 737772 736973 737810 685276 738796 711771 733465 790652 685882 676078 734107 721754 758810 762325 762555 750821 739668 780269 738144 721759 771374 717462 662636 785893 738731 721953 749941 724454 753028 722455 737134 732634 726494 749628 745740 729370 699149 768638 694973 721630 721699 790358 710909 727692 718344 741211 723492 753027 747201 705801 748724 724002 742775 760187 718161 741110 701833 725200 742112 763155 757899 722783 728175 718237 661943 686892 730567 725914 736381 776192 728712 743521 691167 737340 729527 755439 698797 786956 757385 730485 755944 764711 823935 734352 792243 746642 775585 742766 769301 754077 781829 715120 761956 711744 714985 763731 727021 742680 708875 722909 737337 786263 716885 737185 706229 712469 697234 725799 785054 746596 680927 749499 747606 735310 746602 750196 727225 683165 734326 735691 738872 750314 737482 747602 739443 738360 746788 731031 733012 724698 740636 796076 713145 745485 714093 720484 741888 740622 759636 720944 758040 736192 760522 717955 736161 739109 730125 711068 747577 692003 779882 749520 722759 734091 724449 748059 717773 746217 754359 727013 708745 743332 787454 756015 747451 751013 722668 733781 737872 718511 707159 726790 719817 754408 748978 716196 733973 690735 708174 710818 762294 775676 773829 724682 728252 714859 724744 789482 715641 733201 733558 731948 
660325 737170 729734 785458 728900 708649 675385 684573 735400 741559 687488 679135 695876 704006 725343 733060 739452 719193 775189 725974 730743 744150 703554 705006 724155 707050 677372 681102 733565 724514 718106 685283 783374 736667 690193 694013 721709 687179 717457 739667 707599 720553 763126 702620 681228 737791 702280 739212 734392 692253 713418 680406 735325 697295 730679 664119 687899 731254 718931 729481 695023 748294 682080 715274 696431 764444 673757 714395 700729 766196 710662 709365 740095 705892 728290 691564 679230 689963 710248 675183 671201 694536 700095 706511 732867 692603 713998 687610 692317 762051 762115 728127 728017 719846 702419 731742 760696 734491 765606 702197 720929 732186 705902 695864 688544 705174 744223 670786 702885 708485 711144 695309 713928 707880 683066 745406 686428 691565 729192 686274 741817 749992 733801 719250 703571 790253 710126 728868 730549 703568 656983 761678 718193 667205 761647 727483 709993 693653 692310 731777 743908 715171 694947 696471 688182 727378 683257 685345 725035 734612 681909 711938 678083 704804 699947 706885 712393 702691 709175 726711 712523 722335 699609 724893 681681 724913 713094 741662 753739 672597 742649 669364 665875 675179 727717 694416 696783 763911 720048 760311 684378 691112 687055 756039 708519 755356 702548 738824 708315 739755 786741 707634 742884 733179 736833 737919 748949 708713 757761 652597 740559 711790 663697 749519 677951 695247 697358 712133 754648 747348 728266 706724 710004 651456 663092 718674 761023 723419 684401 796722 734182 731081 723934 728794 730382 706772 720793 717526 709890 747146 699571 729987 721139 731055 706181 730117 721096 713682 725522 777791 720757 731222 691002 679050 742867 700826 715504 662037 743360 685888 733522 696600 715022 697499 723849 688411 698731 726382 723828 693329 697673 696092 697565 751352 708590 736507 713987 737085 721609 727932 741071 735006 722388 743522 709093 719350 717205 717984 668462 723692 698959 721641 744435 717951 717849 657207 701038 676078 722531 754949 734423 701432 694580 695031 723325 764806 693406 721265 683279 718769 
648157 703115 727859 802870 749106 745585 710187 732647 758220 753046 681265 699766 733395 737096 700215 778815 752206 755497 789992 721525 741996 756529 724064 726040 732507 766995 723425 733106 729760 765205 744395 699645 811477 761825 724051 698265 705853 675818 736800 770696 727330 710591 772076 732612 709959 713548 730304 766951 723171 680331 730191 747466 743002 721506 769174 707309 710840 745428 724940 750095 723140 754897 719341 714776 720900 758047 666743 735666 738885 769430 708446 720080 742045 708582 728525 716907 712318 722045 748131 702685 715300 710743 758895 734023 738380 734680 716081 696272 754697 796520 768879 755062 737617 753463 735197 725042 793727 742644 794321 713245 753739 750028 740786 722889 736933 728457 769818 719418 712490 749934 714730 699072 759508 752109 708068 760016 743714 733212 763242 699799 759149 770628 735870 743777 712701 767555 742162 760145 740874 720321 644122 773328 757367 684328 766463 728987 768779 752693 735175 707755 753161 736225 749018 725722 720923 758838 715592 716479 734407 739826 689192 723360 700245 733644 725624 744105 751682 704247 713342 724406 712362 755255 695662 759414 719348 731314 742648 758076 764097 731791 754279 729008 693184 685231 751391 759930 734623 770506 760128 768932 703615 729102 704120 777791 685790 761176 718269 779754 723034 776586 813058 741863 791127 728542 738447 761224 729820 776394 767022 704690 740280 702961 715821 763883 725700 726548 729643 699116 742756 796576 760553 724133 709814 682700 714940 745242 794760 718988 711499 772091 737233 734402 731058 724539 759907 715552 719382 745057 751476 746545 712218 750935 740841 713233 708907 736321 723595 758993 740540 751495 722577 713931 696889 716861 761387 733811 746850 703287 771793 723106 767735 746775 749439 709601 767105 710475 725803 750378 728623 725164 739707 743202 721636 768145 720166 740102 719894 725469 727783 743653 771350 746155 746579 766162 754965 726453 741617 723986 716558 745626 711591 719623 734381 728505 728617 676807 702955 672234 765747 763848 759156 741090 740092 716824 742687 798812 719936 720333 720692 730480 
654306 705738 728216 767352 750499 718461 671664 698182 749725 718001 684154 695673 711903 693066 685747 731985 737901 767918 766527 706384 737282 739706 736827 713442 690483 721319 717248 712232 708834 736044 733012 670453 781852 736616 683530 700431 688592 657599 704406 753216 702133 709134 769293 675870 702320 737438 719019 756489 712249 679889 728040 722693 723444 730764 725765 680308 699427 762571 729396 722878 717386 733352 711930 736086 716151 708656 671839 707529 692762 743670 677269 713847 730420 708523 718404 693957 700534 706771 696647 723140 683294 690014 707708 716640 698629 713660 713633 689499 700678 741880 775223 697276 716913 747845 678734 733213 750103 776160 746382 684415 727603 723293 704652 678865 707483 697943 773220 688014 721186 708297 702327 693590 689609 695086 702810 737465 672142 682211 722812 683805 721258 760672 729680 726905 717323 736507 701138 710439 763404 739602 694489 768498 765545 701381 710609 701034 722662 730305 708479 728442 714871 733249 711549 699490 691998 727502 698395 706175 706040 737153 700682 737000 686619 717426 703197 707174 715753 697782 715622 704558 717344 729406 687319 717237 683596 696390 710953 714248 754390 713695 691242 700204 666773 690628 716633 716372 684878 752078 722639 761125 669380 721662 685590 734340 703156 758631 739894 735194 692026 752609 813524 701908 767136 750651 720181 741497 728547 714980 751848 688035 740379 692848 686148 745780 701514 691538 671853 674675 726032 736017 720031 708599 718315 694813 680220 733853 744139 695222 680691 792373 745026 731019 685937 720950 728057 691263 697129 692250 735981 712615 688200 725254 698544 677242 737600 729716 721800 746354 731832 741987 657157 716588 688032 687740 704866 711088 728180 701054 698393 677632 713632 677451 741010 695150 734038 697113 717800 677074 734772 706734 693186 706100 687909 726596 694687 737008 690451 688134 685452 694322 756772 726035 710056 754743 716807 728151 692035 711146 708358 725828 704808 719952 705635 736136 715705 654998 715242 680627 723351 692751 749624 708513 704170 703180 709942 798511 702540 732238 690694 706233 
701257 734250 735518 824511 763612 709219 711241 723172 759721 737788 735415 724414 762179 717852 718496 777150 789955 762248 810583 716390 764882 754870 760973 740599 778372 736770 723082 735010 742112 789613 740919 694689 805327 773083 732477 732524 721827 699092 768197 790708 743623 707782 789969 727994 722576 766275 741520 785110 754399 725108 734951 742828 739734 709114 812310 723102 742583 745640 739035 753013 737563 745539 743081 742157 727479 774317 705657 739499 744859 783044 731593 758134 778194 724683 742188 751303 739037 726776 758972 704029 745129 725669 729393 737645 743842 733145 735298 715700 752329 789274 798511 760552 762299 770280 757958 761691 789137 775818 791216 741811 768044 749872 756334 723457 762465 714800 787804 696007 723009 759386 740084 711843 741332 695406 725108 788472 707236 705516 770189 708433 773498 768615 792797 752810 752744 770329 727623 758786 785600 732892 695227 781710 753016 718339 789268 718338 755293 750326 747640 712461 780471 739268 723608 706684 704240 785391 724483 760147 715788 773504 711003 748428 717520 761657 756132 744201 715680 727397 737506 732133 746877 697085 722089 743566 725770 738157 750677 769683 773744 737383 772127 702652 698252 705037 737820 742593 744552 767144 769144 781989 712062 723284 714788 758410 739788 798879 752083 757387 743837 776091 839824 755821 778244 755224 746311 756804 783748 766391 780927 708949 770461 741445 748248 776514 762075 740152 725518 715543 787501 782894 754674 729786 744913 701243 719978 746415 834485 723054 727072 801241 769901 765036 743274 786267 753437 704895 741344 751260 747802 756962 728754 761944 723891 722111 769690 783174 752025 748802 760427 779304 696620 724103 742994 708994 756853 737110 749518 731822 767353 748535 762709 751782 750043 721246 777013 700441 734467 717319 751600 718294 746622 757938 725105 777942 751375 793165 739327 743810 741657 752686 789630 743702 750110 736359 731326 758839 746423 715505 701201 753762 736169 730833 784346 736689 746339 712302 750172 698932 768740 759420 789657 713268 732024 689700 754183 823846 728130 766024 756224 738085 
678281 735099 728845 796585 727455 739104 713541 702397 759730 751647 709500 684276 720687 706011 726446 742089 726499 758703 773506 726582 786669 770437 739262 721073 707389 741594 720198 710215 738030 750785 727569 660372 768777 746768 702333 681826 710612 706394 720434 745243 725721 672015 773555 710085 694662 715437 741655 739816 717487 705230 703230 727504 723028 717136 762316 698206 685597 728604 719397 721350 716947 753967 715655 711108 713148 758319 692355 736318 710877 726184 698114 705115 754197 729320 728564 745349 696137 699851 697547 719641 706131 708151 723967 710690 736550 725991 716211 694099 736243 738897 761943 712186 741483 718849 711517 721401 774948 740004 777825 741306 751156 716819 740371 706447 717593 726903 779086 680250 702198 714055 706133 722208 745581 701353 701855 785878 666232 684024 724048 713453 733890 755746 720601 758241 724147 779075 704269 722564 787027 741112 636340 762080 735414 708621 720909 740258 728814 743534 712246 729243 739688 731693 717611 754494 732244 721933 692607 717792 703332 763639 704853 732736 709256 729721 723480 728100 727835 686232 719193 739884 728793 750943 698270 723597 676828 697484 730404 753180 767360 720552 759375 701653 665740 699808 715731 717697 718405 769792 741777 754578 682851 709143 714371 754081 693283 787774 762300 755068 713351 744983 828325 723030 773211 713318 708544 733596 769880 754017 763371 689162 746434 705781 720467 742978 714959 728116 701501 699342 754703 794608 756078 693821 743639 671026 684289 751124 776896 737721 668320 757406 718732 712035 720050 736034 728881 669216 713580 722903 720982 747636 692601 728528 710434 713011 714779 693075 729909 715359 728653 772725 731493 736291 727647 708323 752163 722007 721603 682449 737833 729694 728102 742370 728250 695154 748238 713466 720593 711771 748565 736504 723469 752031 710280 771100 701290 753996 715135 738318 740282 730207 759211 704736 725038 739888 740645 750284 729661 709596 722079 716923 699163 705433 748150 711878 727751 647809 714793 675667 741938 743530 759991 707659 751062 697264 718219 801251 735864 727880 694702 721047 
764568 798509 790037 850174 808835 789678 753930 789980 794869 814021 743585 734702 806058 788797 778497 788946 821423 809821 839917 792213 780288 799036 779852 764649 794893 802788 788089 784142 788191 838076 795874 712285 870759 813635 764602 771816 752549 770203 825146 804617 775488 779901 827192 782769 738473 807784 765181 801800 779431 736017 780532 779893 805600 789817 843159 761672 758154 805046 794319 792826 790465 819114 799328 810225 749197 845298 722342 793129 780697 786099 784903 767650 814375 791214 810113 760393 746584 755864 771766 774276 707487 754016 786080 796828 772831 779214 784913 740979 775952 842972 845367 796155 778133 805251 772951 788921 808417 849126 800466 786620 810459 796382 769868 738059 790680 778654 813878 764967 778804 811054 785216 756151 778777 749282 780035 849457 746781 739279 802835 753844 801174 801725 815318 820911 769762 844053 808649 802702 798187 790156 725170 847764 772112 752994 773511 792432 796415 778063 759708 783399 772517 796139 788552 775760 733154 811153 765533 765560 765593 829949 740145 801632 768935 780989 786479 783725 785360 756031 772945 779284 772664 778479 763639 788940 746957 774167 801532 800754 813306 776030 794441 767022 730068 754202 791510 773823 763086 796455 770983 860560 737977 746156 766920 837324 773715 846133 818033 825162 819588 802957 871888 767374 807217 772406 815465 807719 837483 800224 828249 744531 825826 773498 727155 818628 775027 797324 767123 750180 841726 844718 784009 778042 759697 762782 724883 790206 816324 823202 758817 863018 814705 789801 770416 815513 804435 755911 788633 783275 809018 789344 754743 790887 784020 778575 776473 815438 792751 787019 798367 841080 764495 801473 766978 769385 781270 801417 796212 765495 792281 767328 809009 792733 781331 773305 797031 741490 789344 735607 803728 779668 772730 785382 761696 820532 741920 837999 776344 776473 742088 795154 847604 801127 783140 819744 777774 786875 801872 769583 780776 763586 774292 784211 798885 762290 791345 751820 792547 758782 790253 784639 814556 767869 777693 771810 786961 848794 765857 802734 791116 759563 
688841 739278 734535 831766 776377 758372 706811 733022 784060 756755 724848 706153 735399 734506 744245 818842 766350 789703 816874 746242 770343 771292 773652 751098 725281 743662 742488 745455 741142 783616 775620 679936 821970 756608 727428 714987 722714 706085 771647 775533 762144 723940 792221 738930 718465 783188 755824 777280 743286 722397 730972 765684 768621 736833 774937 729254 772814 756206 763648 742066 724069 773444 725332 740981 739376 776896 721797 753790 737494 762975 706934 736865 770805 730426 742280 736848 749599 753903 739847 711962 714278 734737 743740 738102 773415 753830 754184 709614 755650 767941 795637 727082 737383 779896 754207 763783 799559 786992 775367 760590 774166 762518 772879 719609 757006 741623 796084 719666 730992 756948 751747 720215 756463 726741 723823 771039 699568 721607 761325 736531 756735 774969 758192 769280 759156 792485 728938 766385 767023 759212 685177 795373 773797 742847 769594 735849 753318 753628 749856 735485 750945 764467 727590 736394 722357 792929 738321 754206 754007 777775 721366 732712 744726 747242 752630 757115 763307 725855 780510 741687 743015 771956 681244 773621 745389 737619 753587 759722 764094 737357 792774 715254 653224 732668 737847 764210 742780 787163 763188 798955 721550 721939 743250 785696 724470 797404 748460 764137 746779 769576 829171 768636 799926 764664 737929 770528 816993 777416 799891 727293 760146 716633 723089 779320 753523 724463 749280 737607 768377 795201 763662 729109 732074 695994 703234 743606 806377 722383 716146 787679 763446 757514 768533 772874 746444 708091 753704 772679 736561 767985 720084 774846 736459 728108 744086 746590 744188 756797 742360 770058 753230 746102 739117 741120 767834 736489 769698 720074 761882 738131 786465 743969 775199 697206 783830 730604 746476 740114 762497 730351 760143 764080 728512 795609 721497 778447 711599 755447 734410 757236 816367 786778 749063 770968 755812 745736 765691 730840 695867 775242 738689 775114 775983 743325 727482 686599 727954 731310 775168 733156 784821 746864 741776 745106 745368 804224 757471 746621 745122 739237 
668758 720701 707330 769566 758699 670993 664402 701767 719889 730453 703016 672511 694695 695283 695617 735739 743027 743940 758652 707804 728322 711586 718479 694067 692314 693302 695638 705872 714303 729523 705235 661470 786097 710968 672095 673910 692317 666554 705710 729256 721400 704521 742906 705323 674146 727782 712232 734700 688264 683382 715598 691005 714055 680156 749995 694530 693996 729748 682921 712033 703221 715683 669719 696577 689190 739396 675283 736364 696725 727954 699431 698848 734019 696262 701876 692927 684770 690879 683269 684917 664598 665145 707143 702793 696148 712910 676569 680746 698038 753431 765475 699878 709331 691954 678928 728773 737996 732637 758968 703264 727827 736128 694928 683591 702568 702447 750862 675009 685662 732662 697675 675674 731254 658402 697458 766922 679662 672100 738710 699844 735553 732806 704554 714074 727663 747545 689406 709872 735933 705024 640822 742136 692053 712004 735311 691776 697088 710786 710799 716152 722871 687092 703270 712249 680752 707396 670560 711405 694870 727661 655865 705088 700790 685308 691803 716309 718523 691859 717561 694087 720071 729759 679532 726512 683238 703297 686673 718291 721613 710491 723361 686569 647493 705467 692272 722650 715089 733457 695420 728842 658415 666747 682142 733089 676049 756615 710257 716638 704320 751046 798458 734563 763974 701178 722837 708129 734375 720310 741849 670123 723932 702994 659365 710871 687845 707998 677117 702511 731185 730590 729448 684761 710769 699199 684441 704911 750759 687608 677258 738989 738816 745698 697676 722583 668904 660383 712342 728841 709157 687857 679638 719237 685208 698978 727542 691113 710008 712399 722174 748374 694138 710974 737032 700886 701780 696320 712692 700547 727495 687725 727518 730248 697204 700566 711712 673109 690886 685506 700248 722101 694932 721420 670776 754640 707220 717408 701035 708585 685182 702360 732543 731612 695940 741024 696646 716481 707874 675704 661824 695029 684854 691804 738858 677983 695227 668052 682787 678213 727300 723458 745694 699750 679414 668338 695276 769435 669709 716437 681440 686421 
694576 716775 696372 803803 731558 695535 684136 695949 741238 719717 699009 660041 688492 716871 710474 724224 698862 746764 766751 699618 714036 700997 704628 710292 726480 697305 685995 726356 730127 720733 712489 670499 785459 728899 699029 689209 681927 671669 696302 716553 689779 689457 754401 681618 657634 720141 680324 711966 691938 652170 706368 722617 713243 715221 778395 678645 691359 712583 730080 730660 707963 703934 695601 710493 693749 739071 646258 695148 719263 739337 690194 705336 726094 693088 706892 704981 701673 703481 695799 685906 675067 669516 712785 708464 713562 686130 719336 683496 698318 754201 750486 714996 699968 725332 720517 722850 756704 740841 756709 688700 743129 697554 701448 668404 689372 709784 737487 688520 687661 726085 715580 679788 687137 693712 680769 777562 664992 667224 738120 681403 721479 731204 748746 740350 702507 744314 682404 722144 733982 705807 621296 758643 720814 695582 724124 706619 725062 734989 692787 710781 712111 702135 701938 707379 642674 738168 688878 724842 711616 710039 657950 729777 662339 670749 705511 728810 707981 695149 703186 704923 741790 711685 658464 738581 677280 696346 724604 744814 739492 710389 725139 643460 645448 693456 695038 696659 713516 752054 729276 738774 667683 691700 686013 759807 689108 751525 730628 702399 701757 720750 794501 694232 754249 707780 712726 722989 752524 724453 740814 667517 714974 712175 666729 731393 688663 693855 697914 686632 713021 752215 715214 695594 728659 673225 655224 705974 743078 712797 658449 752584 716449 707919 681778 752128 693445 643732 694631 716761 738239 725368 676627 712974 720868 668486 711036 704394 706436 731149 727873 744964 684312 718975 690333 695444 705940 693196 721827 694849 693898 663772 709580 692372 702686 697070 683137 685934 707023 689728 726918 719039 687656 712701 691462 738507 708380 761667 699731 724867 692003 703966 749670 705650 700556 695406 722105 740336 713887 703094 710191 709448 687669 711130 706390 694702 692896 663876 672698 661168 724317 720897 764957 698220 697527 698032 687972 793390 683254 695455 692136 669412 
652377 717626 700922 772788 758615 690762 691066 726633 743614 734271 687919 670009 724136 696902 678830 718110 750897 730705 765405 695846 730482 715051 749700 707584 701104 741252 703926 719565 707666 753312 738650 682312 778123 720152 706907 704976 678004 694349 764226 743279 706292 710034 770189 726786 692180 730112 698425 765656 712428 691215 714818 711908 739410 714490 737766 686961 707626 724734 740857 710869 687803 715757 702356 720826 703613 742596 668729 708830 728482 718314 693585 712317 721412 684754 693472 721708 701709 717342 708696 704052 677247 706169 685232 692229 723551 727402 673848 696839 705389 774775 751106 729320 707867 756687 685525 739708 730906 740885 744708 698089 748815 706948 714910 681980 719271 709018 774492 692296 676797 757149 697599 650643 699100 677882 704339 758123 677126 688839 712781 705096 733318 730861 742735 762336 697183 783102 706747 715258 722724 705211 661206 755317 705458 711318 721617 692124 716864 723000 712085 690099 716476 727580 693806 700773 700986 745629 683545 714898 696282 747569 686676 738246 712601 711806 695924 712087 739468 709090 711675 703218 698807 701478 674109 732136 686082 678185 713370 709638 729752 714670 742006 700983 666175 702010 725886 696408 692364 748143 762066 769285 661182 667966 672499 740168 709071 774809 746423 742698 714304 768482 784292 690182 750640 714500 715794 707523 747530 714887 765127 701548 726157 706157 678952 724232 698083 707101 682149 705177 741612 739082 721165 693356 721050 685745 672347 701800 785657 726229 654274 748803 708155 702332 707870 730902 728126 684346 695825 712040 728212 723707 704332 753184 699780 698222 709056 739672 714667 723894 726860 732500 683872 699553 718001 690869 716219 697433 741049 692549 735672 677055 750746 730124 744330 674457 718973 684263 704841 693642 716458 719644 710488 742466 691625 728745 719407 738872 696944 730059 706449 714974 777290 739601 723026 755679 707284 705404 700449 697552 692610 701866 702227 691866 727301 693527 684466 678646 709852 691601 729726 701230 757454 700003 691331 683760 699356 774584 695681 732923 742455 717196 
657756 708438 709832 734281 711405 670227 670282 669234 709098 725185 665669 660638 710414 674394 692436 717306 723715 731566 746607 679488 710993 710702 702129 676904 695433 691737 682831 684458 701902 700741 726693 654274 757571 706273 668855 686607 670099 658083 703277 751237 670852 667380 727963 702799 676014 727393 688784 718331 717817 670563 695612 688983 689212 673238 735869 705583 678443 699001 687609 706696 684700 710420 711357 701683 660413 730528 644729 692239 696558 698557 662215 709708 729587 675832 706734 700907 670906 688392 692210 689799 651882 691628 693038 701002 694510 703968 677141 666790 702921 743672 754050 687350 723811 696269 702842 705313 756474 750672 740859 674748 717996 699150 690280 683588 699279 699531 716161 673921 659638 712370 676211 669435 686229 678477 720358 743268 673282 675337 731447 678641 711821 732261 738227 700752 690676 754616 668565 688290 713903 700847 609118 748153 686677 671743 697929 692938 671497 707303 695177 704739 741471 696258 694223 705217 637500 717154 649250 732121 692748 724423 654624 711755 700884 722782 707482 699557 694872 660026 695640 691211 676716 722342 681220 692622 705748 690558 699949 699140 722403 689655 719470 674685 630185 664450 707612 688513 697897 735733 723596 713465 676876 664632 692844 757967 680059 750946 745107 713653 693976 738749 802759 696954 753627 705683 708327 726002 736731 706527 746775 636567 670604 689265 654947 734968 660735 688446 680393 687702 707473 727600 709196 707177 681816 663675 650166 709118 755719 717484 658203 744307 693759 669568 697594 704326 678615 676363 683955 679565 709132 730993 686454 707768 686497 679059 698704 679045 707564 684335 729025 700688 685586 682716 658856 681253 746958 683783 698721 673322 731404 650395 713174 687034 674654 710793 718254 681750 694440 687735 704760 695239 687567 698987 701498 727164 705228 742439 694670 703773 678020 687184 733437 717726 717519 712623 678214 732615 706053 662497 681599 682018 671340 687216 700807 648715 664818 671920 708203 659458 711114 704597 706591 727626 682740 667760 697255 761623 682561 684177 716171 666559 
689943 747243 744816 827735 757581 725796 721061 706918 762589 751063 718094 717147 705259 726163 693360 762966 750372 785138 796848 736804 760003 718799 752881 719911 712419 725115 742282 751188 720649 777721 760571 683626 793315 767326 728882 730208 711868 688034 757073 758446 747836 704618 773619 734775 689536 756902 697350 746155 748081 710124 714002 705166 737944 732031 746457 701327 748716 764814 742840 735651 738550 750545 738276 750644 704567 779795 694518 747776 708017 741048 740918 721157 766511 733085 741645 743568 724211 716509 726893 716013 701503 736345 725885 764680 736012 737219 720333 733611 752388 767988 811231 742646 754126 754778 727160 748491 745124 755988 767747 776353 773318 738772 740532 727570 714224 750536 756545 716577 711126 740076 750323 706803 742257 732941 756474 765059 697767 680029 746165 718551 748421 763647 772520 745893 751733 802661 714759 734226 772122 739397 695613 792196 740692 731796 772260 732494 713831 725402 729689 751674 719455 747557 742104 754929 687403 762787 727375 712842 706126 752342 713319 750681 725466 706668 745814 750836 722879 721399 737257 718210 752632 742220 694901 771351 694768 729563 769293 765148 784822 733296 794232 707804 684006 725537 742096 719477 721098 776217 751293 773546 693277 733200 727196 752491 699479 792698 747218 749457 713990 756401 815046 729623 781185 728452 753532 739632 784969 752217 766313 712490 772385 698838 695797 788673 721859 711759 708710 719638 788527 780094 742334 704334 744041 727943 715357 739484 761181 720737 684087 804232 757655 739788 709139 762319 746832 685663 707581 730845 743138 735702 733787 741846 723412 727510 741958 752122 720022 760861 738532 781203 718631 753519 703769 714527 760404 733540 776834 685497 766178 699375 790629 739347 739465 727677 748404 698874 708893 712712 769414 752684 710279 739706 741065 753385 710750 779394 715510 736134 723105 759159 780873 766143 736571 750542 695319 756459 740943 742491 695899 745109 715170 748692 729458 740207 736989 666698 734624 707360 753281 725590 780437 717687 736999 703849 727903 785471 713351 749518 716007 718817 
711503 739319 768934 829516 787985 754907 728306 752418 745508 768378 699106 675835 728864 733443 752263 758650 760992 793472 778890 727734 781748 783970 760351 746256 738340 769086 742818 773702 753344 767492 743620 700495 836157 749706 730065 723156 717055 714019 737450 759207 768821 700328 778368 746221 698067 781293 773098 786245 755224 705855 732242 741630 771851 719123 765174 724366 711383 735729 749750 748591 746949 765629 715278 742478 767394 762305 711616 740409 733618 781813 745509 739416 760757 734678 772073 719883 695344 739798 731555 720373 732103 717903 728044 734622 739738 743882 752665 715935 747957 766904 788213 756031 754081 751006 734459 744699 800804 779291 778303 743143 778552 743430 766953 726481 744019 739421 800431 689086 745243 735971 715023 699300 745260 707511 728519 807356 695484 717975 753389 713138 770160 769586 770239 762809 763415 796434 752352 752747 776108 735773 668122 789689 765763 701724 757571 747874 737917 760577 745688 757751 746605 754894 732935 753105 703721 760500 733754 757211 722427 764870 693880 764513 730963 732514 727735 741175 750897 741622 738665 737058 722514 744734 716973 760347 749915 717618 754536 787277 787432 731994 743255 730660 687854 715694 730160 750707 730505 761247 755574 780899 690477 739768 724082 809666 743800 787579 750824 746745 748421 787765 829929 734870 796866 743027 762429 747797 797738 780601 792186 727625 774497 721660 713648 752181 709574 736324 717003 730577 786982 773304 770000 718841 753684 711182 699322 722413 772496 729780 691281 804886 757994 755194 748910 746683 711936 706003 723683 775414 738468 743467 718899 745480 733252 701934 749648 749618 762276 732751 786950 768339 699170 733702 733274 726472 744537 718757 733778 720076 745992 718282 764180 785460 744123 717714 769192 729736 716483 732434 764959 749619 753689 757213 717163 776975 709221 776066 738638 725688 735303 750075 769496 743009 745405 769879 773717 740799 731755 751055 738351 737310 724131 729699 768534 747553 727371 698726 743769 716223 771730 762471 785095 746068 738919 719124 726618 795524 705572 759099 725827 751794 
671571 695789 718975 779147 743633 726423 691449 725750 724854 719324 693927 669062 724591 707769 704144 763212 721418 779197 734480 708213 729122 723647 704934 732363 680230 716093 722207 708990 732922 777761 710715 699165 790626 753034 692539 721547 715480 678436 712006 753994 720505 696872 749533 713290 694335 730843 703248 730458 732634 691080 721839 712025 745021 679985 731836 696654 698599 735518 706490 735874 695960 729641 703417 726028 714202 761661 670125 717393 700180 736943 689475 712612 744971 715064 697430 691496 670930 713950 694750 698401 677596 682508 713205 721814 702898 716311 699985 678497 703756 757695 780058 728859 710019 723267 711564 706224 747367 766632 726683 685175 737202 737956 734352 697346 695837 717673 756393 704124 702816 727671 698024 689001 724501 714303 701412 749805 662803 696395 713726 703789 725287 737733 734424 739248 745353 774844 704107 736218 755909 702226 671806 773444 716824 720115 730833 713484 735291 763724 722669 726180 734475 713877 716863 718137 675820 728522 683922 731306 712390 754108 687144 713822 698842 716550 699059 717333 762303 695928 721731 716013 719465 732256 662707 730191 731510 704267 711017 728550 760801 697906 737200 682160 679167 702250 715097 705067 713561 730614 729047 757257 676453 713685 722661 753091 682452 768250 710623 734796 719686 748906 801771 725315 755680 713171 726684 712400 770564 730163 768208 679644 757544 691819 684246 755890 681731 711625 700658 675056 715735 756940 707616 690464 703805 706720 689352 744064 770340 733221 680642 779706 726344 730166 697733 729571 712306 675863 718842 723591 718161 738124 690163 730311 707459 704904 705537 727837 731215 731282 734166 743050 685544 693494 703368 719061 733141 692371 723091 696370 760647 670485 703345 722307 739517 707401 742346 712207 693495 679891 720447 713751 723865 726896 705513 742598 695725 766140 704802 708944 696965 719133 766296 744145 717305 741995 713654 736449 740499 702780 708137 716777 696973 708953 730738 674207 716228 697572 695070 679753 758664 729330 776386 738399 727065 688749 713474 768450 713998 715131 709658 697615 
658483 717609 718280 767613 757965 719327 706035 746011 727421 719032 694802 660567 728847 700746 706634 757090 777944 743485 781448 753705 742012 735720 720655 696716 728766 718073 719596 715822 708082 761012 726257 692842 767616 726908 718423 701541 697979 675059 739854 766424 709228 693222 782825 739712 689176 732535 730270 754095 721728 691149 691916 707290 718692 726261 751725 682316 709552 729234 724700 743200 739728 738010 700436 736434 688610 766930 669478 770129 691367 735189 686169 711602 731740 724077 694043 703178 696497 705478 723848 695950 694565 699647 700585 723496 707062 733124 701181 698012 711570 774825 788197 724671 726853 742863 695926 721744 765674 780823 773063 742833 741409 720411 730529 684749 716232 711370 750821 686802 717427 729532 688527 697191 737603 704498 734990 784537 685491 711686 737131 725309 728069 745612 726799 746420 709396 759536 694839 716238 748179 738079 668545 741986 721249 702276 739080 731622 725516 725839 697436 725479 733436 724450 715641 702829 715061 722787 687053 727737 720695 752483 733149 709582 683667 713303 711846 726400 740662 675896 714417 732645 729242 735090 680737 754938 708745 708665 709160 719654 728174 719883 748294 700732 687935 692192 715497 722988 724813 757511 732478 762201 679541 716025 714013 773614 673663 763607 735602 731888 719520 756165 803699 699544 766846 721055 688445 732403 782276 771819 751656 697041 771877 709578 681982 740294 712900 746293 730662 675368 764896 735538 735669 698146 719532 709163 645803 739261 766010 725849 704233 809058 736341 734605 734986 764930 711943 696688 717613 757512 732219 728777 700043 755362 711637 705785 742184 736366 731302 696039 731789 763078 725112 724227 742616 713386 720366 722650 736730 697371 729120 692151 715916 730449 733076 687623 747055 680418 725281 665953 736228 697426 729588 727050 695552 754908 702610 747751 718267 701762 689602 739900 765757 743770 730478 746152 750385 747875 708654 693672 723582 707672 720939 710788 727401 711295 709354 665902 694440 705131 762977 703015 766441 729508 711215 698985 694162 767270 736039 736876 696442 692852 
625387 697061 737061 786170 745681 700964 694591 704505 697233 719843 694645 664254 724821 707283 710251 732617 729062 735708 795517 730880 748870 738854 739173 710034 701671 714853 709608 705592 700878 742787 716186 681060 784960 723949 709555 693952 666239 671610 717711 736033 716432 697495 767397 689547 703747 730250 712784 765567 717536 677784 694548 740775 727363 699314 766336 717759 689614 743629 722164 718862 695098 727302 692898 700727 698819 745058 671231 705633 714273 724869 694524 696991 746221 698261 722478 688942 693264 694651 707809 681164 701311 695920 716663 693106 747874 719779 691201 708093 708515 771173 758978 714325 732658 735781 680149 695459 740286 726092 735203 676339 720860 717820 701751 693063 734877 699151 768050 671321 694337 735380 684276 691722 705139 679803 714510 759688 665492 677347 750447 698531 734296 757010 723366 732343 681823 766788 701588 705580 748346 738808 644277 753972 722936 705156 740117 690194 712580 731575 728688 731189 725834 721102 688775 721371 693116 748652 683426 704547 696194 735246 687504 706702 690194 716481 731717 731720 721081 705639 695444 712827 709321 747493 676382 742745 708942 705961 709997 737208 758555 727199 729488 681311 672115 682023 718084 744072 714335 742773 724753 763966 672221 695772 682443 739425 688631 771765 719065 732718 719328 737687 775595 716463 753352 724497 718984 723629 759881 719386 768577 678964 746751 699146 672793 740982 704112 715827 689557 694893 724864 756016 721731 687854 705815 658251 705297 720214 749636 720763 689003 780029 719048 735267 699044 752047 712258 695630 710442 713500 727433 716242 673791 745939 686978 675998 716163 719866 698670 715981 760800 736964 673661 689898 717193 697909 722045 696090 717656 697180 745683 710769 739223 721812 740125 718377 731108 679845 685897 713743 722112 719895 701198 706683 701368 748727 708668 755611 695923 714233 715035 724388 771328 728445 710415 751041 706535 726075 710278 684974 722203 710757 707318 710956 753567 677498 709466 676573 723602 681182 732551 684896 749380 719908 702178 667407 742088 809573 716210 737249 700328 693712 
664680 722889 730236 791665 763707 706807 688767 717978 748595 724149 703784 707979 731859 702862 723358 755792 762255 739455 790411 722835 753258 742540 747062 708388 730327 704192 718992 738864 730015 763574 736153 681592 794059 736500 674442 704103 695563 677354 733305 740603 719815 681362 773148 717586 686119 739175 705955 761504 718850 688879 725271 726360 742060 720457 770246 725421 728458 735616 751109 717629 734801 763210 710375 764691 719432 772423 691992 733613 751047 747036 734606 737412 748404 716692 728547 713429 713130 714418 709208 688617 680693 705667 745900 745458 727397 716717 714597 714192 716363 751985 796266 724658 739330 717418 702507 749622 737497 752751 779141 730748 745584 766072 736437 701521 697508 717624 780254 712546 709820 725902 727492 685329 727933 677796 733571 791538 695624 719977 745947 717971 739458 778988 763549 730357 709011 779103 715122 713870 745409 740605 667841 764221 743996 704976 718121 714244 698988 738750 732033 714990 732432 715268 702870 713333 702153 744394 713780 709798 722155 755770 708402 745963 708171 725994 731252 743206 732091 711968 767413 728554 727301 722625 667106 726947 708845 726424 748130 708425 761453 712308 728836 718963 685974 681541 712502 748471 705668 755017 728796 759762 678587 718054 706349 729641 697816 762911 743464 734003 728346 759373 825948 717214 776712 730470 746351 747854 788524 751867 770396 702525 754979 718762 701846 763124 718684 730504 701080 697384 744402 732778 740776 704071 751512 695646 688887 729341 777538 729714 683390 787881 755035 738635 709336 764092 725852 696810 707139 727689 753855 721728 695504 750088 714258 698558 730551 708139 709516 738525 753859 778423 743354 743819 717104 702507 733384 716988 728681 711209 754163 674929 757056 717728 745808 705135 751746 680257 700605 705074 727195 726014 720550 744196 695587 723128 711873 745672 689873 728207 722312 709755 778440 734065 719482 763528 731359 741192 727858 716370 709321 737143 710658 706596 744874 708236 698446 668945 715543 659347 737479 726684 747091 721001 707671 699311 732639 792521 720832 724099 713036 699482 
634719 718710 695973 776390 735319 681343 677619 724382 697398 709365 685582 672547 702261 670183 687902 724918 712560 727851 770994 691306 717418 716465 734010 690816 710932 709280 710446 689956 698910 753688 696148 675015 746966 708085 694126 702404 669326 665983 716220 740068 695503 663861 735871 716363 684435 718734 692930 747707 714819 677562 681070 700998 717064 688970 737618 687857 692382 702561 706213 698977 688242 709809 693212 675302 671433 720657 666180 698495 696837 738456 675653 688864 734970 709992 699722 680875 685042 678802 693911 671145 655797 674134 692137 682950 690745 699754 709262 686467 714577 748187 758129 678020 710288 721657 693559 702754 740696 740850 735207 664633 716690 721204 708972 661972 713526 685973 716995 676072 684333 740982 713411 693272 682516 680100 658256 757926 682554 654805 723975 669242 712144 725679 709575 714524 718133 736035 704556 722962 736836 723095 627214 748360 707000 683457 748126 695378 705524 725117 699290 710697 708090 719268 697712 683382 686491 723252 673122 714916 682716 697499 676902 734440 681908 685928 686342 713986 700570 675382 679539 694970 701530 682340 671796 713314 670868 661413 706735 725106 728664 711876 721430 680774 643195 686918 701262 708240 707747 739527 722397 744819 692344 686442 690783 737617 687514 739974 719776 729816 695075 740929 807966 683093 758125 675901 734506 717586 744371 744938 712956 674786 726387 685237 669011 707937 714839 710918 686376 688628 714920 744062 676610 671633 705608 680726 659753 702811 752033 696697 686557 768747 715659 688073 681408 708534 697666 683185 698596 720481 719535 717619 688309 709183 674334 682248 722759 736794 705080 699869 721534 718099 669433 727435 692451 681093 702664 673647 718819 699406 718329 661169 701985 682432 690592 679520 735435 677776 687503 653860 721353 708756 707980 732575 690187 737917 683191 747501 710431 704777 703153 694294 748390 707573 710066 699553 707664 729818 694983 681346 706043 701943 702617 688824 721398 692407 700106 665737 695200 683863 703090 701582 747998 689247 700050 660372 699933 766875 671475 711548 686213 695240 
654532 685806 722628 807326 733035 704118 700005 721497 729383 722696 695242 676616 722895 692694 686148 740088 740008 745385 782497 714043 737987 734159 712738 729727 723143 746067 706257 721751 720495 739011 720938 659126 760965 764386 713025 703687 683908 686778 702625 753888 720335 677681 747962 698166 691460 732168 735969 757144 721826 692386 681698 723859 745495 701562 756173 709467 705732 765222 710632 742970 722508 714862 723551 726013 693114 776133 690581 743861 716763 752602 712721 695966 720489 719702 731043 711256 694297 699556 723225 722627 703959 678023 713200 723760 715928 694589 715893 703587 726530 786723 783366 729847 781307 751142 726952 725985 762883 737560 750005 742074 747276 733027 732058 692668 728922 703276 777368 650326 705815 735424 680271 712702 717620 695357 715919 782117 660430 718932 729356 689498 733894 761074 719930 722350 730648 773838 724900 709119 753051 722204 627722 769156 734526 679413 739899 703471 731937 715232 700031 727581 728426 713849 726510 723129 696267 754133 680357 710964 708551 745933 715715 722068 706209 700465 753578 717838 717754 700096 718491 723406 739158 721030 690390 736594 699137 723743 750162 758374 728589 708170 727015 716955 685387 676406 736330 720307 730890 741877 726156 777480 675854 722401 691736 753168 712500 777909 715189 748437 724213 757749 802774 712920 764190 711565 740714 750823 761688 745256 762337 680844 747852 674078 713137 752178 724125 685020 692965 682004 738380 745202 720049 721619 713285 690759 674478 720612 748727 717391 699324 774312 752974 724884 705199 749830 696040 695401 700528 704900 714404 729405 701630 716087 706801 718891 716999 724410 707218 734076 732542 748829 678622 706529 724012 690103 751695 730309 729403 720899 722220 696114 741343 732857 741836 727593 709523 703557 713187 700190 755386 730975 703081 721074 718986 726303 697226 752632 722212 718613 714171 730730 741103 726422 737303 740913 731529 736252 737721 701915 695989 722843 698535 719708 724755 716316 718089 672419 699797 667578 756151 736166 752527 717412 702180 699723 695193 775979 705263 734723 736065 690657 
686301 726402 759645 804659 729078 710695 646476 693234 728518 712470 705467 678475 721192 695515 679848 761285 732531 744107 752669 741405 718655 736299 695676 702538 717880 703278 708501 708570 711051 758147 721046 675856 793371 736492 680791 695038 677480 698962 713648 756466 694749 691770 750146 718987 707924 707378 688083 751301 737632 689223 708483 729288 741117 723612 733269 687849 693769 703729 693979 716259 689282 731407 707006 703973 688198 751159 693543 715776 704131 732924 714693 716427 711034 706413 729339 721154 688552 704541 681829 693377 665683 661317 710993 709871 706730 709449 713836 695547 718449 744217 761149 720422 735616 709105 693777 713838 743230 758988 750058 686403 730847 720537 720869 713271 690494 716808 739716 660731 683802 721976 693007 705452 706432 694864 692810 753917 659488 702783 743618 700839 711074 763033 744421 733401 729821 762465 699509 710184 730959 726909 639950 793995 734765 687307 740678 717784 723111 731865 697457 728308 726420 726915 715332 712807 679112 713721 701383 707722 686742 742362 709134 718878 700252 673192 727085 726182 710716 704162 716345 706842 710768 722212 708532 733618 677792 672952 716061 732221 730678 711311 742194 679496 653894 709995 719040 718839 714290 759408 678373 734085 683386 664170 676010 752894 696999 763356 720166 733640 704895 735202 796215 715763 786331 696073 706854 721274 754934 703984 744309 679990 733900 717252 693859 773432 698312 717283 679119 681855 760640 779957 706189 725116 691918 679785 657310 697707 771526 739901 680722 772280 691139 725320 729974 743624 722819 662431 694172 711892 700330 734881 699773 734833 699750 709838 717899 728699 694552 699915 763826 752015 694991 715261 709717 698557 715988 689382 721319 699103 758172 700154 705789 713096 717247 695288 735534 678501 720924 690096 776696 708182 698315 717987 681073 711927 687384 758612 691592 696162 706671 724810 764159 738537 688348 746104 722051 720387 738587 732722 683906 683512 684459 712949 728620 692268 702598 668192 697655 684507 740470 716590 721040 710079 714187 694117 705486 790912 696787 720305 668532 698822 
707335 743490 767762 836366 802553 753819 731231 759112 783481 789203 739034 716319 759234 751052 753091 776663 783290 832205 835334 766369 772979 794009 779741 763370 777754 770958 765228 772332 800706 822781 773507 716752 845752 796259 745883 750975 736305 723454 804713 786669 787272 726141 804961 764138 726468 792069 748992 789785 747617 731632 737602 755368 750366 749607 787272 741054 736515 778181 793329 775600 723160 784526 740439 746393 761637 786463 723683 774972 764621 772673 745289 766081 816982 729660 767875 747322 720981 729998 768066 727859 739366 753273 774834 751174 761811 768676 735174 739173 760928 816366 843774 769886 782319 767228 758990 777853 800433 794406 776991 742061 803389 792608 780958 727886 758369 806662 796951 738936 736530 772498 765279 728680 729011 734081 740605 805859 731602 723596 785002 714489 803118 810035 774830 810387 766968 820514 746612 795520 805628 768611 716432 797567 757516 759016 774497 759653 789161 770468 776191 789657 795649 777046 760783 770025 752328 756604 739066 745716 758018 781056 712314 780427 748016 760303 741110 777653 752887 741537 737295 767745 791288 770402 741598 768355 751013 761303 788673 749522 797404 751953 802259 760671 729990 735918 774655 789484 747122 786764 769763 771455 743084 754863 765178 827863 770914 835716 788448 805987 742670 787123 844441 769517 816521 768134 795923 783000 816682 799470 798064 735464 770431 748718 733046 835140 747447 762469 717712 744919 795902 811287 753431 742867 759256 732301 707445 780931 796383 761009 724082 837372 775262 763309 754910 793454 747605 746364 799987 782362 780669 777603 738255 799849 770000 746320 755536 759535 757411 754828 802939 811163 755658 781110 741642 748884 757710 767267 789449 721475 800731 728585 804107 766876 801623 756630 775844 764430 773698 765609 777953 801485 789337 762780 740244 798726 744295 787823 762362 764272 755948 759170 844826 793721 756986 784583 758527 787848 782380 736428 742334 788502 738223 753872 774146 774686 785113 725229 776493 744229 796193 785350 801647 785021 773507 725358 739125 840385 743874 763554 787431 763129 
713839 784568 780297 845825 807300 780255 737609 793500 773572 805218 717078 728492 772323 764760 743436 790759 796254 780271 822068 764158 783575 769174 797729 776540 782021 758004 775471 746145 785294 827137 776961 722300 856825 768519 767937 769373 743104 711072 778684 794961 751974 733959 817560 770212 738676 793469 770392 812185 770514 736152 746695 790069 781466 752362 821412 734413 750188 785209 791277 792137 778935 783315 726205 805788 730103 795707 721131 784600 771988 779514 767203 738176 787113 766842 750168 744604 739133 759390 759732 734678 723578 725177 748224 739987 772554 767285 766032 725134 765161 836524 816300 754637 777926 786879 746175 775743 811603 818691 786992 754977 798232 774315 775451 728341 779817 765486 815593 760306 734123 779232 758868 748709 778188 764731 756569 838235 724199 721833 763445 755336 778914 794086 747456 800308 774882 821907 783733 802267 786565 754988 688751 800649 757384 730214 805972 782483 782591 781501 771721 760015 788581 745216 772513 769847 746342 819671 742320 772070 790261 787169 737558 758967 735545 749451 751163 766907 794105 734302 758325 762701 754262 784342 756263 770908 732235 733658 772477 775431 782801 742008 767824 745296 711111 759579 775289 740720 760539 833700 780471 786707 727615 758416 760772 810458 770388 831227 774544 791771 767311 782499 876857 761648 794507 766087 747632 762593 807637 830617 822012 739107 785349 773189 719861 789034 749814 790467 745689 728539 791577 836511 758428 776158 766506 740271 694757 778373 799816 762523 719437 822174 789445 786015 778219 779448 761910 756284 767551 769920 784584 796645 766219 792791 760271 746817 761740 792880 790372 762117 784847 833265 756402 766367 776520 783082 783145 755893 781087 762133 787536 755111 779392 763557 784631 772231 797072 768165 735317 745202 813885 793373 792130 785727 740796 794515 785840 774655 755085 764027 719286 788850 829326 773896 772329 823284 778905 783574 757125 759431 723551 742822 748249 773094 814065 750036 789090 723536 792941 744220 788370 786661 828105 792584 783106 702487 737024 832352 757234 794405 774642 778218 
696885 762703 756030 799621 776983 720217 725861 746019 733019 731925 707630 724239 730562 730974 734874 778634 759413 765376 812615 747355 775068 771532 778709 731635 765201 738851 764663 757396 743749 786400 753058 694776 820113 738509 758076 760602 719907 705776 745854 801374 730082 737733 768144 760986 691306 741520 743384 779622 806898 714650 735212 743580 746332 734541 803857 739205 719897 749017 747334 747885 753519 757567 740049 769103 717236 772468 709437 764339 723321 783117 706559 711656 783935 730657 735168 711214 726537 732273 756072 698557 716890 720917 746243 734683 727839 731939 722818 701531 755706 813944 825043 745717 741894 773057 734214 765359 783593 773652 768830 721018 757900 759982 748817 706804 759258 758622 773116 713893 716685 771815 739304 748605 729944 742183 747794 820852 701286 722411 788385 736496 746648 791719 758015 759713 755620 778942 764735 754032 789597 741356 704429 805001 736940 699522 769271 763642 752125 757081 750401 756176 758978 728942 760844 737257 731637 786466 705305 750290 740496 778132 730977 738511 713590 737197 720835 756749 761415 747014 730943 752907 740849 757721 701028 753624 717224 723008 753874 764699 765504 716854 766664 725284 681940 727940 746802 757212 747536 791383 738203 778262 720648 704464 732386 798610 742711 801648 756890 756196 750712 780932 866035 753201 781852 734406 759886 757416 788243 807899 761641 709050 783338 717942 716054 770296 725592 718705 724299 727315 764687 777352 735712 734130 760159 709481 696671 739408 804476 753855 729815 790200 787745 774435 751593 793252 728343 730745 745901 763959 752316 735566 733893 786768 744078 734377 742150 727375 730313 741823 780018 790890 720506 742582 744769 748863 754017 740715 781393 728466 757190 714181 764918 749177 725178 755727 778642 725617 739042 712166 780253 748183 750522 749810 739871 752765 740459 780112 725059 743781 730281 775560 790660 750367 757686 780331 767881 744137 756707 736110 723036 719200 717549 738325 760261 713959 756597 708343 737803 702918 766846 755378 785813 765019 734696 706018 731313 850018 746617 756774 752478 736217 
699167 766025 784565 845794 788651 774520 731166 729489 781811 786615 750517 733064 784659 745892 759602 795842 785177 803532 841475 738635 775078 787485 760077 761928 754430 790015 762136 766398 771712 813113 750192 760834 847748 785198 746058 745885 767848 723290 800503 815468 763269 725786 806482 770302 745724 808311 757663 801445 753969 724133 752081 779165 796026 782985 799630 731201 744631 776675 779675 793739 768435 797619 751648 732946 774101 802417 717349 776630 763874 788282 751176 751798 793294 784845 781997 766516 768455 776327 772583 753835 734404 743899 764579 736433 782561 766151 789382 735381 781057 813207 833382 743422 783556 800752 746876 789228 807926 803691 803814 751775 802162 800764 770497 740057 777976 786506 812967 730873 764054 762932 779300 712169 752512 766327 748936 834111 741869 731842 762865 750748 789658 780024 776842 796090 757741 789489 745804 791088 785123 766250 708922 799915 772413 777483 791754 746816 777840 772716 744055 768053 785613 773256 749647 751392 728891 802045 755640 757266 763480 760434 712831 779519 736677 755183 750662 778764 754686 722592 776320 784105 760324 791775 710950 814160 761635 746063 777543 784109 805727 751105 781167 741226 713802 746078 747153 765003 754961 810675 786924 791767 772551 759298 759561 806741 769756 841886 773809 777983 766320 795616 873679 783536 802039 773758 770911 780194 814006 807275 805729 734940 790243 741220 738241 789728 747336 785252 739787 759321 777426 804160 775630 755002 733952 720954 739045 772163 831988 762727 729031 839886 797419 790698 734910 795855 769614 718790 755223 767636 771162 797033 733482 787674 759453 731266 780673 797338 761174 779272 797696 813613 749275 773730 753901 748204 769990 746211 776843 762215 783041 751849 809387 776464 784100 743119 810137 749377 751632 724428 753227 755635 787453 771561 763199 804957 776527 796310 737539 762401 760379 753759 804164 793989 762064 815783 776384 769406 776389 752837 745058 760161 738624 773472 805058 743815 750943 738896 762390 742825 776973 757107 801542 766469 787825 738939 766414 813021 762707 776234 759428 767738 
676478 721817 707077 802783 753081 725709 673695 724123 743166 729083 710607 690682 740653 726818 713603 738934 746217 742107 794639 709714 746112 733544 715173 727612 729115 717617 738698 723964 730267 756651 737666 701204 814690 758754 708379 704870 703897 699732 752354 748300 746517 690880 773430 741145 673761 750054 716763 786429 732279 705257 706612 740129 742896 721049 785757 740576 711161 744101 754448 763062 697301 745050 710566 731863 684704 769025 677863 740134 749706 744881 712356 731110 719434 700210 733475 710620 736146 719602 736785 719998 690500 693475 719494 712346 764692 736991 701882 713502 746651 774188 756471 724080 751465 720375 701192 750865 751748 721567 755024 707374 747995 768837 748802 713095 704023 697376 765238 707505 713843 721233 743781 697651 743505 716373 714372 746273 682050 692511 744910 682925 746502 733483 749504 734117 760111 777361 714805 752972 743940 732737 665581 741162 720840 699322 759386 748327 738513 726222 756066 734600 762925 737454 686170 739386 699966 735413 714933 690276 695344 734664 668699 738851 719119 740561 732757 736107 737656 706505 719944 732465 706988 742450 699418 749860 706665 720947 751145 759203 749443 699974 732815 715078 688654 714991 716795 728485 739426 767949 731669 748903 713954 728702 727529 769176 692465 771522 737419 740153 708869 758925 821935 739805 781394 720682 725519 721795 769835 775594 798621 699310 755965 710957 668651 744619 723913 763634 713584 714620 763904 794058 727115 700678 720293 688781 680368 735858 772211 721576 709690 797162 759246 701283 711690 760076 739886 702001 740867 754868 743438 746045 709589 723973 712996 714226 738916 730632 730727 758756 738713 749683 746038 720624 717190 741642 731317 717764 758387 713853 764882 734279 761297 752720 752589 719264 709967 709980 718405 715196 752864 731126 708760 749674 726687 758500 709255 752598 721062 735880 731920 741855 758222 734801 724334 729730 741558 716939 741588 695361 680958 768467 706751 732116 760162 691913 737372 683260 723869 667695 718886 746480 756733 743191 744014 713337 722309 781192 698900 731539 714470 734224 
671050 724818 720229 801175 744103 687144 673776 725378 702639 731712 696779 645992 722747 696769 666650 733058 757640 744456 782062 733145 735312 727206 715976 713767 722800 705617 697106 720875 724431 728299 725071 704661 806676 732781 698817 710777 711647 694240 709094 730253 701592 713714 763898 726764 671140 735094 724602 740935 737545 700682 715210 746462 723996 683119 768053 697759 712044 751252 718212 723296 703091 737275 697491 723363 693539 740194 665086 711973 730373 731427 688529 713671 728204 720919 732980 699300 680237 702448 704769 713696 678224 714238 703774 712263 702352 745307 708528 683427 749757 765828 794467 749409 748459 724495 704140 724941 737409 785759 758628 715807 742780 708890 725860 712283 732758 714618 751225 682409 688470 736254 708338 672752 697158 655974 693443 767193 671979 685858 735013 718115 741366 733408 734077 713032 737498 726415 687414 732308 725678 717583 644148 764758 694649 677057 720465 705742 732550 719230 719247 721382 709964 699201 707804 699277 664570 764151 679898 734326 721992 768359 699901 719320 719085 719706 691768 729073 746299 724435 729564 708956 689419 706562 701944 711377 713826 681238 718557 744512 742080 722479 740497 715309 673475 668779 740090 718672 702409 782145 711957 759465 683264 681056 683384 767633 706713 772855 739421 709196 696434 744509 808130 704384 746272 714326 727637 710837 746884 757740 729505 681588 737814 727626 661323 736622 725616 710964 686097 673069 732767 740212 746576 717973 708034 680622 683903 709419 761877 732474 682168 775877 729818 728215 707517 725671 724640 688134 679908 726077 711178 726863 687410 738331 714128 719696 694521 712173 702048 735565 720896 741432 700969 743253 705485 704351 748005 664369 712585 700366 705870 673262 718370 727857 725505 684834 732691 701629 716371 680603 752979 715828 720171 704820 702596 731220 734591 750988 707004 705158 700380 715613 777098 712890 711604 733340 707181 719394 707712 736611 712484 727793 678107 681209 730210 690589 692777 689925 723956 665218 731189 732256 745245 707944 713040 711753 750743 768621 719227 718008 705781 709533 
705024 756484 749850 806053 811108 744037 713110 749939 776083 784067 747329 707044 745954 775533 743493 799697 795075 795169 842374 773863 789895 775386 790000 746486 730719 754286 774211 745265 744059 820636 760206 704864 860533 761646 721110 755048 734896 722127 753305 774357 765811 727793 781879 770418 734391 757759 749813 816920 747811 709955 743321 757064 789338 759749 781162 747826 737900 770347 762764 778556 750233 789710 734387 751226 744687 792477 713563 794266 771147 785837 757561 742252 745528 746620 750343 735814 728485 751090 741794 733308 723910 730301 764298 748163 752388 756574 736604 731946 745683 804557 813419 736331 770104 776981 728822 752308 789534 792525 779938 757894 775087 788849 771212 758924 766145 776522 785441 726482 725864 774986 735597 739149 761974 771440 757473 813704 702808 719654 760377 747560 759943 779589 781155 790711 770916 827502 746150 755824 774038 765206 689231 797965 761894 742752 749523 772805 770714 783546 756348 750084 773905 763673 741622 733473 747389 759784 729372 739841 759907 770569 708806 762801 732745 739024 742325 781567 776657 732657 771320 757035 744296 774851 721341 765101 744671 731875 784039 763093 787499 748289 758313 764038 708031 745441 754488 781042 766065 783592 748835 765303 727513 733233 732767 814297 736386 784709 748537 814136 747296 788377 849046 742772 806699 770121 784010 783350 777690 789961 819948 709971 783486 730960 731078 781853 752223 742442 756351 740687 784586 810723 758258 745468 739772 725065 727506 759549 808202 741941 705408 820874 775726 769440 774235 788551 734149 722869 767776 770568 778206 764405 705531 793350 743688 760881 763898 739716 741695 766819 751154 816537 750767 737413 755320 746817 760917 754824 773019 758514 787034 745475 772823 744718 779132 764610 769896 737295 746734 723657 795580 756000 750928 791181 719214 783248 722127 800907 712873 763826 764314 726337 796051 769386 738501 779922 762242 741388 742815 764677 723539 745169 732928 759855 741993 735661 730837 691748 735767 722070 767517 757618 766174 758494 746875 741756 743373 832064 729201 764192 751546 735917 
665490 706768 725557 767268 735061 712867 714216 725025 709866 699868 706596 650084 701567 694170 695142 754415 737193 756921 771843 710443 731987 729341 712966 706736 723403 700633 699356 703149 704833 743859 737086 679382 788970 733489 700558 682395 699834 673746 705449 735624 697979 688393 757536 686404 683631 756690 705949 740090 721853 667136 701125 713571 752482 703527 748606 694678 686480 714446 725858 697800 713734 730529 693595 711418 693878 755662 675494 737081 715346 726417 688089 714723 747188 711884 705349 707854 675431 680070 709489 721618 663355 701498 706827 699918 694086 706539 690413 676648 710910 755745 770157 702709 714707 721957 702331 702093 733494 737324 754459 686859 711204 725112 707222 671258 682207 724926 756525 655376 693322 705202 680793 656752 724588 718079 712219 790861 675782 730415 715067 709125 716118 745942 757730 734113 695868 754065 693624 713083 733179 700489 648565 780119 710360 679173 728909 709493 731989 726931 707915 695252 720292 723841 691620 714077 667584 755457 687789 694805 723126 736618 685819 706694 682126 693712 709689 723898 737420 681728 737676 715802 713057 726705 682308 741559 678305 694150 716918 724314 741815 713687 716674 677208 662853 695886 719217 716277 693387 750277 733990 747788 699473 680341 679889 759060 709425 739111 732728 736892 709548 741319 763356 704323 730011 729034 754541 705479 749415 735097 773999 653166 731674 706535 682419 738830 700144 690086 719934 690273 713587 749034 714900 711350 699304 705563 661000 708601 756371 716863 666716 796877 721745 709182 708856 730413 703839 653571 703395 701802 728890 709479 668544 740329 722644 705155 705275 722721 720929 706394 738303 755939 694512 705343 699553 705417 728899 722421 714501 683803 738716 701229 724001 684528 724058 718007 720580 690984 717140 711276 728198 691481 704030 712664 680059 730888 694892 745952 688658 701094 664506 715316 760494 724671 711911 730599 737436 725528 686383 710650 669508 699748 675683 717310 732791 702300 689710 668078 672828 679249 749148 708586 752838 703212 694100 680312 702172 787040 698682 712047 704735 697489 
658322 721533 713225 781445 754421 707556 713748 717438 736675 735156 683119 662174 707895 681863 687719 760306 724364 752801 779313 725852 745717 732705 726534 710166 705284 711316 735624 724683 704579 782142 719638 645602 793808 726421 696509 693169 688504 701324 723297 739359 711265 682861 771999 705067 691374 726687 703804 760555 721465 686782 710095 695520 727204 686225 746563 693380 704729 744019 734776 721891 718359 737511 684706 720167 724245 762951 696041 734650 708724 745561 704314 707258 731903 726032 713685 692361 688824 680574 713369 734234 707562 691086 713304 710307 707233 742108 711209 654547 726151 776836 758988 713964 723658 727395 694286 709465 748982 777082 753033 712625 747260 736358 729036 679902 705562 700139 771812 673769 708480 722121 685005 695964 721385 702033 698422 785276 671120 693729 714718 693277 746575 745154 716840 729086 724880 743237 688131 717380 739435 721584 653632 758591 709098 695162 760688 732798 745310 738775 699808 703628 737334 739672 717886 709396 687222 730613 676191 712600 701470 743299 692340 728267 692470 704549 689251 721190 741360 706660 716368 740981 702384 731164 664609 745819 712804 697125 734228 711917 735528 713939 729997 715625 686109 676882 732389 691833 704676 748342 718611 740168 683670 714073 687731 754855 690443 752926 740423 722457 714265 745552 811297 705632 758816 702670 749917 745466 758136 748340 743827 672022 730989 714782 694725 738892 697866 714467 684092 687079 741900 773126 728413 698608 708623 696673 695888 721201 763567 706758 660593 763685 753458 730714 713861 758193 705404 670239 708563 721560 698615 715301 693022 740509 704417 701441 725695 717849 735225 733273 740814 726687 721172 736588 694177 706003 734295 699876 737118 682326 746663 705616 742240 722663 717578 711643 745451 689733 711169 662997 739365 700356 693721 739607 702395 737706 704301 738390 723502 714902 684272 747814 769520 742862 709752 751254 729164 708224 720791 714170 701831 718789 703069 699303 726562 721846 714113 665595 683163 672222 762361 724657 765851 701591 721119 684394 704301 787420 694044 712675 700717 722210 
672052 718930 730107 799731 762278 720527 708244 710613 724228 719080 680634 678076 713923 709324 707693 751227 737565 744297 760602 722174 725443 756353 707511 718926 730814 720157 727933 734553 733976 764919 755472 673556 783113 734338 713746 689857 694902 687572 723605 728131 718632 704665 765080 691730 688934 763484 683358 735229 727877 708993 700916 745965 746442 707938 757736 728330 682176 753489 750957 714646 715399 733863 707505 716226 708127 737002 620654 696320 686995 751364 698790 735804 734465 708142 702567 731834 693951 692127 683219 695421 660755 716537 711712 712928 746122 743215 738423 705960 714057 787036 781642 712190 719612 739445 708539 725313 754917 741918 733265 720634 750865 733693 720861 704644 705104 697676 755609 675659 705810 736020 680435 698542 724322 699524 716022 780322 678413 671129 772793 693649 747019 770751 735356 729379 708039 778903 743826 725169 747703 712270 655793 779913 727489 696118 738163 706896 704674 724273 719544 708272 724274 715794 728475 732935 694922 719230 714524 677004 696025 753724 668413 730283 701182 719355 719409 729938 710634 675200 714104 699794 710868 717897 683575 720933 713196 692102 706323 751669 763952 700655 742312 718621 657007 693112 705893 731224 699806 777245 761710 752725 649005 702834 710570 742095 695201 746137 762104 743543 725711 751887 847752 711947 760519 703294 735822 712245 776093 741463 762769 685218 751368 698834 685244 760938 714717 703768 690105 696384 733473 761814 736504 722854 699024 684084 676978 733011 757177 725239 669194 790336 743076 737652 733939 736727 733113 725382 718563 740916 706840 729610 670017 738994 725729 684856 716897 687167 730008 705442 745827 767394 697909 707128 688835 709996 722500 699395 714277 687474 739207 665520 732107 722029 720521 718587 745258 700674 740858 710250 745348 691059 714776 742267 706381 752971 679734 739464 695388 723375 674743 745641 766770 739025 724452 734272 706854 719363 725031 713606 682477 701073 711623 730723 765798 689708 727457 649608 710329 655414 720839 708716 766286 702544 703616 682678 725654 781202 722493 737424 725666 713935 
676166 743909 730014 816397 722931 694600 692916 738988 724032 698079 700585 694861 723439 716826 700493 753188 753313 761831 795085 733035 735418 755021 715393 732929 719021 733765 711076 714605 707613 771254 748603 697176 789332 739617 693220 721571 707292 694631 718746 745176 750330 689783 777757 734470 702870 757412 704552 779736 714481 684140 693169 727482 757239 719212 749520 726044 743997 752875 746260 735739 721832 762558 726737 721286 720736 734033 687443 750809 733091 757196 698285 718305 753424 733214 719535 745090 722384 720370 727663 698092 705032 716464 736185 749952 728379 715825 696553 685039 713823 772140 776079 710368 709460 725580 699438 726937 766865 792040 779793 704630 753608 751999 726644 700738 707542 726988 771758 686676 725769 740030 716595 700802 698805 703729 729355 782415 681723 688437 736934 710443 749591 724761 747175 745929 737091 761837 724113 714374 751535 747809 663278 785303 718942 726076 751165 723083 736265 711385 716248 733209 736706 736516 720892 721387 697617 754336 681756 730584 704345 766404 707310 737054 703418 723060 722723 749367 758956 691865 732975 723154 730455 729919 695364 735174 703968 727194 745996 750380 752489 708995 736159 698940 702929 696126 710535 731969 720801 761672 733350 766855 701110 720616 717848 749912 685073 770539 742313 719548 729668 764217 814972 717381 782758 722050 740666 744580 797081 741499 779075 701763 762389 724184 707842 734473 697553 745796 691150 709900 738184 766374 735944 700750 719909 696108 668193 743389 775450 721371 690226 777649 751964 719649 729683 762368 742448 711246 706315 721103 735319 725913 698356 725369 725947 706963 724555 719016 734271 732127 741585 769010 705694 740486 728185 716003 760263 709251 746684 725704 754510 698053 745718 709942 751637 734736 732862 695064 749938 682240 754574 723032 724440 730207 710345 764065 691369 737616 725691 742586 716399 733023 769768 783102 707487 727255 713887 724367 725381 708608 697821 717374 692754 726421 729999 718341 714865 673932 696131 703330 740523 728734 779722 710446 714709 724022 712164 800827 704517 727784 732823 722951 
706441 777796 798275 844006 796100 799197 768817 751391 808681 821341 731214 754465 779304 774998 746911 823251 806696 792763 875693 768864 777623 780050 805024 768045 786078 768956 767545 745660 808750 801953 784911 716265 872553 800484 751544 754205 756450 719993 775582 819208 763893 750294 812356 768807 747032 801206 785520 827856 784660 737666 787561 775573 781186 754270 842620 767769 768016 822531 784093 817987 802669 819665 757829 786030 773171 807763 732519 795886 781660 812619 765651 756745 783794 768366 785602 763080 771047 786281 768256 767671 763926 740761 746160 804854 772868 767744 757757 762902 780964 843377 850087 789633 807568 789981 763178 783015 837083 816997 863971 782995 805362 786340 767316 767573 774103 772277 814138 741851 767474 795655 767915 753573 766737 766574 774469 834051 746018 766390 814716 740703 796076 832719 785902 812894 791034 838295 776500 796620 808661 752758 709353 830539 803031 767414 821478 797099 798495 775248 758569 793483 827533 773499 791365 797513 755235 824023 752174 771791 758856 794958 733790 769111 752603 777405 805383 807200 764995 755988 784868 756002 800172 797295 752740 780956 760046 754103 817775 785007 797771 778051 778960 743129 753203 739617 779597 804483 755888 816122 763800 818150 753592 783119 756710 832863 764237 860156 781321 821798 781210 797404 882687 779022 842045 794526 804712 815506 806593 805646 829139 743777 807935 764397 730631 810838 741522 796829 762771 756004 785858 849974 787554 771751 783444 744485 770174 771925 844850 775534 739324 847854 817739 778907 773876 810430 767388 738424 776504 779539 779601 783343 752596 784422 764419 750434 769784 769160 758544 788338 808273 788048 762761 796535 770888 744786 793307 781444 796465 787835 804971 755666 804699 762798 800080 762678 793451 758322 764381 745683 819392 777101 779839 769283 766837 804368 764630 817818 774958 789026 769914 761488 835484 795815 811360 815280 774798 802637 808470 769353 770071 768411 749502 764770 802105 767972 783119 730904 793995 745602 795726 794838 808383 775559 776508 753931 785210 862345 760117 786885 756159 747934 
658843 709054 752628 795978 736674 723590 699740 720886 743578 747939 718834 691788 737337 718572 702604 751371 756670 754711 787697 727815 733989 744738 728036 692717 739068 715729 721692 725409 716764 742725 722005 693063 795528 718053 712978 691874 692379 685386 750492 782973 742191 697093 760629 718325 659681 734141 709219 771810 695141 705224 712045 705017 723048 703753 765217 690233 695505 736379 711176 760191 690491 721945 741047 722060 692950 757211 678463 738266 704666 735496 710652 726188 739685 726954 716829 717929 713217 721260 725874 698464 705259 690948 706245 703416 726434 710965 711264 716216 738031 799254 778295 715425 698879 759505 699171 727303 775880 782193 759521 709633 738626 730423 716307 706029 726935 735757 755336 682598 716079 744432 712437 700175 710900 686772 706676 764803 696605 684299 755988 708364 750436 744055 739784 729254 699466 791949 708711 722317 763169 727990 668978 752798 725518 721943 741110 710102 719198 710084 711675 734427 740867 719205 712829 716749 708751 732387 677301 697913 721512 730697 703058 732155 730656 706403 730167 726239 719444 692672 728757 724162 709778 744410 707115 746644 705739 701516 743772 738852 760704 714785 731747 716651 678381 659226 742772 749608 716691 755683 759790 772426 662063 740739 703859 760359 709332 777781 744812 774595 733854 779352 793471 702251 780477 726543 709503 753347 771342 767070 740536 711704 739988 737601 681984 748104 717261 737285 702265 683641 774751 767671 715493 701830 725780 677924 684653 725868 771244 741050 689615 800245 736233 721768 708506 740786 730646 685316 714201 725358 741802 731726 685929 758459 715774 702049 727621 720094 721134 732781 721248 733617 710854 723290 739829 712782 713665 703170 722865 686277 752745 700030 752223 713679 725746 714835 725991 696160 708143 692695 749449 734682 716806 747889 687577 752217 693489 759138 756480 725716 714033 736480 752173 747723 707222 730917 713510 754876 712885 707230 722262 731596 733770 714228 743148 692061 705493 681467 726508 671678 744912 717044 776573 720811 727612 697583 744406 757629 744698 704608 706352 696078 
696374 734804 760287 801897 763637 787846 701578 732833 778743 752972 734972 692589 741316 766286 760350 782926 786298 773780 814189 743919 772624 770504 766488 754840 753785 741283 707361 742714 749874 776552 762010 714542 848342 763414 753825 758100 717341 687180 755454 787478 728495 711992 798085 765458 735620 764580 748680 784493 744963 698223 727940 766965 761762 749501 763567 724486 725377 729373 739985 751548 743166 781381 743022 746598 735308 774439 681361 751812 750715 755842 702498 731856 791517 728771 752336 719049 692167 729419 731770 731329 687474 716618 755335 720657 746553 738332 748872 725731 743909 784928 822790 772157 748816 789167 734125 756489 796853 783561 787265 741903 769459 772463 749433 722567 725043 725900 793694 701828 697316 731764 725977 708425 767942 733929 714489 801364 708416 725621 751227 754419 738007 769607 756081 780007 748425 795672 752859 724240 761608 748872 654767 808483 736474 721510 749818 771053 758529 750175 739154 756732 750999 780770 694552 716283 727522 781716 738863 732721 745198 799885 720375 744222 748439 747538 724257 732230 763418 716259 752134 758776 726277 746163 736295 775442 714411 726055 766657 783683 783158 740328 759522 737654 681944 705342 769947 776369 732578 774904 764823 809441 727009 727413 733463 799070 752094 793599 772982 789435 721942 819693 850509 757037 796669 766963 742401 773485 785453 782777 787219 702769 767478 729888 697144 770687 739635 758857 735665 718691 774178 782839 770434 740319 730986 717748 703436 754546 787351 740712 697768 791266 759874 780126 739212 751717 742333 715120 755854 767765 757285 764893 716107 772224 767309 745227 749174 781622 754685 749086 764733 767163 739194 753630 715919 730146 792008 763944 775221 740970 761551 720803 771272 778731 746822 718741 778317 709300 763876 709709 764133 732471 732299 756079 719000 800061 719904 781815 715073 763597 736268 748602 810609 765562 738394 765579 772923 764401 760785 758884 725010 743116 717351 753171 784082 746988 726814 706736 717327 719619 777098 771564 756267 767440 745359 736424 747525 810321 763851 742790 739798 728571 
688002 779950 710636 835193 767741 754973 729130 745131 782737 771115 705231 720275 755400 774839 732073 783049 773731 779380 826906 751987 761767 748943 754315 747121 734783 741185 721636 763303 763890 769679 761005 694281 841237 781852 739969 749129 729317 744302 766861 774336 741138 705800 780452 758864 753016 766535 746658 796612 751008 726328 721311 737944 773858 724803 782428 731733 746119 767065 752760 779000 750172 778804 726109 800269 719991 812483 709994 771834 739911 774535 748035 750623 743394 734473 754296 749795 718252 734592 714939 725142 713295 728129 750058 767260 778060 755888 717973 716423 765157 798961 792627 740810 805694 778982 729615 744567 804975 792583 787159 739000 755152 790430 758312 726801 741832 724516 803086 738832 739871 769667 768571 717205 751365 767548 765349 776125 708549 727373 772084 730633 760948 780478 780060 776988 752862 792901 759446 734814 755901 779110 679500 782118 776705 704440 766023 762771 789532 753653 747091 744489 765762 758867 760687 729668 713764 772995 717590 738693 756228 811133 701965 770615 730958 760654 741361 782071 753794 737717 765419 750571 740673 768452 704718 775556 721555 741867 760977 765062 768498 742809 750778 739765 712491 740572 743781 763557 714007 780913 749998 803503 735920 741124 723033 790128 721834 812757 753037 761008 730987 778292 829017 750501 809345 761136 805123 741359 779430 745708 820169 709916 797833 730063 713253 757907 750675 742918 749110 728215 771989 810134 766348 716365 758749 695185 715089 750169 799801 746462 714513 828310 783257 733568 748182 777366 741769 749570 741813 719760 749814 754349 772817 771495 730161 745243 768125 790182 761030 773128 767864 794748 742175 758808 714136 728493 789771 755162 783835 730417 803713 713240 792588 765936 765139 720912 780680 712307 782923 712446 787030 743835 723543 768877 741088 796687 723178 821845 746947 757086 742976 769851 799939 759937 770217 792492 761264 745003 771688 740467 719188 782990 736108 749245 784596 748756 761472 695984 743331 717780 760599 762296 767009 745483 740535 748542 739182 841309 729999 759248 751910 742686 
702011 771902 754797 853266 807181 762989 736484 758694 773728 790911 732734 725895 775030 774626 760138 777514 796709 798052 824234 753567 782958 796084 787866 740239 760395 752484 766699 768626 769010 796712 800059 698520 831969 778973 747959 761682 728056 756944 781241 825733 747266 737481 818850 760608 731873 795315 756591 796905 761161 741593 757299 761303 797303 759160 799987 754010 755124 758403 768663 779140 750498 812293 784869 761159 763291 823947 720397 782440 761138 766260 778269 757411 816526 754672 763029 724030 750168 753457 782958 747208 724016 751527 755784 782730 748787 759066 748794 755069 764568 814222 838581 776101 783267 782594 785007 800005 823349 805579 827481 771167 797716 756667 770327 721800 746835 777773 773262 775259 769210 764481 771970 754119 759101 753590 758157 821849 739431 725412 784592 730073 772669 790947 785138 774349 773404 820320 728743 791672 787101 746010 683016 823082 759380 737358 796187 750649 771967 773589 760413 742539 765751 782507 777567 786001 745724 797351 733035 785420 771319 748244 737223 783596 722342 750741 753299 784300 773555 725679 778416 751579 788970 777816 735610 778863 755890 762949 800055 778920 792716 783061 797646 739396 697042 758165 796463 759961 785475 811011 795521 806776 743961 751925 777429 804041 740122 822093 793518 777827 734337 807025 817870 763186 846785 741162 778774 764732 846456 797698 796710 743495 799750 750447 735333 801787 736418 768087 759608 749990 785893 833208 771984 766847 776497 767029 716536 759608 814050 762727 727021 853411 798911 774554 724563 790976 747094 745259 760826 805109 783955 770399 751917 791158 781974 734002 781809 773241 767840 795299 784252 794204 789873 790975 776422 762373 789598 765736 794437 760625 802640 752405 791401 779307 782322 764915 801845 750751 791848 707894 775223 778304 751295 798360 742755 820415 758261 820177 781359 776469 736003 784144 817838 796303 790970 801435 771939 789414 780357 733097 763706 775650 743783 763655 791642 761841 776449 720842 749353 746159 789590 773117 839296 759744 740910 741831 745409 850068 758852 780854 753193 765085 
701603 726100 727414 806517 765309 724201 704997 754698 775706 764898 700596 689052 750760 743864 715421 765060 765937 790888 816273 718397 767907 750132 741538 745090 741686 737386 747124 745444 744153 779725 759603 704168 804939 756371 732217 730394 713936 718877 733792 787989 722552 705539 765930 733258 704408 768569 735221 772172 745983 723686 697593 742605 736370 753741 757752 729233 738784 769888 766684 770645 715067 769237 718669 712777 725489 765955 700720 747792 721747 775308 718080 744930 775625 732125 756317 723273 719097 721432 736562 718978 687897 735351 700687 722297 745068 749654 759924 724426 730417 782686 808631 740376 751033 774841 681991 757086 786095 815040 781501 737790 747012 755608 727969 716301 750892 748160 769754 726548 744465 764133 734720 719029 696771 717031 739365 785642 692686 714558 748788 708498 761899 781518 757030 750973 718967 784980 762607 765479 794082 762295 683725 777269 765289 732596 762268 716019 759455 750123 719354 772912 779676 748262 719597 738708 695754 773138 711823 738914 695027 748940 721520 754512 724276 726233 735896 745170 744507 703004 755935 725358 745024 760081 707139 761146 736559 729753 721633 731059 774644 735574 731318 736713 702599 729885 736331 752913 714541 777050 762115 789316 699395 725576 734305 772127 737094 772788 734616 750807 712530 787560 812156 725285 781499 743121 729333 749755 815185 763699 762593 718496 761488 735362 700880 795152 702219 741888 718531 690151 774999 794188 748274 740104 709209 699955 715612 772341 792397 742685 707501 843058 766931 749552 735394 744253 756662 718135 741198 770046 725338 771291 711059 766166 718559 736734 757422 768547 754827 756864 756233 767931 704686 747028 743211 746348 755239 734715 749755 719625 765525 723185 766628 748581 766241 735471 745239 729322 732381 710126 756117 704286 745649 721465 716458 777975 725541 792242 718861 730082 708257 756606 795056 730975 761024 752137 741359 744981 744125 703950 710200 759430 715531 743433 745609 719228 727730 696192 736556 703037 781031 730930 758159 739463 733450 728678 716535 775821 753910 727537 715716 744225 
660835 755735 730988 803571 753526 709708 690624 727838 751257 750833 689038 666354 730258 709568 708424 790898 734642 755461 790467 728889 749424 764360 713117 736388 719291 730240 741660 715129 730312 764346 742433 702535 811817 740989 716380 703034 688066 688209 741958 760161 714758 700748 751701 756829 724288 731407 717635 752416 713479 690250 724646 730530 729116 737704 767843 697475 727086 732806 758799 729481 753208 776053 715196 723649 715418 733910 699357 740327 725823 740606 711504 694449 741899 743223 730388 722137 728062 720132 740813 734136 699732 708678 713949 706464 709559 741720 718399 692190 727645 768722 803954 728900 735260 746451 732153 732129 759512 760162 778629 716695 759392 727435 716753 687823 731615 728964 795861 708821 709593 719668 702760 700711 746558 718261 730624 769897 691540 723279 753791 744705 746561 773856 757212 755914 709572 792050 708660 736237 750758 746294 658496 762605 763602 724582 773790 753099 752595 720322 719498 733973 740456 761975 752324 703759 706293 758941 689330 737007 718840 739160 703390 757321 731673 713389 732876 732862 748015 721884 719905 717244 737649 745936 687359 770117 715483 693465 721075 746267 769765 709361 761783 702107 681355 715287 726752 718480 700472 752732 733326 757438 698457 728601 701640 775249 706681 775156 745155 748272 724866 749517 819078 711322 769390 715778 723177 730679 783141 740549 760566 713863 747941 686903 684715 772886 723722 731589 699496 704498 754273 788300 751589 746757 733635 704960 684976 726210 808324 713856 668994 788685 748671 742118 749178 719749 723385 687838 739202 702246 728369 733253 704932 719586 719648 711403 698962 723605 749289 735765 767230 762543 721505 742476 697972 715460 746927 696919 738617 708433 734739 692858 730785 750558 718958 732201 745223 707558 699619 680251 727682 699564 746938 729825 723266 750738 710857 725207 702981 705794 681697 754038 787433 771201 742012 765699 736034 722511 721754 709495 712836 715149 688835 732172 745860 714313 706033 705995 680191 717922 746571 730172 742276 740149 743586 698020 707370 784061 715620 718721 722834 701881 
641643 695900 707203 775089 745064 681182 679140 709642 746468 723979 701195 678345 685587 694239 662464 753123 740563 728775 769071 697108 683979 697512 722595 702772 672454 684365 693871 727565 690312 728346 721190 678868 774242 737135 690715 687999 665362 671742 711340 738975 697342 686270 709262 692434 654387 735070 688930 722940 708959 678174 698770 692552 712218 702674 748504 690197 711147 736618 745407 708882 703684 703935 723393 737032 683963 743799 654707 703682 692266 737683 693455 675402 721836 697199 696825 704497 683526 686326 694946 687262 658757 727059 668113 689067 713722 683299 680610 691225 713345 754681 781519 704081 749367 724990 703343 719759 723668 721233 733905 705109 704283 722996 718001 687760 697093 714683 749311 662596 696713 727306 720142 681823 699994 666587 710701 763730 665934 705365 738113 663447 739746 748845 719060 736071 711591 756592 716882 707803 739643 728636 636843 769268 748948 687572 726266 699097 704220 701182 684517 697773 701648 703517 710286 676521 702491 726856 692801 690743 668263 734462 681791 727202 667386 703116 729934 718688 716813 707096 722970 708148 734053 707960 682312 714651 686367 675597 687092 713273 739185 681811 730777 685455 652476 681089 697531 737347 682366 721547 722371 745992 663887 715398 681720 756863 710796 750761 737986 720761 688405 738306 805676 723969 734964 715926 698126 724066 760296 721139 751074 674962 719334 718939 676049 700624 702445 692808 714598 671316 742956 758787 727154 715450 706154 667952 688545 726804 740779 700613 680390 788559 724018 712804 697189 735283 690715 695146 707814 726140 696970 712701 668379 709607 708303 682115 713795 729803 684125 719952 734032 731069 691639 701228 724829 684081 723448 707458 756721 698432 726789 652587 721654 727040 732785 690574 718660 690229 694490 675347 697468 697290 697188 734912 677856 736696 691527 737960 709975 701778 705488 715429 750323 704425 735841 721423 725663 729033 718957 693537 708863 704087 701395 692529 757834 660540 684380 679032 715089 684413 731571 703228 745418 671865 695277 690692 699551 798258 692066 714976 698729 683766 
652647 701461 730050 804417 757468 707362 679570 698623 750548 732467 680565 649954 723557 725714 693619 759216 746952 746906 755010 692014 745423 732846 725052 716165 696714 727912 713398 716457 698305 762839 714700 664821 812184 736890 697637 685484 682933 682309 710495 733636 724597 694241 763918 724112 672507 727887 720687 758003 717510 658157 714595 721603 731440 706015 725412 701029 707472 753606 710045 730863 703106 753269 675116 708267 694848 734315 690694 712952 718487 721304 696597 722632 748307 679239 695465 687754 708758 702579 697387 693719 691152 689875 703537 743955 705524 724960 726662 715175 687629 752642 774602 716773 729173 716245 691981 727452 746689 769428 751072 720145 734747 723449 717623 672948 717432 711848 757796 691632 667689 710572 701413 686116 700290 686161 705277 784829 649162 657423 731271 685539 737135 754235 727033 760111 727731 796254 673628 706662 734038 730923 648770 774365 714025 715772 720215 721456 728905 745023 724754 694468 730830 736510 698112 717678 704906 722533 687230 699002 723053 762961 689225 731212 698192 697541 692407 719381 727137 686269 731826 695126 720012 745041 666665 727607 680916 709688 713987 738078 723352 706081 731835 706502 675657 679987 738258 722711 684015 748251 726494 727018 678866 696836 696683 736660 703538 739973 735990 738027 680828 751665 783552 721420 753556 726033 710735 732148 758027 741450 758227 699930 734502 684763 648176 727012 686998 713077 696299 688082 719305 756303 749125 705007 721426 695991 713133 720534 745717 687908 669151 776239 730641 755616 670402 725236 703269 696116 707125 722326 704824 744786 699719 748210 680026 685776 706089 723045 719592 742401 722569 752763 672690 714355 746675 714153 720470 711009 731039 694573 730507 695520 729801 734763 774774 706105 748267 717393 710274 679439 732851 742100 722752 713289 686641 749973 709083 773694 706120 710854 685399 718744 760186 717909 720995 773587 718517 715187 712754 722491 697867 726300 694579 720806 722830 711118 693660 666960 720678 688610 747024 717575 751905 716615 709285 701905 699229 783226 688253 736791 693453 718818 
679574 712287 733833 800599 753636 726251 706552 727191 740103 765650 711938 678681 744120 720100 710433 766911 755503 778340 810856 732543 749051 740905 735952 733706 754701 752562 742299 707002 711422 780531 758362 694384 787104 766976 726780 729989 701482 693947 745749 765922 742062 728323 786810 723961 710312 749934 725656 758104 735016 716938 750312 773306 748463 712735 752777 711610 752552 760272 731713 751637 729157 737248 717662 741325 705737 730617 687987 751669 714612 770228 727177 742713 762371 700985 733722 717404 723610 699305 711929 714518 717493 726957 734628 748095 719426 752222 706215 703690 741804 799572 827278 747133 764173 753732 728010 732275 799197 782970 779595 725647 766227 752508 758678 684208 711752 745274 787608 707648 696362 730872 721315 706291 739598 710449 711358 778340 717970 708483 774089 723777 747179 786281 771780 749547 754436 789145 718331 769565 752599 755579 671826 760396 744123 715690 771981 707290 740020 747007 725733 710991 775529 739122 756538 719689 722961 740271 719644 740096 742617 775394 710940 710257 715545 695336 728991 710411 723203 721901 717318 747763 744477 750294 706019 748664 721544 732454 736267 727715 773760 721013 768738 688256 666730 689442 758609 766610 739978 776190 747775 777486 695832 725652 724945 792834 714547 775418 763982 774578 713737 770109 819278 737227 767977 736556 713045 752683 777984 754657 748058 697816 752582 724168 705368 774089 733640 714351 709444 684990 733150 780267 759696 733984 731169 711746 723200 742667 756743 741098 698514 766281 756171 758177 739253 771066 701781 707725 718751 715744 733310 736034 686589 762152 706056 694508 726504 727969 738927 752785 775840 754325 726726 745508 743366 712138 752470 695020 776832 716279 767883 717836 786630 756555 738080 694988 779996 724932 726601 692718 743192 734672 741728 744222 739770 775442 732447 766060 700277 736952 714236 764278 758576 786575 746784 752670 761210 725988 730538 721617 716749 743099 751602 706986 745100 713563 738131 713380 746932 684091 788332 746734 778907 747490 743371 687477 733983 815440 745590 734767 741024 732961 
717161 742981 792364 830876 788085 721522 713997 766752 777518 763685 719932 706030 760727 736889 726529 749678 740470 809673 809419 757465 753964 769479 750435 761490 742437 755685 751303 750860 740958 789089 766980 691590 840280 756179 724387 734358 733765 708249 727498 788083 745265 699638 776440 718474 706947 742990 737195 790760 720511 709360 706560 737734 751736 742420 784548 755071 722148 773886 755409 789459 739717 755519 735039 780452 727934 802562 686457 751513 723355 769824 747550 742918 752759 743079 746486 756681 723221 742079 735573 713313 731192 710986 741865 764049 769286 728463 744546 733936 743505 807445 819671 743695 742251 768151 728910 750450 778093 780770 770767 739862 785243 774829 767736 746709 771975 751000 808138 717782 708570 776247 748428 743038 742535 744493 759493 803479 708478 717739 773458 705857 746768 764178 758036 750094 753374 805917 746019 755154 778928 772293 680228 804632 753997 729428 747103 763192 766094 763104 728109 756984 759712 750798 725759 732173 704041 778682 683509 785640 743738 780271 716031 773261 710139 733211 738618 735098 764153 719311 736770 733578 749970 763915 714034 747178 712688 743007 754905 779097 751295 728046 758841 717884 702886 714365 753972 764484 751812 775061 741515 782568 742275 712831 709745 817181 737790 806107 781109 772623 702706 756615 834493 748279 808017 739931 778642 745321 768354 760758 792703 717011 791153 740911 720322 776842 734994 743909 749880 716505 773154 790910 735331 755494 741687 719998 709900 741459 800676 744264 692313 820171 773169 737233 742248 759968 729597 711723 752545 767271 737878 788834 703262 745273 722671 708251 750036 760937 737984 741880 787069 774316 743143 747706 743738 754929 760348 742205 789126 731986 788957 699699 772818 774399 773492 736956 763705 703203 744517 722680 773191 756717 742767 759193 715052 809144 726751 774630 749523 739918 743158 759607 797594 756684 749370 774391 759989 771324 762917 718972 737416 742712 724093 739800 788725 703983 734308 693617 740002 733076 782204 757730 790829 747916 719132 735593 717241 847875 708922 762142 746304 735001 
639834 735233 728499 795680 762999 727165 687928 733018 742945 761500 677877 675714 711237 718178 687671 767956 717542 758388 782126 742123 716330 752858 708483 724967 701728 717861 702677 711899 736777 759154 741990 666245 816527 738775 699162 711810 707106 690417 729510 748776 691211 706332 748018 707195 736208 723713 738437 759925 736696 698579 713644 716128 715928 707607 750075 709894 706889 753794 731918 706964 706202 742393 709359 740615 705110 749070 673413 725997 714352 738908 698458 687898 724159 721202 743158 715066 695894 724554 708892 683585 684982 722922 700028 718204 729703 725091 717901 699559 699108 774039 814012 717951 740753 726402 698997 721593 768526 735962 732581 711590 735535 722373 696749 694003 731831 723542 763598 683607 704278 725707 714871 708052 711583 721154 684471 752158 683362 690477 747028 708539 731082 773946 732614 717715 725034 784506 722007 732651 758878 737885 652647 778569 743840 693994 716046 707967 748005 723495 726348 722990 736515 725326 725536 697702 700469 743768 697546 733739 699431 751174 716306 722669 721383 708881 726328 696622 741875 701061 696423 674167 725726 711545 712802 716355 709032 666950 730241 740569 748362 712181 731221 721834 649281 691556 707730 709111 712013 773942 701951 773980 689698 680818 692500 753394 691964 756376 745051 750444 714704 742794 806120 735524 747661 719023 732083 742205 768987 735358 739242 722537 748133 701272 697227 747007 698673 710830 714380 670163 757682 772824 736756 719581 723823 682808 693937 718355 753890 706161 700041 770359 735909 736922 713565 709548 723778 694884 710947 725932 713856 727005 687534 722301 698752 701464 702080 716649 727549 738810 735182 743954 695822 725724 702044 727499 727805 700060 737121 700380 740441 671733 735770 726995 734725 697871 753870 688880 704669 680709 739716 720689 719167 729022 673530 749554 685483 747672 724862 695376 690632 700135 780640 754868 732030 762398 729763 740178 735392 715807 707580 727330 722370 700807 732827 714714 725681 673789 713890 698878 733450 739254 751437 720528 685959 679068 706821 805294 713542 711482 724845 704585 
698160 721491 730228 807827 786781 697982 666151 724921 761592 741226 709632 679448 726886 720098 723771 761414 749369 750171 755059 729116 741411 765523 749056 725735 712489 719356 722037 714292 725088 746204 737885 711898 799811 724737 683950 708680 715347 653375 735607 748715 729358 683298 784053 717898 705184 722901 716066 756985 753695 717844 717797 727527 759958 728391 770451 685536 730084 743027 729064 745674 741749 728327 702576 726284 713016 758135 675099 727758 707921 753228 708823 721973 729920 710939 725654 703591 705462 708897 707635 680580 707542 691438 718472 713582 737409 724955 728545 723443 715147 776090 755848 715185 742676 763973 735231 734303 767363 736516 749878 730060 771650 742829 738422 696500 716501 719290 752347 707314 732559 750440 707752 726051 725642 717078 719544 822716 686253 696182 747299 705554 735539 762744 753489 760390 707863 776939 722668 741690 754383 724272 650898 772405 734326 723576 755488 723549 713809 761075 728479 717287 752344 718914 719016 748515 704331 745899 714423 756932 726852 742597 705328 710634 714650 711669 723884 750549 730527 714205 735915 719902 727284 732693 689774 746457 705895 699331 726491 736916 754699 700620 729003 703301 684828 719636 721582 752948 737851 759370 746527 741607 705903 711399 706377 788322 693746 757315 729891 761733 715997 749474 828654 728757 786912 702010 744065 739664 744554 751176 774769 678563 754124 719663 699054 752065 714290 716322 719671 700425 714043 766146 733158 708355 722196 714639 679762 727687 785322 736106 694408 819532 743048 739173 739963 744714 745999 686515 712987 769487 746384 753792 703361 728221 736116 690581 742959 744741 725593 724449 735648 749917 690502 738791 729489 713680 734006 735105 746536 728089 741423 702584 724524 737941 748122 705943 750115 721916 736659 721476 755152 713037 726499 748096 705203 767755 729316 773806 705949 734962 699662 717941 771821 725079 731269 743481 735048 751034 731927 717122 693505 704734 724251 728420 764438 717290 714862 694068 719643 700490 759805 738250 757981 721777 713981 697670 729377 795977 684566 738703 740662 715593 
700374 733706 733580 818085 746559 730297 693060 754176 777744 758189 718391 691570 752367 747530 728623 768287 774641 774399 803762 716774 753323 784574 734247 719200 744339 755622 726287 727863 739721 787422 753474 690957 795169 765852 723460 718174 700703 683623 745947 765581 734088 698333 777931 721724 690558 755604 730832 748299 734595 698184 723478 734148 747942 747899 759905 726671 735574 763599 732227 735465 716731 734806 740770 753859 706671 793323 693650 746186 701206 779213 716939 740831 748159 732277 750875 738159 708236 723875 746592 723749 696008 696891 725719 742168 730537 729656 728153 704420 738824 791397 798292 753791 757741 752055 723618 745686 777303 802876 759527 724794 763562 737968 735129 714189 729889 733721 776842 702260 712255 756303 709767 722119 734208 719818 726481 764122 714144 714328 727997 705994 747573 748298 750817 770675 734142 790627 744991 729640 752221 722573 657954 787918 752117 704357 740968 722020 765019 725349 719777 713862 762495 728736 738649 715765 681963 775361 691768 742351 716463 757868 697663 768299 708758 757415 736917 748680 752509 721038 745322 706650 718553 739701 715348 747665 736235 727626 726723 729772 748674 758110 763402 715575 678668 702507 757152 746327 740402 759558 753307 767705 705291 712663 720809 791397 717038 765740 755423 748680 733553 763596 802994 708132 808056 736028 721241 740350 780195 767449 784890 695940 786107 701504 715749 761215 731175 736098 721505 700078 760469 774180 755732 723134 724685 716346 696795 738325 784726 715960 703739 797295 765614 729719 736168 750657 737621 691596 731447 769745 758162 788197 689880 761642 755255 748988 738299 748120 743036 766714 760654 763368 707385 733085 727200 740077 737436 728004 721580 738200 757271 697402 764048 751256 754980 733883 732345 712750 754599 705568 743463 726470 747436 734185 698220 770731 733598 788107 749631 742676 716659 729834 776676 733387 735532 769145 740049 735438 747340 705951 749585 717099 712369 734719 771248 740861 719052 697536 722863 715669 783071 733871 741669 693052 704089 721788 712540 792553 736416 726190 718035 696304 
676145 748274 736831 811218 775993 707394 706046 708516 741001 760306 673563 684067 734874 738606 725174 751412 734412 755085 813635 741731 758195 775779 699336 726630 740588 728250 746326 746321 736783 751030 752042 661148 807020 728548 721478 746938 733867 690855 780122 784156 729457 675486 757550 728431 726028 717110 741882 760479 719642 719668 720540 741559 750755 715714 770465 730336 719710 726667 727883 753841 690397 764845 742554 730711 714062 782487 678206 741811 718678 758084 699606 682058 719056 729151 749959 726513 690705 764425 729685 694057 695728 719826 726729 726912 737997 734783 712888 709725 740031 768804 802662 759425 757176 716628 743286 719567 762513 786737 770902 720016 764759 730156 759480 718847 775684 754774 773359 714896 691449 742518 739900 711961 710468 725169 719463 800293 705310 706724 721698 695957 740382 781166 742255 752099 717268 790107 716579 734399 749583 714262 687089 789036 719500 705428 756916 742981 760881 715737 730647 731972 727734 744400 712744 720250 725328 755569 711867 739180 702551 750150 702140 726993 692068 727128 752050 742585 756264 731836 715929 720661 737636 741396 734389 751381 684507 698382 748108 739814 761630 729510 779183 724458 678445 715687 763221 729669 748635 753954 727024 777555 711792 695342 705477 789049 715600 806884 759798 740477 704822 762562 819391 694460 760719 732666 744537 736141 773531 760554 751969 692356 765140 743540 720324 764604 720506 710401 683696 679232 756589 827635 749145 742715 716718 695508 704476 730043 790533 747493 713887 770179 766467 775753 735769 741338 737990 699121 718846 734186 756745 751399 718993 758650 710503 723390 737550 727742 737642 750797 759710 769571 716317 722754 705909 715060 747338 736841 757730 711852 756353 704619 755156 751544 746890 726468 738060 695008 731991 701192 771427 729277 726427 743079 705751 741370 729865 771204 724949 723659 726450 768940 778387 747087 709392 781967 761824 739432 746135 712241 727791 719531 716377 749850 765283 718180 691505 668761 729771 705399 741638 728893 785361 725447 735169 714873 705010 810393 723272 725853 735586 710357 
689026 738090 756959 793910 785464 721620 696952 718221 772325 772973 699563 694062 727421 719098 714698 755055 747162 777746 786038 747200 735897 771558 753544 729460 710310 742462 768517 734091 753361 766099 791400 670620 829145 742569 698784 695230 723580 699920 753842 763908 730722 706061 776641 733380 709533 748562 719908 776732 733478 729277 740768 731418 750806 726548 756184 700244 731142 725455 735778 747768 744854 773014 740995 740332 743405 801212 659897 732600 699113 760884 737718 719601 749066 742814 712858 724467 703929 734742 730641 735818 713030 728571 735189 735314 748580 732348 717461 732677 741135 777577 797490 743625 751094 754951 743655 739113 783480 785313 779258 722409 746564 730908 745287 713651 720800 711347 782775 710218 690153 720699 724719 715530 737000 737895 729919 780648 706542 687037 756034 719660 762666 774186 761910 758847 747080 810818 735126 734108 745395 753775 684586 810995 773907 697771 773096 758723 750757 748981 712909 745826 744927 760814 742734 727254 688271 760789 724560 725866 700926 762234 715665 749533 715835 742120 725629 763438 732379 738047 729911 725131 728299 751577 716229 758303 716345 711316 730628 756754 763724 737313 755892 733922 694841 716726 736702 744884 735552 771126 762987 767254 735982 710027 724086 783667 719680 812251 759241 756713 707403 770577 843332 724794 792436 711153 768168 733799 776931 770041 765254 725199 746780 713288 707208 786425 747951 717826 706936 694508 753722 801196 715850 732210 741168 710099 689364 738233 779142 730256 672567 830480 766865 723359 721304 760697 733162 697680 712920 739267 719588 727022 724366 750585 741908 716047 754367 730814 741945 754280 756538 790112 725190 744065 678831 682459 734699 711497 752246 727612 746812 701139 769888 739388 700611 713654 764687 696544 737175 707026 769977 724090 718739 751928 718447 740695 736818 782971 736409 733178 714609 743959 785435 747726 737883 773840 749322 748781 735861 740669 711267 749999 724685 720683 753123 711859 741675 677077 711438 716287 732838 744939 779571 723700 731919 722917 712564 811456 704154 738681 725333 742744 
648522 732512 747908 768216 735959 727870 704335 729684 724234 739594 683151 693405 751857 697386 719726 714105 742493 742997 791369 718337 737262 711701 722067 719254 714612 716296 698883 691507 735345 761119 707951 664286 814487 744293 718892 701252 687963 665195 695641 759094 716011 678364 765308 707317 695428 736223 710119 764713 703730 693322 721340 721962 705316 706376 755111 704345 710612 753685 749959 736785 739789 732007 723149 745942 704871 730521 672560 708786 726127 733178 707247 729697 748797 729631 721869 729203 719195 736104 702113 702953 666020 702457 721999 703279 739167 712528 707690 686948 733344 754213 777339 712406 718049 732505 723108 729235 777383 752712 770930 704452 770990 742204 709791 678719 719003 707728 764866 680092 694251 725138 753784 718090 698762 690858 718098 780198 697321 686822 739027 705152 750895 769492 735770 729486 719937 776808 693487 740551 760702 740957 666395 773946 711879 703514 760429 690528 717276 719428 698351 710763 772106 718022 719107 716842 691914 721350 706785 712906 724132 748139 672285 727953 706826 726643 724487 717875 740581 699702 699872 728260 734350 740390 680419 714570 711987 723833 742285 729142 735187 724268 725727 713350 691743 694842 713667 724600 700375 759083 754448 756008 679907 706595 684862 755386 680613 785383 741529 764614 718179 756897 803587 747637 768341 697994 736562 749445 768969 752557 742746 666085 744542 702333 709798 736519 692905 735631 716005 668763 752387 779338 723152 707550 745870 712234 710429 713144 759546 744944 699541 786663 730723 714794 702707 736221 701736 685434 718549 712653 723874 740213 688848 724373 705415 677417 720015 751771 734141 723357 724561 719124 722508 735934 698969 708962 719521 707955 741093 707891 722329 688808 729038 711539 727992 709764 760993 704377 707751 671798 728168 724150 729831 742189 693665 739107 745663 748824 740126 749021 701628 722388 762149 738991 719761 751157 724853 735863 714003 713205 687571 721904 693612 715560 731488 715438 677716 680061 734798 682408 724865 710346 768264 713531 706271 673922 706665 767072 711923 728729 713992 690065 
707839 752542 744435 816803 768988 727264 688150 725683 781534 776837 712897 699017 727431 737772 725237 770386 778609 778490 806887 748279 724437 757426 757750 715914 736279 749126 723888 735206 739020 772538 754388 705049 802917 732432 702855 704130 713586 710628 764782 738004 750352 690258 769635 740053 688755 745410 711648 760602 732938 716021 743637 734600 756863 738217 760336 715645 723663 741695 727433 763016 740401 747249 717263 763545 728463 798158 713075 730090 701129 774907 732679 721744 749220 729003 733402 744952 731754 732935 720583 722125 689918 715710 727938 725888 758159 728659 719604 700761 753614 763169 809204 755961 729901 763692 711792 735915 776453 790589 768746 740844 744115 745136 730582 701428 702526 750062 800162 691412 711679 739017 755534 702826 741086 729407 762270 772790 698206 695283 771262 725550 741290 769947 782648 747128 748801 785429 724610 727103 767830 742175 674379 789887 761225 715376 751183 774496 750788 734655 717147 729730 749721 766006 744561 706584 708133 769833 716353 756112 743617 775493 706754 749290 699182 733123 750892 756505 735158 716192 725770 714385 712150 736198 704243 756067 706688 703156 738184 790953 772106 720883 727938 705567 684739 711688 736026 736003 726342 765342 741066 768033 704313 712000 712086 776343 726920 802664 751363 777628 712623 758422 830203 740357 774994 736223 740191 768190 775011 773733 748857 729608 767864 734375 681076 780698 741826 733522 733468 723283 743593 782284 766041 715540 737245 687501 691719 708641 778882 750258 667709 796898 754977 726131 723344 760319 704732 699777 739826 759912 731560 748612 725879 734596 719724 722040 698939 731138 688493 749217 774990 765314 729023 740584 687601 707469 740892 722651 746599 725049 760717 721719 761649 739074 727032 719838 746554 704032 740974 705128 773376 712769 739658 755212 721244 771384 709343 768739 727054 738621 720126 724053 769019 743641 741323 754377 764585 733985 744740 754321 741992 729228 731980 742790 748288 707611 744783 692430 730334 699229 773163 745083 770261 724934 740899 706754 733730 799068 734372 744059 721304 730917 
709825 766401 788585 847888 802790 737484 742721 768836 783461 768697 757366 708109 755779 739388 714923 802295 808798 785297 826545 782965 742234 793960 751672 759582 766769 760170 770638 772387 755183 779668 783467 746588 853535 798900 741696 723661 744247 724666 742393 799058 754374 753698 823301 758942 745977 786734 766656 804368 757466 762689 751780 781281 791469 753346 798522 723574 742810 799474 791645 770869 750071 795636 762899 759808 755630 790569 718890 765964 779728 792132 764027 763984 793706 762639 758516 743904 744613 745672 763121 773147 719572 749919 730363 779897 775996 767955 731023 769035 780584 802932 849325 762558 809718 807912 748448 775098 804821 821919 812866 749236 782190 767041 745138 724366 722525 747005 808526 715435 743348 767432 760971 722008 751377 746249 789370 805448 728146 761541 782814 753078 774383 819738 814374 782732 767350 810447 728394 776874 781376 777484 691672 795873 775674 731928 797900 789950 755370 767739 745356 785189 780961 778643 738725 753466 740289 772518 746648 745145 734977 780033 740080 774790 733727 741251 760861 775094 772240 737804 766388 756862 765914 764537 714638 791063 745546 743712 743317 754727 775170 765590 772978 765974 725137 732379 759080 778317 775733 801060 769451 773815 744087 753409 760735 814752 724943 806362 772642 749096 721347 795037 839904 750421 817828 754187 765811 767160 795321 763974 797008 730805 759364 760532 740134 798483 739030 732464 731084 724615 785436 813501 754052 749137 788976 727175 738021 785395 812926 752535 709984 862821 767809 742588 752800 815050 765622 716354 765688 776814 741092 771685 742641 805928 742689 749752 778501 788469 755797 771029 774818 774536 760503 764374 736804 739741 790917 743684 791736 726978 805704 737086 808673 771676 797797 749008 759545 735512 757206 729073 767108 760702 719569 783495 754267 781221 763288 785985 762447 745373 757687 797501 814830 788190 779794 792752 777219 768948 774894 765204 745812 781466 737626 745515 750883 736369 759071 728211 739760 725655 772354 754425 800587 769275 783242 753356 776041 812389 728550 760435 744477 736736 
700119 753089 752085 826296 762994 741665 717806 732478 774605 768798 694485 681167 755962 730733 735361 776696 779505 778165 796717 726512 792177 753271 737019 745783 750045 757256 767443 759971 732270 761045 761787 678092 829889 763447 740885 721665 718911 708756 761523 798076 749311 715144 780109 730907 697836 776570 744721 792629 773343 731706 711564 769747 759673 712336 803588 727722 732029 756053 737059 730124 728363 766382 740524 701947 742428 785465 704519 731869 738414 779241 724939 740700 774568 730660 754630 738256 726023 736279 726502 713395 735047 733399 753445 740239 765168 743854 713447 719581 755246 795938 782558 736997 748744 769400 757525 742827 776305 773808 813424 729726 777692 774920 782692 722729 747324 751738 804018 703295 719139 762379 738795 708751 736991 691424 728433 779140 721980 698555 780668 730658 777343 753814 762426 750493 740645 787702 735541 737786 780539 757627 692001 793528 755204 724716 779668 748768 755844 755943 718578 755093 762606 731006 724845 729692 713912 772387 719773 735796 722622 758210 701170 749197 724674 728437 722280 799555 726790 743926 748910 715278 758047 725925 690210 747425 730350 735643 760853 762064 796838 744386 750904 711259 718083 714544 763892 752021 755979 769346 767867 788734 706142 717305 732981 776748 738303 813532 742052 762614 707783 762223 838935 739648 798603 742182 747402 758991 792165 744790 777724 702564 769139 747137 701285 765347 728289 716089 734651 701924 770877 785338 749593 722294 753481 693045 711137 724491 787498 754335 709317 812408 769848 752718 720517 784097 713764 712085 714778 731504 749572 758409 724698 760237 741873 694430 746055 739408 738285 780076 768573 744650 713758 752259 721224 734527 759592 703406 754342 748369 746589 724588 781243 765181 754645 733643 770687 733727 712282 723401 748083 772646 739675 767967 726966 756459 727673 811881 737323 734198 720914 765544 794938 752328 701406 754382 728577 772126 752607 722836 722905 742167 701702 736579 786180 739967 727327 692620 744424 705100 747651 724876 780997 732657 734808 719050 766599 812630 732006 762536 721090 736933 
629927 665226 710323 757475 710299 698336 648285 707223 698639 694966 683777 659777 677297 660630 672429 755747 725138 704904 717706 684666 715930 733712 692087 708903 675080 681578 667434 701194 702506 724036 708343 673765 765314 696000 681972 695275 654333 651976 707723 712789 689173 656171 736481 681069 690719 705743 684087 739116 699805 656588 679938 700893 748986 643936 741320 662416 697217 688691 720994 684059 680192 704134 714293 691617 710486 757128 641359 697246 695332 705762 689662 684190 692959 690348 691824 677581 678274 683057 683480 694807 662119 654433 678882 700846 721770 678195 698703 667853 683884 764909 737533 672277 695191 703515 680716 706927 723501 727870 715321 661927 706505 724414 699356 673128 674320 674050 762845 645258 685262 694027 694385 651948 685182 654495 693392 739079 668628 664142 715078 674924 721522 708058 686460 712802 703673 755188 705828 711076 719953 691895 603481 758441 716971 716760 726367 708459 693939 692728 709282 708698 702456 684933 704150 717128 669859 735067 658218 684020 686825 748167 684501 703553 664182 720595 685397 697135 724547 681494 704426 695058 697348 697432 669021 710763 658361 662334 722952 709676 710391 657722 702632 681182 661092 657675 738507 697617 656888 699076 702451 726692 644969 665786 685052 717658 694108 731513 721088 723679 702550 731888 778556 660180 755783 708941 706942 721731 728428 737696 738543 673180 708808 673586 686185 703497 685476 685538 662595 674382 712972 741007 717173 706433 707971 646705 652238 691776 709200 707814 641708 733401 705214 713691 686165 685260 715698 665085 712483 691515 716589 715940 669792 725773 692292 704304 664428 712149 719734 696790 700700 723310 649653 688947 687508 675726 706925 672162 689975 682546 746045 671600 727407 684085 738297 699635 701102 674062 670753 664047 733362 681412 706293 704033 681461 733023 696633 737048 681902 696592 662398 695168 760549 720929 720849 715173 697556 692805 681827 668543 668851 657918 663647 715445 722320 703017 674689 648306 686326 668582 723032 702047 741531 675605 695071 661282 681647 753229 679842 695056 714553 663935 
693696 742207 766297 842876 779255 770992 712746 750326 751283 763967 714363 736837 767916 759792 728287 768654 755451 783757 844882 740112 793752 783249 762369 721065 749104 768464 742530 757828 749607 772915 747389 705193 823599 777389 751907 748839 713511 719715 785200 796581 757414 724564 781966 759737 746348 771016 735764 792947 739020 732821 751015 765990 774026 763568 804151 750325 749906 745532 762794 759013 749654 760489 761297 764543 734992 785019 715398 768142 757304 766443 757162 733582 780701 727937 762865 739382 736825 752062 757779 719069 715532 730521 759393 761185 762451 758250 749156 725878 758223 800752 830022 768022 778529 757438 751748 795066 795785 795294 786823 758460 800703 774118 780908 728888 771902 759587 791869 711217 723147 789465 730320 732037 752012 720037 759342 828205 709340 757982 760220 720743 744608 788506 757444 786400 765694 803822 739855 743743 784834 754073 706437 815377 749730 731475 780215 741403 752258 766513 760670 740234 759393 758282 737220 742340 721712 766928 715032 742727 712653 798841 729924 755524 741804 747092 779529 759244 754284 723282 748548 771668 760230 762326 726778 778160 732803 740758 767894 760297 782010 740060 781523 734524 692477 723829 757566 775328 753008 784432 744910 810516 717754 730523 716648 791388 733437 803321 783007 776887 764095 811547 853630 744658 775296 755478 765945 767817 814578 783782 816800 715575 763219 737898 737771 777311 736242 764335 732438 736879 804636 781633 773669 754572 750118 717438 721733 743561 805489 776761 711495 799976 762841 770945 740809 777006 758384 716839 736427 771656 786614 764593 738525 780381 743083 755571 769246 757189 749090 760983 775254 770635 745799 764382 761518 741948 768231 748599 760308 729775 761257 742224 772132 776512 797944 732214 766556 698093 732563 724109 777594 767011 767568 771637 753551 790749 728740 794682 726120 766120 755674 746217 808083 761388 748269 782200 762983 777198 775144 745753 751274 741964 726614 763886 780920 744598 729164 717425 781255 721970 785993 766517 764060 765068 753247 736688 751884 798859 766302 772629 746592 735847 
